dateTime,value,discharge_m3s
10/1/1952,6,0.16990108
10/2/1952,6,0.16990108
10/3/1952,6,0.16990108
10/4/1952,6,0.16990108
10/5/1952,6,0.16990108
10/6/1952,6,0.16990108
10/7/1952,6,0.16990108
10/8/1952,6,0.16990108
10/9/1952,6,0.16990108
10/10/1952,6,0.16990108
10/11/1952,6,0.16990108
10/12/1952,6,0.16990108
10/13/1952,6,0.16990108
10/14/1952,6,0.16990108
10/15/1952,6,0.16990108
10/16/1952,6,0.16990108
10/17/1952,6,0.16990108
10/18/1952,6,0.16990108
10/19/1952,6,0.16990108
10/20/1952,6,0.16990108
10/21/1952,6,0.16990108
10/22/1952,6,0.16990108
10/23/1952,6,0.16990108
10/24/1952,6,0.16990108
10/25/1952,6,0.16990108
10/26/1952,6,0.16990108
10/27/1952,6,0.16990108
10/28/1952,6,0.16990108
10/29/1952,6,0.16990108
10/30/1952,6,0.16990108
10/31/1952,6,0.16990108
11/1/1952,4,0.113267386
11/2/1952,4,0.113267386
11/3/1952,4,0.113267386
11/4/1952,4,0.113267386
11/5/1952,3.7,0.104772332
11/6/1952,4.7,0.133089179
11/7/1952,4.4,0.124594125
11/8/1952,4.2,0.118930756
11/9/1952,4.2,0.118930756
11/10/1952,10,0.283168466
11/11/1952,20,0.566336932
11/12/1952,40,1.132673864
11/13/1952,25,0.707921165
11/14/1952,15,0.424752699
11/15/1952,10,0.283168466
11/16/1952,9,0.254851619
11/17/1952,8,0.226534773
11/18/1952,8,0.226534773
11/19/1952,20,0.566336932
11/20/1952,48,1.359208636
11/21/1952,45,1.274258097
11/22/1952,31,0.877822244
11/23/1952,20,0.566336932
11/24/1952,14,0.396435852
11/25/1952,13,0.368119006
11/26/1952,12,0.339802159
11/27/1952,11,0.311485313
11/28/1952,10,0.283168466
11/29/1952,22,0.622970625
11/30/1952,135,3.82277429
12/1/1952,73,2.067129801
12/2/1952,64,1.812278182
12/3/1952,69,1.953862415
12/4/1952,153,4.332477529
12/5/1952,394,11.15683756
12/6/1952,225,6.371290483
12/7/1952,125,3.539605824
12/8/1952,75,2.123763494
12/9/1952,112,3.171486818
12/10/1952,240,6.796043182
12/11/1952,211,5.974854631
12/12/1952,114,3.228120511
12/13/1952,75,2.123763494
12/14/1952,56,1.585743409
12/15/1952,45,1.274258097
12/16/1952,39,1.104357017
12/17/1952,32,0.906139091
12/18/1952,30,0.849505398
12/19/1952,38,1.07604017
12/20/1952,328,9.287925682
12/21/1952,306,8.664955057
12/22/1952,170,4.813863921
12/23/1952,120,3.398021591
12/24/1952,114,3.228120511
12/25/1952,496,14.04515591
12/26/1952,608,17.21664273
12/27/1952,306,8.664955057
12/28/1952,187,5.295250313
12/29/1952,144,4.077625909
12/30/1952,1130,31.99803665
12/31/1952,1890,53.51884006
1/1/1953,1010,28.60001506
1/2/1953,482,13.64872006
1/3/1953,350,9.910896307
1/4/1953,236,6.682775796
1/5/1953,178,5.040398693
1/6/1953,148,4.190893296
1/7/1953,127,3.596239517
1/8/1953,127,3.596239517
1/9/1953,142,4.020992216
1/10/1953,181,5.125349233
1/11/1953,133,3.766140597
1/12/1953,100,2.831684659
1/13/1953,79,2.237030881
1/14/1953,69,1.953862415
1/15/1953,60,1.699010796
1/16/1953,58,1.642377102
1/17/1953,106,3.001585739
1/18/1953,317,8.97644037
1/19/1953,262,7.419013807
1/20/1953,152,4.304160682
1/21/1953,110,3.114853125
1/22/1953,87,2.463565654
1/23/1953,635,17.98119759
1/24/1953,572,16.19723625
1/25/1953,277,7.843766506
1/26/1953,181,5.125349233
1/27/1953,144,4.077625909
1/28/1953,131,3.709506904
1/29/1953,137,3.879407983
1/30/1953,112,3.171486818
1/31/1953,93,2.633466733
2/1/1953,89,2.520199347
2/2/1953,163,4.615645994
2/3/1953,339,9.599410995
2/4/1953,225,6.371290483
2/5/1953,139,3.936041676
2/6/1953,142,4.020992216
2/7/1953,306,8.664955057
2/8/1953,258,7.305746421
2/9/1953,152,4.304160682
2/10/1953,110,3.114853125
2/11/1953,95,2.690100426
2/12/1953,110,3.114853125
2/13/1953,139,3.936041676
2/14/1953,369,10.44891639
2/15/1953,1160,32.84754205
2/16/1953,670,18.97228722
2/17/1953,339,9.599410995
2/18/1953,231,6.541191563
2/19/1953,220,6.22970625
2/20/1953,2860,80.98618125
2/21/1953,1710,48.42180767
2/22/1953,1680,47.57230227
2/23/1953,1010,28.60001506
2/24/1953,749,21.2093181
2/25/1953,776,21.97387296
2/26/1953,696,19.70852523
2/27/1953,526,14.89466131
2/28/1953,361,10.22238162
3/1/1953,284,8.041984432
3/2/1953,258,7.305746421
3/3/1953,222,6.286339943
3/4/1953,203,5.748319858
3/5/1953,165,4.672279688
3/6/1953,127,3.596239517
3/7/1953,108,3.058219432
3/8/1953,97,2.746734119
3/9/1953,87,2.463565654
3/10/1953,75,2.123763494
3/11/1953,81,2.293664574
3/12/1953,106,3.001585739
3/13/1953,118,3.341387898
3/14/1953,116,3.284754205
3/15/1953,991,28.06199497
3/16/1953,696,19.70852523
3/17/1953,339,9.599410995
3/18/1953,207,5.861587245
3/19/1953,167,4.728913381
3/20/1953,150,4.247526989
3/21/1953,137,3.879407983
3/22/1953,127,3.596239517
3/23/1953,927,26.24971679
3/24/1953,766,21.69070449
3/25/1953,361,10.22238162
3/26/1953,207,5.861587245
3/27/1953,150,4.247526989
3/28/1953,133,3.766140597
3/29/1953,112,3.171486818
3/30/1953,85,2.40693196
3/31/1953,71,2.010496108
4/1/1953,69,1.953862415
4/2/1953,106,3.001585739
4/3/1953,142,4.020992216
4/4/1953,112,3.171486818
4/5/1953,69,1.953862415
4/6/1953,106,3.001585739
4/7/1953,194,5.493468239
4/8/1953,156,4.417428068
4/9/1953,87,2.463565654
4/10/1953,60,1.699010796
4/11/1953,51,1.444159176
4/12/1953,131,3.709506904
4/13/1953,137,3.879407983
4/14/1953,93,2.633466733
4/15/1953,62,1.755644489
4/16/1953,112,3.171486818
4/17/1953,81,2.293664574
4/18/1953,51,1.444159176
4/19/1953,44,1.24594125
4/20/1953,50,1.41584233
4/21/1953,42,1.189307557
4/22/1953,31,0.877822244
4/23/1953,28,0.792871705
4/24/1953,29,0.821188551
4/25/1953,4060,114.9663972
4/26/1953,1820,51.5366608
4/27/1953,594,16.82020688
4/28/1953,295,8.353469745
4/29/1953,209,5.918220938
4/30/1953,275,7.787132813
5/1/1953,233,6.597825256
5/2/1953,156,4.417428068
5/3/1953,118,3.341387898
5/4/1953,108,3.058219432
5/5/1953,181,5.125349233
5/6/1953,178,5.040398693
5/7/1953,114,3.228120511
5/8/1953,73,2.067129801
5/9/1953,45,1.274258097
5/10/1953,34,0.962772784
5/11/1953,26,0.736238011
5/12/1953,24,0.679604318
5/13/1953,22,0.622970625
5/14/1953,26,0.736238011
5/15/1953,23,0.651287472
5/16/1953,22,0.622970625
5/17/1953,22,0.622970625
5/18/1953,25,0.707921165
5/19/1953,85,2.40693196
5/20/1953,120,3.398021591
5/21/1953,71,2.010496108
5/22/1953,35,0.991089631
5/23/1953,23,0.651287472
5/24/1953,16,0.453069545
5/25/1953,14,0.396435852
5/26/1953,11,0.311485313
5/27/1953,10,0.283168466
5/28/1953,9.7,0.274673412
5/29/1953,9.4,0.266178358
5/30/1953,8.7,0.246356565
5/31/1953,8.3,0.235029827
6/1/1953,7.9,0.223703088
6/2/1953,7.6,0.215208034
6/3/1953,7.2,0.203881295
6/4/1953,6.9,0.195386241
6/5/1953,6.9,0.195386241
6/6/1953,6.9,0.195386241
6/7/1953,6.5,0.184059503
6/8/1953,6.5,0.184059503
6/9/1953,6.3,0.178396134
6/10/1953,6.3,0.178396134
6/11/1953,6.5,0.184059503
6/12/1953,6.9,0.195386241
6/13/1953,6.9,0.195386241
6/14/1953,6.9,0.195386241
6/15/1953,6.5,0.184059503
6/16/1953,9.7,0.274673412
6/17/1953,9.7,0.274673412
6/18/1953,9.7,0.274673412
6/19/1953,8.7,0.246356565
6/20/1953,11,0.311485313
6/21/1953,8.3,0.235029827
6/22/1953,23,0.651287472
6/23/1953,23,0.651287472
6/24/1953,15,0.424752699
6/25/1953,20,0.566336932
6/26/1953,50,1.41584233
6/27/1953,1200,33.98021591
6/28/1953,1600,45.30695455
6/29/1953,851,24.09763645
6/30/1953,427,12.09129349
7/1/1953,233,6.597825256
7/2/1953,120,3.398021591
7/3/1953,65,1.840595028
7/4/1953,38,1.07604017
7/5/1953,25,0.707921165
7/6/1953,21,0.594653778
7/7/1953,16,0.453069545
7/8/1953,14,0.396435852
7/9/1953,14,0.396435852
7/10/1953,13,0.368119006
7/11/1953,12,0.339802159
7/12/1953,11,0.311485313
7/13/1953,11,0.311485313
7/14/1953,12,0.339802159
7/15/1953,14,0.396435852
7/16/1953,98,2.775050966
7/17/1953,225,6.371290483
7/18/1953,229,6.48455787
7/19/1953,161,4.559012301
7/20/1953,127,3.596239517
7/21/1953,552,15.63089932
7/22/1953,361,10.22238162
7/23/1953,192,5.436834546
7/24/1953,225,6.371290483
7/25/1953,203,5.748319858
7/26/1953,89,2.520199347
7/27/1953,46,1.302574943
7/28/1953,31,0.877822244
7/29/1953,48,1.359208636
7/30/1953,110,3.114853125
7/31/1953,295,8.353469745
8/1/1953,273,7.73049912
8/2/1953,148,4.190893296
8/3/1953,144,4.077625909
8/4/1953,64,1.812278182
8/5/1953,45,1.274258097
8/6/1953,25,0.707921165
8/7/1953,21,0.594653778
8/8/1953,17,0.481386392
8/9/1953,22,0.622970625
8/10/1953,28,0.792871705
8/11/1953,17,0.481386392
8/12/1953,14,0.396435852
8/13/1953,13,0.368119006
8/14/1953,13,0.368119006
8/15/1953,215,6.088122017
8/16/1953,102,2.888318352
8/17/1953,196,5.550101932
8/18/1953,108,3.058219432
8/19/1953,129,3.65287321
8/20/1953,167,4.728913381
8/21/1953,102,2.888318352
8/22/1953,295,8.353469745
8/23/1953,394,11.15683756
8/24/1953,231,6.541191563
8/25/1953,118,3.341387898
8/26/1953,75,2.123763494
8/27/1953,135,3.82277429
8/28/1953,209,5.918220938
8/29/1953,112,3.171486818
8/30/1953,515,14.58317599
8/31/1953,444,12.57267989
9/1/1953,183,5.181982926
9/2/1953,89,2.520199347
9/3/1953,51,1.444159176
9/4/1953,35,0.991089631
9/5/1953,29,0.821188551
9/6/1953,24,0.679604318
9/7/1953,22,0.622970625
9/8/1953,17,0.481386392
9/9/1953,14,0.396435852
9/10/1953,12,0.339802159
9/11/1953,11,0.311485313
9/12/1953,10,0.283168466
9/13/1953,9.7,0.274673412
9/14/1953,9.4,0.266178358
9/15/1953,9,0.254851619
9/16/1953,8.3,0.235029827
9/17/1953,8.3,0.235029827
9/18/1953,7.9,0.223703088
9/19/1953,7.9,0.223703088
9/20/1953,7.9,0.223703088
9/21/1953,7.6,0.215208034
9/22/1953,7.2,0.203881295
9/23/1953,7.2,0.203881295
9/24/1953,6.9,0.195386241
9/25/1953,6.5,0.184059503
9/26/1953,6.5,0.184059503
9/27/1953,6.3,0.178396134
9/28/1953,6.3,0.178396134
9/29/1953,6,0.16990108
9/30/1953,5.8,0.16423771
10/1/1953,5.9,0.167069395
10/2/1953,6.5,0.184059503
10/3/1953,6.5,0.184059503
10/4/1953,5.9,0.167069395
10/5/1953,5.9,0.167069395
10/6/1953,5.5,0.155742656
10/7/1953,5.5,0.155742656
10/8/1953,4.6,0.130257494
10/9/1953,4.6,0.130257494
10/10/1953,4.6,0.130257494
10/11/1953,4.6,0.130257494
10/12/1953,4.6,0.130257494
10/13/1953,4.1,0.116099071
10/14/1953,4.1,0.116099071
10/15/1953,4.1,0.116099071
10/16/1953,4.1,0.116099071
10/17/1953,3.7,0.104772332
10/18/1953,3.7,0.104772332
10/19/1953,3.3,0.093445594
10/20/1953,3.3,0.093445594
10/21/1953,3.3,0.093445594
10/22/1953,3.3,0.093445594
10/23/1953,3.3,0.093445594
10/24/1953,3.3,0.093445594
10/25/1953,3.7,0.104772332
10/26/1953,3.7,0.104772332
10/27/1953,3.7,0.104772332
10/28/1953,3.7,0.104772332
10/29/1953,3.7,0.104772332
10/30/1953,4.1,0.116099071
10/31/1953,4.1,0.116099071
11/1/1953,4.6,0.130257494
11/2/1953,4.6,0.130257494
11/3/1953,4.6,0.130257494
11/4/1953,5.9,0.167069395
11/5/1953,12,0.339802159
11/6/1953,13,0.368119006
11/7/1953,13,0.368119006
11/8/1953,13,0.368119006
11/9/1953,14,0.396435852
11/10/1953,14,0.396435852
11/11/1953,12,0.339802159
11/12/1953,11,0.311485313
11/13/1953,10,0.283168466
11/14/1953,8.9,0.252019935
11/15/1953,8.3,0.235029827
11/16/1953,7.7,0.218039719
11/17/1953,7.1,0.201049611
11/18/1953,7.1,0.201049611
11/19/1953,9.8,0.277505097
11/20/1953,443,12.54436304
11/21/1953,311,8.80653929
11/22/1953,849,24.04100276
11/23/1953,716,20.27486216
11/24/1953,283,8.013667586
11/25/1953,132,3.73782375
11/26/1953,124,3.511288977
11/27/1953,90,2.548516193
11/28/1953,62,1.755644489
11/29/1953,48,1.359208636
11/30/1953,42,1.189307557
12/1/1953,44,1.24594125
12/2/1953,40,1.132673864
12/3/1953,36,1.019406477
12/4/1953,299,8.466737131
12/5/1953,943,26.70278634
12/6/1953,1640,46.43962841
12/7/1953,1190,33.69704744
12/8/1953,544,15.40436455
12/9/1953,350,9.910896307
12/10/1953,557,15.77248355
12/11/1953,898,25.42852824
12/12/1953,1790,50.6871554
12/13/1953,1110,31.43169972
12/14/1953,760,21.52080341
12/15/1953,470,13.3089179
12/16/1953,300,8.495053978
12/17/1953,221,6.258023097
12/18/1953,179,5.06871554
12/19/1953,154,4.360794375
12/20/1953,408,11.55327341
12/21/1953,632,17.89624705
12/22/1953,407,11.52495656
12/23/1953,370,10.47723324
12/24/1953,234,6.626142103
12/25/1953,181,5.125349233
12/26/1953,160,4.530695455
12/27/1953,140,3.964358523
12/28/1953,192,5.436834546
12/29/1953,470,13.3089179
12/30/1953,420,11.89307557
12/31/1953,300,8.495053978
1/1/1954,196,5.550101932
1/2/1954,156,4.417428068
1/3/1954,138,3.90772483
1/4/1954,126,3.567922671
1/5/1954,217,6.14475571
1/6/1954,185,5.23861662
1/7/1954,128,3.624556364
1/8/1954,103,2.916635199
1/9/1954,94,2.66178358
1/10/1954,107,3.029902585
1/11/1954,234,6.626142103
1/12/1954,179,5.06871554
1/13/1954,118,3.341387898
1/14/1954,97,2.746734119
1/15/1954,94,2.66178358
1/16/1954,99,2.803367813
1/17/1954,108,3.058219432
1/18/1954,92,2.605149886
1/19/1954,78,2.208714034
1/20/1954,71,2.010496108
1/21/1954,72,2.038812955
1/22/1954,186,5.266933466
1/23/1954,318,9.004757216
1/24/1954,168,4.757230227
1/25/1954,120,3.398021591
1/26/1954,103,2.916635199
1/27/1954,94,2.66178358
1/28/1954,85,2.40693196
1/29/1954,76,2.152080341
1/30/1954,64,1.812278182
1/31/1954,64,1.812278182
2/1/1954,67,1.897228722
2/2/1954,62,1.755644489
2/3/1954,53,1.500792869
2/4/1954,45,1.274258097
2/5/1954,42,1.189307557
2/6/1954,38,1.07604017
2/7/1954,33,0.934455938
2/8/1954,31,0.877822244
2/9/1954,31,0.877822244
2/10/1954,29,0.821188551
2/11/1954,28,0.792871705
2/12/1954,28,0.792871705
2/13/1954,26,0.736238011
2/14/1954,23,0.651287472
2/15/1954,26,0.736238011
2/16/1954,45,1.274258097
2/17/1954,46,1.302574943
2/18/1954,38,1.07604017
2/19/1954,29,0.821188551
2/20/1954,142,4.020992216
2/21/1954,346,9.797628921
2/22/1954,154,4.360794375
2/23/1954,85,2.40693196
2/24/1954,127,3.596239517
2/25/1954,158,4.474061762
2/26/1954,95,2.690100426
2/27/1954,67,1.897228722
2/28/1954,56,1.585743409
3/1/1954,48,1.359208636
3/2/1954,39,1.104357017
3/3/1954,34,0.962772784
3/4/1954,33,0.934455938
3/5/1954,33,0.934455938
3/6/1954,128,3.624556364
3/7/1954,202,5.720003012
3/8/1954,118,3.341387898
3/9/1954,78,2.208714034
3/10/1954,62,1.755644489
3/11/1954,51,1.444159176
3/12/1954,45,1.274258097
3/13/1954,42,1.189307557
3/14/1954,42,1.189307557
3/15/1954,40,1.132673864
3/16/1954,34,0.962772784
3/17/1954,29,0.821188551
3/18/1954,25,0.707921165
3/19/1954,114,3.228120511
3/20/1954,241,6.824360029
3/21/1954,136,3.851091137
3/22/1954,79,2.237030881
3/23/1954,56,1.585743409
3/24/1954,46,1.302574943
3/25/1954,39,1.104357017
3/26/1954,42,1.189307557
3/27/1954,87,2.463565654
3/28/1954,432,12.23287773
3/29/1954,346,9.797628921
3/30/1954,179,5.06871554
3/31/1954,118,3.341387898
4/1/1954,83,2.350298267
4/2/1954,62,1.755644489
4/3/1954,48,1.359208636
4/4/1954,39,1.104357017
4/5/1954,33,0.934455938
4/6/1954,32,0.906139091
4/7/1954,28,0.792871705
4/8/1954,25,0.707921165
4/9/1954,21,0.594653778
4/10/1954,58,1.642377102
4/11/1954,94,2.66178358
4/12/1954,62,1.755644489
4/13/1954,38,1.07604017
4/14/1954,32,0.906139091
4/15/1954,22,0.622970625
4/16/1954,214,6.059805171
4/17/1954,734,20.7845654
4/18/1954,316,8.948123523
4/19/1954,112,3.171486818
4/20/1954,71,2.010496108
4/21/1954,53,1.500792869
4/22/1954,40,1.132673864
4/23/1954,33,0.934455938
4/24/1954,38,1.07604017
4/25/1954,33,0.934455938
4/26/1954,27,0.764554858
4/27/1954,27,0.764554858
4/28/1954,21,0.594653778
4/29/1954,18,0.509703239
4/30/1954,15,0.424752699
5/1/1954,12,0.339802159
5/2/1954,11,0.311485313
5/3/1954,13,0.368119006
5/4/1954,35,0.991089631
5/5/1954,62,1.755644489
5/6/1954,40,1.132673864
5/7/1954,23,0.651287472
5/8/1954,16,0.453069545
5/9/1954,13,0.368119006
5/10/1954,11,0.311485313
5/11/1954,10,0.283168466
5/12/1954,9.6,0.271841727
5/13/1954,9.6,0.271841727
5/14/1954,9.6,0.271841727
5/15/1954,9.6,0.271841727
5/16/1954,9,0.254851619
5/17/1954,9,0.254851619
5/18/1954,8.3,0.235029827
5/19/1954,7.7,0.218039719
5/20/1954,6.5,0.184059503
5/21/1954,5.9,0.167069395
5/22/1954,5.9,0.167069395
5/23/1954,5.9,0.167069395
5/24/1954,5.5,0.155742656
5/25/1954,5.5,0.155742656
5/26/1954,5.5,0.155742656
5/27/1954,5.9,0.167069395
5/28/1954,5.9,0.167069395
5/29/1954,7.1,0.201049611
5/30/1954,8.3,0.235029827
5/31/1954,5.9,0.167069395
6/1/1954,5.5,0.155742656
6/2/1954,5,0.141584233
6/3/1954,5,0.141584233
6/4/1954,4.6,0.130257494
6/5/1954,4.6,0.130257494
6/6/1954,4.6,0.130257494
6/7/1954,4.6,0.130257494
6/8/1954,4.6,0.130257494
6/9/1954,4.6,0.130257494
6/10/1954,4.6,0.130257494
6/11/1954,4.1,0.116099071
6/12/1954,4.1,0.116099071
6/13/1954,5.5,0.155742656
6/14/1954,10,0.283168466
6/15/1954,5.9,0.167069395
6/16/1954,4.6,0.130257494
6/17/1954,6.5,0.184059503
6/18/1954,6.5,0.184059503
6/19/1954,9,0.254851619
6/20/1954,11,0.311485313
6/21/1954,12,0.339802159
6/22/1954,13,0.368119006
6/23/1954,16,0.453069545
6/24/1954,11,0.311485313
6/25/1954,11,0.311485313
6/26/1954,40,1.132673864
6/27/1954,32,0.906139091
6/28/1954,16,0.453069545
6/29/1954,16,0.453069545
6/30/1954,12,0.339802159
7/1/1954,9,0.254851619
7/2/1954,7.1,0.201049611
7/3/1954,5.5,0.155742656
7/4/1954,5,0.141584233
7/5/1954,9.2,0.260514989
7/6/1954,120,3.398021591
7/7/1954,69,1.953862415
7/8/1954,54,1.529109716
7/9/1954,127,3.596239517
7/10/1954,1130,31.99803665
7/11/1954,420,11.89307557
7/12/1954,126,3.567922671
7/13/1954,59,1.670693949
7/14/1954,34,0.962772784
7/15/1954,22,0.622970625
7/16/1954,19,0.538020085
7/17/1954,54,1.529109716
7/18/1954,46,1.302574943
7/19/1954,39,1.104357017
7/20/1954,25,0.707921165
7/21/1954,16,0.453069545
7/22/1954,11,0.311485313
7/23/1954,9.6,0.271841727
7/24/1954,9.6,0.271841727
7/25/1954,21,0.594653778
7/26/1954,67,1.897228722
7/27/1954,39,1.104357017
7/28/1954,134,3.794457443
7/29/1954,187,5.295250313
7/30/1954,142,4.020992216
7/31/1954,88,2.4918825
8/1/1954,50,1.41584233
8/2/1954,23,0.651287472
8/3/1954,16,0.453069545
8/4/1954,11,0.311485313
8/5/1954,9,0.254851619
8/6/1954,6.5,0.184059503
8/7/1954,5.9,0.167069395
8/8/1954,5.9,0.167069395
8/9/1954,5.5,0.155742656
8/10/1954,5,0.141584233
8/11/1954,4.6,0.130257494
8/12/1954,4.1,0.116099071
8/13/1954,3.7,0.104772332
8/14/1954,3.7,0.104772332
8/15/1954,3.7,0.104772332
8/16/1954,5.5,0.155742656
8/17/1954,5,0.141584233
8/18/1954,4.6,0.130257494
8/19/1954,4.1,0.116099071
8/20/1954,3.7,0.104772332
8/21/1954,3.3,0.093445594
8/22/1954,4.6,0.130257494
8/23/1954,4.1,0.116099071
8/24/1954,4.1,0.116099071
8/25/1954,3.3,0.093445594
8/26/1954,3.3,0.093445594
8/27/1954,3.3,0.093445594
8/28/1954,3.7,0.104772332
8/29/1954,3.3,0.093445594
8/30/1954,2.8,0.07928717
8/31/1954,2.4,0.067960432
9/1/1954,2.4,0.067960432
9/2/1954,1.9,0.053802009
9/3/1954,1.9,0.053802009
9/4/1954,1.9,0.053802009
9/5/1954,1.9,0.053802009
9/6/1954,4.6,0.130257494
9/7/1954,4.1,0.116099071
9/8/1954,5.9,0.167069395
9/9/1954,5.9,0.167069395
9/10/1954,5,0.141584233
9/11/1954,3.7,0.104772332
9/12/1954,2.8,0.07928717
9/13/1954,2.4,0.067960432
9/14/1954,2.4,0.067960432
9/15/1954,1.9,0.053802009
9/16/1954,8.3,0.235029827
9/17/1954,16,0.453069545
9/18/1954,22,0.622970625
9/19/1954,17,0.481386392
9/20/1954,11,0.311485313
9/21/1954,7.7,0.218039719
9/22/1954,5.5,0.155742656
9/23/1954,4.6,0.130257494
9/24/1954,3.7,0.104772332
9/25/1954,3.3,0.093445594
9/26/1954,2.8,0.07928717
9/27/1954,2.8,0.07928717
9/28/1954,2.4,0.067960432
9/29/1954,2.4,0.067960432
9/30/1954,2.4,0.067960432
10/1/1954,2.4,0.067960432
10/2/1954,2.4,0.067960432
10/3/1954,2.4,0.067960432
10/4/1954,2.4,0.067960432
10/5/1954,2.4,0.067960432
10/6/1954,2.4,0.067960432
10/7/1954,5.4,0.152910972
10/8/1954,6.9,0.195386241
10/9/1954,5.9,0.167069395
10/10/1954,4.4,0.124594125
10/11/1954,37,1.047723324
10/12/1954,18,0.509703239
10/13/1954,17,0.481386392
10/14/1954,27,0.764554858
10/15/1954,20,0.566336932
10/16/1954,13,0.368119006
10/17/1954,8.2,0.232198142
10/18/1954,6.9,0.195386241
10/19/1954,5.4,0.152910972
10/20/1954,4.4,0.124594125
10/21/1954,3.9,0.110435702
10/22/1954,3.9,0.110435702
10/23/1954,3.9,0.110435702
10/24/1954,3.4,0.096277278
10/25/1954,3.4,0.096277278
10/26/1954,2.9,0.082118855
10/27/1954,2.9,0.082118855
10/28/1954,5.4,0.152910972
10/29/1954,20,0.566336932
10/30/1954,15,0.424752699
10/31/1954,9.7,0.274673412
11/1/1954,7.4,0.209544665
11/2/1954,6.4,0.181227818
11/3/1954,6.4,0.181227818
11/4/1954,42,1.189307557
11/5/1954,84,2.378615114
11/6/1954,42,1.189307557
11/7/1954,26,0.736238011
11/8/1954,20,0.566336932
11/9/1954,15,0.424752699
11/10/1954,13,0.368119006
11/11/1954,10,0.283168466
11/12/1954,8.9,0.252019935
11/13/1954,7.4,0.209544665
11/14/1954,6.9,0.195386241
11/15/1954,8.9,0.252019935
11/16/1954,21,0.594653778
11/17/1954,22,0.622970625
11/18/1954,17,0.481386392
11/19/1954,13,0.368119006
11/20/1954,12,0.339802159
11/21/1954,10,0.283168466
11/22/1954,8.9,0.252019935
11/23/1954,8.2,0.232198142
11/24/1954,7.4,0.209544665
11/25/1954,7.4,0.209544665
11/26/1954,6.9,0.195386241
11/27/1954,7.4,0.209544665
11/28/1954,9.7,0.274673412
11/29/1954,14,0.396435852
11/30/1954,14,0.396435852
12/1/1954,11,0.311485313
12/2/1954,9.7,0.274673412
12/3/1954,8.9,0.252019935
12/4/1954,8.2,0.232198142
12/5/1954,7.4,0.209544665
12/6/1954,7.4,0.209544665
12/7/1954,7.4,0.209544665
12/8/1954,7.4,0.209544665
12/9/1954,7.4,0.209544665
12/10/1954,7.4,0.209544665
12/11/1954,8.2,0.232198142
12/12/1954,16,0.453069545
12/13/1954,108,3.058219432
12/14/1954,67,1.897228722
12/15/1954,48,1.359208636
12/16/1954,33,0.934455938
12/17/1954,33,0.934455938
12/18/1954,118,3.341387898
12/19/1954,79,2.237030881
12/20/1954,53,1.500792869
12/21/1954,39,1.104357017
12/22/1954,32,0.906139091
12/23/1954,26,0.736238011
12/24/1954,24,0.679604318
12/25/1954,21,0.594653778
12/26/1954,20,0.566336932
12/27/1954,18,0.509703239
12/28/1954,358,10.13743108
12/29/1954,812,22.99327943
12/30/1954,358,10.13743108
12/31/1954,314,8.89148983
1/1/1955,1250,35.39605824
1/2/1955,786,22.25704142
1/3/1955,370,10.47723324
1/4/1955,223,6.31465679
1/5/1955,160,4.530695455
1/6/1955,128,3.624556364
1/7/1955,103,2.916635199
1/8/1955,85,2.40693196
1/9/1955,74,2.095446648
1/10/1955,72,2.038812955
1/11/1955,88,2.4918825
1/12/1955,74,2.095446648
1/13/1955,61,1.727327642
1/14/1955,48,1.359208636
1/15/1955,45,1.274258097
1/16/1955,880,24.918825
1/17/1955,943,26.70278634
1/18/1955,1000,28.31684659
1/19/1955,1020,28.88318352
1/20/1955,532,15.06456239
1/21/1955,300,8.495053978
1/22/1955,258,7.305746421
1/23/1955,241,6.824360029
1/24/1955,288,8.155251818
1/25/1955,217,6.14475571
1/26/1955,162,4.587329148
1/27/1955,138,3.90772483
1/28/1955,140,3.964358523
1/29/1955,152,4.304160682
1/30/1955,120,3.398021591
1/31/1955,103,2.916635199
2/1/1955,94,2.66178358
2/2/1955,86,2.435248807
2/3/1955,81,2.293664574
2/4/1955,76,2.152080341
2/5/1955,1280,36.24556364
2/6/1955,2790,79.00400199
2/7/1955,1710,48.42180767
2/8/1955,760,21.52080341
2/9/1955,370,10.47723324
2/10/1955,265,7.503964347
2/11/1955,239,6.767726335
2/12/1955,179,5.06871554
2/13/1955,140,3.964358523
2/14/1955,125,3.539605824
2/15/1955,117,3.313071051
2/16/1955,110,3.114853125
2/17/1955,103,2.916635199
2/18/1955,96,2.718417273
2/19/1955,87,2.463565654
2/20/1955,82,2.321981421
2/21/1955,76,2.152080341
2/22/1955,360,10.19406477
2/23/1955,494,13.98852222
2/24/1955,258,7.305746421
2/25/1955,158,4.474061762
2/26/1955,119,3.369704744
2/27/1955,105,2.973268892
2/28/1955,94,2.66178358
3/1/1955,89,2.520199347
3/2/1955,78,2.208714034
3/3/1955,71,2.010496108
3/4/1955,64,1.812278182
3/5/1955,59,1.670693949
3/6/1955,59,1.670693949
3/7/1955,52,1.472476023
3/8/1955,45,1.274258097
3/9/1955,39,1.104357017
3/10/1955,34,0.962772784
3/11/1955,35,0.991089631
3/12/1955,33,0.934455938
3/13/1955,32,0.906139091
3/14/1955,28,0.792871705
3/15/1955,24,0.679604318
3/16/1955,24,0.679604318
3/17/1955,22,0.622970625
3/18/1955,22,0.622970625
3/19/1955,20,0.566336932
3/20/1955,22,0.622970625
3/21/1955,22,0.622970625
3/22/1955,22,0.622970625
3/23/1955,22,0.622970625
3/24/1955,22,0.622970625
3/25/1955,21,0.594653778
3/26/1955,19,0.538020085
3/27/1955,16,0.453069545
3/28/1955,15,0.424752699
3/29/1955,15,0.424752699
3/30/1955,15,0.424752699
3/31/1955,15,0.424752699
4/1/1955,15,0.424752699
4/2/1955,23,0.651287472
4/3/1955,38,1.07604017
4/4/1955,37,1.047723324
4/5/1955,32,0.906139091
4/6/1955,25,0.707921165
4/7/1955,22,0.622970625
4/8/1955,20,0.566336932
4/9/1955,20,0.566336932
4/10/1955,3660,103.6396585
4/11/1955,3460,97.97628921
4/12/1955,1250,35.39605824
4/13/1955,5090,144.1327492
4/14/1955,4700,133.089179
4/15/1955,1130,31.99803665
4/16/1955,520,14.72476023
4/17/1955,346,9.797628921
4/18/1955,252,7.135845341
4/19/1955,187,5.295250313
4/20/1955,150,4.247526989
4/21/1955,134,3.794457443
4/22/1955,123,3.482972131
4/23/1955,103,2.916635199
4/24/1955,89,2.520199347
4/25/1955,74,2.095446648
4/26/1955,60,1.699010796
4/27/1955,52,1.472476023
4/28/1955,45,1.274258097
4/29/1955,39,1.104357017
4/30/1955,34,0.962772784
5/1/1955,31,0.877822244
5/2/1955,26,0.736238011
5/3/1955,24,0.679604318
5/4/1955,22,0.622970625
5/5/1955,20,0.566336932
5/6/1955,18,0.509703239
5/7/1955,17,0.481386392
5/8/1955,16,0.453069545
5/9/1955,15,0.424752699
5/10/1955,15,0.424752699
5/11/1955,12,0.339802159
5/12/1955,12,0.339802159
5/13/1955,11,0.311485313
5/14/1955,12,0.339802159
5/15/1955,13,0.368119006
5/16/1955,17,0.481386392
5/17/1955,21,0.594653778
5/18/1955,24,0.679604318
5/19/1955,58,1.642377102
5/20/1955,236,6.682775796
5/21/1955,607,17.18832588
5/22/1955,270,7.64554858
5/23/1955,130,3.681190057
5/24/1955,86,2.435248807
5/25/1955,54,1.529109716
5/26/1955,39,1.104357017
5/27/1955,29,0.821188551
5/28/1955,22,0.622970625
5/29/1955,23,0.651287472
5/30/1955,17,0.481386392
5/31/1955,15,0.424752699
6/1/1955,14,0.396435852
6/2/1955,12,0.339802159
6/3/1955,10,0.283168466
6/4/1955,8.6,0.243524881
6/5/1955,8.6,0.243524881
6/6/1955,10,0.283168466
6/7/1955,9.2,0.260514989
6/8/1955,9.2,0.260514989
6/9/1955,8.6,0.243524881
6/10/1955,14,0.396435852
6/11/1955,11,0.311485313
6/12/1955,7.5,0.212376349
6/13/1955,7.5,0.212376349
6/14/1955,7.5,0.212376349
6/15/1955,7.5,0.212376349
6/16/1955,7.5,0.212376349
6/17/1955,13,0.368119006
6/18/1955,39,1.104357017
6/19/1955,23,0.651287472
6/20/1955,14,0.396435852
6/21/1955,11,0.311485313
6/22/1955,7.5,0.212376349
6/23/1955,7.5,0.212376349
6/24/1955,6.4,0.181227818
6/25/1955,6.4,0.181227818
6/26/1955,6.4,0.181227818
6/27/1955,7.5,0.212376349
6/28/1955,8.1,0.229366457
6/29/1955,13,0.368119006
6/30/1955,8.1,0.229366457
7/1/1955,6.9,0.195386241
7/2/1955,56,1.585743409
7/3/1955,25,0.707921165
7/4/1955,15,0.424752699
7/5/1955,12,0.339802159
7/6/1955,8.1,0.229366457
7/7/1955,6.4,0.181227818
7/8/1955,5.2,0.147247602
7/9/1955,6.4,0.181227818
7/10/1955,63,1.783961335
7/11/1955,117,3.313071051
7/12/1955,71,2.010496108
7/13/1955,272,7.702182273
7/14/1955,202,5.720003012
7/15/1955,192,5.436834546
7/16/1955,91,2.57683304
7/17/1955,52,1.472476023
7/18/1955,193,5.465151392
7/19/1955,154,4.360794375
7/20/1955,108,3.058219432
7/21/1955,258,7.305746421
7/22/1955,435,12.31782827
7/23/1955,334,9.457826762
7/24/1955,183,5.181982926
7/25/1955,91,2.57683304
7/26/1955,93,2.633466733
7/27/1955,196,5.550101932
7/28/1955,138,3.90772483
7/29/1955,87,2.463565654
7/30/1955,261,7.390696961
7/31/1955,287,8.126934972
8/1/1955,989,28.00536128
8/2/1955,4260,120.6297665
8/3/1955,2280,64.56241023
8/4/1955,838,23.72951744
8/5/1955,370,10.47723324
8/6/1955,219,6.201389404
8/7/1955,148,4.190893296
8/8/1955,891,25.23031031
8/9/1955,1020,28.88318352
8/10/1955,358,10.13743108
8/11/1955,198,5.606735625
8/12/1955,148,4.190893296
8/13/1955,156,4.417428068
8/14/1955,108,3.058219432
8/15/1955,91,2.57683304
8/16/1955,78,2.208714034
8/17/1955,62,1.755644489
8/18/1955,47,1.33089179
8/19/1955,39,1.104357017
8/20/1955,32,0.906139091
8/21/1955,27,0.764554858
8/22/1955,24,0.679604318
8/23/1955,22,0.622970625
8/24/1955,20,0.566336932
8/25/1955,17,0.481386392
8/26/1955,18,0.509703239
8/27/1955,38,1.07604017
8/28/1955,54,1.529109716
8/29/1955,50,1.41584233
8/30/1955,33,0.934455938
8/31/1955,82,2.321981421
9/1/1955,89,2.520199347
9/2/1955,38,1.07604017
9/3/1955,34,0.962772784
9/4/1955,26,0.736238011
9/5/1955,24,0.679604318
9/6/1955,23,0.651287472
9/7/1955,21,0.594653778
9/8/1955,18,0.509703239
9/9/1955,15,0.424752699
9/10/1955,14,0.396435852
9/11/1955,12,0.339802159
9/12/1955,12,0.339802159
9/13/1955,12,0.339802159
9/14/1955,11,0.311485313
9/15/1955,10,0.283168466
9/16/1955,9.2,0.260514989
9/17/1955,8.6,0.243524881
9/18/1955,8.1,0.229366457
9/19/1955,8.1,0.229366457
9/20/1955,8.1,0.229366457
9/21/1955,8.1,0.229366457
9/22/1955,8.1,0.229366457
9/23/1955,9.2,0.260514989
9/24/1955,13,0.368119006
9/25/1955,17,0.481386392
9/26/1955,27,0.764554858
9/27/1955,21,0.594653778
9/28/1955,17,0.481386392
9/29/1955,16,0.453069545
9/30/1955,14,0.396435852
10/1/1955,12,0.339802159
10/2/1955,13,0.368119006
10/3/1955,12,0.339802159
10/4/1955,10,0.283168466
10/5/1955,9.2,0.260514989
10/6/1955,8.6,0.243524881
10/7/1955,12,0.339802159
10/8/1955,23,0.651287472
10/9/1955,24,0.679604318
10/10/1955,25,0.707921165
10/11/1955,19,0.538020085
10/12/1955,15,0.424752699
10/13/1955,12,0.339802159
10/14/1955,10,0.283168466
10/15/1955,8.6,0.243524881
10/16/1955,9.2,0.260514989
10/17/1955,27,0.764554858
10/18/1955,18,0.509703239
10/19/1955,10,0.283168466
10/20/1955,8.6,0.243524881
10/21/1955,7.5,0.212376349
10/22/1955,6.9,0.195386241
10/23/1955,6.4,0.181227818
10/24/1955,5.8,0.16423771
10/25/1955,5.2,0.147247602
10/26/1955,5,0.141584233
10/27/1955,4.6,0.130257494
10/28/1955,4.6,0.130257494
10/29/1955,4.1,0.116099071
10/30/1955,3.5,0.099108963
10/31/1955,3.5,0.099108963
11/1/1955,3.5,0.099108963
11/2/1955,4.6,0.130257494
11/3/1955,6.4,0.181227818
11/4/1955,6.4,0.181227818
11/5/1955,6.4,0.181227818
11/6/1955,8.1,0.229366457
11/7/1955,6.9,0.195386241
11/8/1955,6.9,0.195386241
11/9/1955,6.9,0.195386241
11/10/1955,8.1,0.229366457
11/11/1955,8.1,0.229366457
11/12/1955,8.6,0.243524881
11/13/1955,8.1,0.229366457
11/14/1955,8.1,0.229366457
11/15/1955,8.1,0.229366457
11/16/1955,7.5,0.212376349
11/17/1955,7.5,0.212376349
11/18/1955,7.5,0.212376349
11/19/1955,7.5,0.212376349
11/20/1955,7.5,0.212376349
11/21/1955,8.1,0.229366457
11/22/1955,7.5,0.212376349
11/23/1955,55,1.557426563
11/24/1955,71,2.010496108
11/25/1955,52,1.472476023
11/26/1955,54,1.529109716
11/27/1955,39,1.104357017
11/28/1955,29,0.821188551
11/29/1955,24,0.679604318
11/30/1955,18,0.509703239
12/1/1955,17,0.481386392
12/2/1955,272,7.702182273
12/3/1955,192,5.436834546
12/4/1955,130,3.681190057
12/5/1955,76,2.152080341
12/6/1955,66,1.868911875
12/7/1955,53,1.500792869
12/8/1955,45,1.274258097
12/9/1955,37,1.047723324
12/10/1955,28,0.792871705
12/11/1955,25,0.707921165
12/12/1955,22,0.622970625
12/13/1955,20,0.566336932
12/14/1955,19,0.538020085
12/15/1955,17,0.481386392
12/16/1955,17,0.481386392
12/17/1955,17,0.481386392
12/18/1955,22,0.622970625
12/19/1955,86,2.435248807
12/20/1955,123,3.482972131
12/21/1955,70,1.982179261
12/22/1955,50,1.41584233
12/23/1955,39,1.104357017
12/24/1955,34,0.962772784
12/25/1955,32,0.906139091
12/26/1955,29,0.821188551
12/27/1955,27,0.764554858
12/28/1955,25,0.707921165
12/29/1955,22,0.622970625
12/30/1955,19,0.538020085
12/31/1955,17,0.481386392
1/1/1956,17,0.481386392
1/2/1956,17,0.481386392
1/3/1956,16,0.453069545
1/4/1956,16,0.453069545
1/5/1956,15,0.424752699
1/6/1956,15,0.424752699
1/7/1956,15,0.424752699
1/8/1956,14,0.396435852
1/9/1956,13,0.368119006
1/10/1956,12,0.339802159
1/11/1956,12,0.339802159
1/12/1956,10,0.283168466
1/13/1956,9.2,0.260514989
1/14/1956,10,0.283168466
1/15/1956,11,0.311485313
1/16/1956,11,0.311485313
1/17/1956,10,0.283168466
1/18/1956,12,0.339802159
1/19/1956,63,1.783961335
1/20/1956,71,2.010496108
1/21/1956,58,1.642377102
1/22/1956,172,4.870497614
1/23/1956,420,11.89307557
1/24/1956,346,9.797628921
1/25/1956,160,4.530695455
1/26/1956,92,2.605149886
1/27/1956,68,1.925545568
1/28/1956,53,1.500792869
1/29/1956,47,1.33089179
1/30/1956,43,1.217624403
1/31/1956,50,1.41584233
2/1/1956,62,1.755644489
2/2/1956,84,2.378615114
2/3/1956,123,3.482972131
2/4/1956,128,3.624556364
2/5/1956,127,3.596239517
2/6/1956,261,7.390696961
2/7/1956,223,6.31465679
2/8/1956,132,3.73782375
2/9/1956,501,14.18674014
2/10/1956,528,14.951295
2/11/1956,434,12.28951142
2/12/1956,267,7.56059804
2/13/1956,170,4.813863921
2/14/1956,131,3.709506904
2/15/1956,117,3.313071051
2/16/1956,792,22.4269425
2/17/1956,504,14.27169068
2/18/1956,287,8.126934972
2/19/1956,188,5.323567159
2/20/1956,145,4.105942756
2/21/1956,116,3.284754205
2/22/1956,93,2.633466733
2/23/1956,76,2.152080341
2/24/1956,68,1.925545568
2/25/1956,64,1.812278182
2/26/1956,59,1.670693949
2/27/1956,56,1.585743409
2/28/1956,53,1.500792869
2/29/1956,52,1.472476023
3/1/1956,43,1.217624403
3/2/1956,42,1.189307557
3/3/1956,454,12.85584835
3/4/1956,516,14.61149284
3/5/1956,236,6.682775796
3/6/1956,145,4.105942756
3/7/1956,123,3.482972131
3/8/1956,97,2.746734119
3/9/1956,78,2.208714034
3/10/1956,65,1.840595028
3/11/1956,570,16.14060256
3/12/1956,943,26.70278634
3/13/1956,917,25.96654832
3/14/1956,504,14.27169068
3/15/1956,446,12.62931358
3/16/1956,672,19.02892091
3/17/1956,468,13.25228421
3/18/1956,250,7.079211648
3/19/1956,170,4.813863921
3/20/1956,131,3.709506904
3/21/1956,106,3.001585739
3/22/1956,92,2.605149886
3/23/1956,88,2.4918825
3/24/1956,74,2.095446648
3/25/1956,66,1.868911875
3/26/1956,58,1.642377102
3/27/1956,50,1.41584233
3/28/1956,45,1.274258097
3/29/1956,53,1.500792869
3/30/1956,60,1.699010796
3/31/1956,50,1.41584233
4/1/1956,42,1.189307557
4/2/1956,38,1.07604017
4/3/1956,36,1.019406477
4/4/1956,34,0.962772784
4/5/1956,32,0.906139091
4/6/1956,29,0.821188551
4/7/1956,29,0.821188551
4/8/1956,25,0.707921165
4/9/1956,20,0.566336932
4/10/1956,286,8.098618125
4/11/1956,434,12.28951142
4/12/1956,186,5.266933466
4/13/1956,88,2.4918825
4/14/1956,60,1.699010796
4/15/1956,45,1.274258097
4/16/1956,37,1.047723324
4/17/1956,29,0.821188551
4/18/1956,24,0.679604318
4/19/1956,20,0.566336932
4/20/1956,15,0.424752699
4/21/1956,13,0.368119006
4/22/1956,12,0.339802159
4/23/1956,11,0.311485313
4/24/1956,13,0.368119006
4/25/1956,19,0.538020085
4/26/1956,25,0.707921165
4/27/1956,23,0.651287472
4/28/1956,19,0.538020085
4/29/1956,16,0.453069545
4/30/1956,13,0.368119006
5/1/1956,11,0.311485313
5/2/1956,10,0.283168466
5/3/1956,14,0.396435852
5/4/1956,16,0.453069545
5/5/1956,17,0.481386392
5/6/1956,18,0.509703239
5/7/1956,16,0.453069545
5/8/1956,14,0.396435852
5/9/1956,11,0.311485313
5/10/1956,9.2,0.260514989
5/11/1956,8.4,0.237861511
5/12/1956,7,0.198217926
5/13/1956,7,0.198217926
5/14/1956,7,0.198217926
5/15/1956,5.6,0.158574341
5/16/1956,4.9,0.138752548
5/17/1956,4.3,0.12176244
5/18/1956,4.3,0.12176244
5/19/1956,3.8,0.107604017
5/20/1956,3.8,0.107604017
5/21/1956,4.3,0.12176244
5/22/1956,4.9,0.138752548
5/23/1956,4.3,0.12176244
5/24/1956,4.9,0.138752548
5/25/1956,4.9,0.138752548
5/26/1956,5.6,0.158574341
5/27/1956,6.3,0.178396134
5/28/1956,4.9,0.138752548
5/29/1956,4.9,0.138752548
5/30/1956,4.3,0.12176244
5/31/1956,3.8,0.107604017
6/1/1956,3.3,0.093445594
6/2/1956,3.3,0.093445594
6/3/1956,6.3,0.178396134
6/4/1956,7.7,0.218039719
6/5/1956,6.3,0.178396134
6/6/1956,4.9,0.138752548
6/7/1956,3.8,0.107604017
6/8/1956,3.3,0.093445594
6/9/1956,3.3,0.093445594
6/10/1956,2.8,0.07928717
6/11/1956,3.8,0.107604017
6/12/1956,11,0.311485313
6/13/1956,190,5.380200852
6/14/1956,648,18.34931659
6/15/1956,1250,35.39605824
6/16/1956,2340,66.26142103
6/17/1956,1210,34.26338438
6/18/1956,564,15.97070148
6/19/1956,1110,31.43169972
6/20/1956,672,19.02892091
6/21/1956,223,6.31465679
6/22/1956,125,3.539605824
6/23/1956,85,2.40693196
6/24/1956,60,1.699010796
6/25/1956,46,1.302574943
6/26/1956,36,1.019406477
6/27/1956,37,1.047723324
6/28/1956,129,3.65287321
6/29/1956,133,3.766140597
6/30/1956,422,11.94970926
7/1/1956,137,3.879407983
7/2/1956,81,2.293664574
7/3/1956,55,1.557426563
7/4/1956,51,1.444159176
7/5/1956,232,6.569508409
7/6/1956,188,5.323567159
7/7/1956,92,2.605149886
7/8/1956,132,3.73782375
7/9/1956,411,11.63822395
7/10/1956,298,8.438420284
7/11/1956,184,5.210299773
7/12/1956,131,3.709506904
7/13/1956,80,2.265347727
7/14/1956,55,1.557426563
7/15/1956,39,1.104357017
7/16/1956,29,0.821188551
7/17/1956,23,0.651287472
7/18/1956,19,0.538020085
7/19/1956,18,0.509703239
7/20/1956,16,0.453069545
7/21/1956,16,0.453069545
7/22/1956,15,0.424752699
7/23/1956,13,0.368119006
7/24/1956,18,0.509703239
7/25/1956,22,0.622970625
7/26/1956,46,1.302574943
7/27/1956,34,0.962772784
7/28/1956,24,0.679604318
7/29/1956,68,1.925545568
7/30/1956,354,10.02416369
7/31/1956,143,4.049309063
8/1/1956,101,2.860001506
8/2/1956,64,1.812278182
8/3/1956,42,1.189307557
8/4/1956,55,1.557426563
8/5/1956,153,4.332477529
8/6/1956,81,2.293664574
8/7/1956,71,2.010496108
8/8/1956,42,1.189307557
8/9/1956,26,0.736238011
8/10/1956,18,0.509703239
8/11/1956,13,0.368119006
8/12/1956,10,0.283168466
8/13/1956,8.4,0.237861511
8/14/1956,40,1.132673864
8/15/1956,37,1.047723324
8/16/1956,24,0.679604318
8/17/1956,18,0.509703239
8/18/1956,12,0.339802159
8/19/1956,8.4,0.237861511
8/20/1956,8.4,0.237861511
8/21/1956,8.4,0.237861511
8/22/1956,8.4,0.237861511
8/23/1956,8.4,0.237861511
8/24/1956,8.4,0.237861511
8/25/1956,8.4,0.237861511
8/26/1956,7.7,0.218039719
8/27/1956,7.7,0.218039719
8/28/1956,7,0.198217926
8/29/1956,7,0.198217926
8/30/1956,7,0.198217926
8/31/1956,8.4,0.237861511
9/1/1956,58,1.642377102
9/2/1956,110,3.114853125
9/3/1956,106,3.001585739
9/4/1956,66,1.868911875
9/5/1956,47,1.33089179
9/6/1956,88,2.4918825
9/7/1956,422,11.94970926
9/8/1956,269,7.617231733
9/9/1956,108,3.058219432
9/10/1956,62,1.755644489
9/11/1956,42,1.189307557
9/12/1956,42,1.189307557
9/13/1956,21,0.594653778
9/14/1956,18,0.509703239
9/15/1956,15,0.424752699
9/16/1956,11,0.311485313
9/17/1956,10,0.283168466
9/18/1956,9.2,0.260514989
9/19/1956,8.4,0.237861511
9/20/1956,24,0.679604318
9/21/1956,26,0.736238011
9/22/1956,38,1.07604017
9/23/1956,156,4.417428068
9/24/1956,2780,78.72083353
9/25/1956,1290,36.5287321
9/26/1956,511,14.46990861
9/27/1956,217,6.14475571
9/28/1956,129,3.65287321
9/29/1956,92,2.605149886
9/30/1956,335,9.486143608
10/1/1956,1020,28.88318352
10/2/1956,672,19.02892091
10/3/1956,540,15.29109716
10/4/1956,600,16.99010796
10/5/1956,272,7.702182273
10/6/1956,192,5.436834546
10/7/1956,179,5.06871554
10/8/1956,121,3.426338438
10/9/1956,80,2.265347727
10/10/1956,60,1.699010796
10/11/1956,50,1.41584233
10/12/1956,43,1.217624403
10/13/1956,38,1.07604017
10/14/1956,32,0.906139091
10/15/1956,29,0.821188551
10/16/1956,24,0.679604318
10/17/1956,22,0.622970625
10/18/1956,20,0.566336932
10/19/1956,18,0.509703239
10/20/1956,29,0.821188551
10/21/1956,55,1.557426563
10/22/1956,70,1.982179261
10/23/1956,52,1.472476023
10/24/1956,39,1.104357017
10/25/1956,29,0.821188551
10/26/1956,25,0.707921165
10/27/1956,50,1.41584233
10/28/1956,39,1.104357017
10/29/1956,29,0.821188551
10/30/1956,23,0.651287472
10/31/1956,19,0.538020085
11/1/1956,18,0.509703239
11/2/1956,16,0.453069545
11/3/1956,14,0.396435852
11/4/1956,13,0.368119006
11/5/1956,13,0.368119006
11/6/1956,12,0.339802159
11/7/1956,54,1.529109716
11/8/1956,234,6.626142103
11/9/1956,88,2.4918825
11/10/1956,55,1.557426563
11/11/1956,40,1.132673864
11/12/1956,30,0.849505398
11/13/1956,25,0.707921165
11/14/1956,21,0.594653778
11/15/1956,20,0.566336932
11/16/1956,19,0.538020085
11/17/1956,28,0.792871705
11/18/1956,46,1.302574943
11/19/1956,43,1.217624403
11/20/1956,32,0.906139091
11/21/1956,25,0.707921165
11/22/1956,28,0.792871705
11/23/1956,32,0.906139091
11/24/1956,25,0.707921165
11/25/1956,22,0.622970625
11/26/1956,20,0.566336932
11/27/1956,18,0.509703239
11/28/1956,17,0.481386392
11/29/1956,16,0.453069545
11/30/1956,16,0.453069545
12/1/1956,16,0.453069545
12/2/1956,16,0.453069545
12/3/1956,16,0.453069545
12/4/1956,15,0.424752699
12/5/1956,15,0.424752699
12/6/1956,14,0.396435852
12/7/1956,15,0.424752699
12/8/1956,20,0.566336932
12/9/1956,34,0.962772784
12/10/1956,34,0.962772784
12/11/1956,30,0.849505398
12/12/1956,26,0.736238011
12/13/1956,100,2.831684659
12/14/1956,500,14.1584233
12/15/1956,400,11.32673864
12/16/1956,200,5.663369318
12/17/1956,100,2.831684659
12/18/1956,80,2.265347727
12/19/1956,70,1.982179261
12/20/1956,350,9.910896307
12/21/1956,900,25.48516193
12/22/1956,600,16.99010796
12/23/1956,3000,84.95053978
12/24/1956,4500,127.4258097
12/25/1956,1500,42.47526989
12/26/1956,600,16.99010796
12/27/1956,400,11.32673864
12/28/1956,250,7.079211648
12/29/1956,180,5.097032387
12/30/1956,140,3.964358523
12/31/1956,120,3.398021591
1/1/1957,110,3.114853125
1/2/1957,100,2.831684659
1/3/1957,90,2.548516193
1/4/1957,85,2.40693196
1/5/1957,80,2.265347727
1/6/1957,75,2.123763494
1/7/1957,70,1.982179261
1/8/1957,65,1.840595028
1/9/1957,62,1.755644489
1/10/1957,60,1.699010796
1/11/1957,54,1.529109716
1/12/1957,51,1.444159176
1/13/1957,45,1.274258097
1/14/1957,46,1.302574943
1/15/1957,46,1.302574943
1/16/1957,48,1.359208636
1/17/1957,45,1.274258097
1/18/1957,41,1.16099071
1/19/1957,39,1.104357017
1/20/1957,37,1.047723324
1/21/1957,37,1.047723324
1/22/1957,44,1.24594125
1/23/1957,305,8.636638211
1/24/1957,320,9.061390909
1/25/1957,158,4.474061762
1/26/1957,127,3.596239517
1/27/1957,111,3.143169972
1/28/1957,90,2.548516193
1/29/1957,73,2.067129801
1/30/1957,96,2.718417273
1/31/1957,105,2.973268892
2/1/1957,81,2.293664574
2/2/1957,88,2.4918825
2/3/1957,103,2.916635199
2/4/1957,92,2.605149886
2/5/1957,94,2.66178358
2/6/1957,123,3.482972131
2/7/1957,109,3.086536279
2/8/1957,86,2.435248807
2/9/1957,68,1.925545568
2/10/1957,58,1.642377102
2/11/1957,49,1.387525483
2/12/1957,41,1.16099071
2/13/1957,36,1.019406477
2/14/1957,32,0.906139091
2/15/1957,28,0.792871705
2/16/1957,27,0.764554858
2/17/1957,31,0.877822244
2/18/1957,62,1.755644489
2/19/1957,117,3.313071051
2/20/1957,92,2.605149886
2/21/1957,68,1.925545568
2/22/1957,51,1.444159176
2/23/1957,38,1.07604017
2/24/1957,36,1.019406477
2/25/1957,63,1.783961335
2/26/1957,79,2.237030881
2/27/1957,63,1.783961335
2/28/1957,46,1.302574943
3/1/1957,37,1.047723324
3/2/1957,33,0.934455938
3/3/1957,32,0.906139091
3/4/1957,57,1.614060256
3/5/1957,84,2.378615114
3/6/1957,73,2.067129801
3/7/1957,55,1.557426563
3/8/1957,42,1.189307557
3/9/1957,34,0.962772784
3/10/1957,30,0.849505398
3/11/1957,25,0.707921165
3/12/1957,210,5.946537784
3/13/1957,516,14.61149284
3/14/1957,276,7.815449659
3/15/1957,149,4.219210142
3/16/1957,90,2.548516193
3/17/1957,65,1.840595028
3/18/1957,212,6.003171478
3/19/1957,265,7.503964347
3/20/1957,147,4.162576449
3/21/1957,199,5.635052472
3/22/1957,354,10.02416369
3/23/1957,223,6.31465679
3/24/1957,388,10.98693648
3/25/1957,422,11.94970926
3/26/1957,212,6.003171478
3/27/1957,131,3.709506904
3/28/1957,99,2.803367813
3/29/1957,82,2.321981421
3/30/1957,70,1.982179261
3/31/1957,62,1.755644489
4/1/1957,792,22.4269425
4/2/1957,411,11.63822395
4/3/1957,206,5.833270398
4/4/1957,480,13.59208636
4/5/1957,1220,34.54655284
4/6/1957,696,19.70852523
4/7/1957,287,8.126934972
4/8/1957,203,5.748319858
4/9/1957,149,4.219210142
4/10/1957,115,3.256437358
4/11/1957,160,4.530695455
4/12/1957,331,9.372876222
4/13/1957,181,5.125349233
4/14/1957,111,3.143169972
4/15/1957,82,2.321981421
4/16/1957,68,1.925545568
4/17/1957,388,10.98693648
4/18/1957,298,8.438420284
4/19/1957,162,4.587329148
4/20/1957,99,2.803367813
4/21/1957,153,4.332477529
4/22/1957,125,3.539605824
4/23/1957,88,2.4918825
4/24/1957,66,1.868911875
4/25/1957,51,1.444159176
4/26/1957,41,1.16099071
4/27/1957,33,0.934455938
4/28/1957,27,0.764554858
4/29/1957,24,0.679604318
4/30/1957,51,1.444159176
5/1/1957,52,1.472476023
5/2/1957,217,6.14475571
5/3/1957,354,10.02416369
5/4/1957,232,6.569508409
5/5/1957,111,3.143169972
5/6/1957,68,1.925545568
5/7/1957,45,1.274258097
5/8/1957,33,0.934455938
5/9/1957,27,0.764554858
5/10/1957,27,0.764554858
5/11/1957,536,15.17782977
5/12/1957,239,6.767726335
5/13/1957,115,3.256437358
5/14/1957,73,2.067129801
5/15/1957,52,1.472476023
5/16/1957,192,5.436834546
5/17/1957,82,2.321981421
5/18/1957,58,1.642377102
5/19/1957,60,1.699010796
5/20/1957,42,1.189307557
5/21/1957,24,0.679604318
5/22/1957,18,0.509703239
5/23/1957,234,6.626142103
5/24/1957,538,15.23446347
5/25/1957,105,2.973268892
5/26/1957,52,1.472476023
5/27/1957,63,1.783961335
5/28/1957,48,1.359208636
5/29/1957,26,0.736238011
5/30/1957,19,0.538020085
5/31/1957,16,0.453069545
6/1/1957,14,0.396435852
6/2/1957,14,0.396435852
6/3/1957,16,0.453069545
6/4/1957,44,1.24594125
6/5/1957,92,2.605149886
6/6/1957,92,2.605149886
6/7/1957,54,1.529109716
6/8/1957,109,3.086536279
6/9/1957,97,2.746734119
6/10/1957,212,6.003171478
6/11/1957,82,2.321981421
6/12/1957,41,1.16099071
6/13/1957,25,0.707921165
6/14/1957,17,0.481386392
6/15/1957,15,0.424752699
6/16/1957,12,0.339802159
6/17/1957,12,0.339802159
6/18/1957,12,0.339802159
6/19/1957,12,0.339802159
6/20/1957,11,0.311485313
6/21/1957,64,1.812278182
6/22/1957,82,2.321981421
6/23/1957,68,1.925545568
6/24/1957,115,3.256437358
6/25/1957,84,2.378615114
6/26/1957,46,1.302574943
6/27/1957,28,0.792871705
6/28/1957,28,0.792871705
6/29/1957,37,1.047723324
6/30/1957,39,1.104357017
7/1/1957,22,0.622970625
7/2/1957,14,0.396435852
7/3/1957,9.9,0.280336781
7/4/1957,8.4,0.237861511
7/5/1957,7.1,0.201049611
7/6/1957,6.3,0.178396134
7/7/1957,5.6,0.158574341
7/8/1957,5.3,0.150079287
7/9/1957,5,0.141584233
7/10/1957,5.3,0.150079287
7/11/1957,5,0.141584233
7/12/1957,4.7,0.133089179
7/13/1957,4.4,0.124594125
7/14/1957,4.4,0.124594125
7/15/1957,4.2,0.118930756
7/16/1957,4.2,0.118930756
7/17/1957,4.2,0.118930756
7/18/1957,4.4,0.124594125
7/19/1957,4.7,0.133089179
7/20/1957,5.3,0.150079287
7/21/1957,12,0.339802159
7/22/1957,9.9,0.280336781
7/23/1957,13,0.368119006
7/24/1957,8.9,0.252019935
7/25/1957,8.4,0.237861511
7/26/1957,58,1.642377102
7/27/1957,51,1.444159176
7/28/1957,24,0.679604318
7/29/1957,11,0.311485313
7/30/1957,8.4,0.237861511
7/31/1957,61,1.727327642
8/1/1957,82,2.321981421
8/2/1957,36,1.019406477
8/3/1957,37,1.047723324
8/4/1957,52,1.472476023
8/5/1957,31,0.877822244
8/6/1957,19,0.538020085
8/7/1957,14,0.396435852
8/8/1957,10,0.283168466
8/9/1957,8.4,0.237861511
8/10/1957,6.7,0.189722872
8/11/1957,5.6,0.158574341
8/12/1957,5.3,0.150079287
8/13/1957,5,0.141584233
8/14/1957,4.7,0.133089179
8/15/1957,4.4,0.124594125
8/16/1957,4.7,0.133089179
8/17/1957,5.3,0.150079287
8/18/1957,42,1.189307557
8/19/1957,37,1.047723324
8/20/1957,21,0.594653778
8/21/1957,9.9,0.280336781
8/22/1957,7.1,0.201049611
8/23/1957,5.3,0.150079287
8/24/1957,4.7,0.133089179
8/25/1957,4.4,0.124594125
8/26/1957,4.2,0.118930756
8/27/1957,4.2,0.118930756
8/28/1957,4.4,0.124594125
8/29/1957,4.7,0.133089179
8/30/1957,4.7,0.133089179
8/31/1957,4.7,0.133089179
9/1/1957,5,0.141584233
9/2/1957,5,0.141584233
9/3/1957,5,0.141584233
9/4/1957,5,0.141584233
9/5/1957,5,0.141584233
9/6/1957,22,0.622970625
9/7/1957,22,0.622970625
9/8/1957,15,0.424752699
9/9/1957,9.4,0.266178358
9/10/1957,7.1,0.201049611
9/11/1957,5.9,0.167069395
9/12/1957,6.3,0.178396134
9/13/1957,38,1.07604017
9/14/1957,135,3.82277429
9/15/1957,107,3.029902585
9/16/1957,88,2.4918825
9/17/1957,164,4.643962841
9/18/1957,4290,121.4792719
9/19/1957,4050,114.6832287
9/20/1957,1210,34.26338438
9/21/1957,488,13.81862114
9/22/1957,287,8.126934972
9/23/1957,194,5.493468239
9/24/1957,158,4.474061762
9/25/1957,125,3.539605824
9/26/1957,109,3.086536279
9/27/1957,230,6.512874716
9/28/1957,212,6.003171478
9/29/1957,170,4.813863921
9/30/1957,123,3.482972131
10/1/1957,101,2.860001506
10/2/1957,93,2.633466733
10/3/1957,80,2.265347727
10/4/1957,69,1.953862415
10/5/1957,55,1.557426563
10/6/1957,48,1.359208636
10/7/1957,39,1.104357017
10/8/1957,31,0.877822244
10/9/1957,25,0.707921165
10/10/1957,20,0.566336932
10/11/1957,18,0.509703239
10/12/1957,14,0.396435852
10/13/1957,13,0.368119006
10/14/1957,11,0.311485313
10/15/1957,12,0.339802159
10/16/1957,64,1.812278182
10/17/1957,150,4.247526989
10/18/1957,105,2.973268892
10/19/1957,66,1.868911875
10/20/1957,42,1.189307557
10/21/1957,26,0.736238011
10/22/1957,21,0.594653778
10/23/1957,60,1.699010796
10/24/1957,1080,30.58219432
10/25/1957,440,12.4594125
10/26/1957,196,5.550101932
10/27/1957,132,3.73782375
10/28/1957,98,2.775050966
10/29/1957,77,2.180397188
10/30/1957,69,1.953862415
10/31/1957,66,1.868911875
11/1/1957,62,1.755644489
11/2/1957,56,1.585743409
11/3/1957,48,1.359208636
11/4/1957,42,1.189307557
11/5/1957,35,0.991089631
11/6/1957,31,0.877822244
11/7/1957,28,0.792871705
11/8/1957,44,1.24594125
11/9/1957,82,2.321981421
11/10/1957,77,2.180397188
11/11/1957,52,1.472476023
11/12/1957,38,1.07604017
11/13/1957,135,3.82277429
11/14/1957,1930,54.65151392
11/15/1957,1210,34.26338438
11/16/1957,516,14.61149284
11/17/1957,287,8.126934972
11/18/1957,265,7.503964347
11/19/1957,696,19.70852523
11/20/1957,648,18.34931659
11/21/1957,298,8.438420284
11/22/1957,435,12.31782827
11/23/1957,1050,29.73268892
11/24/1957,720,20.38812955
11/25/1957,504,14.27169068
11/26/1957,331,9.372876222
11/27/1957,236,6.682775796
11/28/1957,192,5.436834546
11/29/1957,172,4.870497614
11/30/1957,156,4.417428068
12/1/1957,127,3.596239517
12/2/1957,107,3.029902585
12/3/1957,101,2.860001506
12/4/1957,170,4.813863921
12/5/1957,168,4.757230227
12/6/1957,114,3.228120511
12/7/1957,118,3.341387898
12/8/1957,224,6.342973637
12/9/1957,188,5.323567159
12/10/1957,125,3.539605824
12/11/1957,96,2.718417273
12/12/1957,83,2.350298267
12/13/1957,77,2.180397188
12/14/1957,80,2.265347727
12/15/1957,121,3.426338438
12/16/1957,112,3.171486818
12/17/1957,88,2.4918825
12/18/1957,77,2.180397188
12/19/1957,72,2.038812955
12/20/1957,176,4.983765
12/21/1957,174,4.927131307
12/22/1957,107,3.029902585
12/23/1957,82,2.321981421
12/24/1957,69,1.953862415
12/25/1957,64,1.812278182
12/26/1957,281,7.957033892
12/27/1957,232,6.569508409
12/28/1957,881,24.94714185
12/29/1957,720,20.38812955
12/30/1957,354,10.02416369
12/31/1957,214,6.059805171
1/1/1958,188,5.323567159
1/2/1958,178,5.040398693
1/3/1958,136,3.851091137
1/4/1958,118,3.341387898
1/5/1958,105,2.973268892
1/6/1958,119,3.369704744
1/7/1958,342,9.684361534
1/8/1958,265,7.503964347
1/9/1958,166,4.700596534
1/10/1958,132,3.73782375
1/11/1958,121,3.426338438
1/12/1958,131,3.709506904
1/13/1958,504,14.27169068
1/14/1958,354,10.02416369
1/15/1958,218,6.173072557
1/16/1958,174,4.927131307
1/17/1958,144,4.077625909
1/18/1958,121,3.426338438
1/19/1958,109,3.086536279
1/20/1958,328,9.287925682
1/21/1958,2430,68.80993722
1/22/1958,1260,35.67922671
1/23/1958,528,14.951295
1/24/1958,768,21.74733818
1/25/1958,564,15.97070148
1/26/1958,365,10.33564901
1/27/1958,276,7.815449659
1/28/1958,210,5.946537784
1/29/1958,256,7.249112728
1/30/1958,243,6.880993722
1/31/1958,186,5.266933466
2/1/1958,160,4.530695455
2/2/1958,132,3.73782375
2/3/1958,118,3.341387898
2/4/1958,107,3.029902585
2/5/1958,103,2.916635199
2/6/1958,178,5.040398693
2/7/1958,198,5.606735625
2/8/1958,150,4.247526989
2/9/1958,112,3.171486818
2/10/1958,101,2.860001506
2/11/1958,506,14.32832438
2/12/1958,365,10.33564901
2/13/1958,218,6.173072557
2/14/1958,198,5.606735625
2/15/1958,588,16.6503058
2/16/1958,342,9.684361534
2/17/1958,214,6.059805171
2/18/1958,170,4.813863921
2/19/1958,146,4.134259602
2/20/1958,134,3.794457443
2/21/1958,119,3.369704744
2/22/1958,110,3.114853125
2/23/1958,110,3.114853125
2/24/1958,114,3.228120511
2/25/1958,107,3.029902585
2/26/1958,107,3.029902585
2/27/1958,220,6.22970625
2/28/1958,166,4.700596534
3/1/1958,103,2.916635199
3/2/1958,82,2.321981421
3/3/1958,72,2.038812955
3/4/1958,62,1.755644489
3/5/1958,69,1.953862415
3/6/1958,948,26.84437057
3/7/1958,1580,44.74061762
3/8/1958,1250,35.39605824
3/9/1958,1040,29.44952046
3/10/1958,564,15.97070148
3/11/1958,320,9.061390909
3/12/1958,361,10.22238162
3/13/1958,588,16.6503058
3/14/1958,320,9.061390909
3/15/1958,206,5.833270398
3/16/1958,166,4.700596534
3/17/1958,244,6.909310568
3/18/1958,917,25.96654832
3/19/1958,576,16.31050364
3/20/1958,287,8.126934972
3/21/1958,194,5.493468239
3/22/1958,162,4.587329148
3/23/1958,254,7.192479034
3/24/1958,1530,43.32477529
3/25/1958,891,25.23031031
3/26/1958,411,11.63822395
3/27/1958,272,7.702182273
3/28/1958,208,5.889904091
3/29/1958,176,4.983765
3/30/1958,411,11.63822395
3/31/1958,298,8.438420284
4/1/1958,186,5.266933466
4/2/1958,142,4.020992216
4/3/1958,123,3.482972131
4/4/1958,118,3.341387898
4/5/1958,107,3.029902585
4/6/1958,100,2.831684659
4/7/1958,86,2.435248807
4/8/1958,72,2.038812955
4/9/1958,683,19.34040622
4/10/1958,1020,28.88318352
4/11/1958,648,18.34931659
4/12/1958,245,6.937627415
4/13/1958,168,4.757230227
4/14/1958,152,4.304160682
4/15/1958,342,9.684361534
4/16/1958,214,6.059805171
4/17/1958,128,3.624556364
4/18/1958,96,2.718417273
4/19/1958,85,2.40693196
4/20/1958,77,2.180397188
4/21/1958,107,3.029902585
4/22/1958,91,2.57683304
4/23/1958,70,1.982179261
4/24/1958,61,1.727327642
4/25/1958,58,1.642377102
4/26/1958,50,1.41584233
4/27/1958,42,1.189307557
4/28/1958,45,1.274258097
4/29/1958,94,2.66178358
4/30/1958,506,14.32832438
5/1/1958,210,5.946537784
5/2/1958,105,2.973268892
5/3/1958,67,1.897228722
5/4/1958,225,6.371290483
5/5/1958,1280,36.24556364
5/6/1958,744,21.06773386
5/7/1958,279,7.900400199
5/8/1958,140,3.964358523
5/9/1958,94,2.66178358
5/10/1958,94,2.66178358
5/11/1958,342,9.684361534
5/12/1958,504,14.27169068
5/13/1958,369,10.44891639
5/14/1958,150,4.247526989
5/15/1958,90,2.548516193
5/16/1958,67,1.897228722
5/17/1958,54,1.529109716
5/18/1958,686,19.42535676
5/19/1958,2040,57.76636705
5/20/1958,1360,38.51091137
5/21/1958,932,26.39130102
5/22/1958,455,12.8841652
5/23/1958,443,12.54436304
5/24/1958,359,10.16574793
5/25/1958,256,7.249112728
5/26/1958,180,5.097032387
5/27/1958,129,3.65287321
5/28/1958,180,5.097032387
5/29/1958,419,11.86475872
5/30/1958,251,7.107528495
5/31/1958,117,3.313071051
6/1/1958,88,2.4918825
6/2/1958,68,1.925545568
6/3/1958,63,1.783961335
6/4/1958,60,1.699010796
6/5/1958,58,1.642377102
6/6/1958,68,1.925545568
6/7/1958,69,1.953862415
6/8/1958,81,2.293664574
6/9/1958,63,1.783961335
6/10/1958,54,1.529109716
6/11/1958,42,1.189307557
6/12/1958,32,0.906139091
6/13/1958,23,0.651287472
6/14/1958,47,1.33089179
6/15/1958,58,1.642377102
6/16/1958,383,10.84535224
6/17/1958,351,9.939213154
6/18/1958,191,5.408517699
6/19/1958,692,19.59525784
6/20/1958,313,8.863172983
6/21/1958,446,12.62931358
6/22/1958,902,25.54179563
6/23/1958,1090,30.86536279
6/24/1958,570,16.14060256
6/25/1958,204,5.776636705
6/26/1958,208,5.889904091
6/27/1958,371,10.50555009
6/28/1958,183,5.181982926
6/29/1958,113,3.199803665
6/30/1958,82,2.321981421
7/1/1958,65,1.840595028
7/2/1958,51,1.444159176
7/3/1958,110,3.114853125
7/4/1958,135,3.82277429
7/5/1958,56,1.585743409
7/6/1958,45,1.274258097
7/7/1958,141,3.992675369
7/8/1958,1020,28.88318352
7/9/1958,554,15.68753301
7/10/1958,419,11.86475872
7/11/1958,256,7.249112728
7/12/1958,148,4.190893296
7/13/1958,198,5.606735625
7/14/1958,339,9.599410995
7/15/1958,419,11.86475872
7/16/1958,234,6.626142103
7/17/1958,164,4.643962841
7/18/1958,158,4.474061762
7/19/1958,250,7.079211648
7/20/1958,223,6.31465679
7/21/1958,1230,34.82972131
7/22/1958,1740,49.27131307
7/23/1958,1070,30.29902585
7/24/1958,667,18.88733668
7/25/1958,752,21.29426864
7/26/1958,1310,37.09506904
7/27/1958,542,15.34773085
7/28/1958,407,11.52495656
7/29/1958,285,8.070301279
7/30/1958,185,5.23861662
7/31/1958,150,4.247526989
8/1/1958,144,4.077625909
8/2/1958,118,3.341387898
8/3/1958,135,3.82277429
8/4/1958,336,9.514460455
8/5/1958,272,7.702182273
8/6/1958,156,4.417428068
8/7/1958,96,2.718417273
8/8/1958,68,1.925545568
8/9/1958,62,1.755644489
8/10/1958,74,2.095446648
8/11/1958,88,2.4918825
8/12/1958,101,2.860001506
8/13/1958,95,2.690100426
8/14/1958,60,1.699010796
8/15/1958,134,3.794457443
8/16/1958,232,6.569508409
8/17/1958,353,9.995846847
8/18/1958,512,14.49822546
8/19/1958,263,7.447330654
8/20/1958,120,3.398021591
8/21/1958,76,2.152080341
8/22/1958,63,1.783961335
8/23/1958,147,4.162576449
8/24/1958,296,8.381786591
8/25/1958,570,16.14060256
8/26/1958,343,9.712678381
8/27/1958,148,4.190893296
8/28/1958,89,2.520199347
8/29/1958,65,1.840595028
8/30/1958,50,1.41584233
8/31/1958,40,1.132673864
9/1/1958,33,0.934455938
9/2/1958,28,0.792871705
9/3/1958,27,0.764554858
9/4/1958,32,0.906139091
9/5/1958,70,1.982179261
9/6/1958,74,2.095446648
9/7/1958,58,1.642377102
9/8/1958,45,1.274258097
9/9/1958,35,0.991089631
9/10/1958,32,0.906139091
9/11/1958,32,0.906139091
9/12/1958,43,1.217624403
9/13/1958,180,5.097032387
9/14/1958,77,2.180397188
9/15/1958,648,18.34931659
9/16/1958,364,10.30733216
9/17/1958,162,4.587329148
9/18/1958,124,3.511288977
9/19/1958,280,7.928717046
9/20/1958,431,12.20456088
9/21/1958,407,11.52495656
9/22/1958,570,16.14060256
9/23/1958,822,23.2764479
9/24/1958,822,23.2764479
9/25/1958,503,14.24337384
9/26/1958,290,8.211885512
9/27/1958,202,5.720003012
9/28/1958,131,3.709506904
9/29/1958,94,2.66178358
9/30/1958,77,2.180397188
10/1/1958,292,8.268519205
10/2/1958,206,5.833270398
10/3/1958,109,3.086536279
10/4/1958,87,2.463565654
10/5/1958,79,2.237030881
10/6/1958,68,1.925545568
10/7/1958,53,1.500792869
10/8/1958,42,1.189307557
10/9/1958,39,1.104357017
10/10/1958,34,0.962772784
10/11/1958,30,0.849505398
10/12/1958,24,0.679604318
10/13/1958,22,0.622970625
10/14/1958,20,0.566336932
10/15/1958,18,0.509703239
10/16/1958,18,0.509703239
10/17/1958,21,0.594653778
10/18/1958,33,0.934455938
10/19/1958,39,1.104357017
10/20/1958,33,0.934455938
10/21/1958,26,0.736238011
10/22/1958,21,0.594653778
10/23/1958,18,0.509703239
10/24/1958,16,0.453069545
10/25/1958,14,0.396435852
10/26/1958,13,0.368119006
10/27/1958,13,0.368119006
10/28/1958,12,0.339802159
10/29/1958,12,0.339802159
10/30/1958,13,0.368119006
10/31/1958,19,0.538020085
11/1/1958,22,0.622970625
11/2/1958,22,0.622970625
11/3/1958,21,0.594653778
11/4/1958,22,0.622970625
11/5/1958,50,1.41584233
11/6/1958,64,1.812278182
11/7/1958,53,1.500792869
11/8/1958,37,1.047723324
11/9/1958,30,0.849505398
11/10/1958,24,0.679604318
11/11/1958,22,0.622970625
11/12/1958,20,0.566336932
11/13/1958,17,0.481386392
11/14/1958,16,0.453069545
11/15/1958,15,0.424752699
11/16/1958,15,0.424752699
11/17/1958,17,0.481386392
11/18/1958,17,0.481386392
11/19/1958,17,0.481386392
11/20/1958,16,0.453069545
11/21/1958,15,0.424752699
11/22/1958,14,0.396435852
11/23/1958,14,0.396435852
11/24/1958,14,0.396435852
11/25/1958,13,0.368119006
11/26/1958,13,0.368119006
11/27/1958,13,0.368119006
11/28/1958,15,0.424752699
11/29/1958,20,0.566336932
11/30/1958,20,0.566336932
12/1/1958,20,0.566336932
12/2/1958,20,0.566336932
12/3/1958,15,0.424752699
12/4/1958,15,0.424752699
12/5/1958,15,0.424752699
12/6/1958,15,0.424752699
12/7/1958,15,0.424752699
12/8/1958,15,0.424752699
12/9/1958,15,0.424752699
12/10/1958,15,0.424752699
12/11/1958,25,0.707921165
12/12/1958,35,0.991089631
12/13/1958,35,0.991089631
12/14/1958,30,0.849505398
12/15/1958,25,0.707921165
12/16/1958,20,0.566336932
12/17/1958,20,0.566336932
12/18/1958,20,0.566336932
12/19/1958,20,0.566336932
12/20/1958,20,0.566336932
12/21/1958,20,0.566336932
12/22/1958,15,0.424752699
12/23/1958,15,0.424752699
12/24/1958,40,1.132673864
12/25/1958,60,1.699010796
12/26/1958,45,1.274258097
12/27/1958,35,0.991089631
12/28/1958,30,0.849505398
12/29/1958,27,0.764554858
12/30/1958,26,0.736238011
12/31/1958,25,0.707921165
1/1/1959,44,1.24594125
1/2/1959,59,1.670693949
1/3/1959,53,1.500792869
1/4/1959,38,1.07604017
1/5/1959,30,0.849505398
1/6/1959,25,0.707921165
1/7/1959,22,0.622970625
1/8/1959,22,0.622970625
1/9/1959,24,0.679604318
1/10/1959,25,0.707921165
1/11/1959,25,0.707921165
1/12/1959,22,0.622970625
1/13/1959,21,0.594653778
1/14/1959,17,0.481386392
1/15/1959,21,0.594653778
1/16/1959,225,6.371290483
1/17/1959,269,7.617231733
1/18/1959,106,3.001585739
1/19/1959,68,1.925545568
1/20/1959,53,1.500792869
1/21/1959,70,1.982179261
1/22/1959,325,9.202975142
1/23/1959,234,6.626142103
1/24/1959,115,3.256437358
1/25/1959,82,2.321981421
1/26/1959,65,1.840595028
1/27/1959,55,1.557426563
1/28/1959,47,1.33089179
1/29/1959,41,1.16099071
1/30/1959,497,14.07347276
1/31/1959,744,21.06773386
2/1/1959,364,10.30733216
2/2/1959,634,17.95288074
2/3/1959,2110,59.74854631
2/4/1959,1760,49.83765
2/5/1959,1270,35.96239517
2/6/1959,640,18.12278182
2/7/1959,337,9.542777302
2/8/1959,249,7.050894801
2/9/1959,217,6.14475571
2/10/1959,212,6.003171478
2/11/1959,263,7.447330654
2/12/1959,198,5.606735625
2/13/1959,151,4.275843835
2/14/1959,137,3.879407983
2/15/1959,397,11.2417881
2/16/1959,448,12.68594727
2/17/1959,206,5.833270398
2/18/1959,147,4.162576449
2/19/1959,115,3.256437358
2/20/1959,96,2.718417273
2/21/1959,90,2.548516193
2/22/1959,84,2.378615114
2/23/1959,77,2.180397188
2/24/1959,187,5.295250313
2/25/1959,983,27.8354602
2/26/1959,875,24.77724077
2/27/1959,796,22.54020989
2/28/1959,474,13.42218528
3/1/1959,283,8.013667586
3/2/1959,196,5.550101932
3/3/1959,210,5.946537784
3/4/1959,223,6.31465679
3/5/1959,1360,38.51091137
3/6/1959,1240,35.11288977
3/7/1959,744,21.06773386
3/8/1959,337,9.542777302
3/9/1959,236,6.682775796
3/10/1959,181,5.125349233
3/11/1959,177,5.012081847
3/12/1959,194,5.493468239
3/13/1959,135,3.82277429
3/14/1959,150,4.247526989
3/15/1959,349,9.882579461
3/16/1959,223,6.31465679
3/17/1959,132,3.73782375
3/18/1959,102,2.888318352
3/19/1959,89,2.520199347
3/20/1959,82,2.321981421
3/21/1959,104,2.944952046
3/22/1959,276,7.815449659
3/23/1959,147,4.162576449
3/24/1959,87,2.463565654
3/25/1959,71,2.010496108
3/26/1959,71,2.010496108
3/27/1959,87,2.463565654
3/28/1959,124,3.511288977
3/29/1959,113,3.199803665
3/30/1959,117,3.313071051
3/31/1959,90,2.548516193
4/1/1959,1270,35.96239517
4/2/1959,1360,38.51091137
4/3/1959,526,14.89466131
4/4/1959,245,6.937627415
4/5/1959,157,4.445744915
4/6/1959,117,3.313071051
4/7/1959,101,2.860001506
4/8/1959,87,2.463565654
4/9/1959,79,2.237030881
4/10/1959,276,7.815449659
4/11/1959,161,4.559012301
4/12/1959,383,10.84535224
4/13/1959,252,7.135845341
4/14/1959,133,3.766140597
4/15/1959,87,2.463565654
4/16/1959,70,1.982179261
4/17/1959,73,2.067129801
4/18/1959,161,4.559012301
4/19/1959,132,3.73782375
4/20/1959,127,3.596239517
4/21/1959,564,15.97070148
4/22/1959,855,24.21090384
4/23/1959,317,8.97644037
4/24/1959,163,4.615645994
4/25/1959,104,2.944952046
4/26/1959,84,2.378615114
4/27/1959,70,1.982179261
4/28/1959,60,1.699010796
4/29/1959,53,1.500792869
4/30/1959,47,1.33089179
5/1/1959,40,1.132673864
5/2/1959,33,0.934455938
5/3/1959,29,0.821188551
5/4/1959,26,0.736238011
5/5/1959,23,0.651287472
5/6/1959,21,0.594653778
5/7/1959,19,0.538020085
5/8/1959,17,0.481386392
5/9/1959,16,0.453069545
5/10/1959,16,0.453069545
5/11/1959,17,0.481386392
5/12/1959,40,1.132673864
5/13/1959,60,1.699010796
5/14/1959,49,1.387525483
5/15/1959,30,0.849505398
5/16/1959,21,0.594653778
5/17/1959,16,0.453069545
5/18/1959,15,0.424752699
5/19/1959,14,0.396435852
5/20/1959,959,27.15585588
5/21/1959,2640,74.756475
5/22/1959,862,24.40912176
5/23/1959,374,10.59050063
5/24/1959,692,19.59525784
5/25/1959,486,13.76198744
5/26/1959,227,6.427924176
5/27/1959,128,3.624556364
5/28/1959,253,7.164162188
5/29/1959,163,4.615645994
5/30/1959,317,8.97644037
5/31/1959,666,18.85901983
6/1/1959,1210,34.26338438
6/2/1959,1480,41.90893296
6/3/1959,744,21.06773386
6/4/1959,281,7.957033892
6/5/1959,163,4.615645994
6/6/1959,226,6.39960733
6/7/1959,208,5.889904091
6/8/1959,2050,58.04953551
6/9/1959,4730,133.9386844
6/10/1959,2160,61.16438864
6/11/1959,881,24.94714185
6/12/1959,474,13.42218528
6/13/1959,698,19.76515892
6/14/1959,588,16.6503058
6/15/1959,361,10.22238162
6/16/1959,299,8.466737131
6/17/1959,290,8.211885512
6/18/1959,157,4.445744915
6/19/1959,104,2.944952046
6/20/1959,81,2.293664574
6/21/1959,65,1.840595028
6/22/1959,53,1.500792869
6/23/1959,48,1.359208636
6/24/1959,42,1.189307557
6/25/1959,40,1.132673864
6/26/1959,39,1.104357017
6/27/1959,35,0.991089631
6/28/1959,32,0.906139091
6/29/1959,30,0.849505398
6/30/1959,28,0.792871705
7/1/1959,51,1.444159176
7/2/1959,93,2.633466733
7/3/1959,61,1.727327642
7/4/1959,776,21.97387296
7/5/1959,266,7.532281193
7/6/1959,250,7.079211648
7/7/1959,268,7.588914887
7/8/1959,118,3.341387898
7/9/1959,163,4.615645994
7/10/1959,596,16.87684057
7/11/1959,614,17.38654381
7/12/1959,290,8.211885512
7/13/1959,202,5.720003012
7/14/1959,137,3.879407983
7/15/1959,92,2.605149886
7/16/1959,73,2.067129801
7/17/1959,267,7.56059804
7/18/1959,166,4.700596534
7/19/1959,314,8.89148983
7/20/1959,962,27.24080642
7/21/1959,386,10.93030278
7/22/1959,276,7.815449659
7/23/1959,436,12.34614511
7/24/1959,1090,30.86536279
7/25/1959,1070,30.29902585
7/26/1959,796,22.54020989
7/27/1959,549,15.54594878
7/28/1959,424,12.00634296
7/29/1959,313,8.863172983
7/30/1959,227,6.427924176
7/31/1959,161,4.559012301
8/1/1959,661,18.7174356
8/2/1959,1140,32.28120511
8/3/1959,363,10.27901531
8/4/1959,194,5.493468239
8/5/1959,212,6.003171478
8/6/1959,132,3.73782375
8/7/1959,126,3.567922671
8/8/1959,132,3.73782375
8/9/1959,99,2.803367813
8/10/1959,109,3.086536279
8/11/1959,87,2.463565654
8/12/1959,65,1.840595028
8/13/1959,52,1.472476023
8/14/1959,52,1.472476023
8/15/1959,92,2.605149886
8/16/1959,101,2.860001506
8/17/1959,376,10.64713432
8/18/1959,238,6.739409489
8/19/1959,97,2.746734119
8/20/1959,82,2.321981421
8/21/1959,93,2.633466733
8/22/1959,109,3.086536279
8/23/1959,130,3.681190057
8/24/1959,130,3.681190057
8/25/1959,90,2.548516193
8/26/1959,66,1.868911875
8/27/1959,68,1.925545568
8/28/1959,62,1.755644489
8/29/1959,49,1.387525483
8/30/1959,39,1.104357017
8/31/1959,47,1.33089179
9/1/1959,49,1.387525483
9/2/1959,45,1.274258097
9/3/1959,104,2.944952046
9/4/1959,125,3.539605824
9/5/1959,98,2.775050966
9/6/1959,51,1.444159176
9/7/1959,41,1.16099071
9/8/1959,35,0.991089631
9/9/1959,33,0.934455938
9/10/1959,42,1.189307557
9/11/1959,47,1.33089179
9/12/1959,44,1.24594125
9/13/1959,375,10.61881747
9/14/1959,299,8.466737131
9/15/1959,171,4.842180767
9/16/1959,96,2.718417273
9/17/1959,70,1.982179261
9/18/1959,55,1.557426563
9/19/1959,48,1.359208636
9/20/1959,44,1.24594125
9/21/1959,39,1.104357017
9/22/1959,37,1.047723324
9/23/1959,35,0.991089631
9/24/1959,32,0.906139091
9/25/1959,31,0.877822244
9/26/1959,2250,63.71290483
9/27/1959,2080,58.89904091
9/28/1959,1070,30.29902585
9/29/1959,448,12.68594727
9/30/1959,254,7.192479034
10/1/1959,217,6.14475571
10/2/1959,486,13.76198744
10/3/1959,194,5.493468239
10/4/1959,124,3.511288977
10/5/1959,108,3.058219432
10/6/1959,686,19.42535676
10/7/1959,614,17.38654381
10/8/1959,285,8.070301279
10/9/1959,181,5.125349233
10/10/1959,338,9.571094148
10/11/1959,770,21.80397188
10/12/1959,536,15.17782977
10/13/1959,304,8.608321364
10/14/1959,855,24.21090384
10/15/1959,983,27.8354602
10/16/1959,549,15.54594878
10/17/1959,302,8.551687671
10/18/1959,274,7.758815966
10/19/1959,194,5.493468239
10/20/1959,139,3.936041676
10/21/1959,441,12.48772935
10/22/1959,614,17.38654381
10/23/1959,325,9.202975142
10/24/1959,194,5.493468239
10/25/1959,150,4.247526989
10/26/1959,110,3.114853125
10/27/1959,110,3.114853125
10/28/1959,120,3.398021591
10/29/1959,230,6.512874716
10/30/1959,270,7.64554858
10/31/1959,210,5.946537784
11/1/1959,280,7.928717046
11/2/1959,190,5.380200852
11/3/1959,130,3.681190057
11/4/1959,110,3.114853125
11/5/1959,90,2.548516193
11/6/1959,100,2.831684659
11/7/1959,98,2.775050966
11/8/1959,90,2.548516193
11/9/1959,82,2.321981421
11/10/1959,74,2.095446648
11/11/1959,64,1.812278182
11/12/1959,56,1.585743409
11/13/1959,54,1.529109716
11/14/1959,110,3.114853125
11/15/1959,360,10.19406477
11/16/1959,280,7.928717046
11/17/1959,220,6.22970625
11/18/1959,170,4.813863921
11/19/1959,140,3.964358523
11/20/1959,110,3.114853125
11/21/1959,90,2.548516193
11/22/1959,80,2.265347727
11/23/1959,75,2.123763494
11/24/1959,71,2.010496108
11/25/1959,71,2.010496108
11/26/1959,58,1.642377102
11/27/1959,53,1.500792869
11/28/1959,102,2.888318352
11/29/1959,89,2.520199347
11/30/1959,62,1.755644489
12/1/1959,53,1.500792869
12/2/1959,51,1.444159176
12/3/1959,55,1.557426563
12/4/1959,55,1.557426563
12/5/1959,52,1.472476023
12/6/1959,53,1.500792869
12/7/1959,64,1.812278182
12/8/1959,58,1.642377102
12/9/1959,45,1.274258097
12/10/1959,41,1.16099071
12/11/1959,40,1.132673864
12/12/1959,159,4.502378608
12/13/1959,325,9.202975142
12/14/1959,135,3.82277429
12/15/1959,85,2.40693196
12/16/1959,71,2.010496108
12/17/1959,152,4.304160682
12/18/1959,295,8.353469745
12/19/1959,137,3.879407983
12/20/1959,89,2.520199347
12/21/1959,73,2.067129801
12/22/1959,65,1.840595028
12/23/1959,58,1.642377102
12/24/1959,53,1.500792869
12/25/1959,52,1.472476023
12/26/1959,48,1.359208636
12/27/1959,59,1.670693949
12/28/1959,149,4.219210142
12/29/1959,137,3.879407983
12/30/1959,84,2.378615114
12/31/1959,64,1.812278182
1/1/1960,226,6.39960733
1/2/1960,239,6.767726335
1/3/1960,403,11.41168918
1/4/1960,220,6.22970625
1/5/1960,142,4.020992216
1/6/1960,482,13.64872006
1/7/1960,728,20.61466432
1/8/1960,390,11.04357017
1/9/1960,216,6.116438864
1/10/1960,172,4.870497614
1/11/1960,152,4.304160682
1/12/1960,134,3.794457443
1/13/1960,120,3.398021591
1/14/1960,110,3.114853125
1/15/1960,272,7.702182273
1/16/1960,185,5.23861662
1/17/1960,571,16.1689194
1/18/1960,1060,30.01585739
1/19/1960,442,12.51604619
1/20/1960,237,6.711092642
1/21/1960,178,5.040398693
1/22/1960,148,4.190893296
1/23/1960,128,3.624556364
1/24/1960,118,3.341387898
1/25/1960,122,3.454655284
1/26/1960,110,3.114853125
1/27/1960,288,8.155251818
1/28/1960,292,8.268519205
1/29/1960,517,14.63980969
1/30/1960,507,14.35664122
1/31/1960,328,9.287925682
2/1/1960,211,5.974854631
2/2/1960,170,4.813863921
2/3/1960,248,7.022577955
2/4/1960,2040,57.76636705
2/5/1960,1500,42.47526989
2/6/1960,702,19.87842631
2/7/1960,377,10.67545117
2/8/1960,270,7.64554858
2/9/1960,213,6.031488324
2/10/1960,189,5.351884006
2/11/1960,164,4.643962841
2/12/1960,160,4.530695455
2/13/1960,939,26.58951895
2/14/1960,572,16.19723625
2/15/1960,292,8.268519205
2/16/1960,222,6.286339943
2/17/1960,196,5.550101932
2/18/1960,202,5.720003012
2/19/1960,166,4.700596534
2/20/1960,132,3.73782375
2/21/1960,236,6.682775796
2/22/1960,1020,28.88318352
2/23/1960,676,19.1421883
2/24/1960,340,9.627727841
2/25/1960,239,6.767726335
2/26/1960,187,5.295250313
2/27/1960,152,4.304160682
2/28/1960,136,3.851091137
2/29/1960,130,3.681190057
3/1/1960,120,3.398021591
3/2/1960,421,11.92139242
3/3/1960,507,14.35664122
3/4/1960,202,5.720003012
3/5/1960,142,4.020992216
3/6/1960,118,3.341387898
3/7/1960,110,3.114853125
3/8/1960,110,3.114853125
3/9/1960,112,3.171486818
3/10/1960,122,3.454655284
3/11/1960,108,3.058219432
3/12/1960,92,2.605149886
3/13/1960,77,2.180397188
3/14/1960,68,1.925545568
3/15/1960,358,10.13743108
3/16/1960,328,9.287925682
3/17/1960,198,5.606735625
3/18/1960,120,3.398021591
3/19/1960,92,2.605149886
3/20/1960,76,2.152080341
3/21/1960,66,1.868911875
3/22/1960,60,1.699010796
3/23/1960,57,1.614060256
3/24/1960,56,1.585743409
3/25/1960,55,1.557426563
3/26/1960,53,1.500792869
3/27/1960,195,5.521785085
3/28/1960,194,5.493468239
3/29/1960,328,9.287925682
3/30/1960,780,22.08714034
3/31/1960,702,19.87842631
4/1/1960,321,9.089707756
4/2/1960,1180,33.41387898
4/3/1960,2970,84.10103438
4/4/1960,1520,43.04160682
4/5/1960,676,19.1421883
4/6/1960,352,9.96753
4/7/1960,246,6.965944262
4/8/1960,187,5.295250313
4/9/1960,156,4.417428068
4/10/1960,132,3.73782375
4/11/1960,114,3.228120511
4/12/1960,101,2.860001506
4/13/1960,93,2.633466733
4/14/1960,86,2.435248807
4/15/1960,81,2.293664574
4/16/1960,74,2.095446648
4/17/1960,68,1.925545568
4/18/1960,367,10.3922827
4/19/1960,351,9.939213154
4/20/1960,122,3.454655284
4/21/1960,83,2.350298267
4/22/1960,71,2.010496108
4/23/1960,62,1.755644489
4/24/1960,52,1.472476023
4/25/1960,43,1.217624403
4/26/1960,38,1.07604017
4/27/1960,36,1.019406477
4/28/1960,36,1.019406477
4/29/1960,31,0.877822244
4/30/1960,35,0.991089631
5/1/1960,62,1.755644489
5/2/1960,59,1.670693949
5/3/1960,38,1.07604017
5/4/1960,30,0.849505398
5/5/1960,618,17.49981119
5/6/1960,1300,36.81190057
5/7/1960,1590,45.02378608
5/8/1960,1230,34.82972131
5/9/1960,340,9.627727841
5/10/1960,176,4.983765
5/11/1960,120,3.398021591
5/12/1960,120,3.398021591
5/13/1960,126,3.567922671
5/14/1960,83,2.350298267
5/15/1960,63,1.783961335
5/16/1960,53,1.500792869
5/17/1960,47,1.33089179
5/18/1960,41,1.16099071
5/19/1960,37,1.047723324
5/20/1960,33,0.934455938
5/21/1960,29,0.821188551
5/22/1960,25,0.707921165
5/23/1960,23,0.651287472
5/24/1960,21,0.594653778
5/25/1960,18,0.509703239
5/26/1960,18,0.509703239
5/27/1960,18,0.509703239
5/28/1960,19,0.538020085
5/29/1960,18,0.509703239
5/30/1960,15,0.424752699
5/31/1960,14,0.396435852
6/1/1960,13,0.368119006
6/2/1960,12,0.339802159
6/3/1960,12,0.339802159
6/4/1960,11,0.311485313
6/5/1960,10,0.283168466
6/6/1960,9.4,0.266178358
6/7/1960,8.8,0.24918825
6/8/1960,8.3,0.235029827
6/9/1960,8.3,0.235029827
6/10/1960,11,0.311485313
6/11/1960,11,0.311485313
6/12/1960,9.9,0.280336781
6/13/1960,9.4,0.266178358
6/14/1960,7.8,0.220871403
6/15/1960,7,0.198217926
6/16/1960,6.7,0.189722872
6/17/1960,6.7,0.189722872
6/18/1960,6.1,0.172732764
6/19/1960,6.1,0.172732764
6/20/1960,6.1,0.172732764
6/21/1960,7,0.198217926
6/22/1960,5.8,0.16423771
6/23/1960,5.6,0.158574341
6/24/1960,5.8,0.16423771
6/25/1960,5.6,0.158574341
6/26/1960,5,0.141584233
6/27/1960,5,0.141584233
6/28/1960,5,0.141584233
6/29/1960,5.3,0.150079287
6/30/1960,4.8,0.135920864
7/1/1960,4.6,0.130257494
7/2/1960,5,0.141584233
7/3/1960,7.2,0.203881295
7/4/1960,5.8,0.16423771
7/5/1960,5.8,0.16423771
7/6/1960,8.8,0.24918825
7/7/1960,9.4,0.266178358
7/8/1960,9.4,0.266178358
7/9/1960,7,0.198217926
7/10/1960,9.4,0.266178358
7/11/1960,8.8,0.24918825
7/12/1960,7.8,0.220871403
7/13/1960,8.3,0.235029827
7/14/1960,7.2,0.203881295
7/15/1960,166,4.700596534
7/16/1960,56,1.585743409
7/17/1960,247,6.994261108
7/18/1960,851,24.09763645
7/19/1960,172,4.870497614
7/20/1960,63,1.783961335
7/21/1960,32,0.906139091
7/22/1960,20,0.566336932
7/23/1960,88,2.4918825
7/24/1960,416,11.77980818
7/25/1960,328,9.287925682
7/26/1960,116,3.284754205
7/27/1960,52,1.472476023
7/28/1960,32,0.906139091
7/29/1960,28,0.792871705
7/30/1960,19,0.538020085
7/31/1960,95,2.690100426
8/1/1960,154,4.360794375
8/2/1960,130,3.681190057
8/3/1960,129,3.65287321
8/4/1960,806,22.82337835
8/5/1960,832,23.55961636
8/6/1960,572,16.19723625
8/7/1960,377,10.67545117
8/8/1960,323,9.146341449
8/9/1960,195,5.521785085
8/10/1960,97,2.746734119
8/11/1960,152,4.304160682
8/12/1960,385,10.90198594
8/13/1960,520,14.72476023
8/14/1960,218,6.173072557
8/15/1960,259,7.334063267
8/16/1960,682,19.31208938
8/17/1960,209,5.918220938
8/18/1960,101,2.860001506
8/19/1960,88,2.4918825
8/20/1960,150,4.247526989
8/21/1960,162,4.587329148
8/22/1960,452,12.79921466
8/23/1960,598,16.93347426
8/24/1960,559,15.82911724
8/25/1960,196,5.550101932
8/26/1960,97,2.746734119
8/27/1960,69,1.953862415
8/28/1960,53,1.500792869
8/29/1960,42,1.189307557
8/30/1960,26,0.736238011
8/31/1960,20,0.566336932
9/1/1960,19,0.538020085
9/2/1960,93,2.633466733
9/3/1960,168,4.757230227
9/4/1960,60,1.699010796
9/5/1960,38,1.07604017
9/6/1960,28,0.792871705
9/7/1960,21,0.594653778
9/8/1960,18,0.509703239
9/9/1960,18,0.509703239
9/10/1960,29,0.821188551
9/11/1960,28,0.792871705
9/12/1960,21,0.594653778
9/13/1960,16,0.453069545
9/14/1960,14,0.396435852
9/15/1960,834,23.61625006
9/16/1960,3330,94.29509915
9/17/1960,1020,28.88318352
9/18/1960,377,10.67545117
9/19/1960,202,5.720003012
9/20/1960,126,3.567922671
9/21/1960,84,2.378615114
9/22/1960,65,1.840595028
9/23/1960,52,1.472476023
9/24/1960,44,1.24594125
9/25/1960,37,1.047723324
9/26/1960,33,0.934455938
9/27/1960,33,0.934455938
9/28/1960,44,1.24594125
9/29/1960,52,1.472476023
9/30/1960,39,1.104357017
10/1/1960,33,0.934455938
10/2/1960,28,0.792871705
10/3/1960,23,0.651287472
10/4/1960,21,0.594653778
10/5/1960,53,1.500792869
10/6/1960,346,9.797628921
10/7/1960,318,9.004757216
10/8/1960,143,4.049309063
10/9/1960,81,2.293664574
10/10/1960,53,1.500792869
10/11/1960,40,1.132673864
10/12/1960,33,0.934455938
10/13/1960,27,0.764554858
10/14/1960,24,0.679604318
10/15/1960,23,0.651287472
10/16/1960,21,0.594653778
10/17/1960,20,0.566336932
10/18/1960,20,0.566336932
10/19/1960,20,0.566336932
10/20/1960,19,0.538020085
10/21/1960,18,0.509703239
10/22/1960,18,0.509703239
10/23/1960,16,0.453069545
10/24/1960,16,0.453069545
10/25/1960,14,0.396435852
10/26/1960,14,0.396435852
10/27/1960,14,0.396435852
10/28/1960,14,0.396435852
10/29/1960,13,0.368119006
10/30/1960,13,0.368119006
10/31/1960,149,4.219210142
11/1/1960,340,9.627727841
11/2/1960,102,2.888318352
11/3/1960,56,1.585743409
11/4/1960,36,1.019406477
11/5/1960,28,0.792871705
11/6/1960,23,0.651287472
11/7/1960,20,0.566336932
11/8/1960,18,0.509703239
11/9/1960,17,0.481386392
11/10/1960,16,0.453069545
11/11/1960,15,0.424752699
11/12/1960,15,0.424752699
11/13/1960,14,0.396435852
11/14/1960,14,0.396435852
11/15/1960,14,0.396435852
11/16/1960,14,0.396435852
11/17/1960,14,0.396435852
11/18/1960,16,0.453069545
11/19/1960,18,0.509703239
11/20/1960,19,0.538020085
11/21/1960,20,0.566336932
11/22/1960,18,0.509703239
11/23/1960,17,0.481386392
11/24/1960,16,0.453069545
11/25/1960,18,0.509703239
11/26/1960,23,0.651287472
11/27/1960,20,0.566336932
11/28/1960,18,0.509703239
11/29/1960,16,0.453069545
11/30/1960,14,0.396435852
12/1/1960,14,0.396435852
12/2/1960,14,0.396435852
12/3/1960,14,0.396435852
12/4/1960,14,0.396435852
12/5/1960,13,0.368119006
12/6/1960,12,0.339802159
12/7/1960,12,0.339802159
12/8/1960,12,0.339802159
12/9/1960,12,0.339802159
12/10/1960,12,0.339802159
12/11/1960,18,0.509703239
12/12/1960,20,0.566336932
12/13/1960,20,0.566336932
12/14/1960,20,0.566336932
12/15/1960,48,1.359208636
12/16/1960,95,2.690100426
12/17/1960,75,2.123763494
12/18/1960,48,1.359208636
12/19/1960,35,0.991089631
12/20/1960,32,0.906139091
12/21/1960,54,1.529109716
12/22/1960,58,1.642377102
12/23/1960,48,1.359208636
12/24/1960,38,1.07604017
12/25/1960,33,0.934455938
12/26/1960,35,0.991089631
12/27/1960,43,1.217624403
12/28/1960,45,1.274258097
12/29/1960,39,1.104357017
12/30/1960,35,0.991089631
12/31/1960,82,2.321981421
1/1/1961,275,7.787132813
1/2/1961,168,4.757230227
1/3/1961,92,2.605149886
1/4/1961,62,1.755644489
1/5/1961,49,1.387525483
1/6/1961,43,1.217624403
1/7/1961,39,1.104357017
1/8/1961,476,13.47881898
1/9/1961,601,17.0184248
1/10/1961,256,7.249112728
1/11/1961,138,3.90772483
1/12/1961,102,2.888318352
1/13/1961,118,3.341387898
1/14/1961,340,9.627727841
1/15/1961,258,7.305746421
1/16/1961,138,3.90772483
1/17/1961,101,2.860001506
1/18/1961,78,2.208714034
1/19/1961,75,2.123763494
1/20/1961,86,2.435248807
1/21/1961,86,2.435248807
1/22/1961,65,1.840595028
1/23/1961,58,1.642377102
1/24/1961,68,1.925545568
1/25/1961,665,18.83070298
1/26/1961,1330,37.66140597
1/27/1961,751,21.26595179
1/28/1961,364,10.30733216
1/29/1961,328,9.287925682
1/30/1961,234,6.626142103
1/31/1961,160,4.530695455
2/1/1961,129,3.65287321
2/2/1961,117,3.313071051
2/3/1961,138,3.90772483
2/4/1961,134,3.794457443
2/5/1961,101,2.860001506
2/6/1961,206,5.833270398
2/7/1961,354,10.02416369
2/8/1961,202,5.720003012
2/9/1961,133,3.766140597
2/10/1961,106,3.001585739
2/11/1961,92,2.605149886
2/12/1961,81,2.293664574
2/13/1961,74,2.095446648
2/14/1961,65,1.840595028
2/15/1961,61,1.727327642
2/16/1961,57,1.614060256
2/17/1961,57,1.614060256
2/18/1961,2680,75.88914887
2/19/1961,4860,137.6198744
2/20/1961,3070,86.93271904
2/21/1961,1640,46.43962841
2/22/1961,2260,63.9960733
2/23/1961,1560,44.17428068
2/24/1961,1410,39.92675369
2/25/1961,2990,84.66737131
2/26/1961,1060,30.01585739
2/27/1961,529,14.97961185
2/28/1961,416,11.77980818
3/1/1961,367,10.3922827
3/2/1961,314,8.89148983
3/3/1961,237,6.711092642
3/4/1961,202,5.720003012
3/5/1961,189,5.351884006
3/6/1961,368,10.42059955
3/7/1961,1140,32.28120511
3/8/1961,1050,29.73268892
3/9/1961,543,15.3760477
3/10/1961,266,7.532281193
3/11/1961,194,5.493468239
3/12/1961,174,4.927131307
3/13/1961,162,4.587329148
3/14/1961,142,4.020992216
3/15/1961,118,3.341387898
3/16/1961,106,3.001585739
3/17/1961,5170,146.3980969
3/18/1961,3760,106.4713432
3/19/1961,1340,37.94457443
3/20/1961,1250,35.39605824
3/21/1961,848,24.01268591
3/22/1961,525,14.86634446
3/23/1961,374,10.59050063
3/24/1961,291,8.240202358
3/25/1961,240,6.796043182
3/26/1961,236,6.682775796
3/27/1961,504,14.27169068
3/28/1961,1270,35.96239517
3/29/1961,1390,39.36041676
3/30/1961,1260,35.67922671
3/31/1961,1400,39.64358523
4/1/1961,1100,31.14853125
4/2/1961,481,13.62040321
4/3/1961,308,8.72158875
4/4/1961,249,7.050894801
4/5/1961,210,5.946537784
4/6/1961,316,8.948123523
4/7/1961,551,15.60258247
4/8/1961,282,7.985350739
4/9/1961,306,8.664955057
4/10/1961,350,9.910896307
4/11/1961,333,9.429509915
4/12/1961,2080,58.89904091
4/13/1961,819,23.19149736
4/14/1961,379,10.73208486
4/15/1961,313,8.863172983
4/16/1961,240,6.796043182
4/17/1961,178,5.040398693
4/18/1961,147,4.162576449
4/19/1961,127,3.596239517
4/20/1961,117,3.313071051
4/21/1961,104,2.944952046
4/22/1961,97,2.746734119
4/23/1961,92,2.605149886
4/24/1961,88,2.4918825
4/25/1961,80,2.265347727
4/26/1961,88,2.4918825
4/27/1961,284,8.041984432
4/28/1961,216,6.116438864
4/29/1961,114,3.228120511
4/30/1961,76,2.152080341
5/1/1961,91,2.57683304
5/2/1961,129,3.65287321
5/3/1961,145,4.105942756
5/4/1961,104,2.944952046
5/5/1961,72,2.038812955
5/6/1961,59,1.670693949
5/7/1961,51,1.444159176
5/8/1961,47,1.33089179
5/9/1961,389,11.01525332
5/10/1961,210,5.946537784
5/11/1961,108,3.058219432
5/12/1961,72,2.038812955
5/13/1961,56,1.585743409
5/14/1961,51,1.444159176
5/15/1961,179,5.06871554
5/16/1961,220,6.22970625
5/17/1961,129,3.65287321
5/18/1961,73,2.067129801
5/19/1961,52,1.472476023
5/20/1961,106,3.001585739
5/21/1961,150,4.247526989
5/22/1961,63,1.783961335
5/23/1961,56,1.585743409
5/24/1961,40,1.132673864
5/25/1961,34,0.962772784
5/26/1961,37,1.047723324
5/27/1961,72,2.038812955
5/28/1961,62,1.755644489
5/29/1961,38,1.07604017
5/30/1961,30,0.849505398
5/31/1961,25,0.707921165
6/1/1961,21,0.594653778
6/2/1961,20,0.566336932
6/3/1961,20,0.566336932
6/4/1961,19,0.538020085
6/5/1961,18,0.509703239
6/6/1961,18,0.509703239
6/7/1961,16,0.453069545
6/8/1961,16,0.453069545
6/9/1961,16,0.453069545
6/10/1961,16,0.453069545
6/11/1961,15,0.424752699
6/12/1961,22,0.622970625
6/13/1961,28,0.792871705
6/14/1961,44,1.24594125
6/15/1961,65,1.840595028
6/16/1961,78,2.208714034
6/17/1961,41,1.16099071
6/18/1961,34,0.962772784
6/19/1961,235,6.654458949
6/20/1961,4100,116.099071
6/21/1961,2340,66.26142103
6/22/1961,666,18.85901983
6/23/1961,255,7.220795881
6/24/1961,164,4.643962841
6/25/1961,158,4.474061762
6/26/1961,262,7.419013807
6/27/1961,306,8.664955057
6/28/1961,188,5.323567159
6/29/1961,103,2.916635199
6/30/1961,70,1.982179261
7/1/1961,52,1.472476023
7/2/1961,76,2.152080341
7/3/1961,58,1.642377102
7/4/1961,98,2.775050966
7/5/1961,61,1.727327642
7/6/1961,61,1.727327642
7/7/1961,56,1.585743409
7/8/1961,48,1.359208636
7/9/1961,90,2.548516193
7/10/1961,545,15.43268139
7/11/1961,1020,28.88318352
7/12/1961,461,13.05406628
7/13/1961,507,14.35664122
7/14/1961,266,7.532281193
7/15/1961,147,4.162576449
7/16/1961,103,2.916635199
7/17/1961,78,2.208714034
7/18/1961,103,2.916635199
7/19/1961,169,4.785547074
7/20/1961,425,12.0346598
7/21/1961,119,3.369704744
7/22/1961,76,2.152080341
7/23/1961,58,1.642377102
7/24/1961,175,4.955448154
7/25/1961,182,5.15366608
7/26/1961,90,2.548516193
7/27/1961,344,9.740995228
7/28/1961,226,6.39960733
7/29/1961,277,7.843766506
7/30/1961,154,4.360794375
7/31/1961,91,2.57683304
8/1/1961,58,1.642377102
8/2/1961,37,1.047723324
8/3/1961,30,0.849505398
8/4/1961,45,1.274258097
8/5/1961,112,3.171486818
8/6/1961,68,1.925545568
8/7/1961,136,3.851091137
8/8/1961,194,5.493468239
8/9/1961,85,2.40693196
8/10/1961,56,1.585743409
8/11/1961,66,1.868911875
8/12/1961,135,3.82277429
8/13/1961,102,2.888318352
8/14/1961,193,5.465151392
8/15/1961,124,3.511288977
8/16/1961,394,11.15683756
8/17/1961,285,8.070301279
8/18/1961,244,6.909310568
8/19/1961,102,2.888318352
8/20/1961,62,1.755644489
8/21/1961,84,2.378615114
8/22/1961,78,2.208714034
8/23/1961,55,1.557426563
8/24/1961,315,8.919806676
8/25/1961,296,8.381786591
8/26/1961,154,4.360794375
8/27/1961,91,2.57683304
8/28/1961,68,1.925545568
8/29/1961,103,2.916635199
8/30/1961,213,6.031488324
8/31/1961,378,10.70376801
9/1/1961,143,4.049309063
9/2/1961,364,10.30733216
9/3/1961,1250,35.39605824
9/4/1961,606,17.16000903
9/5/1961,218,6.173072557
9/6/1961,139,3.936041676
9/7/1961,236,6.682775796
9/8/1961,186,5.266933466
9/9/1961,134,3.794457443
9/10/1961,436,12.34614511
9/11/1961,1550,43.89111222
9/12/1961,1950,55.21785085
9/13/1961,834,23.61625006
9/14/1961,2060,58.33270398
9/15/1961,1960,55.50101932
9/16/1961,793,22.45525935
9/17/1961,345,9.769312074
9/18/1961,227,6.427924176
9/19/1961,166,4.700596534
9/20/1961,132,3.73782375
9/21/1961,116,3.284754205
9/22/1961,98,2.775050966
9/23/1961,85,2.40693196
9/24/1961,73,2.067129801
9/25/1961,62,1.755644489
9/26/1961,56,1.585743409
9/27/1961,61,1.727327642
9/28/1961,104,2.944952046
9/29/1961,65,1.840595028
9/30/1961,45,1.274258097
10/1/1961,41,1.16099071
10/2/1961,126,3.567922671
10/3/1961,420,11.89307557
10/4/1961,249,7.050894801
10/5/1961,96,2.718417273
10/6/1961,61,1.727327642
10/7/1961,47,1.33089179
10/8/1961,45,1.274258097
10/9/1961,42,1.189307557
10/10/1961,35,0.991089631
10/11/1961,29,0.821188551
10/12/1961,26,0.736238011
10/13/1961,25,0.707921165
10/14/1961,24,0.679604318
10/15/1961,22,0.622970625
10/16/1961,21,0.594653778
10/17/1961,20,0.566336932
10/18/1961,20,0.566336932
10/19/1961,19,0.538020085
10/20/1961,18,0.509703239
10/21/1961,18,0.509703239
10/22/1961,17,0.481386392
10/23/1961,16,0.453069545
10/24/1961,16,0.453069545
10/25/1961,16,0.453069545
10/26/1961,14,0.396435852
10/27/1961,14,0.396435852
10/28/1961,14,0.396435852
10/29/1961,17,0.481386392
10/30/1961,20,0.566336932
10/31/1961,24,0.679604318
11/1/1961,25,0.707921165
11/2/1961,24,0.679604318
11/3/1961,26,0.736238011
11/4/1961,77,2.180397188
11/5/1961,117,3.313071051
11/6/1961,76,2.152080341
11/7/1961,48,1.359208636
11/8/1961,33,0.934455938
11/9/1961,28,0.792871705
11/10/1961,26,0.736238011
11/11/1961,24,0.679604318
11/12/1961,22,0.622970625
11/13/1961,74,2.095446648
11/14/1961,4460,126.2931358
11/15/1961,1650,46.72279688
11/16/1961,1190,33.69704744
11/17/1961,731,20.69961486
11/18/1961,368,10.42059955
11/19/1961,240,6.796043182
11/20/1961,180,5.097032387
11/21/1961,139,3.936041676
11/22/1961,122,3.454655284
11/23/1961,559,15.82911724
11/24/1961,394,11.15683756
11/25/1961,200,5.663369318
11/26/1961,139,3.936041676
11/27/1961,120,3.398021591
11/28/1961,106,3.001585739
11/29/1961,96,2.718417273
11/30/1961,84,2.378615114
12/1/1961,76,2.152080341
12/2/1961,72,2.038812955
12/3/1961,69,1.953862415
12/4/1961,65,1.840595028
12/5/1961,62,1.755644489
12/6/1961,61,1.727327642
12/7/1961,61,1.727327642
12/8/1961,59,1.670693949
12/9/1961,84,2.378615114
12/10/1961,2550,72.20795881
12/11/1961,2380,67.39409489
12/12/1961,1860,52.66933466
12/13/1961,2150,60.88122017
12/14/1961,1150,32.56437358
12/15/1961,982,27.80714335
12/16/1961,1330,37.66140597
12/17/1961,886,25.08872608
12/18/1961,1100,31.14853125
12/19/1961,890,25.20199347
12/20/1961,472,13.36555159
12/21/1961,314,8.89148983
12/22/1961,258,7.305746421
12/23/1961,228,6.456241023
12/24/1961,192,5.436834546
12/25/1961,168,4.757230227
12/26/1961,153,4.332477529
12/27/1961,468,13.25228421
12/28/1961,566,16.02733517
12/29/1961,276,7.815449659
12/30/1961,198,5.606735625
12/31/1961,194,5.493468239
1/1/1962,480,13.59208636
1/2/1962,347,9.825945767
1/3/1962,209,5.918220938
1/4/1962,175,4.955448154
1/5/1962,1000,28.31684659
1/6/1962,1150,32.56437358
1/7/1962,650,18.40595028
1/8/1962,500,14.1584233
1/9/1962,400,11.32673864
1/10/1962,550,15.57426563
1/11/1962,400,11.32673864
1/12/1962,300,8.495053978
1/13/1962,250,7.079211648
1/14/1962,220,6.22970625
1/15/1962,300,8.495053978
1/16/1962,371,10.50555009
1/17/1962,228,6.456241023
1/18/1962,186,5.266933466
1/19/1962,328,9.287925682
1/20/1962,344,9.740995228
1/21/1962,235,6.654458949
1/22/1962,199,5.635052472
1/23/1962,180,5.097032387
1/24/1962,166,4.700596534
1/25/1962,156,4.417428068
1/26/1962,145,4.105942756
1/27/1962,713,20.18991162
1/28/1962,658,18.63248506
1/29/1962,306,8.664955057
1/30/1962,203,5.748319858
1/31/1962,168,4.757230227
2/1/1962,145,4.105942756
2/2/1962,132,3.73782375
2/3/1962,121,3.426338438
2/4/1962,114,3.228120511
2/5/1962,125,3.539605824
2/6/1962,152,4.304160682
2/7/1962,145,4.105942756
2/8/1962,107,3.029902585
2/9/1962,99,2.803367813
2/10/1962,94,2.66178358
2/11/1962,82,2.321981421
2/12/1962,75,2.123763494
2/13/1962,73,2.067129801
2/14/1962,71,2.010496108
2/15/1962,70,1.982179261
2/16/1962,312,8.834856137
2/17/1962,143,4.049309063
2/18/1962,368,10.42059955
2/19/1962,1260,35.67922671
2/20/1962,549,15.54594878
2/21/1962,270,7.64554858
2/22/1962,503,14.24337384
2/23/1962,306,8.664955057
2/24/1962,235,6.654458949
2/25/1962,203,5.748319858
2/26/1962,180,5.097032387
2/27/1962,150,4.247526989
2/28/1962,130,3.681190057
3/1/1962,343,9.712678381
3/2/1962,1160,32.84754205
3/3/1962,762,21.5774371
3/4/1962,373,10.56218378
3/5/1962,266,7.532281193
3/6/1962,203,5.748319858
3/7/1962,158,4.474061762
3/8/1962,132,3.73782375
3/9/1962,126,3.567922671
3/10/1962,118,3.341387898
3/11/1962,141,3.992675369
3/12/1962,188,5.323567159
3/13/1962,112,3.171486818
3/14/1962,84,2.378615114
3/15/1962,118,3.341387898
3/16/1962,141,3.992675369
3/17/1962,93,2.633466733
3/18/1962,75,2.123763494
3/19/1962,68,1.925545568
3/20/1962,60,1.699010796
3/21/1962,55,1.557426563
3/22/1962,55,1.557426563
3/23/1962,82,2.321981421
3/24/1962,90,2.548516193
3/25/1962,166,4.700596534
3/26/1962,272,7.702182273
3/27/1962,132,3.73782375
3/28/1962,80,2.265347727
3/29/1962,64,1.812278182
3/30/1962,58,1.642377102
3/31/1962,151,4.275843835
4/1/1962,619,17.52812804
4/2/1962,224,6.342973637
4/3/1962,118,3.341387898
4/4/1962,82,2.321981421
4/5/1962,69,1.953862415
4/6/1962,175,4.955448154
4/7/1962,712,20.16159477
4/8/1962,252,7.135845341
4/9/1962,141,3.992675369
4/10/1962,106,3.001585739
4/11/1962,96,2.718417273
4/12/1962,135,3.82277429
4/13/1962,168,4.757230227
4/14/1962,99,2.803367813
4/15/1962,66,1.868911875
4/16/1962,56,1.585743409
4/17/1962,48,1.359208636
4/18/1962,43,1.217624403
4/19/1962,40,1.132673864
4/20/1962,38,1.07604017
4/21/1962,34,0.962772784
4/22/1962,31,0.877822244
4/23/1962,27,0.764554858
4/24/1962,25,0.707921165
4/25/1962,28,0.792871705
4/26/1962,44,1.24594125
4/27/1962,48,1.359208636
4/28/1962,44,1.24594125
4/29/1962,39,1.104357017
4/30/1962,39,1.104357017
5/1/1962,41,1.16099071
5/2/1962,37,1.047723324
5/3/1962,35,0.991089631
5/4/1962,31,0.877822244
5/5/1962,25,0.707921165
5/6/1962,20,0.566336932
5/7/1962,15,0.424752699
5/8/1962,12,0.339802159
5/9/1962,11,0.311485313
5/10/1962,10,0.283168466
5/11/1962,9.5,0.269010043
5/12/1962,9.1,0.257683304
5/13/1962,8.3,0.235029827
5/14/1962,7.5,0.212376349
5/15/1962,16,0.453069545
5/16/1962,14,0.396435852
5/17/1962,11,0.311485313
5/18/1962,9.1,0.257683304
5/19/1962,8.3,0.235029827
5/20/1962,7.5,0.212376349
5/21/1962,7.1,0.201049611
5/22/1962,7.1,0.201049611
5/23/1962,6.7,0.189722872
5/24/1962,6.7,0.189722872
5/25/1962,6.3,0.178396134
5/26/1962,6,0.16990108
5/27/1962,6,0.16990108
5/28/1962,5.7,0.161406026
5/29/1962,5.7,0.161406026
5/30/1962,6,0.16990108
5/31/1962,16,0.453069545
6/1/1962,130,3.681190057
6/2/1962,72,2.038812955
6/3/1962,38,1.07604017
6/4/1962,28,0.792871705
6/5/1962,19,0.538020085
6/6/1962,15,0.424752699
6/7/1962,12,0.339802159
6/8/1962,10,0.283168466
6/9/1962,8.7,0.246356565
6/10/1962,7.9,0.223703088
6/11/1962,9.1,0.257683304
6/12/1962,16,0.453069545
6/13/1962,17,0.481386392
6/14/1962,21,0.594653778
6/15/1962,16,0.453069545
6/16/1962,18,0.509703239
6/17/1962,17,0.481386392
6/18/1962,37,1.047723324
6/19/1962,40,1.132673864
6/20/1962,60,1.699010796
6/21/1962,87,2.463565654
6/22/1962,49,1.387525483
6/23/1962,40,1.132673864
6/24/1962,65,1.840595028
6/25/1962,40,1.132673864
6/26/1962,48,1.359208636
6/27/1962,34,0.962772784
6/28/1962,25,0.707921165
6/29/1962,49,1.387525483
6/30/1962,111,3.143169972
7/1/1962,214,6.059805171
7/2/1962,72,2.038812955
7/3/1962,40,1.132673864
7/4/1962,25,0.707921165
7/5/1962,15,0.424752699
7/6/1962,11,0.311485313
7/7/1962,9.1,0.257683304
7/8/1962,7.1,0.201049611
7/9/1962,7.5,0.212376349
7/10/1962,18,0.509703239
7/11/1962,11,0.311485313
7/12/1962,11,0.311485313
7/13/1962,18,0.509703239
7/14/1962,19,0.538020085
7/15/1962,17,0.481386392
7/16/1962,13,0.368119006
7/17/1962,12,0.339802159
7/18/1962,10,0.283168466
7/19/1962,10,0.283168466
7/20/1962,9.1,0.257683304
7/21/1962,8.7,0.246356565
7/22/1962,8,0.226534773
7/23/1962,7.5,0.212376349
7/24/1962,7,0.198217926
7/25/1962,6.7,0.189722872
7/26/1962,6.3,0.178396134
7/27/1962,7.5,0.212376349
7/28/1962,17,0.481386392
7/29/1962,13,0.368119006
7/30/1962,22,0.622970625
7/31/1962,25,0.707921165
8/1/1962,35,0.991089631
8/2/1962,43,1.217624403
8/3/1962,33,0.934455938
8/4/1962,42,1.189307557
8/5/1962,209,5.918220938
8/6/1962,151,4.275843835
8/7/1962,52,1.472476023
8/8/1962,29,0.821188551
8/9/1962,17,0.481386392
8/10/1962,12,0.339802159
8/11/1962,9,0.254851619
8/12/1962,7,0.198217926
8/13/1962,5,0.141584233
8/14/1962,4,0.113267386
8/15/1962,6,0.16990108
8/16/1962,10,0.283168466
8/17/1962,5.7,0.161406026
8/18/1962,4.6,0.130257494
8/19/1962,4.9,0.138752548
8/20/1962,5.2,0.147247602
8/21/1962,7.5,0.212376349
8/22/1962,9.1,0.257683304
8/23/1962,21,0.594653778
8/24/1962,24,0.679604318
8/25/1962,16,0.453069545
8/26/1962,12,0.339802159
8/27/1962,44,1.24594125
8/28/1962,32,0.906139091
8/29/1962,19,0.538020085
8/30/1962,28,0.792871705
8/31/1962,19,0.538020085
9/1/1962,11,0.311485313
9/2/1962,12,0.339802159
9/3/1962,12,0.339802159
9/4/1962,9.1,0.257683304
9/5/1962,11,0.311485313
9/6/1962,11,0.311485313
9/7/1962,16,0.453069545
9/8/1962,30,0.849505398
9/9/1962,89,2.520199347
9/10/1962,57,1.614060256
9/11/1962,33,0.934455938
9/12/1962,22,0.622970625
9/13/1962,16,0.453069545
9/14/1962,16,0.453069545
9/15/1962,197,5.578418779
9/16/1962,88,2.4918825
9/17/1962,43,1.217624403
9/18/1962,27,0.764554858
9/19/1962,17,0.481386392
9/20/1962,12,0.339802159
9/21/1962,8.7,0.246356565
9/22/1962,6.3,0.178396134
9/23/1962,6,0.16990108
9/24/1962,5.2,0.147247602
9/25/1962,4.6,0.130257494
9/26/1962,4.4,0.124594125
9/27/1962,4.2,0.118930756
9/28/1962,3.6,0.101940648
9/29/1962,3.4,0.096277278
9/30/1962,3.4,0.096277278
10/1/1962,3.4,0.096277278
10/2/1962,7.9,0.223703088
10/3/1962,7.9,0.223703088
10/4/1962,16,0.453069545
10/5/1962,11,0.311485313
10/6/1962,7.9,0.223703088
10/7/1962,6.3,0.178396134
10/8/1962,6.3,0.178396134
10/9/1962,6,0.16990108
10/10/1962,5.4,0.152910972
10/11/1962,5.2,0.147247602
10/12/1962,4.4,0.124594125
10/13/1962,3.9,0.110435702
10/14/1962,3.6,0.101940648
10/15/1962,3.4,0.096277278
10/16/1962,3.4,0.096277278
10/17/1962,3.4,0.096277278
10/18/1962,3.2,0.090613909
10/19/1962,3.2,0.090613909
10/20/1962,3,0.08495054
10/21/1962,5.8,0.16423771
10/22/1962,14,0.396435852
10/23/1962,20,0.566336932
10/24/1962,14,0.396435852
10/25/1962,11,0.311485313
10/26/1962,7.9,0.223703088
10/27/1962,6.3,0.178396134
10/28/1962,5.4,0.152910972
10/29/1962,4.9,0.138752548
10/30/1962,4.6,0.130257494
10/31/1962,4.4,0.124594125
11/1/1962,4.2,0.118930756
11/2/1962,4.2,0.118930756
11/3/1962,4.4,0.124594125
11/4/1962,4.4,0.124594125
11/5/1962,4.4,0.124594125
11/6/1962,4.2,0.118930756
11/7/1962,4.2,0.118930756
11/8/1962,5.4,0.152910972
11/9/1962,4.9,0.138752548
11/10/1962,4.4,0.124594125
11/11/1962,4.4,0.124594125
11/12/1962,5.2,0.147247602
11/13/1962,4.9,0.138752548
11/14/1962,4.9,0.138752548
11/15/1962,5.4,0.152910972
11/16/1962,5.7,0.161406026
11/17/1962,6,0.16990108
11/18/1962,6,0.16990108
11/19/1962,5.4,0.152910972
11/20/1962,6.7,0.189722872
11/21/1962,27,0.764554858
11/22/1962,127,3.596239517
11/23/1962,107,3.029902585
11/24/1962,43,1.217624403
11/25/1962,28,0.792871705
11/26/1962,20,0.566336932
11/27/1962,16,0.453069545
11/28/1962,14,0.396435852
11/29/1962,12,0.339802159
11/30/1962,10,0.283168466
12/1/1962,10,0.283168466
12/2/1962,10,0.283168466
12/3/1962,9.5,0.269010043
12/4/1962,9.1,0.257683304
12/5/1962,9.1,0.257683304
12/6/1962,7.9,0.223703088
12/7/1962,7.5,0.212376349
12/8/1962,8.3,0.235029827
12/9/1962,8.7,0.246356565
12/10/1962,8.7,0.246356565
12/11/1962,10,0.283168466
12/12/1962,10,0.283168466
12/13/1962,9.5,0.269010043
12/14/1962,9.1,0.257683304
12/15/1962,9.1,0.257683304
12/16/1962,9.1,0.257683304
12/17/1962,9.1,0.257683304
12/18/1962,9.5,0.269010043
12/19/1962,10,0.283168466
12/20/1962,10,0.283168466
12/21/1962,11,0.311485313
12/22/1962,16,0.453069545
12/23/1962,41,1.16099071
12/24/1962,50,1.41584233
12/25/1962,40,1.132673864
12/26/1962,40,1.132673864
12/27/1962,36,1.019406477
12/28/1962,30,0.849505398
12/29/1962,547,15.48931509
12/30/1962,569,16.11228571
12/31/1962,200,5.663369318
1/1/1963,107,3.029902585
1/2/1963,77,2.180397188
1/3/1963,55,1.557426563
1/4/1963,42,1.189307557
1/5/1963,33,0.934455938
1/6/1963,33,0.934455938
1/7/1963,36,1.019406477
1/8/1963,34,0.962772784
1/9/1963,25,0.707921165
1/10/1963,22,0.622970625
1/11/1963,36,1.019406477
1/12/1963,162,4.587329148
1/13/1963,202,5.720003012
1/14/1963,198,5.606735625
1/15/1963,112,3.171486818
1/16/1963,80,2.265347727
1/17/1963,66,1.868911875
1/18/1963,85,2.40693196
1/19/1963,420,11.89307557
1/20/1963,1280,36.24556364
1/21/1963,947,26.81605372
1/22/1963,622,17.61307858
1/23/1963,252,7.135845341
1/24/1963,175,4.955448154
1/25/1963,125,3.539605824
1/26/1963,109,3.086536279
1/27/1963,102,2.888318352
1/28/1963,85,2.40693196
1/29/1963,70,1.982179261
1/30/1963,64,1.812278182
1/31/1963,80,2.265347727
2/1/1963,80,2.265347727
2/2/1963,69,1.953862415
2/3/1963,104,2.944952046
2/4/1963,118,3.341387898
2/5/1963,83,2.350298267
2/6/1963,61,1.727327642
2/7/1963,52,1.472476023
2/8/1963,42,1.189307557
2/9/1963,37,1.047723324
2/10/1963,31,0.877822244
2/11/1963,583,16.50872156
2/12/1963,694,19.65189153
2/13/1963,306,8.664955057
2/14/1963,173,4.89881446
2/15/1963,122,3.454655284
2/16/1963,96,2.718417273
2/17/1963,82,2.321981421
2/18/1963,106,3.001585739
2/19/1963,706,19.99169369
2/20/1963,430,12.17624403
2/21/1963,211,5.974854631
2/22/1963,144,4.077625909
2/23/1963,112,3.171486818
2/24/1963,827,23.41803213
2/25/1963,913,25.85328094
2/26/1963,373,10.56218378
2/27/1963,209,5.918220938
2/28/1963,157,4.445744915
3/1/1963,135,3.82277429
3/2/1963,118,3.341387898
3/3/1963,101,2.860001506
3/4/1963,93,2.633466733
3/5/1963,135,3.82277429
3/6/1963,490,13.87525483
3/7/1963,264,7.4756475
3/8/1963,150,4.247526989
3/9/1963,107,3.029902585
3/10/1963,98,2.775050966
3/11/1963,96,2.718417273
3/12/1963,96,2.718417273
3/13/1963,98,2.775050966
3/14/1963,82,2.321981421
3/15/1963,67,1.897228722
3/16/1963,56,1.585743409
3/17/1963,52,1.472476023
3/18/1963,49,1.387525483
3/19/1963,52,1.472476023
3/20/1963,110,3.114853125
3/21/1963,125,3.539605824
3/22/1963,74,2.095446648
3/23/1963,49,1.387525483
3/24/1963,36,1.019406477
3/25/1963,33,0.934455938
3/26/1963,34,0.962772784
3/27/1963,37,1.047723324
3/28/1963,36,1.019406477
3/29/1963,30,0.849505398
3/30/1963,24,0.679604318
3/31/1963,23,0.651287472
4/1/1963,22,0.622970625
4/2/1963,20,0.566336932
4/3/1963,19,0.538020085
4/4/1963,18,0.509703239
4/5/1963,17,0.481386392
4/6/1963,22,0.622970625
4/7/1963,166,4.700596534
4/8/1963,115,3.256437358
4/9/1963,62,1.755644489
4/10/1963,43,1.217624403
4/11/1963,31,0.877822244
4/12/1963,23,0.651287472
4/13/1963,20,0.566336932
4/14/1963,16,0.453069545
4/15/1963,15,0.424752699
4/16/1963,12,0.339802159
4/17/1963,10,0.283168466
4/18/1963,9.5,0.269010043
4/19/1963,8.7,0.246356565
4/20/1963,8.3,0.235029827
4/21/1963,7.9,0.223703088
4/22/1963,7.1,0.201049611
4/23/1963,7.5,0.212376349
4/24/1963,6.3,0.178396134
4/25/1963,5.9,0.167069395
4/26/1963,5.9,0.167069395
4/27/1963,5.5,0.155742656
4/28/1963,5.5,0.155742656
4/29/1963,5.5,0.155742656
4/30/1963,5.5,0.155742656
5/1/1963,5.5,0.155742656
5/2/1963,5.5,0.155742656
5/3/1963,5.9,0.167069395
5/4/1963,6.3,0.178396134
5/5/1963,6.3,0.178396134
5/6/1963,5.9,0.167069395
5/7/1963,5.5,0.155742656
5/8/1963,13,0.368119006
5/9/1963,10,0.283168466
5/10/1963,7.1,0.201049611
5/11/1963,5.9,0.167069395
5/12/1963,5.1,0.144415918
5/13/1963,4.8,0.135920864
5/14/1963,4.2,0.118930756
5/15/1963,3.9,0.110435702
5/16/1963,3.9,0.110435702
5/17/1963,3.6,0.101940648
5/18/1963,4.6,0.130257494
5/19/1963,57,1.614060256
5/20/1963,322,9.118024603
5/21/1963,123,3.482972131
5/22/1963,70,1.982179261
5/23/1963,115,3.256437358
5/24/1963,49,1.387525483
5/25/1963,22,0.622970625
5/26/1963,15,0.424752699
5/27/1963,11,0.311485313
5/28/1963,9.1,0.257683304
5/29/1963,8.3,0.235029827
5/30/1963,8.3,0.235029827
5/31/1963,9.1,0.257683304
6/1/1963,7.9,0.223703088
6/2/1963,6.3,0.178396134
6/3/1963,5.5,0.155742656
6/4/1963,5.1,0.144415918
6/5/1963,4.5,0.12742581
6/6/1963,4.2,0.118930756
6/7/1963,3.9,0.110435702
6/8/1963,3.6,0.101940648
6/9/1963,3,0.08495054
6/10/1963,3,0.08495054
6/11/1963,2.7,0.076455486
6/12/1963,2.7,0.076455486
6/13/1963,3.3,0.093445594
6/14/1963,2.7,0.076455486
6/15/1963,2.4,0.067960432
6/16/1963,2.2,0.062297063
6/17/1963,2.2,0.062297063
6/18/1963,2.7,0.076455486
6/19/1963,3.3,0.093445594
6/20/1963,5.3,0.150079287
6/21/1963,5.9,0.167069395
6/22/1963,5.1,0.144415918
6/23/1963,4.5,0.12742581
6/24/1963,22,0.622970625
6/25/1963,27,0.764554858
6/26/1963,19,0.538020085
6/27/1963,29,0.821188551
6/28/1963,12,0.339802159
6/29/1963,12,0.339802159
6/30/1963,11,0.311485313
7/1/1963,6.7,0.189722872
7/2/1963,5.5,0.155742656
7/3/1963,28,0.792871705
7/4/1963,108,3.058219432
7/5/1963,136,3.851091137
7/6/1963,94,2.66178358
7/7/1963,38,1.07604017
7/8/1963,28,0.792871705
7/9/1963,113,3.199803665
7/10/1963,43,1.217624403
7/11/1963,18,0.509703239
7/12/1963,196,5.550101932
7/13/1963,569,16.11228571
7/14/1963,360,10.19406477
7/15/1963,134,3.794457443
7/16/1963,76,2.152080341
7/17/1963,42,1.189307557
7/18/1963,23,0.651287472
7/19/1963,86,2.435248807
7/20/1963,134,3.794457443
7/21/1963,54,1.529109716
7/22/1963,108,3.058219432
7/23/1963,78,2.208714034
7/24/1963,37,1.047723324
7/25/1963,112,3.171486818
7/26/1963,114,3.228120511
7/27/1963,82,2.321981421
7/28/1963,44,1.24594125
7/29/1963,23,0.651287472
7/30/1963,17,0.481386392
7/31/1963,16,0.453069545
8/1/1963,182,5.15366608
8/2/1963,331,9.372876222
8/3/1963,111,3.143169972
8/4/1963,53,1.500792869
8/5/1963,26,0.736238011
8/6/1963,18,0.509703239
8/7/1963,14,0.396435852
8/8/1963,59,1.670693949
8/9/1963,151,4.275843835
8/10/1963,43,1.217624403
8/11/1963,19,0.538020085
8/12/1963,14,0.396435852
8/13/1963,9.1,0.257683304
8/14/1963,7.1,0.201049611
8/15/1963,5.9,0.167069395
8/16/1963,5.1,0.144415918
8/17/1963,4.2,0.118930756
8/18/1963,3.3,0.093445594
8/19/1963,4.2,0.118930756
8/20/1963,5.9,0.167069395
8/21/1963,5.1,0.144415918
8/22/1963,4.5,0.12742581
8/23/1963,5.1,0.144415918
8/24/1963,7.5,0.212376349
8/25/1963,12,0.339802159
8/26/1963,9.1,0.257683304
8/27/1963,7.9,0.223703088
8/28/1963,7.1,0.201049611
8/29/1963,6.3,0.178396134
8/30/1963,13,0.368119006
8/31/1963,118,3.341387898
9/1/1963,78,2.208714034
9/2/1963,36,1.019406477
9/3/1963,22,0.622970625
9/4/1963,15,0.424752699
9/5/1963,11,0.311485313
9/6/1963,9.5,0.269010043
9/7/1963,8.7,0.246356565
9/8/1963,7.5,0.212376349
9/9/1963,6.3,0.178396134
9/10/1963,5.5,0.155742656
9/11/1963,5.1,0.144415918
9/12/1963,4.8,0.135920864
9/13/1963,8.1,0.229366457
9/14/1963,34,0.962772784
9/15/1963,11,0.311485313
9/16/1963,15,0.424752699
9/17/1963,36,1.019406477
9/18/1963,31,0.877822244
9/19/1963,21,0.594653778
9/20/1963,15,0.424752699
9/21/1963,11,0.311485313
9/22/1963,10,0.283168466
9/23/1963,8.3,0.235029827
9/24/1963,6.7,0.189722872
9/25/1963,5.9,0.167069395
9/26/1963,5.5,0.155742656
9/27/1963,5.1,0.144415918
9/28/1963,4.8,0.135920864
9/29/1963,4.5,0.12742581
9/30/1963,3.9,0.110435702
10/1/1963,3,0.08495054
10/2/1963,3,0.08495054
10/3/1963,3,0.08495054
10/4/1963,2.7,0.076455486
10/5/1963,2.7,0.076455486
10/6/1963,2.7,0.076455486
10/7/1963,2.7,0.076455486
10/8/1963,2.4,0.067960432
10/9/1963,2.2,0.062297063
10/10/1963,2.2,0.062297063
10/11/1963,2,0.056633693
10/12/1963,1.8,0.050970324
10/13/1963,1.8,0.050970324
10/14/1963,3.9,0.110435702
10/15/1963,2.7,0.076455486
10/16/1963,1.8,0.050970324
10/17/1963,1.6,0.045306955
10/18/1963,1.4,0.039643585
10/19/1963,1.4,0.039643585
10/20/1963,1.3,0.036811901
10/21/1963,1.2,0.033980216
10/22/1963,1.2,0.033980216
10/23/1963,1.2,0.033980216
10/24/1963,1.3,0.036811901
10/25/1963,1.3,0.036811901
10/26/1963,1.3,0.036811901
10/27/1963,1.4,0.039643585
10/28/1963,1.4,0.039643585
10/29/1963,1.3,0.036811901
10/30/1963,1.2,0.033980216
10/31/1963,1.3,0.036811901
11/1/1963,1.4,0.039643585
11/2/1963,1.4,0.039643585
11/3/1963,1.6,0.045306955
11/4/1963,1.6,0.045306955
11/5/1963,2,0.056633693
11/6/1963,2.2,0.062297063
11/7/1963,2.4,0.067960432
11/8/1963,2.4,0.067960432
11/9/1963,5.5,0.155742656
11/10/1963,7.1,0.201049611
11/11/1963,4.5,0.12742581
11/12/1963,4.2,0.118930756
11/13/1963,4.2,0.118930756
11/14/1963,3.9,0.110435702
11/15/1963,3.3,0.093445594
11/16/1963,3.3,0.093445594
11/17/1963,3,0.08495054
11/18/1963,3,0.08495054
11/19/1963,3,0.08495054
11/20/1963,3,0.08495054
11/21/1963,3,0.08495054
11/22/1963,3.6,0.101940648
11/23/1963,90,2.548516193
11/24/1963,37,1.047723324
11/25/1963,19,0.538020085
11/26/1963,14,0.396435852
11/27/1963,11,0.311485313
11/28/1963,15,0.424752699
11/29/1963,25,0.707921165
11/30/1963,23,0.651287472
12/1/1963,19,0.538020085
12/2/1963,17,0.481386392
12/3/1963,31,0.877822244
12/4/1963,31,0.877822244
12/5/1963,24,0.679604318
12/6/1963,18,0.509703239
12/7/1963,16,0.453069545
12/8/1963,15,0.424752699
12/9/1963,14,0.396435852
12/10/1963,12,0.339802159
12/11/1963,12,0.339802159
12/12/1963,21,0.594653778
12/13/1963,353,9.995846847
12/14/1963,538,15.23446347
12/15/1963,322,9.118024603
12/16/1963,157,4.445744915
12/17/1963,101,2.860001506
12/18/1963,74,2.095446648
12/19/1963,55,1.557426563
12/20/1963,43,1.217624403
12/21/1963,91,2.57683304
12/22/1963,166,4.700596534
12/23/1963,205,5.804953551
12/24/1963,139,3.936041676
12/25/1963,99,2.803367813
12/26/1963,78,2.208714034
12/27/1963,64,1.812278182
12/28/1963,54,1.529109716
12/29/1963,40,1.132673864
12/30/1963,33,0.934455938
12/31/1963,31,0.877822244
1/1/1964,38,1.07604017
1/2/1964,55,1.557426563
1/3/1964,125,3.539605824
1/4/1964,284,8.041984432
1/5/1964,485,13.7336706
1/6/1964,1460,41.34259602
1/7/1964,1540,43.60794375
1/8/1964,1070,30.29902585
1/9/1964,1070,30.29902585
1/10/1964,687,19.45367361
1/11/1964,366,10.36396585
1/12/1964,572,16.19723625
1/13/1964,411,11.63822395
1/14/1964,246,6.965944262
1/15/1964,186,5.266933466
1/16/1964,204,5.776636705
1/17/1964,432,12.23287773
1/18/1964,371,10.50555009
1/19/1964,464,13.13901682
1/20/1964,232,6.569508409
1/21/1964,200,5.663369318
1/22/1964,182,5.15366608
1/23/1964,292,8.268519205
1/24/1964,278,7.872083353
1/25/1964,258,7.305746421
1/26/1964,198,5.606735625
1/27/1964,153,4.332477529
1/28/1964,164,4.643962841
1/29/1964,144,4.077625909
1/30/1964,114,3.228120511
1/31/1964,128,3.624556364
2/1/1964,180,5.097032387
2/2/1964,142,4.020992216
2/3/1964,109,3.086536279
2/4/1964,91,2.57683304
2/5/1964,118,3.341387898
2/6/1964,160,4.530695455
2/7/1964,125,3.539605824
2/8/1964,114,3.228120511
2/9/1964,101,2.860001506
2/10/1964,82,2.321981421
2/11/1964,69,1.953862415
2/12/1964,60,1.699010796
2/13/1964,56,1.585743409
2/14/1964,64,1.812278182
2/15/1964,70,1.982179261
2/16/1964,74,2.095446648
2/17/1964,83,2.350298267
2/18/1964,327,9.259608836
2/19/1964,308,8.72158875
2/20/1964,162,4.587329148
2/21/1964,114,3.228120511
2/22/1964,114,3.228120511
2/23/1964,107,3.029902585
2/24/1964,88,2.4918825
2/25/1964,447,12.65763043
2/26/1964,442,12.51604619
2/27/1964,336,9.514460455
2/28/1964,416,11.77980818
2/29/1964,244,6.909310568
3/1/1964,168,4.757230227
3/2/1964,1010,28.60001506
3/3/1964,1350,38.2277429
3/4/1964,694,19.65189153
3/5/1964,442,12.51604619
3/6/1964,280,7.928717046
3/7/1964,204,5.776636705
3/8/1964,175,4.955448154
3/9/1964,157,4.445744915
3/10/1964,144,4.077625909
3/11/1964,120,3.398021591
3/12/1964,101,2.860001506
3/13/1964,86,2.435248807
3/14/1964,82,2.321981421
3/15/1964,96,2.718417273
3/16/1964,132,3.73782375
3/17/1964,101,2.860001506
3/18/1964,72,2.038812955
3/19/1964,308,8.72158875
3/20/1964,808,22.88001205
3/21/1964,395,11.1851544
3/22/1964,196,5.550101932
3/23/1964,139,3.936041676
3/24/1964,118,3.341387898
3/25/1964,256,7.249112728
3/26/1964,304,8.608321364
3/27/1964,189,5.351884006
3/28/1964,126,3.567922671
3/29/1964,102,2.888318352
3/30/1964,83,2.350298267
3/31/1964,67,1.897228722
4/1/1964,60,1.699010796
4/2/1964,54,1.529109716
4/3/1964,50,1.41584233
4/4/1964,50,1.41584233
4/5/1964,50,1.41584233
4/6/1964,101,2.860001506
4/7/1964,248,7.022577955
4/8/1964,193,5.465151392
4/9/1964,122,3.454655284
4/10/1964,82,2.321981421
4/11/1964,58,1.642377102
4/12/1964,49,1.387525483
4/13/1964,58,1.642377102
4/14/1964,205,5.804953551
4/15/1964,466,13.19565051
4/16/1964,238,6.739409489
4/17/1964,120,3.398021591
4/18/1964,82,2.321981421
4/19/1964,64,1.812278182
4/20/1964,52,1.472476023
4/21/1964,42,1.189307557
4/22/1964,33,0.934455938
4/23/1964,27,0.764554858
4/24/1964,24,0.679604318
4/25/1964,25,0.707921165
4/26/1964,1740,49.27131307
4/27/1964,7510,212.6595179
4/28/1964,3030,85.80004517
4/29/1964,772,21.86060557
4/30/1964,403,11.41168918
5/1/1964,293,8.296836051
5/2/1964,346,9.797628921
5/3/1964,290,8.211885512
5/4/1964,194,5.493468239
5/5/1964,147,4.162576449
5/6/1964,112,3.171486818
5/7/1964,94,2.66178358
5/8/1964,80,2.265347727
5/9/1964,69,1.953862415
5/10/1964,61,1.727327642
5/11/1964,54,1.529109716
5/12/1964,80,2.265347727
5/13/1964,410,11.6099071
5/14/1964,299,8.466737131
5/15/1964,124,3.511288977
5/16/1964,78,2.208714034
5/17/1964,54,1.529109716
5/18/1964,40,1.132673864
5/19/1964,30,0.849505398
5/20/1964,25,0.707921165
5/21/1964,21,0.594653778
5/22/1964,19,0.538020085
5/23/1964,17,0.481386392
5/24/1964,16,0.453069545
5/25/1964,17,0.481386392
5/26/1964,17,0.481386392
5/27/1964,19,0.538020085
5/28/1964,17,0.481386392
5/29/1964,14,0.396435852
5/30/1964,12,0.339802159
5/31/1964,16,0.453069545
6/1/1964,32,0.906139091
6/2/1964,73,2.067129801
6/3/1964,43,1.217624403
6/4/1964,25,0.707921165
6/5/1964,18,0.509703239
6/6/1964,14,0.396435852
6/7/1964,12,0.339802159
6/8/1964,11,0.311485313
6/9/1964,10,0.283168466
6/10/1964,10,0.283168466
6/11/1964,12,0.339802159
6/12/1964,12,0.339802159
6/13/1964,10,0.283168466
6/14/1964,9.3,0.263346673
6/15/1964,9.3,0.263346673
6/16/1964,8.5,0.240693196
6/17/1964,8.5,0.240693196
6/18/1964,8.2,0.232198142
6/19/1964,8.5,0.240693196
6/20/1964,9.7,0.274673412
6/21/1964,9.7,0.274673412
6/22/1964,8.9,0.252019935
6/23/1964,11,0.311485313
6/24/1964,19,0.538020085
6/25/1964,28,0.792871705
6/26/1964,111,3.143169972
6/27/1964,84,2.378615114
6/28/1964,166,4.700596534
6/29/1964,523,14.80971077
6/30/1964,715,20.24654531
7/1/1964,291,8.240202358
7/2/1964,186,5.266933466
7/3/1964,210,5.946537784
7/4/1964,231,6.541191563
7/5/1964,174,4.927131307
7/6/1964,109,3.086536279
7/7/1964,61,1.727327642
7/8/1964,35,0.991089631
7/9/1964,23,0.651287472
7/10/1964,19,0.538020085
7/11/1964,15,0.424752699
7/12/1964,14,0.396435852
7/13/1964,13,0.368119006
7/14/1964,14,0.396435852
7/15/1964,16,0.453069545
7/16/1964,16,0.453069545
7/17/1964,16,0.453069545
7/18/1964,14,0.396435852
7/19/1964,19,0.538020085
7/20/1964,43,1.217624403
7/21/1964,42,1.189307557
7/22/1964,35,0.991089631
7/23/1964,85,2.40693196
7/24/1964,98,2.775050966
7/25/1964,97,2.746734119
7/26/1964,143,4.049309063
7/27/1964,80,2.265347727
7/28/1964,91,2.57683304
7/29/1964,120,3.398021591
7/30/1964,210,5.946537784
7/31/1964,100,2.831684659
8/1/1964,79,2.237030881
8/2/1964,80,2.265347727
8/3/1964,273,7.73049912
8/4/1964,208,5.889904091
8/5/1964,85,2.40693196
8/6/1964,48,1.359208636
8/7/1964,30,0.849505398
8/8/1964,476,13.47881898
8/9/1964,494,13.98852222
8/10/1964,229,6.48455787
8/11/1964,108,3.058219432
8/12/1964,70,1.982179261
8/13/1964,47,1.33089179
8/14/1964,62,1.755644489
8/15/1964,147,4.162576449
8/16/1964,125,3.539605824
8/17/1964,91,2.57683304
8/18/1964,220,6.22970625
8/19/1964,1050,29.73268892
8/20/1964,616,17.4431775
8/21/1964,218,6.173072557
8/22/1964,182,5.15366608
8/23/1964,154,4.360794375
8/24/1964,200,5.663369318
8/25/1964,106,3.001585739
8/26/1964,79,2.237030881
8/27/1964,59,1.670693949
8/28/1964,54,1.529109716
8/29/1964,45,1.274258097
8/30/1964,184,5.210299773
8/31/1964,58,1.642377102
9/1/1964,40,1.132673864
9/2/1964,26,0.736238011
9/3/1964,20,0.566336932
9/4/1964,17,0.481386392
9/5/1964,16,0.453069545
9/6/1964,16,0.453069545
9/7/1964,112,3.171486818
9/8/1964,145,4.105942756
9/9/1964,102,2.888318352
9/10/1964,58,1.642377102
9/11/1964,34,0.962772784
9/12/1964,22,0.622970625
9/13/1964,16,0.453069545
9/14/1964,14,0.396435852
9/15/1964,13,0.368119006
9/16/1964,40,1.132673864
9/17/1964,59,1.670693949
9/18/1964,79,2.237030881
9/19/1964,260,7.362380114
9/20/1964,174,4.927131307
9/21/1964,91,2.57683304
9/22/1964,59,1.670693949
9/23/1964,38,1.07604017
9/24/1964,26,0.736238011
9/25/1964,20,0.566336932
9/26/1964,17,0.481386392
9/27/1964,15,0.424752699
9/28/1964,14,0.396435852
9/29/1964,14,0.396435852
9/30/1964,14,0.396435852
10/1/1964,15,0.424752699
10/2/1964,16,0.453069545
10/3/1964,27,0.764554858
10/4/1964,71,2.010496108
10/5/1964,240,6.796043182
10/6/1964,175,4.955448154
10/7/1964,81,2.293664574
10/8/1964,45,1.274258097
10/9/1964,31,0.877822244
10/10/1964,24,0.679604318
10/11/1964,19,0.538020085
10/12/1964,16,0.453069545
10/13/1964,15,0.424752699
10/14/1964,14,0.396435852
10/15/1964,14,0.396435852
10/16/1964,14,0.396435852
10/17/1964,13,0.368119006
10/18/1964,12,0.339802159
10/19/1964,11,0.311485313
10/20/1964,11,0.311485313
10/21/1964,9.6,0.271841727
10/22/1964,9.2,0.260514989
10/23/1964,8.8,0.24918825
10/24/1964,8.4,0.237861511
10/25/1964,8,0.226534773
10/26/1964,8,0.226534773
10/27/1964,7.6,0.215208034
10/28/1964,58,1.642377102
10/29/1964,135,3.82277429
10/30/1964,35,0.991089631
10/31/1964,21,0.594653778
11/1/1964,16,0.453069545
11/2/1964,14,0.396435852
11/3/1964,12,0.339802159
11/4/1964,11,0.311485313
11/5/1964,11,0.311485313
11/6/1964,9.6,0.271841727
11/7/1964,9.6,0.271841727
11/8/1964,11,0.311485313
11/9/1964,11,0.311485313
11/10/1964,10,0.283168466
11/11/1964,10,0.283168466
11/12/1964,11,0.311485313
11/13/1964,10,0.283168466
11/14/1964,9.6,0.271841727
11/15/1964,9.6,0.271841727
11/16/1964,9.6,0.271841727
11/17/1964,9.6,0.271841727
11/18/1964,9.6,0.271841727
11/19/1964,11,0.311485313
11/20/1964,32,0.906139091
11/21/1964,38,1.07604017
11/22/1964,35,0.991089631
11/23/1964,27,0.764554858
11/24/1964,120,3.398021591
11/25/1964,461,13.05406628
11/26/1964,240,6.796043182
11/27/1964,122,3.454655284
11/28/1964,708,20.04832739
11/29/1964,629,17.81129651
11/30/1964,281,7.957033892
12/1/1964,148,4.190893296
12/2/1964,100,2.831684659
12/3/1964,83,2.350298267
12/4/1964,90,2.548516193
12/5/1964,120,3.398021591
12/6/1964,109,3.086536279
12/7/1964,71,2.010496108
12/8/1964,56,1.585743409
12/9/1964,48,1.359208636
12/10/1964,45,1.274258097
12/11/1964,1480,41.90893296
12/12/1964,1230,34.82972131
12/13/1964,687,19.45367361
12/14/1964,318,9.004757216
12/15/1964,212,6.003171478
12/16/1964,155,4.389111222
12/17/1964,126,3.567922671
12/18/1964,162,4.587329148
12/19/1964,224,6.342973637
12/20/1964,157,4.445744915
12/21/1964,137,3.879407983
12/22/1964,157,4.445744915
12/23/1964,133,3.766140597
12/24/1964,117,3.313071051
12/25/1964,219,6.201389404
12/26/1964,196,5.550101932
12/27/1964,133,3.766140597
12/28/1964,90,2.548516193
12/29/1964,73,2.067129801
12/30/1964,66,1.868911875
12/31/1964,65,1.840595028
1/1/1965,66,1.868911875
1/2/1965,68,1.925545568
1/3/1965,281,7.957033892
1/4/1965,224,6.342973637
1/5/1965,126,3.567922671
1/6/1965,86,2.435248807
1/7/1965,70,1.982179261
1/8/1965,59,1.670693949
1/9/1965,53,1.500792869
1/10/1965,90,2.548516193
1/11/1965,208,5.889904091
1/12/1965,113,3.199803665
1/13/1965,77,2.180397188
1/14/1965,66,1.868911875
1/15/1965,63,1.783961335
1/16/1965,56,1.585743409
1/17/1965,49,1.387525483
1/18/1965,43,1.217624403
1/19/1965,43,1.217624403
1/20/1965,45,1.274258097
1/21/1965,45,1.274258097
1/22/1965,194,5.493468239
1/23/1965,2630,74.47330654
1/24/1965,1780,50.40398693
1/25/1965,828,23.44634898
1/26/1965,429,12.14792719
1/27/1965,322,9.118024603
1/28/1965,232,6.569508409
1/29/1965,191,5.408517699
1/30/1965,176,4.983765
1/31/1965,181,5.125349233
2/1/1965,153,4.332477529
2/2/1965,149,4.219210142
2/3/1965,130,3.681190057
2/4/1965,110,3.114853125
2/5/1965,100,2.831684659
2/6/1965,224,6.342973637
2/7/1965,346,9.797628921
2/8/1965,236,6.682775796
2/9/1965,181,5.125349233
2/10/1965,159,4.502378608
2/11/1965,140,3.964358523
2/12/1965,453,12.82753151
2/13/1965,712,20.16159477
2/14/1965,372,10.53386693
2/15/1965,218,6.173072557
2/16/1965,176,4.983765
2/17/1965,1450,41.05942756
2/18/1965,1670,47.28913381
2/19/1965,890,25.20199347
2/20/1965,401,11.35505548
2/21/1965,294,8.325152898
2/22/1965,236,6.682775796
2/23/1965,185,5.23861662
2/24/1965,248,7.022577955
2/25/1965,300,8.495053978
2/26/1965,180,5.097032387
2/27/1965,140,3.964358523
2/28/1965,126,3.567922671
3/1/1965,1200,33.98021591
3/2/1965,1250,35.39605824
3/3/1965,683,19.34040622
3/4/1965,376,10.64713432
3/5/1965,260,7.362380114
3/6/1965,200,5.663369318
3/7/1965,164,4.643962841
3/8/1965,140,3.964358523
3/9/1965,126,3.567922671
3/10/1965,118,3.341387898
3/11/1965,126,3.567922671
3/12/1965,125,3.539605824
3/13/1965,118,3.341387898
3/14/1965,110,3.114853125
3/15/1965,99,2.803367813
3/16/1965,90,2.548516193
3/17/1965,90,2.548516193
3/18/1965,114,3.228120511
3/19/1965,97,2.746734119
3/20/1965,79,2.237030881
3/21/1965,77,2.180397188
3/22/1965,67,1.897228722
3/23/1965,63,1.783961335
3/24/1965,64,1.812278182
3/25/1965,65,1.840595028
3/26/1965,185,5.23861662
3/27/1965,318,9.004757216
3/28/1965,427,12.09129349
3/29/1965,234,6.626142103
3/30/1965,149,4.219210142
3/31/1965,172,4.870497614
4/1/1965,146,4.134259602
4/2/1965,106,3.001585739
4/3/1965,85,2.40693196
4/4/1965,75,2.123763494
4/5/1965,67,1.897228722
4/6/1965,61,1.727327642
4/7/1965,54,1.529109716
4/8/1965,48,1.359208636
4/9/1965,43,1.217624403
4/10/1965,39,1.104357017
4/11/1965,34,0.962772784
4/12/1965,31,0.877822244
4/13/1965,29,0.821188551
4/14/1965,27,0.764554858
4/15/1965,24,0.679604318
4/16/1965,22,0.622970625
4/17/1965,18,0.509703239
4/18/1965,17,0.481386392
4/19/1965,17,0.481386392
4/20/1965,18,0.509703239
4/21/1965,15,0.424752699
4/22/1965,15,0.424752699
4/23/1965,17,0.481386392
4/24/1965,31,0.877822244
4/25/1965,31,0.877822244
4/26/1965,43,1.217624403
4/27/1965,28,0.792871705
4/28/1965,25,0.707921165
4/29/1965,22,0.622970625
4/30/1965,16,0.453069545
5/1/1965,14,0.396435852
5/2/1965,12,0.339802159
5/3/1965,11,0.311485313
5/4/1965,9.6,0.271841727
5/5/1965,9.2,0.260514989
5/6/1965,8.4,0.237861511
5/7/1965,8,0.226534773
5/8/1965,7.6,0.215208034
5/9/1965,7.2,0.203881295
5/10/1965,6.8,0.192554557
5/11/1965,6.8,0.192554557
5/12/1965,6.4,0.181227818
5/13/1965,6,0.16990108
5/14/1965,6,0.16990108
5/15/1965,5.8,0.16423771
5/16/1965,5.5,0.155742656
5/17/1965,5.5,0.155742656
5/18/1965,5.5,0.155742656
5/19/1965,5.3,0.150079287
5/20/1965,5,0.141584233
5/21/1965,6.8,0.192554557
5/22/1965,193,5.465151392
5/23/1965,149,4.219210142
5/24/1965,51,1.444159176
5/25/1965,25,0.707921165
5/26/1965,16,0.453069545
5/27/1965,12,0.339802159
5/28/1965,116,3.284754205
5/29/1965,244,6.909310568
5/30/1965,67,1.897228722
5/31/1965,29,0.821188551
6/1/1965,15,0.424752699
6/2/1965,11,0.311485313
6/3/1965,8.4,0.237861511
6/4/1965,6.8,0.192554557
6/5/1965,6,0.16990108
6/6/1965,5.5,0.155742656
6/7/1965,11,0.311485313
6/8/1965,65,1.840595028
6/9/1965,40,1.132673864
6/10/1965,60,1.699010796
6/11/1965,80,2.265347727
6/12/1965,100,2.831684659
6/13/1965,300,8.495053978
6/14/1965,1100,31.14853125
6/15/1965,800,22.65347727
6/16/1965,1200,33.98021591
6/17/1965,370,10.47723324
6/18/1965,224,6.342973637
6/19/1965,96,2.718417273
6/20/1965,53,1.500792869
6/21/1965,33,0.934455938
6/22/1965,22,0.622970625
6/23/1965,17,0.481386392
6/24/1965,13,0.368119006
6/25/1965,11,0.311485313
6/26/1965,9.6,0.271841727
6/27/1965,11,0.311485313
6/28/1965,40,1.132673864
6/29/1965,64,1.812278182
6/30/1965,39,1.104357017
7/1/1965,24,0.679604318
7/2/1965,17,0.481386392
7/3/1965,14,0.396435852
7/4/1965,12,0.339802159
7/5/1965,17,0.481386392
7/6/1965,14,0.396435852
7/7/1965,10,0.283168466
7/8/1965,123,3.482972131
7/9/1965,94,2.66178358
7/10/1965,90,2.548516193
7/11/1965,228,6.456241023
7/12/1965,228,6.456241023
7/13/1965,88,2.4918825
7/14/1965,67,1.897228722
7/15/1965,58,1.642377102
7/16/1965,41,1.16099071
7/17/1965,224,6.342973637
7/18/1965,114,3.228120511
7/19/1965,52,1.472476023
7/20/1965,40,1.132673864
7/21/1965,22,0.622970625
7/22/1965,15,0.424752699
7/23/1965,34,0.962772784
7/24/1965,31,0.877822244
7/25/1965,18,0.509703239
7/26/1965,12,0.339802159
7/27/1965,15,0.424752699
7/28/1965,58,1.642377102
7/29/1965,31,0.877822244
7/30/1965,91,2.57683304
7/31/1965,99,2.803367813
8/1/1965,63,1.783961335
8/2/1965,36,1.019406477
8/3/1965,21,0.594653778
8/4/1965,14,0.396435852
8/5/1965,13,0.368119006
8/6/1965,12,0.339802159
8/7/1965,22,0.622970625
8/8/1965,25,0.707921165
8/9/1965,67,1.897228722
8/10/1965,60,1.699010796
8/11/1965,35,0.991089631
8/12/1965,26,0.736238011
8/13/1965,24,0.679604318
8/14/1965,17,0.481386392
8/15/1965,32,0.906139091
8/16/1965,21,0.594653778
8/17/1965,29,0.821188551
8/18/1965,61,1.727327642
8/19/1965,834,23.61625006
8/20/1965,543,15.3760477
8/21/1965,254,7.192479034
8/22/1965,264,7.4756475
8/23/1965,126,3.567922671
8/24/1965,72,2.038812955
8/25/1965,45,1.274258097
8/26/1965,31,0.877822244
8/27/1965,31,0.877822244
8/28/1965,33,0.934455938
8/29/1965,906,25.65506301
8/30/1965,447,12.65763043
8/31/1965,121,3.426338438
9/1/1965,78,2.208714034
9/2/1965,110,3.114853125
9/3/1965,302,8.551687671
9/4/1965,300,8.495053978
9/5/1965,242,6.852676875
9/6/1965,137,3.879407983
9/7/1965,81,2.293664574
9/8/1965,51,1.444159176
9/9/1965,34,0.962772784
9/10/1965,284,8.041984432
9/11/1965,696,19.70852523
9/12/1965,282,7.985350739
9/13/1965,181,5.125349233
9/14/1965,103,2.916635199
9/15/1965,70,1.982179261
9/16/1965,51,1.444159176
9/17/1965,40,1.132673864
9/18/1965,56,1.585743409
9/19/1965,224,6.342973637
9/20/1965,140,3.964358523
9/21/1965,88,2.4918825
9/22/1965,58,1.642377102
9/23/1965,41,1.16099071
9/24/1965,33,0.934455938
9/25/1965,27,0.764554858
9/26/1965,22,0.622970625
9/27/1965,19,0.538020085
9/28/1965,24,0.679604318
9/29/1965,123,3.482972131
9/30/1965,670,18.97228722
10/1/1965,934,26.44793472
10/2/1965,402,11.38337233
10/3/1965,178,5.040398693
10/4/1965,108,3.058219432
10/5/1965,82,2.321981421
10/6/1965,166,4.700596534
10/7/1965,253,7.164162188
10/8/1965,131,3.709506904
10/9/1965,82,2.321981421
10/10/1965,58,1.642377102
10/11/1965,43,1.217624403
10/12/1965,35,0.991089631
10/13/1965,31,0.877822244
10/14/1965,28,0.792871705
10/15/1965,26,0.736238011
10/16/1965,24,0.679604318
10/17/1965,22,0.622970625
10/18/1965,21,0.594653778
10/19/1965,19,0.538020085
10/20/1965,17,0.481386392
10/21/1965,15,0.424752699
10/22/1965,14,0.396435852
10/23/1965,13,0.368119006
10/24/1965,12,0.339802159
10/25/1965,11,0.311485313
10/26/1965,11,0.311485313
10/27/1965,10,0.283168466
10/28/1965,9.9,0.280336781
10/29/1965,9.6,0.271841727
10/30/1965,9.2,0.260514989
10/31/1965,9.1,0.257683304
11/1/1965,8.8,0.24918825
11/2/1965,8.8,0.24918825
11/3/1965,8.4,0.237861511
11/4/1965,8.4,0.237861511
11/5/1965,49,1.387525483
11/6/1965,887,25.11704293
11/7/1965,629,17.81129651
11/8/1965,210,5.946537784
11/9/1965,106,3.001585739
11/10/1965,78,2.208714034
11/11/1965,64,1.812278182
11/12/1965,54,1.529109716
11/13/1965,50,1.41584233
11/14/1965,68,1.925545568
11/15/1965,58,1.642377102
11/16/1965,47,1.33089179
11/17/1965,40,1.132673864
11/18/1965,35,0.991089631
11/19/1965,31,0.877822244
11/20/1965,30,0.849505398
11/21/1965,29,0.821188551
11/22/1965,30,0.849505398
11/23/1965,74,2.095446648
11/24/1965,54,1.529109716
11/25/1965,38,1.07604017
11/26/1965,32,0.906139091
11/27/1965,29,0.821188551
11/28/1965,28,0.792871705
11/29/1965,27,0.764554858
11/30/1965,26,0.736238011
12/1/1965,25,0.707921165
12/2/1965,24,0.679604318
12/3/1965,23,0.651287472
12/4/1965,22,0.622970625
12/5/1965,21,0.594653778
12/6/1965,20,0.566336932
12/7/1965,19,0.538020085
12/8/1965,17,0.481386392
12/9/1965,17,0.481386392
12/10/1965,16,0.453069545
12/11/1965,16,0.453069545
12/12/1965,32,0.906139091
12/13/1965,119,3.369704744
12/14/1965,151,4.275843835
12/15/1965,126,3.567922671
12/16/1965,133,3.766140597
12/17/1965,272,7.702182273
12/18/1965,304,8.608321364
12/19/1965,1160,32.84754205
12/20/1965,848,24.01268591
12/21/1965,387,10.95861963
12/22/1965,202,5.720003012
12/23/1965,144,4.077625909
12/24/1965,119,3.369704744
12/25/1965,121,3.426338438
12/26/1965,113,3.199803665
12/27/1965,91,2.57683304
12/28/1965,78,2.208714034
12/29/1965,71,2.010496108
12/30/1965,68,1.925545568
12/31/1965,67,1.897228722
1/1/1966,64,1.812278182
1/2/1966,60,1.699010796
1/3/1966,308,8.72158875
1/4/1966,641,18.15109867
1/5/1966,2470,69.94261108
1/6/1966,1890,53.51884006
1/7/1966,874,24.74892392
1/8/1966,399,11.29842179
1/9/1966,273,7.73049912
1/10/1966,214,6.059805171
1/11/1966,184,5.210299773
1/12/1966,160,4.530695455
1/13/1966,145,4.105942756
1/14/1966,185,5.23861662
1/15/1966,651,18.43426713
1/16/1966,451,12.77089781
1/17/1966,254,7.192479034
1/18/1966,182,5.15366608
1/19/1966,155,4.389111222
1/20/1966,274,7.758815966
1/21/1966,276,7.815449659
1/22/1966,519,14.69644338
1/23/1966,421,11.92139242
1/24/1966,253,7.164162188
1/25/1966,756,21.40753602
1/26/1966,914,25.88159779
1/27/1966,494,13.98852222
1/28/1966,301,8.523370824
1/29/1966,1050,29.73268892
1/30/1966,619,17.52812804
1/31/1966,340,9.627727841
2/1/1966,346,9.797628921
2/2/1966,393,11.12852071
2/3/1966,249,7.050894801
2/4/1966,194,5.493468239
2/5/1966,165,4.672279688
2/6/1966,152,4.304160682
2/7/1966,142,4.020992216
2/8/1966,134,3.794457443
2/9/1966,128,3.624556364
2/10/1966,535,15.14951293
2/11/1966,1310,37.09506904
2/12/1966,1840,52.10299773
2/13/1966,2490,70.50894801
2/14/1966,1350,38.2277429
2/15/1966,2000,56.63369318
2/16/1966,2780,78.72083353
2/17/1966,1990,56.35052472
2/18/1966,1020,28.88318352
2/19/1966,519,14.69644338
2/20/1966,377,10.67545117
2/21/1966,300,8.495053978
2/22/1966,252,7.135845341
2/23/1966,215,6.088122017
2/24/1966,221,6.258023097
2/25/1966,263,7.447330654
2/26/1966,228,6.456241023
2/27/1966,2180,61.73072557
2/28/1966,2590,73.34063267
3/1/1966,1310,37.09506904
3/2/1966,720,20.38812955
3/3/1966,2080,58.89904091
3/4/1966,1130,31.99803665
3/5/1966,811,22.96496259
3/6/1966,474,13.42218528
3/7/1966,337,9.542777302
3/8/1966,277,7.843766506
3/9/1966,233,6.597825256
3/10/1966,201,5.691686165
3/11/1966,184,5.210299773
3/12/1966,192,5.436834546
3/13/1966,1270,35.96239517
3/14/1966,2850,80.70301279
3/15/1966,1470,41.62576449
3/16/1966,603,17.07505849
3/17/1966,398,11.27010494
3/18/1966,314,8.89148983
3/19/1966,260,7.362380114
3/20/1966,219,6.201389404
3/21/1966,189,5.351884006
3/22/1966,166,4.700596534
3/23/1966,190,5.380200852
3/24/1966,244,6.909310568
3/25/1966,165,4.672279688
3/26/1966,132,3.73782375
3/27/1966,120,3.398021591
3/28/1966,112,3.171486818
3/29/1966,102,2.888318352
3/30/1966,98,2.775050966
3/31/1966,93,2.633466733
4/1/1966,85,2.40693196
4/2/1966,76,2.152080341
4/3/1966,71,2.010496108
4/4/1966,99,2.803367813
4/5/1966,134,3.794457443
4/6/1966,99,2.803367813
4/7/1966,74,2.095446648
4/8/1966,63,1.783961335
4/9/1966,58,1.642377102
4/10/1966,54,1.529109716
4/11/1966,49,1.387525483
4/12/1966,48,1.359208636
4/13/1966,47,1.33089179
4/14/1966,51,1.444159176
4/15/1966,67,1.897228722
4/16/1966,69,1.953862415
4/17/1966,54,1.529109716
4/18/1966,161,4.559012301
4/19/1966,449,12.71426412
4/20/1966,312,8.834856137
4/21/1966,226,6.39960733
4/22/1966,361,10.22238162
4/23/1966,185,5.23861662
4/24/1966,114,3.228120511
4/25/1966,102,2.888318352
4/26/1966,256,7.249112728
4/27/1966,1800,50.97032387
4/28/1966,732,20.72793171
4/29/1966,276,7.815449659
4/30/1966,166,4.700596534
5/1/1966,123,3.482972131
5/2/1966,104,2.944952046
5/3/1966,90,2.548516193
5/4/1966,79,2.237030881
5/5/1966,67,1.897228722
5/6/1966,67,1.897228722
5/7/1966,100,2.831684659
5/8/1966,88,2.4918825
5/9/1966,68,1.925545568
5/10/1966,53,1.500792869
5/11/1966,40,1.132673864
5/12/1966,35,0.991089631
5/13/1966,111,3.143169972
5/14/1966,300,8.495053978
5/15/1966,111,3.143169972
5/16/1966,69,1.953862415
5/17/1966,64,1.812278182
5/18/1966,62,1.755644489
5/19/1966,806,22.82337835
5/20/1966,1400,39.64358523
5/21/1966,405,11.46832287
5/22/1966,234,6.626142103
5/23/1966,140,3.964358523
5/24/1966,495,14.01683906
5/25/1966,493,13.96020537
5/26/1966,192,5.436834546
5/27/1966,117,3.313071051
5/28/1966,90,2.548516193
5/29/1966,68,1.925545568
5/30/1966,51,1.444159176
5/31/1966,41,1.16099071
6/1/1966,33,0.934455938
6/2/1966,27,0.764554858
6/3/1966,23,0.651287472
6/4/1966,20,0.566336932
6/5/1966,19,0.538020085
6/6/1966,19,0.538020085
6/7/1966,18,0.509703239
6/8/1966,18,0.509703239
6/9/1966,17,0.481386392
6/10/1966,17,0.481386392
6/11/1966,16,0.453069545
6/12/1966,16,0.453069545
6/13/1966,15,0.424752699
6/14/1966,27,0.764554858
6/15/1966,50,1.41584233
6/16/1966,55,1.557426563
6/17/1966,41,1.16099071
6/18/1966,32,0.906139091
6/19/1966,23,0.651287472
6/20/1966,19,0.538020085
6/21/1966,17,0.481386392
6/22/1966,13,0.368119006
6/23/1966,19,0.538020085
6/24/1966,55,1.557426563
6/25/1966,35,0.991089631
6/26/1966,22,0.622970625
6/27/1966,15,0.424752699
6/28/1966,12,0.339802159
6/29/1966,9.9,0.280336781
6/30/1966,11,0.311485313
7/1/1966,8.5,0.240693196
7/2/1966,7.8,0.220871403
7/3/1966,7.4,0.209544665
7/4/1966,7.2,0.203881295
7/5/1966,11,0.311485313
7/6/1966,21,0.594653778
7/7/1966,23,0.651287472
7/8/1966,14,0.396435852
7/9/1966,16,0.453069545
7/10/1966,19,0.538020085
7/11/1966,15,0.424752699
7/12/1966,12,0.339802159
7/13/1966,10,0.283168466
7/14/1966,8.1,0.229366457
7/15/1966,20,0.566336932
7/16/1966,48,1.359208636
7/17/1966,65,1.840595028
7/18/1966,105,2.973268892
7/19/1966,77,2.180397188
7/20/1966,39,1.104357017
7/21/1966,43,1.217624403
7/22/1966,117,3.313071051
7/23/1966,147,4.162576449
7/24/1966,83,2.350298267
7/25/1966,46,1.302574943
7/26/1966,28,0.792871705
7/27/1966,19,0.538020085
7/28/1966,15,0.424752699
7/29/1966,11,0.311485313
7/30/1966,8.7,0.246356565
7/31/1966,7.5,0.212376349
8/1/1966,6.7,0.189722872
8/2/1966,6.2,0.175564449
8/3/1966,6.4,0.181227818
8/4/1966,9.3,0.263346673
8/5/1966,34,0.962772784
8/6/1966,48,1.359208636
8/7/1966,37,1.047723324
8/8/1966,27,0.764554858
8/9/1966,140,3.964358523
8/10/1966,573,16.2255531
8/11/1966,408,11.55327341
8/12/1966,160,4.530695455
8/13/1966,102,2.888318352
8/14/1966,66,1.868911875
8/15/1966,41,1.16099071
8/16/1966,36,1.019406477
8/17/1966,288,8.155251818
8/18/1966,430,12.17624403
8/19/1966,203,5.748319858
8/20/1966,102,2.888318352
8/21/1966,63,1.783961335
8/22/1966,42,1.189307557
8/23/1966,39,1.104357017
8/24/1966,26,0.736238011
8/25/1966,17,0.481386392
8/26/1966,12,0.339802159
8/27/1966,9.4,0.266178358
8/28/1966,9.4,0.266178358
8/29/1966,10,0.283168466
8/30/1966,15,0.424752699
8/31/1966,12,0.339802159
9/1/1966,11,0.311485313
9/2/1966,9.8,0.277505097
9/3/1966,8.5,0.240693196
9/4/1966,8.8,0.24918825
9/5/1966,13,0.368119006
9/6/1966,29,0.821188551
9/7/1966,16,0.453069545
9/8/1966,8.9,0.252019935
9/9/1966,6.9,0.195386241
9/10/1966,6.4,0.181227818
9/11/1966,6.2,0.175564449
9/12/1966,12,0.339802159
9/13/1966,86,2.435248807
9/14/1966,57,1.614060256
9/15/1966,37,1.047723324
9/16/1966,23,0.651287472
9/17/1966,16,0.453069545
9/18/1966,14,0.396435852
9/19/1966,15,0.424752699
9/20/1966,13,0.368119006
9/21/1966,10,0.283168466
9/22/1966,8.4,0.237861511
9/23/1966,7.3,0.20671298
9/24/1966,6.7,0.189722872
9/25/1966,6.2,0.175564449
9/26/1966,6,0.16990108
9/27/1966,5.9,0.167069395
9/28/1966,6,0.16990108
9/29/1966,6.8,0.192554557
9/30/1966,18,0.509703239
10/1/1966,15,0.424752699
10/2/1966,11,0.311485313
10/3/1966,10,0.283168466
10/4/1966,9.7,0.274673412
10/5/1966,8.8,0.24918825
10/6/1966,7.2,0.203881295
10/7/1966,6.4,0.181227818
10/8/1966,6,0.16990108
10/9/1966,6.7,0.189722872
10/10/1966,24,0.679604318
10/11/1966,75,2.123763494
10/12/1966,48,1.359208636
10/13/1966,28,0.792871705
10/14/1966,20,0.566336932
10/15/1966,21,0.594653778
10/16/1966,45,1.274258097
10/17/1966,24,0.679604318
10/18/1966,23,0.651287472
10/19/1966,24,0.679604318
10/20/1966,24,0.679604318
10/21/1966,26,0.736238011
10/22/1966,19,0.538020085
10/23/1966,15,0.424752699
10/24/1966,13,0.368119006
10/25/1966,11,0.311485313
10/26/1966,9.6,0.271841727
10/27/1966,8.4,0.237861511
10/28/1966,7.7,0.218039719
10/29/1966,7.1,0.201049611
10/30/1966,6.8,0.192554557
10/31/1966,6.3,0.178396134
11/1/1966,6.1,0.172732764
11/2/1966,6.1,0.172732764
11/3/1966,5.9,0.167069395
11/4/1966,6,0.16990108
11/5/1966,6.4,0.181227818
11/6/1966,6.5,0.184059503
11/7/1966,6.9,0.195386241
11/8/1966,7,0.198217926
11/9/1966,7.4,0.209544665
11/10/1966,10,0.283168466
11/11/1966,31,0.877822244
11/12/1966,83,2.350298267
11/13/1966,78,2.208714034
11/14/1966,57,1.614060256
11/15/1966,40,1.132673864
11/16/1966,29,0.821188551
11/17/1966,22,0.622970625
11/18/1966,17,0.481386392
11/19/1966,14,0.396435852
11/20/1966,13,0.368119006
11/21/1966,11,0.311485313
11/22/1966,10,0.283168466
11/23/1966,9.5,0.269010043
11/24/1966,9,0.254851619
11/25/1966,8.5,0.240693196
11/26/1966,8.1,0.229366457
11/27/1966,7.8,0.220871403
11/28/1966,7.4,0.209544665
11/29/1966,7,0.198217926
11/30/1966,6.9,0.195386241
12/1/1966,6.8,0.192554557
12/2/1966,6.8,0.192554557
12/3/1966,6.6,0.186891188
12/4/1966,6.6,0.186891188
12/5/1966,6.5,0.184059503
12/6/1966,7,0.198217926
12/7/1966,7.6,0.215208034
12/8/1966,9.6,0.271841727
12/9/1966,81,2.293664574
12/10/1966,364,10.30733216
12/11/1966,256,7.249112728
12/12/1966,105,2.973268892
12/13/1966,66,1.868911875
12/14/1966,50,1.41584233
12/15/1966,41,1.16099071
12/16/1966,35,0.991089631
12/17/1966,34,0.962772784
12/18/1966,62,1.755644489
12/19/1966,68,1.925545568
12/20/1966,54,1.529109716
12/21/1966,40,1.132673864
12/22/1966,33,0.934455938
12/23/1966,29,0.821188551
12/24/1966,26,0.736238011
12/25/1966,24,0.679604318
12/26/1966,23,0.651287472
12/27/1966,22,0.622970625
12/28/1966,27,0.764554858
12/29/1966,77,2.180397188
12/30/1966,87,2.463565654
12/31/1966,362,10.25069847
1/1/1967,2080,58.89904091
1/2/1967,1280,36.24556364
1/3/1967,638,18.06614813
1/4/1967,314,8.89148983
1/5/1967,206,5.833270398
1/6/1967,155,4.389111222
1/7/1967,197,5.578418779
1/8/1967,443,12.54436304
1/9/1967,295,8.353469745
1/10/1967,429,12.14792719
1/11/1967,355,10.05248054
1/12/1967,218,6.173072557
1/13/1967,217,6.14475571
1/14/1967,1040,29.44952046
1/15/1967,606,17.16000903
1/16/1967,310,8.778222444
1/17/1967,211,5.974854631
1/18/1967,168,4.757230227
1/19/1967,139,3.936041676
1/20/1967,119,3.369704744
1/21/1967,108,3.058219432
1/22/1967,101,2.860001506
1/23/1967,96,2.718417273
1/24/1967,90,2.548516193
1/25/1967,81,2.293664574
1/26/1967,80,2.265347727
1/27/1967,199,5.635052472
1/28/1967,159,4.502378608
1/29/1967,104,2.944952046
1/30/1967,80,2.265347727
1/31/1967,70,1.982179261
2/1/1967,64,1.812278182
2/2/1967,61,1.727327642
2/3/1967,62,1.755644489
2/4/1967,62,1.755644489
2/5/1967,59,1.670693949
2/6/1967,827,23.41803213
2/7/1967,1190,33.69704744
2/8/1967,572,16.19723625
2/9/1967,273,7.73049912
2/10/1967,196,5.550101932
2/11/1967,196,5.550101932
2/12/1967,209,5.918220938
2/13/1967,179,5.06871554
2/14/1967,124,3.511288977
2/15/1967,103,2.916635199
2/16/1967,94,2.66178358
2/17/1967,89,2.520199347
2/18/1967,82,2.321981421
2/19/1967,74,2.095446648
2/20/1967,90,2.548516193
2/21/1967,120,3.398021591
2/22/1967,122,3.454655284
2/23/1967,84,2.378615114
2/24/1967,67,1.897228722
2/25/1967,56,1.585743409
2/26/1967,49,1.387525483
2/27/1967,47,1.33089179
2/28/1967,60,1.699010796
3/1/1967,89,2.520199347
3/2/1967,77,2.180397188
3/3/1967,57,1.614060256
3/4/1967,49,1.387525483
3/5/1967,46,1.302574943
3/6/1967,46,1.302574943
3/7/1967,66,1.868911875
3/8/1967,115,3.256437358
3/9/1967,70,1.982179261
3/10/1967,51,1.444159176
3/11/1967,44,1.24594125
3/12/1967,41,1.16099071
3/13/1967,38,1.07604017
3/14/1967,35,0.991089631
3/15/1967,32,0.906139091
3/16/1967,28,0.792871705
3/17/1967,24,0.679604318
3/18/1967,21,0.594653778
3/19/1967,19,0.538020085
3/20/1967,18,0.509703239
3/21/1967,22,0.622970625
3/22/1967,33,0.934455938
3/23/1967,44,1.24594125
3/24/1967,31,0.877822244
3/25/1967,23,0.651287472
3/26/1967,21,0.594653778
3/27/1967,28,0.792871705
3/28/1967,42,1.189307557
3/29/1967,39,1.104357017
3/30/1967,29,0.821188551
3/31/1967,22,0.622970625
4/1/1967,18,0.509703239
4/2/1967,16,0.453069545
4/3/1967,14,0.396435852
4/4/1967,12,0.339802159
4/5/1967,11,0.311485313
4/6/1967,9.9,0.280336781
4/7/1967,9,0.254851619
4/8/1967,8.5,0.240693196
4/9/1967,7.8,0.220871403
4/10/1967,7.3,0.20671298
4/11/1967,6.9,0.195386241
4/12/1967,6.5,0.184059503
4/13/1967,6.3,0.178396134
4/14/1967,405,11.46832287
4/15/1967,809,22.90832889
4/16/1967,454,12.85584835
4/17/1967,152,4.304160682
4/18/1967,81,2.293664574
4/19/1967,53,1.500792869
4/20/1967,38,1.07604017
4/21/1967,27,0.764554858
4/22/1967,21,0.594653778
4/23/1967,16,0.453069545
4/24/1967,14,0.396435852
4/25/1967,12,0.339802159
4/26/1967,13,0.368119006
4/27/1967,15,0.424752699
4/28/1967,12,0.339802159
4/29/1967,9.2,0.260514989
4/30/1967,8,0.226534773
5/1/1967,7.1,0.201049611
5/2/1967,15,0.424752699
5/3/1967,133,3.766140597
5/4/1967,122,3.454655284
5/5/1967,290,8.211885512
5/6/1967,191,5.408517699
5/7/1967,90,2.548516193
5/8/1967,53,1.500792869
5/9/1967,34,0.962772784
5/10/1967,23,0.651287472
5/11/1967,16,0.453069545
5/12/1967,12,0.339802159
5/13/1967,9.5,0.269010043
5/14/1967,7.9,0.223703088
5/15/1967,7.3,0.20671298
5/16/1967,6.9,0.195386241
5/17/1967,5.9,0.167069395
5/18/1967,5.6,0.158574341
5/19/1967,5,0.141584233
5/20/1967,4.5,0.12742581
5/21/1967,4.6,0.130257494
5/22/1967,5,0.141584233
5/23/1967,4.4,0.124594125
5/24/1967,4,0.113267386
5/25/1967,3.9,0.110435702
5/26/1967,3.7,0.104772332
5/27/1967,3.5,0.099108963
5/28/1967,3.3,0.093445594
5/29/1967,3.1,0.087782224
5/30/1967,2.8,0.07928717
5/31/1967,4,0.113267386
6/1/1967,36,1.019406477
6/2/1967,80,2.265347727
6/3/1967,117,3.313071051
6/4/1967,66,1.868911875
6/5/1967,38,1.07604017
6/6/1967,24,0.679604318
6/7/1967,15,0.424752699
6/8/1967,11,0.311485313
6/9/1967,13,0.368119006
6/10/1967,16,0.453069545
6/11/1967,9.8,0.277505097
6/12/1967,25,0.707921165
6/13/1967,27,0.764554858
6/14/1967,19,0.538020085
6/15/1967,13,0.368119006
6/16/1967,9.2,0.260514989
6/17/1967,8.1,0.229366457
6/18/1967,6.9,0.195386241
6/19/1967,6.7,0.189722872
6/20/1967,9.5,0.269010043
6/21/1967,31,0.877822244
6/22/1967,89,2.520199347
6/23/1967,45,1.274258097
6/24/1967,23,0.651287472
6/25/1967,13,0.368119006
6/26/1967,9.2,0.260514989
6/27/1967,7.1,0.201049611
6/28/1967,6.2,0.175564449
6/29/1967,5.8,0.16423771
6/30/1967,6.5,0.184059503
7/1/1967,12,0.339802159
7/2/1967,10,0.283168466
7/3/1967,8.3,0.235029827
7/4/1967,6.1,0.172732764
7/5/1967,6.3,0.178396134
7/6/1967,7,0.198217926
7/7/1967,5.8,0.16423771
7/8/1967,8.4,0.237861511
7/9/1967,13,0.368119006
7/10/1967,12,0.339802159
7/11/1967,25,0.707921165
7/12/1967,29,0.821188551
7/13/1967,50,1.41584233
7/14/1967,43,1.217624403
7/15/1967,26,0.736238011
7/16/1967,17,0.481386392
7/17/1967,11,0.311485313
7/18/1967,7.9,0.223703088
7/19/1967,8.4,0.237861511
7/20/1967,24,0.679604318
7/21/1967,17,0.481386392
7/22/1967,15,0.424752699
7/23/1967,14,0.396435852
7/24/1967,11,0.311485313
7/25/1967,17,0.481386392
7/26/1967,8,0.226534773
7/27/1967,5.2,0.147247602
7/28/1967,3.8,0.107604017
7/29/1967,3.5,0.099108963
7/30/1967,3.1,0.087782224
7/31/1967,29,0.821188551
8/1/1967,79,2.237030881
8/2/1967,68,1.925545568
8/3/1967,494,13.98852222
8/4/1967,291,8.240202358
8/5/1967,111,3.143169972
8/6/1967,61,1.727327642
8/7/1967,222,6.286339943
8/8/1967,200,5.663369318
8/9/1967,54,1.529109716
8/10/1967,32,0.906139091
8/11/1967,89,2.520199347
8/12/1967,231,6.541191563
8/13/1967,74,2.095446648
8/14/1967,40,1.132673864
8/15/1967,24,0.679604318
8/16/1967,18,0.509703239
8/17/1967,30,0.849505398
8/18/1967,25,0.707921165
8/19/1967,20,0.566336932
8/20/1967,20,0.566336932
8/21/1967,30,0.849505398
8/22/1967,40,1.132673864
8/23/1967,35,0.991089631
8/24/1967,30,0.849505398
8/25/1967,40,1.132673864
8/26/1967,35,0.991089631
8/27/1967,50,1.41584233
8/28/1967,100,2.831684659
8/29/1967,300,8.495053978
8/30/1967,150,4.247526989
8/31/1967,78,2.208714034
9/1/1967,48,1.359208636
9/2/1967,32,0.906139091
9/3/1967,58,1.642377102
9/4/1967,109,3.086536279
9/5/1967,48,1.359208636
9/6/1967,1560,44.17428068
9/7/1967,1670,47.28913381
9/8/1967,556,15.74416671
9/9/1967,200,5.663369318
9/10/1967,130,3.681190057
9/11/1967,80,2.265347727
9/12/1967,70,1.982179261
9/13/1967,60,1.699010796
9/14/1967,120,3.398021591
9/15/1967,80,2.265347727
9/16/1967,50,1.41584233
9/17/1967,30,0.849505398
9/18/1967,24,0.679604318
9/19/1967,19,0.538020085
9/20/1967,15,0.424752699
9/21/1967,17,0.481386392
9/22/1967,17,0.481386392
9/23/1967,16,0.453069545
9/24/1967,13,0.368119006
9/25/1967,11,0.311485313
9/26/1967,10,0.283168466
9/27/1967,9.2,0.260514989
9/28/1967,8.4,0.237861511
9/29/1967,7.9,0.223703088
9/30/1967,8.6,0.243524881
10/1/1967,11,0.311485313
10/2/1967,12,0.339802159
10/3/1967,10,0.283168466
10/4/1967,8.6,0.243524881
10/5/1967,7.8,0.220871403
10/6/1967,7.1,0.201049611
10/7/1967,6.6,0.186891188
10/8/1967,7.9,0.223703088
10/9/1967,10,0.283168466
10/10/1967,16,0.453069545
10/11/1967,16,0.453069545
10/12/1967,12,0.339802159
10/13/1967,8.6,0.243524881
10/14/1967,6.9,0.195386241
10/15/1967,5.8,0.16423771
10/16/1967,6.4,0.181227818
10/17/1967,14,0.396435852
10/18/1967,11,0.311485313
10/19/1967,23,0.651287472
10/20/1967,18,0.509703239
10/21/1967,12,0.339802159
10/22/1967,9.2,0.260514989
10/23/1967,7.4,0.209544665
10/24/1967,6.4,0.181227818
10/25/1967,6.4,0.181227818
10/26/1967,5.7,0.161406026
10/27/1967,5.7,0.161406026
10/28/1967,5.2,0.147247602
10/29/1967,4.6,0.130257494
10/30/1967,1300,36.81190057
10/31/1967,1940,54.93468239
11/1/1967,761,21.54912026
11/2/1967,476,13.47881898
11/3/1967,286,8.098618125
11/4/1967,173,4.89881446
11/5/1967,129,3.65287321
11/6/1967,98,2.775050966
11/7/1967,79,2.237030881
11/8/1967,67,1.897228722
11/9/1967,58,1.642377102
11/10/1967,51,1.444159176
11/11/1967,47,1.33089179
11/12/1967,43,1.217624403
11/13/1967,39,1.104357017
11/14/1967,36,1.019406477
11/15/1967,32,0.906139091
11/16/1967,28,0.792871705
11/17/1967,26,0.736238011
11/18/1967,24,0.679604318
11/19/1967,22,0.622970625
11/20/1967,20,0.566336932
11/21/1967,19,0.538020085
11/22/1967,19,0.538020085
11/23/1967,19,0.538020085
11/24/1967,19,0.538020085
11/25/1967,18,0.509703239
11/26/1967,18,0.509703239
11/27/1967,17,0.481386392
11/28/1967,16,0.453069545
11/29/1967,15,0.424752699
11/30/1967,14,0.396435852
12/1/1967,14,0.396435852
12/2/1967,15,0.424752699
12/3/1967,43,1.217624403
12/4/1967,71,2.010496108
12/5/1967,64,1.812278182
12/6/1967,42,1.189307557
12/7/1967,32,0.906139091
12/8/1967,28,0.792871705
12/9/1967,55,1.557426563
12/10/1967,3640,103.0733216
12/11/1967,1760,49.83765
12/12/1967,882,24.97545869
12/13/1967,385,10.90198594
12/14/1967,261,7.390696961
12/15/1967,210,5.946537784
12/16/1967,195,5.521785085
12/17/1967,159,4.502378608
12/18/1967,249,7.050894801
12/19/1967,827,23.41803213
12/20/1967,796,22.54020989
12/21/1967,396,11.21347125
12/22/1967,374,10.59050063
12/23/1967,442,12.51604619
12/24/1967,272,7.702182273
12/25/1967,197,5.578418779
12/26/1967,163,4.615645994
12/27/1967,169,4.785547074
12/28/1967,636,18.00951443
12/29/1967,446,12.62931358
12/30/1967,251,7.107528495
12/31/1967,286,8.098618125
1/1/1968,354,10.02416369
1/2/1968,545,15.43268139
1/3/1968,449,12.71426412
1/4/1968,358,10.13743108
1/5/1968,309,8.749905597
1/6/1968,216,6.116438864
1/7/1968,181,5.125349233
1/8/1968,154,4.360794375
1/9/1968,147,4.162576449
1/10/1968,291,8.240202358
1/11/1968,255,7.220795881
1/12/1968,165,4.672279688
1/13/1968,136,3.851091137
1/14/1968,119,3.369704744
1/15/1968,106,3.001585739
1/16/1968,97,2.746734119
1/17/1968,88,2.4918825
1/18/1968,81,2.293664574
1/19/1968,76,2.152080341
1/20/1968,71,2.010496108
1/21/1968,67,1.897228722
1/22/1968,63,1.783961335
1/23/1968,62,1.755644489
1/24/1968,61,1.727327642
1/25/1968,58,1.642377102
1/26/1968,53,1.500792869
1/27/1968,49,1.387525483
1/28/1968,47,1.33089179
1/29/1968,46,1.302574943
1/30/1968,46,1.302574943
1/31/1968,45,1.274258097
2/1/1968,45,1.274258097
2/2/1968,54,1.529109716
2/3/1968,81,2.293664574
2/4/1968,68,1.925545568
2/5/1968,50,1.41584233
2/6/1968,42,1.189307557
2/7/1968,37,1.047723324
2/8/1968,33,0.934455938
2/9/1968,31,0.877822244
2/10/1968,30,0.849505398
2/11/1968,30,0.849505398
2/12/1968,29,0.821188551
2/13/1968,27,0.764554858
2/14/1968,26,0.736238011
2/15/1968,29,0.821188551
2/16/1968,44,1.24594125
2/17/1968,54,1.529109716
2/18/1968,102,2.888318352
2/19/1968,211,5.974854631
2/20/1968,126,3.567922671
2/21/1968,76,2.152080341
2/22/1968,57,1.614060256
2/23/1968,64,1.812278182
2/24/1968,88,2.4918825
2/25/1968,82,2.321981421
2/26/1968,65,1.840595028
2/27/1968,52,1.472476023
2/28/1968,47,1.33089179
2/29/1968,163,4.615645994
3/1/1968,177,5.012081847
3/2/1968,99,2.803367813
3/3/1968,77,2.180397188
3/4/1968,69,1.953862415
3/5/1968,58,1.642377102
3/6/1968,85,2.40693196
3/7/1968,148,4.190893296
3/8/1968,99,2.803367813
3/9/1968,71,2.010496108
3/10/1968,63,1.783961335
3/11/1968,79,2.237030881
3/12/1968,80,2.265347727
3/13/1968,97,2.746734119
3/14/1968,68,1.925545568
3/15/1968,51,1.444159176
3/16/1968,45,1.274258097
3/17/1968,42,1.189307557
3/18/1968,39,1.104357017
3/19/1968,34,0.962772784
3/20/1968,29,0.821188551
3/21/1968,28,0.792871705
3/22/1968,41,1.16099071
3/23/1968,149,4.219210142
3/24/1968,115,3.256437358
3/25/1968,69,1.953862415
3/26/1968,50,1.41584233
3/27/1968,40,1.132673864
3/28/1968,34,0.962772784
3/29/1968,29,0.821188551
3/30/1968,27,0.764554858
3/31/1968,25,0.707921165
4/1/1968,23,0.651287472
4/2/1968,27,0.764554858
4/3/1968,41,1.16099071
4/4/1968,36,1.019406477
4/5/1968,103,2.916635199
4/6/1968,181,5.125349233
4/7/1968,100,2.831684659
4/8/1968,65,1.840595028
4/9/1968,53,1.500792869
4/10/1968,55,1.557426563
4/11/1968,45,1.274258097
4/12/1968,37,1.047723324
4/13/1968,30,0.849505398
4/14/1968,25,0.707921165
4/15/1968,35,0.991089631
4/16/1968,50,1.41584233
4/17/1968,35,0.991089631
4/18/1968,25,0.707921165
4/19/1968,20,0.566336932
4/20/1968,16,0.453069545
4/21/1968,14,0.396435852
4/22/1968,13,0.368119006
4/23/1968,12,0.339802159
4/24/1968,12,0.339802159
4/25/1968,11,0.311485313
4/26/1968,11,0.311485313
4/27/1968,11,0.311485313
4/28/1968,11,0.311485313
4/29/1968,52,1.472476023
4/30/1968,241,6.824360029
5/1/1968,121,3.426338438
5/2/1968,60,1.699010796
5/3/1968,36,1.019406477
5/4/1968,24,0.679604318
5/5/1968,17,0.481386392
5/6/1968,13,0.368119006
5/7/1968,11,0.311485313
5/8/1968,9.9,0.280336781
5/9/1968,8.5,0.240693196
5/10/1968,7.6,0.215208034
5/11/1968,7.3,0.20671298
5/12/1968,7.3,0.20671298
5/13/1968,7.6,0.215208034
5/14/1968,7.3,0.20671298
5/15/1968,7,0.198217926
5/16/1968,12,0.339802159
5/17/1968,10,0.283168466
5/18/1968,18,0.509703239
5/19/1968,35,0.991089631
5/20/1968,29,0.821188551
5/21/1968,19,0.538020085
5/22/1968,12,0.339802159
5/23/1968,8.7,0.246356565
5/24/1968,7.3,0.20671298
5/25/1968,7.3,0.20671298
5/26/1968,7.3,0.20671298
5/27/1968,7,0.198217926
5/28/1968,11,0.311485313
5/29/1968,14,0.396435852
5/30/1968,10,0.283168466
5/31/1968,8,0.226534773
6/1/1968,6.5,0.184059503
6/2/1968,5.5,0.155742656
6/3/1968,4.5,0.12742581
6/4/1968,4.5,0.12742581
6/5/1968,4.2,0.118930756
6/6/1968,4,0.113267386
6/7/1968,5,0.141584233
6/8/1968,5,0.141584233
6/9/1968,9.7,0.274673412
6/10/1968,10,0.283168466
6/11/1968,14,0.396435852
6/12/1968,81,2.293664574
6/13/1968,68,1.925545568
6/14/1968,52,1.472476023
6/15/1968,25,0.707921165
6/16/1968,15,0.424752699
6/17/1968,16,0.453069545
6/18/1968,274,7.758815966
6/19/1968,67,1.897228722
6/20/1968,31,0.877822244
6/21/1968,19,0.538020085
6/22/1968,87,2.463565654
6/23/1968,61,1.727327642
6/24/1968,43,1.217624403
6/25/1968,29,0.821188551
6/26/1968,17,0.481386392
6/27/1968,15,0.424752699
6/28/1968,10,0.283168466
6/29/1968,6.9,0.195386241
6/30/1968,5.6,0.158574341
7/1/1968,8.4,0.237861511
7/2/1968,10,0.283168466
7/3/1968,9.6,0.271841727
7/4/1968,17,0.481386392
7/5/1968,27,0.764554858
7/6/1968,20,0.566336932
7/7/1968,12,0.339802159
7/8/1968,12,0.339802159
7/9/1968,8.3,0.235029827
7/10/1968,7.3,0.20671298
7/11/1968,7.3,0.20671298
7/12/1968,7.3,0.20671298
7/13/1968,6.9,0.195386241
7/14/1968,6.6,0.186891188
7/15/1968,6.7,0.189722872
7/16/1968,6.3,0.178396134
7/17/1968,5.9,0.167069395
7/18/1968,5.7,0.161406026
7/19/1968,5,0.141584233
7/20/1968,6.7,0.189722872
7/21/1968,7.2,0.203881295
7/22/1968,6.6,0.186891188
7/23/1968,7,0.198217926
7/24/1968,4.5,0.12742581
7/25/1968,108,3.058219432
7/26/1968,60,1.699010796
7/27/1968,29,0.821188551
7/28/1968,16,0.453069545
7/29/1968,9.9,0.280336781
7/30/1968,9.4,0.266178358
7/31/1968,7.1,0.201049611
8/1/1968,24,0.679604318
8/2/1968,21,0.594653778
8/3/1968,24,0.679604318
8/4/1968,51,1.444159176
8/5/1968,30,0.849505398
8/6/1968,18,0.509703239
8/7/1968,27,0.764554858
8/8/1968,35,0.991089631
8/9/1968,22,0.622970625
8/10/1968,13,0.368119006
8/11/1968,14,0.396435852
8/12/1968,16,0.453069545
8/13/1968,14,0.396435852
8/14/1968,52,1.472476023
8/15/1968,130,3.681190057
8/16/1968,84,2.378615114
8/17/1968,105,2.973268892
8/18/1968,76,2.152080341
8/19/1968,61,1.727327642
8/20/1968,116,3.284754205
8/21/1968,66,1.868911875
8/22/1968,37,1.047723324
8/23/1968,37,1.047723324
8/24/1968,110,3.114853125
8/25/1968,57,1.614060256
8/26/1968,38,1.07604017
8/27/1968,28,0.792871705
8/28/1968,18,0.509703239
8/29/1968,12,0.339802159
8/30/1968,8.9,0.252019935
8/31/1968,6.9,0.195386241
9/1/1968,5.4,0.152910972
9/2/1968,4.5,0.12742581
9/3/1968,4.6,0.130257494
9/4/1968,4.1,0.116099071
9/5/1968,12,0.339802159
9/6/1968,371,10.50555009
9/7/1968,211,5.974854631
9/8/1968,85,2.40693196
9/9/1968,46,1.302574943
9/10/1968,54,1.529109716
9/11/1968,80,2.265347727
9/12/1968,50,1.41584233
9/13/1968,30,0.849505398
9/14/1968,19,0.538020085
9/15/1968,14,0.396435852
9/16/1968,13,0.368119006
9/17/1968,39,1.104357017
9/18/1968,318,9.004757216
9/19/1968,244,6.909310568
9/20/1968,95,2.690100426
9/21/1968,54,1.529109716
9/22/1968,34,0.962772784
9/23/1968,23,0.651287472
9/24/1968,15,0.424752699
9/25/1968,11,0.311485313
9/26/1968,8.5,0.240693196
9/27/1968,6.9,0.195386241
9/28/1968,5.6,0.158574341
9/29/1968,5,0.141584233
9/30/1968,4.5,0.12742581
10/1/1968,4,0.113267386
10/2/1968,3.7,0.104772332
10/3/1968,3.5,0.099108963
10/4/1968,3.2,0.090613909
10/5/1968,3,0.08495054
10/6/1968,4.4,0.124594125
10/7/1968,5,0.141584233
10/8/1968,4.1,0.116099071
10/9/1968,4.1,0.116099071
10/10/1968,5.1,0.144415918
10/11/1968,16,0.453069545
10/12/1968,9.3,0.263346673
10/13/1968,7.1,0.201049611
10/14/1968,5.6,0.158574341
10/15/1968,4.7,0.133089179
10/16/1968,4.3,0.12176244
10/17/1968,4.1,0.116099071
10/18/1968,3.7,0.104772332
10/19/1968,3.3,0.093445594
10/20/1968,3.4,0.096277278
10/21/1968,3.3,0.093445594
10/22/1968,3,0.08495054
10/23/1968,2.9,0.082118855
10/24/1968,2.8,0.07928717
10/25/1968,2.8,0.07928717
10/26/1968,2.7,0.076455486
10/27/1968,2.5,0.070792116
10/28/1968,2.5,0.070792116
10/29/1968,2.5,0.070792116
10/30/1968,2.4,0.067960432
10/31/1968,2.5,0.070792116
11/1/1968,2.5,0.070792116
11/2/1968,2.5,0.070792116
11/3/1968,2.5,0.070792116
11/4/1968,3.4,0.096277278
11/5/1968,9.3,0.263346673
11/6/1968,11,0.311485313
11/7/1968,7.7,0.218039719
11/8/1968,6.8,0.192554557
11/9/1968,10,0.283168466
11/10/1968,12,0.339802159
11/11/1968,30,0.849505398
11/12/1968,81,2.293664574
11/13/1968,66,1.868911875
11/14/1968,43,1.217624403
11/15/1968,30,0.849505398
11/16/1968,22,0.622970625
11/17/1968,18,0.509703239
11/18/1968,70,1.982179261
11/19/1968,84,2.378615114
11/20/1968,74,2.095446648
11/21/1968,47,1.33089179
11/22/1968,33,0.934455938
11/23/1968,25,0.707921165
11/24/1968,20,0.566336932
11/25/1968,17,0.481386392
11/26/1968,15,0.424752699
11/27/1968,14,0.396435852
11/28/1968,13,0.368119006
11/29/1968,13,0.368119006
11/30/1968,28,0.792871705
12/1/1968,245,6.937627415
12/2/1968,368,10.42059955
12/3/1968,262,7.419013807
12/4/1968,345,9.769312074
12/5/1968,194,5.493468239
12/6/1968,112,3.171486818
12/7/1968,84,2.378615114
12/8/1968,81,2.293664574
12/9/1968,75,2.123763494
12/10/1968,59,1.670693949
12/11/1968,50,1.41584233
12/12/1968,44,1.24594125
12/13/1968,74,2.095446648
12/14/1968,212,6.003171478
12/15/1968,150,4.247526989
12/16/1968,90,2.548516193
12/17/1968,70,1.982179261
12/18/1968,61,1.727327642
12/19/1968,61,1.727327642
12/20/1968,79,2.237030881
12/21/1968,81,2.293664574
12/22/1968,110,3.114853125
12/23/1968,295,8.353469745
12/24/1968,185,5.23861662
12/25/1968,111,3.143169972
12/26/1968,87,2.463565654
12/27/1968,76,2.152080341
12/28/1968,453,12.82753151
12/29/1968,398,11.27010494
12/30/1968,573,16.2255531
12/31/1968,1750,49.55448154
1/1/1969,716,20.27486216
1/2/1969,358,10.13743108
1/3/1969,233,6.597825256
1/4/1969,180,5.097032387
1/5/1969,148,4.190893296
1/6/1969,123,3.482972131
1/7/1969,107,3.029902585
1/8/1969,98,2.775050966
1/9/1969,90,2.548516193
1/10/1969,83,2.350298267
1/11/1969,75,2.123763494
1/12/1969,68,1.925545568
1/13/1969,64,1.812278182
1/14/1969,60,1.699010796
1/15/1969,57,1.614060256
1/16/1969,56,1.585743409
1/17/1969,69,1.953862415
1/18/1969,378,10.70376801
1/19/1969,1290,36.5287321
1/20/1969,1020,28.88318352
1/21/1969,515,14.58317599
1/22/1969,277,7.843766506
1/23/1969,229,6.48455787
1/24/1969,176,4.983765
1/25/1969,139,3.936041676
1/26/1969,113,3.199803665
1/27/1969,99,2.803367813
1/28/1969,171,4.842180767
1/29/1969,1110,31.43169972
1/30/1969,474,13.42218528
1/31/1969,277,7.843766506
2/1/1969,200,5.663369318
2/2/1969,162,4.587329148
2/3/1969,239,6.767726335
2/4/1969,235,6.654458949
2/5/1969,145,4.105942756
2/6/1969,131,3.709506904
2/7/1969,135,3.82277429
2/8/1969,115,3.256437358
2/9/1969,96,2.718417273
2/10/1969,82,2.321981421
2/11/1969,74,2.095446648
2/12/1969,71,2.010496108
2/13/1969,66,1.868911875
2/14/1969,439,12.43109565
2/15/1969,939,26.58951895
2/16/1969,513,14.5265423
2/17/1969,269,7.617231733
2/18/1969,182,5.15366608
2/19/1969,144,4.077625909
2/20/1969,122,3.454655284
2/21/1969,110,3.114853125
2/22/1969,306,8.664955057
2/23/1969,338,9.571094148
2/24/1969,182,5.15366608
2/25/1969,129,3.65287321
2/26/1969,106,3.001585739
2/27/1969,94,2.66178358
2/28/1969,85,2.40693196
3/1/1969,80,2.265347727
3/2/1969,75,2.123763494
3/3/1969,70,1.982179261
3/4/1969,88,2.4918825
3/5/1969,80,2.265347727
3/6/1969,251,7.107528495
3/7/1969,368,10.42059955
3/8/1969,198,5.606735625
3/9/1969,145,4.105942756
3/10/1969,106,3.001585739
3/11/1969,87,2.463565654
3/12/1969,79,2.237030881
3/13/1969,79,2.237030881
3/14/1969,76,2.152080341
3/15/1969,72,2.038812955
3/16/1969,1070,30.29902585
3/17/1969,1390,39.36041676
3/18/1969,2850,80.70301279
3/19/1969,1350,38.2277429
3/20/1969,593,16.79189003
3/21/1969,334,9.457826762
3/22/1969,228,6.456241023
3/23/1969,490,13.87525483
3/24/1969,1760,49.83765
3/25/1969,939,26.58951895
3/26/1969,390,11.04357017
3/27/1969,236,6.682775796
3/28/1969,178,5.040398693
3/29/1969,148,4.190893296
3/30/1969,127,3.596239517
3/31/1969,111,3.143169972
4/1/1969,98,2.775050966
4/2/1969,88,2.4918825
4/3/1969,82,2.321981421
4/4/1969,77,2.180397188
4/5/1969,127,3.596239517
4/6/1969,439,12.43109565
4/7/1969,314,8.89148983
4/8/1969,148,4.190893296
4/9/1969,110,3.114853125
4/10/1969,420,11.89307557
4/11/1969,659,18.6608019
4/12/1969,264,7.4756475
4/13/1969,658,18.63248506
4/14/1969,1710,48.42180767
4/15/1969,1020,28.88318352
4/16/1969,364,10.30733216
4/17/1969,386,10.93030278
4/18/1969,675,19.11387145
4/19/1969,499,14.13010645
4/20/1969,234,6.626142103
4/21/1969,155,4.389111222
4/22/1969,120,3.398021591
4/23/1969,98,2.775050966
4/24/1969,82,2.321981421
4/25/1969,70,1.982179261
4/26/1969,62,1.755644489
4/27/1969,56,1.585743409
4/28/1969,62,1.755644489
4/29/1969,70,1.982179261
4/30/1969,62,1.755644489
5/1/1969,49,1.387525483
5/2/1969,41,1.16099071
5/3/1969,36,1.019406477
5/4/1969,35,0.991089631
5/5/1969,33,0.934455938
5/6/1969,32,0.906139091
5/7/1969,32,0.906139091
5/8/1969,63,1.783961335
5/9/1969,165,4.672279688
5/10/1969,132,3.73782375
5/11/1969,80,2.265347727
5/12/1969,44,1.24594125
5/13/1969,34,0.962772784
5/14/1969,29,0.821188551
5/15/1969,24,0.679604318
5/16/1969,22,0.622970625
5/17/1969,185,5.23861662
5/18/1969,581,16.45208787
5/19/1969,210,5.946537784
5/20/1969,92,2.605149886
5/21/1969,58,1.642377102
5/22/1969,41,1.16099071
5/23/1969,31,0.877822244
5/24/1969,24,0.679604318
5/25/1969,22,0.622970625
5/26/1969,21,0.594653778
5/27/1969,19,0.538020085
5/28/1969,18,0.509703239
5/29/1969,18,0.509703239
5/30/1969,14,0.396435852
5/31/1969,12,0.339802159
6/1/1969,11,0.311485313
6/2/1969,10,0.283168466
6/3/1969,9.5,0.269010043
6/4/1969,9,0.254851619
6/5/1969,8.5,0.240693196
6/6/1969,8,0.226534773
6/7/1969,7.6,0.215208034
6/8/1969,7.3,0.20671298
6/9/1969,7.2,0.203881295
6/10/1969,7.3,0.20671298
6/11/1969,6.6,0.186891188
6/12/1969,6.3,0.178396134
6/13/1969,6.1,0.172732764
6/14/1969,5.9,0.167069395
6/15/1969,13,0.368119006
6/16/1969,11,0.311485313
6/17/1969,7.4,0.209544665
6/18/1969,6.9,0.195386241
6/19/1969,6.9,0.195386241
6/20/1969,6.6,0.186891188
6/21/1969,6.5,0.184059503
6/22/1969,6.6,0.186891188
6/23/1969,6.2,0.175564449
6/24/1969,6,0.16990108
6/25/1969,5.9,0.167069395
6/26/1969,5.8,0.16423771
6/27/1969,5.7,0.161406026
6/28/1969,5.4,0.152910972
6/29/1969,5.7,0.161406026
6/30/1969,6.8,0.192554557
7/1/1969,6.3,0.178396134
7/2/1969,7.3,0.20671298
7/3/1969,9.5,0.269010043
7/4/1969,8.5,0.240693196
7/5/1969,7.1,0.201049611
7/6/1969,6.5,0.184059503
7/7/1969,6,0.16990108
7/8/1969,7,0.198217926
7/9/1969,7,0.198217926
7/10/1969,5.7,0.161406026
7/11/1969,5.6,0.158574341
7/12/1969,5.9,0.167069395
7/13/1969,6.2,0.175564449
7/14/1969,13,0.368119006
7/15/1969,13,0.368119006
7/16/1969,13,0.368119006
7/17/1969,18,0.509703239
7/18/1969,23,0.651287472
7/19/1969,28,0.792871705
7/20/1969,19,0.538020085
7/21/1969,15,0.424752699
7/22/1969,14,0.396435852
7/23/1969,15,0.424752699
7/24/1969,35,0.991089631
7/25/1969,30,0.849505398
7/26/1969,24,0.679604318
7/27/1969,19,0.538020085
7/28/1969,14,0.396435852
7/29/1969,11,0.311485313
7/30/1969,9.7,0.274673412
7/31/1969,20,0.566336932
8/1/1969,46,1.302574943
8/2/1969,32,0.906139091
8/3/1969,36,1.019406477
8/4/1969,33,0.934455938
8/5/1969,20,0.566336932
8/6/1969,14,0.396435852
8/7/1969,11,0.311485313
8/8/1969,9,0.254851619
8/9/1969,10,0.283168466
8/10/1969,11,0.311485313
8/11/1969,10,0.283168466
8/12/1969,8.8,0.24918825
8/13/1969,8.5,0.240693196
8/14/1969,7.1,0.201049611
8/15/1969,6.6,0.186891188
8/16/1969,6.2,0.175564449
8/17/1969,18,0.509703239
8/18/1969,1110,31.43169972
8/19/1969,586,16.5936721
8/20/1969,450,12.74258097
8/21/1969,300,8.495053978
8/22/1969,900,25.48516193
8/23/1969,1500,42.47526989
8/24/1969,800,22.65347727
8/25/1969,500,14.1584233
8/26/1969,300,8.495053978
8/27/1969,200,5.663369318
8/28/1969,130,3.681190057
8/29/1969,90,2.548516193
8/30/1969,70,1.982179261
8/31/1969,55,1.557426563
9/1/1969,45,1.274258097
9/2/1969,40,1.132673864
9/3/1969,37,1.047723324
9/4/1969,35,0.991089631
9/5/1969,70,1.982179261
9/6/1969,68,1.925545568
9/7/1969,74,2.095446648
9/8/1969,60,1.699010796
9/9/1969,49,1.387525483
9/10/1969,41,1.16099071
9/11/1969,34,0.962772784
9/12/1969,29,0.821188551
9/13/1969,26,0.736238011
9/14/1969,23,0.651287472
9/15/1969,21,0.594653778
9/16/1969,19,0.538020085
9/17/1969,18,0.509703239
9/18/1969,25,0.707921165
9/19/1969,29,0.821188551
9/20/1969,36,1.019406477
9/21/1969,30,0.849505398
9/22/1969,25,0.707921165
9/23/1969,23,0.651287472
9/24/1969,21,0.594653778
9/25/1969,19,0.538020085
9/26/1969,17,0.481386392
9/27/1969,16,0.453069545
9/28/1969,15,0.424752699
9/29/1969,13,0.368119006
9/30/1969,12,0.339802159
10/1/1969,13,0.368119006
10/2/1969,14,0.396435852
10/3/1969,15,0.424752699
10/4/1969,15,0.424752699
10/5/1969,13,0.368119006
10/6/1969,12,0.339802159
10/7/1969,17,0.481386392
10/8/1969,55,1.557426563
10/9/1969,45,1.274258097
10/10/1969,30,0.849505398
10/11/1969,36,1.019406477
10/12/1969,38,1.07604017
10/13/1969,28,0.792871705
10/14/1969,24,0.679604318
10/15/1969,22,0.622970625
10/16/1969,22,0.622970625
10/17/1969,21,0.594653778
10/18/1969,19,0.538020085
10/19/1969,17,0.481386392
10/20/1969,17,0.481386392
10/21/1969,18,0.509703239
10/22/1969,20,0.566336932
10/23/1969,17,0.481386392
10/24/1969,15,0.424752699
10/25/1969,14,0.396435852
10/26/1969,13,0.368119006
10/27/1969,12,0.339802159
10/28/1969,12,0.339802159
10/29/1969,12,0.339802159
10/30/1969,10,0.283168466
10/31/1969,10,0.283168466
11/1/1969,13,0.368119006
11/2/1969,17,0.481386392
11/3/1969,21,0.594653778
11/4/1969,31,0.877822244
11/5/1969,29,0.821188551
11/6/1969,22,0.622970625
11/7/1969,18,0.509703239
11/8/1969,16,0.453069545
11/9/1969,14,0.396435852
11/10/1969,13,0.368119006
11/11/1969,12,0.339802159
11/12/1969,11,0.311485313
11/13/1969,16,0.453069545
11/14/1969,29,0.821188551
11/15/1969,24,0.679604318
11/16/1969,19,0.538020085
11/17/1969,16,0.453069545
11/18/1969,17,0.481386392
11/19/1969,51,1.444159176
11/20/1969,55,1.557426563
11/21/1969,40,1.132673864
11/22/1969,35,0.991089631
11/23/1969,31,0.877822244
11/24/1969,26,0.736238011
11/25/1969,22,0.622970625
11/26/1969,20,0.566336932
11/27/1969,18,0.509703239
11/28/1969,17,0.481386392
11/29/1969,16,0.453069545
11/30/1969,15,0.424752699
12/1/1969,14,0.396435852
12/2/1969,14,0.396435852
12/3/1969,13,0.368119006
12/4/1969,13,0.368119006
12/5/1969,12,0.339802159
12/6/1969,29,0.821188551
12/7/1969,314,8.89148983
12/8/1969,222,6.286339943
12/9/1969,173,4.89881446
12/10/1969,228,6.456241023
12/11/1969,196,5.550101932
12/12/1969,137,3.879407983
12/13/1969,95,2.690100426
12/14/1969,70,1.982179261
12/15/1969,58,1.642377102
12/16/1969,50,1.41584233
12/17/1969,44,1.24594125
12/18/1969,40,1.132673864
12/19/1969,37,1.047723324
12/20/1969,35,0.991089631
12/21/1969,146,4.134259602
12/22/1969,238,6.739409489
12/23/1969,146,4.134259602
12/24/1969,102,2.888318352
12/25/1969,90,2.548516193
12/26/1969,98,2.775050966
12/27/1969,77,2.180397188
12/28/1969,64,1.812278182
12/29/1969,58,1.642377102
12/30/1969,98,2.775050966
12/31/1969,382,10.8170354
1/1/1970,286,8.098618125
1/2/1970,177,5.012081847
1/3/1970,121,3.426338438
1/4/1970,92,2.605149886
1/5/1970,78,2.208714034
1/6/1970,284,8.041984432
1/7/1970,346,9.797628921
1/8/1970,232,6.569508409
1/9/1970,148,4.190893296
1/10/1970,108,3.058219432
1/11/1970,374,10.59050063
1/12/1970,643,18.20773236
1/13/1970,466,13.19565051
1/14/1970,300,8.495053978
1/15/1970,189,5.351884006
1/16/1970,144,4.077625909
1/17/1970,119,3.369704744
1/18/1970,105,2.973268892
1/19/1970,95,2.690100426
1/20/1970,86,2.435248807
1/21/1970,77,2.180397188
1/22/1970,68,1.925545568
1/23/1970,65,1.840595028
1/24/1970,64,1.812278182
1/25/1970,62,1.755644489
1/26/1970,63,1.783961335
1/27/1970,124,3.511288977
1/28/1970,183,5.181982926
1/29/1970,132,3.73782375
1/30/1970,183,5.181982926
1/31/1970,121,3.426338438
2/1/1970,146,4.134259602
2/2/1970,615,17.41486065
2/3/1970,450,12.74258097
2/4/1970,274,7.758815966
2/5/1970,168,4.757230227
2/6/1970,127,3.596239517
2/7/1970,107,3.029902585
2/8/1970,93,2.633466733
2/9/1970,82,2.321981421
2/10/1970,73,2.067129801
2/11/1970,67,1.897228722
2/12/1970,61,1.727327642
2/13/1970,56,1.585743409
2/14/1970,54,1.529109716
2/15/1970,68,1.925545568
2/16/1970,352,9.96753
2/17/1970,817,23.13486367
2/18/1970,426,12.06297665
2/19/1970,258,7.305746421
2/20/1970,166,4.700596534
2/21/1970,117,3.313071051
2/22/1970,96,2.718417273
2/23/1970,85,2.40693196
2/24/1970,85,2.40693196
2/25/1970,402,11.38337233
2/26/1970,446,12.62931358
2/27/1970,274,7.758815966
2/28/1970,173,4.89881446
3/1/1970,130,3.681190057
3/2/1970,108,3.058219432
3/3/1970,173,4.89881446
3/4/1970,2710,76.73865426
3/5/1970,1820,51.5366608
3/6/1970,958,27.12753904
3/7/1970,498,14.1017896
3/8/1970,422,11.94970926
3/9/1970,346,9.797628921
3/10/1970,262,7.419013807
3/11/1970,222,6.286339943
3/12/1970,240,6.796043182
3/13/1970,206,5.833270398
3/14/1970,162,4.587329148
3/15/1970,134,3.794457443
3/16/1970,116,3.284754205
3/17/1970,124,3.511288977
3/18/1970,242,6.852676875
3/19/1970,1020,28.88318352
3/20/1970,1040,29.44952046
3/21/1970,1160,32.84754205
3/22/1970,1460,41.34259602
3/23/1970,952,26.95763796
3/24/1970,524,14.83802761
3/25/1970,338,9.571094148
3/26/1970,262,7.419013807
3/27/1970,206,5.833270398
3/28/1970,172,4.870497614
3/29/1970,158,4.474061762
3/30/1970,396,11.21347125
3/31/1970,703,19.90674315
4/1/1970,464,13.13901682
4/2/1970,386,10.93030278
4/3/1970,320,9.061390909
4/4/1970,234,6.626142103
4/5/1970,177,5.012081847
4/6/1970,148,4.190893296
4/7/1970,122,3.454655284
4/8/1970,104,2.944952046
4/9/1970,92,2.605149886
4/10/1970,89,2.520199347
4/11/1970,105,2.973268892
4/12/1970,114,3.228120511
4/13/1970,130,3.681190057
4/14/1970,104,2.944952046
4/15/1970,79,2.237030881
4/16/1970,121,3.426338438
4/17/1970,116,3.284754205
4/18/1970,90,2.548516193
4/19/1970,76,2.152080341
4/20/1970,117,3.313071051
4/21/1970,96,2.718417273
4/22/1970,74,2.095446648
4/23/1970,57,1.614060256
4/24/1970,48,1.359208636
4/25/1970,43,1.217624403
4/26/1970,38,1.07604017
4/27/1970,35,0.991089631
4/28/1970,32,0.906139091
4/29/1970,30,0.849505398
4/30/1970,27,0.764554858
5/1/1970,25,0.707921165
5/2/1970,306,8.664955057
5/3/1970,681,19.28377253
5/4/1970,659,18.6608019
5/5/1970,404,11.44000602
5/6/1970,200,5.663369318
5/7/1970,111,3.143169972
5/8/1970,78,2.208714034
5/9/1970,59,1.670693949
5/10/1970,49,1.387525483
5/11/1970,42,1.189307557
5/12/1970,36,1.019406477
5/13/1970,31,0.877822244
5/14/1970,27,0.764554858
5/15/1970,24,0.679604318
5/16/1970,51,1.444159176
5/17/1970,256,7.249112728
5/18/1970,148,4.190893296
5/19/1970,79,2.237030881
5/20/1970,57,1.614060256
5/21/1970,45,1.274258097
5/22/1970,38,1.07604017
5/23/1970,33,0.934455938
5/24/1970,27,0.764554858
5/25/1970,22,0.622970625
5/26/1970,19,0.538020085
5/27/1970,17,0.481386392
5/28/1970,16,0.453069545
5/29/1970,15,0.424752699
5/30/1970,36,1.019406477
5/31/1970,175,4.955448154
6/1/1970,480,13.59208636
6/2/1970,637,18.03783128
6/3/1970,698,19.76515892
6/4/1970,416,11.77980818
6/5/1970,204,5.776636705
6/6/1970,108,3.058219432
6/7/1970,74,2.095446648
6/8/1970,55,1.557426563
6/9/1970,44,1.24594125
6/10/1970,37,1.047723324
6/11/1970,33,0.934455938
6/12/1970,30,0.849505398
6/13/1970,27,0.764554858
6/14/1970,24,0.679604318
6/15/1970,33,0.934455938
6/16/1970,59,1.670693949
6/17/1970,55,1.557426563
6/18/1970,35,0.991089631
6/19/1970,26,0.736238011
6/20/1970,21,0.594653778
6/21/1970,17,0.481386392
6/22/1970,16,0.453069545
6/23/1970,16,0.453069545
6/24/1970,116,3.284754205
6/25/1970,256,7.249112728
6/26/1970,450,12.74258097
6/27/1970,266,7.532281193
6/28/1970,139,3.936041676
6/29/1970,146,4.134259602
6/30/1970,105,2.973268892
7/1/1970,61,1.727327642
7/2/1970,44,1.24594125
7/3/1970,35,0.991089631
7/4/1970,45,1.274258097
7/5/1970,56,1.585743409
7/6/1970,33,0.934455938
7/7/1970,47,1.33089179
7/8/1970,38,1.07604017
7/9/1970,25,0.707921165
7/10/1970,19,0.538020085
7/11/1970,17,0.481386392
7/12/1970,85,2.40693196
7/13/1970,300,8.495053978
7/14/1970,150,4.247526989
7/15/1970,100,2.831684659
7/16/1970,80,2.265347727
7/17/1970,200,5.663369318
7/18/1970,130,3.681190057
7/19/1970,100,2.831684659
7/20/1970,80,2.265347727
7/21/1970,60,1.699010796
7/22/1970,100,2.831684659
7/23/1970,198,5.606735625
7/24/1970,124,3.511288977
7/25/1970,298,8.438420284
7/26/1970,468,13.25228421
7/27/1970,208,5.889904091
7/28/1970,122,3.454655284
7/29/1970,136,3.851091137
7/30/1970,96,2.718417273
7/31/1970,67,1.897228722
8/1/1970,52,1.472476023
8/2/1970,41,1.16099071
8/3/1970,36,1.019406477
8/4/1970,33,0.934455938
8/5/1970,34,0.962772784
8/6/1970,46,1.302574943
8/7/1970,444,12.57267989
8/8/1970,177,5.012081847
8/9/1970,110,3.114853125
8/10/1970,89,2.520199347
8/11/1970,82,2.321981421
8/12/1970,96,2.718417273
8/13/1970,56,1.585743409
8/14/1970,40,1.132673864
8/15/1970,34,0.962772784
8/16/1970,62,1.755644489
8/17/1970,90,2.548516193
8/18/1970,65,1.840595028
8/19/1970,59,1.670693949
8/20/1970,438,12.40277881
8/21/1970,318,9.004757216
8/22/1970,486,13.76198744
8/23/1970,368,10.42059955
8/24/1970,252,7.135845341
8/25/1970,290,8.211885512
8/26/1970,458,12.96911574
8/27/1970,811,22.96496259
8/28/1970,712,20.16159477
8/29/1970,322,9.118024603
8/30/1970,230,6.512874716
8/31/1970,162,4.587329148
9/1/1970,114,3.228120511
9/2/1970,85,2.40693196
9/3/1970,67,1.897228722
9/4/1970,69,1.953862415
9/5/1970,58,1.642377102
9/6/1970,49,1.387525483
9/7/1970,52,1.472476023
9/8/1970,76,2.152080341
9/9/1970,68,1.925545568
9/10/1970,49,1.387525483
9/11/1970,47,1.33089179
9/12/1970,36,1.019406477
9/13/1970,32,0.906139091
9/14/1970,41,1.16099071
9/15/1970,38,1.07604017
9/16/1970,81,2.293664574
9/17/1970,139,3.936041676
9/18/1970,92,2.605149886
9/19/1970,61,1.727327642
9/20/1970,53,1.500792869
9/21/1970,52,1.472476023
9/22/1970,50,1.41584233
9/23/1970,50,1.41584233
9/24/1970,70,1.982179261
9/25/1970,52,1.472476023
9/26/1970,46,1.302574943
9/27/1970,54,1.529109716
9/28/1970,74,2.095446648
9/29/1970,64,1.812278182
9/30/1970,45,1.274258097
10/1/1970,34,0.962772784
10/2/1970,27,0.764554858
10/3/1970,23,0.651287472
10/4/1970,21,0.594653778
10/5/1970,18,0.509703239
10/6/1970,44,1.24594125
10/7/1970,753,21.32258548
10/8/1970,590,16.70693949
10/9/1970,282,7.985350739
10/10/1970,240,6.796043182
10/11/1970,129,3.65287321
10/12/1970,92,2.605149886
10/13/1970,344,9.740995228
10/14/1970,641,18.15109867
10/15/1970,346,9.797628921
10/16/1970,181,5.125349233
10/17/1970,116,3.284754205
10/18/1970,86,2.435248807
10/19/1970,111,3.143169972
10/20/1970,1090,30.86536279
10/21/1970,680,19.25545568
10/22/1970,317,8.97644037
10/23/1970,179,5.06871554
10/24/1970,138,3.90772483
10/25/1970,151,4.275843835
10/26/1970,116,3.284754205
10/27/1970,87,2.463565654
10/28/1970,75,2.123763494
10/29/1970,73,2.067129801
10/30/1970,69,1.953862415
10/31/1970,61,1.727327642
11/1/1970,52,1.472476023
11/2/1970,45,1.274258097
11/3/1970,40,1.132673864
11/4/1970,38,1.07604017
11/5/1970,35,0.991089631
11/6/1970,33,0.934455938
11/7/1970,33,0.934455938
11/8/1970,32,0.906139091
11/9/1970,33,0.934455938
11/10/1970,43,1.217624403
11/11/1970,47,1.33089179
11/12/1970,50,1.41584233
11/13/1970,44,1.24594125
11/14/1970,214,6.059805171
11/15/1970,204,5.776636705
11/16/1970,148,4.190893296
11/17/1970,90,2.548516193
11/18/1970,65,1.840595028
11/19/1970,56,1.585743409
11/20/1970,56,1.585743409
11/21/1970,65,1.840595028
11/22/1970,76,2.152080341
11/23/1970,62,1.755644489
11/24/1970,46,1.302574943
11/25/1970,40,1.132673864
11/26/1970,36,1.019406477
11/27/1970,34,0.962772784
11/28/1970,33,0.934455938
11/29/1970,33,0.934455938
11/30/1970,31,0.877822244
12/1/1970,29,0.821188551
12/2/1970,28,0.792871705
12/3/1970,27,0.764554858
12/4/1970,27,0.764554858
12/5/1970,26,0.736238011
12/6/1970,25,0.707921165
12/7/1970,24,0.679604318
12/8/1970,23,0.651287472
12/9/1970,22,0.622970625
12/10/1970,21,0.594653778
12/11/1970,27,0.764554858
12/12/1970,36,1.019406477
12/13/1970,40,1.132673864
12/14/1970,48,1.359208636
12/15/1970,212,6.003171478
12/16/1970,2710,76.73865426
12/17/1970,1190,33.69704744
12/18/1970,680,19.25545568
12/19/1970,308,8.72158875
12/20/1970,208,5.889904091
12/21/1970,165,4.672279688
12/22/1970,138,3.90772483
12/23/1970,122,3.454655284
12/24/1970,145,4.105942756
12/25/1970,242,6.852676875
12/26/1970,271,7.673865426
12/27/1970,174,4.927131307
12/28/1970,129,3.65287321
12/29/1970,200,5.663369318
12/30/1970,646,18.2926829
12/31/1970,1120,31.71486818
1/1/1971,641,18.15109867
1/2/1971,383,10.84535224
1/3/1971,249,7.050894801
1/4/1971,627,17.75466281
1/5/1971,682,19.31208938
1/6/1971,337,9.542777302
1/7/1971,220,6.22970625
1/8/1971,260,7.362380114
1/9/1971,350,9.910896307
1/10/1971,264,7.4756475
1/11/1971,244,6.909310568
1/12/1971,236,6.682775796
1/13/1971,195,5.521785085
1/14/1971,168,4.757230227
1/15/1971,151,4.275843835
1/16/1971,129,3.65287321
1/17/1971,109,3.086536279
1/18/1971,102,2.888318352
1/19/1971,94,2.66178358
1/20/1971,84,2.378615114
1/21/1971,77,2.180397188
1/22/1971,76,2.152080341
1/23/1971,77,2.180397188
1/24/1971,76,2.152080341
1/25/1971,72,2.038812955
1/26/1971,69,1.953862415
1/27/1971,63,1.783961335
1/28/1971,56,1.585743409
1/29/1971,52,1.472476023
1/30/1971,52,1.472476023
1/31/1971,52,1.472476023
2/1/1971,51,1.444159176
2/2/1971,47,1.33089179
2/3/1971,44,1.24594125
2/4/1971,46,1.302574943
2/5/1971,175,4.955448154
2/6/1971,222,6.286339943
2/7/1971,222,6.286339943
2/8/1971,507,14.35664122
2/9/1971,468,13.25228421
2/10/1971,262,7.419013807
2/11/1971,157,4.445744915
2/12/1971,273,7.73049912
2/13/1971,545,15.43268139
2/14/1971,350,9.910896307
2/15/1971,206,5.833270398
2/16/1971,153,4.332477529
2/17/1971,126,3.567922671
2/18/1971,109,3.086536279
2/19/1971,99,2.803367813
2/20/1971,836,23.67288375
2/21/1971,1330,37.66140597
2/22/1971,901,25.51347878
2/23/1971,588,16.6503058
2/24/1971,321,9.089707756
2/25/1971,222,6.286339943
2/26/1971,802,22.71011097
2/27/1971,1120,31.71486818
2/28/1971,622,17.61307858
3/1/1971,370,10.47723324
3/2/1971,302,8.551687671
3/3/1971,560,15.85743409
3/4/1971,337,9.542777302
3/5/1971,236,6.682775796
3/6/1971,187,5.295250313
3/7/1971,230,6.512874716
3/8/1971,216,6.116438864
3/9/1971,157,4.445744915
3/10/1971,216,6.116438864
3/11/1971,275,7.787132813
3/12/1971,198,5.606735625
3/13/1971,155,4.389111222
3/14/1971,142,4.020992216
3/15/1971,129,3.65287321
3/16/1971,114,3.228120511
3/17/1971,94,2.66178358
3/18/1971,80,2.265347727
3/19/1971,1150,32.56437358
3/20/1971,627,17.75466281
3/21/1971,313,8.863172983
3/22/1971,198,5.606735625
3/23/1971,158,4.474061762
3/24/1971,135,3.82277429
3/25/1971,116,3.284754205
3/26/1971,104,2.944952046
3/27/1971,95,2.690100426
3/28/1971,87,2.463565654
3/29/1971,293,8.296836051
3/30/1971,383,10.84535224
3/31/1971,212,6.003171478
4/1/1971,131,3.709506904
4/2/1971,165,4.672279688
4/3/1971,142,4.020992216
4/4/1971,109,3.086536279
4/5/1971,89,2.520199347
4/6/1971,76,2.152080341
4/7/1971,69,1.953862415
4/8/1971,63,1.783961335
4/9/1971,58,1.642377102
4/10/1971,54,1.529109716
4/11/1971,51,1.444159176
4/12/1971,47,1.33089179
4/13/1971,44,1.24594125
4/14/1971,41,1.16099071
4/15/1971,40,1.132673864
4/16/1971,38,1.07604017
4/17/1971,35,0.991089631
4/18/1971,34,0.962772784
4/19/1971,33,0.934455938
4/20/1971,32,0.906139091
4/21/1971,36,1.019406477
4/22/1971,37,1.047723324
4/23/1971,37,1.047723324
4/24/1971,36,1.019406477
4/25/1971,32,0.906139091
4/26/1971,28,0.792871705
4/27/1971,26,0.736238011
4/28/1971,24,0.679604318
4/29/1971,22,0.622970625
4/30/1971,20,0.566336932
5/1/1971,18,0.509703239
5/2/1971,16,0.453069545
5/3/1971,15,0.424752699
5/4/1971,14,0.396435852
5/5/1971,13,0.368119006
5/6/1971,12,0.339802159
5/7/1971,12,0.339802159
5/8/1971,13,0.368119006
5/9/1971,21,0.594653778
5/10/1971,37,1.047723324
5/11/1971,39,1.104357017
5/12/1971,182,5.15366608
5/13/1971,627,17.75466281
5/14/1971,490,13.87525483
5/15/1971,182,5.15366608
5/16/1971,80,2.265347727
5/17/1971,53,1.500792869
5/18/1971,40,1.132673864
5/19/1971,31,0.877822244
5/20/1971,26,0.736238011
5/21/1971,22,0.622970625
5/22/1971,20,0.566336932
5/23/1971,19,0.538020085
5/24/1971,17,0.481386392
5/25/1971,15,0.424752699
5/26/1971,19,0.538020085
5/27/1971,49,1.387525483
5/28/1971,49,1.387525483
5/29/1971,28,0.792871705
5/30/1971,24,0.679604318
5/31/1971,18,0.509703239
6/1/1971,14,0.396435852
6/2/1971,12,0.339802159
6/3/1971,10,0.283168466
6/4/1971,9,0.254851619
6/5/1971,10,0.283168466
6/6/1971,9,0.254851619
6/7/1971,8.5,0.240693196
6/8/1971,9,0.254851619
6/9/1971,11,0.311485313
6/10/1971,63,1.783961335
6/11/1971,95,2.690100426
6/12/1971,42,1.189307557
6/13/1971,23,0.651287472
6/14/1971,14,0.396435852
6/15/1971,14,0.396435852
6/16/1971,15,0.424752699
6/17/1971,11,0.311485313
6/18/1971,10,0.283168466
6/19/1971,9.5,0.269010043
6/20/1971,20,0.566336932
6/21/1971,16,0.453069545
6/22/1971,13,0.368119006
6/23/1971,33,0.934455938
6/24/1971,24,0.679604318
6/25/1971,14,0.396435852
6/26/1971,11,0.311485313
6/27/1971,69,1.953862415
6/28/1971,60,1.699010796
6/29/1971,63,1.783961335
6/30/1971,62,1.755644489
7/1/1971,39,1.104357017
7/2/1971,76,2.152080341
7/3/1971,151,4.275843835
7/4/1971,155,4.389111222
7/5/1971,90,2.548516193
7/6/1971,75,2.123763494
7/7/1971,57,1.614060256
7/8/1971,36,1.019406477
7/9/1971,24,0.679604318
7/10/1971,18,0.509703239
7/11/1971,13,0.368119006
7/12/1971,8,0.226534773
7/13/1971,9.5,0.269010043
7/14/1971,9,0.254851619
7/15/1971,123,3.482972131
7/16/1971,46,1.302574943
7/17/1971,23,0.651287472
7/18/1971,76,2.152080341
7/19/1971,64,1.812278182
7/20/1971,33,0.934455938
7/21/1971,413,11.69485764
7/22/1971,251,7.107528495
7/23/1971,132,3.73782375
7/24/1971,80,2.265347727
7/25/1971,100,2.831684659
7/26/1971,110,3.114853125
7/27/1971,200,5.663369318
7/28/1971,180,5.097032387
7/29/1971,300,8.495053978
7/30/1971,500,14.1584233
7/31/1971,700,19.82179261
8/1/1971,500,14.1584233
8/2/1971,500,14.1584233
8/3/1971,350,9.910896307
8/4/1971,200,5.663369318
8/5/1971,170,4.813863921
8/6/1971,156,4.417428068
8/7/1971,109,3.086536279
8/8/1971,193,5.465151392
8/9/1971,184,5.210299773
8/10/1971,117,3.313071051
8/11/1971,93,2.633466733
8/12/1971,151,4.275843835
8/13/1971,125,3.539605824
8/14/1971,80,2.265347727
8/15/1971,48,1.359208636
8/16/1971,34,0.962772784
8/17/1971,26,0.736238011
8/18/1971,21,0.594653778
8/19/1971,58,1.642377102
8/20/1971,49,1.387525483
8/21/1971,38,1.07604017
8/22/1971,50,1.41584233
8/23/1971,78,2.208714034
8/24/1971,90,2.548516193
8/25/1971,588,16.6503058
8/26/1971,282,7.985350739
8/27/1971,129,3.65287321
8/28/1971,75,2.123763494
8/29/1971,50,1.41584233
8/30/1971,38,1.07604017
8/31/1971,55,1.557426563
9/1/1971,80,2.265347727
9/2/1971,69,1.953862415
9/3/1971,131,3.709506904
9/4/1971,132,3.73782375
9/5/1971,346,9.797628921
9/6/1971,533,15.09287923
9/7/1971,492,13.93188852
9/8/1971,262,7.419013807
9/9/1971,143,4.049309063
9/10/1971,107,3.029902585
9/11/1971,834,23.61625006
9/12/1971,899,25.45684509
9/13/1971,507,14.35664122
9/14/1971,269,7.617231733
9/15/1971,135,3.82277429
9/16/1971,564,15.97070148
9/17/1971,1080,30.58219432
9/18/1971,696,19.70852523
9/19/1971,365,10.33564901
9/20/1971,198,5.606735625
9/21/1971,232,6.569508409
9/22/1971,165,4.672279688
9/23/1971,165,4.672279688
9/24/1971,114,3.228120511
9/25/1971,90,2.548516193
9/26/1971,107,3.029902585
9/27/1971,110,3.114853125
9/28/1971,77,2.180397188
9/29/1971,60,1.699010796
9/30/1971,49,1.387525483
10/1/1971,41,1.16099071
10/2/1971,35,0.991089631
10/3/1971,31,0.877822244
10/4/1971,28,0.792871705
10/5/1971,26,0.736238011
10/6/1971,24,0.679604318
10/7/1971,21,0.594653778
10/8/1971,19,0.538020085
10/9/1971,18,0.509703239
10/10/1971,16,0.453069545
10/11/1971,14,0.396435852
10/12/1971,13,0.368119006
10/13/1971,13,0.368119006
10/14/1971,12,0.339802159
10/15/1971,12,0.339802159
10/16/1971,12,0.339802159
10/17/1971,12,0.339802159
10/18/1971,13,0.368119006
10/19/1971,23,0.651287472
10/20/1971,45,1.274258097
10/21/1971,33,0.934455938
10/22/1971,24,0.679604318
10/23/1971,21,0.594653778
10/24/1971,18,0.509703239
10/25/1971,17,0.481386392
10/26/1971,16,0.453069545
10/27/1971,15,0.424752699
10/28/1971,14,0.396435852
10/29/1971,14,0.396435852
10/30/1971,13,0.368119006
10/31/1971,12,0.339802159
11/1/1971,12,0.339802159
11/2/1971,25,0.707921165
11/3/1971,101,2.860001506
11/4/1971,66,1.868911875
11/5/1971,42,1.189307557
11/6/1971,30,0.849505398
11/7/1971,23,0.651287472
11/8/1971,18,0.509703239
11/9/1971,16,0.453069545
11/10/1971,15,0.424752699
11/11/1971,17,0.481386392
11/12/1971,18,0.509703239
11/13/1971,17,0.481386392
11/14/1971,16,0.453069545
11/15/1971,15,0.424752699
11/16/1971,14,0.396435852
11/17/1971,14,0.396435852
11/18/1971,13,0.368119006
11/19/1971,13,0.368119006
11/20/1971,13,0.368119006
11/21/1971,13,0.368119006
11/22/1971,13,0.368119006
11/23/1971,14,0.396435852
11/24/1971,41,1.16099071
11/25/1971,62,1.755644489
11/26/1971,44,1.24594125
11/27/1971,37,1.047723324
11/28/1971,44,1.24594125
11/29/1971,119,3.369704744
11/30/1971,113,3.199803665
12/1/1971,107,3.029902585
12/2/1971,268,7.588914887
12/3/1971,686,19.42535676
12/4/1971,476,13.47881898
12/5/1971,278,7.872083353
12/6/1971,266,7.532281193
12/7/1971,648,18.34931659
12/8/1971,418,11.83644188
12/9/1971,240,6.796043182
12/10/1971,219,6.201389404
12/11/1971,228,6.456241023
12/12/1971,206,5.833270398
12/13/1971,157,4.445744915
12/14/1971,119,3.369704744
12/15/1971,104,2.944952046
12/16/1971,110,3.114853125
12/17/1971,233,6.597825256
12/18/1971,204,5.776636705
12/19/1971,130,3.681190057
12/20/1971,760,21.52080341
12/21/1971,934,26.44793472
12/22/1971,555,15.71584986
12/23/1971,298,8.438420284
12/24/1971,199,5.635052472
12/25/1971,156,4.417428068
12/26/1971,130,3.681190057
12/27/1971,113,3.199803665
12/28/1971,101,2.860001506
12/29/1971,93,2.633466733
12/30/1971,90,2.548516193
12/31/1971,175,4.955448154
1/1/1972,217,6.14475571
1/2/1972,500,14.1584233
1/3/1972,686,19.42535676
1/4/1972,575,16.28218679
1/5/1972,1500,42.47526989
1/6/1972,981,27.77882651
1/7/1972,514,14.55485915
1/8/1972,290,8.211885512
1/9/1972,222,6.286339943
1/10/1972,190,5.380200852
1/11/1972,741,20.98278332
1/12/1972,717,20.30317901
1/13/1972,739,20.92614963
1/14/1972,549,15.54594878
1/15/1972,332,9.401193069
1/16/1972,220,6.22970625
1/17/1972,175,4.955448154
1/18/1972,159,4.502378608
1/19/1972,274,7.758815966
1/20/1972,3090,87.49905597
1/21/1972,2900,82.11885512
1/22/1972,1800,50.97032387
1/23/1972,939,26.58951895
1/24/1972,549,15.54594878
1/25/1972,394,11.15683756
1/26/1972,290,8.211885512
1/27/1972,235,6.654458949
1/28/1972,229,6.48455787
1/29/1972,476,13.47881898
1/30/1972,724,20.50139693
1/31/1972,1140,32.28120511
2/1/1972,744,21.06773386
2/2/1972,613,17.35822696
2/3/1972,869,24.60733969
2/4/1972,655,18.54753452
2/5/1972,416,11.77980818
2/6/1972,326,9.231291989
2/7/1972,882,24.97545869
2/8/1972,674,19.0855546
2/9/1972,460,13.02574943
2/10/1972,286,8.098618125
2/11/1972,228,6.456241023
2/12/1972,280,7.928717046
2/13/1972,356,10.08079739
2/14/1972,253,7.164162188
2/15/1972,199,5.635052472
2/16/1972,286,8.098618125
2/17/1972,330,9.344559375
2/18/1972,282,7.985350739
2/19/1972,235,6.654458949
2/20/1972,166,4.700596534
2/21/1972,137,3.879407983
2/22/1972,125,3.539605824
2/23/1972,119,3.369704744
2/24/1972,110,3.114853125
2/25/1972,103,2.916635199
2/26/1972,100,2.831684659
2/27/1972,116,3.284754205
2/28/1972,98,2.775050966
2/29/1972,86,2.435248807
3/1/1972,94,2.66178358
3/2/1972,992,28.09031182
3/3/1972,1220,34.54655284
3/4/1972,652,18.46258398
3/5/1972,326,9.231291989
3/6/1972,222,6.286339943
3/7/1972,168,4.757230227
3/8/1972,454,12.85584835
3/9/1972,796,22.54020989
3/10/1972,472,13.36555159
3/11/1972,249,7.050894801
3/12/1972,186,5.266933466
3/13/1972,154,4.360794375
3/14/1972,135,3.82277429
3/15/1972,127,3.596239517
3/16/1972,246,6.965944262
3/17/1972,310,8.778222444
3/18/1972,250,7.079211648
3/19/1972,170,4.813863921
3/20/1972,125,3.539605824
3/21/1972,160,4.530695455
3/22/1972,180,5.097032387
3/23/1972,145,4.105942756
3/24/1972,100,2.831684659
3/25/1972,110,3.114853125
3/26/1972,100,2.831684659
3/27/1972,140,3.964358523
3/28/1972,300,8.495053978
3/29/1972,230,6.512874716
3/30/1972,150,4.247526989
3/31/1972,130,3.681190057
4/1/1972,120,3.398021591
4/2/1972,110,3.114853125
4/3/1972,100,2.831684659
4/4/1972,160,4.530695455
4/5/1972,210,5.946537784
4/6/1972,140,3.964358523
4/7/1972,100,2.831684659
4/8/1972,80,2.265347727
4/9/1972,66,1.868911875
4/10/1972,58,1.642377102
4/11/1972,52,1.472476023
4/12/1972,47,1.33089179
4/13/1972,44,1.24594125
4/14/1972,40,1.132673864
4/15/1972,36,1.019406477
4/16/1972,46,1.302574943
4/17/1972,51,1.444159176
4/18/1972,39,1.104357017
4/19/1972,33,0.934455938
4/20/1972,26,0.736238011
4/21/1972,23,0.651287472
4/22/1972,145,4.105942756
4/23/1972,98,2.775050966
4/24/1972,57,1.614060256
4/25/1972,36,1.019406477
4/26/1972,25,0.707921165
4/27/1972,19,0.538020085
4/28/1972,17,0.481386392
4/29/1972,18,0.509703239
4/30/1972,18,0.509703239
5/1/1972,17,0.481386392
5/2/1972,16,0.453069545
5/3/1972,316,8.948123523
5/4/1972,296,8.381786591
5/5/1972,97,2.746734119
5/6/1972,53,1.500792869
5/7/1972,484,13.70535375
5/8/1972,1800,50.97032387
5/9/1972,540,15.29109716
5/10/1972,247,6.994261108
5/11/1972,208,5.889904091
5/12/1972,1830,51.81982926
5/13/1972,2820,79.85350739
5/14/1972,1360,38.51091137
5/15/1972,613,17.35822696
5/16/1972,298,8.438420284
5/17/1972,192,5.436834546
5/18/1972,149,4.219210142
5/19/1972,132,3.73782375
5/20/1972,94,2.66178358
5/21/1972,71,2.010496108
5/22/1972,57,1.614060256
5/23/1972,48,1.359208636
5/24/1972,40,1.132673864
5/25/1972,34,0.962772784
5/26/1972,30,0.849505398
5/27/1972,26,0.736238011
5/28/1972,24,0.679604318
5/29/1972,21,0.594653778
5/30/1972,20,0.566336932
5/31/1972,19,0.538020085
6/1/1972,17,0.481386392
6/2/1972,16,0.453069545
6/3/1972,15,0.424752699
6/4/1972,14,0.396435852
6/5/1972,13,0.368119006
6/6/1972,12,0.339802159
6/7/1972,12,0.339802159
6/8/1972,11,0.311485313
6/9/1972,10,0.283168466
6/10/1972,13,0.368119006
6/11/1972,29,0.821188551
6/12/1972,40,1.132673864
6/13/1972,57,1.614060256
6/14/1972,41,1.16099071
6/15/1972,26,0.736238011
6/16/1972,19,0.538020085
6/17/1972,16,0.453069545
6/18/1972,13,0.368119006
6/19/1972,11,0.311485313
6/20/1972,10,0.283168466
6/21/1972,8.6,0.243524881
6/22/1972,8.2,0.232198142
6/23/1972,8.2,0.232198142
6/24/1972,8.2,0.232198142
6/25/1972,8.6,0.243524881
6/26/1972,9,0.254851619
6/27/1972,9,0.254851619
6/28/1972,9,0.254851619
6/29/1972,7.8,0.220871403
6/30/1972,11,0.311485313
7/1/1972,22,0.622970625
7/2/1972,22,0.622970625
7/3/1972,49,1.387525483
7/4/1972,25,0.707921165
7/5/1972,15,0.424752699
7/6/1972,11,0.311485313
7/7/1972,8.6,0.243524881
7/8/1972,8.2,0.232198142
7/9/1972,7.8,0.220871403
7/10/1972,7.4,0.209544665
7/11/1972,7.4,0.209544665
7/12/1972,7.4,0.209544665
7/13/1972,7.8,0.220871403
7/14/1972,8.2,0.232198142
7/15/1972,19,0.538020085
7/16/1972,38,1.07604017
7/17/1972,46,1.302574943
7/18/1972,37,1.047723324
7/19/1972,38,1.07604017
7/20/1972,35,0.991089631
7/21/1972,43,1.217624403
7/22/1972,52,1.472476023
7/23/1972,40,1.132673864
7/24/1972,23,0.651287472
7/25/1972,16,0.453069545
7/26/1972,12,0.339802159
7/27/1972,14,0.396435852
7/28/1972,11,0.311485313
7/29/1972,9,0.254851619
7/30/1972,10,0.283168466
7/31/1972,8.2,0.232198142
8/1/1972,7,0.198217926
8/2/1972,12,0.339802159
8/3/1972,16,0.453069545
8/4/1972,11,0.311485313
8/5/1972,8.6,0.243524881
8/6/1972,7.8,0.220871403
8/7/1972,7.4,0.209544665
8/8/1972,6.4,0.181227818
8/9/1972,6.1,0.172732764
8/10/1972,5.8,0.16423771
8/11/1972,5.8,0.16423771
8/12/1972,7,0.198217926
8/13/1972,8.2,0.232198142
8/14/1972,11,0.311485313
8/15/1972,17,0.481386392
8/16/1972,31,0.877822244
8/17/1972,21,0.594653778
8/18/1972,15,0.424752699
8/19/1972,11,0.311485313
8/20/1972,8.6,0.243524881
8/21/1972,7.8,0.220871403
8/22/1972,6.7,0.189722872
8/23/1972,41,1.16099071
8/24/1972,58,1.642377102
8/25/1972,44,1.24594125
8/26/1972,26,0.736238011
8/27/1972,16,0.453069545
8/28/1972,11,0.311485313
8/29/1972,7.4,0.209544665
8/30/1972,18,0.509703239
8/31/1972,15,0.424752699
9/1/1972,9,0.254851619
9/2/1972,7.4,0.209544665
9/3/1972,7.4,0.209544665
9/4/1972,7.4,0.209544665
9/5/1972,6.4,0.181227818
9/6/1972,6.4,0.181227818
9/7/1972,7,0.198217926
9/8/1972,7.4,0.209544665
9/9/1972,7.8,0.220871403
9/10/1972,8.2,0.232198142
9/11/1972,7.4,0.209544665
9/12/1972,6.6,0.186891188
9/13/1972,5.6,0.158574341
9/14/1972,5,0.141584233
9/15/1972,4.6,0.130257494
9/16/1972,4.4,0.124594125
9/17/1972,4.2,0.118930756
9/18/1972,3.9,0.110435702
9/19/1972,3.9,0.110435702
9/20/1972,3.8,0.107604017
9/21/1972,3.7,0.104772332
9/22/1972,3.7,0.104772332
9/23/1972,3.5,0.099108963
9/24/1972,3.5,0.099108963
9/25/1972,3.5,0.099108963
9/26/1972,3.7,0.104772332
9/27/1972,3.7,0.104772332
9/28/1972,3.5,0.099108963
9/29/1972,3.5,0.099108963
9/30/1972,6.7,0.189722872
10/1/1972,10,0.283168466
10/2/1972,7.9,0.223703088
10/3/1972,6.3,0.178396134
10/4/1972,5.5,0.155742656
10/5/1972,5.2,0.147247602
10/6/1972,4.6,0.130257494
10/7/1972,4.1,0.116099071
10/8/1972,3.6,0.101940648
10/9/1972,3.4,0.096277278
10/10/1972,3.2,0.090613909
10/11/1972,3,0.08495054
10/12/1972,2.8,0.07928717
10/13/1972,2.8,0.07928717
10/14/1972,2.5,0.070792116
10/15/1972,2.5,0.070792116
10/16/1972,2.5,0.070792116
10/17/1972,2.2,0.062297063
10/18/1972,2.2,0.062297063
10/19/1972,2.2,0.062297063
10/20/1972,2.2,0.062297063
10/21/1972,2.2,0.062297063
10/22/1972,2.5,0.070792116
10/23/1972,3,0.08495054
10/24/1972,4.4,0.124594125
10/25/1972,3.6,0.101940648
10/26/1972,3.3,0.093445594
10/27/1972,7,0.198217926
10/28/1972,8,0.226534773
10/29/1972,5.2,0.147247602
10/30/1972,4.2,0.118930756
10/31/1972,3.5,0.099108963
11/1/1972,3.4,0.096277278
11/2/1972,3.2,0.090613909
11/3/1972,8,0.226534773
11/4/1972,7,0.198217926
11/5/1972,5,0.141584233
11/6/1972,5.3,0.150079287
11/7/1972,8,0.226534773
11/8/1972,7.1,0.201049611
11/9/1972,6.7,0.189722872
11/10/1972,6.3,0.178396134
11/11/1972,5.5,0.155742656
11/12/1972,5.2,0.147247602
11/13/1972,8.7,0.246356565
11/14/1972,19,0.538020085
11/15/1972,44,1.24594125
11/16/1972,46,1.302574943
11/17/1972,26,0.736238011
11/18/1972,20,0.566336932
11/19/1972,62,1.755644489
11/20/1972,138,3.90772483
11/21/1972,101,2.860001506
11/22/1972,56,1.585743409
11/23/1972,37,1.047723324
11/24/1972,28,0.792871705
11/25/1972,135,3.82277429
11/26/1972,496,14.04515591
11/27/1972,220,6.22970625
11/28/1972,98,2.775050966
11/29/1972,67,1.897228722
11/30/1972,54,1.529109716
12/1/1972,49,1.387525483
12/2/1972,44,1.24594125
12/3/1972,37,1.047723324
12/4/1972,32,0.906139091
12/5/1972,32,0.906139091
12/6/1972,458,12.96911574
12/7/1972,942,26.67446949
12/8/1972,735,20.81288225
12/9/1972,330,9.344559375
12/10/1972,201,5.691686165
12/11/1972,160,4.530695455
12/12/1972,137,3.879407983
12/13/1972,114,3.228120511
12/14/1972,104,2.944952046
12/15/1972,874,24.74892392
12/16/1972,1110,31.43169972
12/17/1972,540,15.29109716
12/18/1972,254,7.192479034
12/19/1972,178,5.040398693
12/20/1972,158,4.474061762
12/21/1972,3470,98.25945767
12/22/1972,2130,60.31488324
12/23/1972,957,27.09922219
12/24/1972,456,12.91248205
12/25/1972,312,8.834856137
12/26/1972,226,6.39960733
12/27/1972,180,5.097032387
12/28/1972,148,4.190893296
12/29/1972,129,3.65287321
12/30/1972,119,3.369704744
12/31/1972,647,18.32099975
1/1/1973,719,20.3598127
1/2/1973,538,15.23446347
1/3/1973,316,8.948123523
1/4/1973,252,7.135845341
1/5/1973,203,5.748319858
1/6/1973,161,4.559012301
1/7/1973,184,5.210299773
1/8/1973,254,7.192479034
1/9/1973,224,6.342973637
1/10/1973,163,4.615645994
1/11/1973,148,4.190893296
1/12/1973,142,4.020992216
1/13/1973,146,4.134259602
1/14/1973,136,3.851091137
1/15/1973,119,3.369704744
1/16/1973,105,2.973268892
1/17/1973,95,2.690100426
1/18/1973,170,4.813863921
1/19/1973,601,17.0184248
1/20/1973,296,8.381786591
1/21/1973,230,6.512874716
1/22/1973,376,10.64713432
1/23/1973,258,7.305746421
1/24/1973,169,4.785547074
1/25/1973,129,3.65287321
1/26/1973,222,6.286339943
1/27/1973,276,7.815449659
1/28/1973,187,5.295250313
1/29/1973,146,4.134259602
1/30/1973,119,3.369704744
1/31/1973,102,2.888318352
2/1/1973,163,4.615645994
2/2/1973,636,18.00951443
2/3/1973,482,13.64872006
2/4/1973,246,6.965944262
2/5/1973,165,4.672279688
2/6/1973,137,3.879407983
2/7/1973,120,3.398021591
2/8/1973,117,3.313071051
2/9/1973,342,9.684361534
2/10/1973,468,13.25228421
2/11/1973,440,12.4594125
2/12/1973,362,10.25069847
2/13/1973,302,8.551687671
2/14/1973,1200,33.98021591
2/15/1973,1660,47.00596534
2/16/1973,824,23.33308159
2/17/1973,372,10.53386693
2/18/1973,270,7.64554858
2/19/1973,218,6.173072557
2/20/1973,184,5.210299773
2/21/1973,156,4.417428068
2/22/1973,133,3.766140597
2/23/1973,123,3.482972131
2/24/1973,119,3.369704744
2/25/1973,170,4.813863921
2/26/1973,222,6.286339943
2/27/1973,154,4.360794375
2/28/1973,110,3.114853125
3/1/1973,93,2.633466733
3/2/1973,210,5.946537784
3/3/1973,430,12.17624403
3/4/1973,414,11.72317449
3/5/1973,560,15.85743409
3/6/1973,440,12.4594125
3/7/1973,300,8.495053978
3/8/1973,306,8.664955057
3/9/1973,260,7.362380114
3/10/1973,195,5.521785085
3/11/1973,191,5.408517699
3/12/1973,308,8.72158875
3/13/1973,222,6.286339943
3/14/1973,161,4.559012301
3/15/1973,141,3.992675369
3/16/1973,276,7.815449659
3/17/1973,796,22.54020989
3/18/1973,428,12.11961034
3/19/1973,238,6.739409489
3/20/1973,719,20.3598127
3/21/1973,850,24.0693196
3/22/1973,494,13.98852222
3/23/1973,266,7.532281193
3/24/1973,568,16.08396886
3/25/1973,4930,139.6020537
3/26/1973,3050,86.36638211
3/27/1973,913,25.85328094
3/28/1973,506,14.32832438
3/29/1973,590,16.70693949
3/30/1973,579,16.39545418
3/31/1973,739,20.92614963
4/1/1973,598,16.93347426
4/2/1973,374,10.59050063
4/3/1973,348,9.854262614
4/4/1973,386,10.93030278
4/5/1973,264,7.4756475
4/6/1973,204,5.776636705
4/7/1973,1190,33.69704744
4/8/1973,978,27.69387597
4/9/1973,590,16.70693949
4/10/1973,326,9.231291989
4/11/1973,234,6.626142103
4/12/1973,191,5.408517699
4/13/1973,163,4.615645994
4/14/1973,141,3.992675369
4/15/1973,125,3.539605824
4/16/1973,126,3.567922671
4/17/1973,959,27.15585588
4/18/1973,2680,75.88914887
4/19/1973,1990,56.35052472
4/20/1973,991,28.06199497
4/21/1973,480,13.59208636
4/22/1973,330,9.344559375
4/23/1973,262,7.419013807
4/24/1973,220,6.22970625
4/25/1973,748,21.18100125
4/26/1973,1250,35.39605824
4/27/1973,836,23.67288375
4/28/1973,396,11.21347125
4/29/1973,246,6.965944262
4/30/1973,187,5.295250313
5/1/1973,154,4.360794375
5/2/1973,134,3.794457443
5/3/1973,122,3.454655284
5/4/1973,105,2.973268892
5/5/1973,89,2.520199347
5/6/1973,77,2.180397188
5/7/1973,129,3.65287321
5/8/1973,590,16.70693949
5/9/1973,376,10.64713432
5/10/1973,206,5.833270398
5/11/1973,113,3.199803665
5/12/1973,84,2.378615114
5/13/1973,70,1.982179261
5/14/1973,61,1.727327642
5/15/1973,54,1.529109716
5/16/1973,45,1.274258097
5/17/1973,40,1.132673864
5/18/1973,36,1.019406477
5/19/1973,33,0.934455938
5/20/1973,30,0.849505398
5/21/1973,28,0.792871705
5/22/1973,27,0.764554858
5/23/1973,25,0.707921165
5/24/1973,26,0.736238011
5/25/1973,55,1.557426563
5/26/1973,1050,29.73268892
5/27/1973,1590,45.02378608
5/28/1973,408,11.55327341
5/29/1973,167,4.728913381
5/30/1973,90,2.548516193
5/31/1973,62,1.755644489
6/1/1973,65,1.840595028
6/2/1973,59,1.670693949
6/3/1973,49,1.387525483
6/4/1973,44,1.24594125
6/5/1973,39,1.104357017
6/6/1973,110,3.114853125
6/7/1973,210,5.946537784
6/8/1973,761,21.54912026
6/9/1973,278,7.872083353
6/10/1973,149,4.219210142
6/11/1973,88,2.4918825
6/12/1973,67,1.897228722
6/13/1973,59,1.670693949
6/14/1973,70,1.982179261
6/15/1973,55,1.557426563
6/16/1973,114,3.228120511
6/17/1973,418,11.83644188
6/18/1973,134,3.794457443
6/19/1973,76,2.152080341
6/20/1973,448,12.68594727
6/21/1973,1100,31.14853125
6/22/1973,792,22.4269425
6/23/1973,224,6.342973637
6/24/1973,117,3.313071051
6/25/1973,79,2.237030881
6/26/1973,58,1.642377102
6/27/1973,46,1.302574943
6/28/1973,43,1.217624403
6/29/1973,37,1.047723324
6/30/1973,40,1.132673864
7/1/1973,29,0.821188551
7/2/1973,22,0.622970625
7/3/1973,18,0.509703239
7/4/1973,16,0.453069545
7/5/1973,16,0.453069545
7/6/1973,282,7.985350739
7/7/1973,134,3.794457443
7/8/1973,97,2.746734119
7/9/1973,65,1.840595028
7/10/1973,43,1.217624403
7/11/1973,28,0.792871705
7/12/1973,20,0.566336932
7/13/1973,17,0.481386392
7/14/1973,23,0.651287472
7/15/1973,30,0.849505398
7/16/1973,64,1.812278182
7/17/1973,48,1.359208636
7/18/1973,27,0.764554858
7/19/1973,18,0.509703239
7/20/1973,13,0.368119006
7/21/1973,10,0.283168466
7/22/1973,16,0.453069545
7/23/1973,36,1.019406477
7/24/1973,70,1.982179261
7/25/1973,40,1.132673864
7/26/1973,29,0.821188551
7/27/1973,33,0.934455938
7/28/1973,60,1.699010796
7/29/1973,59,1.670693949
7/30/1973,36,1.019406477
7/31/1973,28,0.792871705
8/1/1973,56,1.585743409
8/2/1973,67,1.897228722
8/3/1973,39,1.104357017
8/4/1973,25,0.707921165
8/5/1973,23,0.651287472
8/6/1973,73,2.067129801
8/7/1973,220,6.22970625
8/8/1973,64,1.812278182
8/9/1973,44,1.24594125
8/10/1973,39,1.104357017
8/11/1973,165,4.672279688
8/12/1973,210,5.946537784
8/13/1973,262,7.419013807
8/14/1973,170,4.813863921
8/15/1973,144,4.077625909
8/16/1973,81,2.293664574
8/17/1973,70,1.982179261
8/18/1973,67,1.897228722
8/19/1973,68,1.925545568
8/20/1973,50,1.41584233
8/21/1973,32,0.906139091
8/22/1973,23,0.651287472
8/23/1973,15,0.424752699
8/24/1973,12,0.339802159
8/25/1973,11,0.311485313
8/26/1973,23,0.651287472
8/27/1973,52,1.472476023
8/28/1973,28,0.792871705
8/29/1973,65,1.840595028
8/30/1973,58,1.642377102
8/31/1973,46,1.302574943
9/1/1973,48,1.359208636
9/2/1973,936,26.50456841
9/3/1973,777,22.0021898
9/4/1973,722,20.44476324
9/5/1973,583,16.50872156
9/6/1973,1140,32.28120511
9/7/1973,1270,35.96239517
9/8/1973,759,21.49248656
9/9/1973,358,10.13743108
9/10/1973,266,7.532281193
9/11/1973,607,17.18832588
9/12/1973,967,27.38239065
9/13/1973,4390,124.3109565
9/14/1973,3650,103.3564901
9/15/1973,1400,39.64358523
9/16/1973,601,17.0184248
9/17/1973,346,9.797628921
9/18/1973,234,6.626142103
9/19/1973,182,5.15366608
9/20/1973,141,3.992675369
9/21/1973,113,3.199803665
9/22/1973,95,2.690100426
9/23/1973,80,2.265347727
9/24/1973,76,2.152080341
9/25/1973,72,2.038812955
9/26/1973,69,1.953862415
9/27/1973,68,1.925545568
9/28/1973,79,2.237030881
9/29/1973,79,2.237030881
9/30/1973,292,8.268519205
10/1/1973,452,12.79921466
10/2/1973,240,6.796043182
10/3/1973,153,4.332477529
10/4/1973,110,3.114853125
10/5/1973,85,2.40693196
10/6/1973,68,1.925545568
10/7/1973,59,1.670693949
10/8/1973,57,1.614060256
10/9/1973,52,1.472476023
10/10/1973,53,1.500792869
10/11/1973,86,2.435248807
10/12/1973,75,2.123763494
10/13/1973,80,2.265347727
10/14/1973,69,1.953862415
10/15/1973,54,1.529109716
10/16/1973,60,1.699010796
10/17/1973,187,5.295250313
10/18/1973,111,3.143169972
10/19/1973,77,2.180397188
10/20/1973,53,1.500792869
10/21/1973,42,1.189307557
10/22/1973,36,1.019406477
10/23/1973,32,0.906139091
10/24/1973,29,0.821188551
10/25/1973,26,0.736238011
10/26/1973,24,0.679604318
10/27/1973,23,0.651287472
10/28/1973,21,0.594653778
10/29/1973,20,0.566336932
10/30/1973,19,0.538020085
10/31/1973,34,0.962772784
11/1/1973,85,2.40693196
11/2/1973,77,2.180397188
11/3/1973,56,1.585743409
11/4/1973,42,1.189307557
11/5/1973,702,19.87842631
11/6/1973,686,19.42535676
11/7/1973,395,11.1851544
11/8/1973,171,4.842180767
11/9/1973,119,3.369704744
11/10/1973,98,2.775050966
11/11/1973,79,2.237030881
11/12/1973,64,1.812278182
11/13/1973,56,1.585743409
11/14/1973,51,1.444159176
11/15/1973,55,1.557426563
11/16/1973,176,4.983765
11/17/1973,129,3.65287321
11/18/1973,78,2.208714034
11/19/1973,61,1.727327642
11/20/1973,53,1.500792869
11/21/1973,157,4.445744915
11/22/1973,281,7.957033892
11/23/1973,162,4.587329148
11/24/1973,106,3.001585739
11/25/1973,86,2.435248807
11/26/1973,77,2.180397188
11/27/1973,85,2.40693196
11/28/1973,302,8.551687671
11/29/1973,383,10.84535224
11/30/1973,181,5.125349233
12/1/1973,113,3.199803665
12/2/1973,89,2.520199347
12/3/1973,77,2.180397188
12/4/1973,255,7.220795881
12/5/1973,453,12.82753151
12/6/1973,239,6.767726335
12/7/1973,131,3.709506904
12/8/1973,99,2.803367813
12/9/1973,87,2.463565654
12/10/1973,79,2.237030881
12/11/1973,71,2.010496108
12/12/1973,65,1.840595028
12/13/1973,64,1.812278182
12/14/1973,61,1.727327642
12/15/1973,60,1.699010796
12/16/1973,64,1.812278182
12/17/1973,57,1.614060256
12/18/1973,49,1.387525483
12/19/1973,48,1.359208636
12/20/1973,571,16.1689194
12/21/1973,536,15.17782977
12/22/1973,318,9.004757216
12/23/1973,163,4.615645994
12/24/1973,136,3.851091137
12/25/1973,207,5.861587245
12/26/1973,1390,39.36041676
12/27/1973,1280,36.24556364
12/28/1973,736,20.84119909
12/29/1973,340,9.627727841
12/30/1973,289,8.183568665
12/31/1973,302,8.551687671
1/1/1974,464,13.13901682
1/2/1974,464,13.13901682
1/3/1974,360,10.19406477
1/4/1974,1040,29.44952046
1/5/1974,693,19.62357469
1/6/1974,400,11.32673864
1/7/1974,491,13.90357168
1/8/1974,532,15.06456239
1/9/1974,338,9.571094148
1/10/1974,258,7.305746421
1/11/1974,212,6.003171478
1/12/1974,174,4.927131307
1/13/1974,141,3.992675369
1/14/1974,125,3.539605824
1/15/1974,118,3.341387898
1/16/1974,115,3.256437358
1/17/1974,109,3.086536279
1/18/1974,102,2.888318352
1/19/1974,100,2.831684659
1/20/1974,664,18.80238614
1/21/1974,869,24.60733969
1/22/1974,618,17.49981119
1/23/1974,295,8.353469745
1/24/1974,1010,28.60001506
1/25/1974,1240,35.11288977
1/26/1974,1550,43.89111222
1/27/1974,1030,29.16635199
1/28/1974,638,18.06614813
1/29/1974,963,27.26912327
1/30/1974,1280,36.24556364
1/31/1974,649,18.37763344
2/1/1974,411,11.63822395
2/2/1974,490,13.87525483
2/3/1974,665,18.83070298
2/4/1974,421,11.92139242
2/5/1974,281,7.957033892
2/6/1974,226,6.39960733
2/7/1974,1870,52.95250313
2/8/1974,1590,45.02378608
2/9/1974,963,27.26912327
2/10/1974,504,14.27169068
2/11/1974,354,10.02416369
2/12/1974,280,7.928717046
2/13/1974,237,6.711092642
2/14/1974,208,5.889904091
2/15/1974,191,5.408517699
2/16/1974,298,8.438420284
2/17/1974,261,7.390696961
2/18/1974,180,5.097032387
2/19/1974,326,9.231291989
2/20/1974,265,7.503964347
2/21/1974,180,5.097032387
2/22/1974,193,5.465151392
2/23/1974,163,4.615645994
2/24/1974,131,3.709506904
2/25/1974,111,3.143169972
2/26/1974,100,2.831684659
2/27/1974,94,2.66178358
2/28/1974,91,2.57683304
3/1/1974,90,2.548516193
3/2/1974,88,2.4918825
3/3/1974,85,2.40693196
3/4/1974,82,2.321981421
3/5/1974,80,2.265347727
3/6/1974,77,2.180397188
3/7/1974,73,2.067129801
3/8/1974,67,1.897228722
3/9/1974,62,1.755644489
3/10/1974,59,1.670693949
3/11/1974,58,1.642377102
3/12/1974,134,3.794457443
3/13/1974,137,3.879407983
3/14/1974,97,2.746734119
3/15/1974,69,1.953862415
3/16/1974,62,1.755644489
3/17/1974,59,1.670693949
3/18/1974,53,1.500792869
3/19/1974,48,1.359208636
3/20/1974,49,1.387525483
3/21/1974,380,10.7604017
3/22/1974,378,10.70376801
3/23/1974,167,4.728913381
3/24/1974,102,2.888318352
3/25/1974,98,2.775050966
3/26/1974,273,7.73049912
3/27/1974,2320,65.69508409
3/28/1974,2070,58.61587245
3/29/1974,1390,39.36041676
3/30/1974,625,17.69802912
3/31/1974,330,9.344559375
4/1/1974,235,6.654458949
4/2/1974,1320,37.3782375
4/3/1974,1120,31.71486818
4/4/1974,663,18.77406929
4/5/1974,362,10.25069847
4/6/1974,233,6.597825256
4/7/1974,176,4.983765
4/8/1974,358,10.13743108
4/9/1974,360,10.19406477
4/10/1974,197,5.578418779
4/11/1974,137,3.879407983
4/12/1974,122,3.454655284
4/13/1974,2580,73.05746421
4/14/1974,1850,52.3861662
4/15/1974,1810,51.25349233
4/16/1974,1400,39.64358523
4/17/1974,883,25.00377554
4/18/1974,412,11.6665408
4/19/1974,275,7.787132813
4/20/1974,210,5.946537784
4/21/1974,167,4.728913381
4/22/1974,153,4.332477529
4/23/1974,269,7.617231733
4/24/1974,185,5.23861662
4/25/1974,123,3.482972131
4/26/1974,95,2.690100426
4/27/1974,81,2.293664574
4/28/1974,71,2.010496108
4/29/1974,64,1.812278182
4/30/1974,58,1.642377102
5/1/1974,53,1.500792869
5/2/1974,51,1.444159176
5/3/1974,348,9.854262614
5/4/1974,312,8.834856137
5/5/1974,258,7.305746421
5/6/1974,214,6.059805171
5/7/1974,119,3.369704744
5/8/1974,79,2.237030881
5/9/1974,59,1.670693949
5/10/1974,48,1.359208636
5/11/1974,158,4.474061762
5/12/1974,344,9.740995228
5/13/1974,172,4.870497614
5/14/1974,88,2.4918825
5/15/1974,56,1.585743409
5/16/1974,44,1.24594125
5/17/1974,37,1.047723324
5/18/1974,33,0.934455938
5/19/1974,33,0.934455938
5/20/1974,66,1.868911875
5/21/1974,46,1.302574943
5/22/1974,302,8.551687671
5/23/1974,674,19.0855546
5/24/1974,416,11.77980818
5/25/1974,151,4.275843835
5/26/1974,123,3.482972131
5/27/1974,161,4.559012301
5/28/1974,116,3.284754205
5/29/1974,70,1.982179261
5/30/1974,50,1.41584233
5/31/1974,38,1.07604017
6/1/1974,34,0.962772784
6/2/1974,414,11.72317449
6/3/1974,362,10.25069847
6/4/1974,133,3.766140597
6/5/1974,75,2.123763494
6/6/1974,57,1.614060256
6/7/1974,61,1.727327642
6/8/1974,122,3.454655284
6/9/1974,133,3.766140597
6/10/1974,67,1.897228722
6/11/1974,108,3.058219432
6/12/1974,76,2.152080341
6/13/1974,44,1.24594125
6/14/1974,111,3.143169972
6/15/1974,199,5.635052472
6/16/1974,114,3.228120511
6/17/1974,54,1.529109716
6/18/1974,37,1.047723324
6/19/1974,38,1.07604017
6/20/1974,32,0.906139091
6/21/1974,30,0.849505398
6/22/1974,29,0.821188551
6/23/1974,28,0.792871705
6/24/1974,314,8.89148983
6/25/1974,334,9.457826762
6/26/1974,107,3.029902585
6/27/1974,53,1.500792869
6/28/1974,33,0.934455938
6/29/1974,29,0.821188551
6/30/1974,28,0.792871705
7/1/1974,27,0.764554858
7/2/1974,26,0.736238011
7/3/1974,26,0.736238011
7/4/1974,25,0.707921165
7/5/1974,24,0.679604318
7/6/1974,24,0.679604318
7/7/1974,30,0.849505398
7/8/1974,38,1.07604017
7/9/1974,30,0.849505398
7/10/1974,28,0.792871705
7/11/1974,26,0.736238011
7/12/1974,25,0.707921165
7/13/1974,24,0.679604318
7/14/1974,28,0.792871705
7/15/1974,26,0.736238011
7/16/1974,25,0.707921165
7/17/1974,24,0.679604318
7/18/1974,23,0.651287472
7/19/1974,23,0.651287472
7/20/1974,25,0.707921165
7/21/1974,54,1.529109716
7/22/1974,98,2.775050966
7/23/1974,165,4.672279688
7/24/1974,195,5.521785085
7/25/1974,466,13.19565051
7/26/1974,154,4.360794375
7/27/1974,116,3.284754205
7/28/1974,128,3.624556364
7/29/1974,67,1.897228722
7/30/1974,49,1.387525483
7/31/1974,545,15.43268139
8/1/1974,134,3.794457443
8/2/1974,60,1.699010796
8/3/1974,61,1.727327642
8/4/1974,80,2.265347727
8/5/1974,332,9.401193069
8/6/1974,129,3.65287321
8/7/1974,65,1.840595028
8/8/1974,144,4.077625909
8/9/1974,165,4.672279688
8/10/1974,68,1.925545568
8/11/1974,36,1.019406477
8/12/1974,65,1.840595028
8/13/1974,37,1.047723324
8/14/1974,294,8.325152898
8/15/1974,1010,28.60001506
8/16/1974,731,20.69961486
8/17/1974,506,14.32832438
8/18/1974,543,15.3760477
8/19/1974,352,9.96753
8/20/1974,222,6.286339943
8/21/1974,111,3.143169972
8/22/1974,75,2.123763494
8/23/1974,56,1.585743409
8/24/1974,47,1.33089179
8/25/1974,38,1.07604017
8/26/1974,37,1.047723324
8/27/1974,45,1.274258097
8/28/1974,67,1.897228722
8/29/1974,69,1.953862415
8/30/1974,60,1.699010796
8/31/1974,53,1.500792869
9/1/1974,93,2.633466733
9/2/1974,77,2.180397188
9/3/1974,81,2.293664574
9/4/1974,52,1.472476023
9/5/1974,39,1.104357017
9/6/1974,37,1.047723324
9/7/1974,663,18.77406929
9/8/1974,2230,63.1465679
9/9/1974,2280,64.56241023
9/10/1974,1820,51.5366608
9/11/1974,911,25.79664725
9/12/1974,392,11.10020386
9/13/1974,250,7.079211648
9/14/1974,184,5.210299773
9/15/1974,187,5.295250313
9/16/1974,141,3.992675369
9/17/1974,105,2.973268892
9/18/1974,81,2.293664574
9/19/1974,64,1.812278182
9/20/1974,56,1.585743409
9/21/1974,55,1.557426563
9/22/1974,81,2.293664574
9/23/1974,178,5.040398693
9/24/1974,88,2.4918825
9/25/1974,55,1.557426563
9/26/1974,53,1.500792869
9/27/1974,64,1.812278182
9/28/1974,57,1.614060256
9/29/1974,51,1.444159176
9/30/1974,50,1.41584233
10/1/1974,40,1.132673864
10/2/1974,30,0.849505398
10/3/1974,22,0.622970625
10/4/1974,17,0.481386392
10/5/1974,14,0.396435852
10/6/1974,12,0.339802159
10/7/1974,11,0.311485313
10/8/1974,11,0.311485313
10/9/1974,10,0.283168466
10/10/1974,10,0.283168466
10/11/1974,9.6,0.271841727
10/12/1974,9.2,0.260514989
10/13/1974,9,0.254851619
10/14/1974,9,0.254851619
10/15/1974,14,0.396435852
10/16/1974,17,0.481386392
10/17/1974,16,0.453069545
10/18/1974,16,0.453069545
10/19/1974,16,0.453069545
10/20/1974,14,0.396435852
10/21/1974,12,0.339802159
10/22/1974,12,0.339802159
10/23/1974,12,0.339802159
10/24/1974,11,0.311485313
10/25/1974,11,0.311485313
10/26/1974,11,0.311485313
10/27/1974,10,0.283168466
10/28/1974,11,0.311485313
10/29/1974,12,0.339802159
10/30/1974,12,0.339802159
10/31/1974,14,0.396435852
11/1/1974,16,0.453069545
11/2/1974,16,0.453069545
11/3/1974,14,0.396435852
11/4/1974,14,0.396435852
11/5/1974,14,0.396435852
11/6/1974,15,0.424752699
11/7/1974,17,0.481386392
11/8/1974,18,0.509703239
11/9/1974,18,0.509703239
11/10/1974,18,0.509703239
11/11/1974,23,0.651287472
11/12/1974,55,1.557426563
11/13/1974,62,1.755644489
11/14/1974,40,1.132673864
11/15/1974,29,0.821188551
11/16/1974,26,0.736238011
11/17/1974,68,1.925545568
11/18/1974,243,6.880993722
11/19/1974,156,4.417428068
11/20/1974,430,12.17624403
11/21/1974,418,11.83644188
11/22/1974,179,5.06871554
11/23/1974,95,2.690100426
11/24/1974,67,1.897228722
11/25/1974,73,2.067129801
11/26/1974,128,3.624556364
11/27/1974,106,3.001585739
11/28/1974,71,2.010496108
11/29/1974,54,1.529109716
11/30/1974,389,11.01525332
12/1/1974,452,12.79921466
12/2/1974,219,6.201389404
12/3/1974,129,3.65287321
12/4/1974,96,2.718417273
12/5/1974,79,2.237030881
12/6/1974,69,1.953862415
12/7/1974,425,12.0346598
12/8/1974,401,11.35505548
12/9/1974,210,5.946537784
12/10/1974,131,3.709506904
12/11/1974,115,3.256437358
12/12/1974,154,4.360794375
12/13/1974,138,3.90772483
12/14/1974,105,2.973268892
12/15/1974,661,18.7174356
12/16/1974,523,14.80971077
12/17/1974,270,7.64554858
12/18/1974,165,4.672279688
12/19/1974,131,3.709506904
12/20/1974,445,12.60099673
12/21/1974,536,15.17782977
12/22/1974,289,8.183568665
12/23/1974,203,5.748319858
12/24/1974,553,15.65921617
12/25/1974,373,10.56218378
12/26/1974,270,7.64554858
12/27/1974,204,5.776636705
12/28/1974,165,4.672279688
12/29/1974,149,4.219210142
12/30/1974,131,3.709506904
12/31/1974,114,3.228120511
1/1/1975,103,2.916635199
1/2/1975,94,2.66178358
1/3/1975,89,2.520199347
1/4/1975,142,4.020992216
1/5/1975,158,4.474061762
1/6/1975,113,3.199803665
1/7/1975,100,2.831684659
1/8/1975,678,19.19882199
1/9/1975,670,18.97228722
1/10/1975,727,20.58634747
1/11/1975,1010,28.60001506
1/12/1975,746,21.12436756
1/13/1975,632,17.89624705
1/14/1975,366,10.36396585
1/15/1975,251,7.107528495
1/16/1975,199,5.635052472
1/17/1975,170,4.813863921
1/18/1975,150,4.247526989
1/19/1975,136,3.851091137
1/20/1975,127,3.596239517
1/21/1975,113,3.199803665
1/22/1975,101,2.860001506
1/23/1975,100,2.831684659
1/24/1975,110,3.114853125
1/25/1975,123,3.482972131
1/26/1975,129,3.65287321
1/27/1975,108,3.058219432
1/28/1975,90,2.548516193
1/29/1975,83,2.350298267
1/30/1975,80,2.265347727
1/31/1975,78,2.208714034
2/1/1975,74,2.095446648
2/2/1975,71,2.010496108
2/3/1975,70,1.982179261
2/4/1975,82,2.321981421
2/5/1975,230,6.512874716
2/6/1975,139,3.936041676
2/7/1975,90,2.548516193
2/8/1975,71,2.010496108
2/9/1975,63,1.783961335
2/10/1975,61,1.727327642
2/11/1975,60,1.699010796
2/12/1975,68,1.925545568
2/13/1975,72,2.038812955
2/14/1975,69,1.953862415
2/15/1975,93,2.633466733
2/16/1975,991,28.06199497
2/17/1975,516,14.61149284
2/18/1975,356,10.08079739
2/19/1975,233,6.597825256
2/20/1975,156,4.417428068
2/21/1975,124,3.511288977
2/22/1975,128,3.624556364
2/23/1975,137,3.879407983
2/24/1975,225,6.371290483
2/25/1975,151,4.275843835
2/26/1975,105,2.973268892
2/27/1975,87,2.463565654
2/28/1975,78,2.208714034
3/1/1975,71,2.010496108
3/2/1975,66,1.868911875
3/3/1975,59,1.670693949
3/4/1975,224,6.342973637
3/5/1975,563,15.94238463
3/6/1975,331,9.372876222
3/7/1975,181,5.125349233
3/8/1975,140,3.964358523
3/9/1975,115,3.256437358
3/10/1975,96,2.718417273
3/11/1975,102,2.888318352
3/12/1975,136,3.851091137
3/13/1975,122,3.454655284
3/14/1975,209,5.918220938
3/15/1975,199,5.635052472
3/16/1975,454,12.85584835
3/17/1975,571,16.1689194
3/18/1975,804,22.76674466
3/19/1975,952,26.95763796
3/20/1975,570,16.14060256
3/21/1975,274,7.758815966
3/22/1975,198,5.606735625
3/23/1975,164,4.643962841
3/24/1975,147,4.162576449
3/25/1975,134,3.794457443
3/26/1975,100,2.831684659
3/27/1975,81,2.293664574
3/28/1975,75,2.123763494
3/29/1975,78,2.208714034
3/30/1975,195,5.521785085
3/31/1975,243,6.880993722
4/1/1975,177,5.012081847
4/2/1975,111,3.143169972
4/3/1975,95,2.690100426
4/4/1975,78,2.208714034
4/5/1975,64,1.812278182
4/6/1975,60,1.699010796
4/7/1975,55,1.557426563
4/8/1975,110,3.114853125
4/9/1975,300,8.495053978
4/10/1975,500,14.1584233
4/11/1975,1490,42.19210142
4/12/1975,1200,33.98021591
4/13/1975,1000,28.31684659
4/14/1975,2000,56.63369318
4/15/1975,1700,48.13863921
4/16/1975,700,19.82179261
4/17/1975,308,8.72158875
4/18/1975,214,6.059805171
4/19/1975,173,4.89881446
4/20/1975,140,3.964358523
4/21/1975,432,12.23287773
4/22/1975,858,24.29585438
4/23/1975,393,11.12852071
4/24/1975,206,5.833270398
4/25/1975,158,4.474061762
4/26/1975,123,3.482972131
4/27/1975,98,2.775050966
4/28/1975,81,2.293664574
4/29/1975,169,4.785547074
4/30/1975,770,21.80397188
5/1/1975,1610,45.59012301
5/2/1975,1180,33.41387898
5/3/1975,554,15.68753301
5/4/1975,559,15.82911724
5/5/1975,446,12.62931358
5/6/1975,308,8.72158875
5/7/1975,664,18.80238614
5/8/1975,2290,64.8455787
5/9/1975,1560,44.17428068
5/10/1975,849,24.04100276
5/11/1975,376,10.64713432
5/12/1975,238,6.739409489
5/13/1975,252,7.135845341
5/14/1975,260,7.362380114
5/15/1975,485,13.7336706
5/16/1975,568,16.08396886
5/17/1975,277,7.843766506
5/18/1975,172,4.870497614
5/19/1975,125,3.539605824
5/20/1975,99,2.803367813
5/21/1975,84,2.378615114
5/22/1975,72,2.038812955
5/23/1975,62,1.755644489
5/24/1975,51,1.444159176
5/25/1975,43,1.217624403
5/26/1975,37,1.047723324
5/27/1975,34,0.962772784
5/28/1975,50,1.41584233
5/29/1975,64,1.812278182
5/30/1975,147,4.162576449
5/31/1975,263,7.447330654
6/1/1975,161,4.559012301
6/2/1975,88,2.4918825
6/3/1975,54,1.529109716
6/4/1975,37,1.047723324
6/5/1975,29,0.821188551
6/6/1975,24,0.679604318
6/7/1975,27,0.764554858
6/8/1975,61,1.727327642
6/9/1975,133,3.766140597
6/10/1975,100,2.831684659
6/11/1975,2480,70.22577955
6/12/1975,1950,55.21785085
6/13/1975,1090,30.86536279
6/14/1975,382,10.8170354
6/15/1975,209,5.918220938
6/16/1975,176,4.983765
6/17/1975,120,3.398021591
6/18/1975,87,2.463565654
6/19/1975,67,1.897228722
6/20/1975,53,1.500792869
6/21/1975,42,1.189307557
6/22/1975,39,1.104357017
6/23/1975,57,1.614060256
6/24/1975,68,1.925545568
6/25/1975,85,2.40693196
6/26/1975,64,1.812278182
6/27/1975,74,2.095446648
6/28/1975,141,3.992675369
6/29/1975,98,2.775050966
6/30/1975,120,3.398021591
7/1/1975,251,7.107528495
7/2/1975,155,4.389111222
7/3/1975,167,4.728913381
7/4/1975,740,20.95446648
7/5/1975,393,11.12852071
7/6/1975,177,5.012081847
7/7/1975,114,3.228120511
7/8/1975,86,2.435248807
7/9/1975,67,1.897228722
7/10/1975,53,1.500792869
7/11/1975,45,1.274258097
7/12/1975,61,1.727327642
7/13/1975,52,1.472476023
7/14/1975,37,1.047723324
7/15/1975,31,0.877822244
7/16/1975,29,0.821188551
7/17/1975,32,0.906139091
7/18/1975,33,0.934455938
7/19/1975,33,0.934455938
7/20/1975,26,0.736238011
7/21/1975,22,0.622970625
7/22/1975,56,1.585743409
7/23/1975,89,2.520199347
7/24/1975,36,1.019406477
7/25/1975,40,1.132673864
7/26/1975,350,9.910896307
7/27/1975,346,9.797628921
7/28/1975,156,4.417428068
7/29/1975,100,2.831684659
7/30/1975,227,6.427924176
7/31/1975,1750,49.55448154
8/1/1975,1500,42.47526989
8/2/1975,1840,52.10299773
8/3/1975,1640,46.43962841
8/4/1975,567,16.05565202
8/5/1975,302,8.551687671
8/6/1975,328,9.287925682
8/7/1975,781,22.11545719
8/8/1975,1270,35.96239517
8/9/1975,750,21.23763494
8/10/1975,636,18.00951443
8/11/1975,370,10.47723324
8/12/1975,233,6.597825256
8/13/1975,163,4.615645994
8/14/1975,161,4.559012301
8/15/1975,442,12.51604619
8/16/1975,243,6.880993722
8/17/1975,136,3.851091137
8/18/1975,117,3.313071051
8/19/1975,109,3.086536279
8/20/1975,226,6.39960733
8/21/1975,136,3.851091137
8/22/1975,246,6.965944262
8/23/1975,318,9.004757216
8/24/1975,400,11.32673864
8/25/1975,184,5.210299773
8/26/1975,108,3.058219432
8/27/1975,88,2.4918825
8/28/1975,70,1.982179261
8/29/1975,60,1.699010796
8/30/1975,54,1.529109716
8/31/1975,51,1.444159176
9/1/1975,48,1.359208636
9/2/1975,44,1.24594125
9/3/1975,36,1.019406477
9/4/1975,30,0.849505398
9/5/1975,46,1.302574943
9/6/1975,90,2.548516193
9/7/1975,120,3.398021591
9/8/1975,130,3.681190057
9/9/1975,190,5.380200852
9/10/1975,250,7.079211648
9/11/1975,220,6.22970625
9/12/1975,260,7.362380114
9/13/1975,360,10.19406477
9/14/1975,250,7.079211648
9/15/1975,190,5.380200852
9/16/1975,110,3.114853125
9/17/1975,84,2.378615114
9/18/1975,66,1.868911875
9/19/1975,58,1.642377102
9/20/1975,48,1.359208636
9/21/1975,44,1.24594125
9/22/1975,70,1.982179261
9/23/1975,100,2.831684659
9/24/1975,120,3.398021591
9/25/1975,75,2.123763494
9/26/1975,59,1.670693949
9/27/1975,45,1.274258097
9/28/1975,40,1.132673864
9/29/1975,38,1.07604017
9/30/1975,94,2.66178358
10/1/1975,86,2.435248807
10/2/1975,80,2.265347727
10/3/1975,450,12.74258097
10/4/1975,400,11.32673864
10/5/1975,250,7.079211648
10/6/1975,160,4.530695455
10/7/1975,110,3.114853125
10/8/1975,100,2.831684659
10/9/1975,400,11.32673864
10/10/1975,350,9.910896307
10/11/1975,250,7.079211648
10/12/1975,130,3.681190057
10/13/1975,100,2.831684659
10/14/1975,90,2.548516193
10/15/1975,84,2.378615114
10/16/1975,80,2.265347727
10/17/1975,150,4.247526989
10/18/1975,1000,28.31684659
10/19/1975,700,19.82179261
10/20/1975,500,14.1584233
10/21/1975,300,8.495053978
10/22/1975,200,5.663369318
10/23/1975,150,4.247526989
10/24/1975,120,3.398021591
10/25/1975,100,2.831684659
10/26/1975,90,2.548516193
10/27/1975,80,2.265347727
10/28/1975,76,2.152080341
10/29/1975,74,2.095446648
10/30/1975,72,2.038812955
10/31/1975,72,2.038812955
11/1/1975,71,2.010496108
11/2/1975,70,1.982179261
11/3/1975,66,1.868911875
11/4/1975,64,1.812278182
11/5/1975,62,1.755644489
11/6/1975,59,1.670693949
11/7/1975,70,1.982179261
11/8/1975,81,2.293664574
11/9/1975,90,2.548516193
11/10/1975,250,7.079211648
11/11/1975,460,13.02574943
11/12/1975,400,11.32673864
11/13/1975,271,7.673865426
11/14/1975,153,4.332477529
11/15/1975,108,3.058219432
11/16/1975,92,2.605149886
11/17/1975,81,2.293664574
11/18/1975,73,2.067129801
11/19/1975,66,1.868911875
11/20/1975,64,1.812278182
11/21/1975,92,2.605149886
11/22/1975,84,2.378615114
11/23/1975,66,1.868911875
11/24/1975,54,1.529109716
11/25/1975,49,1.387525483
11/26/1975,49,1.387525483
11/27/1975,130,3.681190057
11/28/1975,116,3.284754205
11/29/1975,77,2.180397188
11/30/1975,73,2.067129801
12/1/1975,196,5.550101932
12/2/1975,161,4.559012301
12/3/1975,88,2.4918825
12/4/1975,63,1.783961335
12/5/1975,53,1.500792869
12/6/1975,109,3.086536279
12/7/1975,89,2.520199347
12/8/1975,54,1.529109716
12/9/1975,45,1.274258097
12/10/1975,40,1.132673864
12/11/1975,38,1.07604017
12/12/1975,36,1.019406477
12/13/1975,35,0.991089631
12/14/1975,34,0.962772784
12/15/1975,120,3.398021591
12/16/1975,108,3.058219432
12/17/1975,75,2.123763494
12/18/1975,56,1.585743409
12/19/1975,45,1.274258097
12/20/1975,39,1.104357017
12/21/1975,34,0.962772784
12/22/1975,32,0.906139091
12/23/1975,31,0.877822244
12/24/1975,30,0.849505398
12/25/1975,35,0.991089631
12/26/1975,150,4.247526989
12/27/1975,140,3.964358523
12/28/1975,100,2.831684659
12/29/1975,150,4.247526989
12/30/1975,250,7.079211648
12/31/1975,600,16.99010796
1/1/1976,500,14.1584233
1/2/1976,350,9.910896307
1/3/1976,200,5.663369318
1/4/1976,250,7.079211648
1/5/1976,300,8.495053978
1/6/1976,250,7.079211648
1/7/1976,200,5.663369318
1/8/1976,220,6.22970625
1/9/1976,200,5.663369318
1/10/1976,170,4.813863921
1/11/1976,120,3.398021591
1/12/1976,100,2.831684659
1/13/1976,90,2.548516193
1/14/1976,80,2.265347727
1/15/1976,74,2.095446648
1/16/1976,70,1.982179261
1/17/1976,66,1.868911875
1/18/1976,62,1.755644489
1/19/1976,60,1.699010796
1/20/1976,56,1.585743409
1/21/1976,54,1.529109716
1/22/1976,52,1.472476023
1/23/1976,51,1.444159176
1/24/1976,50,1.41584233
1/25/1976,50,1.41584233
1/26/1976,150,4.247526989
1/27/1976,300,8.495053978
1/28/1976,200,5.663369318
1/29/1976,100,2.831684659
1/30/1976,80,2.265347727
1/31/1976,70,1.982179261
2/1/1976,300,8.495053978
2/2/1976,600,16.99010796
2/3/1976,300,8.495053978
2/4/1976,100,2.831684659
2/5/1976,66,1.868911875
2/6/1976,100,2.831684659
2/7/1976,300,8.495053978
2/8/1976,150,4.247526989
2/9/1976,100,2.831684659
2/10/1976,80,2.265347727
2/11/1976,60,1.699010796
2/12/1976,50,1.41584233
2/13/1976,45,1.274258097
2/14/1976,40,1.132673864
2/15/1976,37,1.047723324
2/16/1976,35,0.991089631
2/17/1976,32,0.906139091
2/18/1976,31,0.877822244
2/19/1976,30,0.849505398
2/20/1976,30,0.849505398
2/21/1976,150,4.247526989
2/22/1976,700,19.82179261
2/23/1976,400,11.32673864
2/24/1976,250,7.079211648
2/25/1976,200,5.663369318
2/26/1976,130,3.681190057
2/27/1976,100,2.831684659
2/28/1976,90,2.548516193
2/29/1976,80,2.265347727
3/1/1976,70,1.982179261
3/2/1976,62,1.755644489
3/3/1976,60,1.699010796
3/4/1976,70,1.982179261
3/5/1976,56,1.585743409
3/6/1976,54,1.529109716
3/7/1976,60,1.699010796
3/8/1976,80,2.265347727
3/9/1976,100,2.831684659
3/10/1976,130,3.681190057
3/11/1976,90,2.548516193
3/12/1976,70,1.982179261
3/13/1976,64,1.812278182
3/14/1976,60,1.699010796
3/15/1976,70,1.982179261
3/16/1976,126,3.567922671
3/17/1976,160,4.530695455
3/18/1976,95,2.690100426
3/19/1976,66,1.868911875
3/20/1976,55,1.557426563
3/21/1976,61,1.727327642
3/22/1976,114,3.228120511
3/23/1976,147,4.162576449
3/24/1976,94,2.66178358
3/25/1976,1190,33.69704744
3/26/1976,818,23.16318051
3/27/1976,943,26.70278634
3/28/1976,544,15.40436455
3/29/1976,286,8.098618125
3/30/1976,211,5.974854631
3/31/1976,287,8.126934972
4/1/1976,244,6.909310568
4/2/1976,156,4.417428068
4/3/1976,108,3.058219432
4/4/1976,88,2.4918825
4/5/1976,77,2.180397188
4/6/1976,68,1.925545568
4/7/1976,61,1.727327642
4/8/1976,51,1.444159176
4/9/1976,43,1.217624403
4/10/1976,35,0.991089631
4/11/1976,29,0.821188551
4/12/1976,26,0.736238011
4/13/1976,23,0.651287472
4/14/1976,20,0.566336932
4/15/1976,18,0.509703239
4/16/1976,16,0.453069545
4/17/1976,15,0.424752699
4/18/1976,12,0.339802159
4/19/1976,11,0.311485313
4/20/1976,11,0.311485313
4/21/1976,10,0.283168466
4/22/1976,10,0.283168466
4/23/1976,10,0.283168466
4/24/1976,10,0.283168466
4/25/1976,93,2.633466733
4/26/1976,84,2.378615114
4/27/1976,34,0.962772784
4/28/1976,17,0.481386392
4/29/1976,9.5,0.269010043
4/30/1976,7,0.198217926
5/1/1976,21,0.594653778
5/2/1976,55,1.557426563
5/3/1976,36,1.019406477
5/4/1976,16,0.453069545
5/5/1976,8.2,0.232198142
5/6/1976,7,0.198217926
5/7/1976,10,0.283168466
5/8/1976,21,0.594653778
5/9/1976,20,0.566336932
5/10/1976,23,0.651287472
5/11/1976,18,0.509703239
5/12/1976,18,0.509703239
5/13/1976,144,4.077625909
5/14/1976,818,23.16318051
5/15/1976,911,25.79664725
5/16/1976,277,7.843766506
5/17/1976,100,2.831684659
5/18/1976,55,1.557426563
5/19/1976,30,0.849505398
5/20/1976,19,0.538020085
5/21/1976,13,0.368119006
5/22/1976,18,0.509703239
5/23/1976,122,3.454655284
5/24/1976,75,2.123763494
5/25/1976,76,2.152080341
5/26/1976,83,2.350298267
5/27/1976,552,15.63089932
5/28/1976,2100,59.46537784
5/29/1976,799,22.62516043
5/30/1976,342,9.684361534
5/31/1976,140,3.964358523
6/1/1976,212,6.003171478
6/2/1976,590,16.70693949
6/3/1976,534,15.12119608
6/4/1976,332,9.401193069
6/5/1976,262,7.419013807
6/6/1976,161,4.559012301
6/7/1976,94,2.66178358
6/8/1976,62,1.755644489
6/9/1976,41,1.16099071
6/10/1976,29,0.821188551
6/11/1976,20,0.566336932
6/12/1976,15,0.424752699
6/13/1976,11,0.311485313
6/14/1976,8.2,0.232198142
6/15/1976,6.2,0.175564449
6/16/1976,5.8,0.16423771
6/17/1976,11,0.311485313
6/18/1976,49,1.387525483
6/19/1976,25,0.707921165
6/20/1976,45,1.274258097
6/21/1976,56,1.585743409
6/22/1976,32,0.906139091
6/23/1976,15,0.424752699
6/24/1976,10,0.283168466
6/25/1976,13,0.368119006
6/26/1976,20,0.566336932
6/27/1976,15,0.424752699
6/28/1976,8.6,0.243524881
6/29/1976,7.4,0.209544665
6/30/1976,17,0.481386392
7/1/1976,58,1.642377102
7/2/1976,76,2.152080341
7/3/1976,97,2.746734119
7/4/1976,124,3.511288977
7/5/1976,77,2.180397188
7/6/1976,146,4.134259602
7/7/1976,151,4.275843835
7/8/1976,62,1.755644489
7/9/1976,42,1.189307557
7/10/1976,154,4.360794375
7/11/1976,138,3.90772483
7/12/1976,61,1.727327642
7/13/1976,296,8.381786591
7/14/1976,472,13.36555159
7/15/1976,127,3.596239517
7/16/1976,105,2.973268892
7/17/1976,75,2.123763494
7/18/1976,54,1.529109716
7/19/1976,58,1.642377102
7/20/1976,149,4.219210142
7/21/1976,77,2.180397188
7/22/1976,42,1.189307557
7/23/1976,27,0.764554858
7/24/1976,18,0.509703239
7/25/1976,16,0.453069545
7/26/1976,19,0.538020085
7/27/1976,14,0.396435852
7/28/1976,11,0.311485313
7/29/1976,8.6,0.243524881
7/30/1976,7,0.198217926
7/31/1976,6,0.16990108
8/1/1976,20,0.566336932
8/2/1976,30,0.849505398
8/3/1976,80,2.265347727
8/4/1976,70,1.982179261
8/5/1976,50,1.41584233
8/6/1976,40,1.132673864
8/7/1976,30,0.849505398
8/8/1976,15,0.424752699
8/9/1976,12,0.339802159
8/10/1976,10,0.283168466
8/11/1976,9,0.254851619
8/12/1976,7.6,0.215208034
8/13/1976,6.6,0.186891188
8/14/1976,6,0.16990108
8/15/1976,5.4,0.152910972
8/16/1976,5,0.141584233
8/17/1976,25,0.707921165
8/18/1976,15,0.424752699
8/19/1976,10,0.283168466
8/20/1976,8,0.226534773
8/21/1976,6,0.16990108
8/22/1976,5,0.141584233
8/23/1976,4.5,0.12742581
8/24/1976,4,0.113267386
8/25/1976,3.7,0.104772332
8/26/1976,3.5,0.099108963
8/27/1976,3.3,0.093445594
8/28/1976,3.1,0.087782224
8/29/1976,3,0.08495054
8/30/1976,3,0.08495054
8/31/1976,10,0.283168466
9/1/1976,60,1.699010796
9/2/1976,45,1.274258097
9/3/1976,32,0.906139091
9/4/1976,116,3.284754205
9/5/1976,115,3.256437358
9/6/1976,96,2.718417273
9/7/1976,73,2.067129801
9/8/1976,62,1.755644489
9/9/1976,33,0.934455938
9/10/1976,36,1.019406477
9/11/1976,21,0.594653778
9/12/1976,12,0.339802159
9/13/1976,7.4,0.209544665
9/14/1976,4.7,0.133089179
9/15/1976,3.2,0.090613909
9/16/1976,3.2,0.090613909
9/17/1976,3.2,0.090613909
9/18/1976,3.2,0.090613909
9/19/1976,3.2,0.090613909
9/20/1976,3.2,0.090613909
9/21/1976,2.9,0.082118855
9/22/1976,2.6,0.073623801
9/23/1976,2.6,0.073623801
9/24/1976,346,9.797628921
9/25/1976,144,4.077625909
9/26/1976,73,2.067129801
9/27/1976,52,1.472476023
9/28/1976,40,1.132673864
9/29/1976,35,0.991089631
9/30/1976,27,0.764554858
10/1/1976,20,0.566336932
10/2/1976,15,0.424752699
10/3/1976,12,0.339802159
10/4/1976,9,0.254851619
10/5/1976,8.6,0.243524881
10/6/1976,1480,41.90893296
10/7/1976,344,9.740995228
10/8/1976,148,4.190893296
10/9/1976,97,2.746734119
10/10/1976,67,1.897228722
10/11/1976,48,1.359208636
10/12/1976,36,1.019406477
10/13/1976,30,0.849505398
10/14/1976,25,0.707921165
10/15/1976,22,0.622970625
10/16/1976,23,0.651287472
10/17/1976,404,11.44000602
10/18/1976,168,4.757230227
10/19/1976,102,2.888318352
10/20/1976,69,1.953862415
10/21/1976,49,1.387525483
10/22/1976,37,1.047723324
10/23/1976,30,0.849505398
10/24/1976,26,0.736238011
10/25/1976,25,0.707921165
10/26/1976,25,0.707921165
10/27/1976,23,0.651287472
10/28/1976,20,0.566336932
10/29/1976,20,0.566336932
10/30/1976,1150,32.56437358
10/31/1976,488,13.81862114
11/1/1976,206,5.833270398
11/2/1976,126,3.567922671
11/3/1976,92,2.605149886
11/4/1976,73,2.067129801
11/5/1976,58,1.642377102
11/6/1976,47,1.33089179
11/7/1976,41,1.16099071
11/8/1976,36,1.019406477
11/9/1976,33,0.934455938
11/10/1976,30,0.849505398
11/11/1976,30,0.849505398
11/12/1976,41,1.16099071
11/13/1976,63,1.783961335
11/14/1976,72,2.038812955
11/15/1976,116,3.284754205
11/16/1976,97,2.746734119
11/17/1976,86,2.435248807
11/18/1976,110,3.114853125
11/19/1976,86,2.435248807
11/20/1976,153,4.332477529
11/21/1976,162,4.587329148
11/22/1976,114,3.228120511
11/23/1976,80,2.265347727
11/24/1976,63,1.783961335
11/25/1976,55,1.557426563
11/26/1976,97,2.746734119
11/27/1976,629,17.81129651
11/28/1976,1630,46.15645994
11/29/1976,1960,55.50101932
11/30/1976,1040,29.44952046
12/1/1976,535,15.14951293
12/2/1976,296,8.381786591
12/3/1976,218,6.173072557
12/4/1976,177,5.012081847
12/5/1976,148,4.190893296
12/6/1976,132,3.73782375
12/7/1976,601,17.0184248
12/8/1976,598,16.93347426
12/9/1976,346,9.797628921
12/10/1976,206,5.833270398
12/11/1976,290,8.211885512
12/12/1976,541,15.31941401
12/13/1976,535,15.14951293
12/14/1976,398,11.27010494
12/15/1976,392,11.10020386
12/16/1976,344,9.740995228
12/17/1976,234,6.626142103
12/18/1976,177,5.012081847
12/19/1976,146,4.134259602
12/20/1976,250,7.079211648
12/21/1976,330,9.344559375
12/22/1976,200,5.663369318
12/23/1976,157,4.445744915
12/24/1976,135,3.82277429
12/25/1976,266,7.532281193
12/26/1976,820,23.21981421
12/27/1976,515,14.58317599
12/28/1976,290,8.211885512
12/29/1976,206,5.833270398
12/30/1976,162,4.587329148
12/31/1976,143,4.049309063
1/1/1977,127,3.596239517
1/2/1977,135,3.82277429
1/3/1977,440,12.4594125
1/4/1977,340,9.627727841
1/5/1977,220,6.22970625
1/6/1977,179,5.06871554
1/7/1977,318,9.004757216
1/8/1977,236,6.682775796
1/9/1977,195,5.521785085
1/10/1977,278,7.872083353
1/11/1977,215,6.088122017
1/12/1977,157,4.445744915
1/13/1977,137,3.879407983
1/14/1977,1400,39.64358523
1/15/1977,1080,30.58219432
1/16/1977,761,21.54912026
1/17/1977,344,9.740995228
1/18/1977,246,6.965944262
1/19/1977,198,5.606735625
1/20/1977,171,4.842180767
1/21/1977,155,4.389111222
1/22/1977,140,3.964358523
1/23/1977,127,3.596239517
1/24/1977,173,4.89881446
1/25/1977,195,5.521785085
1/26/1977,145,4.105942756
1/27/1977,266,7.532281193
1/28/1977,342,9.684361534
1/29/1977,209,5.918220938
1/30/1977,152,4.304160682
1/31/1977,292,8.268519205
2/1/1977,318,9.004757216
2/2/1977,220,6.22970625
2/3/1977,362,10.25069847
2/4/1977,557,15.77248355
2/5/1977,344,9.740995228
2/6/1977,218,6.173072557
2/7/1977,171,4.842180767
2/8/1977,145,4.105942756
2/9/1977,130,3.681190057
2/10/1977,119,3.369704744
2/11/1977,108,3.058219432
2/12/1977,102,2.888318352
2/13/1977,100,2.831684659
2/14/1977,92,2.605149886
2/15/1977,81,2.293664574
2/16/1977,73,2.067129801
2/17/1977,68,1.925545568
2/18/1977,64,1.812278182
2/19/1977,63,1.783961335
2/20/1977,61,1.727327642
2/21/1977,57,1.614060256
2/22/1977,54,1.529109716
2/23/1977,228,6.456241023
2/24/1977,909,25.74001355
2/25/1977,623,17.64139543
2/26/1977,298,8.438420284
2/27/1977,775,21.94555611
2/28/1977,543,15.3760477
3/1/1977,338,9.571094148
3/2/1977,200,5.663369318
3/3/1977,161,4.559012301
3/4/1977,909,25.74001355
3/5/1977,938,26.5612021
3/6/1977,883,25.00377554
3/7/1977,581,16.45208787
3/8/1977,344,9.740995228
3/9/1977,232,6.569508409
3/10/1977,222,6.286339943
3/11/1977,204,5.776636705
3/12/1977,3500,99.10896307
3/13/1977,1810,51.25349233
3/14/1977,811,22.96496259
3/15/1977,400,11.32673864
3/16/1977,310,8.778222444
3/17/1977,240,6.796043182
3/18/1977,200,5.663369318
3/19/1977,179,5.06871554
3/20/1977,164,4.643962841
3/21/1977,193,5.465151392
3/22/1977,563,15.94238463
3/23/1977,228,6.456241023
3/24/1977,155,4.389111222
3/25/1977,215,6.088122017
3/26/1977,188,5.323567159
3/27/1977,143,4.049309063
3/28/1977,195,5.521785085
3/29/1977,314,8.89148983
3/30/1977,290,8.211885512
3/31/1977,1020,28.88318352
4/1/1977,897,25.40021139
4/2/1977,552,15.63089932
4/3/1977,300,8.495053978
4/4/1977,222,6.286339943
4/5/1977,244,6.909310568
4/6/1977,191,5.408517699
4/7/1977,134,3.794457443
4/8/1977,106,3.001585739
4/9/1977,89,2.520199347
4/10/1977,76,2.152080341
4/11/1977,64,1.812278182
4/12/1977,56,1.585743409
4/13/1977,50,1.41584233
4/14/1977,45,1.274258097
4/15/1977,40,1.132673864
4/16/1977,37,1.047723324
4/17/1977,35,0.991089631
4/18/1977,36,1.019406477
4/19/1977,86,2.435248807
4/20/1977,126,3.567922671
4/21/1977,1530,43.32477529
4/22/1977,1350,38.2277429
4/23/1977,852,24.1259533
4/24/1977,424,12.00634296
4/25/1977,200,5.663369318
4/26/1977,145,4.105942756
4/27/1977,110,3.114853125
4/28/1977,100,2.831684659
4/29/1977,90,2.548516193
4/30/1977,80,2.265347727
5/1/1977,300,8.495053978
5/2/1977,2100,59.46537784
5/3/1977,1000,28.31684659
5/4/1977,450,12.74258097
5/5/1977,350,9.910896307
5/6/1977,250,7.079211648
5/7/1977,180,5.097032387
5/8/1977,150,4.247526989
5/9/1977,120,3.398021591
5/10/1977,96,2.718417273
5/11/1977,78,2.208714034
5/12/1977,72,2.038812955
5/13/1977,75,2.123763494
5/14/1977,61,1.727327642
5/15/1977,47,1.33089179
5/16/1977,40,1.132673864
5/17/1977,35,0.991089631
5/18/1977,32,0.906139091
5/19/1977,30,0.849505398
5/20/1977,28,0.792871705
5/21/1977,27,0.764554858
5/22/1977,26,0.736238011
5/23/1977,33,0.934455938
5/24/1977,28,0.792871705
5/25/1977,25,0.707921165
5/26/1977,22,0.622970625
5/27/1977,20,0.566336932
5/28/1977,19,0.538020085
5/29/1977,18,0.509703239
5/30/1977,18,0.509703239
5/31/1977,120,3.398021591
6/1/1977,80,2.265347727
6/2/1977,45,1.274258097
6/3/1977,30,0.849505398
6/4/1977,24,0.679604318
6/5/1977,20,0.566336932
6/6/1977,18,0.509703239
6/7/1977,16,0.453069545
6/8/1977,15,0.424752699
6/9/1977,14,0.396435852
6/10/1977,13,0.368119006
6/11/1977,12,0.339802159
6/12/1977,11,0.311485313
6/13/1977,10,0.283168466
6/14/1977,9.6,0.271841727
6/15/1977,9.2,0.260514989
6/16/1977,8.8,0.24918825
6/17/1977,8.5,0.240693196
6/18/1977,8.2,0.232198142
6/19/1977,7.9,0.223703088
6/20/1977,7.6,0.215208034
6/21/1977,7.6,0.215208034
6/22/1977,7.3,0.20671298
6/23/1977,7.3,0.20671298
6/24/1977,7,0.198217926
6/25/1977,8.5,0.240693196
6/26/1977,7,0.198217926
6/27/1977,6.7,0.189722872
6/28/1977,7.3,0.20671298
6/29/1977,6.7,0.189722872
6/30/1977,6.4,0.181227818
7/1/1977,8.5,0.240693196
7/2/1977,10,0.283168466
7/3/1977,25,0.707921165
7/4/1977,103,2.916635199
7/5/1977,92,2.605149886
7/6/1977,42,1.189307557
7/7/1977,25,0.707921165
7/8/1977,19,0.538020085
7/9/1977,14,0.396435852
7/10/1977,12,0.339802159
7/11/1977,12,0.339802159
7/12/1977,15,0.424752699
7/13/1977,20,0.566336932
7/14/1977,22,0.622970625
7/15/1977,22,0.622970625
7/16/1977,57,1.614060256
7/17/1977,114,3.228120511
7/18/1977,66,1.868911875
7/19/1977,38,1.07604017
7/20/1977,30,0.849505398
7/21/1977,126,3.567922671
7/22/1977,134,3.794457443
7/23/1977,69,1.953862415
7/24/1977,37,1.047723324
7/25/1977,24,0.679604318
7/26/1977,22,0.622970625
7/27/1977,16,0.453069545
7/28/1977,87,2.463565654
7/29/1977,44,1.24594125
7/30/1977,29,0.821188551
7/31/1977,24,0.679604318
8/1/1977,30,0.849505398
8/2/1977,93,2.633466733
8/3/1977,191,5.408517699
8/4/1977,173,4.89881446
8/5/1977,230,6.512874716
8/6/1977,114,3.228120511
8/7/1977,108,3.058219432
8/8/1977,242,6.852676875
8/9/1977,87,2.463565654
8/10/1977,72,2.038812955
8/11/1977,252,7.135845341
8/12/1977,195,5.521785085
8/13/1977,97,2.746734119
8/14/1977,60,1.699010796
8/15/1977,58,1.642377102
8/16/1977,137,3.879407983
8/17/1977,177,5.012081847
8/18/1977,491,13.90357168
8/19/1977,360,10.19406477
8/20/1977,168,4.757230227
8/21/1977,105,2.973268892
8/22/1977,111,3.143169972
8/23/1977,87,2.463565654
8/24/1977,288,8.155251818
8/25/1977,256,7.249112728
8/26/1977,153,4.332477529
8/27/1977,105,2.973268892
8/28/1977,328,9.287925682
8/29/1977,631,17.8679302
8/30/1977,428,12.11961034
8/31/1977,246,6.965944262
9/1/1977,152,4.304160682
9/2/1977,99,2.803367813
9/3/1977,66,1.868911875
9/4/1977,59,1.670693949
9/5/1977,159,4.502378608
9/6/1977,868,24.57902284
9/7/1977,799,22.62516043
9/8/1977,436,12.34614511
9/9/1977,195,5.521785085
9/10/1977,368,10.42059955
9/11/1977,402,11.38337233
9/12/1977,262,7.419013807
9/13/1977,486,13.76198744
9/14/1977,912,25.82496409
9/15/1977,1310,37.09506904
9/16/1977,2010,56.91686165
9/17/1977,1030,29.16635199
9/18/1977,561,15.88575094
9/19/1977,360,10.19406477
9/20/1977,258,7.305746421
9/21/1977,166,4.700596534
9/22/1977,126,3.567922671
9/23/1977,97,2.746734119
9/24/1977,81,2.293664574
9/25/1977,69,1.953862415
9/26/1977,60,1.699010796
9/27/1977,52,1.472476023
9/28/1977,44,1.24594125
9/29/1977,70,1.982179261
9/30/1977,142,4.020992216
10/1/1977,100,2.831684659
10/2/1977,63,1.783961335
10/3/1977,51,1.444159176
10/4/1977,45,1.274258097
10/5/1977,38,1.07604017
10/6/1977,32,0.906139091
10/7/1977,28,0.792871705
10/8/1977,26,0.736238011
10/9/1977,24,0.679604318
10/10/1977,24,0.679604318
10/11/1977,140,3.964358523
10/12/1977,184,5.210299773
10/13/1977,108,3.058219432
10/14/1977,63,1.783961335
10/15/1977,43,1.217624403
10/16/1977,34,0.962772784
10/17/1977,33,0.934455938
10/18/1977,31,0.877822244
10/19/1977,28,0.792871705
10/20/1977,24,0.679604318
10/21/1977,21,0.594653778
10/22/1977,20,0.566336932
10/23/1977,20,0.566336932
10/24/1977,20,0.566336932
10/25/1977,27,0.764554858
10/26/1977,37,1.047723324
10/27/1977,36,1.019406477
10/28/1977,30,0.849505398
10/29/1977,26,0.736238011
10/30/1977,23,0.651287472
10/31/1977,21,0.594653778
11/1/1977,21,0.594653778
11/2/1977,25,0.707921165
11/3/1977,77,2.180397188
11/4/1977,198,5.606735625
11/5/1977,741,20.98278332
11/6/1977,479,13.56376952
11/7/1977,230,6.512874716
11/8/1977,136,3.851091137
11/9/1977,164,4.643962841
11/10/1977,231,6.541191563
11/11/1977,145,4.105942756
11/12/1977,99,2.803367813
11/13/1977,77,2.180397188
11/14/1977,65,1.840595028
11/15/1977,57,1.614060256
11/16/1977,53,1.500792869
11/17/1977,51,1.444159176
11/18/1977,49,1.387525483
11/19/1977,65,1.840595028
11/20/1977,76,2.152080341
11/21/1977,220,6.22970625
11/22/1977,1450,41.05942756
11/23/1977,1200,33.98021591
11/24/1977,694,19.65189153
11/25/1977,296,8.381786591
11/26/1977,207,5.861587245
11/27/1977,161,4.559012301
11/28/1977,149,4.219210142
11/29/1977,174,4.927131307
11/30/1977,606,17.16000903
12/1/1977,591,16.73525634
12/2/1977,332,9.401193069
12/3/1977,207,5.861587245
12/4/1977,168,4.757230227
12/5/1977,157,4.445744915
12/6/1977,147,4.162576449
12/7/1977,109,3.086536279
12/8/1977,93,2.633466733
12/9/1977,90,2.548516193
12/10/1977,124,3.511288977
12/11/1977,111,3.143169972
12/12/1977,86,2.435248807
12/13/1977,79,2.237030881
12/14/1977,100,2.831684659
12/15/1977,132,3.73782375
12/16/1977,103,2.916635199
12/17/1977,129,3.65287321
12/18/1977,163,4.615645994
12/19/1977,122,3.454655284
12/20/1977,91,2.57683304
12/21/1977,76,2.152080341
12/22/1977,65,1.840595028
12/23/1977,58,1.642377102
12/24/1977,57,1.614060256
12/25/1977,60,1.699010796
12/26/1977,59,1.670693949
12/27/1977,53,1.500792869
12/28/1977,48,1.359208636
12/29/1977,115,3.256437358
12/30/1977,817,23.13486367
12/31/1977,606,17.16000903
1/1/1978,313,8.863172983
1/2/1978,193,5.465151392
1/3/1978,150,4.247526989
1/4/1978,127,3.596239517
1/5/1978,112,3.171486818
1/6/1978,105,2.973268892
1/7/1978,103,2.916635199
1/8/1978,481,13.62040321
1/9/1978,628,17.78297966
1/10/1978,367,10.3922827
1/11/1978,202,5.720003012
1/12/1978,197,5.578418779
1/13/1978,293,8.296836051
1/14/1978,213,6.031488324
1/15/1978,159,4.502378608
1/16/1978,140,3.964358523
1/17/1978,432,12.23287773
1/18/1978,356,10.08079739
1/19/1978,957,27.09922219
1/20/1978,765,21.66238764
1/21/1978,440,12.4594125
1/22/1978,270,7.64554858
1/23/1978,250,7.079211648
1/24/1978,1380,39.0772483
1/25/1978,4600,130.2574943
1/26/1978,3190,90.33074063
1/27/1978,1240,35.11288977
1/28/1978,569,16.11228571
1/29/1978,387,10.95861963
1/30/1978,332,9.401193069
1/31/1978,475,13.45050213
2/1/1978,704,19.93506
2/2/1978,1030,29.16635199
2/3/1978,701,19.85010946
2/4/1978,422,11.94970926
2/5/1978,309,8.749905597
2/6/1978,258,7.305746421
2/7/1978,223,6.31465679
2/8/1978,200,5.663369318
2/9/1978,181,5.125349233
2/10/1978,168,4.757230227
2/11/1978,154,4.360794375
2/12/1978,142,4.020992216
2/13/1978,207,5.861587245
2/14/1978,210,5.946537784
2/15/1978,154,4.360794375
2/16/1978,129,3.65287321
2/17/1978,119,3.369704744
2/18/1978,139,3.936041676
2/19/1978,127,3.596239517
2/20/1978,108,3.058219432
2/21/1978,97,2.746734119
2/22/1978,90,2.548516193
2/23/1978,85,2.40693196
2/24/1978,81,2.293664574
2/25/1978,78,2.208714034
2/26/1978,77,2.180397188
2/27/1978,78,2.208714034
2/28/1978,278,7.872083353
3/1/1978,372,10.53386693
3/2/1978,205,5.804953551
3/3/1978,299,8.466737131
3/4/1978,240,6.796043182
3/5/1978,159,4.502378608
3/6/1978,127,3.596239517
3/7/1978,552,15.63089932
3/8/1978,1400,39.64358523
3/9/1978,782,22.14377403
3/10/1978,385,10.90198594
3/11/1978,258,7.305746421
3/12/1978,212,6.003171478
3/13/1978,179,5.06871554
3/14/1978,207,5.861587245
3/15/1978,193,5.465151392
3/16/1978,139,3.936041676
3/17/1978,111,3.143169972
3/18/1978,96,2.718417273
3/19/1978,89,2.520199347
3/20/1978,83,2.350298267
3/21/1978,91,2.57683304
3/22/1978,117,3.313071051
3/23/1978,100,2.831684659
3/24/1978,83,2.350298267
3/25/1978,94,2.66178358
3/26/1978,102,2.888318352
3/27/1978,78,2.208714034
3/28/1978,65,1.840595028
3/29/1978,58,1.642377102
3/30/1978,53,1.500792869
3/31/1978,49,1.387525483
4/1/1978,45,1.274258097
4/2/1978,43,1.217624403
4/3/1978,40,1.132673864
4/4/1978,38,1.07604017
4/5/1978,37,1.047723324
4/6/1978,36,1.019406477
4/7/1978,35,0.991089631
4/8/1978,35,0.991089631
4/9/1978,34,0.962772784
4/10/1978,31,0.877822244
4/11/1978,51,1.444159176
4/12/1978,289,8.183568665
4/13/1978,1070,30.29902585
4/14/1978,508,14.38495807
4/15/1978,210,5.946537784
4/16/1978,125,3.539605824
4/17/1978,94,2.66178358
4/18/1978,220,6.22970625
4/19/1978,453,12.82753151
4/20/1978,216,6.116438864
4/21/1978,109,3.086536279
4/22/1978,78,2.208714034
4/23/1978,61,1.727327642
4/24/1978,53,1.500792869
4/25/1978,50,1.41584233
4/26/1978,49,1.387525483
4/27/1978,44,1.24594125
4/28/1978,37,1.047723324
4/29/1978,32,0.906139091
4/30/1978,29,0.821188551
5/1/1978,27,0.764554858
5/2/1978,26,0.736238011
5/3/1978,2900,82.11885512
5/4/1978,2900,82.11885512
5/5/1978,1280,36.24556364
5/6/1978,380,10.7604017
5/7/1978,298,8.438420284
5/8/1978,380,10.7604017
5/9/1978,837,23.7012006
5/10/1978,617,17.47149435
5/11/1978,397,11.2417881
5/12/1978,216,6.116438864
5/13/1978,174,4.927131307
5/14/1978,134,3.794457443
5/15/1978,102,2.888318352
5/16/1978,82,2.321981421
5/17/1978,74,2.095446648
5/18/1978,103,2.916635199
5/19/1978,125,3.539605824
5/20/1978,102,2.888318352
5/21/1978,78,2.208714034
5/22/1978,63,1.783961335
5/23/1978,54,1.529109716
5/24/1978,45,1.274258097
5/25/1978,40,1.132673864
5/26/1978,36,1.019406477
5/27/1978,34,0.962772784
5/28/1978,32,0.906139091
5/29/1978,58,1.642377102
5/30/1978,64,1.812278182
5/31/1978,48,1.359208636
6/1/1978,35,0.991089631
6/2/1978,30,0.849505398
6/3/1978,50,1.41584233
6/4/1978,90,2.548516193
6/5/1978,144,4.077625909
6/6/1978,94,2.66178358
6/7/1978,132,3.73782375
6/8/1978,1210,34.26338438
6/9/1978,1050,29.73268892
6/10/1978,448,12.68594727
6/11/1978,166,4.700596534
6/12/1978,193,5.465151392
6/13/1978,108,3.058219432
6/14/1978,71,2.010496108
6/15/1978,51,1.444159176
6/16/1978,42,1.189307557
6/17/1978,36,1.019406477
6/18/1978,32,0.906139091
6/19/1978,30,0.849505398
6/20/1978,45,1.274258097
6/21/1978,35,0.991089631
6/22/1978,30,0.849505398
6/23/1978,27,0.764554858
6/24/1978,25,0.707921165
6/25/1978,45,1.274258097
6/26/1978,35,0.991089631
6/27/1978,30,0.849505398
6/28/1978,28,0.792871705
6/29/1978,27,0.764554858
6/30/1978,40,1.132673864
7/1/1978,30,0.849505398
7/2/1978,26,0.736238011
7/3/1978,25,0.707921165
7/4/1978,40,1.132673864
7/5/1978,58,1.642377102
7/6/1978,43,1.217624403
7/7/1978,58,1.642377102
7/8/1978,89,2.520199347
7/9/1978,53,1.500792869
7/10/1978,40,1.132673864
7/11/1978,50,1.41584233
7/12/1978,45,1.274258097
7/13/1978,35,0.991089631
7/14/1978,30,0.849505398
7/15/1978,28,0.792871705
7/16/1978,26,0.736238011
7/17/1978,25,0.707921165
7/18/1978,24,0.679604318
7/19/1978,23,0.651287472
7/20/1978,22,0.622970625
7/21/1978,45,1.274258097
7/22/1978,97,2.746734119
7/23/1978,108,3.058219432
7/24/1978,136,3.851091137
7/25/1978,359,10.16574793
7/26/1978,1750,49.55448154
7/27/1978,746,21.12436756
7/28/1978,341,9.656044688
7/29/1978,299,8.466737131
7/30/1978,374,10.59050063
7/31/1978,226,6.39960733
8/1/1978,124,3.511288977
8/2/1978,76,2.152080341
8/3/1978,55,1.557426563
8/4/1978,52,1.472476023
8/5/1978,51,1.444159176
8/6/1978,93,2.633466733
8/7/1978,163,4.615645994
8/8/1978,258,7.305746421
8/9/1978,221,6.258023097
8/10/1978,157,4.445744915
8/11/1978,345,9.769312074
8/12/1978,245,6.937627415
8/13/1978,872,24.69229023
8/14/1978,646,18.2926829
8/15/1978,633,17.92456389
8/16/1978,300,8.495053978
8/17/1978,150,4.247526989
8/18/1978,80,2.265347727
8/19/1978,50,1.41584233
8/20/1978,40,1.132673864
8/21/1978,35,0.991089631
8/22/1978,50,1.41584233
8/23/1978,100,2.831684659
8/24/1978,60,1.699010796
8/25/1978,45,1.274258097
8/26/1978,35,0.991089631
8/27/1978,30,0.849505398
8/28/1978,28,0.792871705
8/29/1978,35,0.991089631
8/30/1978,80,2.265347727
8/31/1978,400,11.32673864
9/1/1978,200,5.663369318
9/2/1978,100,2.831684659
9/3/1978,70,1.982179261
9/4/1978,50,1.41584233
9/5/1978,40,1.132673864
9/6/1978,33,0.934455938
9/7/1978,27,0.764554858
9/8/1978,24,0.679604318
9/9/1978,22,0.622970625
9/10/1978,20,0.566336932
9/11/1978,40,1.132673864
9/12/1978,25,0.707921165
9/13/1978,30,0.849505398
9/14/1978,25,0.707921165
9/15/1978,20,0.566336932
9/16/1978,60,1.699010796
9/17/1978,40,1.132673864
9/18/1978,30,0.849505398
9/19/1978,26,0.736238011
9/20/1978,21,0.594653778
9/21/1978,25,0.707921165
9/22/1978,20,0.566336932
9/23/1978,17,0.481386392
9/24/1978,15,0.424752699
9/25/1978,14,0.396435852
9/26/1978,15,0.424752699
9/27/1978,20,0.566336932
9/28/1978,70,1.982179261
9/29/1978,50,1.41584233
9/30/1978,35,0.991089631
10/1/1978,60,1.699010796
10/2/1978,45,1.274258097
10/3/1978,35,0.991089631
10/4/1978,25,0.707921165
10/5/1978,20,0.566336932
10/6/1978,17,0.481386392
10/7/1978,14,0.396435852
10/8/1978,12,0.339802159
10/9/1978,11,0.311485313
10/10/1978,10,0.283168466
10/11/1978,9.4,0.266178358
10/12/1978,8.8,0.24918825
10/13/1978,8.4,0.237861511
10/14/1978,8,0.226534773
10/15/1978,7.6,0.215208034
10/16/1978,7.2,0.203881295
10/17/1978,6.9,0.195386241
10/18/1978,6.7,0.189722872
10/19/1978,6.4,0.181227818
10/20/1978,6.3,0.178396134
10/21/1978,6.2,0.175564449
10/22/1978,6.1,0.172732764
10/23/1978,6.1,0.172732764
10/24/1978,5.9,0.167069395
10/25/1978,5.8,0.16423771
10/26/1978,5.8,0.16423771
10/27/1978,5.8,0.16423771
10/28/1978,5.7,0.161406026
10/29/1978,5.6,0.158574341
10/30/1978,5.6,0.158574341
10/31/1978,5.6,0.158574341
11/1/1978,5.6,0.158574341
11/2/1978,5.6,0.158574341
11/3/1978,5.7,0.161406026
11/4/1978,5.6,0.158574341
11/5/1978,5.3,0.150079287
11/6/1978,5.3,0.150079287
11/7/1978,5.3,0.150079287
11/8/1978,5.2,0.147247602
11/9/1978,5.6,0.158574341
11/10/1978,6.8,0.192554557
11/11/1978,9.1,0.257683304
11/12/1978,8.3,0.235029827
11/13/1978,7.5,0.212376349
11/14/1978,7.1,0.201049611
11/15/1978,6.9,0.195386241
11/16/1978,6.7,0.189722872
11/17/1978,6.9,0.195386241
11/18/1978,6.9,0.195386241
11/19/1978,23,0.651287472
11/20/1978,28,0.792871705
11/21/1978,18,0.509703239
11/22/1978,13,0.368119006
11/23/1978,11,0.311485313
11/24/1978,9.7,0.274673412
11/25/1978,8.7,0.246356565
11/26/1978,9,0.254851619
11/27/1978,42,1.189307557
11/28/1978,135,3.82277429
11/29/1978,119,3.369704744
11/30/1978,137,3.879407983
12/1/1978,111,3.143169972
12/2/1978,65,1.840595028
12/3/1978,46,1.302574943
12/4/1978,335,9.486143608
12/5/1978,607,17.18832588
12/6/1978,367,10.3922827
12/7/1978,160,4.530695455
12/8/1978,120,3.398021591
12/9/1978,164,4.643962841
12/10/1978,298,8.438420284
12/11/1978,191,5.408517699
12/12/1978,111,3.143169972
12/13/1978,83,2.350298267
12/14/1978,68,1.925545568
12/15/1978,57,1.614060256
12/16/1978,51,1.444159176
12/17/1978,50,1.41584233
12/18/1978,62,1.755644489
12/19/1978,56,1.585743409
12/20/1978,46,1.302574943
12/21/1978,51,1.444159176
12/22/1978,60,1.699010796
12/23/1978,57,1.614060256
12/24/1978,65,1.840595028
12/25/1978,109,3.086536279
12/26/1978,87,2.463565654
12/27/1978,59,1.670693949
12/28/1978,46,1.302574943
12/29/1978,39,1.104357017
12/30/1978,35,0.991089631
12/31/1978,46,1.302574943
1/1/1979,371,10.50555009
1/2/1979,1330,37.66140597
1/3/1979,875,24.77724077
1/4/1979,405,11.46832287
1/5/1979,221,6.258023097
1/6/1979,173,4.89881446
1/7/1979,1810,51.25349233
1/8/1979,1620,45.87329148
1/9/1979,765,21.66238764
1/10/1979,338,9.571094148
1/11/1979,254,7.192479034
1/12/1979,229,6.48455787
1/13/1979,223,6.31465679
1/14/1979,183,5.181982926
1/15/1979,143,4.049309063
1/16/1979,123,3.482972131
1/17/1979,114,3.228120511
1/18/1979,108,3.058219432
1/19/1979,104,2.944952046
1/20/1979,246,6.965944262
1/21/1979,437,12.37446196
1/22/1979,254,7.192479034
1/23/1979,381,10.78871855
1/24/1979,1060,30.01585739
1/25/1979,601,17.0184248
1/26/1979,320,9.061390909
1/27/1979,264,7.4756475
1/28/1979,224,6.342973637
1/29/1979,173,4.89881446
1/30/1979,166,4.700596534
1/31/1979,465,13.16733367
2/1/1979,348,9.854262614
2/2/1979,222,6.286339943
2/3/1979,209,5.918220938
2/4/1979,548,15.51763193
2/5/1979,639,18.09446497
2/6/1979,1990,56.35052472
2/7/1979,2210,62.58023097
2/8/1979,1310,37.09506904
2/9/1979,632,17.89624705
2/10/1979,388,10.98693648
2/11/1979,300,8.495053978
2/12/1979,246,6.965944262
2/13/1979,208,5.889904091
2/14/1979,200,5.663369318
2/15/1979,182,5.15366608
2/16/1979,157,4.445744915
2/17/1979,136,3.851091137
2/18/1979,535,15.14951293
2/19/1979,645,18.26436605
2/20/1979,436,12.34614511
2/21/1979,802,22.71011097
2/22/1979,568,16.08396886
2/23/1979,1240,35.11288977
2/24/1979,3110,88.0653929
2/25/1979,1950,55.21785085
2/26/1979,1020,28.88318352
2/27/1979,502,14.21505699
2/28/1979,368,10.42059955
3/1/1979,302,8.551687671
3/2/1979,254,7.192479034
3/3/1979,1380,39.0772483
3/4/1979,2400,67.96043182
3/5/1979,1560,44.17428068
3/6/1979,716,20.27486216
3/7/1979,416,11.77980818
3/8/1979,322,9.118024603
3/9/1979,260,7.362380114
3/10/1979,228,6.456241023
3/11/1979,515,14.58317599
3/12/1979,446,12.62931358
3/13/1979,260,7.362380114
3/14/1979,202,5.720003012
3/15/1979,169,4.785547074
3/16/1979,145,4.105942756
3/17/1979,140,3.964358523
3/18/1979,133,3.766140597
3/19/1979,124,3.511288977
3/20/1979,114,3.228120511
3/21/1979,408,11.55327341
3/22/1979,332,9.401193069
3/23/1979,840,23.78615114
3/24/1979,586,16.5936721
3/25/1979,286,8.098618125
3/26/1979,194,5.493468239
3/27/1979,159,4.502378608
3/28/1979,140,3.964358523
3/29/1979,130,3.681190057
3/30/1979,120,3.398021591
3/31/1979,110,3.114853125
4/1/1979,100,2.831684659
4/2/1979,100,2.831684659
4/3/1979,130,3.681190057
4/4/1979,840,23.78615114
4/5/1979,1200,33.98021591
4/6/1979,490,13.87525483
4/7/1979,330,9.344559375
4/8/1979,250,7.079211648
4/9/1979,200,5.663369318
4/10/1979,161,4.559012301
4/11/1979,138,3.90772483
4/12/1979,131,3.709506904
4/13/1979,202,5.720003012
4/14/1979,214,6.059805171
4/15/1979,147,4.162576449
4/16/1979,106,3.001585739
4/17/1979,82,2.321981421
4/18/1979,70,1.982179261
4/19/1979,64,1.812278182
4/20/1979,61,1.727327642
4/21/1979,56,1.585743409
4/22/1979,61,1.727327642
4/23/1979,1650,46.72279688
4/24/1979,2210,62.58023097
4/25/1979,1620,45.87329148
4/26/1979,678,19.19882199
4/27/1979,364,10.30733216
4/28/1979,238,6.739409489
4/29/1979,178,5.040398693
4/30/1979,152,4.304160682
5/1/1979,133,3.766140597
5/2/1979,112,3.171486818
5/3/1979,98,2.775050966
5/4/1979,117,3.313071051
5/5/1979,300,8.495053978
5/6/1979,224,6.342973637
5/7/1979,131,3.709506904
5/8/1979,93,2.633466733
5/9/1979,75,2.123763494
5/10/1979,64,1.812278182
5/11/1979,56,1.585743409
5/12/1979,69,1.953862415
5/13/1979,98,2.775050966
5/14/1979,76,2.152080341
5/15/1979,62,1.755644489
5/16/1979,45,1.274258097
5/17/1979,35,0.991089631
5/18/1979,30,0.849505398
5/19/1979,35,0.991089631
5/20/1979,75,2.123763494
5/21/1979,40,1.132673864
5/22/1979,30,0.849505398
5/23/1979,109,3.086536279
5/24/1979,180,5.097032387
5/25/1979,104,2.944952046
5/26/1979,54,1.529109716
5/27/1979,35,0.991089631
5/28/1979,28,0.792871705
5/29/1979,25,0.707921165
5/30/1979,25,0.707921165
5/31/1979,53,1.500792869
6/1/1979,87,2.463565654
6/2/1979,78,2.208714034
6/3/1979,67,1.897228722
6/4/1979,104,2.944952046
6/5/1979,114,3.228120511
6/6/1979,59,1.670693949
6/7/1979,54,1.529109716
6/8/1979,40,1.132673864
6/9/1979,28,0.792871705
6/10/1979,23,0.651287472
6/11/1979,20,0.566336932
6/12/1979,17,0.481386392
6/13/1979,15,0.424752699
6/14/1979,13,0.368119006
6/15/1979,11,0.311485313
6/16/1979,11,0.311485313
6/17/1979,10,0.283168466
6/18/1979,9.7,0.274673412
6/19/1979,9,0.254851619
6/20/1979,8.7,0.246356565
6/21/1979,8.4,0.237861511
6/22/1979,8.4,0.237861511
6/23/1979,8.4,0.237861511
6/24/1979,20,0.566336932
6/25/1979,14,0.396435852
6/26/1979,10,0.283168466
6/27/1979,9,0.254851619
6/28/1979,8,0.226534773
6/29/1979,8.4,0.237861511
6/30/1979,10,0.283168466
7/1/1979,9,0.254851619
7/2/1979,11,0.311485313
7/3/1979,10,0.283168466
7/4/1979,13,0.368119006
7/5/1979,18,0.509703239
7/6/1979,17,0.481386392
7/7/1979,25,0.707921165
7/8/1979,306,8.664955057
7/9/1979,426,12.06297665
7/10/1979,342,9.684361534
7/11/1979,1400,39.64358523
7/12/1979,954,27.01427165
7/13/1979,601,17.0184248
7/14/1979,468,13.25228421
7/15/1979,310,8.778222444
7/16/1979,342,9.684361534
7/17/1979,222,6.286339943
7/18/1979,145,4.105942756
7/19/1979,278,7.872083353
7/20/1979,716,20.27486216
7/21/1979,797,22.56852673
7/22/1979,294,8.325152898
7/23/1979,650,18.40595028
7/24/1979,1530,43.32477529
7/25/1979,1370,38.79407983
7/26/1979,1610,45.59012301
7/27/1979,1170,33.13071051
7/28/1979,394,11.15683756
7/29/1979,222,6.286339943
7/30/1979,154,4.360794375
7/31/1979,116,3.284754205
8/1/1979,90,2.548516193
8/2/1979,75,2.123763494
8/3/1979,71,2.010496108
8/4/1979,296,8.381786591
8/5/1979,190,5.380200852
8/6/1979,90,2.548516193
8/7/1979,61,1.727327642
8/8/1979,45,1.274258097
8/9/1979,36,1.019406477
8/10/1979,38,1.07604017
8/11/1979,38,1.07604017
8/12/1979,35,0.991089631
8/13/1979,67,1.897228722
8/14/1979,56,1.585743409
8/15/1979,152,4.304160682
8/16/1979,53,1.500792869
8/17/1979,33,0.934455938
8/18/1979,25,0.707921165
8/19/1979,21,0.594653778
8/20/1979,21,0.594653778
8/21/1979,24,0.679604318
8/22/1979,38,1.07604017
8/23/1979,141,3.992675369
8/24/1979,148,4.190893296
8/25/1979,131,3.709506904
8/26/1979,188,5.323567159
8/27/1979,246,6.965944262
8/28/1979,524,14.83802761
8/29/1979,196,5.550101932
8/30/1979,123,3.482972131
8/31/1979,134,3.794457443
9/1/1979,86,2.435248807
9/2/1979,83,2.350298267
9/3/1979,131,3.709506904
9/4/1979,150,4.247526989
9/5/1979,95,2.690100426
9/6/1979,308,8.72158875
9/7/1979,362,10.25069847
9/8/1979,133,3.766140597
9/9/1979,82,2.321981421
9/10/1979,58,1.642377102
9/11/1979,45,1.274258097
9/12/1979,40,1.132673864
9/13/1979,2860,80.98618125
9/14/1979,1960,55.50101932
9/15/1979,1050,29.73268892
9/16/1979,354,10.02416369
9/17/1979,280,7.928717046
9/18/1979,198,5.606735625
9/19/1979,186,5.266933466
9/20/1979,246,6.965944262
9/21/1979,1980,56.06735625
9/22/1979,1150,32.56437358
9/23/1979,570,16.14060256
9/24/1979,256,7.249112728
9/25/1979,180,5.097032387
9/26/1979,154,4.360794375
9/27/1979,138,3.90772483
9/28/1979,126,3.567922671
9/29/1979,109,3.086536279
9/30/1979,92,2.605149886
10/1/1979,78,2.208714034
10/2/1979,68,1.925545568
10/3/1979,59,1.670693949
10/4/1979,52,1.472476023
10/5/1979,50,1.41584233
10/6/1979,45,1.274258097
10/7/1979,41,1.16099071
10/8/1979,38,1.07604017
10/9/1979,39,1.104357017
10/10/1979,38,1.07604017
10/11/1979,38,1.07604017
10/12/1979,38,1.07604017
10/13/1979,39,1.104357017
10/14/1979,37,1.047723324
10/15/1979,37,1.047723324
10/16/1979,36,1.019406477
10/17/1979,36,1.019406477
10/18/1979,35,0.991089631
10/19/1979,35,0.991089631
10/20/1979,33,0.934455938
10/21/1979,33,0.934455938
10/22/1979,33,0.934455938
10/23/1979,35,0.991089631
10/24/1979,37,1.047723324
10/25/1979,38,1.07604017
10/26/1979,37,1.047723324
10/27/1979,36,1.019406477
10/28/1979,34,0.962772784
10/29/1979,33,0.934455938
10/30/1979,31,0.877822244
10/31/1979,300,8.495053978
11/1/1979,559,15.82911724
11/2/1979,262,7.419013807
11/3/1979,132,3.73782375
11/4/1979,76,2.152080341
11/5/1979,53,1.500792869
11/6/1979,42,1.189307557
11/7/1979,40,1.132673864
11/8/1979,42,1.189307557
11/9/1979,41,1.16099071
11/10/1979,349,9.882579461
11/11/1979,504,14.27169068
11/12/1979,377,10.67545117
11/13/1979,192,5.436834546
11/14/1979,117,3.313071051
11/15/1979,86,2.435248807
11/16/1979,70,1.982179261
11/17/1979,60,1.699010796
11/18/1979,52,1.472476023
11/19/1979,49,1.387525483
11/20/1979,45,1.274258097
11/21/1979,41,1.16099071
11/22/1979,42,1.189307557
11/23/1979,1570,44.45744915
11/24/1979,1620,45.87329148
11/25/1979,2930,82.96836051
11/26/1979,2330,65.97825256
11/27/1979,1180,33.41387898
11/28/1979,514,14.55485915
11/29/1979,347,9.825945767
11/30/1979,251,7.107528495
12/1/1979,204,5.776636705
12/2/1979,176,4.983765
12/3/1979,153,4.332477529
12/4/1979,137,3.879407983
12/5/1979,127,3.596239517
12/6/1979,1340,37.94457443
12/7/1979,1190,33.69704744
12/8/1979,662,18.74575244
12/9/1979,331,9.372876222
12/10/1979,241,6.824360029
12/11/1979,202,5.720003012
12/12/1979,181,5.125349233
12/13/1979,428,12.11961034
12/14/1979,1310,37.09506904
12/15/1979,610,17.27327642
12/16/1979,408,11.55327341
12/17/1979,298,8.438420284
12/18/1979,228,6.456241023
12/19/1979,190,5.380200852
12/20/1979,165,4.672279688
12/21/1979,161,4.559012301
12/22/1979,149,4.219210142
12/23/1979,160,4.530695455
12/24/1979,230,6.512874716
12/25/1979,367,10.3922827
12/26/1979,283,8.013667586
12/27/1979,177,5.012081847
12/28/1979,142,4.020992216
12/29/1979,127,3.596239517
12/30/1979,129,3.65287321
12/31/1979,134,3.794457443
1/1/1980,119,3.369704744
1/2/1980,104,2.944952046
1/3/1980,94,2.66178358
1/4/1980,95,2.690100426
1/5/1980,98,2.775050966
1/6/1980,88,2.4918825
1/7/1980,88,2.4918825
1/8/1980,106,3.001585739
1/9/1980,175,4.955448154
1/10/1980,226,6.39960733
1/11/1980,922,26.10813256
1/12/1980,972,27.52397489
1/13/1980,573,16.2255531
1/14/1980,365,10.33564901
1/15/1980,272,7.702182273
1/16/1980,260,7.362380114
1/17/1980,557,15.77248355
1/18/1980,1120,31.71486818
1/19/1980,793,22.45525935
1/20/1980,429,12.14792719
1/21/1980,281,7.957033892
1/22/1980,243,6.880993722
1/23/1980,504,14.27169068
1/24/1980,343,9.712678381
1/25/1980,232,6.569508409
1/26/1980,239,6.767726335
1/27/1980,261,7.390696961
1/28/1980,193,5.465151392
1/29/1980,158,4.474061762
1/30/1980,140,3.964358523
1/31/1980,139,3.936041676
2/1/1980,145,4.105942756
2/2/1980,119,3.369704744
2/3/1980,106,3.001585739
2/4/1980,98,2.775050966
2/5/1980,96,2.718417273
2/6/1980,155,4.389111222
2/7/1980,152,4.304160682
2/8/1980,112,3.171486818
2/9/1980,206,5.833270398
2/10/1980,310,8.778222444
2/11/1980,189,5.351884006
2/12/1980,135,3.82277429
2/13/1980,115,3.256437358
2/14/1980,104,2.944952046
2/15/1980,96,2.718417273
2/16/1980,107,3.029902585
2/17/1980,153,4.332477529
2/18/1980,128,3.624556364
2/19/1980,98,2.775050966
2/20/1980,89,2.520199347
2/21/1980,87,2.463565654
2/22/1980,85,2.40693196
2/23/1980,130,3.681190057
2/24/1980,129,3.65287321
2/25/1980,96,2.718417273
2/26/1980,78,2.208714034
2/27/1980,66,1.868911875
2/28/1980,60,1.699010796
2/29/1980,58,1.642377102
3/1/1980,210,5.946537784
3/2/1980,397,11.2417881
3/3/1980,193,5.465151392
3/4/1980,124,3.511288977
3/5/1980,168,4.757230227
3/6/1980,181,5.125349233
3/7/1980,135,3.82277429
3/8/1980,228,6.456241023
3/9/1980,417,11.80812503
3/10/1980,279,7.900400199
3/11/1980,195,5.521785085
3/12/1980,196,5.550101932
3/13/1980,193,5.465151392
3/14/1980,146,4.134259602
3/15/1980,104,2.944952046
3/16/1980,86,2.435248807
3/17/1980,1860,52.66933466
3/18/1980,4620,130.8238313
3/19/1980,2010,56.91686165
3/20/1980,793,22.45525935
3/21/1980,700,19.82179261
3/22/1980,493,13.96020537
3/23/1980,329,9.316242529
3/24/1980,306,8.664955057
3/25/1980,367,10.3922827
3/26/1980,642,18.17941551
3/27/1980,1070,30.29902585
3/28/1980,3280,92.87925682
3/29/1980,3070,86.93271904
3/30/1980,4020,113.8337233
3/31/1980,1720,48.70497614
4/1/1980,776,21.97387296
4/2/1980,1250,35.39605824
4/3/1980,2120,60.03171478
4/4/1980,1320,37.3782375
4/5/1980,646,18.2926829
4/6/1980,398,11.27010494
4/7/1980,408,11.55327341
4/8/1980,414,11.72317449
4/9/1980,394,11.15683756
4/10/1980,263,7.447330654
4/11/1980,205,5.804953551
4/12/1980,1950,55.21785085
4/13/1980,6360,180.0951443
4/14/1980,5490,155.4594878
4/15/1980,1640,46.43962841
4/16/1980,697,19.73684207
4/17/1980,466,13.19565051
4/18/1980,350,9.910896307
4/19/1980,320,9.061390909
4/20/1980,300,8.495053978
4/21/1980,250,7.079211648
4/22/1980,180,5.097032387
4/23/1980,150,4.247526989
4/24/1980,130,3.681190057
4/25/1980,120,3.398021591
4/26/1980,1300,36.81190057
4/27/1980,1000,28.31684659
4/28/1980,500,14.1584233
4/29/1980,300,8.495053978
4/30/1980,200,5.663369318
5/1/1980,150,4.247526989
5/2/1980,120,3.398021591
5/3/1980,250,7.079211648
5/4/1980,160,4.530695455
5/5/1980,120,3.398021591
5/6/1980,100,2.831684659
5/7/1980,90,2.548516193
5/8/1980,85,2.40693196
5/9/1980,82,2.321981421
5/10/1980,80,2.265347727
5/11/1980,76,2.152080341
5/12/1980,72,2.038812955
5/13/1980,68,1.925545568
5/14/1980,64,1.812278182
5/15/1980,60,1.699010796
5/16/1980,200,5.663369318
5/17/1980,2500,70.79211648
5/18/1980,1500,42.47526989
5/19/1980,4500,127.4258097
5/20/1980,4000,113.2673864
5/21/1980,2000,56.63369318
5/22/1980,700,19.82179261
5/23/1980,450,12.74258097
5/24/1980,300,8.495053978
5/25/1980,220,6.22970625
5/26/1980,170,4.813863921
5/27/1980,130,3.681190057
5/28/1980,110,3.114853125
5/29/1980,90,2.548516193
5/30/1980,80,2.265347727
5/31/1980,74,2.095446648
6/1/1980,68,1.925545568
6/2/1980,60,1.699010796
6/3/1980,54,1.529109716
6/4/1980,50,1.41584233
6/5/1980,46,1.302574943
6/6/1980,43,1.217624403
6/7/1980,41,1.16099071
6/8/1980,39,1.104357017
6/9/1980,36,1.019406477
6/10/1980,38,1.07604017
6/11/1980,34,0.962772784
6/12/1980,31,0.877822244
6/13/1980,28,0.792871705
6/14/1980,26,0.736238011
6/15/1980,24,0.679604318
6/16/1980,22,0.622970625
6/17/1980,21,0.594653778
6/18/1980,20,0.566336932
6/19/1980,25,0.707921165
6/20/1980,22,0.622970625
6/21/1980,20,0.566336932
6/22/1980,18,0.509703239
6/23/1980,19,0.538020085
6/24/1980,35,0.991089631
6/25/1980,30,0.849505398
6/26/1980,25,0.707921165
6/27/1980,20,0.566336932
6/28/1980,18,0.509703239
6/29/1980,16,0.453069545
6/30/1980,15,0.424752699
7/1/1980,20,0.566336932
7/2/1980,16,0.453069545
7/3/1980,14,0.396435852
7/4/1980,12,0.339802159
7/5/1980,11,0.311485313
7/6/1980,10,0.283168466
7/7/1980,9.6,0.271841727
7/8/1980,9.2,0.260514989
7/9/1980,14,0.396435852
7/10/1980,13,0.368119006
7/11/1980,11,0.311485313
7/12/1980,10,0.283168466
7/13/1980,9.4,0.266178358
7/14/1980,8.7,0.246356565
7/15/1980,8.4,0.237861511
7/16/1980,8,0.226534773
7/17/1980,8,0.226534773
7/18/1980,8.4,0.237861511
7/19/1980,10,0.283168466
7/20/1980,13,0.368119006
7/21/1980,79,2.237030881
7/22/1980,216,6.116438864
7/23/1980,167,4.728913381
7/24/1980,99,2.803367813
7/25/1980,54,1.529109716
7/26/1980,34,0.962772784
7/27/1980,30,0.849505398
7/28/1980,29,0.821188551
7/29/1980,32,0.906139091
7/30/1980,26,0.736238011
7/31/1980,23,0.651287472
8/1/1980,18,0.509703239
8/2/1980,16,0.453069545
8/3/1980,15,0.424752699
8/4/1980,21,0.594653778
8/5/1980,28,0.792871705
8/6/1980,20,0.566336932
8/7/1980,15,0.424752699
8/8/1980,14,0.396435852
8/9/1980,13,0.368119006
8/10/1980,12,0.339802159
8/11/1980,11,0.311485313
8/12/1980,15,0.424752699
8/13/1980,22,0.622970625
8/14/1980,36,1.019406477
8/15/1980,43,1.217624403
8/16/1980,40,1.132673864
8/17/1980,31,0.877822244
8/18/1980,21,0.594653778
8/19/1980,25,0.707921165
8/20/1980,17,0.481386392
8/21/1980,14,0.396435852
8/22/1980,15,0.424752699
8/23/1980,13,0.368119006
8/24/1980,11,0.311485313
8/25/1980,10,0.283168466
8/26/1980,9,0.254851619
8/27/1980,8,0.226534773
8/28/1980,7.4,0.209544665
8/29/1980,6.6,0.186891188
8/30/1980,6.2,0.175564449
8/31/1980,6,0.16990108
9/1/1980,7,0.198217926
9/2/1980,6.4,0.181227818
9/3/1980,5.6,0.158574341
9/4/1980,5.4,0.152910972
9/5/1980,5.2,0.147247602
9/6/1980,7.4,0.209544665
9/7/1980,7.4,0.209544665
9/8/1980,6.4,0.181227818
9/9/1980,6.2,0.175564449
9/10/1980,5.9,0.167069395
9/11/1980,5.7,0.161406026
9/12/1980,5.4,0.152910972
9/13/1980,5.2,0.147247602
9/14/1980,5.7,0.161406026
9/15/1980,9,0.254851619
9/16/1980,7.1,0.201049611
9/17/1980,6.4,0.181227818
9/18/1980,6.4,0.181227818
9/19/1980,11,0.311485313
9/20/1980,9.7,0.274673412
9/21/1980,8.7,0.246356565
9/22/1980,7.7,0.218039719
9/23/1980,7.1,0.201049611
9/24/1980,6.4,0.181227818
9/25/1980,5.9,0.167069395
9/26/1980,7.4,0.209544665
9/27/1980,6.7,0.189722872
9/28/1980,6.2,0.175564449
9/29/1980,6.2,0.175564449
9/30/1980,6.4,0.181227818
10/1/1980,6.4,0.181227818
10/2/1980,7.7,0.218039719
10/3/1980,9.4,0.266178358
10/4/1980,8,0.226534773
10/5/1980,6.7,0.189722872
10/6/1980,5.9,0.167069395
10/7/1980,5.3,0.150079287
10/8/1980,5,0.141584233
10/9/1980,4.7,0.133089179
10/10/1980,4.5,0.12742581
10/11/1980,4.3,0.12176244
10/12/1980,4.2,0.118930756
10/13/1980,4.1,0.116099071
10/14/1980,4,0.113267386
10/15/1980,4,0.113267386
10/16/1980,4.1,0.116099071
10/17/1980,4.2,0.118930756
10/18/1980,4.3,0.12176244
10/19/1980,4.4,0.124594125
10/20/1980,20,0.566336932
10/21/1980,13,0.368119006
10/22/1980,10,0.283168466
10/23/1980,8,0.226534773
10/24/1980,7,0.198217926
10/25/1980,6.2,0.175564449
10/26/1980,6,0.16990108
10/27/1980,21,0.594653778
10/28/1980,36,1.019406477
10/29/1980,120,3.398021591
10/30/1980,86,2.435248807
10/31/1980,54,1.529109716
11/1/1980,35,0.991089631
11/2/1980,24,0.679604318
11/3/1980,18,0.509703239
11/4/1980,14,0.396435852
11/5/1980,12,0.339802159
11/6/1980,11,0.311485313
11/7/1980,10,0.283168466
11/8/1980,9.6,0.271841727
11/9/1980,9.2,0.260514989
11/10/1980,8.8,0.24918825
11/11/1980,8.6,0.243524881
11/12/1980,8.4,0.237861511
11/13/1980,8.2,0.232198142
11/14/1980,8.2,0.232198142
11/15/1980,13,0.368119006
11/16/1980,25,0.707921165
11/17/1980,16,0.453069545
11/18/1980,13,0.368119006
11/19/1980,11,0.311485313
11/20/1980,9.4,0.266178358
11/21/1980,8.7,0.246356565
11/22/1980,8.4,0.237861511
11/23/1980,14,0.396435852
11/24/1980,43,1.217624403
11/25/1980,48,1.359208636
11/26/1980,119,3.369704744
11/27/1980,597,16.90515742
11/28/1980,432,12.23287773
11/29/1980,167,4.728913381
11/30/1980,92,2.605149886
12/1/1980,65,1.840595028
12/2/1980,53,1.500792869
12/3/1980,55,1.557426563
12/4/1980,41,1.16099071
12/5/1980,32,0.906139091
12/6/1980,29,0.821188551
12/7/1980,26,0.736238011
12/8/1980,23,0.651287472
12/9/1980,20,0.566336932
12/10/1980,36,1.019406477
12/11/1980,104,2.944952046
12/12/1980,93,2.633466733
12/13/1980,59,1.670693949
12/14/1980,41,1.16099071
12/15/1980,32,0.906139091
12/16/1980,29,0.821188551
12/17/1980,25,0.707921165
12/18/1980,23,0.651287472
12/19/1980,21,0.594653778
12/20/1980,18,0.509703239
12/21/1980,17,0.481386392
12/22/1980,16,0.453069545
12/23/1980,16,0.453069545
12/24/1980,16,0.453069545
12/25/1980,21,0.594653778
12/26/1980,35,0.991089631
12/27/1980,29,0.821188551
12/28/1980,25,0.707921165
12/29/1980,22,0.622970625
12/30/1980,19,0.538020085
12/31/1980,18,0.509703239
1/1/1981,16,0.453069545
1/2/1981,15,0.424752699
1/3/1981,14,0.396435852
1/4/1981,13,0.368119006
1/5/1981,13,0.368119006
1/6/1981,12,0.339802159
1/7/1981,18,0.509703239
1/8/1981,27,0.764554858
1/9/1981,34,0.962772784
1/10/1981,29,0.821188551
1/11/1981,23,0.651287472
1/12/1981,18,0.509703239
1/13/1981,16,0.453069545
1/14/1981,15,0.424752699
1/15/1981,14,0.396435852
1/16/1981,13,0.368119006
1/17/1981,13,0.368119006
1/18/1981,13,0.368119006
1/19/1981,13,0.368119006
1/20/1981,13,0.368119006
1/21/1981,13,0.368119006
1/22/1981,15,0.424752699
1/23/1981,16,0.453069545
1/24/1981,15,0.424752699
1/25/1981,14,0.396435852
1/26/1981,14,0.396435852
1/27/1981,13,0.368119006
1/28/1981,14,0.396435852
1/29/1981,13,0.368119006
1/30/1981,12,0.339802159
1/31/1981,12,0.339802159
2/1/1981,23,0.651287472
2/2/1981,206,5.833270398
2/3/1981,282,7.985350739
2/4/1981,131,3.709506904
2/5/1981,79,2.237030881
2/6/1981,1170,33.13071051
2/7/1981,1030,29.16635199
2/8/1981,603,17.07505849
2/9/1981,240,6.796043182
2/10/1981,3320,94.01193069
2/11/1981,6220,176.1307858
2/12/1981,2410,68.24360029
2/13/1981,724,20.50139693
2/14/1981,377,10.67545117
2/15/1981,358,10.13743108
2/16/1981,720,20.38812955
2/17/1981,540,15.29109716
2/18/1981,333,9.429509915
2/19/1981,247,6.994261108
2/20/1981,203,5.748319858
2/21/1981,173,4.89881446
2/22/1981,158,4.474061762
2/23/1981,149,4.219210142
2/24/1981,133,3.766140597
2/25/1981,115,3.256437358
2/26/1981,104,2.944952046
2/27/1981,96,2.718417273
2/28/1981,87,2.463565654
3/1/1981,81,2.293664574
3/2/1981,79,2.237030881
3/3/1981,77,2.180397188
3/4/1981,74,2.095446648
3/5/1981,76,2.152080341
3/6/1981,93,2.633466733
3/7/1981,86,2.435248807
3/8/1981,72,2.038812955
3/9/1981,62,1.755644489
3/10/1981,55,1.557426563
3/11/1981,48,1.359208636
3/12/1981,43,1.217624403
3/13/1981,38,1.07604017
3/14/1981,35,0.991089631
3/15/1981,33,0.934455938
3/16/1981,31,0.877822244
3/17/1981,30,0.849505398
3/18/1981,29,0.821188551
3/19/1981,28,0.792871705
3/20/1981,27,0.764554858
3/21/1981,27,0.764554858
3/22/1981,109,3.086536279
3/23/1981,280,7.928717046
3/24/1981,189,5.351884006
3/25/1981,110,3.114853125
3/26/1981,77,2.180397188
3/27/1981,68,1.925545568
3/28/1981,64,1.812278182
3/29/1981,61,1.727327642
3/30/1981,208,5.889904091
3/31/1981,302,8.551687671
4/1/1981,183,5.181982926
4/2/1981,125,3.539605824
4/3/1981,97,2.746734119
4/4/1981,79,2.237030881
4/5/1981,72,2.038812955
4/6/1981,75,2.123763494
4/7/1981,69,1.953862415
4/8/1981,64,1.812278182
4/9/1981,53,1.500792869
4/10/1981,45,1.274258097
4/11/1981,40,1.132673864
4/12/1981,36,1.019406477
4/13/1981,31,0.877822244
4/14/1981,29,0.821188551
4/15/1981,27,0.764554858
4/16/1981,26,0.736238011
4/17/1981,25,0.707921165
4/18/1981,24,0.679604318
4/19/1981,23,0.651287472
4/20/1981,22,0.622970625
4/21/1981,21,0.594653778
4/22/1981,27,0.764554858
4/23/1981,44,1.24594125
4/24/1981,68,1.925545568
4/25/1981,58,1.642377102
4/26/1981,48,1.359208636
4/27/1981,36,1.019406477
4/28/1981,27,0.764554858
4/29/1981,21,0.594653778
4/30/1981,16,0.453069545
5/1/1981,14,0.396435852
5/2/1981,12,0.339802159
5/3/1981,10,0.283168466
5/4/1981,9.2,0.260514989
5/5/1981,9.3,0.263346673
5/6/1981,9.8,0.277505097
5/7/1981,12,0.339802159
5/8/1981,12,0.339802159
5/9/1981,12,0.339802159
5/10/1981,11,0.311485313
5/11/1981,9,0.254851619
5/12/1981,7.8,0.220871403
5/13/1981,7,0.198217926
5/14/1981,6.7,0.189722872
5/15/1981,6.7,0.189722872
5/16/1981,13,0.368119006
5/17/1981,14,0.396435852
5/18/1981,11,0.311485313
5/19/1981,9,0.254851619
5/20/1981,8.2,0.232198142
5/21/1981,6.7,0.189722872
5/22/1981,6.4,0.181227818
5/23/1981,5.7,0.161406026
5/24/1981,5.7,0.161406026
5/25/1981,5.7,0.161406026
5/26/1981,11,0.311485313
5/27/1981,15,0.424752699
5/28/1981,13,0.368119006
5/29/1981,9.4,0.266178358
5/30/1981,8.2,0.232198142
5/31/1981,6.7,0.189722872
6/1/1981,6,0.16990108
6/2/1981,5.4,0.152910972
6/3/1981,12,0.339802159
6/4/1981,6.4,0.181227818
6/5/1981,6.4,0.181227818
6/6/1981,8.2,0.232198142
6/7/1981,9.4,0.266178358
6/8/1981,8.6,0.243524881
6/9/1981,12,0.339802159
6/10/1981,14,0.396435852
6/11/1981,20,0.566336932
6/12/1981,449,12.71426412
6/13/1981,456,12.91248205
6/14/1981,146,4.134259602
6/15/1981,61,1.727327642
6/16/1981,31,0.877822244
6/17/1981,20,0.566336932
6/18/1981,14,0.396435852
6/19/1981,13,0.368119006
6/20/1981,13,0.368119006
6/21/1981,10,0.283168466
6/22/1981,8.2,0.232198142
6/23/1981,7.4,0.209544665
6/24/1981,74,2.095446648
6/25/1981,52,1.472476023
6/26/1981,45,1.274258097
6/27/1981,54,1.529109716
6/28/1981,41,1.16099071
6/29/1981,26,0.736238011
6/30/1981,20,0.566336932
7/1/1981,15,0.424752699
7/2/1981,18,0.509703239
7/3/1981,40,1.132673864
7/4/1981,70,1.982179261
7/5/1981,100,2.831684659
7/6/1981,300,8.495053978
7/7/1981,115,3.256437358
7/8/1981,60,1.699010796
7/9/1981,38,1.07604017
7/10/1981,27,0.764554858
7/11/1981,20,0.566336932
7/12/1981,25,0.707921165
7/13/1981,30,0.849505398
7/14/1981,34,0.962772784
7/15/1981,23,0.651287472
7/16/1981,17,0.481386392
7/17/1981,13,0.368119006
7/18/1981,11,0.311485313
7/19/1981,10,0.283168466
7/20/1981,9,0.254851619
7/21/1981,8.2,0.232198142
7/22/1981,7.8,0.220871403
7/23/1981,10,0.283168466
7/24/1981,14,0.396435852
7/25/1981,20,0.566336932
7/26/1981,9.2,0.260514989
7/27/1981,6,0.16990108
7/28/1981,5,0.141584233
7/29/1981,4.8,0.135920864
7/30/1981,5.1,0.144415918
7/31/1981,4,0.113267386
8/1/1981,11,0.311485313
8/2/1981,29,0.821188551
8/3/1981,106,3.001585739
8/4/1981,173,4.89881446
8/5/1981,162,4.587329148
8/6/1981,136,3.851091137
8/7/1981,75,2.123763494
8/8/1981,62,1.755644489
8/9/1981,40,1.132673864
8/10/1981,30,0.849505398
8/11/1981,60,1.699010796
8/12/1981,31,0.877822244
8/13/1981,18,0.509703239
8/14/1981,13,0.368119006
8/15/1981,11,0.311485313
8/16/1981,9.4,0.266178358
8/17/1981,7.4,0.209544665
8/18/1981,7,0.198217926
8/19/1981,9.8,0.277505097
8/20/1981,33,0.934455938
8/21/1981,15,0.424752699
8/22/1981,9,0.254851619
8/23/1981,7,0.198217926
8/24/1981,9.4,0.266178358
8/25/1981,10,0.283168466
8/26/1981,6.4,0.181227818
8/27/1981,5.1,0.144415918
8/28/1981,4.2,0.118930756
8/29/1981,4.2,0.118930756
8/30/1981,4.5,0.12742581
8/31/1981,6,0.16990108
9/1/1981,14,0.396435852
9/2/1981,15,0.424752699
9/3/1981,79,2.237030881
9/4/1981,204,5.776636705
9/5/1981,60,1.699010796
9/6/1981,26,0.736238011
9/7/1981,16,0.453069545
9/8/1981,12,0.339802159
9/9/1981,8.6,0.243524881
9/10/1981,6.7,0.189722872
9/11/1981,5.4,0.152910972
9/12/1981,4.5,0.12742581
9/13/1981,4,0.113267386
9/14/1981,3.7,0.104772332
9/15/1981,4,0.113267386
9/16/1981,25,0.707921165
9/17/1981,21,0.594653778
9/18/1981,14,0.396435852
9/19/1981,9,0.254851619
9/20/1981,6.7,0.189722872
9/21/1981,5.1,0.144415918
9/22/1981,4.2,0.118930756
9/23/1981,4,0.113267386
9/24/1981,3.5,0.099108963
9/25/1981,3.2,0.090613909
9/26/1981,3,0.08495054
9/27/1981,2.8,0.07928717
9/28/1981,2.8,0.07928717
9/29/1981,2.6,0.073623801
9/30/1981,2.6,0.073623801
10/1/1981,2.6,0.073623801
10/2/1981,2.6,0.073623801
10/3/1981,2.2,0.062297063
10/4/1981,2.2,0.062297063
10/5/1981,2.2,0.062297063
10/6/1981,2.2,0.062297063
10/7/1981,2.2,0.062297063
10/8/1981,2.2,0.062297063
10/9/1981,2.4,0.067960432
10/10/1981,6.4,0.181227818
10/11/1981,39,1.104357017
10/12/1981,41,1.16099071
10/13/1981,23,0.651287472
10/14/1981,14,0.396435852
10/15/1981,9.4,0.266178358
10/16/1981,6.7,0.189722872
10/17/1981,5.7,0.161406026
10/18/1981,4.8,0.135920864
10/19/1981,4.2,0.118930756
10/20/1981,3.5,0.099108963
10/21/1981,3.2,0.090613909
10/22/1981,3.2,0.090613909
10/23/1981,3,0.08495054
10/24/1981,3,0.08495054
10/25/1981,3,0.08495054
10/26/1981,3.2,0.090613909
10/27/1981,3,0.08495054
10/28/1981,3,0.08495054
10/29/1981,3.2,0.090613909
10/30/1981,3.2,0.090613909
10/31/1981,3.2,0.090613909
11/1/1981,3.2,0.090613909
11/2/1981,3,0.08495054
11/3/1981,3.2,0.090613909
11/4/1981,4.2,0.118930756
11/5/1981,4.8,0.135920864
11/6/1981,3.7,0.104772332
11/7/1981,3.7,0.104772332
11/8/1981,4,0.113267386
11/9/1981,3.7,0.104772332
11/10/1981,4,0.113267386
11/11/1981,5.1,0.144415918
11/12/1981,4.8,0.135920864
11/13/1981,4.5,0.12742581
11/14/1981,4.2,0.118930756
11/15/1981,4.5,0.12742581
11/16/1981,4.2,0.118930756
11/17/1981,4.2,0.118930756
11/18/1981,4.2,0.118930756
11/19/1981,4,0.113267386
11/20/1981,4,0.113267386
11/21/1981,4,0.113267386
11/22/1981,4,0.113267386
11/23/1981,4.2,0.118930756
11/24/1981,5.1,0.144415918
11/25/1981,5.1,0.144415918
11/26/1981,4.8,0.135920864
11/27/1981,5.4,0.152910972
11/28/1981,6,0.16990108
11/29/1981,5.7,0.161406026
11/30/1981,5.7,0.161406026
12/1/1981,7,0.198217926
12/2/1981,10,0.283168466
12/3/1981,14,0.396435852
12/4/1981,14,0.396435852
12/5/1981,11,0.311485313
12/6/1981,9,0.254851619
12/7/1981,7.8,0.220871403
12/8/1981,6.7,0.189722872
12/9/1981,6,0.16990108
12/10/1981,5.4,0.152910972
12/11/1981,5.1,0.144415918
12/12/1981,5.7,0.161406026
12/13/1981,8.2,0.232198142
12/14/1981,19,0.538020085
12/15/1981,42,1.189307557
12/16/1981,42,1.189307557
12/17/1981,31,0.877822244
12/18/1981,25,0.707921165
12/19/1981,22,0.622970625
12/20/1981,18,0.509703239
12/21/1981,15,0.424752699
12/22/1981,14,0.396435852
12/23/1981,12,0.339802159
12/24/1981,12,0.339802159
12/25/1981,33,0.934455938
12/26/1981,57,1.614060256
12/27/1981,47,1.33089179
12/28/1981,67,1.897228722
12/29/1981,150,4.247526989
12/30/1981,107,3.029902585
12/31/1981,181,5.125349233
1/1/1982,178,5.040398693
1/2/1982,146,4.134259602
1/3/1982,191,5.408517699
1/4/1982,136,3.851091137
1/5/1982,107,3.029902585
1/6/1982,74,2.095446648
1/7/1982,93,2.633466733
1/8/1982,220,6.22970625
1/9/1982,186,5.266933466
1/10/1982,119,3.369704744
1/11/1982,80,2.265347727
1/12/1982,84,2.378615114
1/13/1982,480,13.59208636
1/14/1982,603,17.07505849
1/15/1982,341,9.656044688
1/16/1982,193,5.465151392
1/17/1982,143,4.049309063
1/18/1982,112,3.171486818
1/19/1982,94,2.66178358
1/20/1982,83,2.350298267
1/21/1982,74,2.095446648
1/22/1982,64,1.812278182
1/23/1982,58,1.642377102
1/24/1982,58,1.642377102
1/25/1982,50,1.41584233
1/26/1982,41,1.16099071
1/27/1982,33,0.934455938
1/28/1982,31,0.877822244
1/29/1982,61,1.727327642
1/30/1982,91,2.57683304
1/31/1982,96,2.718417273
2/1/1982,113,3.199803665
2/2/1982,1280,36.24556364
2/3/1982,3190,90.33074063
2/4/1982,1890,53.51884006
2/5/1982,763,21.60575395
2/6/1982,337,9.542777302
2/7/1982,230,6.512874716
2/8/1982,181,5.125349233
2/9/1982,162,4.587329148
2/10/1982,189,5.351884006
2/11/1982,181,5.125349233
2/12/1982,206,5.833270398
2/13/1982,286,8.098618125
2/14/1982,216,6.116438864
2/15/1982,275,7.787132813
2/16/1982,519,14.69644338
2/17/1982,393,11.12852071
2/18/1982,225,6.371290483
2/19/1982,162,4.587329148
2/20/1982,133,3.766140597
2/21/1982,113,3.199803665
2/22/1982,97,2.746734119
2/23/1982,84,2.378615114
2/24/1982,74,2.095446648
2/25/1982,67,1.897228722
2/26/1982,103,2.916635199
2/27/1982,591,16.73525634
2/28/1982,356,10.08079739
3/1/1982,191,5.408517699
3/2/1982,146,4.134259602
3/3/1982,122,3.454655284
3/4/1982,107,3.029902585
3/5/1982,97,2.746734119
3/6/1982,146,4.134259602
3/7/1982,247,6.994261108
3/8/1982,176,4.983765
3/9/1982,127,3.596239517
3/10/1982,103,2.916635199
3/11/1982,90,2.548516193
3/12/1982,81,2.293664574
3/13/1982,75,2.123763494
3/14/1982,68,1.925545568
3/15/1982,62,1.755644489
3/16/1982,58,1.642377102
3/17/1982,53,1.500792869
3/18/1982,47,1.33089179
3/19/1982,42,1.189307557
3/20/1982,37,1.047723324
3/21/1982,33,0.934455938
3/22/1982,434,12.28951142
3/23/1982,294,8.325152898
3/24/1982,168,4.757230227
3/25/1982,155,4.389111222
3/26/1982,119,3.369704744
3/27/1982,84,2.378615114
3/28/1982,67,1.897228722
3/29/1982,58,1.642377102
3/30/1982,55,1.557426563
3/31/1982,2620,74.19013807
4/1/1982,1740,49.27131307
4/2/1982,905,25.62674617
4/3/1982,454,12.85584835
4/4/1982,290,8.211885512
4/5/1982,191,5.408517699
4/6/1982,152,4.304160682
4/7/1982,122,3.454655284
4/8/1982,104,2.944952046
4/9/1982,96,2.718417273
4/10/1982,83,2.350298267
4/11/1982,75,2.123763494
4/12/1982,67,1.897228722
4/13/1982,55,1.557426563
4/14/1982,47,1.33089179
4/15/1982,43,1.217624403
4/16/1982,40,1.132673864
4/17/1982,43,1.217624403
4/18/1982,62,1.755644489
4/19/1982,46,1.302574943
4/20/1982,56,1.585743409
4/21/1982,391,11.07188702
4/22/1982,567,16.05565202
4/23/1982,365,10.33564901
4/24/1982,178,5.040398693
4/25/1982,4160,117.7980818
4/26/1982,2520,71.35845341
4/27/1982,929,26.30635048
4/28/1982,333,9.429509915
4/29/1982,208,5.889904091
4/30/1982,159,4.502378608
5/1/1982,139,3.936041676
5/2/1982,165,4.672279688
5/3/1982,134,3.794457443
5/4/1982,104,2.944952046
5/5/1982,80,2.265347727
5/6/1982,64,1.812278182
5/7/1982,69,1.953862415
5/8/1982,81,2.293664574
5/9/1982,57,1.614060256
5/10/1982,43,1.217624403
5/11/1982,35,0.991089631
5/12/1982,30,0.849505398
5/13/1982,26,0.736238011
5/14/1982,23,0.651287472
5/15/1982,21,0.594653778
5/16/1982,19,0.538020085
5/17/1982,17,0.481386392
5/18/1982,15,0.424752699
5/19/1982,14,0.396435852
5/20/1982,13,0.368119006
5/21/1982,13,0.368119006
5/22/1982,12,0.339802159
5/23/1982,11,0.311485313
5/24/1982,11,0.311485313
5/25/1982,22,0.622970625
5/26/1982,19,0.538020085
5/27/1982,23,0.651287472
5/28/1982,67,1.897228722
5/29/1982,35,0.991089631
5/30/1982,24,0.679604318
5/31/1982,25,0.707921165
6/1/1982,19,0.538020085
6/2/1982,15,0.424752699
6/3/1982,13,0.368119006
6/4/1982,11,0.311485313
6/5/1982,9.8,0.277505097
6/6/1982,9.4,0.266178358
6/7/1982,8.6,0.243524881
6/8/1982,8.6,0.243524881
6/9/1982,7.4,0.209544665
6/10/1982,7.4,0.209544665
6/11/1982,9,0.254851619
6/12/1982,27,0.764554858
6/13/1982,16,0.453069545
6/14/1982,12,0.339802159
6/15/1982,9.4,0.266178358
6/16/1982,8.6,0.243524881
6/17/1982,12,0.339802159
6/18/1982,13,0.368119006
6/19/1982,11,0.311485313
6/20/1982,9.4,0.266178358
6/21/1982,8.2,0.232198142
6/22/1982,9,0.254851619
6/23/1982,26,0.736238011
6/24/1982,52,1.472476023
6/25/1982,23,0.651287472
6/26/1982,75,2.123763494
6/27/1982,60,1.699010796
6/28/1982,50,1.41584233
6/29/1982,86,2.435248807
6/30/1982,72,2.038812955
7/1/1982,45,1.274258097
7/2/1982,28,0.792871705
7/3/1982,19,0.538020085
7/4/1982,14,0.396435852
7/5/1982,13,0.368119006
7/6/1982,12,0.339802159
7/7/1982,31,0.877822244
7/8/1982,23,0.651287472
7/9/1982,17,0.481386392
7/10/1982,122,3.454655284
7/11/1982,150,4.247526989
7/12/1982,83,2.350298267
7/13/1982,76,2.152080341
7/14/1982,62,1.755644489
7/15/1982,80,2.265347727
7/16/1982,76,2.152080341
7/17/1982,69,1.953862415
7/18/1982,234,6.626142103
7/19/1982,143,4.049309063
7/20/1982,109,3.086536279
7/21/1982,81,2.293664574
7/22/1982,68,1.925545568
7/23/1982,37,1.047723324
7/24/1982,25,0.707921165
7/25/1982,19,0.538020085
7/26/1982,15,0.424752699
7/27/1982,13,0.368119006
7/28/1982,11,0.311485313
7/29/1982,12,0.339802159
7/30/1982,93,2.633466733
7/31/1982,578,16.36713733
8/1/1982,1310,37.09506904
8/2/1982,2400,67.96043182
8/3/1982,1760,49.83765
8/4/1982,598,16.93347426
8/5/1982,230,6.512874716
8/6/1982,146,4.134259602
8/7/1982,121,3.426338438
8/8/1982,152,4.304160682
8/9/1982,284,8.041984432
8/10/1982,321,9.089707756
8/11/1982,838,23.72951744
8/12/1982,373,10.56218378
8/13/1982,313,8.863172983
8/14/1982,167,4.728913381
8/15/1982,241,6.824360029
8/16/1982,438,12.40277881
8/17/1982,278,7.872083353
8/18/1982,186,5.266933466
8/19/1982,141,3.992675369
8/20/1982,110,3.114853125
8/21/1982,76,2.152080341
8/22/1982,65,1.840595028
8/23/1982,42,1.189307557
8/24/1982,33,0.934455938
8/25/1982,27,0.764554858
8/26/1982,23,0.651287472
8/27/1982,19,0.538020085
8/28/1982,17,0.481386392
8/29/1982,15,0.424752699
8/30/1982,14,0.396435852
8/31/1982,13,0.368119006
9/1/1982,32,0.906139091
9/2/1982,26,0.736238011
9/3/1982,22,0.622970625
9/4/1982,28,0.792871705
9/5/1982,25,0.707921165
9/6/1982,22,0.622970625
9/7/1982,19,0.538020085
9/8/1982,17,0.481386392
9/9/1982,16,0.453069545
9/10/1982,15,0.424752699
9/11/1982,14,0.396435852
9/12/1982,22,0.622970625
9/13/1982,109,3.086536279
9/14/1982,121,3.426338438
9/15/1982,52,1.472476023
9/16/1982,45,1.274258097
9/17/1982,46,1.302574943
9/18/1982,33,0.934455938
9/19/1982,29,0.821188551
9/20/1982,23,0.651287472
9/21/1982,18,0.509703239
9/22/1982,16,0.453069545
9/23/1982,14,0.396435852
9/24/1982,14,0.396435852
9/25/1982,12,0.339802159
9/26/1982,12,0.339802159
9/27/1982,11,0.311485313
9/28/1982,10,0.283168466
9/29/1982,9.4,0.266178358
9/30/1982,8.6,0.243524881
10/1/1982,8.2,0.232198142
10/2/1982,7.7,0.218039719
10/3/1982,7.6,0.215208034
10/4/1982,7.1,0.201049611
10/5/1982,6.9,0.195386241
10/6/1982,7,0.198217926
10/7/1982,8.5,0.240693196
10/8/1982,16,0.453069545
10/9/1982,40,1.132673864
10/10/1982,26,0.736238011
10/11/1982,18,0.509703239
10/12/1982,14,0.396435852
10/13/1982,13,0.368119006
10/14/1982,12,0.339802159
10/15/1982,11,0.311485313
10/16/1982,9.6,0.271841727
10/17/1982,8.9,0.252019935
10/18/1982,8.1,0.229366457
10/19/1982,7.6,0.215208034
10/20/1982,7.2,0.203881295
10/21/1982,7,0.198217926
10/22/1982,6.7,0.189722872
10/23/1982,6.4,0.181227818
10/24/1982,6.1,0.172732764
10/25/1982,6,0.16990108
10/26/1982,6,0.16990108
10/27/1982,5.8,0.16423771
10/28/1982,5.8,0.16423771
10/29/1982,5.8,0.16423771
10/30/1982,5.8,0.16423771
10/31/1982,5.8,0.16423771
11/1/1982,5.7,0.161406026
11/2/1982,19,0.538020085
11/3/1982,62,1.755644489
11/4/1982,119,3.369704744
11/5/1982,93,2.633466733
11/6/1982,48,1.359208636
11/7/1982,27,0.764554858
11/8/1982,20,0.566336932
11/9/1982,16,0.453069545
11/10/1982,14,0.396435852
11/11/1982,12,0.339802159
11/12/1982,12,0.339802159
11/13/1982,11,0.311485313
11/14/1982,11,0.311485313
11/15/1982,11,0.311485313
11/16/1982,12,0.339802159
11/17/1982,12,0.339802159
11/18/1982,15,0.424752699
11/19/1982,21,0.594653778
11/20/1982,47,1.33089179
11/21/1982,441,12.48772935
11/22/1982,248,7.022577955
11/23/1982,137,3.879407983
11/24/1982,75,2.123763494
11/25/1982,47,1.33089179
11/26/1982,34,0.962772784
11/27/1982,29,0.821188551
11/28/1982,456,12.91248205
11/29/1982,684,19.36872307
11/30/1982,483,13.6770369
12/1/1982,287,8.126934972
12/2/1982,180,5.097032387
12/3/1982,129,3.65287321
12/4/1982,2830,80.13667586
12/5/1982,4090,115.8159026
12/6/1982,1750,49.55448154
12/7/1982,634,17.95288074
12/8/1982,327,9.259608836
12/9/1982,244,6.909310568
12/10/1982,198,5.606735625
12/11/1982,518,14.66812653
12/12/1982,971,27.49565804
12/13/1982,673,19.05723776
12/14/1982,335,9.486143608
12/15/1982,709,20.07664423
12/16/1982,1430,40.49309063
12/17/1982,996,28.20357921
12/18/1982,392,11.10020386
12/19/1982,269,7.617231733
12/20/1982,213,6.031488324
12/21/1982,178,5.040398693
12/22/1982,157,4.445744915
12/23/1982,144,4.077625909
12/24/1982,135,3.82277429
12/25/1982,129,3.65287321
12/26/1982,127,3.596239517
12/27/1982,119,3.369704744
12/28/1982,230,6.512874716
12/29/1982,317,8.97644037
12/30/1982,208,5.889904091
12/31/1982,161,4.559012301
1/1/1983,1070,30.29902585
1/2/1983,899,25.45684509
1/3/1983,567,16.05565202
1/4/1983,313,8.863172983
1/5/1983,226,6.39960733
1/6/1983,186,5.266933466
1/7/1983,162,4.587329148
1/8/1983,144,4.077625909
1/9/1983,133,3.766140597
1/10/1983,125,3.539605824
1/11/1983,115,3.256437358
1/12/1983,99,2.803367813
1/13/1983,83,2.350298267
1/14/1983,74,2.095446648
1/15/1983,69,1.953862415
1/16/1983,67,1.897228722
1/17/1983,63,1.783961335
1/18/1983,61,1.727327642
1/19/1983,62,1.755644489
1/20/1983,1020,28.88318352
1/21/1983,1350,38.2277429
1/22/1983,885,25.06040923
1/23/1983,368,10.42059955
1/24/1983,251,7.107528495
1/25/1983,206,5.833270398
1/26/1983,189,5.351884006
1/27/1983,194,5.493468239
1/28/1983,169,4.785547074
1/29/1983,156,4.417428068
1/30/1983,313,8.863172983
1/31/1983,270,7.64554858
2/1/1983,3740,105.9050063
2/2/1983,6120,173.2991011
2/3/1983,2320,65.69508409
2/4/1983,806,22.82337835
2/5/1983,609,17.24495957
2/6/1983,1850,52.3861662
2/7/1983,1110,31.43169972
2/8/1983,603,17.07505849
2/9/1983,389,11.01525332
2/10/1983,2160,61.16438864
2/11/1983,1560,44.17428068
2/12/1983,862,24.40912176
2/13/1983,440,12.4594125
2/14/1983,332,9.401193069
2/15/1983,277,7.843766506
2/16/1983,347,9.825945767
2/17/1983,973,27.55229173
2/18/1983,594,16.82020688
2/19/1983,334,9.457826762
2/20/1983,260,7.362380114
2/21/1983,228,6.456241023
2/22/1983,304,8.608321364
2/23/1983,280,7.928717046
2/24/1983,211,5.974854631
2/25/1983,181,5.125349233
2/26/1983,158,4.474061762
2/27/1983,144,4.077625909
2/28/1983,405,11.46832287
3/1/1983,533,15.09287923
3/2/1983,304,8.608321364
3/3/1983,213,6.031488324
3/4/1983,184,5.210299773
3/5/1983,1300,36.81190057
3/6/1983,1480,41.90893296
3/7/1983,751,21.26595179
3/8/1983,352,9.96753
3/9/1983,249,7.050894801
3/10/1983,202,5.720003012
3/11/1983,174,4.927131307
3/12/1983,157,4.445744915
3/13/1983,146,4.134259602
3/14/1983,136,3.851091137
3/15/1983,126,3.567922671
3/16/1983,126,3.567922671
3/17/1983,150,4.247526989
3/18/1983,169,4.785547074
3/19/1983,137,3.879407983
3/20/1983,111,3.143169972
3/21/1983,107,3.029902585
3/22/1983,105,2.973268892
3/23/1983,100,2.831684659
3/24/1983,216,6.116438864
3/25/1983,276,7.815449659
3/26/1983,684,19.36872307
3/27/1983,2170,61.4475571
3/28/1983,1270,35.96239517
3/29/1983,455,12.8841652
3/30/1983,370,10.47723324
3/31/1983,422,11.94970926
4/1/1983,298,8.438420284
4/2/1983,260,7.362380114
4/3/1983,250,7.079211648
4/4/1983,179,5.06871554
4/5/1983,153,4.332477529
4/6/1983,158,4.474061762
4/7/1983,5810,164.5208787
4/8/1983,8330,235.8793321
4/9/1983,2330,65.97825256
4/10/1983,880,24.918825
4/11/1983,517,14.63980969
4/12/1983,390,11.04357017
4/13/1983,322,9.118024603
4/14/1983,1830,51.81982926
4/15/1983,1750,49.55448154
4/16/1983,886,25.08872608
4/17/1983,400,11.32673864
4/18/1983,308,8.72158875
4/19/1983,265,7.503964347
4/20/1983,250,7.079211648
4/21/1983,245,6.937627415
4/22/1983,280,7.928717046
4/23/1983,1500,42.47526989
4/24/1983,866,24.52238915
4/25/1983,393,11.12852071
4/26/1983,240,6.796043182
4/27/1983,200,5.663369318
4/28/1983,160,4.530695455
4/29/1983,140,3.964358523
4/30/1983,120,3.398021591
5/1/1983,105,2.973268892
5/2/1983,95,2.690100426
5/3/1983,85,2.40693196
5/4/1983,80,2.265347727
5/5/1983,74,2.095446648
5/6/1983,68,1.925545568
5/7/1983,62,1.755644489
5/8/1983,58,1.642377102
5/9/1983,54,1.529109716
5/10/1983,50,1.41584233
5/11/1983,47,1.33089179
5/12/1983,45,1.274258097
5/13/1983,42,1.189307557
5/14/1983,39,1.104357017
5/15/1983,38,1.07604017
5/16/1983,153,4.332477529
5/17/1983,147,4.162576449
5/18/1983,84,2.378615114
5/19/1983,54,1.529109716
5/20/1983,45,1.274258097
5/21/1983,53,1.500792869
5/22/1983,357,10.10911423
5/23/1983,891,25.23031031
5/24/1983,514,14.55485915
5/25/1983,151,4.275843835
5/26/1983,87,2.463565654
5/27/1983,60,1.699010796
5/28/1983,46,1.302574943
5/29/1983,54,1.529109716
5/30/1983,83,2.350298267
5/31/1983,62,1.755644489
6/1/1983,124,3.511288977
6/2/1983,52,1.472476023
6/3/1983,37,1.047723324
6/4/1983,35,0.991089631
6/5/1983,144,4.077625909
6/6/1983,615,17.41486065
6/7/1983,367,10.3922827
6/8/1983,386,10.93030278
6/9/1983,165,4.672279688
6/10/1983,91,2.57683304
6/11/1983,108,3.058219432
6/12/1983,57,1.614060256
6/13/1983,41,1.16099071
6/14/1983,54,1.529109716
6/15/1983,49,1.387525483
6/16/1983,39,1.104357017
6/17/1983,37,1.047723324
6/18/1983,43,1.217624403
6/19/1983,131,3.709506904
6/20/1983,400,11.32673864
6/21/1983,269,7.617231733
6/22/1983,170,4.813863921
6/23/1983,179,5.06871554
6/24/1983,341,9.656044688
6/25/1983,735,20.81288225
6/26/1983,939,26.58951895
6/27/1983,868,24.57902284
6/28/1983,724,20.50139693
6/29/1983,1650,46.72279688
6/30/1983,2320,65.69508409
7/1/1983,1550,43.89111222
7/2/1983,577,16.33882048
7/3/1983,298,8.438420284
7/4/1983,204,5.776636705
7/5/1983,157,4.445744915
7/6/1983,123,3.482972131
7/7/1983,115,3.256437358
7/8/1983,76,2.152080341
7/9/1983,71,2.010496108
7/10/1983,54,1.529109716
7/11/1983,42,1.189307557
7/12/1983,33,0.934455938
7/13/1983,32,0.906139091
7/14/1983,26,0.736238011
7/15/1983,24,0.679604318
7/16/1983,22,0.622970625
7/17/1983,30,0.849505398
7/18/1983,37,1.047723324
7/19/1983,31,0.877822244
7/20/1983,32,0.906139091
7/21/1983,36,1.019406477
7/22/1983,36,1.019406477
7/23/1983,36,1.019406477
7/24/1983,29,0.821188551
7/25/1983,23,0.651287472
7/26/1983,19,0.538020085
7/27/1983,18,0.509703239
7/28/1983,18,0.509703239
7/29/1983,16,0.453069545
7/30/1983,18,0.509703239
7/31/1983,28,0.792871705
8/1/1983,91,2.57683304
8/2/1983,213,6.031488324
8/3/1983,383,10.84535224
8/4/1983,275,7.787132813
8/5/1983,196,5.550101932
8/6/1983,257,7.277429574
8/7/1983,412,11.6665408
8/8/1983,324,9.174658296
8/9/1983,190,5.380200852
8/10/1983,270,7.64554858
8/11/1983,446,12.62931358
8/12/1983,413,11.69485764
8/13/1983,185,5.23861662
8/14/1983,106,3.001585739
8/15/1983,73,2.067129801
8/16/1983,73,2.067129801
8/17/1983,497,14.07347276
8/18/1983,142,4.020992216
8/19/1983,77,2.180397188
8/20/1983,52,1.472476023
8/21/1983,37,1.047723324
8/22/1983,29,0.821188551
8/23/1983,26,0.736238011
8/24/1983,25,0.707921165
8/25/1983,23,0.651287472
8/26/1983,22,0.622970625
8/27/1983,29,0.821188551
8/28/1983,42,1.189307557
8/29/1983,37,1.047723324
8/30/1983,28,0.792871705
8/31/1983,25,0.707921165
9/1/1983,25,0.707921165
9/2/1983,22,0.622970625
9/3/1983,19,0.538020085
9/4/1983,18,0.509703239
9/5/1983,23,0.651287472
9/6/1983,85,2.40693196
9/7/1983,149,4.219210142
9/8/1983,90,2.548516193
9/9/1983,49,1.387525483
9/10/1983,31,0.877822244
9/11/1983,39,1.104357017
9/12/1983,1300,36.81190057
9/13/1983,1510,42.75843835
9/14/1983,767,21.71902134
9/15/1983,232,6.569508409
9/16/1983,128,3.624556364
9/17/1983,85,2.40693196
9/18/1983,61,1.727327642
9/19/1983,50,1.41584233
9/20/1983,222,6.286339943
9/21/1983,447,12.65763043
9/22/1983,238,6.739409489
9/23/1983,131,3.709506904
9/24/1983,77,2.180397188
9/25/1983,52,1.472476023
9/26/1983,41,1.16099071
9/27/1983,33,0.934455938
9/28/1983,28,0.792871705
9/29/1983,25,0.707921165
9/30/1983,22,0.622970625
10/1/1983,21,0.594653778
10/2/1983,20,0.566336932
10/3/1983,18,0.509703239
10/4/1983,18,0.509703239
10/5/1983,19,0.538020085
10/6/1983,19,0.538020085
10/7/1983,19,0.538020085
10/8/1983,18,0.509703239
10/9/1983,18,0.509703239
10/10/1983,19,0.538020085
10/11/1983,52,1.472476023
10/12/1983,249,7.050894801
10/13/1983,354,10.02416369
10/14/1983,130,3.681190057
10/15/1983,73,2.067129801
10/16/1983,47,1.33089179
10/17/1983,35,0.991089631
10/18/1983,29,0.821188551
10/19/1983,26,0.736238011
10/20/1983,24,0.679604318
10/21/1983,22,0.622970625
10/22/1983,24,0.679604318
10/23/1983,44,1.24594125
10/24/1983,70,1.982179261
10/25/1983,50,1.41584233
10/26/1983,33,0.934455938
10/27/1983,26,0.736238011
10/28/1983,22,0.622970625
10/29/1983,20,0.566336932
10/30/1983,18,0.509703239
10/31/1983,17,0.481386392
11/1/1983,16,0.453069545
11/2/1983,16,0.453069545
11/3/1983,15,0.424752699
11/4/1983,15,0.424752699
11/5/1983,17,0.481386392
11/6/1983,18,0.509703239
11/7/1983,18,0.509703239
11/8/1983,18,0.509703239
11/9/1983,17,0.481386392
11/10/1983,15,0.424752699
11/11/1983,14,0.396435852
11/12/1983,14,0.396435852
11/13/1983,14,0.396435852
11/14/1983,14,0.396435852
11/15/1983,17,0.481386392
11/16/1983,23,0.651287472
11/17/1983,23,0.651287472
11/18/1983,21,0.594653778
11/19/1983,20,0.566336932
11/20/1983,130,3.681190057
11/21/1983,196,5.550101932
11/22/1983,148,4.190893296
11/23/1983,83,2.350298267
11/24/1983,444,12.57267989
11/25/1983,321,9.089707756
11/26/1983,165,4.672279688
11/27/1983,159,4.502378608
11/28/1983,317,8.97644037
11/29/1983,240,6.796043182
11/30/1983,145,4.105942756
12/1/1983,99,2.803367813
12/2/1983,76,2.152080341
12/3/1983,76,2.152080341
12/4/1983,457,12.94079889
12/5/1983,273,7.73049912
12/6/1983,482,13.64872006
12/7/1983,617,17.47149435
12/8/1983,437,12.37446196
12/9/1983,196,5.550101932
12/10/1983,150,4.247526989
12/11/1983,3400,96.27727841
12/12/1983,2450,69.37627415
12/13/1983,1050,29.73268892
12/14/1983,520,14.72476023
12/15/1983,365,10.33564901
12/16/1983,285,8.070301279
12/17/1983,188,5.323567159
12/18/1983,145,4.105942756
12/19/1983,126,3.567922671
12/20/1983,115,3.256437358
12/21/1983,115,3.256437358
12/22/1983,325,9.202975142
12/23/1983,500,14.1584233
12/24/1983,410,11.6099071
12/25/1983,225,6.371290483
12/26/1983,145,4.105942756
12/27/1983,175,4.955448154
12/28/1983,1000,28.31684659
12/29/1983,2200,62.2970625
12/30/1983,1510,42.75843835
12/31/1983,800,22.65347727
1/1/1984,510,14.44159176
1/2/1984,385,10.90198594
1/3/1984,275,7.787132813
1/4/1984,228,6.456241023
1/5/1984,197,5.578418779
1/6/1984,171,4.842180767
1/7/1984,150,4.247526989
1/8/1984,140,3.964358523
1/9/1984,185,5.23861662
1/10/1984,395,11.1851544
1/11/1984,370,10.47723324
1/12/1984,255,7.220795881
1/13/1984,191,5.408517699
1/14/1984,165,4.672279688
1/15/1984,160,4.530695455
1/16/1984,280,7.928717046
1/17/1984,365,10.33564901
1/18/1984,510,14.44159176
1/19/1984,676,19.1421883
1/20/1984,409,11.58159026
1/21/1984,261,7.390696961
1/22/1984,209,5.918220938
1/23/1984,193,5.465151392
1/24/1984,424,12.00634296
1/25/1984,699,19.79347577
1/26/1984,553,15.65921617
1/27/1984,425,12.0346598
1/28/1984,303,8.580004517
1/29/1984,228,6.456241023
1/30/1984,190,5.380200852
1/31/1984,162,4.587329148
2/1/1984,143,4.049309063
2/2/1984,133,3.766140597
2/3/1984,448,12.68594727
2/4/1984,763,21.60575395
2/5/1984,388,10.98693648
2/6/1984,228,6.456241023
2/7/1984,181,5.125349233
2/8/1984,160,4.530695455
2/9/1984,145,4.105942756
2/10/1984,138,3.90772483
2/11/1984,132,3.73782375
2/12/1984,215,6.088122017
2/13/1984,506,14.32832438
2/14/1984,313,8.863172983
2/15/1984,191,5.408517699
2/16/1984,195,5.521785085
2/17/1984,383,10.84535224
2/18/1984,258,7.305746421
2/19/1984,183,5.181982926
2/20/1984,190,5.380200852
2/21/1984,322,9.118024603
2/22/1984,339,9.599410995
2/23/1984,208,5.889904091
2/24/1984,156,4.417428068
2/25/1984,131,3.709506904
2/26/1984,126,3.567922671
2/27/1984,1440,40.77625909
2/28/1984,970,27.46734119
2/29/1984,507,14.35664122
3/1/1984,267,7.56059804
3/2/1984,214,6.059805171
3/3/1984,186,5.266933466
3/4/1984,163,4.615645994
3/5/1984,527,14.92297815
3/6/1984,1600,45.30695455
3/7/1984,833,23.58793321
3/8/1984,394,11.15683756
3/9/1984,268,7.588914887
3/10/1984,216,6.116438864
3/11/1984,187,5.295250313
3/12/1984,175,4.955448154
3/13/1984,217,6.14475571
3/14/1984,183,5.181982926
3/15/1984,153,4.332477529
3/16/1984,134,3.794457443
3/17/1984,119,3.369704744
3/18/1984,105,2.973268892
3/19/1984,119,3.369704744
3/20/1984,916,25.93823148
3/21/1984,700,19.82179261
3/22/1984,308,8.72158875
3/23/1984,200,5.663369318
3/24/1984,167,4.728913381
3/25/1984,222,6.286339943
3/26/1984,209,5.918220938
3/27/1984,152,4.304160682
3/28/1984,140,3.964358523
3/29/1984,120,3.398021591
3/30/1984,94,2.66178358
3/31/1984,77,2.180397188
4/1/1984,68,1.925545568
4/2/1984,66,1.868911875
4/3/1984,501,14.18674014
4/4/1984,335,9.486143608
4/5/1984,200,5.663369318
4/6/1984,127,3.596239517
4/7/1984,94,2.66178358
4/8/1984,100,2.831684659
4/9/1984,209,5.918220938
4/10/1984,162,4.587329148
4/11/1984,102,2.888318352
4/12/1984,76,2.152080341
4/13/1984,65,1.840595028
4/14/1984,56,1.585743409
4/15/1984,47,1.33089179
4/16/1984,39,1.104357017
4/17/1984,36,1.019406477
4/18/1984,33,0.934455938
4/19/1984,31,0.877822244
4/20/1984,29,0.821188551
4/21/1984,25,0.707921165
4/22/1984,24,0.679604318
4/23/1984,24,0.679604318
4/24/1984,23,0.651287472
4/25/1984,23,0.651287472
4/26/1984,22,0.622970625
4/27/1984,22,0.622970625
4/28/1984,22,0.622970625
4/29/1984,22,0.622970625
4/30/1984,22,0.622970625
5/1/1984,21,0.594653778
5/2/1984,21,0.594653778
5/3/1984,21,0.594653778
5/4/1984,21,0.594653778
5/5/1984,21,0.594653778
5/6/1984,25,0.707921165
5/7/1984,25,0.707921165
5/8/1984,25,0.707921165
5/9/1984,27,0.764554858
5/10/1984,25,0.707921165
5/11/1984,25,0.707921165
5/12/1984,24,0.679604318
5/13/1984,24,0.679604318
5/14/1984,24,0.679604318
5/15/1984,24,0.679604318
5/16/1984,23,0.651287472
5/17/1984,23,0.651287472
5/18/1984,23,0.651287472
5/19/1984,23,0.651287472
5/20/1984,23,0.651287472
5/21/1984,23,0.651287472
5/22/1984,559,15.82911724
5/23/1984,1200,33.98021591
5/24/1984,568,16.08396886
5/25/1984,131,3.709506904
5/26/1984,72,2.038812955
5/27/1984,130,3.681190057
5/28/1984,196,5.550101932
5/29/1984,168,4.757230227
5/30/1984,71,2.010496108
5/31/1984,39,1.104357017
6/1/1984,28,0.792871705
6/2/1984,27,0.764554858
6/3/1984,28,0.792871705
6/4/1984,25,0.707921165
6/5/1984,23,0.651287472
6/6/1984,18,0.509703239
6/7/1984,18,0.509703239
6/8/1984,19,0.538020085
6/9/1984,18,0.509703239
6/10/1984,16,0.453069545
6/11/1984,15,0.424752699
6/12/1984,16,0.453069545
6/13/1984,15,0.424752699
6/14/1984,17,0.481386392
6/15/1984,18,0.509703239
6/16/1984,101,2.860001506
6/17/1984,41,1.16099071
6/18/1984,36,1.019406477
6/19/1984,35,0.991089631
6/20/1984,29,0.821188551
6/21/1984,27,0.764554858
6/22/1984,23,0.651287472
6/23/1984,22,0.622970625
6/24/1984,26,0.736238011
6/25/1984,88,2.4918825
6/26/1984,91,2.57683304
6/27/1984,109,3.086536279
6/28/1984,145,4.105942756
6/29/1984,67,1.897228722
6/30/1984,34,0.962772784
7/1/1984,30,0.849505398
7/2/1984,29,0.821188551
7/3/1984,27,0.764554858
7/4/1984,24,0.679604318
7/5/1984,22,0.622970625
7/6/1984,17,0.481386392
7/7/1984,13,0.368119006
7/8/1984,81,2.293664574
7/9/1984,121,3.426338438
7/10/1984,52,1.472476023
7/11/1984,32,0.906139091
7/12/1984,30,0.849505398
7/13/1984,40,1.132673864
7/14/1984,138,3.90772483
7/15/1984,98,2.775050966
7/16/1984,40,1.132673864
7/17/1984,28,0.792871705
7/18/1984,28,0.792871705
7/19/1984,34,0.962772784
7/20/1984,27,0.764554858
7/21/1984,25,0.707921165
7/22/1984,23,0.651287472
7/23/1984,21,0.594653778
7/24/1984,184,5.210299773
7/25/1984,239,6.767726335
7/26/1984,139,3.936041676
7/27/1984,77,2.180397188
7/28/1984,37,1.047723324
7/29/1984,173,4.89881446
7/30/1984,170,4.813863921
7/31/1984,90,2.548516193
8/1/1984,59,1.670693949
8/2/1984,95,2.690100426
8/3/1984,127,3.596239517
8/4/1984,145,4.105942756
8/5/1984,189,5.351884006
8/6/1984,152,4.304160682
8/7/1984,223,6.31465679
8/8/1984,240,6.796043182
8/9/1984,148,4.190893296
8/10/1984,69,1.953862415
8/11/1984,38,1.07604017
8/12/1984,35,0.991089631
8/13/1984,101,2.860001506
8/14/1984,199,5.635052472
8/15/1984,206,5.833270398
8/16/1984,120,3.398021591
8/17/1984,62,1.755644489
8/18/1984,83,2.350298267
8/19/1984,63,1.783961335
8/20/1984,33,0.934455938
8/21/1984,39,1.104357017
8/22/1984,28,0.792871705
8/23/1984,30,0.849505398
8/24/1984,179,5.06871554
8/25/1984,142,4.020992216
8/26/1984,70,1.982179261
8/27/1984,93,2.633466733
8/28/1984,118,3.341387898
8/29/1984,457,12.94079889
8/30/1984,465,13.16733367
8/31/1984,241,6.824360029
9/1/1984,109,3.086536279
9/2/1984,62,1.755644489
9/3/1984,45,1.274258097
9/4/1984,53,1.500792869
9/5/1984,85,2.40693196
9/6/1984,70,1.982179261
9/7/1984,37,1.047723324
9/8/1984,25,0.707921165
9/9/1984,20,0.566336932
9/10/1984,17,0.481386392
9/11/1984,15,0.424752699
9/12/1984,14,0.396435852
9/13/1984,13,0.368119006
9/14/1984,12,0.339802159
9/15/1984,11,0.311485313
9/16/1984,220,6.22970625
9/17/1984,290,8.211885512
9/18/1984,77,2.180397188
9/19/1984,35,0.991089631
9/20/1984,25,0.707921165
9/21/1984,19,0.538020085
9/22/1984,16,0.453069545
9/23/1984,13,0.368119006
9/24/1984,12,0.339802159
9/25/1984,11,0.311485313
9/26/1984,10,0.283168466
9/27/1984,9.1,0.257683304
9/28/1984,8.2,0.232198142
9/29/1984,7.4,0.209544665
9/30/1984,6.8,0.192554557
10/1/1984,6.4,0.181227818
10/2/1984,6.2,0.175564449
10/3/1984,6.5,0.184059503
10/4/1984,8.1,0.229366457
10/5/1984,8.2,0.232198142
10/6/1984,7.6,0.215208034
10/7/1984,7.1,0.201049611
10/8/1984,7.4,0.209544665
10/9/1984,7.5,0.212376349
10/10/1984,7.1,0.201049611
10/11/1984,8.5,0.240693196
10/12/1984,8.2,0.232198142
10/13/1984,10,0.283168466
10/14/1984,9.6,0.271841727
10/15/1984,12,0.339802159
10/16/1984,12,0.339802159
10/17/1984,56,1.585743409
10/18/1984,95,2.690100426
10/19/1984,51,1.444159176
10/20/1984,39,1.104357017
10/21/1984,40,1.132673864
10/22/1984,61,1.727327642
10/23/1984,155,4.389111222
10/24/1984,76,2.152080341
10/25/1984,40,1.132673864
10/26/1984,27,0.764554858
10/27/1984,23,0.651287472
10/28/1984,27,0.764554858
10/29/1984,137,3.879407983
10/30/1984,75,2.123763494
10/31/1984,39,1.104357017
11/1/1984,29,0.821188551
11/2/1984,71,2.010496108
11/3/1984,114,3.228120511
11/4/1984,106,3.001585739
11/5/1984,54,1.529109716
11/6/1984,37,1.047723324
11/7/1984,29,0.821188551
11/8/1984,24,0.679604318
11/9/1984,20,0.566336932
11/10/1984,20,0.566336932
11/11/1984,25,0.707921165
11/12/1984,49,1.387525483
11/13/1984,37,1.047723324
11/14/1984,30,0.849505398
11/15/1984,26,0.736238011
11/16/1984,23,0.651287472
11/17/1984,22,0.622970625
11/18/1984,20,0.566336932
11/19/1984,20,0.566336932
11/20/1984,20,0.566336932
11/21/1984,23,0.651287472
11/22/1984,24,0.679604318
11/23/1984,22,0.622970625
11/24/1984,20,0.566336932
11/25/1984,20,0.566336932
11/26/1984,19,0.538020085
11/27/1984,20,0.566336932
11/28/1984,243,6.880993722
11/29/1984,218,6.173072557
11/30/1984,101,2.860001506
12/1/1984,105,2.973268892
12/2/1984,99,2.803367813
12/3/1984,126,3.567922671
12/4/1984,302,8.551687671
12/5/1984,1280,36.24556364
12/6/1984,931,26.36298418
12/7/1984,416,11.77980818
12/8/1984,200,5.663369318
12/9/1984,155,4.389111222
12/10/1984,128,3.624556364
12/11/1984,103,2.916635199
12/12/1984,83,2.350298267
12/13/1984,74,2.095446648
12/14/1984,88,2.4918825
12/15/1984,72,2.038812955
12/16/1984,55,1.557426563
12/17/1984,46,1.302574943
12/18/1984,43,1.217624403
12/19/1984,38,1.07604017
12/20/1984,33,0.934455938
12/21/1984,33,0.934455938
12/22/1984,32,0.906139091
12/23/1984,33,0.934455938
12/24/1984,37,1.047723324
12/25/1984,32,0.906139091
12/26/1984,28,0.792871705
12/27/1984,28,0.792871705
12/28/1984,25,0.707921165
12/29/1984,24,0.679604318
12/30/1984,156,4.417428068
12/31/1984,272,7.702182273
1/1/1985,271,7.673865426
1/2/1985,160,4.530695455
1/3/1985,188,5.323567159
1/4/1985,219,6.201389404
1/5/1985,145,4.105942756
1/6/1985,95,2.690100426
1/7/1985,72,2.038812955
1/8/1985,58,1.642377102
1/9/1985,48,1.359208636
1/10/1985,43,1.217624403
1/11/1985,38,1.07604017
1/12/1985,34,0.962772784
1/13/1985,31,0.877822244
1/14/1985,34,0.962772784
1/15/1985,30,0.849505398
1/16/1985,29,0.821188551
1/17/1985,932,26.39130102
1/18/1985,837,23.7012006
1/19/1985,402,11.38337233
1/20/1985,207,5.861587245
1/21/1985,152,4.304160682
1/22/1985,120,3.398021591
1/23/1985,108,3.058219432
1/24/1985,123,3.482972131
1/25/1985,185,5.23861662
1/26/1985,150,4.247526989
1/27/1985,145,4.105942756
1/28/1985,865,24.4940723
1/29/1985,551,15.60258247
1/30/1985,382,10.8170354
1/31/1985,365,10.33564901
2/1/1985,269,7.617231733
2/2/1985,225,6.371290483
2/3/1985,188,5.323567159
2/4/1985,163,4.615645994
2/5/1985,269,7.617231733
2/6/1985,1540,43.60794375
2/7/1985,1030,29.16635199
2/8/1985,466,13.19565051
2/9/1985,270,7.64554858
2/10/1985,219,6.201389404
2/11/1985,494,13.98852222
2/12/1985,536,15.17782977
2/13/1985,291,8.240202358
2/14/1985,208,5.889904091
2/15/1985,180,5.097032387
2/16/1985,160,4.530695455
2/17/1985,139,3.936041676
2/18/1985,128,3.624556364
2/19/1985,120,3.398021591
2/20/1985,112,3.171486818
2/21/1985,96,2.718417273
2/22/1985,86,2.435248807
2/23/1985,78,2.208714034
2/24/1985,117,3.313071051
2/25/1985,1160,32.84754205
2/26/1985,1200,33.98021591
2/27/1985,1180,33.41387898
2/28/1985,846,23.95605222
3/1/1985,1020,28.88318352
3/2/1985,1260,35.67922671
3/3/1985,627,17.75466281
3/4/1985,345,9.769312074
3/5/1985,273,7.73049912
3/6/1985,223,6.31465679
3/7/1985,181,5.125349233
3/8/1985,160,4.530695455
3/9/1985,147,4.162576449
3/10/1985,133,3.766140597
3/11/1985,114,3.228120511
3/12/1985,100,2.831684659
3/13/1985,95,2.690100426
3/14/1985,90,2.548516193
3/15/1985,130,3.681190057
3/16/1985,146,4.134259602
3/17/1985,197,5.578418779
3/18/1985,142,4.020992216
3/19/1985,92,2.605149886
3/20/1985,150,4.247526989
3/21/1985,1860,52.66933466
3/22/1985,978,27.69387597
3/23/1985,401,11.35505548
3/24/1985,232,6.569508409
3/25/1985,181,5.125349233
3/26/1985,144,4.077625909
3/27/1985,129,3.65287321
3/28/1985,246,6.965944262
3/29/1985,194,5.493468239
3/30/1985,137,3.879407983
3/31/1985,118,3.341387898
4/1/1985,110,3.114853125
4/2/1985,86,2.435248807
4/3/1985,59,1.670693949
4/4/1985,49,1.387525483
4/5/1985,42,1.189307557
4/6/1985,36,1.019406477
4/7/1985,65,1.840595028
4/8/1985,42,1.189307557
4/9/1985,32,0.906139091
4/10/1985,26,0.736238011
4/11/1985,23,0.651287472
4/12/1985,20,0.566336932
4/13/1985,18,0.509703239
4/14/1985,16,0.453069545
4/15/1985,60,1.699010796
4/16/1985,62,1.755644489
4/17/1985,49,1.387525483
4/18/1985,39,1.104357017
4/19/1985,34,0.962772784
4/20/1985,30,0.849505398
4/21/1985,26,0.736238011
4/22/1985,23,0.651287472
4/23/1985,20,0.566336932
4/24/1985,20,0.566336932
4/25/1985,59,1.670693949
4/26/1985,42,1.189307557
4/27/1985,29,0.821188551
4/28/1985,26,0.736238011
4/29/1985,24,0.679604318
4/30/1985,20,0.566336932
5/1/1985,19,0.538020085
5/2/1985,44,1.24594125
5/3/1985,25,0.707921165
5/4/1985,21,0.594653778
5/5/1985,18,0.509703239
5/6/1985,16,0.453069545
5/7/1985,15,0.424752699
5/8/1985,12,0.339802159
5/9/1985,15,0.424752699
5/10/1985,14,0.396435852
5/11/1985,12,0.339802159
5/12/1985,11,0.311485313
5/13/1985,9.4,0.266178358
5/14/1985,9.3,0.263346673
5/15/1985,9.7,0.274673412
5/16/1985,10,0.283168466
5/17/1985,11,0.311485313
5/18/1985,13,0.368119006
5/19/1985,10,0.283168466
5/20/1985,8.3,0.235029827
5/21/1985,7.7,0.218039719
5/22/1985,8.7,0.246356565
5/23/1985,10,0.283168466
5/24/1985,16,0.453069545
5/25/1985,15,0.424752699
5/26/1985,11,0.311485313
5/27/1985,8.7,0.246356565
5/28/1985,7.9,0.223703088
5/29/1985,6.6,0.186891188
5/30/1985,6.1,0.172732764
5/31/1985,5.9,0.167069395
6/1/1985,5.4,0.152910972
6/2/1985,5.2,0.147247602
6/3/1985,4.9,0.138752548
6/4/1985,4.4,0.124594125
6/5/1985,4.2,0.118930756
6/6/1985,4,0.113267386
6/7/1985,3.8,0.107604017
6/8/1985,3.5,0.099108963
6/9/1985,3.3,0.093445594
6/10/1985,3.1,0.087782224
6/11/1985,4.5,0.12742581
6/12/1985,4.8,0.135920864
6/13/1985,5.5,0.155742656
6/14/1985,7.1,0.201049611
6/15/1985,7.6,0.215208034
6/16/1985,9.5,0.269010043
6/17/1985,8.2,0.232198142
6/18/1985,5.8,0.16423771
6/19/1985,4.2,0.118930756
6/20/1985,3.8,0.107604017
6/21/1985,5.3,0.150079287
6/22/1985,6.3,0.178396134
6/23/1985,6.3,0.178396134
6/24/1985,5.1,0.144415918
6/25/1985,4.3,0.12176244
6/26/1985,4.3,0.12176244
6/27/1985,4.2,0.118930756
6/28/1985,4,0.113267386
6/29/1985,3.8,0.107604017
6/30/1985,3.5,0.099108963
7/1/1985,4.7,0.133089179
7/2/1985,3.5,0.099108963
7/3/1985,3.3,0.093445594
7/4/1985,3.1,0.087782224
7/5/1985,16,0.453069545
7/6/1985,87,2.463565654
7/7/1985,109,3.086536279
7/8/1985,214,6.059805171
7/9/1985,94,2.66178358
7/10/1985,43,1.217624403
7/11/1985,28,0.792871705
7/12/1985,34,0.962772784
7/13/1985,62,1.755644489
7/14/1985,30,0.849505398
7/15/1985,32,0.906139091
7/16/1985,50,1.41584233
7/17/1985,48,1.359208636
7/18/1985,38,1.07604017
7/19/1985,26,0.736238011
7/20/1985,24,0.679604318
7/21/1985,35,0.991089631
7/22/1985,74,2.095446648
7/23/1985,249,7.050894801
7/24/1985,585,16.56535526
7/25/1985,532,15.06456239
7/26/1985,291,8.240202358
7/27/1985,125,3.539605824
7/28/1985,81,2.293664574
7/29/1985,73,2.067129801
7/30/1985,47,1.33089179
7/31/1985,52,1.472476023
8/1/1985,37,1.047723324
8/2/1985,39,1.104357017
8/3/1985,121,3.426338438
8/4/1985,70,1.982179261
8/5/1985,33,0.934455938
8/6/1985,30,0.849505398
8/7/1985,56,1.585743409
8/8/1985,167,4.728913381
8/9/1985,205,5.804953551
8/10/1985,117,3.313071051
8/11/1985,54,1.529109716
8/12/1985,40,1.132673864
8/13/1985,29,0.821188551
8/14/1985,36,1.019406477
8/15/1985,535,15.14951293
8/16/1985,1250,35.39605824
8/17/1985,943,26.70278634
8/18/1985,412,11.6665408
8/19/1985,236,6.682775796
8/20/1985,195,5.521785085
8/21/1985,105,2.973268892
8/22/1985,63,1.783961335
8/23/1985,43,1.217624403
8/24/1985,34,0.962772784
8/25/1985,52,1.472476023
8/26/1985,39,1.104357017
8/27/1985,93,2.633466733
8/28/1985,103,2.916635199
8/29/1985,61,1.727327642
8/30/1985,71,2.010496108
8/31/1985,53,1.500792869
9/1/1985,34,0.962772784
9/2/1985,407,11.52495656
9/3/1985,1230,34.82972131
9/4/1985,925,26.1930831
9/5/1985,332,9.401193069
9/6/1985,242,6.852676875
9/7/1985,379,10.73208486
9/8/1985,222,6.286339943
9/9/1985,634,17.95288074
9/10/1985,415,11.75149134
9/11/1985,185,5.23861662
9/12/1985,115,3.256437358
9/13/1985,72,2.038812955
9/14/1985,51,1.444159176
9/15/1985,38,1.07604017
9/16/1985,30,0.849505398
9/17/1985,26,0.736238011
9/18/1985,22,0.622970625
9/19/1985,19,0.538020085
9/20/1985,18,0.509703239
9/21/1985,16,0.453069545
9/22/1985,14,0.396435852
9/23/1985,4960,140.4515591
9/24/1985,5830,165.0872156
9/25/1985,2040,57.76636705
9/26/1985,608,17.21664273
9/27/1985,378,10.70376801
9/28/1985,267,7.56059804
9/29/1985,198,5.606735625
9/30/1985,202,5.720003012
10/1/1985,1230,34.82972131
10/2/1985,1330,37.66140597
10/3/1985,490,13.87525483
10/4/1985,271,7.673865426
10/5/1985,209,5.918220938
10/6/1985,165,4.672279688
10/7/1985,151,4.275843835
10/8/1985,135,3.82277429
10/9/1985,122,3.454655284
10/10/1985,110,3.114853125
10/11/1985,102,2.888318352
10/12/1985,96,2.718417273
10/13/1985,90,2.548516193
10/14/1985,86,2.435248807
10/15/1985,82,2.321981421
10/16/1985,252,7.135845341
10/17/1985,384,10.87366909
10/18/1985,167,4.728913381
10/19/1985,106,3.001585739
10/20/1985,78,2.208714034
10/21/1985,82,2.321981421
10/22/1985,84,2.378615114
10/23/1985,60,1.699010796
10/24/1985,109,3.086536279
10/25/1985,802,22.71011097
10/26/1985,306,8.664955057
10/27/1985,227,6.427924176
10/28/1985,2640,74.756475
10/29/1985,3250,92.02975142
10/30/1985,3530,99.95846847
10/31/1985,2030,57.48319858
11/1/1985,1060,30.01585739
11/2/1985,543,15.3760477
11/3/1985,384,10.87366909
11/4/1985,301,8.523370824
11/5/1985,243,6.880993722
11/6/1985,220,6.22970625
11/7/1985,200,5.663369318
11/8/1985,175,4.955448154
11/9/1985,165,4.672279688
11/10/1985,142,4.020992216
11/11/1985,132,3.73782375
11/12/1985,120,3.398021591
11/13/1985,108,3.058219432
11/14/1985,98,2.775050966
11/15/1985,90,2.548516193
11/16/1985,82,2.321981421
11/17/1985,76,2.152080341
11/18/1985,70,1.982179261
11/19/1985,66,1.868911875
11/20/1985,62,1.755644489
11/21/1985,58,1.642377102
11/22/1985,55,1.557426563
11/23/1985,51,1.444159176
11/24/1985,48,1.359208636
11/25/1985,46,1.302574943
11/26/1985,46,1.302574943
11/27/1985,197,5.578418779
11/28/1985,482,13.64872006
11/29/1985,496,14.04515591
11/30/1985,335,9.486143608
12/1/1985,216,6.116438864
12/2/1985,261,7.390696961
12/3/1985,203,5.748319858
12/4/1985,134,3.794457443
12/5/1985,104,2.944952046
12/6/1985,87,2.463565654
12/7/1985,73,2.067129801
12/8/1985,63,1.783961335
12/9/1985,58,1.642377102
12/10/1985,53,1.500792869
12/11/1985,54,1.529109716
12/12/1985,493,13.96020537
12/13/1985,2140,60.59805171
12/14/1985,1490,42.19210142
12/15/1985,743,21.03941702
12/16/1985,333,9.429509915
12/17/1985,252,7.135845341
12/18/1985,210,5.946537784
12/19/1985,179,5.06871554
12/20/1985,155,4.389111222
12/21/1985,136,3.851091137
12/22/1985,120,3.398021591
12/23/1985,110,3.114853125
12/24/1985,103,2.916635199
12/25/1985,90,2.548516193
12/26/1985,76,2.152080341
12/27/1985,69,1.953862415
12/28/1985,138,3.90772483
12/29/1985,228,6.456241023
12/30/1985,151,4.275843835
12/31/1985,116,3.284754205
1/1/1986,243,6.880993722
1/2/1986,199,5.635052472
1/3/1986,138,3.90772483
1/4/1986,108,3.058219432
1/5/1986,99,2.803367813
1/6/1986,90,2.548516193
1/7/1986,231,6.541191563
1/8/1986,372,10.53386693
1/9/1986,235,6.654458949
1/10/1986,285,8.070301279
1/11/1986,636,18.00951443
1/12/1986,380,10.7604017
1/13/1986,229,6.48455787
1/14/1986,176,4.983765
1/15/1986,148,4.190893296
1/16/1986,129,3.65287321
1/17/1986,116,3.284754205
1/18/1986,110,3.114853125
1/19/1986,104,2.944952046
1/20/1986,89,2.520199347
1/21/1986,75,2.123763494
1/22/1986,66,1.868911875
1/23/1986,60,1.699010796
1/24/1986,55,1.557426563
1/25/1986,112,3.171486818
1/26/1986,426,12.06297665
1/27/1986,258,7.305746421
1/28/1986,147,4.162576449
1/29/1986,110,3.114853125
1/30/1986,95,2.690100426
1/31/1986,80,2.265347727
2/1/1986,69,1.953862415
2/2/1986,63,1.783961335
2/3/1986,60,1.699010796
2/4/1986,124,3.511288977
2/5/1986,1380,39.0772483
2/6/1986,975,27.60892543
2/7/1986,454,12.85584835
2/8/1986,475,13.45050213
2/9/1986,395,11.1851544
2/10/1986,259,7.334063267
2/11/1986,255,7.220795881
2/12/1986,246,6.965944262
2/13/1986,171,4.842180767
2/14/1986,148,4.190893296
2/15/1986,160,4.530695455
2/16/1986,146,4.134259602
2/17/1986,124,3.511288977
2/18/1986,153,4.332477529
2/19/1986,141,3.992675369
2/20/1986,112,3.171486818
2/21/1986,93,2.633466733
2/22/1986,83,2.350298267
2/23/1986,74,2.095446648
2/24/1986,64,1.812278182
2/25/1986,54,1.529109716
2/26/1986,48,1.359208636
2/27/1986,44,1.24594125
2/28/1986,41,1.16099071
3/1/1986,38,1.07604017
3/2/1986,35,0.991089631
3/3/1986,35,0.991089631
3/4/1986,181,5.125349233
3/5/1986,240,6.796043182
3/6/1986,121,3.426338438
3/7/1986,71,2.010496108
3/8/1986,53,1.500792869
3/9/1986,44,1.24594125
3/10/1986,40,1.132673864
3/11/1986,39,1.104357017
3/12/1986,71,2.010496108
3/13/1986,1020,28.88318352
3/14/1986,672,19.02892091
3/15/1986,279,7.900400199
3/16/1986,173,4.89881446
3/17/1986,127,3.596239517
3/18/1986,96,2.718417273
3/19/1986,130,3.681190057
3/20/1986,1150,32.56437358
3/21/1986,784,22.20040773
3/22/1986,368,10.42059955
3/23/1986,211,5.974854631
3/24/1986,168,4.757230227
3/25/1986,138,3.90772483
3/26/1986,113,3.199803665
3/27/1986,95,2.690100426
3/28/1986,81,2.293664574
3/29/1986,67,1.897228722
3/30/1986,57,1.614060256
3/31/1986,50,1.41584233
4/1/1986,44,1.24594125
4/2/1986,41,1.16099071
4/3/1986,39,1.104357017
4/4/1986,36,1.019406477
4/5/1986,34,0.962772784
4/6/1986,32,0.906139091
4/7/1986,31,0.877822244
4/8/1986,29,0.821188551
4/9/1986,29,0.821188551
4/10/1986,28,0.792871705
4/11/1986,26,0.736238011
4/12/1986,170,4.813863921
4/13/1986,322,9.118024603
4/14/1986,181,5.125349233
4/15/1986,91,2.57683304
4/16/1986,54,1.529109716
4/17/1986,38,1.07604017
4/18/1986,31,0.877822244
4/19/1986,27,0.764554858
4/20/1986,59,1.670693949
4/21/1986,140,3.964358523
4/22/1986,101,2.860001506
4/23/1986,52,1.472476023
4/24/1986,33,0.934455938
4/25/1986,27,0.764554858
4/26/1986,23,0.651287472
4/27/1986,20,0.566336932
4/28/1986,19,0.538020085
4/29/1986,18,0.509703239
4/30/1986,17,0.481386392
5/1/1986,16,0.453069545
5/2/1986,15,0.424752699
5/3/1986,14,0.396435852
5/4/1986,13,0.368119006
5/5/1986,12,0.339802159
5/6/1986,12,0.339802159
5/7/1986,12,0.339802159
5/8/1986,11,0.311485313
5/9/1986,11,0.311485313
5/10/1986,11,0.311485313
5/11/1986,10,0.283168466
5/12/1986,11,0.311485313
5/13/1986,12,0.339802159
5/14/1986,12,0.339802159
5/15/1986,11,0.311485313
5/16/1986,10,0.283168466
5/17/1986,10,0.283168466
5/18/1986,11,0.311485313
5/19/1986,118,3.341387898
5/20/1986,202,5.720003012
5/21/1986,99,2.803367813
5/22/1986,37,1.047723324
5/23/1986,23,0.651287472
5/24/1986,17,0.481386392
5/25/1986,14,0.396435852
5/26/1986,14,0.396435852
5/27/1986,15,0.424752699
5/28/1986,14,0.396435852
5/29/1986,57,1.614060256
5/30/1986,219,6.201389404
5/31/1986,126,3.567922671
6/1/1986,60,1.699010796
6/2/1986,33,0.934455938
6/3/1986,22,0.622970625
6/4/1986,17,0.481386392
6/5/1986,14,0.396435852
6/6/1986,13,0.368119006
6/7/1986,12,0.339802159
6/8/1986,11,0.311485313
6/9/1986,12,0.339802159
6/10/1986,46,1.302574943
6/11/1986,54,1.529109716
6/12/1986,53,1.500792869
6/13/1986,30,0.849505398
6/14/1986,18,0.509703239
6/15/1986,13,0.368119006
6/16/1986,12,0.339802159
6/17/1986,10,0.283168466
6/18/1986,22,0.622970625
6/19/1986,32,0.906139091
6/20/1986,34,0.962772784
6/21/1986,61,1.727327642
6/22/1986,29,0.821188551
6/23/1986,17,0.481386392
6/24/1986,12,0.339802159
6/25/1986,9.5,0.269010043
6/26/1986,8.1,0.229366457
6/27/1986,7.3,0.20671298
6/28/1986,7.2,0.203881295
6/29/1986,7.3,0.20671298
6/30/1986,22,0.622970625
7/1/1986,14,0.396435852
7/2/1986,11,0.311485313
7/3/1986,12,0.339802159
7/4/1986,8.4,0.237861511
7/5/1986,6.8,0.192554557
7/6/1986,6.5,0.184059503
7/7/1986,8.1,0.229366457
7/8/1986,13,0.368119006
7/9/1986,11,0.311485313
7/10/1986,7.3,0.20671298
7/11/1986,6.1,0.172732764
7/12/1986,6,0.16990108
7/13/1986,6,0.16990108
7/14/1986,5.4,0.152910972
7/15/1986,11,0.311485313
7/16/1986,32,0.906139091
7/17/1986,9.6,0.271841727
7/18/1986,8.4,0.237861511
7/19/1986,13,0.368119006
7/20/1986,9.5,0.269010043
7/21/1986,11,0.311485313
7/22/1986,11,0.311485313
7/23/1986,9.4,0.266178358
7/24/1986,37,1.047723324
7/25/1986,42,1.189307557
7/26/1986,50,1.41584233
7/27/1986,97,2.746734119
7/28/1986,396,11.21347125
7/29/1986,91,2.57683304
7/30/1986,29,0.821188551
7/31/1986,18,0.509703239
8/1/1986,14,0.396435852
8/2/1986,9.6,0.271841727
8/3/1986,8.9,0.252019935
8/4/1986,7.6,0.215208034
8/5/1986,6.1,0.172732764
8/6/1986,5.5,0.155742656
8/7/1986,5.2,0.147247602
8/8/1986,5.5,0.155742656
8/9/1986,5.6,0.158574341
8/10/1986,6.5,0.184059503
8/11/1986,12,0.339802159
8/12/1986,74,2.095446648
8/13/1986,41,1.16099071
8/14/1986,22,0.622970625
8/15/1986,23,0.651287472
8/16/1986,21,0.594653778
8/17/1986,16,0.453069545
8/18/1986,25,0.707921165
8/19/1986,19,0.538020085
8/20/1986,13,0.368119006
8/21/1986,9.5,0.269010043
8/22/1986,11,0.311485313
8/23/1986,33,0.934455938
8/24/1986,29,0.821188551
8/25/1986,20,0.566336932
8/26/1986,17,0.481386392
8/27/1986,13,0.368119006
8/28/1986,11,0.311485313
8/29/1986,11,0.311485313
8/30/1986,8.8,0.24918825
8/31/1986,8.4,0.237861511
9/1/1986,7.9,0.223703088
9/2/1986,7.2,0.203881295
9/3/1986,16,0.453069545
9/4/1986,15,0.424752699
9/5/1986,14,0.396435852
9/6/1986,12,0.339802159
9/7/1986,9.2,0.260514989
9/8/1986,7.5,0.212376349
9/9/1986,6.4,0.181227818
9/10/1986,5.9,0.167069395
9/11/1986,6.9,0.195386241
9/12/1986,15,0.424752699
9/13/1986,16,0.453069545
9/14/1986,11,0.311485313
9/15/1986,7.7,0.218039719
9/16/1986,6.3,0.178396134
9/17/1986,5.8,0.16423771
9/18/1986,26,0.736238011
9/19/1986,18,0.509703239
9/20/1986,21,0.594653778
9/21/1986,14,0.396435852
9/22/1986,12,0.339802159
9/23/1986,24,0.679604318
9/24/1986,14,0.396435852
9/25/1986,9.1,0.257683304
9/26/1986,7.4,0.209544665
9/27/1986,6.4,0.181227818
9/28/1986,5.9,0.167069395
9/29/1986,5.4,0.152910972
9/30/1986,5.7,0.161406026
10/1/1986,5.2,0.147247602
10/2/1986,4.5,0.12742581
10/3/1986,4.2,0.118930756
10/4/1986,6,0.16990108
10/5/1986,5.4,0.152910972
10/6/1986,4.7,0.133089179
10/7/1986,6.3,0.178396134
10/8/1986,11,0.311485313
10/9/1986,9.6,0.271841727
10/10/1986,9.6,0.271841727
10/11/1986,18,0.509703239
10/12/1986,16,0.453069545
10/13/1986,78,2.208714034
10/14/1986,270,7.64554858
10/15/1986,133,3.766140597
10/16/1986,59,1.670693949
10/17/1986,35,0.991089631
10/18/1986,23,0.651287472
10/19/1986,17,0.481386392
10/20/1986,13,0.368119006
10/21/1986,10,0.283168466
10/22/1986,8.4,0.237861511
10/23/1986,7.8,0.220871403
10/24/1986,131,3.709506904
10/25/1986,157,4.445744915
10/26/1986,92,2.605149886
10/27/1986,53,1.500792869
10/28/1986,35,0.991089631
10/29/1986,24,0.679604318
10/30/1986,18,0.509703239
10/31/1986,14,0.396435852
11/1/1986,12,0.339802159
11/2/1986,10,0.283168466
11/3/1986,9.6,0.271841727
11/4/1986,9.1,0.257683304
11/5/1986,302,8.551687671
11/6/1986,428,12.11961034
11/7/1986,166,4.700596534
11/8/1986,89,2.520199347
11/9/1986,80,2.265347727
11/10/1986,80,2.265347727
11/11/1986,439,12.43109565
11/12/1986,996,28.20357921
11/13/1986,731,20.69961486
11/14/1986,202,5.720003012
11/15/1986,124,3.511288977
11/16/1986,95,2.690100426
11/17/1986,128,3.624556364
11/18/1986,189,5.351884006
11/19/1986,131,3.709506904
11/20/1986,193,5.465151392
11/21/1986,371,10.50555009
11/22/1986,210,5.946537784
11/23/1986,131,3.709506904
11/24/1986,101,2.860001506
11/25/1986,469,13.28060105
11/26/1986,1050,29.73268892
11/27/1986,737,20.86951594
11/28/1986,798,22.59684358
11/29/1986,748,21.18100125
11/30/1986,787,22.28535827
12/1/1986,528,14.951295
12/2/1986,315,8.919806676
12/3/1986,212,6.003171478
12/4/1986,157,4.445744915
12/5/1986,124,3.511288977
12/6/1986,102,2.888318352
12/7/1986,88,2.4918825
12/8/1986,82,2.321981421
12/9/1986,81,2.293664574
12/10/1986,79,2.237030881
12/11/1986,239,6.767726335
12/12/1986,310,8.778222444
12/13/1986,177,5.012081847
12/14/1986,115,3.256437358
12/15/1986,183,5.181982926
12/16/1986,708,20.04832739
12/17/1986,519,14.69644338
12/18/1986,312,8.834856137
12/19/1986,511,14.46990861
12/20/1986,484,13.70535375
12/21/1986,284,8.041984432
12/22/1986,234,6.626142103
12/23/1986,1630,46.15645994
12/24/1986,1670,47.28913381
12/25/1986,968,27.4107075
12/26/1986,391,11.07188702
12/27/1986,275,7.787132813
12/28/1986,215,6.088122017
12/29/1986,177,5.012081847
12/30/1986,153,4.332477529
12/31/1986,135,3.82277429
1/1/1987,120,3.398021591
1/2/1987,106,3.001585739
1/3/1987,126,3.567922671
1/4/1987,813,23.02159628
1/5/1987,558,15.8008004
1/6/1987,286,8.098618125
1/7/1987,197,5.578418779
1/8/1987,162,4.587329148
1/9/1987,139,3.936041676
1/10/1987,131,3.709506904
1/11/1987,142,4.020992216
1/12/1987,113,3.199803665
1/13/1987,94,2.66178358
1/14/1987,125,3.539605824
1/15/1987,284,8.041984432
1/16/1987,415,11.75149134
1/17/1987,597,16.90515742
1/18/1987,1290,36.5287321
1/19/1987,1000,28.31684659
1/20/1987,527,14.92297815
1/21/1987,471,13.33723474
1/22/1987,1690,47.85547074
1/23/1987,1150,32.56437358
1/24/1987,563,15.94238463
1/25/1987,1170,33.13071051
1/26/1987,808,22.88001205
1/27/1987,425,12.0346598
1/28/1987,297,8.410103438
1/29/1987,246,6.965944262
1/30/1987,210,5.946537784
1/31/1987,176,4.983765
2/1/1987,151,4.275843835
2/2/1987,274,7.758815966
2/3/1987,244,6.909310568
2/4/1987,171,4.842180767
2/5/1987,165,4.672279688
2/6/1987,362,10.25069847
2/7/1987,773,21.88892242
2/8/1987,578,16.36713733
2/9/1987,312,8.834856137
2/10/1987,207,5.861587245
2/11/1987,171,4.842180767
2/12/1987,152,4.304160682
2/13/1987,137,3.879407983
2/14/1987,121,3.426338438
2/15/1987,482,13.64872006
2/16/1987,946,26.78773688
2/17/1987,499,14.13010645
2/18/1987,260,7.362380114
2/19/1987,193,5.465151392
2/20/1987,190,5.380200852
2/21/1987,418,11.83644188
2/22/1987,1060,30.01585739
2/23/1987,850,24.0693196
2/24/1987,588,16.6503058
2/25/1987,748,21.18100125
2/26/1987,972,27.52397489
2/27/1987,1150,32.56437358
2/28/1987,1280,36.24556364
3/1/1987,980,27.75050966
3/2/1987,523,14.80971077
3/3/1987,327,9.259608836
3/4/1987,249,7.050894801
3/5/1987,201,5.691686165
3/6/1987,171,4.842180767
3/7/1987,228,6.456241023
3/8/1987,994,28.14694551
3/9/1987,724,20.50139693
3/10/1987,376,10.64713432
3/11/1987,242,6.852676875
3/12/1987,203,5.748319858
3/13/1987,177,5.012081847
3/14/1987,153,4.332477529
3/15/1987,138,3.90772483
3/16/1987,125,3.539605824
3/17/1987,119,3.369704744
3/18/1987,4470,126.5763043
3/19/1987,1370,38.79407983
3/20/1987,608,17.21664273
3/21/1987,309,8.749905597
3/22/1987,232,6.569508409
3/23/1987,190,5.380200852
3/24/1987,521,14.75307707
3/25/1987,349,9.882579461
3/26/1987,201,5.691686165
3/27/1987,178,5.040398693
3/28/1987,195,5.521785085
3/29/1987,613,17.35822696
3/30/1987,1460,41.34259602
3/31/1987,688,19.48199046
4/1/1987,321,9.089707756
4/2/1987,229,6.48455787
4/3/1987,320,9.061390909
4/4/1987,297,8.410103438
4/5/1987,195,5.521785085
4/6/1987,152,4.304160682
4/7/1987,129,3.65287321
4/8/1987,113,3.199803665
4/9/1987,99,2.803367813
4/10/1987,87,2.463565654
4/11/1987,77,2.180397188
4/12/1987,72,2.038812955
4/13/1987,80,2.265347727
4/14/1987,272,7.702182273
4/15/1987,196,5.550101932
4/16/1987,110,3.114853125
4/17/1987,76,2.152080341
4/18/1987,62,1.755644489
4/19/1987,53,1.500792869
4/20/1987,47,1.33089179
4/21/1987,42,1.189307557
4/22/1987,39,1.104357017
4/23/1987,37,1.047723324
4/24/1987,35,0.991089631
4/25/1987,33,0.934455938
4/26/1987,30,0.849505398
4/27/1987,27,0.764554858
4/28/1987,24,0.679604318
4/29/1987,22,0.622970625
4/30/1987,17,0.481386392
5/1/1987,16,0.453069545
5/2/1987,16,0.453069545
5/3/1987,19,0.538020085
5/4/1987,185,5.23861662
5/5/1987,210,5.946537784
5/6/1987,160,4.530695455
5/7/1987,119,3.369704744
5/8/1987,125,3.539605824
5/9/1987,94,2.66178358
5/10/1987,148,4.190893296
5/11/1987,174,4.927131307
5/12/1987,181,5.125349233
5/13/1987,465,13.16733367
5/14/1987,302,8.551687671
5/15/1987,279,7.900400199
5/16/1987,258,7.305746421
5/17/1987,613,17.35822696
5/18/1987,752,21.29426864
5/19/1987,274,7.758815966
5/20/1987,152,4.304160682
5/21/1987,114,3.228120511
5/22/1987,236,6.682775796
5/23/1987,1550,43.89111222
5/24/1987,1110,31.43169972
5/25/1987,641,18.15109867
5/26/1987,674,19.0855546
5/27/1987,298,8.438420284
5/28/1987,178,5.040398693
5/29/1987,127,3.596239517
5/30/1987,121,3.426338438
5/31/1987,93,2.633466733
6/1/1987,70,1.982179261
6/2/1987,56,1.585743409
6/3/1987,47,1.33089179
6/4/1987,42,1.189307557
6/5/1987,84,2.378615114
6/6/1987,58,1.642377102
6/7/1987,40,1.132673864
6/8/1987,32,0.906139091
6/9/1987,27,0.764554858
6/10/1987,23,0.651287472
6/11/1987,21,0.594653778
6/12/1987,21,0.594653778
6/13/1987,24,0.679604318
6/14/1987,139,3.936041676
6/15/1987,173,4.89881446
6/16/1987,113,3.199803665
6/17/1987,429,12.14792719
6/18/1987,168,4.757230227
6/19/1987,136,3.851091137
6/20/1987,166,4.700596534
6/21/1987,174,4.927131307
6/22/1987,98,2.775050966
6/23/1987,63,1.783961335
6/24/1987,47,1.33089179
6/25/1987,175,4.955448154
6/26/1987,217,6.14475571
6/27/1987,770,21.80397188
6/28/1987,246,6.965944262
6/29/1987,103,2.916635199
6/30/1987,78,2.208714034
7/1/1987,64,1.812278182
7/2/1987,64,1.812278182
7/3/1987,353,9.995846847
7/4/1987,221,6.258023097
7/5/1987,126,3.567922671
7/6/1987,75,2.123763494
7/7/1987,177,5.012081847
7/8/1987,257,7.277429574
7/9/1987,133,3.766140597
7/10/1987,81,2.293664574
7/11/1987,52,1.472476023
7/12/1987,39,1.104357017
7/13/1987,31,0.877822244
7/14/1987,24,0.679604318
7/15/1987,20,0.566336932
7/16/1987,17,0.481386392
7/17/1987,15,0.424752699
7/18/1987,13,0.368119006
7/19/1987,12,0.339802159
7/20/1987,10,0.283168466
7/21/1987,11,0.311485313
7/22/1987,11,0.311485313
7/23/1987,12,0.339802159
7/24/1987,24,0.679604318
7/25/1987,49,1.387525483
7/26/1987,25,0.707921165
7/27/1987,21,0.594653778
7/28/1987,17,0.481386392
7/29/1987,15,0.424752699
7/30/1987,12,0.339802159
7/31/1987,22,0.622970625
8/1/1987,21,0.594653778
8/2/1987,15,0.424752699
8/3/1987,664,18.80238614
8/4/1987,830,23.50298267
8/5/1987,198,5.606735625
8/6/1987,165,4.672279688
8/7/1987,167,4.728913381
8/8/1987,199,5.635052472
8/9/1987,85,2.40693196
8/10/1987,57,1.614060256
8/11/1987,49,1.387525483
8/12/1987,1550,43.89111222
8/13/1987,4450,126.0099673
8/14/1987,4340,122.8951142
8/15/1987,4590,129.9743259
8/16/1987,2080,58.89904091
8/17/1987,992,28.09031182
8/18/1987,413,11.69485764
8/19/1987,263,7.447330654
8/20/1987,188,5.323567159
8/21/1987,142,4.020992216
8/22/1987,110,3.114853125
8/23/1987,90,2.548516193
8/24/1987,77,2.180397188
8/25/1987,67,1.897228722
8/26/1987,60,1.699010796
8/27/1987,55,1.557426563
8/28/1987,58,1.642377102
8/29/1987,83,2.350298267
8/30/1987,66,1.868911875
8/31/1987,53,1.500792869
9/1/1987,48,1.359208636
9/2/1987,45,1.274258097
9/3/1987,43,1.217624403
9/4/1987,41,1.16099071
9/5/1987,40,1.132673864
9/6/1987,40,1.132673864
9/7/1987,39,1.104357017
9/8/1987,38,1.07604017
9/9/1987,38,1.07604017
9/10/1987,38,1.07604017
9/11/1987,38,1.07604017
9/12/1987,38,1.07604017
9/13/1987,37,1.047723324
9/14/1987,37,1.047723324
9/15/1987,37,1.047723324
9/16/1987,37,1.047723324
9/17/1987,37,1.047723324
9/18/1987,37,1.047723324
9/19/1987,37,1.047723324
9/20/1987,153,4.332477529
9/21/1987,56,1.585743409
9/22/1987,38,1.07604017
9/23/1987,34,0.962772784
9/24/1987,33,0.934455938
9/25/1987,32,0.906139091
9/26/1987,32,0.906139091
9/27/1987,32,0.906139091
9/28/1987,32,0.906139091
9/29/1987,32,0.906139091
9/30/1987,32,0.906139091
10/1/1987,33,0.934455938
10/2/1987,27,0.764554858
10/3/1987,19,0.538020085
10/4/1987,15,0.424752699
10/5/1987,12,0.339802159
10/6/1987,11,0.311485313
10/7/1987,10,0.283168466
10/8/1987,9,0.254851619
10/9/1987,8.5,0.240693196
10/10/1987,8,0.226534773
10/11/1987,8.3,0.235029827
10/12/1987,7.8,0.220871403
10/13/1987,7.5,0.212376349
10/14/1987,7.2,0.203881295
10/15/1987,7,0.198217926
10/16/1987,6.9,0.195386241
10/17/1987,7.1,0.201049611
10/18/1987,7.2,0.203881295
10/19/1987,7.2,0.203881295
10/20/1987,7.2,0.203881295
10/21/1987,7.1,0.201049611
10/22/1987,6.7,0.189722872
10/23/1987,6.7,0.189722872
10/24/1987,6.9,0.195386241
10/25/1987,7.3,0.20671298
10/26/1987,7.3,0.20671298
10/27/1987,7.7,0.218039719
10/28/1987,7.3,0.20671298
10/29/1987,7.2,0.203881295
10/30/1987,7.3,0.20671298
10/31/1987,7.1,0.201049611
11/1/1987,7.2,0.203881295
11/2/1987,7.2,0.203881295
11/3/1987,7,0.198217926
11/4/1987,8.7,0.246356565
11/5/1987,10,0.283168466
11/6/1987,13,0.368119006
11/7/1987,12,0.339802159
11/8/1987,10,0.283168466
11/9/1987,11,0.311485313
11/10/1987,13,0.368119006
11/11/1987,17,0.481386392
11/12/1987,15,0.424752699
11/13/1987,14,0.396435852
11/14/1987,13,0.368119006
11/15/1987,13,0.368119006
11/16/1987,14,0.396435852
11/17/1987,99,2.803367813
11/18/1987,118,3.341387898
11/19/1987,73,2.067129801
11/20/1987,40,1.132673864
11/21/1987,28,0.792871705
11/22/1987,22,0.622970625
11/23/1987,19,0.538020085
11/24/1987,17,0.481386392
11/25/1987,15,0.424752699
11/26/1987,15,0.424752699
11/27/1987,17,0.481386392
11/28/1987,20,0.566336932
11/29/1987,25,0.707921165
11/30/1987,28,0.792871705
12/1/1987,26,0.736238011
12/2/1987,21,0.594653778
12/3/1987,18,0.509703239
12/4/1987,16,0.453069545
12/5/1987,15,0.424752699
12/6/1987,14,0.396435852
12/7/1987,43,1.217624403
12/8/1987,311,8.80653929
12/9/1987,255,7.220795881
12/10/1987,105,2.973268892
12/11/1987,62,1.755644489
12/12/1987,47,1.33089179
12/13/1987,39,1.104357017
12/14/1987,35,0.991089631
12/15/1987,34,0.962772784
12/16/1987,39,1.104357017
12/17/1987,49,1.387525483
12/18/1987,37,1.047723324
12/19/1987,30,0.849505398
12/20/1987,27,0.764554858
12/21/1987,111,3.143169972
12/22/1987,596,16.87684057
12/23/1987,426,12.06297665
12/24/1987,183,5.181982926
12/25/1987,125,3.539605824
12/26/1987,100,2.831684659
12/27/1987,85,2.40693196
12/28/1987,117,3.313071051
12/29/1987,134,3.794457443
12/30/1987,90,2.548516193
12/31/1987,67,1.897228722
1/1/1988,80,2.265347727
1/2/1988,223,6.31465679
1/3/1988,226,6.39960733
1/4/1988,144,4.077625909
1/5/1988,102,2.888318352
1/6/1988,77,2.180397188
1/7/1988,68,1.925545568
1/8/1988,121,3.426338438
1/9/1988,126,3.567922671
1/10/1988,87,2.463565654
1/11/1988,68,1.925545568
1/12/1988,59,1.670693949
1/13/1988,57,1.614060256
1/14/1988,75,2.123763494
1/15/1988,70,1.982179261
1/16/1988,57,1.614060256
1/17/1988,160,4.530695455
1/18/1988,338,9.571094148
1/19/1988,287,8.126934972
1/20/1988,524,14.83802761
1/21/1988,473,13.39386844
1/22/1988,227,6.427924176
1/23/1988,148,4.190893296
1/24/1988,122,3.454655284
1/25/1988,204,5.776636705
1/26/1988,212,6.003171478
1/27/1988,131,3.709506904
1/28/1988,98,2.775050966
1/29/1988,83,2.350298267
1/30/1988,76,2.152080341
1/31/1988,73,2.067129801
2/1/1988,189,5.351884006
2/2/1988,1060,30.01585739
2/3/1988,650,18.40595028
2/4/1988,616,17.4431775
2/5/1988,813,23.02159628
2/6/1988,876,24.80555761
2/7/1988,608,17.21664273
2/8/1988,359,10.16574793
2/9/1988,266,7.532281193
2/10/1988,207,5.861587245
2/11/1988,171,4.842180767
2/12/1988,160,4.530695455
2/13/1988,144,4.077625909
2/14/1988,122,3.454655284
2/15/1988,1040,29.44952046
2/16/1988,936,26.50456841
2/17/1988,534,15.12119608
2/18/1988,1160,32.84754205
2/19/1988,2300,65.12874716
2/20/1988,1370,38.79407983
2/21/1988,586,16.5936721
2/22/1988,334,9.457826762
2/23/1988,261,7.390696961
2/24/1988,255,7.220795881
2/25/1988,223,6.31465679
2/26/1988,173,4.89881446
2/27/1988,146,4.134259602
2/28/1988,132,3.73782375
2/29/1988,121,3.426338438
3/1/1988,109,3.086536279
3/2/1988,98,2.775050966
3/3/1988,980,27.75050966
3/4/1988,3690,104.4891639
3/5/1988,2300,65.12874716
3/6/1988,823,23.30476475
3/7/1988,411,11.63822395
3/8/1988,311,8.80653929
3/9/1988,326,9.231291989
3/10/1988,367,10.3922827
3/11/1988,265,7.503964347
3/12/1988,203,5.748319858
3/13/1988,180,5.097032387
3/14/1988,152,4.304160682
3/15/1988,126,3.567922671
3/16/1988,112,3.171486818
3/17/1988,104,2.944952046
3/18/1988,198,5.606735625
3/19/1988,264,7.4756475
3/20/1988,170,4.813863921
3/21/1988,122,3.454655284
3/22/1988,102,2.888318352
3/23/1988,92,2.605149886
3/24/1988,90,2.548516193
3/25/1988,638,18.06614813
3/26/1988,1810,51.25349233
3/27/1988,1090,30.86536279
3/28/1988,448,12.68594727
3/29/1988,258,7.305746421
3/30/1988,1050,29.73268892
3/31/1988,1070,30.29902585
4/1/1988,1250,35.39605824
4/2/1988,3730,105.6218378
4/3/1988,3170,89.7644037
4/4/1988,1360,38.51091137
4/5/1988,577,16.33882048
4/6/1988,429,12.14792719
4/7/1988,337,9.542777302
4/8/1988,250,7.079211648
4/9/1988,203,5.748319858
4/10/1988,181,5.125349233
4/11/1988,160,4.530695455
4/12/1988,140,3.964358523
4/13/1988,130,3.681190057
4/14/1988,120,3.398021591
4/15/1988,110,3.114853125
4/16/1988,100,2.831684659
4/17/1988,110,3.114853125
4/18/1988,130,3.681190057
4/19/1988,166,4.700596534
4/20/1988,151,4.275843835
4/21/1988,130,3.681190057
4/22/1988,110,3.114853125
4/23/1988,100,2.831684659
4/24/1988,110,3.114853125
4/25/1988,100,2.831684659
4/26/1988,84,2.378615114
4/27/1988,68,1.925545568
4/28/1988,54,1.529109716
4/29/1988,47,1.33089179
4/30/1988,40,1.132673864
5/1/1988,35,0.991089631
5/2/1988,32,0.906139091
5/3/1988,27,0.764554858
5/4/1988,25,0.707921165
5/5/1988,23,0.651287472
5/6/1988,22,0.622970625
5/7/1988,21,0.594653778
5/8/1988,20,0.566336932
5/9/1988,19,0.538020085
5/10/1988,19,0.538020085
5/11/1988,20,0.566336932
5/12/1988,20,0.566336932
5/13/1988,20,0.566336932
5/14/1988,19,0.538020085
5/15/1988,18,0.509703239
5/16/1988,17,0.481386392
5/17/1988,15,0.424752699
5/18/1988,14,0.396435852
5/19/1988,13,0.368119006
5/20/1988,12,0.339802159
5/21/1988,17,0.481386392
5/22/1988,27,0.764554858
5/23/1988,29,0.821188551
5/24/1988,32,0.906139091
5/25/1988,27,0.764554858
5/26/1988,20,0.566336932
5/27/1988,21,0.594653778
5/28/1988,19,0.538020085
5/29/1988,15,0.424752699
5/30/1988,12,0.339802159
5/31/1988,11,0.311485313
6/1/1988,9.8,0.277505097
6/2/1988,9.6,0.271841727
6/3/1988,9.5,0.269010043
6/4/1988,10,0.283168466
6/5/1988,14,0.396435852
6/6/1988,14,0.396435852
6/7/1988,11,0.311485313
6/8/1988,10,0.283168466
6/9/1988,12,0.339802159
6/10/1988,25,0.707921165
6/11/1988,18,0.509703239
6/12/1988,14,0.396435852
6/13/1988,12,0.339802159
6/14/1988,10,0.283168466
6/15/1988,8.7,0.246356565
6/16/1988,7.7,0.218039719
6/17/1988,7,0.198217926
6/18/1988,6.6,0.186891188
6/19/1988,6.1,0.172732764
6/20/1988,5.8,0.16423771
6/21/1988,5.8,0.16423771
6/22/1988,8.6,0.243524881
6/23/1988,16,0.453069545
6/24/1988,12,0.339802159
6/25/1988,10,0.283168466
6/26/1988,9.2,0.260514989
6/27/1988,9.1,0.257683304
6/28/1988,9.1,0.257683304
6/29/1988,8.2,0.232198142
6/30/1988,8.6,0.243524881
7/1/1988,15,0.424752699
7/2/1988,11,0.311485313
7/3/1988,8.3,0.235029827
7/4/1988,13,0.368119006
7/5/1988,30,0.849505398
7/6/1988,33,0.934455938
7/7/1988,26,0.736238011
7/8/1988,18,0.509703239
7/9/1988,16,0.453069545
7/10/1988,13,0.368119006
7/11/1988,15,0.424752699
7/12/1988,15,0.424752699
7/13/1988,14,0.396435852
7/14/1988,16,0.453069545
7/15/1988,12,0.339802159
7/16/1988,9.7,0.274673412
7/17/1988,15,0.424752699
7/18/1988,25,0.707921165
7/19/1988,31,0.877822244
7/20/1988,35,0.991089631
7/21/1988,28,0.792871705
7/22/1988,35,0.991089631
7/23/1988,141,3.992675369
7/24/1988,69,1.953862415
7/25/1988,37,1.047723324
7/26/1988,32,0.906139091
7/27/1988,32,0.906139091
7/28/1988,89,2.520199347
7/29/1988,52,1.472476023
7/30/1988,25,0.707921165
7/31/1988,21,0.594653778
8/1/1988,99,2.803367813
8/2/1988,62,1.755644489
8/3/1988,43,1.217624403
8/4/1988,29,0.821188551
8/5/1988,21,0.594653778
8/6/1988,27,0.764554858
8/7/1988,102,2.888318352
8/8/1988,265,7.503964347
8/9/1988,830,23.50298267
8/10/1988,556,15.74416671
8/11/1988,430,12.17624403
8/12/1988,291,8.240202358
8/13/1988,294,8.325152898
8/14/1988,321,9.089707756
8/15/1988,187,5.295250313
8/16/1988,133,3.766140597
8/17/1988,748,21.18100125
8/18/1988,841,23.81446798
8/19/1988,391,11.07188702
8/20/1988,244,6.909310568
8/21/1988,516,14.61149284
8/22/1988,1510,42.75843835
8/23/1988,534,15.12119608
8/24/1988,204,5.776636705
8/25/1988,132,3.73782375
8/26/1988,89,2.520199347
8/27/1988,63,1.783961335
8/28/1988,48,1.359208636
8/29/1988,39,1.104357017
8/30/1988,37,1.047723324
8/31/1988,33,0.934455938
9/1/1988,34,0.962772784
9/2/1988,93,2.633466733
9/3/1988,280,7.928717046
9/4/1988,1500,42.47526989
9/5/1988,1670,47.28913381
9/6/1988,797,22.56852673
9/7/1988,258,7.305746421
9/8/1988,151,4.275843835
9/9/1988,113,3.199803665
9/10/1988,784,22.20040773
9/11/1988,616,17.4431775
9/12/1988,476,13.47881898
9/13/1988,389,11.01525332
9/14/1988,220,6.22970625
9/15/1988,145,4.105942756
9/16/1988,1050,29.73268892
9/17/1988,2640,74.756475
9/18/1988,1270,35.96239517
9/19/1988,462,13.08238313
9/20/1988,282,7.985350739
9/21/1988,204,5.776636705
9/22/1988,155,4.389111222
9/23/1988,122,3.454655284
9/24/1988,103,2.916635199
9/25/1988,89,2.520199347
9/26/1988,80,2.265347727
9/27/1988,77,2.180397188
9/28/1988,72,2.038812955
9/29/1988,87,2.463565654
9/30/1988,94,2.66178358
10/1/1988,165,4.672279688
10/2/1988,836,23.67288375
10/3/1988,603,17.07505849
10/4/1988,520,14.72476023
10/5/1988,230,6.512874716
10/6/1988,125,3.539605824
10/7/1988,91,2.57683304
10/8/1988,74,2.095446648
10/9/1988,64,1.812278182
10/10/1988,61,1.727327642
10/11/1988,61,1.727327642
10/12/1988,58,1.642377102
10/13/1988,53,1.500792869
10/14/1988,49,1.387525483
10/15/1988,47,1.33089179
10/16/1988,45,1.274258097
10/17/1988,43,1.217624403
10/18/1988,42,1.189307557
10/19/1988,40,1.132673864
10/20/1988,39,1.104357017
10/21/1988,38,1.07604017
10/22/1988,37,1.047723324
10/23/1988,36,1.019406477
10/24/1988,34,0.962772784
10/25/1988,33,0.934455938
10/26/1988,32,0.906139091
10/27/1988,32,0.906139091
10/28/1988,31,0.877822244
10/29/1988,30,0.849505398
10/30/1988,30,0.849505398
10/31/1988,29,0.821188551
11/1/1988,29,0.821188551
11/2/1988,28,0.792871705
11/3/1988,28,0.792871705
11/4/1988,27,0.764554858
11/5/1988,48,1.359208636
11/6/1988,64,1.812278182
11/7/1988,55,1.557426563
11/8/1988,40,1.132673864
11/9/1988,30,0.849505398
11/10/1988,25,0.707921165
11/11/1988,23,0.651287472
11/12/1988,22,0.622970625
11/13/1988,59,1.670693949
11/14/1988,88,2.4918825
11/15/1988,62,1.755644489
11/16/1988,55,1.557426563
11/17/1988,95,2.690100426
11/18/1988,71,2.010496108
11/19/1988,59,1.670693949
11/20/1988,283,8.013667586
11/21/1988,290,8.211885512
11/22/1988,131,3.709506904
11/23/1988,79,2.237030881
11/24/1988,59,1.670693949
11/25/1988,48,1.359208636
11/26/1988,42,1.189307557
11/27/1988,41,1.16099071
11/28/1988,52,1.472476023
11/29/1988,59,1.670693949
11/30/1988,49,1.387525483
12/1/1988,40,1.132673864
12/2/1988,34,0.962772784
12/3/1988,30,0.849505398
12/4/1988,28,0.792871705
12/5/1988,26,0.736238011
12/6/1988,25,0.707921165
12/7/1988,24,0.679604318
12/8/1988,24,0.679604318
12/9/1988,24,0.679604318
12/10/1988,25,0.707921165
12/11/1988,420,11.89307557
12/12/1988,444,12.57267989
12/13/1988,247,6.994261108
12/14/1988,135,3.82277429
12/15/1988,98,2.775050966
12/16/1988,83,2.350298267
12/17/1988,74,2.095446648
12/18/1988,64,1.812278182
12/19/1988,55,1.557426563
12/20/1988,50,1.41584233
12/21/1988,47,1.33089179
12/22/1988,46,1.302574943
12/23/1988,68,1.925545568
12/24/1988,383,10.84535224
12/25/1988,335,9.486143608
12/26/1988,180,5.097032387
12/27/1988,117,3.313071051
12/28/1988,97,2.746734119
12/29/1988,93,2.633466733
12/30/1988,84,2.378615114
12/31/1988,163,4.615645994
1/1/1989,144,4.077625909
1/2/1989,117,3.313071051
1/3/1989,90,2.548516193
1/4/1989,76,2.152080341
1/5/1989,64,1.812278182
1/6/1989,57,1.614060256
1/7/1989,54,1.529109716
1/8/1989,51,1.444159176
1/9/1989,46,1.302574943
1/10/1989,43,1.217624403
1/11/1989,50,1.41584233
1/12/1989,66,1.868911875
1/13/1989,133,3.766140597
1/14/1989,138,3.90772483
1/15/1989,248,7.022577955
1/16/1989,175,4.955448154
1/17/1989,110,3.114853125
1/18/1989,173,4.89881446
1/19/1989,570,16.14060256
1/20/1989,664,18.80238614
1/21/1989,687,19.45367361
1/22/1989,363,10.27901531
1/23/1989,214,6.059805171
1/24/1989,162,4.587329148
1/25/1989,132,3.73782375
1/26/1989,111,3.143169972
1/27/1989,99,2.803367813
1/28/1989,88,2.4918825
1/29/1989,78,2.208714034
1/30/1989,72,2.038812955
1/31/1989,67,1.897228722
2/1/1989,62,1.755644489
2/2/1989,59,1.670693949
2/3/1989,56,1.585743409
2/4/1989,51,1.444159176
2/5/1989,48,1.359208636
2/6/1989,49,1.387525483
2/7/1989,50,1.41584233
2/8/1989,47,1.33089179
2/9/1989,44,1.24594125
2/10/1989,39,1.104357017
2/11/1989,36,1.019406477
2/12/1989,35,0.991089631
2/13/1989,34,0.962772784
2/14/1989,34,0.962772784
2/15/1989,34,0.962772784
2/16/1989,34,0.962772784
2/17/1989,33,0.934455938
2/18/1989,32,0.906139091
2/19/1989,37,1.047723324
2/20/1989,47,1.33089179
2/21/1989,174,4.927131307
2/22/1989,248,7.022577955
2/23/1989,131,3.709506904
2/24/1989,74,2.095446648
2/25/1989,57,1.614060256
2/26/1989,49,1.387525483
2/27/1989,45,1.274258097
2/28/1989,47,1.33089179
3/1/1989,53,1.500792869
3/2/1989,220,6.22970625
3/3/1989,465,13.16733367
3/4/1989,270,7.64554858
3/5/1989,173,4.89881446
3/6/1989,238,6.739409489
3/7/1989,154,4.360794375
3/8/1989,108,3.058219432
3/9/1989,86,2.435248807
3/10/1989,72,2.038812955
3/11/1989,62,1.755644489
3/12/1989,54,1.529109716
3/13/1989,47,1.33089179
3/14/1989,43,1.217624403
3/15/1989,40,1.132673864
3/16/1989,37,1.047723324
3/17/1989,35,0.991089631
3/18/1989,33,0.934455938
3/19/1989,32,0.906139091
3/20/1989,29,0.821188551
3/21/1989,36,1.019406477
3/22/1989,94,2.66178358
3/23/1989,828,23.44634898
3/24/1989,606,17.16000903
3/25/1989,283,8.013667586
3/26/1989,160,4.530695455
3/27/1989,120,3.398021591
3/28/1989,96,2.718417273
3/29/1989,249,7.050894801
3/30/1989,1590,45.02378608
3/31/1989,939,26.58951895
4/1/1989,347,9.825945767
4/2/1989,191,5.408517699
4/3/1989,144,4.077625909
4/4/1989,130,3.681190057
4/5/1989,1660,47.00596534
4/6/1989,956,27.07090534
4/7/1989,399,11.29842179
4/8/1989,237,6.711092642
4/9/1989,173,4.89881446
4/10/1989,144,4.077625909
4/11/1989,127,3.596239517
4/12/1989,110,3.114853125
4/13/1989,96,2.718417273
4/14/1989,86,2.435248807
4/15/1989,79,2.237030881
4/16/1989,73,2.067129801
4/17/1989,65,1.840595028
4/18/1989,58,1.642377102
4/19/1989,59,1.670693949
4/20/1989,260,7.362380114
4/21/1989,175,4.955448154
4/22/1989,97,2.746734119
4/23/1989,67,1.897228722
4/24/1989,53,1.500792869
4/25/1989,45,1.274258097
4/26/1989,39,1.104357017
4/27/1989,34,0.962772784
4/28/1989,36,1.019406477
4/29/1989,109,3.086536279
4/30/1989,141,3.992675369
5/1/1989,229,6.48455787
5/2/1989,234,6.626142103
5/3/1989,118,3.341387898
5/4/1989,85,2.40693196
5/5/1989,828,23.44634898
5/6/1989,684,19.36872307
5/7/1989,251,7.107528495
5/8/1989,125,3.539605824
5/9/1989,90,2.548516193
5/10/1989,74,2.095446648
5/11/1989,75,2.123763494
5/12/1989,85,2.40693196
5/13/1989,62,1.755644489
5/14/1989,58,1.642377102
5/15/1989,63,1.783961335
5/16/1989,56,1.585743409
5/17/1989,47,1.33089179
5/18/1989,43,1.217624403
5/19/1989,452,12.79921466
5/20/1989,1380,39.0772483
5/21/1989,683,19.34040622
5/22/1989,295,8.353469745
5/23/1989,272,7.702182273
5/24/1989,207,5.861587245
5/25/1989,122,3.454655284
5/26/1989,90,2.548516193
5/27/1989,70,1.982179261
5/28/1989,57,1.614060256
5/29/1989,47,1.33089179
5/30/1989,40,1.132673864
5/31/1989,36,1.019406477
6/1/1989,33,0.934455938
6/2/1989,31,0.877822244
6/3/1989,226,6.39960733
6/4/1989,639,18.09446497
6/5/1989,735,20.81288225
6/6/1989,1010,28.60001506
6/7/1989,573,16.2255531
6/8/1989,1150,32.56437358
6/9/1989,778,22.03050665
6/10/1989,346,9.797628921
6/11/1989,199,5.635052472
6/12/1989,141,3.992675369
6/13/1989,121,3.426338438
6/14/1989,106,3.001585739
6/15/1989,234,6.626142103
6/16/1989,381,10.78871855
6/17/1989,205,5.804953551
6/18/1989,116,3.284754205
6/19/1989,355,10.05248054
6/20/1989,286,8.098618125
6/21/1989,241,6.824360029
6/22/1989,182,5.15366608
6/23/1989,257,7.277429574
6/24/1989,346,9.797628921
6/25/1989,288,8.155251818
6/26/1989,120,3.398021591
6/27/1989,100,2.831684659
6/28/1989,128,3.624556364
6/29/1989,288,8.155251818
6/30/1989,623,17.64139543
7/1/1989,256,7.249112728
7/2/1989,1610,45.59012301
7/3/1989,1980,56.06735625
7/4/1989,2650,75.03964347
7/5/1989,2630,74.47330654
7/6/1989,1390,39.36041676
7/7/1989,879,24.89050815
7/8/1989,759,21.49248656
7/9/1989,721,20.41644639
7/10/1989,429,12.14792719
7/11/1989,291,8.240202358
7/12/1989,205,5.804953551
7/13/1989,158,4.474061762
7/14/1989,268,7.588914887
7/15/1989,301,8.523370824
7/16/1989,243,6.880993722
7/17/1989,235,6.654458949
7/18/1989,160,4.530695455
7/19/1989,123,3.482972131
7/20/1989,108,3.058219432
7/21/1989,90,2.548516193
7/22/1989,240,6.796043182
7/23/1989,216,6.116438864
7/24/1989,433,12.26119457
7/25/1989,654,18.51921767
7/26/1989,464,13.13901682
7/27/1989,229,6.48455787
7/28/1989,173,4.89881446
7/29/1989,234,6.626142103
7/30/1989,121,3.426338438
7/31/1989,104,2.944952046
8/1/1989,203,5.748319858
8/2/1989,139,3.936041676
8/3/1989,94,2.66178358
8/4/1989,66,1.868911875
8/5/1989,58,1.642377102
8/6/1989,58,1.642377102
8/7/1989,55,1.557426563
8/8/1989,51,1.444159176
8/9/1989,54,1.529109716
8/10/1989,57,1.614060256
8/11/1989,50,1.41584233
8/12/1989,44,1.24594125
8/13/1989,39,1.104357017
8/14/1989,36,1.019406477
8/15/1989,33,0.934455938
8/16/1989,30,0.849505398
8/17/1989,27,0.764554858
8/18/1989,25,0.707921165
8/19/1989,22,0.622970625
8/20/1989,20,0.566336932
8/21/1989,18,0.509703239
8/22/1989,16,0.453069545
8/23/1989,14,0.396435852
8/24/1989,13,0.368119006
8/25/1989,13,0.368119006
8/26/1989,13,0.368119006
8/27/1989,15,0.424752699
8/28/1989,21,0.594653778
8/29/1989,29,0.821188551
8/30/1989,57,1.614060256
8/31/1989,35,0.991089631
9/1/1989,22,0.622970625
9/2/1989,17,0.481386392
9/3/1989,15,0.424752699
9/4/1989,18,0.509703239
9/5/1989,18,0.509703239
9/6/1989,17,0.481386392
9/7/1989,17,0.481386392
9/8/1989,17,0.481386392
9/9/1989,17,0.481386392
9/10/1989,38,1.07604017
9/11/1989,27,0.764554858
9/12/1989,22,0.622970625
9/13/1989,20,0.566336932
9/14/1989,20,0.566336932
9/15/1989,19,0.538020085
9/16/1989,20,0.566336932
9/17/1989,18,0.509703239
9/18/1989,18,0.509703239
9/19/1989,17,0.481386392
9/20/1989,17,0.481386392
9/21/1989,16,0.453069545
9/22/1989,15,0.424752699
9/23/1989,15,0.424752699
9/24/1989,14,0.396435852
9/25/1989,14,0.396435852
9/26/1989,14,0.396435852
9/27/1989,13,0.368119006
9/28/1989,14,0.396435852
9/29/1989,38,1.07604017
9/30/1989,,4.486450382
10/1/1989,,5.487273929
10/2/1989,,2.499846613
10/3/1989,,1.519080833
10/4/1989,,1.06158678
10/5/1989,,0.735058143
10/6/1989,,0.571646341
10/7/1989,,0.458083987
10/8/1989,,0.454839348
10/9/1989,,0.641376575
10/10/1989,,0.545974884
10/11/1989,,0.450573192
10/12/1989,,0.3551715
10/13/1989,,0.259769808
10/14/1989,,0.426404515
10/15/1989,,1.10612682
10/16/1989,,0.69907215
10/17/1989,,1.552412121
10/18/1989,,2.911915725
10/19/1989,,2.223167425
10/20/1989,,1.593117588
10/21/1989,,1.00465812
10/22/1989,,0.747151796
10/23/1989,,0.606747432
10/24/1989,,0.523271728
10/25/1989,,0.44952994
10/26/1989,,0.40086036
10/27/1989,,0.350715944
10/28/1989,,0.311485313
10/29/1989,,0.281937299
10/30/1989,,0.262815732
10/31/1989,,0.251488994
11/1/1989,,0.237507551
11/2/1989,,0.282519538
11/3/1989,,0.541264724
11/4/1989,,0.727978931
11/5/1989,,0.871038
11/6/1989,,0.630049837
11/7/1989,,0.60586253
11/8/1989,,32.13608128
11/9/1989,,63.20261166
11/10/1989,,32.37883924
11/11/1989,,8.640767751
11/12/1989,,4.948073975
11/13/1989,,3.582671028
11/14/1989,,2.902771743
11/15/1989,,5.164874832
11/16/1989,,30.45742321
11/17/1989,,21.23910978
11/18/1989,,8.993548464
11/19/1989,,5.210299773
11/20/1989,,4.008898563
11/21/1989,,3.307761643
11/22/1989,,2.95173629
11/23/1989,,9.179672737
11/24/1989,,8.884410618
11/25/1989,,5.097622321
11/26/1989,,3.807141031
11/27/1989,,3.255257489
11/28/1989,,4.293246897
11/29/1989,,8.183568665
11/30/1989,,5.402028422
12/1/1989,,3.585915667
12/2/1989,,2.8160514
12/3/1989,,2.421680318
12/4/1989,,2.092496976
12/5/1989,,1.896048853
12/6/1989,,1.814637919
12/7/1989,,3.330179146
12/8/1989,,29.68962372
12/9/1989,,29.14924389
12/10/1989,,17.15882917
12/11/1989,,8.106582238
12/12/1989,,7.426093019
12/13/1989,,11.00138987
12/14/1989,,7.769139817
12/15/1989,,5.343624926
12/16/1989,,4.645732644
12/17/1989,,4.540429371
12/18/1989,,3.694463579
12/19/1989,,3.864069691
12/20/1989,,6.138266433
12/21/1989,,5.776931672
12/22/1989,,3.97910688
12/23/1989,,3.064413742
12/24/1989,,2.511350332
12/25/1989,,2.306938096
12/26/1989,,2.493357336
12/27/1989,,2.6337617
12/28/1989,,2.526393657
12/29/1989,,2.358557347
12/30/1989,,2.440853183
12/31/1989,,9.216248664
1/1/1990,,30.55948185
1/2/1990,,14.6855296
1/3/1990,,7.245573122
1/4/1990,,5.699945245
1/5/1990,,8.697230173
1/6/1990,,19.93034053
1/7/1990,,22.61247684
1/8/1990,,26.09485904
1/9/1990,,16.96680555
1/10/1990,,9.257839033
1/11/1990,,6.856511448
1/12/1990,,5.514410907
1/13/1990,,4.531580356
1/14/1990,,3.818939717
1/15/1990,,3.482677164
1/16/1990,,3.31425092
1/17/1990,,3.187415045
1/18/1990,,3.454655284
1/19/1990,,6.979512751
1/20/1990,,6.67097711
1/21/1990,,46.4738446
1/22/1990,,32.6971088
1/23/1990,,16.04857281
1/24/1990,,8.775862706
1/25/1990,,19.53360971
1/26/1990,,30.19519742
1/27/1990,,17.68239586
1/28/1990,,9.177607967
1/29/1990,,8.28769207
1/30/1990,,10.50584505
1/31/1990,,7.770909619
2/1/1990,,5.932084394
2/2/1990,,5.192601744
2/3/1990,,4.860468731
2/4/1990,,14.60677337
2/5/1990,,15.95477325
2/6/1990,,8.603011955
2/7/1990,,12.36797268
2/8/1990,,9.880809658
2/9/1990,,13.42454502
2/10/1990,,19.58965347
2/11/1990,,32.34314822
2/12/1990,,21.44647169
2/13/1990,,9.546611874
2/14/1990,,7.354416001
2/15/1990,,33.57139144
2/16/1990,,34.99490291
2/17/1990,,27.76938756
2/18/1990,,13.74251961
2/19/1990,,42.75135914
2/20/1990,,39.86186092
2/21/1990,,23.48321987
2/22/1990,,56.8841203
2/23/1990,,52.41271324
2/24/1990,,29.13921501
2/25/1990,,12.71308425
2/26/1990,,9.299134434
2/27/1990,,7.727844415
2/28/1990,,6.775395481
3/1/1990,,6.053315893
3/2/1990,,6.955915378
3/3/1990,,11.10639817
3/4/1990,,7.355005935
3/5/1990,,5.117680087
3/6/1990,,4.375247766
3/7/1990,,3.963178654
3/8/1990,,3.686499466
3/9/1990,,3.530166875
3/10/1990,,3.548749806
3/11/1990,,3.401561197
3/12/1990,,3.154378723
3/13/1990,,2.958225567
3/14/1990,,2.807497353
3/15/1990,,5.510281367
3/16/1990,,41.51603671
3/17/1990,,54.61021852
3/18/1990,,35.6936801
3/19/1990,,14.2805397
3/20/1990,,8.413643044
3/21/1990,,6.393707987
3/22/1990,,5.412647239
3/23/1990,,4.774928257
3/24/1990,,4.255196135
3/25/1990,,3.778824184
3/26/1990,,3.340797964
3/27/1990,,2.978873268
3/28/1990,,2.703373948
3/29/1990,,2.564149452
3/30/1990,,2.859706539
3/31/1990,,10.89313692
4/1/1990,,8.484730127
4/2/1990,,4.52391121
4/3/1990,,3.347877175
4/4/1990,,2.73316563
4/5/1990,,2.319031749
4/6/1990,,2.054446214
4/7/1990,,1.902243163
4/8/1990,,1.833515817
4/9/1990,,4.869007253
4/10/1990,,7.90449869
4/11/1990,,10.93999013
4/12/1990,,6.64502
4/13/1990,,3.181810669
4/14/1990,,2.269477267
4/15/1990,,29.3566058
4/16/1990,,12.10014251
4/17/1990,,5.581663417
4/18/1990,,3.709211936
4/19/1990,,2.839943739
4/20/1990,,2.416665876
4/21/1990,,2.176562615
4/22/1990,,2.048546871
4/23/1990,,8.764358987
4/24/1990,,8.274713515
4/25/1990,,3.960228983
4/26/1990,,2.551465865
4/27/1990,,2.003711864
4/28/1990,,2.234966111
4/29/1990,,2.585387087
4/30/1990,,2.288001205
5/1/1990,,1.875693015
5/2/1990,,1.463384825
5/3/1990,,1.051076635
5/4/1990,,0.963952653
5/5/1990,,1.056277371
5/6/1990,,1.056277371
5/7/1990,,0.927376726
5/8/1990,,0.781073018
5/9/1990,,2.955275896
5/10/1990,,7.839341999
5/11/1990,,5.20852997
5/12/1990,,2.12523833
5/13/1990,,51.53135139
5/14/1990,,164.6241172
5/15/1990,,61.32042626
5/16/1990,,15.09346917
5/17/1990,,8.232828179
5/18/1990,,5.889314157
5/19/1990,,4.467277517
5/20/1990,,3.81864475
5/21/1990,,4.712100253
5/22/1990,,5.520015283
5/23/1990,,7.484496515
5/24/1990,,3.872328771
5/25/1990,,2.658538941
5/26/1990,,2.127598067
5/27/1990,,1.801364397
5/28/1990,,1.783961335
5/29/1990,,3.55759882
5/30/1990,,3.498015456
5/31/1990,,2.163289093
6/1/1990,,1.696356091
6/2/1990,,12.61456522
6/3/1990,,6.934677744
6/4/1990,,4.115971639
6/5/1990,,2.45560154
6/6/1990,,3.464094233
6/7/1990,,2.20399456
6/8/1990,,1.611700519
6/9/1990,,1.444159176
6/10/1990,,1.697240993
6/11/1990,,1.954747316
6/12/1990,,1.993093046
6/13/1990,,1.410237954
6/14/1990,,1.043298817
6/15/1990,,0.869563164
6/16/1990,,0.758655515
6/17/1990,,0.679014384
6/18/1990,,0.596718548
6/19/1990,,0.56132249
6/20/1990,,0.51471768
6/21/1990,,1.901358262
6/22/1990,,1.085479119
6/23/1990,,0.796116343
6/24/1990,,0.915873007
6/25/1990,,2.16151929
6/26/1990,,1.242696611
6/27/1990,,0.817059011
6/28/1990,,0.603207826
6/29/1990,,0.479911556
6/30/1990,,0.443040662
7/1/1990,,0.405579834
7/2/1990,,0.396435852
7/3/1990,,0.396435852
7/4/1990,,0.376673053
7/5/1990,,0.37661406
7/6/1990,,0.363796961
7/7/1990,,0.350979862
7/8/1990,,0.547459034
7/9/1990,,0.68461876
7/10/1990,,0.463098429
7/11/1990,,0.440975892
7/12/1990,,0.752756172
7/13/1990,,0.877822244
7/14/1990,,0.841681006
7/15/1990,,0.805539768
7/16/1990,,0.769398529
7/17/1990,,0.733257291
7/18/1990,,0.697116052
7/19/1990,,0.660974814
7/20/1990,,0.624833575
7/21/1990,,0.683851845
7/22/1990,,0.610228044
7/23/1990,,0.536604243
7/24/1990,,0.462980442
7/25/1990,,0.389356641
7/26/1990,,0.312960148
7/27/1990,,0.270661859
7/28/1990,,0.248303349
7/29/1990,,0.217685758
7/30/1990,,0.20644751
7/31/1990,,0.207627378
8/1/1990,,0.178809088
8/2/1990,,0.161406026
8/3/1990,,0.251783961
8/4/1990,,0.319036472
8/5/1990,,0.23113626
8/6/1990,,0.225472891
8/7/1990,,0.241755078
8/8/1990,,0.350538963
8/9/1990,,0.367234104
8/10/1990,,0.259925054
8/11/1990,,0.206506503
8/12/1990,,0.174827031
8/13/1990,,0.152704495
8/14/1990,,0.133384146
8/15/1990,,0.109167343
8/16/1990,,0.102530582
8/17/1990,,0.08495054
8/18/1990,,0.078461262
8/19/1990,,0.085098023
8/20/1990,,0.117691894
8/21/1990,,0.1499613
8/22/1990,,0.318269557
8/23/1990,,2.373010738
8/24/1990,,1.490763986
8/25/1990,,0.606452465
8/26/1990,,0.346586404
8/27/1990,,0.297090915
8/28/1990,,0.259571094
8/29/1990,,0.183499065
8/30/1990,,0.147542569
8/31/1990,,0.680548213
9/1/1990,,0.910268631
9/2/1990,,0.556013082
9/3/1990,,0.384047232
9/4/1990,,0.290837612
9/5/1990,,0.278213018
9/6/1990,,0.248657309
9/7/1990,,0.232375122
9/8/1990,,0.197568998
9/9/1990,,0.158751321
9/10/1990,,0.12940209
9/11/1990,,0.110081741
9/12/1990,,0.115037189
9/13/1990,,0.148279987
9/14/1990,,0.1661255
9/15/1990,,0.375316204
9/16/1990,,0.674294909
9/17/1990,,0.394666049
9/18/1990,,0.239631314
9/19/1990,,0.165240599
9/20/1990,,0.132941695
9/21/1990,,0.119638677
9/22/1990,,0.105952201
9/23/1990,,0.100288832
9/24/1990,,0.082590803
9/25/1990,,0.074685683
9/26/1990,,0.075747565
9/27/1990,,0.073623801
9/28/1990,,0.073535311
9/29/1990,,0.084124632
9/30/1990,2.96,0.083817866
10/1/1990,2.8,0.07928717
10/2/1990,2.7,0.076455486
10/3/1990,3.5,0.099108963
10/4/1990,7.2,0.203881295
10/5/1990,7.8,0.220871403
10/6/1990,5.5,0.155742656
10/7/1990,5.4,0.152910972
10/8/1990,4.8,0.135920864
10/9/1990,4.1,0.116099071
10/10/1990,3.4,0.096277278
10/11/1990,3,0.08495054
10/12/1990,3,0.08495054
10/13/1990,2.8,0.07928717
10/14/1990,3,0.08495054
10/15/1990,3,0.08495054
10/16/1990,3,0.08495054
10/17/1990,3.1,0.087782224
10/18/1990,3.2,0.090613909
10/19/1990,2.9,0.082118855
10/20/1990,2.5,0.070792116
10/21/1990,3.2,0.090613909
10/22/1990,18,0.509703239
10/23/1990,14,0.396435852
10/24/1990,13,0.368119006
10/25/1990,9,0.254851619
10/26/1990,6.6,0.186891188
10/27/1990,5.6,0.158574341
10/28/1990,4.8,0.135920864
10/29/1990,4.2,0.118930756
10/30/1990,3.9,0.110435702
10/31/1990,3.6,0.101940648
11/1/1990,3.4,0.096277278
11/2/1990,3.3,0.093445594
11/3/1990,3.3,0.093445594
11/4/1990,3.5,0.099108963
11/5/1990,4.2,0.118930756
11/6/1990,3.6,0.101940648
11/7/1990,3.3,0.093445594
11/8/1990,3.6,0.101940648
11/9/1990,18,0.509703239
11/10/1990,40,1.132673864
11/11/1990,31,0.877822244
11/12/1990,20,0.566336932
11/13/1990,15,0.424752699
11/14/1990,11,0.311485313
11/15/1990,8.6,0.243524881
11/16/1990,7.3,0.20671298
11/17/1990,6.4,0.181227818
11/18/1990,5.7,0.161406026
11/19/1990,5.2,0.147247602
11/20/1990,4.6,0.130257494
11/21/1990,4.4,0.124594125
11/22/1990,4.4,0.124594125
11/23/1990,4.4,0.124594125
11/24/1990,4.3,0.12176244
11/25/1990,4.3,0.12176244
11/26/1990,4.9,0.138752548
11/27/1990,5.2,0.147247602
11/28/1990,5.9,0.167069395
11/29/1990,8.7,0.246356565
11/30/1990,13,0.368119006
12/1/1990,15,0.424752699
12/2/1990,15,0.424752699
12/3/1990,548,15.51763193
12/4/1990,375,10.61881747
12/5/1990,114,3.228120511
12/6/1990,65,1.840595028
12/7/1990,45,1.274258097
12/8/1990,35,0.991089631
12/9/1990,28,0.792871705
12/10/1990,23,0.651287472
12/11/1990,19,0.538020085
12/12/1990,17,0.481386392
12/13/1990,15,0.424752699
12/14/1990,14,0.396435852
12/15/1990,14,0.396435852
12/16/1990,13,0.368119006
12/17/1990,13,0.368119006
12/18/1990,13,0.368119006
12/19/1990,17,0.481386392
12/20/1990,21,0.594653778
12/21/1990,20,0.566336932
12/22/1990,18,0.509703239
12/23/1990,21,0.594653778
12/24/1990,28,0.792871705
12/25/1990,34,0.962772784
12/26/1990,34,0.962772784
12/27/1990,27,0.764554858
12/28/1990,23,0.651287472
12/29/1990,21,0.594653778
12/30/1990,19,0.538020085
12/31/1990,19,0.538020085
1/1/1991,28,0.792871705
1/2/1991,48,1.359208636
1/3/1991,258,7.305746421
1/4/1991,237,6.711092642
1/5/1991,128,3.624556364
1/6/1991,202,5.720003012
1/7/1991,2290,64.8455787
1/8/1991,708,20.04832739
1/9/1991,286,8.098618125
1/10/1991,819,23.19149736
1/11/1991,2360,66.82775796
1/12/1991,1380,39.0772483
1/13/1991,673,19.05723776
1/14/1991,291,8.240202358
1/15/1991,259,7.334063267
1/16/1991,297,8.410103438
1/17/1991,199,5.635052472
1/18/1991,148,4.190893296
1/19/1991,364,10.30733216
1/20/1991,362,10.25069847
1/21/1991,221,6.258023097
1/22/1991,153,4.332477529
1/23/1991,127,3.596239517
1/24/1991,999,28.28852975
1/25/1991,1220,34.54655284
1/26/1991,656,18.57585136
1/27/1991,347,9.825945767
1/28/1991,434,12.28951142
1/29/1991,476,13.47881898
1/30/1991,3230,91.46341449
1/31/1991,2350,66.54458949
2/1/1991,1010,28.60001506
2/2/1991,438,12.40277881
2/3/1991,312,8.834856137
2/4/1991,260,7.362380114
2/5/1991,511,14.46990861
2/6/1991,827,23.41803213
2/7/1991,457,12.94079889
2/8/1991,278,7.872083353
2/9/1991,207,5.861587245
2/10/1991,171,4.842180767
2/11/1991,145,4.105942756
2/12/1991,124,3.511288977
2/13/1991,116,3.284754205
2/14/1991,139,3.936041676
2/15/1991,134,3.794457443
2/16/1991,101,2.860001506
2/17/1991,89,2.520199347
2/18/1991,91,2.57683304
2/19/1991,90,2.548516193
2/20/1991,99,2.803367813
2/21/1991,136,3.851091137
2/22/1991,985,27.89209389
2/23/1991,1230,34.82972131
2/24/1991,651,18.43426713
2/25/1991,277,7.843766506
2/26/1991,205,5.804953551
2/27/1991,162,4.587329148
2/28/1991,135,3.82277429
3/1/1991,1730,48.9881446
3/2/1991,3880,109.8693648
3/3/1991,2030,57.48319858
3/4/1991,985,27.89209389
3/5/1991,505,14.30000753
3/6/1991,338,9.571094148
3/7/1991,273,7.73049912
3/8/1991,225,6.371290483
3/9/1991,184,5.210299773
3/10/1991,151,4.275843835
3/11/1991,132,3.73782375
3/12/1991,122,3.454655284
3/13/1991,126,3.567922671
3/14/1991,122,3.454655284
3/15/1991,103,2.916635199
3/16/1991,135,3.82277429
3/17/1991,458,12.96911574
3/18/1991,375,10.61881747
3/19/1991,215,6.088122017
3/20/1991,145,4.105942756
3/21/1991,118,3.341387898
3/22/1991,108,3.058219432
3/23/1991,102,2.888318352
3/24/1991,92,2.605149886
3/25/1991,78,2.208714034
3/26/1991,68,1.925545568
3/27/1991,64,1.812278182
3/28/1991,61,1.727327642
3/29/1991,62,1.755644489
3/30/1991,69,1.953862415
3/31/1991,100,2.831684659
4/1/1991,67,1.897228722
4/2/1991,53,1.500792869
4/3/1991,46,1.302574943
4/4/1991,42,1.189307557
4/5/1991,40,1.132673864
4/6/1991,40,1.132673864
4/7/1991,40,1.132673864
4/8/1991,99,2.803367813
4/9/1991,185,5.23861662
4/10/1991,137,3.879407983
4/11/1991,108,3.058219432
4/12/1991,89,2.520199347
4/13/1991,71,2.010496108
4/14/1991,61,1.727327642
4/15/1991,1020,28.88318352
4/16/1991,627,17.75466281
4/17/1991,290,8.211885512
4/18/1991,416,11.77980818
4/19/1991,690,19.53862415
4/20/1991,409,11.58159026
4/21/1991,248,7.022577955
4/22/1991,160,4.530695455
4/23/1991,138,3.90772483
4/24/1991,169,4.785547074
4/25/1991,179,5.06871554
4/26/1991,505,14.30000753
4/27/1991,730,20.67129801
4/28/1991,418,11.83644188
4/29/1991,735,20.81288225
4/30/1991,1750,49.55448154
5/1/1991,1130,31.99803665
5/2/1991,527,14.92297815
5/3/1991,301,8.523370824
5/4/1991,358,10.13743108
5/5/1991,587,16.62198895
5/6/1991,662,18.74575244
5/7/1991,400,11.32673864
5/8/1991,665,18.83070298
5/9/1991,1570,44.45744915
5/10/1991,2160,61.16438864
5/11/1991,3570,101.0911423
5/12/1991,1770,50.12081847
5/13/1991,1230,34.82972131
5/14/1991,670,18.97228722
5/15/1991,370,10.47723324
5/16/1991,300,8.495053978
5/17/1991,216,6.116438864
5/18/1991,3450,97.69312074
5/19/1991,5240,148.3802761
5/20/1991,1720,48.70497614
5/21/1991,748,21.18100125
5/22/1991,791,22.39862565
5/23/1991,532,15.06456239
5/24/1991,390,11.04357017
5/25/1991,657,18.60416821
5/26/1991,1300,36.81190057
5/27/1991,1170,33.13071051
5/28/1991,1110,31.43169972
5/29/1991,770,21.80397188
5/30/1991,365,10.33564901
5/31/1991,257,7.277429574
6/1/1991,200,5.663369318
6/2/1991,165,4.672279688
6/3/1991,246,6.965944262
6/4/1991,246,6.965944262
6/5/1991,320,9.061390909
6/6/1991,301,8.523370824
6/7/1991,400,11.32673864
6/8/1991,282,7.985350739
6/9/1991,157,4.445744915
6/10/1991,207,5.861587245
6/11/1991,459,12.99743259
6/12/1991,389,11.01525332
6/13/1991,360,10.19406477
6/14/1991,198,5.606735625
6/15/1991,159,4.502378608
6/16/1991,136,3.851091137
6/17/1991,188,5.323567159
6/18/1991,317,8.97644037
6/19/1991,174,4.927131307
6/20/1991,143,4.049309063
6/21/1991,132,3.73782375
6/22/1991,193,5.465151392
6/23/1991,160,4.530695455
6/24/1991,312,8.834856137
6/25/1991,460,13.02574943
6/26/1991,290,8.211885512
6/27/1991,276,7.815449659
6/28/1991,212,6.003171478
6/29/1991,180,5.097032387
6/30/1991,163,4.615645994
7/1/1991,130,3.681190057
7/2/1991,120,3.398021591
7/3/1991,110,3.114853125
7/4/1991,100,2.831684659
7/5/1991,145,4.105942756
7/6/1991,483,13.6770369
7/7/1991,546,15.46099824
7/8/1991,901,25.51347878
7/9/1991,351,9.939213154
7/10/1991,172,4.870497614
7/11/1991,115,3.256437358
7/12/1991,87,2.463565654
7/13/1991,69,1.953862415
7/14/1991,57,1.614060256
7/15/1991,48,1.359208636
7/16/1991,42,1.189307557
7/17/1991,50,1.41584233
7/18/1991,192,5.436834546
7/19/1991,304,8.608321364
7/20/1991,165,4.672279688
7/21/1991,184,5.210299773
7/22/1991,102,2.888318352
7/23/1991,90,2.548516193
7/24/1991,99,2.803367813
7/25/1991,64,1.812278182
7/26/1991,47,1.33089179
7/27/1991,38,1.07604017
7/28/1991,32,0.906139091
7/29/1991,27,0.764554858
7/30/1991,25,0.707921165
7/31/1991,23,0.651287472
8/1/1991,21,0.594653778
8/2/1991,19,0.538020085
8/3/1991,43,1.217624403
8/4/1991,91,2.57683304
8/5/1991,87,2.463565654
8/6/1991,73,2.067129801
8/7/1991,64,1.812278182
8/8/1991,87,2.463565654
8/9/1991,49,1.387525483
8/10/1991,35,0.991089631
8/11/1991,31,0.877822244
8/12/1991,36,1.019406477
8/13/1991,25,0.707921165
8/14/1991,22,0.622970625
8/15/1991,24,0.679604318
8/16/1991,21,0.594653778
8/17/1991,20,0.566336932
8/18/1991,18,0.509703239
8/19/1991,19,0.538020085
8/20/1991,18,0.509703239
8/21/1991,16,0.453069545
8/22/1991,15,0.424752699
8/23/1991,14,0.396435852
8/24/1991,13,0.368119006
8/25/1991,13,0.368119006
8/26/1991,13,0.368119006
8/27/1991,42,1.189307557
8/28/1991,102,2.888318352
8/29/1991,121,3.426338438
8/30/1991,147,4.162576449
8/31/1991,206,5.833270398
9/1/1991,153,4.332477529
9/2/1991,231,6.541191563
9/3/1991,225,6.371290483
9/4/1991,142,4.020992216
9/5/1991,89,2.520199347
9/6/1991,92,2.605149886
9/7/1991,197,5.578418779
9/8/1991,278,7.872083353
9/9/1991,103,2.916635199
9/10/1991,67,1.897228722
9/11/1991,53,1.500792869
9/12/1991,40,1.132673864
9/13/1991,32,0.906139091
9/14/1991,28,0.792871705
9/15/1991,24,0.679604318
9/16/1991,22,0.622970625
9/17/1991,22,0.622970625
9/18/1991,50,1.41584233
9/19/1991,388,10.98693648
9/20/1991,259,7.334063267
9/21/1991,96,2.718417273
9/22/1991,54,1.529109716
9/23/1991,106,3.001585739
9/24/1991,99,2.803367813
9/25/1991,272,7.702182273
9/26/1991,371,10.50555009
9/27/1991,130,3.681190057
9/28/1991,72,2.038812955
9/29/1991,50,1.41584233
9/30/1991,40,1.132673864
10/1/1991,34,0.962772784
10/2/1991,30,0.849505398
10/3/1991,26,0.736238011
10/4/1991,23,0.651287472
10/5/1991,20,0.566336932
10/6/1991,18,0.509703239
10/7/1991,20,0.566336932
10/8/1991,17,0.481386392
10/9/1991,15,0.424752699
10/10/1991,14,0.396435852
10/11/1991,13,0.368119006
10/12/1991,12,0.339802159
10/13/1991,12,0.339802159
10/14/1991,11,0.311485313
10/15/1991,11,0.311485313
10/16/1991,12,0.339802159
10/17/1991,9.6,0.271841727
10/18/1991,9.2,0.260514989
10/19/1991,9,0.254851619
10/20/1991,9,0.254851619
10/21/1991,8.8,0.24918825
10/22/1991,8.9,0.252019935
10/23/1991,9,0.254851619
10/24/1991,9.2,0.260514989
10/25/1991,9.6,0.271841727
10/26/1991,11,0.311485313
10/27/1991,16,0.453069545
10/28/1991,15,0.424752699
10/29/1991,14,0.396435852
10/30/1991,13,0.368119006
10/31/1991,16,0.453069545
11/1/1991,16,0.453069545
11/2/1991,15,0.424752699
11/3/1991,17,0.481386392
11/4/1991,17,0.481386392
11/5/1991,14,0.396435852
11/6/1991,13,0.368119006
11/7/1991,12,0.339802159
11/8/1991,12,0.339802159
11/9/1991,12,0.339802159
11/10/1991,12,0.339802159
11/11/1991,12,0.339802159
11/12/1991,12,0.339802159
11/13/1991,11,0.311485313
11/14/1991,11,0.311485313
11/15/1991,11,0.311485313
11/16/1991,10,0.283168466
11/17/1991,10,0.283168466
11/18/1991,12,0.339802159
11/19/1991,16,0.453069545
11/20/1991,350,9.910896307
11/21/1991,800,22.65347727
11/22/1991,480,13.59208636
11/23/1991,250,7.079211648
11/24/1991,150,4.247526989
11/25/1991,85,2.40693196
11/26/1991,60,1.699010796
11/27/1991,50,1.41584233
11/28/1991,40,1.132673864
11/29/1991,35,0.991089631
11/30/1991,30,0.849505398
12/1/1991,32,0.906139091
12/2/1991,38,1.07604017
12/3/1991,75,2.123763494
12/4/1991,144,4.077625909
12/5/1991,82,2.321981421
12/6/1991,58,1.642377102
12/7/1991,42,1.189307557
12/8/1991,34,0.962772784
12/9/1991,31,0.877822244
12/10/1991,32,0.906139091
12/11/1991,47,1.33089179
12/12/1991,47,1.33089179
12/13/1991,38,1.07604017
12/14/1991,36,1.019406477
12/15/1991,51,1.444159176
12/16/1991,52,1.472476023
12/17/1991,39,1.104357017
12/18/1991,31,0.877822244
12/19/1991,27,0.764554858
12/20/1991,25,0.707921165
12/21/1991,23,0.651287472
12/22/1991,22,0.622970625
12/23/1991,22,0.622970625
12/24/1991,25,0.707921165
12/25/1991,27,0.764554858
12/26/1991,26,0.736238011
12/27/1991,32,0.906139091
12/28/1991,298,8.438420284
12/29/1991,361,10.22238162
12/30/1991,165,4.672279688
12/31/1991,101,2.860001506
1/1/1992,76,2.152080341
1/2/1992,62,1.755644489
1/3/1992,54,1.529109716
1/4/1992,48,1.359208636
1/5/1992,42,1.189307557
1/6/1992,38,1.07604017
1/7/1992,35,0.991089631
1/8/1992,179,5.06871554
1/9/1992,1050,29.73268892
1/10/1992,511,14.46990861
1/11/1992,216,6.116438864
1/12/1992,575,16.28218679
1/13/1992,2980,84.38420284
1/14/1992,2030,57.48319858
1/15/1992,853,24.15427014
1/16/1992,341,9.656044688
1/17/1992,241,6.824360029
1/18/1992,350,9.910896307
1/19/1992,1590,45.02378608
1/20/1992,1010,28.60001506
1/21/1992,440,12.4594125
1/22/1992,308,8.72158875
1/23/1992,1720,48.70497614
1/24/1992,1120,31.71486818
1/25/1992,488,13.81862114
1/26/1992,287,8.126934972
1/27/1992,280,7.928717046
1/28/1992,847,23.98436906
1/29/1992,586,16.5936721
1/30/1992,557,15.77248355
1/31/1992,421,11.92139242
2/1/1992,276,7.815449659
2/2/1992,205,5.804953551
2/3/1992,172,4.870497614
2/4/1992,221,6.258023097
2/5/1992,1090,30.86536279
2/6/1992,630,17.83961335
2/7/1992,313,8.863172983
2/8/1992,215,6.088122017
2/9/1992,169,4.785547074
2/10/1992,143,4.049309063
2/11/1992,127,3.596239517
2/12/1992,116,3.284754205
2/13/1992,123,3.482972131
2/14/1992,168,4.757230227
2/15/1992,329,9.316242529
2/16/1992,436,12.34614511
2/17/1992,2280,64.56241023
2/18/1992,1580,44.74061762
2/19/1992,742,21.01110017
2/20/1992,334,9.457826762
2/21/1992,256,7.249112728
2/22/1992,266,7.532281193
2/23/1992,616,17.4431775
2/24/1992,403,11.41168918
2/25/1992,288,8.155251818
2/26/1992,236,6.682775796
2/27/1992,191,5.408517699
2/28/1992,164,4.643962841
2/29/1992,144,4.077625909
3/1/1992,128,3.624556364
3/2/1992,115,3.256437358
3/3/1992,104,2.944952046
3/4/1992,100,2.831684659
3/5/1992,401,11.35505548
3/6/1992,1670,47.28913381
3/7/1992,957,27.09922219
3/8/1992,390,11.04357017
3/9/1992,260,7.362380114
3/10/1992,685,19.39703992
3/11/1992,531,15.03624554
3/12/1992,274,7.758815966
3/13/1992,206,5.833270398
3/14/1992,167,4.728913381
3/15/1992,143,4.049309063
3/16/1992,123,3.482972131
3/17/1992,109,3.086536279
3/18/1992,108,3.058219432
3/19/1992,138,3.90772483
3/20/1992,128,3.624556364
3/21/1992,94,2.66178358
3/22/1992,261,7.390696961
3/23/1992,467,13.22396736
3/24/1992,265,7.503964347
3/25/1992,157,4.445744915
3/26/1992,125,3.539605824
3/27/1992,105,2.973268892
3/28/1992,89,2.520199347
3/29/1992,81,2.293664574
3/30/1992,104,2.944952046
3/31/1992,105,2.973268892
4/1/1992,80,2.265347727
4/2/1992,65,1.840595028
4/3/1992,57,1.614060256
4/4/1992,54,1.529109716
4/5/1992,51,1.444159176
4/6/1992,83,2.350298267
4/7/1992,143,4.049309063
4/8/1992,108,3.058219432
4/9/1992,74,2.095446648
4/10/1992,59,1.670693949
4/11/1992,53,1.500792869
4/12/1992,50,1.41584233
4/13/1992,52,1.472476023
4/14/1992,48,1.359208636
4/15/1992,39,1.104357017
4/16/1992,33,0.934455938
4/17/1992,30,0.849505398
4/18/1992,30,0.849505398
4/19/1992,89,2.520199347
4/20/1992,234,6.626142103
4/21/1992,989,28.00536128
4/22/1992,695,19.68020838
4/23/1992,183,5.181982926
4/24/1992,115,3.256437358
4/25/1992,91,2.57683304
4/26/1992,72,2.038812955
4/27/1992,56,1.585743409
4/28/1992,46,1.302574943
4/29/1992,41,1.16099071
4/30/1992,38,1.07604017
5/1/1992,36,1.019406477
5/2/1992,34,0.962772784
5/3/1992,31,0.877822244
5/4/1992,28,0.792871705
5/5/1992,25,0.707921165
5/6/1992,22,0.622970625
5/7/1992,20,0.566336932
5/8/1992,19,0.538020085
5/9/1992,18,0.509703239
5/10/1992,17,0.481386392
5/11/1992,16,0.453069545
5/12/1992,16,0.453069545
5/13/1992,16,0.453069545
5/14/1992,15,0.424752699
5/15/1992,15,0.424752699
5/16/1992,14,0.396435852
5/17/1992,13,0.368119006
5/18/1992,12,0.339802159
5/19/1992,29,0.821188551
5/20/1992,25,0.707921165
5/21/1992,19,0.538020085
5/22/1992,18,0.509703239
5/23/1992,15,0.424752699
5/24/1992,13,0.368119006
5/25/1992,14,0.396435852
5/26/1992,25,0.707921165
5/27/1992,20,0.566336932
5/28/1992,80,2.265347727
5/29/1992,126,3.567922671
5/30/1992,79,2.237030881
5/31/1992,45,1.274258097
6/1/1992,30,0.849505398
6/2/1992,23,0.651287472
6/3/1992,71,2.010496108
6/4/1992,83,2.350298267
6/5/1992,59,1.670693949
6/6/1992,34,0.962772784
6/7/1992,23,0.651287472
6/8/1992,55,1.557426563
6/9/1992,179,5.06871554
6/10/1992,125,3.539605824
6/11/1992,64,1.812278182
6/12/1992,38,1.07604017
6/13/1992,28,0.792871705
6/14/1992,52,1.472476023
6/15/1992,139,3.936041676
6/16/1992,137,3.879407983
6/17/1992,81,2.293664574
6/18/1992,44,1.24594125
6/19/1992,28,0.792871705
6/20/1992,20,0.566336932
6/21/1992,15,0.424752699
6/22/1992,11,0.311485313
6/23/1992,8.9,0.252019935
6/24/1992,7.7,0.218039719
6/25/1992,6.6,0.186891188
6/26/1992,13,0.368119006
6/27/1992,12,0.339802159
6/28/1992,6.4,0.181227818
6/29/1992,6.8,0.192554557
6/30/1992,223,6.31465679
7/1/1992,341,9.656044688
7/2/1992,191,5.408517699
7/3/1992,86,2.435248807
7/4/1992,67,1.897228722
7/5/1992,39,1.104357017
7/6/1992,24,0.679604318
7/7/1992,17,0.481386392
7/8/1992,12,0.339802159
7/9/1992,9.3,0.263346673
7/10/1992,8.4,0.237861511
7/11/1992,7.3,0.20671298
7/12/1992,5.5,0.155742656
7/13/1992,4.6,0.130257494
7/14/1992,5.5,0.155742656
7/15/1992,8.7,0.246356565
7/16/1992,15,0.424752699
7/17/1992,26,0.736238011
7/18/1992,32,0.906139091
7/19/1992,19,0.538020085
7/20/1992,9.6,0.271841727
7/21/1992,7.2,0.203881295
7/22/1992,7.7,0.218039719
7/23/1992,48,1.359208636
7/24/1992,110,3.114853125
7/25/1992,130,3.681190057
7/26/1992,48,1.359208636
7/27/1992,29,0.821188551
7/28/1992,42,1.189307557
7/29/1992,75,2.123763494
7/30/1992,39,1.104357017
7/31/1992,19,0.538020085
8/1/1992,21,0.594653778
8/2/1992,52,1.472476023
8/3/1992,140,3.964358523
8/4/1992,29,0.821188551
8/5/1992,77,2.180397188
8/6/1992,60,1.699010796
8/7/1992,44,1.24594125
8/8/1992,42,1.189307557
8/9/1992,25,0.707921165
8/10/1992,46,1.302574943
8/11/1992,54,1.529109716
8/12/1992,60,1.699010796
8/13/1992,45,1.274258097
8/14/1992,91,2.57683304
8/15/1992,80,2.265347727
8/16/1992,38,1.07604017
8/17/1992,23,0.651287472
8/18/1992,16,0.453069545
8/19/1992,14,0.396435852
8/20/1992,14,0.396435852
8/21/1992,18,0.509703239
8/22/1992,21,0.594653778
8/23/1992,22,0.622970625
8/24/1992,15,0.424752699
8/25/1992,13,0.368119006
8/26/1992,30,0.849505398
8/27/1992,25,0.707921165
8/28/1992,18,0.509703239
8/29/1992,14,0.396435852
8/30/1992,13,0.368119006
8/31/1992,10,0.283168466
9/1/1992,8.2,0.232198142
9/2/1992,7.1,0.201049611
9/3/1992,6.2,0.175564449
9/4/1992,6.1,0.172732764
9/5/1992,8.3,0.235029827
9/6/1992,12,0.339802159
9/7/1992,24,0.679604318
9/8/1992,30,0.849505398
9/9/1992,19,0.538020085
9/10/1992,53,1.500792869
9/11/1992,26,0.736238011
9/12/1992,15,0.424752699
9/13/1992,9.3,0.263346673
9/14/1992,8.4,0.237861511
9/15/1992,7.7,0.218039719
9/16/1992,6.5,0.184059503
9/17/1992,10,0.283168466
9/18/1992,21,0.594653778
9/19/1992,60,1.699010796
9/20/1992,282,7.985350739
9/21/1992,238,6.739409489
9/22/1992,103,2.916635199
9/23/1992,133,3.766140597
9/24/1992,85,2.40693196
9/25/1992,57,1.614060256
9/26/1992,77,2.180397188
9/27/1992,211,5.974854631
9/28/1992,116,3.284754205
9/29/1992,69,1.953862415
9/30/1992,45,1.274258097
10/1/1992,38,1.07604017
10/2/1992,29,0.821188551
10/3/1992,22,0.622970625
10/4/1992,20,0.566336932
10/5/1992,17,0.481386392
10/6/1992,13,0.368119006
10/7/1992,9.5,0.269010043
10/8/1992,8,0.226534773
10/9/1992,7.1,0.201049611
10/10/1992,6.1,0.172732764
10/11/1992,5.6,0.158574341
10/12/1992,4.8,0.135920864
10/13/1992,4.7,0.133089179
10/14/1992,4.4,0.124594125
10/15/1992,3.9,0.110435702
10/16/1992,3.9,0.110435702
10/17/1992,3.7,0.104772332
10/18/1992,3.6,0.101940648
10/19/1992,3.5,0.099108963
10/20/1992,3.2,0.090613909
10/21/1992,3.2,0.090613909
10/22/1992,3,0.08495054
10/23/1992,2.9,0.082118855
10/24/1992,2.9,0.082118855
10/25/1992,2.8,0.07928717
10/26/1992,2.7,0.076455486
10/27/1992,2.6,0.073623801
10/28/1992,2.8,0.07928717
10/29/1992,2.9,0.082118855
10/30/1992,3,0.08495054
10/31/1992,3.2,0.090613909
11/1/1992,36,1.019406477
11/2/1992,368,10.42059955
11/3/1992,107,3.029902585
11/4/1992,729,20.64298117
11/5/1992,993,28.11862867
11/6/1992,472,13.36555159
11/7/1992,195,5.521785085
11/8/1992,118,3.341387898
11/9/1992,85,2.40693196
11/10/1992,67,1.897228722
11/11/1992,83,2.350298267
11/12/1992,498,14.1017896
11/13/1992,1050,29.73268892
11/14/1992,442,12.51604619
11/15/1992,210,5.946537784
11/16/1992,140,3.964358523
11/17/1992,105,2.973268892
11/18/1992,85,2.40693196
11/19/1992,71,2.010496108
11/20/1992,75,2.123763494
11/21/1992,266,7.532281193
11/22/1992,499,14.13010645
11/23/1992,426,12.06297665
11/24/1992,2770,78.43766506
11/25/1992,1630,46.15645994
11/26/1992,702,19.87842631
11/27/1992,329,9.316242529
11/28/1992,228,6.456241023
11/29/1992,174,4.927131307
11/30/1992,139,3.936041676
12/1/1992,117,3.313071051
12/2/1992,107,3.029902585
12/3/1992,94,2.66178358
12/4/1992,79,2.237030881
12/5/1992,73,2.067129801
12/6/1992,71,2.010496108
12/7/1992,187,5.295250313
12/8/1992,202,5.720003012
12/9/1992,183,5.181982926
12/10/1992,643,18.20773236
12/11/1992,446,12.62931358
12/12/1992,204,5.776636705
12/13/1992,140,3.964358523
12/14/1992,113,3.199803665
12/15/1992,105,2.973268892
12/16/1992,2050,58.04953551
12/17/1992,3000,84.95053978
12/18/1992,1400,39.64358523
12/19/1992,650,18.40595028
12/20/1992,400,11.32673864
12/21/1992,320,9.061390909
12/22/1992,270,7.64554858
12/23/1992,230,6.512874716
12/24/1992,200,5.663369318
12/25/1992,169,4.785547074
12/26/1992,143,4.049309063
12/27/1992,131,3.709506904
12/28/1992,130,3.681190057
12/29/1992,127,3.596239517
12/30/1992,113,3.199803665
12/31/1992,106,3.001585739
1/1/1993,97,2.746734119
1/2/1993,87,2.463565654
1/3/1993,85,2.40693196
1/4/1993,82,2.321981421
1/5/1993,104,2.944952046
1/6/1993,100,2.831684659
1/7/1993,192,5.436834546
1/8/1993,450,12.74258097
1/9/1993,316,8.948123523
1/10/1993,178,5.040398693
1/11/1993,3600,101.9406477
1/12/1993,2280,64.56241023
1/13/1993,963,27.26912327
1/14/1993,465,13.16733367
1/15/1993,380,10.7604017
1/16/1993,377,10.67545117
1/17/1993,294,8.325152898
1/18/1993,241,6.824360029
1/19/1993,254,7.192479034
1/20/1993,2060,58.33270398
1/21/1993,6460,182.926829
1/22/1993,3430,97.12678381
1/23/1993,1020,28.88318352
1/24/1993,647,18.32099975
1/25/1993,498,14.1017896
1/26/1993,371,10.50555009
1/27/1993,296,8.381786591
1/28/1993,245,6.937627415
1/29/1993,216,6.116438864
1/30/1993,218,6.173072557
1/31/1993,184,5.210299773
2/1/1993,159,4.502378608
2/2/1993,146,4.134259602
2/3/1993,135,3.82277429
2/4/1993,130,3.681190057
2/5/1993,128,3.624556364
2/6/1993,146,4.134259602
2/7/1993,232,6.569508409
2/8/1993,159,4.502378608
2/9/1993,139,3.936041676
2/10/1993,137,3.879407983
2/11/1993,1320,37.3782375
2/12/1993,874,24.74892392
2/13/1993,399,11.29842179
2/14/1993,252,7.135845341
2/15/1993,194,5.493468239
2/16/1993,339,9.599410995
2/17/1993,428,12.11961034
2/18/1993,242,6.852676875
2/19/1993,169,4.785547074
2/20/1993,153,4.332477529
2/21/1993,147,4.162576449
2/22/1993,144,4.077625909
2/23/1993,134,3.794457443
2/24/1993,125,3.539605824
2/25/1993,125,3.539605824
2/26/1993,189,5.351884006
2/27/1993,164,4.643962841
2/28/1993,126,3.567922671
3/1/1993,119,3.369704744
3/2/1993,254,7.192479034
3/3/1993,648,18.34931659
3/4/1993,380,10.7604017
3/5/1993,189,5.351884006
3/6/1993,143,4.049309063
3/7/1993,134,3.794457443
3/8/1993,125,3.539605824
3/9/1993,120,3.398021591
3/10/1993,118,3.341387898
3/11/1993,115,3.256437358
3/12/1993,156,4.417428068
3/13/1993,988,27.97704443
3/14/1993,613,17.35822696
3/15/1993,311,8.80653929
3/16/1993,418,11.83644188
3/17/1993,1580,44.74061762
3/18/1993,809,22.90832889
3/19/1993,416,11.77980818
3/20/1993,306,8.664955057
3/21/1993,385,10.90198594
3/22/1993,297,8.410103438
3/23/1993,365,10.33564901
3/24/1993,288,8.155251818
3/25/1993,221,6.258023097
3/26/1993,491,13.90357168
3/27/1993,370,10.47723324
3/28/1993,226,6.39960733
3/29/1993,196,5.550101932
3/30/1993,190,5.380200852
3/31/1993,215,6.088122017
4/1/1993,204,5.776636705
4/2/1993,175,4.955448154
4/3/1993,168,4.757230227
4/4/1993,460,13.02574943
4/5/1993,690,19.53862415
4/6/1993,379,10.73208486
4/7/1993,220,6.22970625
4/8/1993,197,5.578418779
4/9/1993,275,7.787132813
4/10/1993,220,6.22970625
4/11/1993,160,4.530695455
4/12/1993,120,3.398021591
4/13/1993,104,2.944952046
4/14/1993,93,2.633466733
4/15/1993,531,15.03624554
4/16/1993,435,12.31782827
4/17/1993,204,5.776636705
4/18/1993,126,3.567922671
4/19/1993,101,2.860001506
4/20/1993,126,3.567922671
4/21/1993,851,24.09763645
4/22/1993,675,19.11387145
4/23/1993,273,7.73049912
4/24/1993,170,4.813863921
4/25/1993,134,3.794457443
4/26/1993,131,3.709506904
4/27/1993,112,3.171486818
4/28/1993,85,2.40693196
4/29/1993,70,1.982179261
4/30/1993,68,1.925545568
5/1/1993,287,8.126934972
5/2/1993,663,18.77406929
5/3/1993,428,12.11961034
5/4/1993,209,5.918220938
5/5/1993,127,3.596239517
5/6/1993,93,2.633466733
5/7/1993,74,2.095446648
5/8/1993,62,1.755644489
5/9/1993,54,1.529109716
5/10/1993,66,1.868911875
5/11/1993,1850,52.3861662
5/12/1993,1180,33.41387898
5/13/1993,550,15.57426563
5/14/1993,274,7.758815966
5/15/1993,182,5.15366608
5/16/1993,130,3.681190057
5/17/1993,101,2.860001506
5/18/1993,81,2.293664574
5/19/1993,69,1.953862415
5/20/1993,64,1.812278182
5/21/1993,60,1.699010796
5/22/1993,53,1.500792869
5/23/1993,45,1.274258097
5/24/1993,42,1.189307557
5/25/1993,138,3.90772483
5/26/1993,138,3.90772483
5/27/1993,100,2.831684659
5/28/1993,353,9.995846847
5/29/1993,162,4.587329148
5/30/1993,95,2.690100426
5/31/1993,87,2.463565654
6/1/1993,75,2.123763494
6/2/1993,55,1.557426563
6/3/1993,46,1.302574943
6/4/1993,38,1.07604017
6/5/1993,30,0.849505398
6/6/1993,25,0.707921165
6/7/1993,22,0.622970625
6/8/1993,19,0.538020085
6/9/1993,17,0.481386392
6/10/1993,15,0.424752699
6/11/1993,14,0.396435852
6/12/1993,17,0.481386392
6/13/1993,14,0.396435852
6/14/1993,12,0.339802159
6/15/1993,14,0.396435852
6/16/1993,14,0.396435852
6/17/1993,16,0.453069545
6/18/1993,16,0.453069545
6/19/1993,14,0.396435852
6/20/1993,13,0.368119006
6/21/1993,12,0.339802159
6/22/1993,15,0.424752699
6/23/1993,85,2.40693196
6/24/1993,330,9.344559375
6/25/1993,350,9.910896307
6/26/1993,198,5.606735625
6/27/1993,400,11.32673864
6/28/1993,520,14.72476023
6/29/1993,255,7.220795881
6/30/1993,125,3.539605824
7/1/1993,88,2.4918825
7/2/1993,56,1.585743409
7/3/1993,42,1.189307557
7/4/1993,49,1.387525483
7/5/1993,51,1.444159176
7/6/1993,99,2.803367813
7/7/1993,54,1.529109716
7/8/1993,151,4.275843835
7/9/1993,674,19.0855546
7/10/1993,245,6.937627415
7/11/1993,148,4.190893296
7/12/1993,132,3.73782375
7/13/1993,768,21.74733818
7/14/1993,2230,63.1465679
7/15/1993,1040,29.44952046
7/16/1993,352,9.96753
7/17/1993,194,5.493468239
7/18/1993,179,5.06871554
7/19/1993,303,8.580004517
7/20/1993,194,5.493468239
7/21/1993,234,6.626142103
7/22/1993,222,6.286339943
7/23/1993,528,14.951295
7/24/1993,1360,38.51091137
7/25/1993,712,20.16159477
7/26/1993,389,11.01525332
7/27/1993,219,6.201389404
7/28/1993,128,3.624556364
7/29/1993,97,2.746734119
7/30/1993,83,2.350298267
7/31/1993,66,1.868911875
8/1/1993,54,1.529109716
8/2/1993,64,1.812278182
8/3/1993,174,4.927131307
8/4/1993,131,3.709506904
8/5/1993,255,7.220795881
8/6/1993,169,4.785547074
8/7/1993,134,3.794457443
8/8/1993,863,24.43743861
8/9/1993,1030,29.16635199
8/10/1993,345,9.769312074
8/11/1993,165,4.672279688
8/12/1993,117,3.313071051
8/13/1993,194,5.493468239
8/14/1993,105,2.973268892
8/15/1993,85,2.40693196
8/16/1993,84,2.378615114
8/17/1993,66,1.868911875
8/18/1993,96,2.718417273
8/19/1993,62,1.755644489
8/20/1993,47,1.33089179
8/21/1993,40,1.132673864
8/22/1993,30,0.849505398
8/23/1993,28,0.792871705
8/24/1993,25,0.707921165
8/25/1993,27,0.764554858
8/26/1993,30,0.849505398
8/27/1993,31,0.877822244
8/28/1993,52,1.472476023
8/29/1993,48,1.359208636
8/30/1993,84,2.378615114
8/31/1993,156,4.417428068
9/1/1993,60,1.699010796
9/2/1993,258,7.305746421
9/3/1993,422,11.94970926
9/4/1993,154,4.360794375
9/5/1993,129,3.65287321
9/6/1993,97,2.746734119
9/7/1993,207,5.861587245
9/8/1993,218,6.173072557
9/9/1993,96,2.718417273
9/10/1993,110,3.114853125
9/11/1993,164,4.643962841
9/12/1993,72,2.038812955
9/13/1993,52,1.472476023
9/14/1993,103,2.916635199
9/15/1993,662,18.74575244
9/16/1993,327,9.259608836
9/17/1993,471,13.33723474
9/18/1993,164,4.643962841
9/19/1993,118,3.341387898
9/20/1993,83,2.350298267
9/21/1993,63,1.783961335
9/22/1993,56,1.585743409
9/23/1993,53,1.500792869
9/24/1993,44,1.24594125
9/25/1993,37,1.047723324
9/26/1993,31,0.877822244
9/27/1993,27,0.764554858
9/28/1993,22,0.622970625
9/29/1993,19,0.538020085
9/30/1993,16,0.453069545
10/1/1993,15,0.424752699
10/2/1993,14,0.396435852
10/3/1993,13,0.368119006
10/4/1993,12,0.339802159
10/5/1993,12,0.339802159
10/6/1993,11,0.311485313
10/7/1993,11,0.311485313
10/8/1993,10,0.283168466
10/9/1993,10,0.283168466
10/10/1993,9.8,0.277505097
10/11/1993,9.3,0.263346673
10/12/1993,8.7,0.246356565
10/13/1993,12,0.339802159
10/14/1993,78,2.208714034
10/15/1993,142,4.020992216
10/16/1993,278,7.872083353
10/17/1993,178,5.040398693
10/18/1993,89,2.520199347
10/19/1993,56,1.585743409
10/20/1993,41,1.16099071
10/21/1993,37,1.047723324
10/22/1993,45,1.274258097
10/23/1993,48,1.359208636
10/24/1993,42,1.189307557
10/25/1993,34,0.962772784
10/26/1993,28,0.792871705
10/27/1993,24,0.679604318
10/28/1993,19,0.538020085
10/29/1993,291,8.240202358
10/30/1993,2100,59.46537784
10/31/1993,1310,37.09506904
11/1/1993,430,12.17624403
11/2/1993,222,6.286339943
11/3/1993,160,4.530695455
11/4/1993,127,3.596239517
11/5/1993,162,4.587329148
11/6/1993,629,17.81129651
11/7/1993,332,9.401193069
11/8/1993,185,5.23861662
11/9/1993,156,4.417428068
11/10/1993,248,7.022577955
11/11/1993,176,4.983765
11/12/1993,123,3.482972131
11/13/1993,103,2.916635199
11/14/1993,124,3.511288977
11/15/1993,253,7.164162188
11/16/1993,961,27.21248957
11/17/1993,635,17.98119759
11/18/1993,355,10.05248054
11/19/1993,229,6.48455787
11/20/1993,175,4.955448154
11/21/1993,135,3.82277429
11/22/1993,109,3.086536279
11/23/1993,94,2.66178358
11/24/1993,84,2.378615114
11/25/1993,76,2.152080341
11/26/1993,69,1.953862415
11/27/1993,63,1.783961335
11/28/1993,59,1.670693949
11/29/1993,55,1.557426563
11/30/1993,52,1.472476023
12/1/1993,49,1.387525483
12/2/1993,47,1.33089179
12/3/1993,46,1.302574943
12/4/1993,109,3.086536279
12/5/1993,245,6.937627415
12/6/1993,163,4.615645994
12/7/1993,94,2.66178358
12/8/1993,71,2.010496108
12/9/1993,61,1.727327642
12/10/1993,60,1.699010796
12/11/1993,79,2.237030881
12/12/1993,75,2.123763494
12/13/1993,350,9.910896307
12/14/1993,1320,37.3782375
12/15/1993,608,17.21664273
12/16/1993,285,8.070301279
12/17/1993,189,5.351884006
12/18/1993,151,4.275843835
12/19/1993,135,3.82277429
12/20/1993,231,6.541191563
12/21/1993,309,8.749905597
12/22/1993,207,5.861587245
12/23/1993,426,12.06297665
12/24/1993,331,9.372876222
12/25/1993,211,5.974854631
12/26/1993,157,4.445744915
12/27/1993,127,3.596239517
12/28/1993,113,3.199803665
12/29/1993,111,3.143169972
12/30/1993,111,3.143169972
12/31/1993,94,2.66178358
1/1/1994,83,2.350298267
1/2/1994,85,2.40693196
1/3/1994,85,2.40693196
1/4/1994,80,2.265347727
1/5/1994,72,2.038812955
1/6/1994,65,1.840595028
1/7/1994,63,1.783961335
1/8/1994,70,1.982179261
1/9/1994,73,2.067129801
1/10/1994,64,1.812278182
1/11/1994,86,2.435248807
1/12/1994,119,3.369704744
1/13/1994,116,3.284754205
1/14/1994,102,2.888318352
1/15/1994,81,2.293664574
1/16/1994,66,1.868911875
1/17/1994,164,4.643962841
1/18/1994,411,11.63822395
1/19/1994,227,6.427924176
1/20/1994,136,3.851091137
1/21/1994,106,3.001585739
1/22/1994,89,2.520199347
1/23/1994,79,2.237030881
1/24/1994,72,2.038812955
1/25/1994,67,1.897228722
1/26/1994,65,1.840595028
1/27/1994,88,2.4918825
1/28/1994,1250,35.39605824
1/29/1994,895,25.3435777
1/30/1994,606,17.16000903
1/31/1994,364,10.30733216
2/1/1994,248,7.022577955
2/2/1994,198,5.606735625
2/3/1994,163,4.615645994
2/4/1994,154,4.360794375
2/5/1994,375,10.61881747
2/6/1994,540,15.29109716
2/7/1994,408,11.55327341
2/8/1994,253,7.164162188
2/9/1994,206,5.833270398
2/10/1994,186,5.266933466
2/11/1994,183,5.181982926
2/12/1994,143,4.049309063
2/13/1994,119,3.369704744
2/14/1994,103,2.916635199
2/15/1994,90,2.548516193
2/16/1994,85,2.40693196
2/17/1994,80,2.265347727
2/18/1994,73,2.067129801
2/19/1994,69,1.953862415
2/20/1994,68,1.925545568
2/21/1994,68,1.925545568
2/22/1994,68,1.925545568
2/23/1994,68,1.925545568
2/24/1994,119,3.369704744
2/25/1994,141,3.992675369
2/26/1994,83,2.350298267
2/27/1994,65,1.840595028
2/28/1994,56,1.585743409
3/1/1994,553,15.65921617
3/2/1994,979,27.72219281
3/3/1994,608,17.21664273
3/4/1994,275,7.787132813
3/5/1994,185,5.23861662
3/6/1994,142,4.020992216
3/7/1994,117,3.313071051
3/8/1994,103,2.916635199
3/9/1994,698,19.76515892
3/10/1994,1340,37.94457443
3/11/1994,626,17.72634597
3/12/1994,293,8.296836051
3/13/1994,206,5.833270398
3/14/1994,161,4.559012301
3/15/1994,131,3.709506904
3/16/1994,111,3.143169972
3/17/1994,93,2.633466733
3/18/1994,81,2.293664574
3/19/1994,75,2.123763494
3/20/1994,70,1.982179261
3/21/1994,67,1.897228722
3/22/1994,64,1.812278182
3/23/1994,59,1.670693949
3/24/1994,55,1.557426563
3/25/1994,141,3.992675369
3/26/1994,138,3.90772483
3/27/1994,97,2.746734119
3/28/1994,411,11.63822395
3/29/1994,289,8.183568665
3/30/1994,143,4.049309063
3/31/1994,91,2.57683304
4/1/1994,70,1.982179261
4/2/1994,60,1.699010796
4/3/1994,56,1.585743409
4/4/1994,51,1.444159176
4/5/1994,45,1.274258097
4/6/1994,71,2.010496108
4/7/1994,248,7.022577955
4/8/1994,144,4.077625909
4/9/1994,80,2.265347727
4/10/1994,60,1.699010796
4/11/1994,52,1.472476023
4/12/1994,83,2.350298267
4/13/1994,1460,41.34259602
4/14/1994,437,12.37446196
4/15/1994,273,7.73049912
4/16/1994,1710,48.42180767
4/17/1994,1060,30.01585739
4/18/1994,467,13.22396736
4/19/1994,243,6.880993722
4/20/1994,173,4.89881446
4/21/1994,168,4.757230227
4/22/1994,152,4.304160682
4/23/1994,144,4.077625909
4/24/1994,98,2.775050966
4/25/1994,76,2.152080341
4/26/1994,66,1.868911875
4/27/1994,58,1.642377102
4/28/1994,51,1.444159176
4/29/1994,43,1.217624403
4/30/1994,37,1.047723324
5/1/1994,42,1.189307557
5/2/1994,59,1.670693949
5/3/1994,317,8.97644037
5/4/1994,469,13.28060105
5/5/1994,231,6.541191563
5/6/1994,95,2.690100426
5/7/1994,63,1.783961335
5/8/1994,50,1.41584233
5/9/1994,62,1.755644489
5/10/1994,694,19.65189153
5/11/1994,581,16.45208787
5/12/1994,185,5.23861662
5/13/1994,102,2.888318352
5/14/1994,71,2.010496108
5/15/1994,57,1.614060256
5/16/1994,50,1.41584233
5/17/1994,50,1.41584233
5/18/1994,82,2.321981421
5/19/1994,57,1.614060256
5/20/1994,39,1.104357017
5/21/1994,28,0.792871705
5/22/1994,22,0.622970625
5/23/1994,17,0.481386392
5/24/1994,14,0.396435852
5/25/1994,12,0.339802159
5/26/1994,10,0.283168466
5/27/1994,12,0.339802159
5/28/1994,151,4.275843835
5/29/1994,177,5.012081847
5/30/1994,67,1.897228722
5/31/1994,46,1.302574943
6/1/1994,38,1.07604017
6/2/1994,49,1.387525483
6/3/1994,54,1.529109716
6/4/1994,55,1.557426563
6/5/1994,47,1.33089179
6/6/1994,73,2.067129801
6/7/1994,126,3.567922671
6/8/1994,89,2.520199347
6/9/1994,59,1.670693949
6/10/1994,41,1.16099071
6/11/1994,39,1.104357017
6/12/1994,83,2.350298267
6/13/1994,116,3.284754205
6/14/1994,870,24.63565654
6/15/1994,297,8.410103438
6/16/1994,105,2.973268892
6/17/1994,65,1.840595028
6/18/1994,99,2.803367813
6/19/1994,85,2.40693196
6/20/1994,91,2.57683304
6/21/1994,60,1.699010796
6/22/1994,47,1.33089179
6/23/1994,41,1.16099071
6/24/1994,145,4.105942756
6/25/1994,236,6.682775796
6/26/1994,213,6.031488324
6/27/1994,115,3.256437358
6/28/1994,62,1.755644489
6/29/1994,40,1.132673864
6/30/1994,29,0.821188551
7/1/1994,22,0.622970625
7/2/1994,22,0.622970625
7/3/1994,22,0.622970625
7/4/1994,17,0.481386392
7/5/1994,13,0.368119006
7/6/1994,9,0.254851619
7/7/1994,7.1,0.201049611
7/8/1994,7.1,0.201049611
7/9/1994,21,0.594653778
7/10/1994,123,3.482972131
7/11/1994,376,10.64713432
7/12/1994,581,16.45208787
7/13/1994,612,17.32991011
7/14/1994,769,21.77565503
7/15/1994,1470,41.62576449
7/16/1994,584,16.53703841
7/17/1994,263,7.447330654
7/18/1994,241,6.824360029
7/19/1994,225,6.371290483
7/20/1994,160,4.530695455
7/21/1994,123,3.482972131
7/22/1994,97,2.746734119
7/23/1994,154,4.360794375
7/24/1994,185,5.23861662
7/25/1994,96,2.718417273
7/26/1994,111,3.143169972
7/27/1994,83,2.350298267
7/28/1994,74,2.095446648
7/29/1994,65,1.840595028
7/30/1994,50,1.41584233
7/31/1994,50,1.41584233
8/1/1994,38,1.07604017
8/2/1994,31,0.877822244
8/3/1994,29,0.821188551
8/4/1994,29,0.821188551
8/5/1994,28,0.792871705
8/6/1994,25,0.707921165
8/7/1994,19,0.538020085
8/8/1994,19,0.538020085
8/9/1994,18,0.509703239
8/10/1994,14,0.396435852
8/11/1994,14,0.396435852
8/12/1994,14,0.396435852
8/13/1994,11,0.311485313
8/14/1994,9.4,0.266178358
8/15/1994,8.4,0.237861511
8/16/1994,8.6,0.243524881
8/17/1994,9.9,0.280336781
8/18/1994,11,0.311485313
8/19/1994,13,0.368119006
8/20/1994,11,0.311485313
8/21/1994,5.7,0.161406026
8/22/1994,8.6,0.243524881
8/23/1994,11,0.311485313
8/24/1994,12,0.339802159
8/25/1994,9.9,0.280336781
8/26/1994,9.6,0.271841727
8/27/1994,7.3,0.20671298
8/28/1994,7.1,0.201049611
8/29/1994,5.6,0.158574341
8/30/1994,18,0.509703239
8/31/1994,42,1.189307557
9/1/1994,27,0.764554858
9/2/1994,43,1.217624403
9/3/1994,44,1.24594125
9/4/1994,38,1.07604017
9/5/1994,39,1.104357017
9/6/1994,22,0.622970625
9/7/1994,13,0.368119006
9/8/1994,9.3,0.263346673
9/9/1994,9.4,0.266178358
9/10/1994,8.9,0.252019935
9/11/1994,10,0.283168466
9/12/1994,19,0.538020085
9/13/1994,15,0.424752699
9/14/1994,15,0.424752699
9/15/1994,19,0.538020085
9/16/1994,50,1.41584233
9/17/1994,45,1.274258097
9/18/1994,45,1.274258097
9/19/1994,28,0.792871705
9/20/1994,17,0.481386392
9/21/1994,13,0.368119006
9/22/1994,15,0.424752699
9/23/1994,18,0.509703239
9/24/1994,15,0.424752699
9/25/1994,12,0.339802159
9/26/1994,9.5,0.269010043
9/27/1994,8.7,0.246356565
9/28/1994,9.3,0.263346673
9/29/1994,9.3,0.263346673
9/30/1994,7.7,0.218039719
10/1/1994,9.9,0.280336781
10/2/1994,33,0.934455938
10/3/1994,37,1.047723324
10/4/1994,33,0.934455938
10/5/1994,28,0.792871705
10/6/1994,23,0.651287472
10/7/1994,22,0.622970625
10/8/1994,20,0.566336932
10/9/1994,308,8.72158875
10/10/1994,426,12.06297665
10/11/1994,321,9.089707756
10/12/1994,623,17.64139543
10/13/1994,343,9.712678381
10/14/1994,150,4.247526989
10/15/1994,87,2.463565654
10/16/1994,62,1.755644489
10/17/1994,47,1.33089179
10/18/1994,38,1.07604017
10/19/1994,33,0.934455938
10/20/1994,34,0.962772784
10/21/1994,36,1.019406477
10/22/1994,50,1.41584233
10/23/1994,58,1.642377102
10/24/1994,53,1.500792869
10/25/1994,49,1.387525483
10/26/1994,32,0.906139091
10/27/1994,21,0.594653778
10/28/1994,17,0.481386392
10/29/1994,15,0.424752699
10/30/1994,13,0.368119006
10/31/1994,12,0.339802159
11/1/1994,11,0.311485313
11/2/1994,9.4,0.266178358
11/3/1994,9.2,0.260514989
11/4/1994,8.6,0.243524881
11/5/1994,8.8,0.24918825
11/6/1994,120,3.398021591
11/7/1994,128,3.624556364
11/8/1994,80,2.265347727
11/9/1994,49,1.387525483
11/10/1994,37,1.047723324
11/11/1994,33,0.934455938
11/12/1994,29,0.821188551
11/13/1994,26,0.736238011
11/14/1994,22,0.622970625
11/15/1994,19,0.538020085
11/16/1994,17,0.481386392
11/17/1994,16,0.453069545
11/18/1994,16,0.453069545
11/19/1994,15,0.424752699
11/20/1994,14,0.396435852
11/21/1994,13,0.368119006
11/22/1994,13,0.368119006
11/23/1994,12,0.339802159
11/24/1994,12,0.339802159
11/25/1994,12,0.339802159
11/26/1994,12,0.339802159
11/27/1994,12,0.339802159
11/28/1994,13,0.368119006
11/29/1994,173,4.89881446
11/30/1994,169,4.785547074
12/1/1994,110,3.114853125
12/2/1994,65,1.840595028
12/3/1994,2570,72.77429574
12/4/1994,2670,75.6059804
12/5/1994,1220,34.54655284
12/6/1994,435,12.31782827
12/7/1994,250,7.079211648
12/8/1994,179,5.06871554
12/9/1994,138,3.90772483
12/10/1994,124,3.511288977
12/11/1994,135,3.82277429
12/12/1994,122,3.454655284
12/13/1994,92,2.605149886
12/14/1994,79,2.237030881
12/15/1994,71,2.010496108
12/16/1994,66,1.868911875
12/17/1994,85,2.40693196
12/18/1994,97,2.746734119
12/19/1994,78,2.208714034
12/20/1994,65,1.840595028
12/21/1994,60,1.699010796
12/22/1994,57,1.614060256
12/23/1994,55,1.557426563
12/24/1994,54,1.529109716
12/25/1994,52,1.472476023
12/26/1994,51,1.444159176
12/27/1994,50,1.41584233
12/28/1994,50,1.41584233
12/29/1994,58,1.642377102
12/30/1994,73,2.067129801
12/31/1994,63,1.783961335
1/1/1995,67,1.897228722
1/2/1995,69,1.953862415
1/3/1995,65,1.840595028
1/4/1995,59,1.670693949
1/5/1995,54,1.529109716
1/6/1995,53,1.500792869
1/7/1995,83,2.350298267
1/8/1995,121,3.426338438
1/9/1995,75,2.123763494
1/10/1995,61,1.727327642
1/11/1995,57,1.614060256
1/12/1995,56,1.585743409
1/13/1995,395,11.1851544
1/14/1995,766,21.69070449
1/15/1995,425,12.0346598
1/16/1995,207,5.861587245
1/17/1995,142,4.020992216
1/18/1995,119,3.369704744
1/19/1995,406,11.49663972
1/20/1995,299,8.466737131
1/21/1995,162,4.587329148
1/22/1995,116,3.284754205
1/23/1995,376,10.64713432
1/24/1995,327,9.259608836
1/25/1995,188,5.323567159
1/26/1995,135,3.82277429
1/27/1995,869,24.60733969
1/28/1995,2210,62.58023097
1/29/1995,1350,38.2277429
1/30/1995,529,14.97961185
1/31/1995,320,9.061390909
2/1/1995,241,6.824360029
2/2/1995,194,5.493468239
2/3/1995,171,4.842180767
2/4/1995,161,4.559012301
2/5/1995,156,4.417428068
2/6/1995,153,4.332477529
2/7/1995,151,4.275843835
2/8/1995,150,4.247526989
2/9/1995,150,4.247526989
2/10/1995,150,4.247526989
2/11/1995,513,14.5265423
2/12/1995,1040,29.44952046
2/13/1995,534,15.12119608
2/14/1995,277,7.843766506
2/15/1995,210,5.946537784
2/16/1995,182,5.15366608
2/17/1995,1150,32.56437358
2/18/1995,1700,48.13863921
2/19/1995,1040,29.44952046
2/20/1995,622,17.61307858
2/21/1995,416,11.77980818
2/22/1995,277,7.843766506
2/23/1995,244,6.909310568
2/24/1995,210,5.946537784
2/25/1995,197,5.578418779
2/26/1995,185,5.23861662
2/27/1995,173,4.89881446
2/28/1995,450,12.74258097
3/1/1995,783,22.17209088
3/2/1995,417,11.80812503
3/3/1995,250,7.079211648
3/4/1995,160,4.530695455
3/5/1995,150,4.247526989
3/6/1995,140,3.964358523
3/7/1995,730,20.67129801
3/8/1995,2180,61.73072557
3/9/1995,1110,31.43169972
3/10/1995,455,12.8841652
3/11/1995,287,8.126934972
3/12/1995,260,7.362380114
3/13/1995,220,6.22970625
3/14/1995,882,24.97545869
3/15/1995,2200,62.2970625
3/16/1995,1530,43.32477529
3/17/1995,897,25.40021139
3/18/1995,562,15.91406778
3/19/1995,350,9.910896307
3/20/1995,260,7.362380114
3/21/1995,192,5.436834546
3/22/1995,162,4.587329148
3/23/1995,137,3.879407983
3/24/1995,115,3.256437358
3/25/1995,95,2.690100426
3/26/1995,80,2.265347727
3/27/1995,75,2.123763494
3/28/1995,75,2.123763494
3/29/1995,782,22.14377403
3/30/1995,1980,56.06735625
3/31/1995,1730,48.9881446
4/1/1995,1010,28.60001506
4/2/1995,490,13.87525483
4/3/1995,294,8.325152898
4/4/1995,212,6.003171478
4/5/1995,183,5.181982926
4/6/1995,156,4.417428068
4/7/1995,128,3.624556364
4/8/1995,105,2.973268892
4/9/1995,90,2.548516193
4/10/1995,84,2.378615114
4/11/1995,1720,48.70497614
4/12/1995,1960,55.50101932
4/13/1995,911,25.79664725
4/14/1995,335,9.486143608
4/15/1995,228,6.456241023
4/16/1995,178,5.040398693
4/17/1995,140,3.964358523
4/18/1995,130,3.681190057
4/19/1995,110,3.114853125
4/20/1995,100,2.831684659
4/21/1995,1300,36.81190057
4/22/1995,1610,45.59012301
4/23/1995,1350,38.2277429
4/24/1995,1080,30.58219432
4/25/1995,553,15.65921617
4/26/1995,281,7.957033892
4/27/1995,201,5.691686165
4/28/1995,167,4.728913381
4/29/1995,134,3.794457443
4/30/1995,106,3.001585739
5/1/1995,88,2.4918825
5/2/1995,78,2.208714034
5/3/1995,74,2.095446648
5/4/1995,74,2.095446648
5/5/1995,75,2.123763494
5/6/1995,75,2.123763494
5/7/1995,71,2.010496108
5/8/1995,67,1.897228722
5/9/1995,7740,219.1723926
5/10/1995,9860,279.2041074
5/11/1995,2870,81.26934972
5/12/1995,1270,35.96239517
5/13/1995,1530,43.32477529
5/14/1995,1060,30.01585739
5/15/1995,576,16.31050364
5/16/1995,355,10.05248054
5/17/1995,197,5.578418779
5/18/1995,173,4.89881446
5/19/1995,139,3.936041676
5/20/1995,119,3.369704744
5/21/1995,100,2.831684659
5/22/1995,86,2.435248807
5/23/1995,78,2.208714034
5/24/1995,70,1.982179261
5/25/1995,62,1.755644489
5/26/1995,57,1.614060256
5/27/1995,52,1.472476023
5/28/1995,48,1.359208636
5/29/1995,101,2.860001506
5/30/1995,384,10.87366909
5/31/1995,500,14.1584233
6/1/1995,267,7.56059804
6/2/1995,235,6.654458949
6/3/1995,132,3.73782375
6/4/1995,85,2.40693196
6/5/1995,60,1.699010796
6/6/1995,47,1.33089179
6/7/1995,39,1.104357017
6/8/1995,34,0.962772784
6/9/1995,30,0.849505398
6/10/1995,27,0.764554858
6/11/1995,24,0.679604318
6/12/1995,24,0.679604318
6/13/1995,26,0.736238011
6/14/1995,26,0.736238011
6/15/1995,22,0.622970625
6/16/1995,19,0.538020085
6/17/1995,18,0.509703239
6/18/1995,17,0.481386392
6/19/1995,15,0.424752699
6/20/1995,14,0.396435852
6/21/1995,14,0.396435852
6/22/1995,15,0.424752699
6/23/1995,15,0.424752699
6/24/1995,14,0.396435852
6/25/1995,14,0.396435852
6/26/1995,14,0.396435852
6/27/1995,13,0.368119006
6/28/1995,13,0.368119006
6/29/1995,13,0.368119006
6/30/1995,14,0.396435852
7/1/1995,22,0.622970625
7/2/1995,36,1.019406477
7/3/1995,52,1.472476023
7/4/1995,69,1.953862415
7/5/1995,44,1.24594125
7/6/1995,29,0.821188551
7/7/1995,21,0.594653778
7/8/1995,17,0.481386392
7/9/1995,15,0.424752699
7/10/1995,13,0.368119006
7/11/1995,13,0.368119006
7/12/1995,11,0.311485313
7/13/1995,11,0.311485313
7/14/1995,12,0.339802159
7/15/1995,13,0.368119006
7/16/1995,16,0.453069545
7/17/1995,19,0.538020085
7/18/1995,20,0.566336932
7/19/1995,16,0.453069545
7/20/1995,14,0.396435852
7/21/1995,19,0.538020085
7/22/1995,16,0.453069545
7/23/1995,15,0.424752699
7/24/1995,13,0.368119006
7/25/1995,13,0.368119006
7/26/1995,14,0.396435852
7/27/1995,11,0.311485313
7/28/1995,9.1,0.257683304
7/29/1995,8.6,0.243524881
7/30/1995,12,0.339802159
7/31/1995,24,0.679604318
8/1/1995,32,0.906139091
8/2/1995,33,0.934455938
8/3/1995,28,0.792871705
8/4/1995,206,5.833270398
8/5/1995,431,12.20456088
8/6/1995,106,3.001585739
8/7/1995,59,1.670693949
8/8/1995,38,1.07604017
8/9/1995,211,5.974854631
8/10/1995,278,7.872083353
8/11/1995,163,4.615645994
8/12/1995,61,1.727327642
8/13/1995,46,1.302574943
8/14/1995,76,2.152080341
8/15/1995,45,1.274258097
8/16/1995,28,0.792871705
8/17/1995,20,0.566336932
8/18/1995,21,0.594653778
8/19/1995,44,1.24594125
8/20/1995,23,0.651287472
8/21/1995,23,0.651287472
8/22/1995,19,0.538020085
8/23/1995,159,4.502378608
8/24/1995,53,1.500792869
8/25/1995,30,0.849505398
8/26/1995,20,0.566336932
8/27/1995,14,0.396435852
8/28/1995,11,0.311485313
8/29/1995,9.3,0.263346673
8/30/1995,8.3,0.235029827
8/31/1995,7.4,0.209544665
9/1/1995,6.7,0.189722872
9/2/1995,6.3,0.178396134
9/3/1995,5.9,0.167069395
9/4/1995,6.7,0.189722872
9/5/1995,27,0.764554858
9/6/1995,20,0.566336932
9/7/1995,11,0.311485313
9/8/1995,8,0.226534773
9/9/1995,6.5,0.184059503
9/10/1995,5.8,0.16423771
9/11/1995,5.4,0.152910972
9/12/1995,5.3,0.150079287
9/13/1995,5.4,0.152910972
9/14/1995,6.1,0.172732764
9/15/1995,5.6,0.158574341
9/16/1995,6.5,0.184059503
9/17/1995,20,0.566336932
9/18/1995,42,1.189307557
9/19/1995,15,0.424752699
9/20/1995,9.6,0.271841727
9/21/1995,7.8,0.220871403
9/22/1995,7.5,0.212376349
9/23/1995,6.5,0.184059503
9/24/1995,6.2,0.175564449
9/25/1995,5.9,0.167069395
9/26/1995,5.5,0.155742656
9/27/1995,5.1,0.144415918
9/28/1995,4.8,0.135920864
9/29/1995,4.4,0.124594125
9/30/1995,4.2,0.118930756
10/1/1995,4.5,0.12742581
10/2/1995,4.1,0.116099071
10/3/1995,6.9,0.195386241
10/4/1995,57,1.614060256
10/5/1995,131,3.709506904
10/6/1995,61,1.727327642
10/7/1995,35,0.991089631
10/8/1995,21,0.594653778
10/9/1995,15,0.424752699
10/10/1995,12,0.339802159
10/11/1995,9.7,0.274673412
10/12/1995,8.6,0.243524881
10/13/1995,7.7,0.218039719
10/14/1995,7.1,0.201049611
10/15/1995,6.7,0.189722872
10/16/1995,6.2,0.175564449
10/17/1995,5.9,0.167069395
10/18/1995,5.6,0.158574341
10/19/1995,5.5,0.155742656
10/20/1995,5.1,0.144415918
10/21/1995,4.6,0.130257494
10/22/1995,4.4,0.124594125
10/23/1995,4.7,0.133089179
10/24/1995,6.9,0.195386241
10/25/1995,9,0.254851619
10/26/1995,8.6,0.243524881
10/27/1995,7.3,0.20671298
10/28/1995,6.6,0.186891188
10/29/1995,5.8,0.16423771
10/30/1995,6.1,0.172732764
10/31/1995,6.7,0.189722872
11/1/1995,6.7,0.189722872
11/2/1995,79,2.237030881
11/3/1995,444,12.57267989
11/4/1995,210,5.946537784
11/5/1995,100,2.831684659
11/6/1995,60,1.699010796
11/7/1995,52,1.472476023
11/8/1995,174,4.927131307
11/9/1995,86,2.435248807
11/10/1995,56,1.585743409
11/11/1995,133,3.766140597
11/12/1995,114,3.228120511
11/13/1995,67,1.897228722
11/14/1995,52,1.472476023
11/15/1995,41,1.16099071
11/16/1995,33,0.934455938
11/17/1995,28,0.792871705
11/18/1995,24,0.679604318
11/19/1995,22,0.622970625
11/20/1995,22,0.622970625
11/21/1995,28,0.792871705
11/22/1995,24,0.679604318
11/23/1995,22,0.622970625
11/24/1995,50,1.41584233
11/25/1995,52,1.472476023
11/26/1995,37,1.047723324
11/27/1995,31,0.877822244
11/28/1995,26,0.736238011
11/29/1995,24,0.679604318
11/30/1995,22,0.622970625
12/1/1995,20,0.566336932
12/2/1995,18,0.509703239
12/3/1995,17,0.481386392
12/4/1995,16,0.453069545
12/5/1995,16,0.453069545
12/6/1995,20,0.566336932
12/7/1995,28,0.792871705
12/8/1995,37,1.047723324
12/9/1995,32,0.906139091
12/10/1995,25,0.707921165
12/11/1995,23,0.651287472
12/12/1995,22,0.622970625
12/13/1995,21,0.594653778
12/14/1995,19,0.538020085
12/15/1995,19,0.538020085
12/16/1995,22,0.622970625
12/17/1995,141,3.992675369
12/18/1995,3180,90.04757216
12/19/1995,2930,82.96836051
12/20/1995,1110,31.43169972
12/21/1995,372,10.53386693
12/22/1995,222,6.286339943
12/23/1995,163,4.615645994
12/24/1995,130,3.681190057
12/25/1995,111,3.143169972
12/26/1995,98,2.775050966
12/27/1995,89,2.520199347
12/28/1995,79,2.237030881
12/29/1995,72,2.038812955
12/30/1995,67,1.897228722
12/31/1995,99,2.803367813
1/1/1996,1970,55.78418779
1/2/1996,1720,48.70497614
1/3/1996,762,21.5774371
1/4/1996,331,9.372876222
1/5/1996,224,6.342973637
1/6/1996,183,5.181982926
1/7/1996,179,5.06871554
1/8/1996,143,4.049309063
1/9/1996,119,3.369704744
1/10/1996,108,3.058219432
1/11/1996,105,2.973268892
1/12/1996,105,2.973268892
1/13/1996,108,3.058219432
1/14/1996,90,2.548516193
1/15/1996,79,2.237030881
1/16/1996,73,2.067129801
1/17/1996,69,1.953862415
1/18/1996,68,1.925545568
1/19/1996,81,2.293664574
1/20/1996,75,2.123763494
1/21/1996,68,1.925545568
1/22/1996,62,1.755644489
1/23/1996,59,1.670693949
1/24/1996,126,3.567922671
1/25/1996,180,5.097032387
1/26/1996,131,3.709506904
1/27/1996,672,19.02892091
1/28/1996,692,19.59525784
1/29/1996,304,8.608321364
1/30/1996,251,7.107528495
1/31/1996,224,6.342973637
2/1/1996,161,4.559012301
2/2/1996,610,17.27327642
2/3/1996,833,23.58793321
2/4/1996,451,12.77089781
2/5/1996,241,6.824360029
2/6/1996,193,5.465151392
2/7/1996,167,4.728913381
2/8/1996,144,4.077625909
2/9/1996,127,3.596239517
2/10/1996,117,3.313071051
2/11/1996,107,3.029902585
2/12/1996,94,2.66178358
2/13/1996,82,2.321981421
2/14/1996,78,2.208714034
2/15/1996,74,2.095446648
2/16/1996,72,2.038812955
2/17/1996,68,1.925545568
2/18/1996,65,1.840595028
2/19/1996,65,1.840595028
2/20/1996,562,15.91406778
2/21/1996,401,11.35505548
2/22/1996,189,5.351884006
2/23/1996,133,3.766140597
2/24/1996,107,3.029902585
2/25/1996,89,2.520199347
2/26/1996,79,2.237030881
2/27/1996,75,2.123763494
2/28/1996,91,2.57683304
2/29/1996,269,7.617231733
3/1/1996,338,9.571094148
3/2/1996,234,6.626142103
3/3/1996,144,4.077625909
3/4/1996,106,3.001585739
3/5/1996,92,2.605149886
3/6/1996,92,2.605149886
3/7/1996,186,5.266933466
3/8/1996,236,6.682775796
3/9/1996,146,4.134259602
3/10/1996,105,2.973268892
3/11/1996,90,2.548516193
3/12/1996,80,2.265347727
3/13/1996,74,2.095446648
3/14/1996,70,1.982179261
3/15/1996,66,1.868911875
3/16/1996,63,1.783961335
3/17/1996,101,2.860001506
3/18/1996,788,22.31367511
3/19/1996,605,17.13169219
3/20/1996,244,6.909310568
3/21/1996,147,4.162576449
3/22/1996,115,3.256437358
3/23/1996,97,2.746734119
3/24/1996,85,2.40693196
3/25/1996,180,5.097032387
3/26/1996,232,6.569508409
3/27/1996,830,23.50298267
3/28/1996,1030,29.16635199
3/29/1996,557,15.77248355
3/30/1996,3150,89.19806676
3/31/1996,2110,59.74854631
4/1/1996,948,26.84437057
4/2/1996,401,11.35505548
4/3/1996,270,7.64554858
4/4/1996,219,6.201389404
4/5/1996,193,5.465151392
4/6/1996,465,13.16733367
4/7/1996,538,15.23446347
4/8/1996,270,7.64554858
4/9/1996,182,5.15366608
4/10/1996,139,3.936041676
4/11/1996,117,3.313071051
4/12/1996,107,3.029902585
4/13/1996,170,4.813863921
4/14/1996,271,7.673865426
4/15/1996,3360,95.14460455
4/16/1996,1850,52.3861662
4/17/1996,710,20.10496108
4/18/1996,376,10.64713432
4/19/1996,373,10.56218378
4/20/1996,291,8.240202358
4/21/1996,215,6.088122017
4/22/1996,167,4.728913381
4/23/1996,145,4.105942756
4/24/1996,133,3.766140597
4/25/1996,114,3.228120511
4/26/1996,104,2.944952046
4/27/1996,100,2.831684659
4/28/1996,99,2.803367813
4/29/1996,220,6.22970625
4/30/1996,370,10.47723324
5/1/1996,177,5.012081847
5/2/1996,114,3.228120511
5/3/1996,94,2.66178358
5/4/1996,83,2.350298267
5/5/1996,73,2.067129801
5/6/1996,64,1.812278182
5/7/1996,55,1.557426563
5/8/1996,47,1.33089179
5/9/1996,42,1.189307557
5/10/1996,37,1.047723324
5/11/1996,35,0.991089631
5/12/1996,31,0.877822244
5/13/1996,29,0.821188551
5/14/1996,27,0.764554858
5/15/1996,25,0.707921165
5/16/1996,23,0.651287472
5/17/1996,22,0.622970625
5/18/1996,20,0.566336932
5/19/1996,18,0.509703239
5/20/1996,17,0.481386392
5/21/1996,16,0.453069545
5/22/1996,15,0.424752699
5/23/1996,14,0.396435852
5/24/1996,12,0.339802159
5/25/1996,12,0.339802159
5/26/1996,11,0.311485313
5/27/1996,11,0.311485313
5/28/1996,10,0.283168466
5/29/1996,130,3.681190057
5/30/1996,200,5.663369318
5/31/1996,60,1.699010796
6/1/1996,36,1.019406477
6/2/1996,24,0.679604318
6/3/1996,23,0.651287472
6/4/1996,21,0.594653778
6/5/1996,16,0.453069545
6/6/1996,15,0.424752699
6/7/1996,14,0.396435852
6/8/1996,60,1.699010796
6/9/1996,50,1.41584233
6/10/1996,32,0.906139091
6/11/1996,20,0.566336932
6/12/1996,14,0.396435852
6/13/1996,15,0.424752699
6/14/1996,26,0.736238011
6/15/1996,56,1.585743409
6/16/1996,135,3.82277429
6/17/1996,189,5.351884006
6/18/1996,218,6.173072557
6/19/1996,243,6.880993722
6/20/1996,244,6.909310568
6/21/1996,133,3.766140597
6/22/1996,85,2.40693196
6/23/1996,59,1.670693949
6/24/1996,48,1.359208636
6/25/1996,31,0.877822244
6/26/1996,22,0.622970625
6/27/1996,17,0.481386392
6/28/1996,15,0.424752699
6/29/1996,13,0.368119006
6/30/1996,11,0.311485313
7/1/1996,9.3,0.263346673
7/2/1996,7.9,0.223703088
7/3/1996,7.1,0.201049611
7/4/1996,6.5,0.184059503
7/5/1996,5.8,0.16423771
7/6/1996,6.1,0.172732764
7/7/1996,5.9,0.167069395
7/8/1996,5.1,0.144415918
7/9/1996,5,0.141584233
7/10/1996,5.5,0.155742656
7/11/1996,4.9,0.138752548
7/12/1996,4.7,0.133089179
7/13/1996,27,0.764554858
7/14/1996,99,2.803367813
7/15/1996,75,2.123763494
7/16/1996,75,2.123763494
7/17/1996,51,1.444159176
7/18/1996,44,1.24594125
7/19/1996,31,0.877822244
7/20/1996,19,0.538020085
7/21/1996,13,0.368119006
7/22/1996,10,0.283168466
7/23/1996,7.9,0.223703088
7/24/1996,8,0.226534773
7/25/1996,17,0.481386392
7/26/1996,116,3.284754205
7/27/1996,95,2.690100426
7/28/1996,63,1.783961335
7/29/1996,58,1.642377102
7/30/1996,35,0.991089631
7/31/1996,22,0.622970625
8/1/1996,36,1.019406477
8/2/1996,96,2.718417273
8/3/1996,154,4.360794375
8/4/1996,218,6.173072557
8/5/1996,124,3.511288977
8/6/1996,95,2.690100426
8/7/1996,71,2.010496108
8/8/1996,70,1.982179261
8/9/1996,107,3.029902585
8/10/1996,108,3.058219432
8/11/1996,74,2.095446648
8/12/1996,64,1.812278182
8/13/1996,75,2.123763494
8/14/1996,55,1.557426563
8/15/1996,41,1.16099071
8/16/1996,35,0.991089631
8/17/1996,28,0.792871705
8/18/1996,25,0.707921165
8/19/1996,20,0.566336932
8/20/1996,17,0.481386392
8/21/1996,18,0.509703239
8/22/1996,21,0.594653778
8/23/1996,19,0.538020085
8/24/1996,16,0.453069545
8/25/1996,15,0.424752699
8/26/1996,15,0.424752699
8/27/1996,41,1.16099071
8/28/1996,125,3.539605824
8/29/1996,61,1.727327642
8/30/1996,47,1.33089179
8/31/1996,46,1.302574943
9/1/1996,47,1.33089179
9/2/1996,37,1.047723324
9/3/1996,29,0.821188551
9/4/1996,26,0.736238011
9/5/1996,23,0.651287472
9/6/1996,19,0.538020085
9/7/1996,16,0.453069545
9/8/1996,13,0.368119006
9/9/1996,12,0.339802159
9/10/1996,11,0.311485313
9/11/1996,9.6,0.271841727
9/12/1996,8.8,0.24918825
9/13/1996,8.1,0.229366457
9/14/1996,7.5,0.212376349
9/15/1996,9.5,0.269010043
9/16/1996,22,0.622970625
9/17/1996,25,0.707921165
9/18/1996,21,0.594653778
9/19/1996,15,0.424752699
9/20/1996,13,0.368119006
9/21/1996,13,0.368119006
9/22/1996,181,5.125349233
9/23/1996,148,4.190893296
9/24/1996,49,1.387525483
9/25/1996,29,0.821188551
9/26/1996,20,0.566336932
9/27/1996,17,0.481386392
9/28/1996,21,0.594653778
9/29/1996,69,1.953862415
9/30/1996,48,1.359208636
10/1/1996,31,0.877822244
10/2/1996,23,0.651287472
10/3/1996,19,0.538020085
10/4/1996,17,0.481386392
10/5/1996,15,0.424752699
10/6/1996,18,0.509703239
10/7/1996,33,0.934455938
10/8/1996,54,1.529109716
10/9/1996,42,1.189307557
10/10/1996,30,0.849505398
10/11/1996,22,0.622970625
10/12/1996,16,0.453069545
10/13/1996,13,0.368119006
10/14/1996,11,0.311485313
10/15/1996,9.1,0.257683304
10/16/1996,8,0.226534773
10/17/1996,6.9,0.195386241
10/18/1996,6.1,0.172732764
10/19/1996,5.3,0.150079287
10/20/1996,5.1,0.144415918
10/21/1996,4.8,0.135920864
10/22/1996,4.8,0.135920864
10/23/1996,4.4,0.124594125
10/24/1996,4,0.113267386
10/25/1996,4.6,0.130257494
10/26/1996,5.5,0.155742656
10/27/1996,5.6,0.158574341
10/28/1996,6.5,0.184059503
10/29/1996,9.8,0.277505097
10/30/1996,8.8,0.24918825
10/31/1996,7.7,0.218039719
11/1/1996,6.8,0.192554557
11/2/1996,7.2,0.203881295
11/3/1996,6.6,0.186891188
11/4/1996,5.8,0.16423771
11/5/1996,6.5,0.184059503
11/6/1996,16,0.453069545
11/7/1996,31,0.877822244
11/8/1996,73,2.067129801
11/9/1996,66,1.868911875
11/10/1996,43,1.217624403
11/11/1996,28,0.792871705
11/12/1996,21,0.594653778
11/13/1996,17,0.481386392
11/14/1996,14,0.396435852
11/15/1996,12,0.339802159
11/16/1996,10,0.283168466
11/17/1996,9.8,0.277505097
11/18/1996,9.4,0.266178358
11/19/1996,9.9,0.280336781
11/20/1996,11,0.311485313
11/21/1996,12,0.339802159
11/22/1996,11,0.311485313
11/23/1996,10,0.283168466
11/24/1996,9.5,0.269010043
11/25/1996,10,0.283168466
11/26/1996,9.9,0.280336781
11/27/1996,9.4,0.266178358
11/28/1996,9.4,0.266178358
11/29/1996,11,0.311485313
11/30/1996,11,0.311485313
12/1/1996,283,8.013667586
12/2/1996,559,15.82911724
12/3/1996,193,5.465151392
12/4/1996,83,2.350298267
12/5/1996,58,1.642377102
12/6/1996,48,1.359208636
12/7/1996,46,1.302574943
12/8/1996,37,1.047723324
12/9/1996,31,0.877822244
12/10/1996,26,0.736238011
12/11/1996,23,0.651287472
12/12/1996,21,0.594653778
12/13/1996,19,0.538020085
12/14/1996,18,0.509703239
12/15/1996,17,0.481386392
12/16/1996,17,0.481386392
12/17/1996,22,0.622970625
12/18/1996,37,1.047723324
12/19/1996,42,1.189307557
12/20/1996,34,0.962772784
12/21/1996,28,0.792871705
12/22/1996,25,0.707921165
12/23/1996,22,0.622970625
12/24/1996,23,0.651287472
12/25/1996,24,0.679604318
12/26/1996,29,0.821188551
12/27/1996,47,1.33089179
12/28/1996,109,3.086536279
12/29/1996,142,4.020992216
12/30/1996,502,14.21505699
12/31/1996,467,13.22396736
1/1/1997,173,4.89881446
1/2/1997,157,4.445744915
1/3/1997,107,3.029902585
1/4/1997,83,2.350298267
1/5/1997,105,2.973268892
1/6/1997,78,2.208714034
1/7/1997,511,14.46990861
1/8/1997,706,19.99169369
1/9/1997,476,13.47881898
1/10/1997,375,10.61881747
1/11/1997,190,5.380200852
1/12/1997,131,3.709506904
1/13/1997,104,2.944952046
1/14/1997,89,2.520199347
1/15/1997,92,2.605149886
1/16/1997,370,10.47723324
1/17/1997,255,7.220795881
1/18/1997,152,4.304160682
1/19/1997,117,3.313071051
1/20/1997,101,2.860001506
1/21/1997,90,2.548516193
1/22/1997,91,2.57683304
1/23/1997,218,6.173072557
1/24/1997,501,14.18674014
1/25/1997,822,23.2764479
1/26/1997,434,12.28951142
1/27/1997,218,6.173072557
1/28/1997,293,8.296836051
1/29/1997,452,12.79921466
1/30/1997,289,8.183568665
1/31/1997,205,5.804953551
2/1/1997,168,4.757230227
2/2/1997,149,4.219210142
2/3/1997,134,3.794457443
2/4/1997,196,5.550101932
2/5/1997,664,18.80238614
2/6/1997,439,12.43109565
2/7/1997,227,6.427924176
2/8/1997,190,5.380200852
2/9/1997,170,4.813863921
2/10/1997,145,4.105942756
2/11/1997,143,4.049309063
2/12/1997,130,3.681190057
2/13/1997,268,7.588914887
2/14/1997,400,11.32673864
2/15/1997,328,9.287925682
2/16/1997,227,6.427924176
2/17/1997,172,4.870497614
2/18/1997,144,4.077625909
2/19/1997,130,3.681190057
2/20/1997,125,3.539605824
2/21/1997,767,21.71902134
2/22/1997,958,27.12753904
2/23/1997,625,17.69802912
2/24/1997,300,8.495053978
2/25/1997,1360,38.51091137
2/26/1997,1790,50.6871554
2/27/1997,1580,44.74061762
2/28/1997,1240,35.11288977
3/1/1997,759,21.49248656
3/2/1997,455,12.8841652
3/3/1997,319,9.033074063
3/4/1997,250,7.079211648
3/5/1997,200,5.663369318
3/6/1997,172,4.870497614
3/7/1997,137,3.879407983
3/8/1997,117,3.313071051
3/9/1997,106,3.001585739
3/10/1997,100,2.831684659
3/11/1997,126,3.567922671
3/12/1997,147,4.162576449
3/13/1997,413,11.69485764
3/14/1997,690,19.53862415
3/15/1997,289,8.183568665
3/16/1997,168,4.757230227
3/17/1997,132,3.73782375
3/18/1997,118,3.341387898
3/19/1997,110,3.114853125
3/20/1997,304,8.608321364
3/21/1997,964,27.29744011
3/22/1997,391,11.07188702
3/23/1997,207,5.861587245
3/24/1997,147,4.162576449
3/25/1997,119,3.369704744
3/26/1997,106,3.001585739
3/27/1997,96,2.718417273
3/28/1997,86,2.435248807
3/29/1997,82,2.321981421
3/30/1997,82,2.321981421
3/31/1997,120,3.398021591
4/1/1997,125,3.539605824
4/2/1997,83,2.350298267
4/3/1997,72,2.038812955
4/4/1997,64,1.812278182
4/5/1997,67,1.897228722
4/6/1997,150,4.247526989
4/7/1997,131,3.709506904
4/8/1997,80,2.265347727
4/9/1997,64,1.812278182
4/10/1997,55,1.557426563
4/11/1997,65,1.840595028
4/12/1997,221,6.258023097
4/13/1997,224,6.342973637
4/14/1997,122,3.454655284
4/15/1997,82,2.321981421
4/16/1997,70,1.982179261
4/17/1997,61,1.727327642
4/18/1997,52,1.472476023
4/19/1997,47,1.33089179
4/20/1997,45,1.274258097
4/21/1997,44,1.24594125
4/22/1997,41,1.16099071
4/23/1997,39,1.104357017
4/24/1997,40,1.132673864
4/25/1997,43,1.217624403
4/26/1997,117,3.313071051
4/27/1997,590,16.70693949
4/28/1997,754,21.35090233
4/29/1997,302,8.551687671
4/30/1997,151,4.275843835
5/1/1997,105,2.973268892
5/2/1997,81,2.293664574
5/3/1997,89,2.520199347
5/4/1997,80,2.265347727
5/5/1997,62,1.755644489
5/6/1997,48,1.359208636
5/7/1997,36,1.019406477
5/8/1997,31,0.877822244
5/9/1997,29,0.821188551
5/10/1997,29,0.821188551
5/11/1997,25,0.707921165
5/12/1997,23,0.651287472
5/13/1997,21,0.594653778
5/14/1997,19,0.538020085
5/15/1997,17,0.481386392
5/16/1997,17,0.481386392
5/17/1997,16,0.453069545
5/18/1997,16,0.453069545
5/19/1997,356,10.08079739
5/20/1997,626,17.72634597
5/21/1997,629,17.81129651
5/22/1997,1450,41.05942756
5/23/1997,576,16.31050364
5/24/1997,226,6.39960733
5/25/1997,1430,40.49309063
5/26/1997,808,22.88001205
5/27/1997,295,8.353469745
5/28/1997,161,4.559012301
5/29/1997,290,8.211885512
5/30/1997,504,14.27169068
5/31/1997,366,10.36396585
6/1/1997,299,8.466737131
6/2/1997,171,4.842180767
6/3/1997,108,3.058219432
6/4/1997,79,2.237030881
6/5/1997,70,1.982179261
6/6/1997,70,1.982179261
6/7/1997,74,2.095446648
6/8/1997,75,2.123763494
6/9/1997,73,2.067129801
6/10/1997,67,1.897228722
6/11/1997,65,1.840595028
6/12/1997,57,1.614060256
6/13/1997,57,1.614060256
6/14/1997,58,1.642377102
6/15/1997,48,1.359208636
6/16/1997,43,1.217624403
6/17/1997,42,1.189307557
6/18/1997,118,3.341387898
6/19/1997,212,6.003171478
6/20/1997,183,5.181982926
6/21/1997,93,2.633466733
6/22/1997,55,1.557426563
6/23/1997,42,1.189307557
6/24/1997,77,2.180397188
6/25/1997,533,15.09287923
6/26/1997,612,17.32991011
6/27/1997,509,14.41327492
6/28/1997,891,25.23031031
6/29/1997,774,21.91723926
6/30/1997,441,12.48772935
7/1/1997,221,6.258023097
7/2/1997,127,3.596239517
7/3/1997,83,2.350298267
7/4/1997,59,1.670693949
7/5/1997,50,1.41584233
7/6/1997,82,2.321981421
7/7/1997,287,8.126934972
7/8/1997,292,8.268519205
7/9/1997,167,4.728913381
7/10/1997,93,2.633466733
7/11/1997,145,4.105942756
7/12/1997,277,7.843766506
7/13/1997,124,3.511288977
7/14/1997,340,9.627727841
7/15/1997,568,16.08396886
7/16/1997,314,8.89148983
7/17/1997,163,4.615645994
7/18/1997,225,6.371290483
7/19/1997,167,4.728913381
7/20/1997,182,5.15366608
7/21/1997,323,9.146341449
7/22/1997,435,12.31782827
7/23/1997,826,23.38971528
7/24/1997,1010,28.60001506
7/25/1997,1600,45.30695455
7/26/1997,1020,28.88318352
7/27/1997,374,10.59050063
7/28/1997,177,5.012081847
7/29/1997,585,16.56535526
7/30/1997,551,15.60258247
7/31/1997,478,13.53545267
8/1/1997,790,22.37030881
8/2/1997,403,11.41168918
8/3/1997,191,5.408517699
8/4/1997,143,4.049309063
8/5/1997,234,6.626142103
8/6/1997,122,3.454655284
8/7/1997,94,2.66178358
8/8/1997,86,2.435248807
8/9/1997,93,2.633466733
8/10/1997,165,4.672279688
8/11/1997,200,5.663369318
8/12/1997,184,5.210299773
8/13/1997,100,2.831684659
8/14/1997,73,2.067129801
8/15/1997,48,1.359208636
8/16/1997,38,1.07604017
8/17/1997,35,0.991089631
8/18/1997,33,0.934455938
8/19/1997,31,0.877822244
8/20/1997,29,0.821188551
8/21/1997,27,0.764554858
8/22/1997,26,0.736238011
8/23/1997,24,0.679604318
8/24/1997,23,0.651287472
8/25/1997,22,0.622970625
8/26/1997,21,0.594653778
8/27/1997,19,0.538020085
8/28/1997,17,0.481386392
8/29/1997,16,0.453069545
8/30/1997,15,0.424752699
8/31/1997,14,0.396435852
9/1/1997,13,0.368119006
9/2/1997,11,0.311485313
9/3/1997,10,0.283168466
9/4/1997,12,0.339802159
9/5/1997,11,0.311485313
9/6/1997,9.4,0.266178358
9/7/1997,8.3,0.235029827
9/8/1997,7.8,0.220871403
9/9/1997,7.8,0.220871403
9/10/1997,7.6,0.215208034
9/11/1997,7.4,0.209544665
9/12/1997,6.9,0.195386241
9/13/1997,6.8,0.192554557
9/14/1997,6.4,0.181227818
9/15/1997,6,0.16990108
9/16/1997,5.8,0.16423771
9/17/1997,5.2,0.147247602
9/18/1997,4.9,0.138752548
9/19/1997,4.7,0.133089179
9/20/1997,4.4,0.124594125
9/21/1997,4.1,0.116099071
9/22/1997,4.3,0.12176244
9/23/1997,4.8,0.135920864
9/24/1997,5.1,0.144415918
9/25/1997,6.7,0.189722872
9/26/1997,6.9,0.195386241
9/27/1997,8,0.226534773
9/28/1997,7.9,0.223703088
9/29/1997,8,0.226534773
9/30/1997,7.3,0.20671298
10/1/1997,6.5,0.184059503
10/2/1997,5.8,0.16423771
10/3/1997,5.2,0.147247602
10/4/1997,4.8,0.135920864
10/5/1997,4.5,0.12742581
10/6/1997,4.4,0.124594125
10/7/1997,4.3,0.12176244
10/8/1997,4.4,0.124594125
10/9/1997,4.4,0.124594125
10/10/1997,4.3,0.12176244
10/11/1997,4,0.113267386
10/12/1997,4.3,0.12176244
10/13/1997,11,0.311485313
10/14/1997,21,0.594653778
10/15/1997,27,0.764554858
10/16/1997,26,0.736238011
10/17/1997,17,0.481386392
10/18/1997,12,0.339802159
10/19/1997,9.4,0.266178358
10/20/1997,7.9,0.223703088
10/21/1997,6.7,0.189722872
10/22/1997,6,0.16990108
10/23/1997,5.9,0.167069395
10/24/1997,7.3,0.20671298
10/25/1997,11,0.311485313
10/26/1997,40,1.132673864
10/27/1997,47,1.33089179
10/28/1997,37,1.047723324
10/29/1997,24,0.679604318
10/30/1997,18,0.509703239
10/31/1997,16,0.453069545
11/1/1997,16,0.453069545
11/2/1997,18,0.509703239
11/3/1997,30,0.849505398
11/4/1997,26,0.736238011
11/5/1997,20,0.566336932
11/6/1997,17,0.481386392
11/7/1997,15,0.424752699
11/8/1997,13,0.368119006
11/9/1997,11,0.311485313
11/10/1997,11,0.311485313
11/11/1997,11,0.311485313
11/12/1997,76,2.152080341
11/13/1997,254,7.192479034
11/14/1997,150,4.247526989
11/15/1997,73,2.067129801
11/16/1997,47,1.33089179
11/17/1997,33,0.934455938
11/18/1997,28,0.792871705
11/19/1997,27,0.764554858
11/20/1997,28,0.792871705
11/21/1997,203,5.748319858
11/22/1997,1270,35.96239517
11/23/1997,361,10.22238162
11/24/1997,155,4.389111222
11/25/1997,94,2.66178358
11/26/1997,69,1.953862415
11/27/1997,56,1.585743409
11/28/1997,46,1.302574943
11/29/1997,3910,110.7188702
11/30/1997,3710,105.0555009
12/1/1997,1060,30.01585739
12/2/1997,358,10.13743108
12/3/1997,347,9.825945767
12/4/1997,546,15.46099824
12/5/1997,317,8.97644037
12/6/1997,198,5.606735625
12/7/1997,157,4.445744915
12/8/1997,238,6.739409489
12/9/1997,291,8.240202358
12/10/1997,202,5.720003012
12/11/1997,154,4.360794375
12/12/1997,132,3.73782375
12/13/1997,116,3.284754205
12/14/1997,104,2.944952046
12/15/1997,92,2.605149886
12/16/1997,81,2.293664574
12/17/1997,76,2.152080341
12/18/1997,69,1.953862415
12/19/1997,64,1.812278182
12/20/1997,59,1.670693949
12/21/1997,62,1.755644489
12/22/1997,182,5.15366608
12/23/1997,174,4.927131307
12/24/1997,346,9.797628921
12/25/1997,297,8.410103438
12/26/1997,165,4.672279688
12/27/1997,188,5.323567159
12/28/1997,214,6.059805171
12/29/1997,150,4.247526989
12/30/1997,119,3.369704744
12/31/1997,96,2.718417273
1/1/1998,81,2.293664574
1/2/1998,73,2.067129801
1/3/1998,70,1.982179261
1/4/1998,68,1.925545568
1/5/1998,1090,30.86536279
1/6/1998,1890,53.51884006
1/7/1998,5070,143.5664122
1/8/1998,4460,126.2931358
1/9/1998,1310,37.09506904
1/10/1998,520,14.72476023
1/11/1998,370,10.47723324
1/12/1998,1990,56.35052472
1/13/1998,2990,84.66737131
1/14/1998,1890,53.51884006
1/15/1998,1500,42.47526989
1/16/1998,1110,31.43169972
1/17/1998,620,17.55644489
1/18/1998,404,11.44000602
1/19/1998,276,7.815449659
1/20/1998,232,6.569508409
1/21/1998,210,5.946537784
1/22/1998,1250,35.39605824
1/23/1998,1380,39.0772483
1/24/1998,764,21.6340708
1/25/1998,360,10.19406477
1/26/1998,610,17.27327642
1/27/1998,1430,40.49309063
1/28/1998,869,24.60733969
1/29/1998,405,11.46832287
1/30/1998,280,7.928717046
1/31/1998,245,6.937627415
2/1/1998,210,5.946537784
2/2/1998,200,5.663369318
2/3/1998,487,13.79030429
2/4/1998,379,10.73208486
2/5/1998,239,6.767726335
2/6/1998,195,5.521785085
2/7/1998,175,4.955448154
2/8/1998,162,4.587329148
2/9/1998,149,4.219210142
2/10/1998,137,3.879407983
2/11/1998,416,11.77980818
2/12/1998,291,8.240202358
2/13/1998,188,5.323567159
2/14/1998,147,4.162576449
2/15/1998,195,5.521785085
2/16/1998,1470,41.62576449
2/17/1998,1110,31.43169972
2/18/1998,553,15.65921617
2/19/1998,311,8.80653929
2/20/1998,247,6.994261108
2/21/1998,206,5.833270398
2/22/1998,383,10.84535224
2/23/1998,482,13.64872006
2/24/1998,274,7.758815966
2/25/1998,196,5.550101932
2/26/1998,186,5.266933466
2/27/1998,353,9.995846847
2/28/1998,269,7.617231733
3/1/1998,178,5.040398693
3/2/1998,140,3.964358523
3/3/1998,120,3.398021591
3/4/1998,114,3.228120511
3/5/1998,127,3.596239517
3/6/1998,205,5.804953551
3/7/1998,1680,47.57230227
3/8/1998,4730,133.9386844
3/9/1998,2470,69.94261108
3/10/1998,764,21.6340708
3/11/1998,408,11.55327341
3/12/1998,315,8.919806676
3/13/1998,266,7.532281193
3/14/1998,231,6.541191563
3/15/1998,203,5.748319858
3/16/1998,178,5.040398693
3/17/1998,843,23.87110168
3/18/1998,1070,30.29902585
3/19/1998,1290,36.5287321
3/20/1998,656,18.57585136
3/21/1998,365,10.33564901
3/22/1998,250,7.079211648
3/23/1998,210,5.946537784
3/24/1998,190,5.380200852
3/25/1998,150,4.247526989
3/26/1998,130,3.681190057
3/27/1998,120,3.398021591
3/28/1998,110,3.114853125
3/29/1998,100,2.831684659
3/30/1998,92,2.605149886
3/31/1998,84,2.378615114
4/1/1998,115,3.256437358
4/2/1998,140,3.964358523
4/3/1998,150,4.247526989
4/4/1998,142,4.020992216
4/5/1998,100,2.831684659
4/6/1998,79,2.237030881
4/7/1998,70,1.982179261
4/8/1998,69,1.953862415
4/9/1998,73,2.067129801
4/10/1998,66,1.868911875
4/11/1998,55,1.557426563
4/12/1998,47,1.33089179
4/13/1998,42,1.189307557
4/14/1998,41,1.16099071
4/15/1998,41,1.16099071
4/16/1998,42,1.189307557
4/17/1998,43,1.217624403
4/18/1998,55,1.557426563
4/19/1998,180,5.097032387
4/20/1998,121,3.426338438
4/21/1998,75,2.123763494
4/22/1998,51,1.444159176
4/23/1998,41,1.16099071
4/24/1998,35,0.991089631
4/25/1998,32,0.906139091
4/26/1998,29,0.821188551
4/27/1998,27,0.764554858
4/28/1998,417,11.80812503
4/29/1998,719,20.3598127
4/30/1998,436,12.34614511
5/1/1998,195,5.521785085
5/2/1998,116,3.284754205
5/3/1998,85,2.40693196
5/4/1998,83,2.350298267
5/5/1998,72,2.038812955
5/6/1998,52,1.472476023
5/7/1998,61,1.727327642
5/8/1998,94,2.66178358
5/9/1998,60,1.699010796
5/10/1998,42,1.189307557
5/11/1998,33,0.934455938
5/12/1998,27,0.764554858
5/13/1998,23,0.651287472
5/14/1998,20,0.566336932
5/15/1998,18,0.509703239
5/16/1998,16,0.453069545
5/17/1998,16,0.453069545
5/18/1998,15,0.424752699
5/19/1998,13,0.368119006
5/20/1998,12,0.339802159
5/21/1998,11,0.311485313
5/22/1998,10,0.283168466
5/23/1998,9.1,0.257683304
5/24/1998,8.9,0.252019935
5/25/1998,8.6,0.243524881
5/26/1998,8.3,0.235029827
5/27/1998,8.1,0.229366457
5/28/1998,8.1,0.229366457
5/29/1998,8.6,0.243524881
5/30/1998,13,0.368119006
5/31/1998,16,0.453069545
6/1/1998,16,0.453069545
6/2/1998,17,0.481386392
6/3/1998,13,0.368119006
6/4/1998,9.8,0.277505097
6/5/1998,9.9,0.280336781
6/6/1998,37,1.047723324
6/7/1998,52,1.472476023
6/8/1998,59,1.670693949
6/9/1998,36,1.019406477
6/10/1998,26,0.736238011
6/11/1998,20,0.566336932
6/12/1998,15,0.424752699
6/13/1998,12,0.339802159
6/14/1998,9.2,0.260514989
6/15/1998,8.1,0.229366457
6/16/1998,6.7,0.189722872
6/17/1998,6.2,0.175564449
6/18/1998,5.7,0.161406026
6/19/1998,5.2,0.147247602
6/20/1998,6,0.16990108
6/21/1998,17,0.481386392
6/22/1998,62,1.755644489
6/23/1998,38,1.07604017
6/24/1998,21,0.594653778
6/25/1998,13,0.368119006
6/26/1998,8.4,0.237861511
6/27/1998,6.4,0.181227818
6/28/1998,4.7,0.133089179
6/29/1998,4.3,0.12176244
6/30/1998,4.2,0.118930756
7/1/1998,4,0.113267386
7/2/1998,112,3.171486818
7/3/1998,78,2.208714034
7/4/1998,37,1.047723324
7/5/1998,23,0.651287472
7/6/1998,157,4.445744915
7/7/1998,83,2.350298267
7/8/1998,42,1.189307557
7/9/1998,24,0.679604318
7/10/1998,18,0.509703239
7/11/1998,307,8.693271904
7/12/1998,114,3.228120511
7/13/1998,60,1.699010796
7/14/1998,220,6.22970625
7/15/1998,315,8.919806676
7/16/1998,110,3.114853125
7/17/1998,155,4.389111222
7/18/1998,83,2.350298267
7/19/1998,47,1.33089179
7/20/1998,30,0.849505398
7/21/1998,21,0.594653778
7/22/1998,17,0.481386392
7/23/1998,18,0.509703239
7/24/1998,21,0.594653778
7/25/1998,34,0.962772784
7/26/1998,58,1.642377102
7/27/1998,159,4.502378608
7/28/1998,79,2.237030881
7/29/1998,59,1.670693949
7/30/1998,46,1.302574943
7/31/1998,28,0.792871705
8/1/1998,19,0.538020085
8/2/1998,15,0.424752699
8/3/1998,11,0.311485313
8/4/1998,7.9,0.223703088
8/5/1998,5.8,0.16423771
8/6/1998,4.5,0.12742581
8/7/1998,4.3,0.12176244
8/8/1998,7,0.198217926
8/9/1998,16,0.453069545
8/10/1998,11,0.311485313
8/11/1998,8.7,0.246356565
8/12/1998,7.2,0.203881295
8/13/1998,4.4,0.124594125
8/14/1998,7.1,0.201049611
8/15/1998,82,2.321981421
8/16/1998,325,9.202975142
8/17/1998,132,3.73782375
8/18/1998,192,5.436834546
8/19/1998,88,2.4918825
8/20/1998,81,2.293664574
8/21/1998,206,5.833270398
8/22/1998,96,2.718417273
8/23/1998,55,1.557426563
8/24/1998,40,1.132673864
8/25/1998,30,0.849505398
8/26/1998,22,0.622970625
8/27/1998,15,0.424752699
8/28/1998,11,0.311485313
8/29/1998,7.6,0.215208034
8/30/1998,33,0.934455938
8/31/1998,58,1.642377102
9/1/1998,120,3.398021591
9/2/1998,174,4.927131307
9/3/1998,64,1.812278182
9/4/1998,35,0.991089631
9/5/1998,24,0.679604318
9/6/1998,15,0.424752699
9/7/1998,12,0.339802159
9/8/1998,11,0.311485313
9/9/1998,8.4,0.237861511
9/10/1998,13,0.368119006
9/11/1998,209,5.918220938
9/12/1998,2000,56.63369318
9/13/1998,1390,39.36041676
9/14/1998,366,10.36396585
9/15/1998,173,4.89881446
9/16/1998,108,3.058219432
9/17/1998,72,2.038812955
9/18/1998,177,5.012081847
9/19/1998,501,14.18674014
9/20/1998,522,14.78139392
9/21/1998,752,21.29426864
9/22/1998,523,14.80971077
9/23/1998,468,13.25228421
9/24/1998,238,6.739409489
9/25/1998,140,3.964358523
9/26/1998,92,2.605149886
9/27/1998,71,2.010496108
9/28/1998,4080,115.5327341
9/29/1998,7590,214.9248656
9/30/1998,3100,87.78222444
10/1/1998,987,27.94872759
10/2/1998,411,11.63822395
10/3/1998,266,7.532281193
10/4/1998,203,5.748319858
10/5/1998,229,6.48455787
10/6/1998,395,11.1851544
10/7/1998,408,11.55327341
10/8/1998,686,19.42535676
10/9/1998,364,10.30733216
10/10/1998,202,5.720003012
10/11/1998,129,3.65287321
10/12/1998,113,3.199803665
10/13/1998,105,2.973268892
10/14/1998,97,2.746734119
10/15/1998,86,2.435248807
10/16/1998,78,2.208714034
10/17/1998,71,2.010496108
10/18/1998,67,1.897228722
10/19/1998,65,1.840595028
10/20/1998,61,1.727327642
10/21/1998,57,1.614060256
10/22/1998,52,1.472476023
10/23/1998,44,1.24594125
10/24/1998,40,1.132673864
10/25/1998,37,1.047723324
10/26/1998,35,0.991089631
10/27/1998,33,0.934455938
10/28/1998,31,0.877822244
10/29/1998,30,0.849505398
10/30/1998,29,0.821188551
10/31/1998,29,0.821188551
11/1/1998,28,0.792871705
11/2/1998,27,0.764554858
11/3/1998,33,0.934455938
11/4/1998,34,0.962772784
11/5/1998,33,0.934455938
11/6/1998,30,0.849505398
11/7/1998,27,0.764554858
11/8/1998,25,0.707921165
11/9/1998,24,0.679604318
11/10/1998,25,0.707921165
11/11/1998,154,4.360794375
11/12/1998,103,2.916635199
11/13/1998,73,2.067129801
11/14/1998,54,1.529109716
11/15/1998,150,4.247526989
11/16/1998,425,12.0346598
11/17/1998,319,9.033074063
11/18/1998,174,4.927131307
11/19/1998,109,3.086536279
11/20/1998,82,2.321981421
11/21/1998,68,1.925545568
11/22/1998,56,1.585743409
11/23/1998,100,2.831684659
11/24/1998,90,2.548516193
11/25/1998,70,1.982179261
11/26/1998,60,1.699010796
11/27/1998,49,1.387525483
11/28/1998,43,1.217624403
11/29/1998,39,1.104357017
11/30/1998,36,1.019406477
12/1/1998,34,0.962772784
12/2/1998,32,0.906139091
12/3/1998,31,0.877822244
12/4/1998,31,0.877822244
12/5/1998,30,0.849505398
12/6/1998,30,0.849505398
12/7/1998,30,0.849505398
12/8/1998,29,0.821188551
12/9/1998,28,0.792871705
12/10/1998,31,0.877822244
12/11/1998,32,0.906139091
12/12/1998,42,1.189307557
12/13/1998,59,1.670693949
12/14/1998,56,1.585743409
12/15/1998,47,1.33089179
12/16/1998,38,1.07604017
12/17/1998,31,0.877822244
12/18/1998,28,0.792871705
12/19/1998,26,0.736238011
12/20/1998,25,0.707921165
12/21/1998,25,0.707921165
12/22/1998,25,0.707921165
12/23/1998,23,0.651287472
12/24/1998,24,0.679604318
12/25/1998,38,1.07604017
12/26/1998,53,1.500792869
12/27/1998,55,1.557426563
12/28/1998,73,2.067129801
12/29/1998,149,4.219210142
12/30/1998,116,3.284754205
12/31/1998,77,2.180397188
1/1/1999,56,1.585743409
1/2/1999,136,3.851091137
1/3/1999,508,14.38495807
1/4/1999,254,7.192479034
1/5/1999,140,3.964358523
1/6/1999,101,2.860001506
1/7/1999,91,2.57683304
1/8/1999,95,2.690100426
1/9/1999,326,9.231291989
1/10/1999,486,13.76198744
1/11/1999,224,6.342973637
1/12/1999,149,4.219210142
1/13/1999,118,3.341387898
1/14/1999,99,2.803367813
1/15/1999,85,2.40693196
1/16/1999,74,2.095446648
1/17/1999,67,1.897228722
1/18/1999,63,1.783961335
1/19/1999,58,1.642377102
1/20/1999,51,1.444159176
1/21/1999,47,1.33089179
1/22/1999,47,1.33089179
1/23/1999,748,21.18100125
1/24/1999,550,15.57426563
1/25/1999,231,6.541191563
1/26/1999,151,4.275843835
1/27/1999,118,3.341387898
1/28/1999,101,2.860001506
1/29/1999,95,2.690100426
1/30/1999,219,6.201389404
1/31/1999,314,8.89148983
2/1/1999,253,7.164162188
2/2/1999,167,4.728913381
2/3/1999,127,3.596239517
2/4/1999,108,3.058219432
2/5/1999,92,2.605149886
2/6/1999,77,2.180397188
2/7/1999,69,1.953862415
2/8/1999,63,1.783961335
2/9/1999,58,1.642377102
2/10/1999,54,1.529109716
2/11/1999,51,1.444159176
2/12/1999,47,1.33089179
2/13/1999,43,1.217624403
2/14/1999,39,1.104357017
2/15/1999,36,1.019406477
2/16/1999,34,0.962772784
2/17/1999,35,0.991089631
2/18/1999,62,1.755644489
2/19/1999,69,1.953862415
2/20/1999,60,1.699010796
2/21/1999,46,1.302574943
2/22/1999,38,1.07604017
2/23/1999,35,0.991089631
2/24/1999,32,0.906139091
2/25/1999,29,0.821188551
2/26/1999,27,0.764554858
2/27/1999,26,0.736238011
2/28/1999,38,1.07604017
3/1/1999,98,2.775050966
3/2/1999,91,2.57683304
3/3/1999,67,1.897228722
3/4/1999,71,2.010496108
3/5/1999,59,1.670693949
3/6/1999,47,1.33089179
3/7/1999,42,1.189307557
3/8/1999,39,1.104357017
3/9/1999,226,6.39960733
3/10/1999,525,14.86634446
3/11/1999,275,7.787132813
3/12/1999,146,4.134259602
3/13/1999,1120,31.71486818
3/14/1999,2660,75.32281193
3/15/1999,1620,45.87329148
3/16/1999,627,17.75466281
3/17/1999,296,8.381786591
3/18/1999,222,6.286339943
3/19/1999,178,5.040398693
3/20/1999,146,4.134259602
3/21/1999,126,3.567922671
3/22/1999,120,3.398021591
3/23/1999,103,2.916635199
3/24/1999,86,2.435248807
3/25/1999,84,2.378615114
3/26/1999,95,2.690100426
3/27/1999,109,3.086536279
3/28/1999,84,2.378615114
3/29/1999,75,2.123763494
3/30/1999,81,2.293664574
3/31/1999,227,6.427924176
4/1/1999,239,6.767726335
4/2/1999,146,4.134259602
4/3/1999,99,2.803367813
4/4/1999,81,2.293664574
4/5/1999,74,2.095446648
4/6/1999,72,2.038812955
4/7/1999,69,1.953862415
4/8/1999,59,1.670693949
4/9/1999,52,1.472476023
4/10/1999,44,1.24594125
4/11/1999,39,1.104357017
4/12/1999,33,0.934455938
4/13/1999,28,0.792871705
4/14/1999,25,0.707921165
4/15/1999,24,0.679604318
4/16/1999,21,0.594653778
4/17/1999,19,0.538020085
4/18/1999,18,0.509703239
4/19/1999,17,0.481386392
4/20/1999,16,0.453069545
4/21/1999,16,0.453069545
4/22/1999,15,0.424752699
4/23/1999,14,0.396435852
4/24/1999,14,0.396435852
4/25/1999,13,0.368119006
4/26/1999,12,0.339802159
4/27/1999,17,0.481386392
4/28/1999,27,0.764554858
4/29/1999,22,0.622970625
4/30/1999,16,0.453069545
5/1/1999,12,0.339802159
5/2/1999,10,0.283168466
5/3/1999,8.5,0.240693196
5/4/1999,12,0.339802159
5/5/1999,20,0.566336932
5/6/1999,14,0.396435852
5/7/1999,11,0.311485313
5/8/1999,10,0.283168466
5/9/1999,9.4,0.266178358
5/10/1999,9.2,0.260514989
5/11/1999,9,0.254851619
5/12/1999,15,0.424752699
5/13/1999,67,1.897228722
5/14/1999,32,0.906139091
5/15/1999,21,0.594653778
5/16/1999,14,0.396435852
5/17/1999,11,0.311485313
5/18/1999,9.2,0.260514989
5/19/1999,6.7,0.189722872
5/20/1999,5.5,0.155742656
5/21/1999,4.8,0.135920864
5/22/1999,4.7,0.133089179
5/23/1999,5.7,0.161406026
5/24/1999,80,2.265347727
5/25/1999,69,1.953862415
5/26/1999,27,0.764554858
5/27/1999,19,0.538020085
5/28/1999,18,0.509703239
5/29/1999,334,9.457826762
5/30/1999,343,9.712678381
5/31/1999,279,7.900400199
6/1/1999,450,12.74258097
6/2/1999,220,6.22970625
6/3/1999,94,2.66178358
6/4/1999,50,1.41584233
6/5/1999,32,0.906139091
6/6/1999,25,0.707921165
6/7/1999,23,0.651287472
6/8/1999,26,0.736238011
6/9/1999,33,0.934455938
6/10/1999,34,0.962772784
6/11/1999,45,1.274258097
6/12/1999,27,0.764554858
6/13/1999,25,0.707921165
6/14/1999,28,0.792871705
6/15/1999,26,0.736238011
6/16/1999,38,1.07604017
6/17/1999,24,0.679604318
6/18/1999,19,0.538020085
6/19/1999,17,0.481386392
6/20/1999,16,0.453069545
6/21/1999,14,0.396435852
6/22/1999,13,0.368119006
6/23/1999,11,0.311485313
6/24/1999,10,0.283168466
6/25/1999,21,0.594653778
6/26/1999,70,1.982179261
6/27/1999,133,3.766140597
6/28/1999,93,2.633466733
6/29/1999,45,1.274258097
6/30/1999,28,0.792871705
7/1/1999,21,0.594653778
7/2/1999,17,0.481386392
7/3/1999,15,0.424752699
7/4/1999,13,0.368119006
7/5/1999,19,0.538020085
7/6/1999,19,0.538020085
7/7/1999,16,0.453069545
7/8/1999,153,4.332477529
7/9/1999,276,7.815449659
7/10/1999,92,2.605149886
7/11/1999,57,1.614060256
7/12/1999,41,1.16099071
7/13/1999,343,9.712678381
7/14/1999,187,5.295250313
7/15/1999,83,2.350298267
7/16/1999,80,2.265347727
7/17/1999,154,4.360794375
7/18/1999,184,5.210299773
7/19/1999,92,2.605149886
7/20/1999,100,2.831684659
7/21/1999,78,2.208714034
7/22/1999,55,1.557426563
7/23/1999,32,0.906139091
7/24/1999,27,0.764554858
7/25/1999,55,1.557426563
7/26/1999,103,2.916635199
7/27/1999,138,3.90772483
7/28/1999,82,2.321981421
7/29/1999,45,1.274258097
7/30/1999,725,20.52971378
7/31/1999,1260,35.67922671
8/1/1999,255,7.220795881
8/2/1999,121,3.426338438
8/3/1999,74,2.095446648
8/4/1999,49,1.387525483
8/5/1999,34,0.962772784
8/6/1999,28,0.792871705
8/7/1999,24,0.679604318
8/8/1999,21,0.594653778
8/9/1999,311,8.80653929
8/10/1999,818,23.16318051
8/11/1999,139,3.936041676
8/12/1999,72,2.038812955
8/13/1999,43,1.217624403
8/14/1999,33,0.934455938
8/15/1999,26,0.736238011
8/16/1999,22,0.622970625
8/17/1999,15,0.424752699
8/18/1999,13,0.368119006
8/19/1999,12,0.339802159
8/20/1999,11,0.311485313
8/21/1999,10,0.283168466
8/22/1999,10,0.283168466
8/23/1999,9.8,0.277505097
8/24/1999,20,0.566336932
8/25/1999,10,0.283168466
8/26/1999,8.4,0.237861511
8/27/1999,5.8,0.16423771
8/28/1999,7,0.198217926
8/29/1999,9.5,0.269010043
8/30/1999,8,0.226534773
8/31/1999,7.2,0.203881295
9/1/1999,6.3,0.178396134
9/2/1999,6,0.16990108
9/3/1999,5.8,0.16423771
9/4/1999,9.2,0.260514989
9/5/1999,8.4,0.237861511
9/6/1999,6.8,0.192554557
9/7/1999,9.1,0.257683304
9/8/1999,7.4,0.209544665
9/9/1999,6,0.16990108
9/10/1999,5.2,0.147247602
9/11/1999,4.7,0.133089179
9/12/1999,9,0.254851619
9/13/1999,6.2,0.175564449
9/14/1999,7.8,0.220871403
9/15/1999,6.6,0.186891188
9/16/1999,5.5,0.155742656
9/17/1999,5.2,0.147247602
9/18/1999,7.9,0.223703088
9/19/1999,5,0.141584233
9/20/1999,6,0.16990108
9/21/1999,8,0.226534773
9/22/1999,6.4,0.181227818
9/23/1999,7.4,0.209544665
9/24/1999,6.7,0.189722872
9/25/1999,6.3,0.178396134
9/26/1999,5.5,0.155742656
9/27/1999,5.2,0.147247602
9/28/1999,5,0.141584233
9/29/1999,4.8,0.135920864
9/30/1999,4.6,0.130257494
10/1/1999,4.6,0.130257494
10/2/1999,4.4,0.124594125
10/3/1999,4.3,0.12176244
10/4/1999,4.1,0.116099071
10/5/1999,3.9,0.110435702
10/6/1999,3.8,0.107604017
10/7/1999,3.8,0.107604017
10/8/1999,5.6,0.158574341
10/9/1999,46,1.302574943
10/10/1999,86,2.435248807
10/11/1999,70,1.982179261
10/12/1999,38,1.07604017
10/13/1999,22,0.622970625
10/14/1999,15,0.424752699
10/15/1999,10,0.283168466
10/16/1999,7.8,0.220871403
10/17/1999,6.5,0.184059503
10/18/1999,5.5,0.155742656
10/19/1999,4.7,0.133089179
10/20/1999,4.6,0.130257494
10/21/1999,4.4,0.124594125
10/22/1999,4.3,0.12176244
10/23/1999,4.2,0.118930756
10/24/1999,4,0.113267386
10/25/1999,3.9,0.110435702
10/26/1999,3.8,0.107604017
10/27/1999,3.9,0.110435702
10/28/1999,3.8,0.107604017
10/29/1999,3.8,0.107604017
10/30/1999,3.8,0.107604017
10/31/1999,6.7,0.189722872
11/1/1999,39,1.104357017
11/2/1999,26,0.736238011
11/3/1999,13,0.368119006
11/4/1999,8.4,0.237861511
11/5/1999,6.6,0.186891188
11/6/1999,5.5,0.155742656
11/7/1999,4.9,0.138752548
11/8/1999,4.8,0.135920864
11/9/1999,4.7,0.133089179
11/10/1999,4.6,0.130257494
11/11/1999,4.5,0.12742581
11/12/1999,4.3,0.12176244
11/13/1999,4.2,0.118930756
11/14/1999,4.1,0.116099071
11/15/1999,4,0.113267386
11/16/1999,4,0.113267386
11/17/1999,4,0.113267386
11/18/1999,3.9,0.110435702
11/19/1999,4,0.113267386
11/20/1999,4,0.113267386
11/21/1999,4,0.113267386
11/22/1999,4.2,0.118930756
11/23/1999,4.4,0.124594125
11/24/1999,4.4,0.124594125
11/25/1999,4.5,0.12742581
11/26/1999,4.6,0.130257494
11/27/1999,4.6,0.130257494
11/28/1999,4.6,0.130257494
11/29/1999,4.6,0.130257494
11/30/1999,4.6,0.130257494
12/1/1999,4.4,0.124594125
12/2/1999,4.4,0.124594125
12/3/1999,4.4,0.124594125
12/4/1999,4.4,0.124594125
12/5/1999,5,0.141584233
12/6/1999,5.7,0.161406026
12/7/1999,7.1,0.201049611
12/8/1999,6.7,0.189722872
12/9/1999,6,0.16990108
12/10/1999,6.2,0.175564449
12/11/1999,6.2,0.175564449
12/12/1999,6.6,0.186891188
12/13/1999,29,0.821188551
12/14/1999,26,0.736238011
12/15/1999,16,0.453069545
12/16/1999,11,0.311485313
12/17/1999,9.6,0.271841727
12/18/1999,16,0.453069545
12/19/1999,98,2.775050966
12/20/1999,61,1.727327642
12/21/1999,193,5.465151392
12/22/1999,138,3.90772483
12/23/1999,68,1.925545568
12/24/1999,38,1.07604017
12/25/1999,27,0.764554858
12/26/1999,21,0.594653778
12/27/1999,18,0.509703239
12/28/1999,16,0.453069545
12/29/1999,14,0.396435852
12/30/1999,13,0.368119006
12/31/1999,12,0.339802159
1/1/2000,12,0.339802159
1/2/2000,14,0.396435852
1/3/2000,16,0.453069545
1/4/2000,18,0.509703239
1/5/2000,23,0.651287472
1/6/2000,23,0.651287472
1/7/2000,21,0.594653778
1/8/2000,18,0.509703239
1/9/2000,17,0.481386392
1/10/2000,184,5.210299773
1/11/2000,160,4.530695455
1/12/2000,89,2.520199347
1/13/2000,54,1.529109716
1/14/2000,38,1.07604017
1/15/2000,31,0.877822244
1/16/2000,27,0.764554858
1/17/2000,23,0.651287472
1/18/2000,23,0.651287472
1/19/2000,21,0.594653778
1/20/2000,19,0.538020085
1/21/2000,17,0.481386392
1/22/2000,16,0.453069545
1/23/2000,16,0.453069545
1/24/2000,51,1.444159176
1/25/2000,81,2.293664574
1/26/2000,60,1.699010796
1/27/2000,41,1.16099071
1/28/2000,34,0.962772784
1/29/2000,36,1.019406477
1/30/2000,40,1.132673864
1/31/2000,41,1.16099071
2/1/2000,36,1.019406477
2/2/2000,31,0.877822244
2/3/2000,26,0.736238011
2/4/2000,24,0.679604318
2/5/2000,22,0.622970625
2/6/2000,19,0.538020085
2/7/2000,18,0.509703239
2/8/2000,18,0.509703239
2/9/2000,17,0.481386392
2/10/2000,17,0.481386392
2/11/2000,17,0.481386392
2/12/2000,16,0.453069545
2/13/2000,25,0.707921165
2/14/2000,250,7.079211648
2/15/2000,142,4.020992216
2/16/2000,71,2.010496108
2/17/2000,47,1.33089179
2/18/2000,38,1.07604017
2/19/2000,32,0.906139091
2/20/2000,26,0.736238011
2/21/2000,22,0.622970625
2/22/2000,19,0.538020085
2/23/2000,18,0.509703239
2/24/2000,17,0.481386392
2/25/2000,16,0.453069545
2/26/2000,16,0.453069545
2/27/2000,21,0.594653778
2/28/2000,80,2.265347727
2/29/2000,60,1.699010796
3/1/2000,41,1.16099071
3/2/2000,30,0.849505398
3/3/2000,25,0.707921165
3/4/2000,21,0.594653778
3/5/2000,19,0.538020085
3/6/2000,17,0.481386392
3/7/2000,15,0.424752699
3/8/2000,14,0.396435852
3/9/2000,13,0.368119006
3/10/2000,12,0.339802159
3/11/2000,12,0.339802159
3/12/2000,23,0.651287472
3/13/2000,26,0.736238011
3/14/2000,24,0.679604318
3/15/2000,21,0.594653778
3/16/2000,21,0.594653778
3/17/2000,26,0.736238011
3/18/2000,25,0.707921165
3/19/2000,501,14.18674014
3/20/2000,622,17.61307858
3/21/2000,223,6.31465679
3/22/2000,132,3.73782375
3/23/2000,105,2.973268892
3/24/2000,97,2.746734119
3/25/2000,79,2.237030881
3/26/2000,68,1.925545568
3/27/2000,69,1.953862415
3/28/2000,71,2.010496108
3/29/2000,70,1.982179261
3/30/2000,227,6.427924176
3/31/2000,141,3.992675369
4/1/2000,77,2.180397188
4/2/2000,50,1.41584233
4/3/2000,47,1.33089179
4/4/2000,259,7.334063267
4/5/2000,209,5.918220938
4/6/2000,116,3.284754205
4/7/2000,77,2.180397188
4/8/2000,68,1.925545568
4/9/2000,78,2.208714034
4/10/2000,64,1.812278182
4/11/2000,56,1.585743409
4/12/2000,31,0.877822244
4/13/2000,136,3.851091137
4/14/2000,778,22.03050665
4/15/2000,220,6.22970625
4/16/2000,132,3.73782375
4/17/2000,87,2.463565654
4/18/2000,56,1.585743409
4/19/2000,38,1.07604017
4/20/2000,28,0.792871705
4/21/2000,23,0.651287472
4/22/2000,19,0.538020085
4/23/2000,15,0.424752699
4/24/2000,16,0.453069545
4/25/2000,20,0.566336932
4/26/2000,20,0.566336932
4/27/2000,15,0.424752699
4/28/2000,13,0.368119006
4/29/2000,12,0.339802159
4/30/2000,10,0.283168466
5/1/2000,9.1,0.257683304
5/2/2000,7.8,0.220871403
5/3/2000,6.5,0.184059503
5/4/2000,7.8,0.220871403
5/5/2000,10,0.283168466
5/6/2000,7.6,0.215208034
5/7/2000,6.2,0.175564449
5/8/2000,5.2,0.147247602
5/9/2000,4.8,0.135920864
5/10/2000,4.2,0.118930756
5/11/2000,3.9,0.110435702
5/12/2000,3.8,0.107604017
5/13/2000,4,0.113267386
5/14/2000,3.8,0.107604017
5/15/2000,3.7,0.104772332
5/16/2000,3.5,0.099108963
5/17/2000,3.4,0.096277278
5/18/2000,3.2,0.090613909
5/19/2000,3.3,0.093445594
5/20/2000,3.5,0.099108963
5/21/2000,3.1,0.087782224
5/22/2000,3.8,0.107604017
5/23/2000,3.7,0.104772332
5/24/2000,3.8,0.107604017
5/25/2000,3.2,0.090613909
5/26/2000,2.9,0.082118855
5/27/2000,2.9,0.082118855
5/28/2000,2.7,0.076455486
5/29/2000,2.6,0.073623801
5/30/2000,2.4,0.067960432
5/31/2000,2.2,0.062297063
6/1/2000,2.2,0.062297063
6/2/2000,2.2,0.062297063
6/3/2000,2.2,0.062297063
6/4/2000,2.2,0.062297063
6/5/2000,2.2,0.062297063
6/6/2000,2.5,0.070792116
6/7/2000,2.6,0.073623801
6/8/2000,2.4,0.067960432
6/9/2000,2.4,0.067960432
6/10/2000,2.4,0.067960432
6/11/2000,2.5,0.070792116
6/12/2000,3,0.08495054
6/13/2000,4,0.113267386
6/14/2000,2.7,0.076455486
6/15/2000,2.9,0.082118855
6/16/2000,2.7,0.076455486
6/17/2000,2.8,0.07928717
6/18/2000,2.9,0.082118855
6/19/2000,2.9,0.082118855
6/20/2000,3.3,0.093445594
6/21/2000,3.2,0.090613909
6/22/2000,3,0.08495054
6/23/2000,2.6,0.073623801
6/24/2000,2.4,0.067960432
6/25/2000,2.3,0.065128747
6/26/2000,4,0.113267386
6/27/2000,3.8,0.107604017
6/28/2000,3.5,0.099108963
6/29/2000,4,0.113267386
6/30/2000,3.4,0.096277278
7/1/2000,2.7,0.076455486
7/2/2000,2.4,0.067960432
7/3/2000,2.1,0.059465378
7/4/2000,1.9,0.053802009
7/5/2000,1.8,0.050970324
7/6/2000,1.6,0.045306955
7/7/2000,1.5,0.04247527
7/8/2000,1.5,0.04247527
7/9/2000,1.5,0.04247527
7/10/2000,1.5,0.04247527
7/11/2000,1.6,0.045306955
7/12/2000,1.5,0.04247527
7/13/2000,1.4,0.039643585
7/14/2000,1.6,0.045306955
7/15/2000,2.9,0.082118855
7/16/2000,1.9,0.053802009
7/17/2000,1.8,0.050970324
7/18/2000,1.6,0.045306955
7/19/2000,1.4,0.039643585
7/20/2000,1.4,0.039643585
7/21/2000,1.4,0.039643585
7/22/2000,1.4,0.039643585
7/23/2000,1.4,0.039643585
7/24/2000,1.4,0.039643585
7/25/2000,1.3,0.036811901
7/26/2000,1.3,0.036811901
7/27/2000,1.2,0.033980216
7/28/2000,1.2,0.033980216
7/29/2000,1.2,0.033980216
7/30/2000,1.3,0.036811901
7/31/2000,95,2.690100426
8/1/2000,143,4.049309063
8/2/2000,38,1.07604017
8/3/2000,16,0.453069545
8/4/2000,7.7,0.218039719
8/5/2000,5.3,0.150079287
8/6/2000,3.9,0.110435702
8/7/2000,3,0.08495054
8/8/2000,2.6,0.073623801
8/9/2000,2.4,0.067960432
8/10/2000,4.8,0.135920864
8/11/2000,20,0.566336932
8/12/2000,44,1.24594125
8/13/2000,18,0.509703239
8/14/2000,11,0.311485313
8/15/2000,17,0.481386392
8/16/2000,4.9,0.138752548
8/17/2000,3.2,0.090613909
8/18/2000,2.6,0.073623801
8/19/2000,2.4,0.067960432
8/20/2000,2.2,0.062297063
8/21/2000,2.1,0.059465378
8/22/2000,2.2,0.062297063
8/23/2000,2.2,0.062297063
8/24/2000,2,0.056633693
8/25/2000,1.9,0.053802009
8/26/2000,1.8,0.050970324
8/27/2000,1.8,0.050970324
8/28/2000,1.9,0.053802009
8/29/2000,2,0.056633693
8/30/2000,1.9,0.053802009
8/31/2000,2,0.056633693
9/1/2000,4.9,0.138752548
9/2/2000,5.5,0.155742656
9/3/2000,6.4,0.181227818
9/4/2000,2.9,0.082118855
9/5/2000,2,0.056633693
9/6/2000,2.1,0.059465378
9/7/2000,2,0.056633693
9/8/2000,7.9,0.223703088
9/9/2000,22,0.622970625
9/10/2000,7.8,0.220871403
9/11/2000,18,0.509703239
9/12/2000,15,0.424752699
9/13/2000,16,0.453069545
9/14/2000,72,2.038812955
9/15/2000,48,1.359208636
9/16/2000,24,0.679604318
9/17/2000,11,0.311485313
9/18/2000,5.2,0.147247602
9/19/2000,3.5,0.099108963
9/20/2000,2.8,0.07928717
9/21/2000,2.4,0.067960432
9/22/2000,2.4,0.067960432
9/23/2000,2.4,0.067960432
9/24/2000,2.4,0.067960432
9/25/2000,2.3,0.065128747
9/26/2000,2,0.056633693
9/27/2000,1.8,0.050970324
9/28/2000,1.7,0.048138639
9/29/2000,1.6,0.045306955
9/30/2000,1.6,0.045306955
10/1/2000,1.5,0.04247527
10/2/2000,1.5,0.04247527
10/3/2000,1.4,0.039643585
10/4/2000,1.4,0.039643585
10/5/2000,1.4,0.039643585
10/6/2000,1.4,0.039643585
10/7/2000,1.5,0.04247527
10/8/2000,1.4,0.039643585
10/9/2000,1.3,0.036811901
10/10/2000,1.3,0.036811901
10/11/2000,1.3,0.036811901
10/12/2000,1.2,0.033980216
10/13/2000,1.2,0.033980216
10/14/2000,1.2,0.033980216
10/15/2000,1.2,0.033980216
10/16/2000,1.2,0.033980216
10/17/2000,1.2,0.033980216
10/18/2000,1.2,0.033980216
10/19/2000,1.1,0.031148531
10/20/2000,1.1,0.031148531
10/21/2000,1.1,0.031148531
10/22/2000,1.1,0.031148531
10/23/2000,1.2,0.033980216
10/24/2000,1.1,0.031148531
10/25/2000,1.1,0.031148531
10/26/2000,1.1,0.031148531
10/27/2000,1.1,0.031148531
10/28/2000,1.1,0.031148531
10/29/2000,1.1,0.031148531
10/30/2000,1.1,0.031148531
10/31/2000,1.1,0.031148531
11/1/2000,1.1,0.031148531
11/2/2000,1.1,0.031148531
11/3/2000,1.1,0.031148531
11/4/2000,1.1,0.031148531
11/5/2000,1.1,0.031148531
11/6/2000,1.2,0.033980216
11/7/2000,1.6,0.045306955
11/8/2000,1.4,0.039643585
11/9/2000,2.4,0.067960432
11/10/2000,2.4,0.067960432
11/11/2000,3,0.08495054
11/12/2000,2.4,0.067960432
11/13/2000,2.2,0.062297063
11/14/2000,2.2,0.062297063
11/15/2000,2.3,0.065128747
11/16/2000,7.9,0.223703088
11/17/2000,66,1.868911875
11/18/2000,284,8.041984432
11/19/2000,871,24.66397338
11/20/2000,389,11.01525332
11/21/2000,144,4.077625909
11/22/2000,72,2.038812955
11/23/2000,43,1.217624403
11/24/2000,799,22.62516043
11/25/2000,1210,34.26338438
11/26/2000,309,8.749905597
11/27/2000,172,4.870497614
11/28/2000,121,3.426338438
11/29/2000,91,2.57683304
11/30/2000,70,1.982179261
12/1/2000,56,1.585743409
12/2/2000,47,1.33089179
12/3/2000,41,1.16099071
12/4/2000,35,0.991089631
12/5/2000,32,0.906139091
12/6/2000,30,0.849505398
12/7/2000,29,0.821188551
12/8/2000,27,0.764554858
12/9/2000,26,0.736238011
12/10/2000,25,0.707921165
12/11/2000,23,0.651287472
12/12/2000,21,0.594653778
12/13/2000,22,0.622970625
12/14/2000,163,4.615645994
12/15/2000,170,4.813863921
12/16/2000,127,3.596239517
12/17/2000,116,3.284754205
12/18/2000,87,2.463565654
12/19/2000,83,2.350298267
12/20/2000,76,2.152080341
12/21/2000,72,2.038812955
12/22/2000,117,3.313071051
12/23/2000,111,3.143169972
12/24/2000,86,2.435248807
12/25/2000,69,1.953862415
12/26/2000,57,1.614060256
12/27/2000,113,3.199803665
12/28/2000,377,10.67545117
12/29/2000,295,8.353469745
12/30/2000,185,5.23861662
12/31/2000,135,3.82277429
1/1/2001,109,3.086536279
1/2/2001,89,2.520199347
1/3/2001,75,2.123763494
1/4/2001,68,1.925545568
1/5/2001,62,1.755644489
1/6/2001,58,1.642377102
1/7/2001,53,1.500792869
1/8/2001,51,1.444159176
1/9/2001,47,1.33089179
1/10/2001,43,1.217624403
1/11/2001,41,1.16099071
1/12/2001,45,1.274258097
1/13/2001,47,1.33089179
1/14/2001,45,1.274258097
1/15/2001,270,7.64554858
1/16/2001,780,22.08714034
1/17/2001,632,17.89624705
1/18/2001,390,11.04357017
1/19/2001,294,8.325152898
1/20/2001,330,9.344559375
1/21/2001,219,6.201389404
1/22/2001,168,4.757230227
1/23/2001,140,3.964358523
1/24/2001,122,3.454655284
1/25/2001,107,3.029902585
1/26/2001,92,2.605149886
1/27/2001,82,2.321981421
1/28/2001,80,2.265347727
1/29/2001,88,2.4918825
1/30/2001,361,10.22238162
1/31/2001,286,8.098618125
2/1/2001,171,4.842180767
2/2/2001,129,3.65287321
2/3/2001,109,3.086536279
2/4/2001,93,2.633466733
2/5/2001,82,2.321981421
2/6/2001,71,2.010496108
2/7/2001,64,1.812278182
2/8/2001,58,1.642377102
2/9/2001,55,1.557426563
2/10/2001,144,4.077625909
2/11/2001,179,5.06871554
2/12/2001,121,3.426338438
2/13/2001,93,2.633466733
2/14/2001,83,2.350298267
2/15/2001,87,2.463565654
2/16/2001,80,2.265347727
2/17/2001,68,1.925545568
2/18/2001,58,1.642377102
2/19/2001,52,1.472476023
2/20/2001,47,1.33089179
2/21/2001,67,1.897228722
2/22/2001,115,3.256437358
2/23/2001,62,1.755644489
2/24/2001,50,1.41584233
2/25/2001,47,1.33089179
2/26/2001,52,1.472476023
2/27/2001,54,1.529109716
2/28/2001,91,2.57683304
3/1/2001,130,3.681190057
3/2/2001,103,2.916635199
3/3/2001,2180,61.73072557
3/4/2001,4770,135.0713582
3/5/2001,2150,60.88122017
3/6/2001,573,16.2255531
3/7/2001,305,8.636638211
3/8/2001,228,6.456241023
3/9/2001,208,5.889904091
3/10/2001,222,6.286339943
3/11/2001,180,5.097032387
3/12/2001,730,20.67129801
3/13/2001,1070,30.29902585
3/14/2001,587,16.62198895
3/15/2001,470,13.3089179
3/16/2001,375,10.61881747
3/17/2001,221,6.258023097
3/18/2001,215,6.088122017
3/19/2001,194,5.493468239
3/20/2001,162,4.587329148
3/21/2001,140,3.964358523
3/22/2001,122,3.454655284
3/23/2001,107,3.029902585
3/24/2001,94,2.66178358
3/25/2001,90,2.548516193
3/26/2001,91,2.57683304
3/27/2001,80,2.265347727
3/28/2001,160,4.530695455
3/29/2001,369,10.44891639
3/30/2001,236,6.682775796
3/31/2001,163,4.615645994
4/1/2001,126,3.567922671
4/2/2001,100,2.831684659
4/3/2001,83,2.350298267
4/4/2001,75,2.123763494
4/5/2001,70,1.982179261
4/6/2001,63,1.783961335
4/7/2001,55,1.557426563
4/8/2001,49,1.387525483
4/9/2001,45,1.274258097
4/10/2001,42,1.189307557
4/11/2001,37,1.047723324
4/12/2001,34,0.962772784
4/13/2001,31,0.877822244
4/14/2001,29,0.821188551
4/15/2001,27,0.764554858
4/16/2001,36,1.019406477
4/17/2001,42,1.189307557
4/18/2001,38,1.07604017
4/19/2001,30,0.849505398
4/20/2001,24,0.679604318
4/21/2001,21,0.594653778
4/22/2001,19,0.538020085
4/23/2001,17,0.481386392
4/24/2001,19,0.538020085
4/25/2001,50,1.41584233
4/26/2001,53,1.500792869
4/27/2001,38,1.07604017
4/28/2001,27,0.764554858
4/29/2001,20,0.566336932
4/30/2001,16,0.453069545
5/1/2001,13,0.368119006
5/2/2001,11,0.311485313
5/3/2001,9.7,0.274673412
5/4/2001,9.6,0.271841727
5/5/2001,22,0.622970625
5/6/2001,20,0.566336932
5/7/2001,15,0.424752699
5/8/2001,12,0.339802159
5/9/2001,10,0.283168466
5/10/2001,32,0.906139091
5/11/2001,48,1.359208636
5/12/2001,28,0.792871705
5/13/2001,19,0.538020085
5/14/2001,14,0.396435852
5/15/2001,11,0.311485313
5/16/2001,8.7,0.246356565
5/17/2001,7.3,0.20671298
5/18/2001,6.4,0.181227818
5/19/2001,5.8,0.16423771
5/20/2001,5.4,0.152910972
5/21/2001,5.1,0.144415918
5/22/2001,4.8,0.135920864
5/23/2001,4.5,0.12742581
5/24/2001,4.3,0.12176244
5/25/2001,4.3,0.12176244
5/26/2001,4,0.113267386
5/27/2001,3.8,0.107604017
5/28/2001,4.2,0.118930756
5/29/2001,4.3,0.12176244
5/30/2001,3.9,0.110435702
5/31/2001,4.1,0.116099071
6/1/2001,4.5,0.12742581
6/2/2001,4.1,0.116099071
6/3/2001,5.8,0.16423771
6/4/2001,5.3,0.150079287
6/5/2001,4.6,0.130257494
6/6/2001,13,0.368119006
6/7/2001,59,1.670693949
6/8/2001,203,5.748319858
6/9/2001,412,11.6665408
6/10/2001,219,6.201389404
6/11/2001,3240,91.74658296
6/12/2001,2290,64.8455787
6/13/2001,918,25.99486517
6/14/2001,273,7.73049912
6/15/2001,182,5.15366608
6/16/2001,125,3.539605824
6/17/2001,83,2.350298267
6/18/2001,58,1.642377102
6/19/2001,97,2.746734119
6/20/2001,136,3.851091137
6/21/2001,96,2.718417273
6/22/2001,82,2.321981421
6/23/2001,71,2.010496108
6/24/2001,53,1.500792869
6/25/2001,38,1.07604017
6/26/2001,29,0.821188551
6/27/2001,27,0.764554858
6/28/2001,46,1.302574943
6/29/2001,57,1.614060256
6/30/2001,64,1.812278182
7/1/2001,82,2.321981421
7/2/2001,90,2.548516193
7/3/2001,56,1.585743409
7/4/2001,44,1.24594125
7/5/2001,68,1.925545568
7/6/2001,121,3.426338438
7/7/2001,101,2.860001506
7/8/2001,61,1.727327642
7/9/2001,45,1.274258097
7/10/2001,32,0.906139091
7/11/2001,27,0.764554858
7/12/2001,25,0.707921165
7/13/2001,152,4.304160682
7/14/2001,160,4.530695455
7/15/2001,78,2.208714034
7/16/2001,48,1.359208636
7/17/2001,33,0.934455938
7/18/2001,23,0.651287472
7/19/2001,17,0.481386392
7/20/2001,13,0.368119006
7/21/2001,12,0.339802159
7/22/2001,11,0.311485313
7/23/2001,9.4,0.266178358
7/24/2001,9,0.254851619
7/25/2001,189,5.351884006
7/26/2001,1600,45.30695455
7/27/2001,961,27.21248957
7/28/2001,358,10.13743108
7/29/2001,250,7.079211648
7/30/2001,244,6.909310568
7/31/2001,180,5.097032387
8/1/2001,168,4.757230227
8/2/2001,134,3.794457443
8/3/2001,112,3.171486818
8/4/2001,80,2.265347727
8/5/2001,66,1.868911875
8/6/2001,77,2.180397188
8/7/2001,245,6.937627415
8/8/2001,314,8.89148983
8/9/2001,271,7.673865426
8/10/2001,220,6.22970625
8/11/2001,465,13.16733367
8/12/2001,600,16.99010796
8/13/2001,786,22.25704142
8/14/2001,426,12.06297665
8/15/2001,499,14.13010645
8/16/2001,424,12.00634296
8/17/2001,236,6.682775796
8/18/2001,206,5.833270398
8/19/2001,163,4.615645994
8/20/2001,135,3.82277429
8/21/2001,106,3.001585739
8/22/2001,81,2.293664574
8/23/2001,63,1.783961335
8/24/2001,50,1.41584233
8/25/2001,41,1.16099071
8/26/2001,34,0.962772784
8/27/2001,29,0.821188551
8/28/2001,40,1.132673864
8/29/2001,101,2.860001506
8/30/2001,135,3.82277429
8/31/2001,124,3.511288977
9/1/2001,175,4.955448154
9/2/2001,251,7.107528495
9/3/2001,546,15.46099824
9/4/2001,510,14.44159176
9/5/2001,455,12.8841652
9/6/2001,362,10.25069847
9/7/2001,275,7.787132813
9/8/2001,366,10.36396585
9/9/2001,482,13.64872006
9/10/2001,698,19.76515892
9/11/2001,441,12.48772935
9/12/2001,280,7.928717046
9/13/2001,193,5.465151392
9/14/2001,140,3.964358523
9/15/2001,110,3.114853125
9/16/2001,88,2.4918825
9/17/2001,322,9.118024603
9/18/2001,440,12.4594125
9/19/2001,418,11.83644188
9/20/2001,435,12.31782827
9/21/2001,259,7.334063267
9/22/2001,170,4.813863921
9/23/2001,127,3.596239517
9/24/2001,105,2.973268892
9/25/2001,86,2.435248807
9/26/2001,72,2.038812955
9/27/2001,60,1.699010796
9/28/2001,50,1.41584233
9/29/2001,42,1.189307557
9/30/2001,36,1.019406477
10/1/2001,26,0.736238011
10/2/2001,23,0.651287472
10/3/2001,20,0.566336932
10/4/2001,19,0.538020085
10/5/2001,18,0.509703239
10/6/2001,17,0.481386392
10/7/2001,17,0.481386392
10/8/2001,16,0.453069545
10/9/2001,15,0.424752699
10/10/2001,13,0.368119006
10/11/2001,21,0.594653778
10/12/2001,988,27.97704443
10/13/2001,635,17.98119759
10/14/2001,2550,72.20795881
10/15/2001,1200,33.98021591
10/16/2001,351,9.939213154
10/17/2001,177,5.012081847
10/18/2001,119,3.369704744
10/19/2001,93,2.633466733
10/20/2001,77,2.180397188
10/21/2001,66,1.868911875
10/22/2001,56,1.585743409
10/23/2001,50,1.41584233
10/24/2001,46,1.302574943
10/25/2001,42,1.189307557
10/26/2001,37,1.047723324
10/27/2001,32,0.906139091
10/28/2001,29,0.821188551
10/29/2001,26,0.736238011
10/30/2001,25,0.707921165
10/31/2001,24,0.679604318
11/1/2001,23,0.651287472
11/2/2001,23,0.651287472
11/3/2001,22,0.622970625
11/4/2001,22,0.622970625
11/5/2001,20,0.566336932
11/6/2001,18,0.509703239
11/7/2001,16,0.453069545
11/8/2001,15,0.424752699
11/9/2001,15,0.424752699
11/10/2001,14,0.396435852
11/11/2001,13,0.368119006
11/12/2001,13,0.368119006
11/13/2001,13,0.368119006
11/14/2001,13,0.368119006
11/15/2001,13,0.368119006
11/16/2001,12,0.339802159
11/17/2001,11,0.311485313
11/18/2001,11,0.311485313
11/19/2001,11,0.311485313
11/20/2001,11,0.311485313
11/21/2001,11,0.311485313
11/22/2001,11,0.311485313
11/23/2001,20,0.566336932
11/24/2001,44,1.24594125
11/25/2001,107,3.029902585
11/26/2001,82,2.321981421
11/27/2001,57,1.614060256
11/28/2001,47,1.33089179
11/29/2001,86,2.435248807
11/30/2001,179,5.06871554
12/1/2001,112,3.171486818
12/2/2001,69,1.953862415
12/3/2001,50,1.41584233
12/4/2001,41,1.16099071
12/5/2001,36,1.019406477
12/6/2001,32,0.906139091
12/7/2001,30,0.849505398
12/8/2001,29,0.821188551
12/9/2001,28,0.792871705
12/10/2001,27,0.764554858
12/11/2001,28,0.792871705
12/12/2001,28,0.792871705
12/13/2001,36,1.019406477
12/14/2001,381,10.78871855
12/15/2001,257,7.277429574
12/16/2001,124,3.511288977
12/17/2001,145,4.105942756
12/18/2001,279,7.900400199
12/19/2001,158,4.474061762
12/20/2001,96,2.718417273
12/21/2001,70,1.982179261
12/22/2001,58,1.642377102
12/23/2001,71,2.010496108
12/24/2001,77,2.180397188
12/25/2001,63,1.783961335
12/26/2001,53,1.500792869
12/27/2001,48,1.359208636
12/28/2001,46,1.302574943
12/29/2001,50,1.41584233
12/30/2001,48,1.359208636
12/31/2001,44,1.24594125
1/1/2002,41,1.16099071
1/2/2002,75,2.123763494
1/3/2002,110,3.114853125
1/4/2002,82,2.321981421
1/5/2002,161,4.559012301
1/6/2002,1140,32.28120511
1/7/2002,560,15.85743409
1/8/2002,272,7.702182273
1/9/2002,182,5.15366608
1/10/2002,140,3.964358523
1/11/2002,117,3.313071051
1/12/2002,120,3.398021591
1/13/2002,222,6.286339943
1/14/2002,192,5.436834546
1/15/2002,154,4.360794375
1/16/2002,112,3.171486818
1/17/2002,94,2.66178358
1/18/2002,85,2.40693196
1/19/2002,88,2.4918825
1/20/2002,140,3.964358523
1/21/2002,119,3.369704744
1/22/2002,99,2.803367813
1/23/2002,88,2.4918825
1/24/2002,85,2.40693196
1/25/2002,140,3.964358523
1/26/2002,117,3.313071051
1/27/2002,93,2.633466733
1/28/2002,79,2.237030881
1/29/2002,74,2.095446648
1/30/2002,69,1.953862415
1/31/2002,65,1.840595028
2/1/2002,118,3.341387898
2/2/2002,208,5.889904091
2/3/2002,130,3.681190057
2/4/2002,91,2.57683304
2/5/2002,79,2.237030881
2/6/2002,585,16.56535526
2/7/2002,797,22.56852673
2/8/2002,402,11.38337233
2/9/2002,234,6.626142103
2/10/2002,172,4.870497614
2/11/2002,132,3.73782375
2/12/2002,110,3.114853125
2/13/2002,95,2.690100426
2/14/2002,84,2.378615114
2/15/2002,75,2.123763494
2/16/2002,69,1.953862415
2/17/2002,63,1.783961335
2/18/2002,57,1.614060256
2/19/2002,54,1.529109716
2/20/2002,121,3.426338438
2/21/2002,238,6.739409489
2/22/2002,138,3.90772483
2/23/2002,89,2.520199347
2/24/2002,71,2.010496108
2/25/2002,61,1.727327642
2/26/2002,55,1.557426563
2/27/2002,50,1.41584233
2/28/2002,46,1.302574943
3/1/2002,49,1.387525483
3/2/2002,803,22.73842781
3/3/2002,659,18.6608019
3/4/2002,273,7.73049912
3/5/2002,167,4.728913381
3/6/2002,128,3.624556364
3/7/2002,109,3.086536279
3/8/2002,95,2.690100426
3/9/2002,87,2.463565654
3/10/2002,109,3.086536279
3/11/2002,102,2.888318352
3/12/2002,426,12.06297665
3/13/2002,867,24.550706
3/14/2002,399,11.29842179
3/15/2002,227,6.427924176
3/16/2002,174,4.927131307
3/17/2002,141,3.992675369
3/18/2002,117,3.313071051
3/19/2002,100,2.831684659
3/20/2002,91,2.57683304
3/21/2002,445,12.60099673
3/22/2002,721,20.41644639
3/23/2002,280,7.928717046
3/24/2002,160,4.530695455
3/25/2002,125,3.539605824
3/26/2002,582,16.48040472
3/27/2002,858,24.29585438
3/28/2002,372,10.53386693
3/29/2002,210,5.946537784
3/30/2002,159,4.502378608
3/31/2002,157,4.445744915
4/1/2002,250,7.079211648
4/2/2002,174,4.927131307
4/3/2002,119,3.369704744
4/4/2002,94,2.66178358
4/5/2002,76,2.152080341
4/6/2002,65,1.840595028
4/7/2002,58,1.642377102
4/8/2002,84,2.378615114
4/9/2002,1330,37.66140597
4/10/2002,901,25.51347878
4/11/2002,554,15.68753301
4/12/2002,981,27.77882651
4/13/2002,502,14.21505699
4/14/2002,409,11.58159026
4/15/2002,262,7.419013807
4/16/2002,182,5.15366608
4/17/2002,135,3.82277429
4/18/2002,107,3.029902585
4/19/2002,88,2.4918825
4/20/2002,74,2.095446648
4/21/2002,63,1.783961335
4/22/2002,55,1.557426563
4/23/2002,49,1.387525483
4/24/2002,45,1.274258097
4/25/2002,41,1.16099071
4/26/2002,38,1.07604017
4/27/2002,35,0.991089631
4/28/2002,32,0.906139091
4/29/2002,29,0.821188551
4/30/2002,26,0.736238011
5/1/2002,24,0.679604318
5/2/2002,22,0.622970625
5/3/2002,19,0.538020085
5/4/2002,18,0.509703239
5/5/2002,16,0.453069545
5/6/2002,14,0.396435852
5/7/2002,13,0.368119006
5/8/2002,12,0.339802159
5/9/2002,11,0.311485313
5/10/2002,10,0.283168466
5/11/2002,9.5,0.269010043
5/12/2002,9.1,0.257683304
5/13/2002,8.4,0.237861511
5/14/2002,7.9,0.223703088
5/15/2002,7.2,0.203881295
5/16/2002,7,0.198217926
5/17/2002,8.1,0.229366457
5/18/2002,9.3,0.263346673
5/19/2002,7.9,0.223703088
5/20/2002,7.5,0.212376349
5/21/2002,7.1,0.201049611
5/22/2002,6.5,0.184059503
5/23/2002,6.1,0.172732764
5/24/2002,5.9,0.167069395
5/25/2002,5.6,0.158574341
5/26/2002,5.4,0.152910972
5/27/2002,5.1,0.144415918
5/28/2002,5.1,0.144415918
5/29/2002,5.1,0.144415918
5/30/2002,33,0.934455938
5/31/2002,48,1.359208636
6/1/2002,32,0.906139091
6/2/2002,18,0.509703239
6/3/2002,11,0.311485313
6/4/2002,8.7,0.246356565
6/5/2002,7,0.198217926
6/6/2002,6.7,0.189722872
6/7/2002,8.4,0.237861511
6/8/2002,7.2,0.203881295
6/9/2002,11,0.311485313
6/10/2002,25,0.707921165
6/11/2002,40,1.132673864
6/12/2002,27,0.764554858
6/13/2002,19,0.538020085
6/14/2002,13,0.368119006
6/15/2002,10,0.283168466
6/16/2002,7.9,0.223703088
6/17/2002,6.6,0.186891188
6/18/2002,5.8,0.16423771
6/19/2002,7,0.198217926
6/20/2002,12,0.339802159
6/21/2002,11,0.311485313
6/22/2002,14,0.396435852
6/23/2002,10,0.283168466
6/24/2002,8.9,0.252019935
6/25/2002,14,0.396435852
6/26/2002,33,0.934455938
6/27/2002,48,1.359208636
6/28/2002,112,3.171486818
6/29/2002,86,2.435248807
6/30/2002,71,2.010496108
7/1/2002,113,3.199803665
7/2/2002,60,1.699010796
7/3/2002,39,1.104357017
7/4/2002,28,0.792871705
7/5/2002,21,0.594653778
7/6/2002,14,0.396435852
7/7/2002,12,0.339802159
7/8/2002,29,0.821188551
7/9/2002,34,0.962772784
7/10/2002,24,0.679604318
7/11/2002,17,0.481386392
7/12/2002,19,0.538020085
7/13/2002,285,8.070301279
7/14/2002,119,3.369704744
7/15/2002,75,2.123763494
7/16/2002,51,1.444159176
7/17/2002,38,1.07604017
7/18/2002,28,0.792871705
7/19/2002,18,0.509703239
7/20/2002,13,0.368119006
7/21/2002,9.8,0.277505097
7/22/2002,9.4,0.266178358
7/23/2002,8.5,0.240693196
7/24/2002,6.8,0.192554557
7/25/2002,7.1,0.201049611
7/26/2002,97,2.746734119
7/27/2002,98,2.775050966
7/28/2002,37,1.047723324
7/29/2002,19,0.538020085
7/30/2002,242,6.852676875
7/31/2002,373,10.56218378
8/1/2002,146,4.134259602
8/2/2002,114,3.228120511
8/3/2002,475,13.45050213
8/4/2002,159,4.502378608
8/5/2002,365,10.33564901
8/6/2002,466,13.19565051
8/7/2002,196,5.550101932
8/8/2002,119,3.369704744
8/9/2002,118,3.341387898
8/10/2002,110,3.114853125
8/11/2002,63,1.783961335
8/12/2002,43,1.217624403
8/13/2002,36,1.019406477
8/14/2002,32,0.906139091
8/15/2002,28,0.792871705
8/16/2002,24,0.679604318
8/17/2002,22,0.622970625
8/18/2002,19,0.538020085
8/19/2002,17,0.481386392
8/20/2002,20,0.566336932
8/21/2002,29,0.821188551
8/22/2002,64,1.812278182
8/23/2002,77,2.180397188
8/24/2002,53,1.500792869
8/25/2002,38,1.07604017
8/26/2002,81,2.293664574
8/27/2002,85,2.40693196
8/28/2002,51,1.444159176
8/29/2002,33,0.934455938
8/30/2002,31,0.877822244
8/31/2002,31,0.877822244
9/1/2002,23,0.651287472
9/2/2002,16,0.453069545
9/3/2002,13,0.368119006
9/4/2002,11,0.311485313
9/5/2002,11,0.311485313
9/6/2002,11,0.311485313
9/7/2002,351,9.939213154
9/8/2002,207,5.861587245
9/9/2002,94,2.66178358
9/10/2002,54,1.529109716
9/11/2002,36,1.019406477
9/12/2002,25,0.707921165
9/13/2002,20,0.566336932
9/14/2002,41,1.16099071
9/15/2002,40,1.132673864
9/16/2002,27,0.764554858
9/17/2002,18,0.509703239
9/18/2002,15,0.424752699
9/19/2002,13,0.368119006
9/20/2002,12,0.339802159
9/21/2002,17,0.481386392
9/22/2002,33,0.934455938
9/23/2002,61,1.727327642
9/24/2002,41,1.16099071
9/25/2002,1160,32.84754205
9/26/2002,6870,194.5367361
9/27/2002,6020,170.4674165
9/28/2002,1360,38.51091137
9/29/2002,384,10.87366909
9/30/2002,226,6.39960733
10/1/2002,161,4.559012301
10/2/2002,136,3.851091137
10/3/2002,292,8.268519205
10/4/2002,1270,35.96239517
10/5/2002,521,14.75307707
10/6/2002,293,8.296836051
10/7/2002,201,5.691686165
10/8/2002,172,4.870497614
10/9/2002,146,4.134259602
10/10/2002,267,7.56059804
10/11/2002,554,15.68753301
10/12/2002,277,7.843766506
10/13/2002,169,4.785547074
10/14/2002,132,3.73782375
10/15/2002,442,12.51604619
10/16/2002,299,8.466737131
10/17/2002,165,4.672279688
10/18/2002,108,3.058219432
10/19/2002,84,2.378615114
10/20/2002,72,2.038812955
10/21/2002,79,2.237030881
10/22/2002,78,2.208714034
10/23/2002,91,2.57683304
10/24/2002,139,3.936041676
10/25/2002,99,2.803367813
10/26/2002,776,21.97387296
10/27/2002,1220,34.54655284
10/28/2002,1970,55.78418779
10/29/2002,2080,58.89904091
10/30/2002,1400,39.64358523
10/31/2002,735,20.81288225
11/1/2002,372,10.53386693
11/2/2002,264,7.4756475
11/3/2002,215,6.088122017
11/4/2002,200,5.663369318
11/5/2002,405,11.46832287
11/6/2002,637,18.03783128
11/7/2002,342,9.684361534
11/8/2002,214,6.059805171
11/9/2002,170,4.813863921
11/10/2002,152,4.304160682
11/11/2002,1140,32.28120511
11/12/2002,2320,65.69508409
11/13/2002,1680,47.57230227
11/14/2002,658,18.63248506
11/15/2002,373,10.56218378
11/16/2002,299,8.466737131
11/17/2002,243,6.880993722
11/18/2002,193,5.465151392
11/19/2002,159,4.502378608
11/20/2002,206,5.833270398
11/21/2002,650,18.40595028
11/22/2002,364,10.30733216
11/23/2002,212,6.003171478
11/24/2002,159,4.502378608
11/25/2002,134,3.794457443
11/26/2002,120,3.398021591
11/27/2002,107,3.029902585
11/28/2002,97,2.746734119
11/29/2002,86,2.435248807
11/30/2002,90,2.548516193
12/1/2002,107,3.029902585
12/2/2002,92,2.605149886
12/3/2002,78,2.208714034
12/4/2002,72,2.038812955
12/5/2002,151,4.275843835
12/6/2002,160,4.530695455
12/7/2002,110,3.114853125
12/8/2002,84,2.378615114
12/9/2002,73,2.067129801
12/10/2002,324,9.174658296
12/11/2002,1000,28.31684659
12/12/2002,584,16.53703841
12/13/2002,554,15.68753301
12/14/2002,433,12.26119457
12/15/2002,246,6.965944262
12/16/2002,182,5.15366608
12/17/2002,147,4.162576449
12/18/2002,126,3.567922671
12/19/2002,433,12.26119457
12/20/2002,938,26.5612021
12/21/2002,566,16.02733517
12/22/2002,264,7.4756475
12/23/2002,223,6.31465679
12/24/2002,1180,33.41387898
12/25/2002,1020,28.88318352
12/26/2002,506,14.32832438
12/27/2002,294,8.325152898
12/28/2002,229,6.48455787
12/29/2002,190,5.380200852
12/30/2002,165,4.672279688
12/31/2002,1080,30.58219432
1/1/2003,1320,37.3782375
1/2/2003,793,22.45525935
1/3/2003,366,10.36396585
1/4/2003,266,7.532281193
1/5/2003,224,6.342973637
1/6/2003,195,5.521785085
1/7/2003,162,4.587329148
1/8/2003,142,4.020992216
1/9/2003,133,3.766140597
1/10/2003,127,3.596239517
1/11/2003,113,3.199803665
1/12/2003,101,2.860001506
1/13/2003,93,2.633466733
1/14/2003,87,2.463565654
1/15/2003,84,2.378615114
1/16/2003,82,2.321981421
1/17/2003,78,2.208714034
1/18/2003,74,2.095446648
1/19/2003,71,2.010496108
1/20/2003,69,1.953862415
1/21/2003,69,1.953862415
1/22/2003,69,1.953862415
1/23/2003,67,1.897228722
1/24/2003,61,1.727327642
1/25/2003,59,1.670693949
1/26/2003,60,1.699010796
1/27/2003,60,1.699010796
1/28/2003,59,1.670693949
1/29/2003,58,1.642377102
1/30/2003,67,1.897228722
1/31/2003,105,2.973268892
2/1/2003,85,2.40693196
2/2/2003,71,2.010496108
2/3/2003,64,1.812278182
2/4/2003,81,2.293664574
2/5/2003,117,3.313071051
2/6/2003,92,2.605149886
2/7/2003,86,2.435248807
2/8/2003,98,2.775050966
2/9/2003,83,2.350298267
2/10/2003,76,2.152080341
2/11/2003,78,2.208714034
2/12/2003,71,2.010496108
2/13/2003,61,1.727327642
2/14/2003,57,1.614060256
2/15/2003,55,1.557426563
2/16/2003,293,8.296836051
2/17/2003,327,9.259608836
2/18/2003,158,4.474061762
2/19/2003,107,3.029902585
2/20/2003,87,2.463565654
2/21/2003,203,5.748319858
2/22/2003,1310,37.09506904
2/23/2003,705,19.96337685
2/24/2003,275,7.787132813
2/25/2003,184,5.210299773
2/26/2003,298,8.438420284
2/27/2003,1170,33.13071051
2/28/2003,887,25.11704293
3/1/2003,390,11.04357017
3/2/2003,254,7.192479034
3/3/2003,197,5.578418779
3/4/2003,217,6.14475571
3/5/2003,203,5.748319858
3/6/2003,171,4.842180767
3/7/2003,258,7.305746421
3/8/2003,363,10.27901531
3/9/2003,273,7.73049912
3/10/2003,214,6.059805171
3/11/2003,145,4.105942756
3/12/2003,226,6.39960733
3/13/2003,918,25.99486517
3/14/2003,1320,37.3782375
3/15/2003,726,20.55803063
3/16/2003,345,9.769312074
3/17/2003,781,22.11545719
3/18/2003,533,15.09287923
3/19/2003,345,9.769312074
3/20/2003,228,6.456241023
3/21/2003,165,4.672279688
3/22/2003,129,3.65287321
3/23/2003,108,3.058219432
3/24/2003,94,2.66178358
3/25/2003,82,2.321981421
3/26/2003,74,2.095446648
3/27/2003,70,1.982179261
3/28/2003,82,2.321981421
3/29/2003,71,2.010496108
3/30/2003,62,1.755644489
3/31/2003,64,1.812278182
4/1/2003,56,1.585743409
4/2/2003,49,1.387525483
4/3/2003,45,1.274258097
4/4/2003,44,1.24594125
4/5/2003,43,1.217624403
4/6/2003,47,1.33089179
4/7/2003,84,2.378615114
4/8/2003,1680,47.57230227
4/9/2003,1990,56.35052472
4/10/2003,1010,28.60001506
4/11/2003,359,10.16574793
4/12/2003,240,6.796043182
4/13/2003,178,5.040398693
4/14/2003,136,3.851091137
4/15/2003,109,3.086536279
4/16/2003,91,2.57683304
4/17/2003,81,2.293664574
4/18/2003,72,2.038812955
4/19/2003,64,1.812278182
4/20/2003,57,1.614060256
4/21/2003,54,1.529109716
4/22/2003,51,1.444159176
4/23/2003,46,1.302574943
4/24/2003,41,1.16099071
4/25/2003,40,1.132673864
4/26/2003,42,1.189307557
4/27/2003,42,1.189307557
4/28/2003,36,1.019406477
4/29/2003,31,0.877822244
4/30/2003,27,0.764554858
5/1/2003,25,0.707921165
5/2/2003,23,0.651287472
5/3/2003,21,0.594653778
5/4/2003,20,0.566336932
5/5/2003,21,0.594653778
5/6/2003,18,0.509703239
5/7/2003,16,0.453069545
5/8/2003,14,0.396435852
5/9/2003,13,0.368119006
5/10/2003,12,0.339802159
5/11/2003,11,0.311485313
5/12/2003,10,0.283168466
5/13/2003,10,0.283168466
5/14/2003,11,0.311485313
5/15/2003,11,0.311485313
5/16/2003,12,0.339802159
5/17/2003,12,0.339802159
5/18/2003,20,0.566336932
5/19/2003,133,3.766140597
5/20/2003,627,17.75466281
5/21/2003,1030,29.16635199
5/22/2003,1070,30.29902585
5/23/2003,241,6.824360029
5/24/2003,111,3.143169972
5/25/2003,67,1.897228722
5/26/2003,48,1.359208636
5/27/2003,45,1.274258097
5/28/2003,92,2.605149886
5/29/2003,60,1.699010796
5/30/2003,40,1.132673864
5/31/2003,30,0.849505398
6/1/2003,23,0.651287472
6/2/2003,20,0.566336932
6/3/2003,36,1.019406477
6/4/2003,145,4.105942756
6/5/2003,115,3.256437358
6/6/2003,259,7.334063267
6/7/2003,1010,28.60001506
6/8/2003,810,22.93664574
6/9/2003,384,10.87366909
6/10/2003,135,3.82277429
6/11/2003,81,2.293664574
6/12/2003,129,3.65287321
6/13/2003,488,13.81862114
6/14/2003,323,9.146341449
6/15/2003,452,12.79921466
6/16/2003,283,8.013667586
6/17/2003,282,7.985350739
6/18/2003,226,6.39960733
6/19/2003,135,3.82277429
6/20/2003,87,2.463565654
6/21/2003,678,19.19882199
6/22/2003,684,19.36872307
6/23/2003,1000,28.31684659
6/24/2003,545,15.43268139
6/25/2003,260,7.362380114
6/26/2003,142,4.020992216
6/27/2003,155,4.389111222
6/28/2003,261,7.390696961
6/29/2003,184,5.210299773
6/30/2003,1300,36.81190057
7/1/2003,6200,175.5644489
7/2/2003,3300,93.44559375
7/3/2003,1250,35.39605824
7/4/2003,506,14.32832438
7/5/2003,1380,39.0772483
7/6/2003,1690,47.85547074
7/7/2003,783,22.17209088
7/8/2003,394,11.15683756
7/9/2003,231,6.541191563
7/10/2003,109,3.086536279
7/11/2003,167,4.728913381
7/12/2003,199,5.635052472
7/13/2003,125,3.539605824
7/14/2003,97,2.746734119
7/15/2003,97,2.746734119
7/16/2003,97,2.746734119
7/17/2003,193,5.465151392
7/18/2003,205,5.804953551
7/19/2003,205,5.804953551
7/20/2003,198,5.606735625
7/21/2003,202,5.720003012
7/22/2003,128,3.624556364
7/23/2003,196,5.550101932
7/24/2003,965,27.32575696
7/25/2003,917,25.96654832
7/26/2003,236,6.682775796
7/27/2003,250,7.079211648
7/28/2003,313,8.863172983
7/29/2003,194,5.493468239
7/30/2003,142,4.020992216
7/31/2003,571,16.1689194
8/1/2003,409,11.58159026
8/2/2003,298,8.438420284
8/3/2003,175,4.955448154
8/4/2003,153,4.332477529
8/5/2003,185,5.23861662
8/6/2003,105,2.973268892
8/7/2003,84,2.378615114
8/8/2003,320,9.061390909
8/9/2003,90,2.548516193
8/10/2003,75,2.123763494
8/11/2003,63,1.783961335
8/12/2003,53,1.500792869
8/13/2003,53,1.500792869
8/14/2003,68,1.925545568
8/15/2003,60,1.699010796
8/16/2003,48,1.359208636
8/17/2003,160,4.530695455
8/18/2003,147,4.162576449
8/19/2003,156,4.417428068
8/20/2003,89,2.520199347
8/21/2003,102,2.888318352
8/22/2003,201,5.691686165
8/23/2003,143,4.049309063
8/24/2003,94,2.66178358
8/25/2003,65,1.840595028
8/26/2003,50,1.41584233
8/27/2003,50,1.41584233
8/28/2003,72,2.038812955
8/29/2003,126,3.567922671
8/30/2003,153,4.332477529
8/31/2003,561,15.88575094
9/1/2003,1580,44.74061762
9/2/2003,1110,31.43169972
9/3/2003,352,9.96753
9/4/2003,933,26.41961787
9/5/2003,905,25.62674617
9/6/2003,276,7.815449659
9/7/2003,451,12.77089781
9/8/2003,227,6.427924176
9/9/2003,142,4.020992216
9/10/2003,488,13.81862114
9/11/2003,252,7.135845341
9/12/2003,140,3.964358523
9/13/2003,110,3.114853125
9/14/2003,129,3.65287321
9/15/2003,133,3.766140597
9/16/2003,87,2.463565654
9/17/2003,65,1.840595028
9/18/2003,54,1.529109716
9/19/2003,47,1.33089179
9/20/2003,42,1.189307557
9/21/2003,40,1.132673864
9/22/2003,89,2.520199347
9/23/2003,197,5.578418779
9/24/2003,113,3.199803665
9/25/2003,68,1.925545568
9/26/2003,52,1.472476023
9/27/2003,47,1.33089179
9/28/2003,82,2.321981421
9/29/2003,69,1.953862415
9/30/2003,49,1.387525483
10/1/2003,37,1.047723324
10/2/2003,30,0.849505398
10/3/2003,26,0.736238011
10/4/2003,24,0.679604318
10/5/2003,22,0.622970625
10/6/2003,21,0.594653778
10/7/2003,21,0.594653778
10/8/2003,339,9.599410995
10/9/2003,142,4.020992216
10/10/2003,187,5.295250313
10/11/2003,636,18.00951443
10/12/2003,318,9.004757216
10/13/2003,149,4.219210142
10/14/2003,96,2.718417273
10/15/2003,74,2.095446648
10/16/2003,58,1.642377102
10/17/2003,49,1.387525483
10/18/2003,43,1.217624403
10/19/2003,40,1.132673864
10/20/2003,36,1.019406477
10/21/2003,31,0.877822244
10/22/2003,28,0.792871705
10/23/2003,24,0.679604318
10/24/2003,22,0.622970625
10/25/2003,21,0.594653778
10/26/2003,344,9.740995228
10/27/2003,584,16.53703841
10/28/2003,257,7.277429574
10/29/2003,116,3.284754205
10/30/2003,78,2.208714034
10/31/2003,63,1.783961335
11/1/2003,52,1.472476023
11/2/2003,46,1.302574943
11/3/2003,41,1.16099071
11/4/2003,37,1.047723324
11/5/2003,36,1.019406477
11/6/2003,36,1.019406477
11/7/2003,36,1.019406477
11/8/2003,34,0.962772784
11/9/2003,31,0.877822244
11/10/2003,28,0.792871705
11/11/2003,26,0.736238011
11/12/2003,25,0.707921165
11/13/2003,24,0.679604318
11/14/2003,22,0.622970625
11/15/2003,20,0.566336932
11/16/2003,20,0.566336932
11/17/2003,19,0.538020085
11/18/2003,23,0.651287472
11/19/2003,66,1.868911875
11/20/2003,75,2.123763494
11/21/2003,52,1.472476023
11/22/2003,39,1.104357017
11/23/2003,33,0.934455938
11/24/2003,29,0.821188551
11/25/2003,30,0.849505398
11/26/2003,31,0.877822244
11/27/2003,69,1.953862415
11/28/2003,449,12.71426412
11/29/2003,236,6.682775796
11/30/2003,116,3.284754205
12/1/2003,77,2.180397188
12/2/2003,61,1.727327642
12/3/2003,52,1.472476023
12/4/2003,47,1.33089179
12/5/2003,44,1.24594125
12/6/2003,41,1.16099071
12/7/2003,39,1.104357017
12/8/2003,36,1.019406477
12/9/2003,39,1.104357017
12/10/2003,58,1.642377102
12/11/2003,58,1.642377102
12/12/2003,50,1.41584233
12/13/2003,61,1.727327642
12/14/2003,122,3.454655284
12/15/2003,112,3.171486818
12/16/2003,75,2.123763494
12/17/2003,60,1.699010796
12/18/2003,52,1.472476023
12/19/2003,46,1.302574943
12/20/2003,41,1.16099071
12/21/2003,37,1.047723324
12/22/2003,35,0.991089631
12/23/2003,40,1.132673864
12/24/2003,74,2.095446648
12/25/2003,109,3.086536279
12/26/2003,70,1.982179261
12/27/2003,54,1.529109716
12/28/2003,47,1.33089179
12/29/2003,106,3.001585739
12/30/2003,488,13.81862114
12/31/2003,268,7.588914887
1/1/2004,137,3.879407983
1/2/2004,100,2.831684659
1/3/2004,86,2.435248807
1/4/2004,78,2.208714034
1/5/2004,72,2.038812955
1/6/2004,78,2.208714034
1/7/2004,81,2.293664574
1/8/2004,68,1.925545568
1/9/2004,168,4.757230227
1/10/2004,178,5.040398693
1/11/2004,109,3.086536279
1/12/2004,81,2.293664574
1/13/2004,70,1.982179261
1/14/2004,65,1.840595028
1/15/2004,61,1.727327642
1/16/2004,57,1.614060256
1/17/2004,273,7.73049912
1/18/2004,1030,29.16635199
1/19/2004,429,12.14792719
1/20/2004,216,6.116438864
1/21/2004,149,4.219210142
1/22/2004,117,3.313071051
1/23/2004,99,2.803367813
1/24/2004,88,2.4918825
1/25/2004,88,2.4918825
1/26/2004,134,3.794457443
1/27/2004,129,3.65287321
1/28/2004,89,2.520199347
1/29/2004,72,2.038812955
1/30/2004,78,2.208714034
1/31/2004,115,3.256437358
2/1/2004,102,2.888318352
2/2/2004,83,2.350298267
2/3/2004,74,2.095446648
2/4/2004,67,1.897228722
2/5/2004,79,2.237030881
2/6/2004,819,23.19149736
2/7/2004,617,17.47149435
2/8/2004,248,7.022577955
2/9/2004,160,4.530695455
2/10/2004,130,3.681190057
2/11/2004,304,8.608321364
2/12/2004,1530,43.32477529
2/13/2004,962,27.24080642
2/14/2004,530,15.00792869
2/15/2004,400,11.32673864
2/16/2004,320,9.061390909
2/17/2004,224,6.342973637
2/18/2004,191,5.408517699
2/19/2004,162,4.587329148
2/20/2004,140,3.964358523
2/21/2004,115,3.256437358
2/22/2004,110,3.114853125
2/23/2004,1680,47.57230227
2/24/2004,2060,58.33270398
2/25/2004,1450,41.05942756
2/26/2004,1020,28.88318352
2/27/2004,577,16.33882048
2/28/2004,330,9.344559375
2/29/2004,252,7.135845341
3/1/2004,221,6.258023097
3/2/2004,209,5.918220938
3/3/2004,189,5.351884006
3/4/2004,159,4.502378608
3/5/2004,142,4.020992216
3/6/2004,155,4.389111222
3/7/2004,168,4.757230227
3/8/2004,119,3.369704744
3/9/2004,93,2.633466733
3/10/2004,80,2.265347727
3/11/2004,72,2.038812955
3/12/2004,67,1.897228722
3/13/2004,65,1.840595028
3/14/2004,62,1.755644489
3/15/2004,71,2.010496108
3/16/2004,89,2.520199347
3/17/2004,87,2.463565654
3/18/2004,67,1.897228722
3/19/2004,58,1.642377102
3/20/2004,53,1.500792869
3/21/2004,49,1.387525483
3/22/2004,45,1.274258097
3/23/2004,41,1.16099071
3/24/2004,38,1.07604017
3/25/2004,37,1.047723324
3/26/2004,37,1.047723324
3/27/2004,36,1.019406477
3/28/2004,34,0.962772784
3/29/2004,34,0.962772784
3/30/2004,35,0.991089631
3/31/2004,43,1.217624403
4/1/2004,40,1.132673864
4/2/2004,32,0.906139091
4/3/2004,27,0.764554858
4/4/2004,24,0.679604318
4/5/2004,22,0.622970625
4/6/2004,20,0.566336932
4/7/2004,23,0.651287472
4/8/2004,27,0.764554858
4/9/2004,27,0.764554858
4/10/2004,24,0.679604318
4/11/2004,22,0.622970625
4/12/2004,26,0.736238011
4/13/2004,31,0.877822244
4/14/2004,37,1.047723324
4/15/2004,28,0.792871705
4/16/2004,21,0.594653778
4/17/2004,17,0.481386392
4/18/2004,15,0.424752699
4/19/2004,13,0.368119006
4/20/2004,12,0.339802159
4/21/2004,11,0.311485313
4/22/2004,11,0.311485313
4/23/2004,10,0.283168466
4/24/2004,9.5,0.269010043
4/25/2004,75,2.123763494
4/26/2004,2150,60.88122017
4/27/2004,780,22.08714034
4/28/2004,198,5.606735625
4/29/2004,109,3.086536279
4/30/2004,2190,62.01389404
5/1/2004,1740,49.27131307
5/2/2004,1830,51.81982926
5/3/2004,868,24.57902284
5/4/2004,333,9.429509915
5/5/2004,197,5.578418779
5/6/2004,136,3.851091137
5/7/2004,101,2.860001506
5/8/2004,77,2.180397188
5/9/2004,63,1.783961335
5/10/2004,53,1.500792869
5/11/2004,825,23.36139844
5/12/2004,946,26.78773688
5/13/2004,2370,67.11092642
5/14/2004,1560,44.17428068
5/15/2004,1040,29.44952046
5/16/2004,1310,37.09506904
5/17/2004,641,18.15109867
5/18/2004,830,23.50298267
5/19/2004,1190,33.69704744
5/20/2004,773,21.88892242
5/21/2004,295,8.353469745
5/22/2004,197,5.578418779
5/23/2004,145,4.105942756
5/24/2004,122,3.454655284
5/25/2004,109,3.086536279
5/26/2004,92,2.605149886
5/27/2004,78,2.208714034
5/28/2004,68,1.925545568
5/29/2004,59,1.670693949
5/30/2004,52,1.472476023
5/31/2004,97,2.746734119
6/1/2004,241,6.824360029
6/2/2004,260,7.362380114
6/3/2004,213,6.031488324
6/4/2004,209,5.918220938
6/5/2004,281,7.957033892
6/6/2004,127,3.596239517
6/7/2004,146,4.134259602
6/8/2004,122,3.454655284
6/9/2004,82,2.321981421
6/10/2004,62,1.755644489
6/11/2004,101,2.860001506
6/12/2004,85,2.40693196
6/13/2004,47,1.33089179
6/14/2004,73,2.067129801
6/15/2004,355,10.05248054
6/16/2004,222,6.286339943
6/17/2004,107,3.029902585
6/18/2004,69,1.953862415
6/19/2004,218,6.173072557
6/20/2004,235,6.654458949
6/21/2004,234,6.626142103
6/22/2004,366,10.36396585
6/23/2004,301,8.523370824
6/24/2004,204,5.776636705
6/25/2004,843,23.87110168
6/26/2004,1180,33.41387898
6/27/2004,703,19.90674315
6/28/2004,379,10.73208486
6/29/2004,356,10.08079739
6/30/2004,319,9.033074063
7/1/2004,238,6.739409489
7/2/2004,193,5.465151392
7/3/2004,146,4.134259602
7/4/2004,120,3.398021591
7/5/2004,94,2.66178358
7/6/2004,71,2.010496108
7/7/2004,152,4.304160682
7/8/2004,205,5.804953551
7/9/2004,493,13.96020537
7/10/2004,210,5.946537784
7/11/2004,597,16.90515742
7/12/2004,418,11.83644188
7/13/2004,147,4.162576449
7/14/2004,95,2.690100426
7/15/2004,72,2.038812955
7/16/2004,58,1.642377102
7/17/2004,52,1.472476023
7/18/2004,61,1.727327642
7/19/2004,59,1.670693949
7/20/2004,45,1.274258097
7/21/2004,35,0.991089631
7/22/2004,28,0.792871705
7/23/2004,24,0.679604318
7/24/2004,21,0.594653778
7/25/2004,18,0.509703239
7/26/2004,17,0.481386392
7/27/2004,17,0.481386392
7/28/2004,19,0.538020085
7/29/2004,22,0.622970625
7/30/2004,19,0.538020085
7/31/2004,16,0.453069545
8/1/2004,15,0.424752699
8/2/2004,16,0.453069545
8/3/2004,26,0.736238011
8/4/2004,17,0.481386392
8/5/2004,13,0.368119006
8/6/2004,11,0.311485313
8/7/2004,8.8,0.24918825
8/8/2004,7.8,0.220871403
8/9/2004,8,0.226534773
8/10/2004,143,4.049309063
8/11/2004,488,13.81862114
8/12/2004,135,3.82277429
8/13/2004,69,1.953862415
8/14/2004,38,1.07604017
8/15/2004,23,0.651287472
8/16/2004,16,0.453069545
8/17/2004,12,0.339802159
8/18/2004,9.2,0.260514989
8/19/2004,7.7,0.218039719
8/20/2004,12,0.339802159
8/21/2004,28,0.792871705
8/22/2004,25,0.707921165
8/23/2004,28,0.792871705
8/24/2004,19,0.538020085
8/25/2004,14,0.396435852
8/26/2004,12,0.339802159
8/27/2004,15,0.424752699
8/28/2004,10,0.283168466
8/29/2004,8.8,0.24918825
8/30/2004,208,5.889904091
8/31/2004,211,5.974854631
9/1/2004,88,2.4918825
9/2/2004,50,1.41584233
9/3/2004,31,0.877822244
9/4/2004,22,0.622970625
9/5/2004,16,0.453069545
9/6/2004,11,0.311485313
9/7/2004,8.5,0.240693196
9/8/2004,6.9,0.195386241
9/9/2004,6.3,0.178396134
9/10/2004,6.1,0.172732764
9/11/2004,6,0.16990108
9/12/2004,5.9,0.167069395
9/13/2004,5.8,0.16423771
9/14/2004,5.7,0.161406026
9/15/2004,5.6,0.158574341
9/16/2004,20,0.566336932
9/17/2004,29,0.821188551
9/18/2004,34,0.962772784
9/19/2004,26,0.736238011
9/20/2004,16,0.453069545
9/21/2004,11,0.311485313
9/22/2004,8.7,0.246356565
9/23/2004,7.2,0.203881295
9/24/2004,6.2,0.175564449
9/25/2004,6.1,0.172732764
9/26/2004,6,0.16990108
9/27/2004,5.9,0.167069395
9/28/2004,5.8,0.16423771
9/29/2004,5.7,0.161406026
9/30/2004,5.6,0.158574341
10/1/2004,6.9,0.195386241
10/2/2004,7.1,0.201049611
10/3/2004,7.2,0.203881295
10/4/2004,7.2,0.203881295
10/5/2004,8.5,0.240693196
10/6/2004,51,1.444159176
10/7/2004,28,0.792871705
10/8/2004,16,0.453069545
10/9/2004,23,0.651287472
10/10/2004,184,5.210299773
10/11/2004,304,8.608321364
10/12/2004,150,4.247526989
10/13/2004,83,2.350298267
10/14/2004,52,1.472476023
10/15/2004,42,1.189307557
10/16/2004,32,0.906139091
10/17/2004,23,0.651287472
10/18/2004,19,0.538020085
10/19/2004,73,2.067129801
10/20/2004,138,3.90772483
10/21/2004,61,1.727327642
10/22/2004,44,1.24594125
10/23/2004,33,0.934455938
10/24/2004,36,1.019406477
10/25/2004,50,1.41584233
10/26/2004,36,1.019406477
10/27/2004,27,0.764554858
10/28/2004,21,0.594653778
10/29/2004,17,0.481386392
10/30/2004,15,0.424752699
10/31/2004,13,0.368119006
11/1/2004,12,0.339802159
11/2/2004,40,1.132673864
11/3/2004,1090,30.86536279
11/4/2004,939,26.58951895
11/5/2004,273,7.73049912
11/6/2004,121,3.426338438
11/7/2004,82,2.321981421
11/8/2004,63,1.783961335
11/9/2004,50,1.41584233
11/10/2004,47,1.33089179
11/11/2004,920,26.05149886
11/12/2004,712,20.16159477
11/13/2004,355,10.05248054
11/14/2004,195,5.521785085
11/15/2004,132,3.73782375
11/16/2004,99,2.803367813
11/17/2004,81,2.293664574
11/18/2004,68,1.925545568
11/19/2004,66,1.868911875
11/20/2004,180,5.097032387
11/21/2004,347,9.825945767
11/22/2004,180,5.097032387
11/23/2004,125,3.539605824
11/24/2004,702,19.87842631
11/25/2004,755,21.37921918
11/26/2004,294,8.325152898
11/27/2004,407,11.52495656
11/28/2004,442,12.51604619
11/29/2004,234,6.626142103
11/30/2004,175,4.955448154
12/1/2004,449,12.71426412
12/2/2004,310,8.778222444
12/3/2004,186,5.266933466
12/4/2004,146,4.134259602
12/5/2004,171,4.842180767
12/6/2004,328,9.287925682
12/7/2004,338,9.571094148
12/8/2004,443,12.54436304
12/9/2004,547,15.48931509
12/10/2004,590,16.70693949
12/11/2004,276,7.815449659
12/12/2004,180,5.097032387
12/13/2004,140,3.964358523
12/14/2004,112,3.171486818
12/15/2004,93,2.633466733
12/16/2004,84,2.378615114
12/17/2004,79,2.237030881
12/18/2004,75,2.123763494
12/19/2004,70,1.982179261
12/20/2004,63,1.783961335
12/21/2004,59,1.670693949
12/22/2004,63,1.783961335
12/23/2004,235,6.654458949
12/24/2004,256,7.249112728
12/25/2004,135,3.82277429
12/26/2004,109,3.086536279
12/27/2004,94,2.66178358
12/28/2004,78,2.208714034
12/29/2004,70,1.982179261
12/30/2004,66,1.868911875
12/31/2004,63,1.783961335
1/1/2005,61,1.727327642
1/2/2005,58,1.642377102
1/3/2005,55,1.557426563
1/4/2005,52,1.472476023
1/5/2005,50,1.41584233
1/6/2005,51,1.444159176
1/7/2005,65,1.840595028
1/8/2005,307,8.693271904
1/9/2005,361,10.22238162
1/10/2005,172,4.870497614
1/11/2005,121,3.426338438
1/12/2005,118,3.341387898
1/13/2005,164,4.643962841
1/14/2005,333,9.429509915
1/15/2005,248,7.022577955
1/16/2005,141,3.992675369
1/17/2005,104,2.944952046
1/18/2005,85,2.40693196
1/19/2005,76,2.152080341
1/20/2005,73,2.067129801
1/21/2005,71,2.010496108
1/22/2005,69,1.953862415
1/23/2005,62,1.755644489
1/24/2005,55,1.557426563
1/25/2005,50,1.41584233
1/26/2005,50,1.41584233
1/27/2005,49,1.387525483
1/28/2005,46,1.302574943
1/29/2005,54,1.529109716
1/30/2005,67,1.897228722
1/31/2005,63,1.783961335
2/1/2005,794,22.48357619
2/2/2005,2410,68.24360029
2/3/2005,2260,63.9960733
2/4/2005,954,27.01427165
2/5/2005,404,11.44000602
2/6/2005,282,7.985350739
2/7/2005,226,6.39960733
2/8/2005,206,5.833270398
2/9/2005,247,6.994261108
2/10/2005,276,7.815449659
2/11/2005,183,5.181982926
2/12/2005,137,3.879407983
2/13/2005,122,3.454655284
2/14/2005,258,7.305746421
2/15/2005,290,8.211885512
2/16/2005,182,5.15366608
2/17/2005,137,3.879407983
2/18/2005,107,3.029902585
2/19/2005,89,2.520199347
2/20/2005,81,2.293664574
2/21/2005,88,2.4918825
2/22/2005,80,2.265347727
2/23/2005,80,2.265347727
2/24/2005,197,5.578418779
2/25/2005,246,6.965944262
2/26/2005,174,4.927131307
2/27/2005,128,3.624556364
2/28/2005,137,3.879407983
3/1/2005,109,3.086536279
3/2/2005,83,2.350298267
3/3/2005,92,2.605149886
3/4/2005,143,4.049309063
3/5/2005,114,3.228120511
3/6/2005,83,2.350298267
3/7/2005,72,2.038812955
3/8/2005,96,2.718417273
3/9/2005,113,3.199803665
3/10/2005,79,2.237030881
3/11/2005,63,1.783961335
3/12/2005,54,1.529109716
3/13/2005,48,1.359208636
3/14/2005,46,1.302574943
3/15/2005,53,1.500792869
3/16/2005,563,15.94238463
3/17/2005,407,11.52495656
3/18/2005,195,5.521785085
3/19/2005,128,3.624556364
3/20/2005,101,2.860001506
3/21/2005,96,2.718417273
3/22/2005,91,2.57683304
3/23/2005,90,2.548516193
3/24/2005,94,2.66178358
3/25/2005,69,1.953862415
3/26/2005,59,1.670693949
3/27/2005,67,1.897228722
3/28/2005,72,2.038812955
3/29/2005,60,1.699010796
3/30/2005,48,1.359208636
3/31/2005,115,3.256437358
4/1/2005,4860,137.6198744
4/2/2005,5410,153.1941401
4/3/2005,1360,38.51091137
4/4/2005,468,13.25228421
4/5/2005,321,9.089707756
4/6/2005,648,18.34931659
4/7/2005,1110,31.43169972
4/8/2005,548,15.51763193
4/9/2005,312,8.834856137
4/10/2005,232,6.569508409
4/11/2005,190,5.380200852
4/12/2005,1520,43.04160682
4/13/2005,1050,29.73268892
4/14/2005,410,11.6099071
4/15/2005,240,6.796043182
4/16/2005,182,5.15366608
4/17/2005,144,4.077625909
4/18/2005,120,3.398021591
4/19/2005,105,2.973268892
4/20/2005,95,2.690100426
4/21/2005,85,2.40693196
4/22/2005,78,2.208714034
4/23/2005,69,1.953862415
4/24/2005,62,1.755644489
4/25/2005,51,1.444159176
4/26/2005,196,5.550101932
4/27/2005,208,5.889904091
4/28/2005,129,3.65287321
4/29/2005,83,2.350298267
4/30/2005,1620,45.87329148
5/1/2005,2300,65.12874716
5/2/2005,993,28.11862867
5/3/2005,291,8.240202358
5/4/2005,188,5.323567159
5/5/2005,140,3.964358523
5/6/2005,111,3.143169972
5/7/2005,92,2.605149886
5/8/2005,80,2.265347727
5/9/2005,69,1.953862415
5/10/2005,62,1.755644489
5/11/2005,57,1.614060256
5/12/2005,51,1.444159176
5/13/2005,43,1.217624403
5/14/2005,36,1.019406477
5/15/2005,32,0.906139091
5/16/2005,28,0.792871705
5/17/2005,24,0.679604318
5/18/2005,21,0.594653778
5/19/2005,19,0.538020085
5/20/2005,18,0.509703239
5/21/2005,21,0.594653778
5/22/2005,19,0.538020085
5/23/2005,17,0.481386392
5/24/2005,15,0.424752699
5/25/2005,13,0.368119006
5/26/2005,12,0.339802159
5/27/2005,11,0.311485313
5/28/2005,9.5,0.269010043
5/29/2005,206,5.833270398
5/30/2005,326,9.231291989
5/31/2005,1120,31.71486818
6/1/2005,2210,62.58023097
6/2/2005,1270,35.96239517
6/3/2005,280,7.928717046
6/4/2005,146,4.134259602
6/5/2005,98,2.775050966
6/6/2005,81,2.293664574
6/7/2005,187,5.295250313
6/8/2005,139,3.936041676
6/9/2005,280,7.928717046
6/10/2005,275,7.787132813
6/11/2005,265,7.503964347
6/12/2005,188,5.323567159
6/13/2005,113,3.199803665
6/14/2005,78,2.208714034
6/15/2005,58,1.642377102
6/16/2005,40,1.132673864
6/17/2005,30,0.849505398
6/18/2005,77,2.180397188
6/19/2005,65,1.840595028
6/20/2005,38,1.07604017
6/21/2005,26,0.736238011
6/22/2005,20,0.566336932
6/23/2005,16,0.453069545
6/24/2005,16,0.453069545
6/25/2005,23,0.651287472
6/26/2005,15,0.424752699
6/27/2005,11,0.311485313
6/28/2005,20,0.566336932
6/29/2005,39,1.104357017
6/30/2005,24,0.679604318
7/1/2005,22,0.622970625
7/2/2005,80,2.265347727
7/3/2005,34,0.962772784
7/4/2005,20,0.566336932
7/5/2005,16,0.453069545
7/6/2005,2160,61.16438864
7/7/2005,817,23.13486367
7/8/2005,325,9.202975142
7/9/2005,286,8.098618125
7/10/2005,267,7.56059804
7/11/2005,251,7.107528495
7/12/2005,153,4.332477529
7/13/2005,214,6.059805171
7/14/2005,110,3.114853125
7/15/2005,127,3.596239517
7/16/2005,127,3.596239517
7/17/2005,94,2.66178358
7/18/2005,70,1.982179261
7/19/2005,49,1.387525483
7/20/2005,44,1.24594125
7/21/2005,180,5.097032387
7/22/2005,182,5.15366608
7/23/2005,77,2.180397188
7/24/2005,49,1.387525483
7/25/2005,44,1.24594125
7/26/2005,31,0.877822244
7/27/2005,37,1.047723324
7/28/2005,99,2.803367813
7/29/2005,217,6.14475571
7/30/2005,129,3.65287321
7/31/2005,118,3.341387898
8/1/2005,494,13.98852222
8/2/2005,653,18.49090082
8/3/2005,362,10.25069847
8/4/2005,346,9.797628921
8/5/2005,197,5.578418779
8/6/2005,117,3.313071051
8/7/2005,127,3.596239517
8/8/2005,87,2.463565654
8/9/2005,71,2.010496108
8/10/2005,104,2.944952046
8/11/2005,106,3.001585739
8/12/2005,76,2.152080341
8/13/2005,56,1.585743409
8/14/2005,45,1.274258097
8/15/2005,32,0.906139091
8/16/2005,26,0.736238011
8/17/2005,21,0.594653778
8/18/2005,20,0.566336932
8/19/2005,19,0.538020085
8/20/2005,16,0.453069545
8/21/2005,24,0.679604318
8/22/2005,39,1.104357017
8/23/2005,238,6.739409489
8/24/2005,118,3.341387898
8/25/2005,104,2.944952046
8/26/2005,96,2.718417273
8/27/2005,80,2.265347727
8/28/2005,52,1.472476023
8/29/2005,4270,120.9129349
8/30/2005,7810,221.1545719
8/31/2005,3870,109.5861963
9/1/2005,1610,45.59012301
9/2/2005,880,24.918825
9/3/2005,436,12.34614511
9/4/2005,292,8.268519205
9/5/2005,229,6.48455787
9/6/2005,188,5.323567159
9/7/2005,157,4.445744915
9/8/2005,134,3.794457443
9/9/2005,119,3.369704744
9/10/2005,108,3.058219432
9/11/2005,98,2.775050966
9/12/2005,89,2.520199347
9/13/2005,80,2.265347727
9/14/2005,74,2.095446648
9/15/2005,68,1.925545568
9/16/2005,64,1.812278182
9/17/2005,61,1.727327642
9/18/2005,59,1.670693949
9/19/2005,56,1.585743409
9/20/2005,53,1.500792869
9/21/2005,48,1.359208636
9/22/2005,47,1.33089179
9/23/2005,116,3.284754205
9/24/2005,214,6.059805171
9/25/2005,133,3.766140597
9/26/2005,100,2.831684659
9/27/2005,84,2.378615114
9/28/2005,67,1.897228722
9/29/2005,57,1.614060256
9/30/2005,48,1.359208636
10/1/2005,49.1,1.390357168
10/2/2005,88.5,2.506040923
10/3/2005,60,1.699010796
10/4/2005,39,1.104357017
10/5/2005,32,0.906139091
10/6/2005,28,0.792871705
10/7/2005,25,0.707921165
10/8/2005,24,0.679604318
10/9/2005,22,0.622970625
10/10/2005,21,0.594653778
10/11/2005,19,0.538020085
10/12/2005,19,0.538020085
10/13/2005,17,0.481386392
10/14/2005,17,0.481386392
10/15/2005,16,0.453069545
10/16/2005,16,0.453069545
10/17/2005,15,0.424752699
10/18/2005,14,0.396435852
10/19/2005,14,0.396435852
10/20/2005,13,0.368119006
10/21/2005,13,0.368119006
10/22/2005,13,0.368119006
10/23/2005,12,0.339802159
10/24/2005,12,0.339802159
10/25/2005,12,0.339802159
10/26/2005,12,0.339802159
10/27/2005,12,0.339802159
10/28/2005,11,0.311485313
10/29/2005,11,0.311485313
10/30/2005,11,0.311485313
10/31/2005,11,0.311485313
11/1/2005,12.7,0.359623952
11/2/2005,13.8,0.390772483
11/3/2005,15,0.424752699
11/4/2005,14.3,0.404930906
11/5/2005,14.6,0.41342596
11/6/2005,15.6,0.441742807
11/7/2005,16,0.453069545
11/8/2005,16,0.453069545
11/9/2005,15.2,0.430416068
11/10/2005,14.9,0.421921014
11/11/2005,14,0.396435852
11/12/2005,13.4,0.379445744
11/13/2005,13.2,0.373782375
11/14/2005,13.2,0.373782375
11/15/2005,13.2,0.373782375
11/16/2005,12.8,0.362455636
11/17/2005,12.4,0.351128898
11/18/2005,13,0.368119006
11/19/2005,13,0.368119006
11/20/2005,14,0.396435852
11/21/2005,14.4,0.407762591
11/22/2005,14.5,0.410594276
11/23/2005,15.4,0.436079438
11/24/2005,15.2,0.430416068
11/25/2005,14.6,0.41342596
11/26/2005,15.1,0.427584384
11/27/2005,256,7.249112728
11/28/2005,197,5.578418779
11/29/2005,107,3.029902585
11/30/2005,75,2.123763494
12/1/2005,49.9,1.413010645
12/2/2005,36.6,1.036396585
12/3/2005,30.4,0.860832136
12/4/2005,26.4,0.74756475
12/5/2005,71.6,2.027486216
12/6/2005,170,4.813863921
12/7/2005,108,3.058219432
12/8/2005,83.4,2.361625006
12/9/2005,68,1.925545568
12/10/2005,58.4,1.653703841
12/11/2005,48.2,1.364872006
12/12/2005,40.2,1.138337233
12/13/2005,34.6,0.979762892
12/14/2005,32.3,0.914634145
12/15/2005,937,26.53288526
12/16/2005,776,21.97387296
12/17/2005,262,7.419013807
12/18/2005,151,4.275843835
12/19/2005,110,3.114853125
12/20/2005,84.7,2.398436906
12/21/2005,70.9,2.007664423
12/22/2005,61.2,1.732991011
12/23/2005,55.6,1.574416671
12/24/2005,53.8,1.523446347
12/25/2005,75.9,2.149248656
12/26/2005,102,2.888318352
12/27/2005,78.7,2.228535827
12/28/2005,66.2,1.874575244
12/29/2005,56.5,1.599901832
12/30/2005,50.5,1.430000753
12/31/2005,45.7,1.294079889
1/1/2006,42.8,1.211961034
1/2/2006,42.9,1.214792719
1/3/2006,41.1,1.163822395
1/4/2006,37.8,1.070376801
1/5/2006,34.6,0.979762892
1/6/2006,29.6,0.838178659
1/7/2006,27.2,0.770218227
1/8/2006,27.2,0.770218227
1/9/2006,26.8,0.758891489
1/10/2006,26.5,0.750396435
1/11/2006,27.1,0.767386543
1/12/2006,27.3,0.773049912
1/13/2006,41.2,1.16665408
1/14/2006,105,2.973268892
1/15/2006,92.6,2.622139994
1/16/2006,70.6,1.999169369
1/17/2006,63.7,1.803783128
1/18/2006,107,3.029902585
1/19/2006,113,3.199803665
1/20/2006,92.1,2.607981571
1/21/2006,1040,29.44952046
1/22/2006,926,26.22139994
1/23/2006,722,20.44476324
1/24/2006,575,16.28218679
1/25/2006,303,8.580004517
1/26/2006,166,4.700596534
1/27/2006,126,3.567922671
1/28/2006,108,3.058219432
1/29/2006,126,3.567922671
1/30/2006,152,4.304160682
1/31/2006,121,3.426338438
2/1/2006,94.2,2.667446949
2/2/2006,185,5.23861662
2/3/2006,224,6.342973637
2/4/2006,152,4.304160682
2/5/2006,108,3.058219432
2/6/2006,87,2.463565654
2/7/2006,81,2.293664574
2/8/2006,77,2.180397188
2/9/2006,70.7,2.002001054
2/10/2006,62.6,1.772634597
2/11/2006,242,6.852676875
2/12/2006,323,9.146341449
2/13/2006,196,5.550101932
2/14/2006,125,3.539605824
2/15/2006,101,2.860001506
2/16/2006,89.8,2.542852824
2/17/2006,82.3,2.330476475
2/18/2006,75,2.123763494
2/19/2006,73.3,2.075624855
2/20/2006,71,2.010496108
2/21/2006,67.4,1.90855546
2/22/2006,65.5,1.854753452
2/23/2006,62.2,1.761307858
2/24/2006,57.8,1.636713733
2/25/2006,299,8.466737131
2/26/2006,1240,35.11288977
2/27/2006,773,21.88892242
2/28/2006,530,15.00792869
3/1/2006,206,5.833270398
3/2/2006,156,4.417428068
3/3/2006,126,3.567922671
3/4/2006,101,2.860001506
3/5/2006,85.1,2.409763645
3/6/2006,76.4,2.16340708
3/7/2006,70,1.982179261
3/8/2006,64.5,1.826436605
3/9/2006,61.1,1.730159327
3/10/2006,63,1.783961335
3/11/2006,59.7,1.690515742
3/12/2006,58.7,1.662198895
3/13/2006,67.4,1.90855546
3/14/2006,68.3,1.934040622
3/15/2006,52.7,1.492297815
3/16/2006,49.1,1.390357168
3/17/2006,45.8,1.296911574
3/18/2006,40.9,1.158159026
3/19/2006,38.7,1.095861963
3/20/2006,37.6,1.064713432
3/21/2006,39.9,1.129842179
3/22/2006,42.5,1.20346598
3/23/2006,39.8,1.127010494
3/24/2006,35,0.991089631
3/25/2006,30.6,0.866495506
3/26/2006,27.9,0.79004002
3/27/2006,26.3,0.744733065
3/28/2006,25.6,0.724911273
3/29/2006,25.7,0.727742957
3/30/2006,26.4,0.74756475
3/31/2006,27.1,0.767386543
4/1/2006,27,0.764554858
4/2/2006,27,0.764554858
4/3/2006,26,0.736238011
4/4/2006,24,0.679604318
4/5/2006,22.7,0.642792418
4/6/2006,21.4,0.605980517
4/7/2006,20.3,0.574831986
4/8/2006,19,0.538020085
4/9/2006,18.1,0.512534923
4/10/2006,16.9,0.478554707
4/11/2006,16.3,0.461564599
4/12/2006,15.9,0.450237861
4/13/2006,15.2,0.430416068
4/14/2006,14.9,0.421921014
4/15/2006,14.4,0.407762591
4/16/2006,13.8,0.390772483
4/17/2006,13.2,0.373782375
4/18/2006,12.6,0.356792267
4/19/2006,11.8,0.33413879
4/20/2006,11.6,0.32847542
4/21/2006,34,0.962772784
4/22/2006,89.3,2.528694401
4/23/2006,46,1.302574943
4/24/2006,24,0.679604318
4/25/2006,195,5.521785085
4/26/2006,1400,39.64358523
4/27/2006,740,20.95446648
4/28/2006,410,11.6099071
4/29/2006,175,4.955448154
4/30/2006,90,2.548516193
5/1/2006,84,2.378615114
5/2/2006,126,3.567922671
5/3/2006,97.8,2.769387597
5/4/2006,64.1,1.815109867
5/5/2006,45.9,1.299743259
5/6/2006,36.2,1.025069847
5/7/2006,35.2,0.996753
5/8/2006,72.9,2.064298117
5/9/2006,158,4.474061762
5/10/2006,121,3.426338438
5/11/2006,80.9,2.290832889
5/12/2006,54.7,1.548931509
5/13/2006,37.8,1.070376801
5/14/2006,27.3,0.773049912
5/15/2006,22.8,0.645624102
5/16/2006,19,0.538020085
5/17/2006,16.5,0.467227969
5/18/2006,14.8,0.41908933
5/19/2006,13.4,0.379445744
5/20/2006,13,0.368119006
5/21/2006,11.5,0.325643736
5/22/2006,10.7,0.302990259
5/23/2006,14.4,0.407762591
5/24/2006,13.5,0.382277429
5/25/2006,10,0.283168466
5/26/2006,9.1,0.257683304
5/27/2006,8.49,0.240410028
5/28/2006,8.08,0.22880012
5/29/2006,7.77,0.220021898
5/30/2006,7.41,0.209827833
5/31/2006,7.28,0.206146643
6/1/2006,7.07,0.200200105
6/2/2006,7.41,0.209827833
6/3/2006,7.56,0.21407536
6/4/2006,7.04,0.1993506
6/5/2006,6.65,0.18830703
6/6/2006,6.4,0.181227818
6/7/2006,6.18,0.174998112
6/8/2006,5.85,0.165653553
6/9/2006,5.72,0.161972363
6/10/2006,5.51,0.156025825
6/11/2006,5.51,0.156025825
6/12/2006,5.31,0.150362455
6/13/2006,5.73,0.162255531
6/14/2006,5.43,0.153760477
6/15/2006,5.12,0.144982255
6/16/2006,5.05,0.143000075
6/17/2006,4.95,0.140168391
6/18/2006,5.03,0.142433738
6/19/2006,4.9,0.138752548
6/20/2006,4.75,0.134505021
6/21/2006,5.11,0.144699086
6/22/2006,4.82,0.136487201
6/23/2006,5.31,0.150362455
6/24/2006,6.72,0.190289209
6/25/2006,8.62,0.244091218
6/26/2006,12.4,0.351128898
6/27/2006,9.93,0.281186287
6/28/2006,8.82,0.249754587
6/29/2006,9.27,0.262497168
6/30/2006,7.36,0.208411991
7/1/2006,6.22,0.176130786
7/2/2006,6.07,0.171883259
7/3/2006,5.59,0.158291172
7/4/2006,5.41,0.15319414
7/5/2006,16.5,0.467227969
7/6/2006,62.6,1.772634597
7/7/2006,141,3.992675369
7/8/2006,98.7,2.794872759
7/9/2006,47,1.33089179
7/10/2006,25,0.707921165
7/11/2006,17,0.481386392
7/12/2006,12,0.339802159
7/13/2006,9.58,0.27127539
7/14/2006,8.46,0.239560522
7/15/2006,7.39,0.209261496
7/16/2006,7.8,0.220871403
7/17/2006,9.3,0.263346673
7/18/2006,7.43,0.21039417
7/19/2006,6.98,0.197651589
7/20/2006,12.6,0.356792267
7/21/2006,10.2,0.288831835
7/22/2006,9.48,0.268443706
7/23/2006,8.8,0.24918825
7/24/2006,39,1.104357017
7/25/2006,55.8,1.58008004
7/26/2006,56,1.585743409
7/27/2006,41.8,1.183644188
7/28/2006,24.9,0.70508948
7/29/2006,16.6,0.470059653
7/30/2006,12.4,0.351128898
7/31/2006,16.8,0.475723023
8/1/2006,53,1.500792869
8/2/2006,33.4,0.945782676
8/3/2006,20.5,0.580495355
8/4/2006,29.1,0.824020236
8/5/2006,19.2,0.543683455
8/6/2006,13.3,0.37661406
8/7/2006,12.6,0.356792267
8/8/2006,15.1,0.427584384
8/9/2006,37.2,1.053386693
8/10/2006,115,3.256437358
8/11/2006,48.9,1.384693798
8/12/2006,60,1.699010796
8/13/2006,30.4,0.860832136
8/14/2006,40.2,1.138337233
8/15/2006,117,3.313071051
8/16/2006,76.3,2.160575395
8/17/2006,57.7,1.633882048
8/18/2006,34.4,0.974099523
8/19/2006,30.9,0.87499056
8/20/2006,24.8,0.702257795
8/21/2006,28.9,0.818356867
8/22/2006,201,5.691686165
8/23/2006,384,10.87366909
8/24/2006,208,5.889904091
8/25/2006,411,11.63822395
8/26/2006,1130,31.99803665
8/27/2006,718,20.33149585
8/28/2006,290,8.211885512
8/29/2006,111,3.143169972
8/30/2006,72,2.038812955
8/31/2006,55,1.557426563
9/1/2006,46,1.302574943
9/2/2006,36,1.019406477
9/3/2006,27,0.764554858
9/4/2006,21,0.594653778
9/5/2006,17,0.481386392
9/6/2006,15,0.424752699
9/7/2006,12,0.339802159
9/8/2006,11,0.311485313
9/9/2006,9.61,0.272124896
9/10/2006,11.5,0.325643736
9/11/2006,60.3,1.707505849
9/12/2006,251,7.107528495
9/13/2006,507,14.35664122
9/14/2006,292,8.268519205
9/15/2006,167,4.728913381
9/16/2006,91,2.57683304
9/17/2006,54.6,1.546099824
9/18/2006,45,1.274258097
9/19/2006,50.1,1.418674014
9/20/2006,43.1,1.220456088
9/21/2006,61.1,1.730159327
9/22/2006,47.2,1.336555159
9/23/2006,33.2,0.940119307
9/24/2006,70.6,1.999169369
9/25/2006,156,4.417428068
9/26/2006,85,2.40693196
9/27/2006,56.8,1.608396886
9/28/2006,36.7,1.03922827
9/29/2006,27,0.764554858
9/30/2006,22.9,0.648455787
10/1/2006,19.5,0.552178509
10/2/2006,17.1,0.484218077
10/3/2006,15,0.424752699
10/4/2006,14.1,0.399267537
10/5/2006,12.9,0.365287321
10/6/2006,11.8,0.33413879
10/7/2006,10.6,0.300158574
10/8/2006,10.3,0.29166352
10/9/2006,9.19,0.26023182
10/10/2006,8.62,0.244091218
10/11/2006,7.92,0.224269425
10/12/2006,7.87,0.222853583
10/13/2006,9.63,0.272691233
10/14/2006,14,0.396435852
10/15/2006,15.6,0.441742807
10/16/2006,23.9,0.676772634
10/17/2006,148,4.190893296
10/18/2006,146,4.134259602
10/19/2006,113,3.199803665
10/20/2006,134,3.794457443
10/21/2006,120,3.398021591
10/22/2006,506,14.32832438
10/23/2006,254,7.192479034
10/24/2006,137,3.879407983
10/25/2006,85.6,2.423922068
10/26/2006,59.1,1.673525634
10/27/2006,720,20.38812955
10/28/2006,781,22.11545719
10/29/2006,454,12.85584835
10/30/2006,220,6.22970625
10/31/2006,133,3.766140597
11/1/2006,95,2.690100426
11/2/2006,77,2.180397188
11/3/2006,64.1,1.815109867
11/4/2006,51.6,1.461149284
11/5/2006,41.3,1.169485764
11/6/2006,102,2.888318352
11/7/2006,746,21.12436756
11/8/2006,493,13.96020537
11/9/2006,290,8.211885512
11/10/2006,155,4.389111222
11/11/2006,109,3.086536279
11/12/2006,95,2.690100426
11/13/2006,77.6,2.197387296
11/14/2006,65.5,1.854753452
11/15/2006,1100,31.14853125
11/16/2006,1570,44.45744915
11/17/2006,1060,30.01585739
11/18/2006,532,15.06456239
11/19/2006,277,7.843766506
11/20/2006,206,5.833270398
11/21/2006,164,4.643962841
11/22/2006,136,3.851091137
11/23/2006,115,3.256437358
11/24/2006,103,2.916635199
11/25/2006,90,2.548516193
11/26/2006,79.6,2.254020989
11/27/2006,70.1,1.985010946
11/28/2006,59.7,1.690515742
11/29/2006,55.7,1.577248355
11/30/2006,52.7,1.492297815
12/1/2006,79.8,2.259684358
12/2/2006,95.1,2.692932111
12/3/2006,84.7,2.398436906
12/4/2006,68.6,1.942535676
12/5/2006,54.2,1.534773085
12/6/2006,47.5,1.345050213
12/7/2006,45,1.274258097
12/8/2006,43.8,1.240277881
12/9/2006,39.9,1.129842179
12/10/2006,38.2,1.08170354
12/11/2006,35.4,1.002416369
12/12/2006,40.6,1.149663972
12/13/2006,68.3,1.934040622
12/14/2006,67.5,1.911387145
12/15/2006,61.4,1.738654381
12/16/2006,53.4,1.512119608
12/17/2006,45.1,1.277089781
12/18/2006,38,1.07604017
12/19/2006,35,0.991089631
12/20/2006,33,0.934455938
12/21/2006,1190,33.69704744
12/22/2006,6420,181.7941551
12/23/2006,4820,136.4872006
12/24/2006,1570,44.45744915
12/25/2006,1000,28.31684659
12/26/2006,693,19.62357469
12/27/2006,462,13.08238313
12/28/2006,321,9.089707756
12/29/2006,269,7.617231733
12/30/2006,229,6.48455787
12/31/2006,1970,55.78418779
1/1/2007,1920,54.36834546
1/2/2007,1120,31.71486818
1/3/2007,504,14.27169068
1/4/2007,336,9.514460455
1/5/2007,1180,33.41387898
1/6/2007,1070,30.29902585
1/7/2007,761,21.54912026
1/8/2007,602,17.04674165
1/9/2007,523,14.80971077
1/10/2007,367,10.3922827
1/11/2007,272,7.702182273
1/12/2007,219,6.201389404
1/13/2007,195,5.521785085
1/14/2007,181,5.125349233
1/15/2007,164,4.643962841
1/16/2007,157,4.445744915
1/17/2007,157,4.445744915
1/18/2007,132,3.73782375
1/19/2007,255,7.220795881
1/20/2007,288,8.155251818
1/21/2007,206,5.833270398
1/22/2007,479,13.56376952
1/23/2007,541,15.31941401
1/24/2007,359,10.16574793
1/25/2007,249,7.050894801
1/26/2007,190,5.380200852
1/27/2007,178,5.040398693
1/28/2007,353,9.995846847
1/29/2007,278,7.872083353
1/30/2007,194,5.493468239
1/31/2007,157,4.445744915
2/1/2007,279,7.900400199
2/2/2007,407,11.52495656
2/3/2007,268,7.588914887
2/4/2007,188,5.323567159
2/5/2007,149,4.219210142
2/6/2007,127,3.596239517
2/7/2007,114,3.228120511
2/8/2007,106,3.001585739
2/9/2007,93,2.633466733
2/10/2007,84,2.378615114
2/11/2007,76,2.152080341
2/12/2007,71,2.010496108
2/13/2007,153,4.332477529
2/14/2007,288,8.155251818
2/15/2007,170,4.813863921
2/16/2007,105,2.973268892
2/17/2007,91,2.57683304
2/18/2007,84.1,2.381446798
2/19/2007,76.7,2.171902134
2/20/2007,73.2,2.072793171
2/21/2007,79.8,2.259684358
2/22/2007,107,3.029902585
2/23/2007,96.8,2.74107075
2/24/2007,78.5,2.222872457
2/25/2007,72.3,2.047308009
2/26/2007,69.9,1.979347577
2/27/2007,60.7,1.718832588
2/28/2007,53.5,1.514951293
3/1/2007,53.3,1.509287923
3/2/2007,77.5,2.194555611
3/3/2007,91.6,2.593823148
3/4/2007,73.4,2.07845654
3/5/2007,56.5,1.599901832
3/6/2007,48.1,1.362040321
3/7/2007,44.1,1.248772935
3/8/2007,42.1,1.192139242
3/9/2007,40.6,1.149663972
3/10/2007,39.1,1.107188702
3/11/2007,38.2,1.08170354
3/12/2007,36.8,1.042059955
3/13/2007,35.5,1.005248054
3/14/2007,35.2,0.996753
3/15/2007,47.8,1.353545267
3/16/2007,75.1,2.126595179
3/17/2007,74.2,2.101110017
3/18/2007,57.1,1.61689194
3/19/2007,44.4,1.257267989
3/20/2007,38.4,1.087366909
3/21/2007,35,0.991089631
3/22/2007,32.9,0.931624253
3/23/2007,31,0.877822244
3/24/2007,29.4,0.83251529
3/25/2007,28,0.792871705
3/26/2007,26.7,0.756059804
3/27/2007,25.6,0.724911273
3/28/2007,24.6,0.696594426
3/29/2007,23.8,0.673940949
3/30/2007,22.6,0.639960733
3/31/2007,21.8,0.617307256
4/1/2007,37.8,1.070376801
4/2/2007,90.2,2.554179563
4/3/2007,65.5,1.854753452
4/4/2007,47.4,1.342218528
4/5/2007,35.7,1.010911423
4/6/2007,29.2,0.82685192
4/7/2007,24.9,0.70508948
4/8/2007,23,0.651287472
4/9/2007,23.2,0.656950841
4/10/2007,24,0.679604318
4/11/2007,276,7.815449659
4/12/2007,233,6.597825256
4/13/2007,106,3.001585739
4/14/2007,73.4,2.07845654
4/15/2007,155,4.389111222
4/16/2007,93.5,2.647625156
4/17/2007,66.9,1.894397037
4/18/2007,56.2,1.591406778
4/19/2007,76.3,2.160575395
4/20/2007,56.3,1.594238463
4/21/2007,41.6,1.177980818
4/22/2007,31.2,0.883485614
4/23/2007,25.4,0.719247903
4/24/2007,22,0.622970625
4/25/2007,19,0.538020085
4/26/2007,56.6,1.602733517
4/27/2007,107,3.029902585
4/28/2007,69.7,1.973684207
4/29/2007,41.1,1.163822395
4/30/2007,28.2,0.798535074
5/1/2007,21.2,0.600317148
5/2/2007,16.9,0.478554707
5/3/2007,14.2,0.402099222
5/4/2007,18.1,0.512534923
5/5/2007,44.3,1.254436304
5/6/2007,44.1,1.248772935
5/7/2007,34.5,0.976931207
5/8/2007,25.5,0.722079588
5/9/2007,19.5,0.552178509
5/10/2007,15.5,0.438911122
5/11/2007,12.7,0.359623952
5/12/2007,11.7,0.331307105
5/13/2007,17.7,0.501208185
5/14/2007,13.8,0.390772483
5/15/2007,10.6,0.300158574
5/16/2007,9.4,0.266178358
5/17/2007,13.7,0.387940798
5/18/2007,28.1,0.795703389
5/19/2007,23.4,0.66261421
5/20/2007,16,0.453069545
5/21/2007,11.8,0.33413879
5/22/2007,9.29,0.263063505
5/23/2007,7.74,0.219172393
5/24/2007,7.47,0.211526844
5/25/2007,10.7,0.302990259
5/26/2007,19.1,0.54085177
5/27/2007,14.4,0.407762591
5/28/2007,10.5,0.297326889
5/29/2007,8.71,0.246639734
5/30/2007,14.6,0.41342596
5/31/2007,30,0.849505398
6/1/2007,27.7,0.784376651
6/2/2007,25.7,0.727742957
6/3/2007,25.2,0.713584534
6/4/2007,17.3,0.489881446
6/5/2007,12.3,0.348297213
6/6/2007,9.72,0.275239749
6/7/2007,7.96,0.225402099
6/8/2007,6.69,0.189439704
6/9/2007,6.16,0.174431775
6/10/2007,12.4,0.351128898
6/11/2007,18.5,0.523861662
6/12/2007,21.4,0.605980517
6/13/2007,18.4,0.521029977
6/14/2007,12,0.339802159
6/15/2007,8.38,0.237295174
6/16/2007,6.77,0.191705051
6/17/2007,5.84,0.165370384
6/18/2007,10.4,0.294495205
6/19/2007,9.16,0.259382315
6/20/2007,11.2,0.317148682
6/21/2007,14.9,0.421921014
6/22/2007,11.5,0.325643736
6/23/2007,7.66,0.216907045
6/24/2007,6.85,0.193970399
6/25/2007,5.58,0.158008004
6/26/2007,5.9,0.167069395
6/27/2007,5.15,0.14583176
6/28/2007,4.78,0.135354527
6/29/2007,4.18,0.118364419
6/30/2007,3.78,0.10703768
7/1/2007,5.69,0.161122857
7/2/2007,9.28,0.262780336
7/3/2007,7.7,0.218039719
7/4/2007,74.5,2.109605071
7/5/2007,272,7.702182273
7/6/2007,175,4.955448154
7/7/2007,126,3.567922671
7/8/2007,62,1.755644489
7/9/2007,38.6,1.093030278
7/10/2007,31.1,0.880653929
7/11/2007,52.5,1.486634446
7/12/2007,37.9,1.073208486
7/13/2007,26.6,0.753228119
7/14/2007,31.6,0.894812352
7/15/2007,123,3.482972131
7/16/2007,283,8.013667586
7/17/2007,222,6.286339943
7/18/2007,116,3.284754205
7/19/2007,77.1,2.183228872
7/20/2007,47,1.33089179
7/21/2007,32.2,0.91180246
7/22/2007,30.5,0.863663821
7/23/2007,22.2,0.628633994
7/24/2007,22.2,0.628633994
7/25/2007,37.1,1.050555009
7/26/2007,37,1.047723324
7/27/2007,24.2,0.685267688
7/28/2007,17,0.481386392
7/29/2007,13.4,0.379445744
7/30/2007,13,0.368119006
7/31/2007,9.8,0.277505097
8/1/2007,141,3.992675369
8/2/2007,150,4.247526989
8/3/2007,112,3.171486818
8/4/2007,61.4,1.738654381
8/5/2007,34.1,0.965604469
8/6/2007,22.9,0.648455787
8/7/2007,17.2,0.487049761
8/8/2007,13.5,0.382277429
8/9/2007,11.9,0.336970474
8/10/2007,10.1,0.286000151
8/11/2007,8.38,0.237295174
8/12/2007,7.18,0.203314959
8/13/2007,6.23,0.176413954
8/14/2007,5.63,0.159423846
8/15/2007,5.32,0.150645624
8/16/2007,5.57,0.157724836
8/17/2007,4.79,0.135637695
8/18/2007,4.26,0.120629766
8/19/2007,4.38,0.124027788
8/20/2007,21.1,0.597485463
8/21/2007,12.5,0.353960582
8/22/2007,8.69,0.246073397
8/23/2007,6.41,0.181510987
8/24/2007,5.35,0.151495129
8/25/2007,4.15,0.117514913
8/26/2007,4.15,0.117514913
8/27/2007,3.58,0.101374311
8/28/2007,5.15,0.14583176
8/29/2007,13.9,0.393604168
8/30/2007,9,0.254851619
8/31/2007,24.8,0.702257795
9/1/2007,26.3,0.744733065
9/2/2007,62.2,1.761307858
9/3/2007,27.6,0.781544966
9/4/2007,18.1,0.512534923
9/5/2007,15.1,0.427584384
9/6/2007,12,0.339802159
9/7/2007,9.77,0.276655591
9/8/2007,9.31,0.263629842
9/9/2007,9.41,0.266461526
9/10/2007,7.8,0.220871403
9/11/2007,10.7,0.302990259
9/12/2007,8.84,0.250320924
9/13/2007,11.4,0.322812051
9/14/2007,57.4,1.625386994
9/15/2007,46.7,1.322396736
9/16/2007,30,0.849505398
9/17/2007,20.4,0.57766367
9/18/2007,14,0.396435852
9/19/2007,10.3,0.29166352
9/20/2007,7.78,0.220305066
9/21/2007,6.25,0.176980291
9/22/2007,5.65,0.159990183
9/23/2007,8.1,0.229366457
9/24/2007,42.6,1.206297665
9/25/2007,71.7,2.030317901
9/26/2007,55.2,1.563089932
9/27/2007,40.9,1.158159026
9/28/2007,25.8,0.730574642
9/29/2007,17.8,0.504039869
9/30/2007,13,0.368119006
10/1/2007,9.62,0.272408064
10/2/2007,7.53,0.213225855
10/3/2007,6.29,0.178112965
10/4/2007,5.54,0.15687533
10/5/2007,6.8,0.192554557
10/6/2007,8.09,0.229083289
10/7/2007,6.89,0.195103073
10/8/2007,6.73,0.190572378
10/9/2007,8.39,0.237578343
10/10/2007,8.86,0.250887261
10/11/2007,8.36,0.236728838
10/12/2007,7.61,0.215491203
10/13/2007,6.86,0.194253568
10/14/2007,6.26,0.17726346
10/15/2007,5.34,0.151211961
10/16/2007,4.77,0.135071358
10/17/2007,4.56,0.12912482
10/18/2007,8.55,0.242109038
10/19/2007,16.5,0.467227969
10/20/2007,16.9,0.478554707
10/21/2007,15.1,0.427584384
10/22/2007,221,6.258023097
10/23/2007,2670,75.6059804
10/24/2007,1920,54.36834546
10/25/2007,880,24.918825
10/26/2007,300,8.495053978
10/27/2007,183,5.181982926
10/28/2007,120,3.398021591
10/29/2007,87.4,2.474892392
10/30/2007,68.8,1.948199046
10/31/2007,59.5,1.684852372
11/1/2007,49.8,1.41017896
11/2/2007,42.9,1.214792719
11/3/2007,38,1.07604017
11/4/2007,33.5,0.948614361
11/5/2007,30.1,0.852337082
11/6/2007,27.4,0.775881597
11/7/2007,25.6,0.724911273
11/8/2007,24.2,0.685267688
11/9/2007,23.3,0.659782526
11/10/2007,22.1,0.62580231
11/11/2007,21.4,0.605980517
11/12/2007,20.7,0.586158724
11/13/2007,20.1,0.569168616
11/14/2007,19.5,0.552178509
11/15/2007,18.4,0.521029977
11/16/2007,17.7,0.501208185
11/17/2007,17.1,0.484218077
11/18/2007,16.7,0.472891338
11/19/2007,16.6,0.470059653
11/20/2007,16.4,0.464396284
11/21/2007,19.5,0.552178509
11/22/2007,32.6,0.923129199
11/23/2007,31.4,0.889148983
11/24/2007,26.7,0.756059804
11/25/2007,24.1,0.682436003
11/26/2007,52.2,1.478139392
11/27/2007,78.7,2.228535827
11/28/2007,63.5,1.798119759
11/29/2007,44.6,1.262931358
11/30/2007,34.3,0.971267838
12/1/2007,28.9,0.818356867
12/2/2007,25.6,0.724911273
12/3/2007,23.9,0.676772634
12/4/2007,23.2,0.656950841
12/5/2007,23,0.651287472
12/6/2007,22.1,0.62580231
12/7/2007,20.6,0.58332704
12/8/2007,19.5,0.552178509
12/9/2007,19,0.538020085
12/10/2007,18.9,0.535188401
12/11/2007,18.8,0.532356716
12/12/2007,18.6,0.526693347
12/13/2007,19,0.538020085
12/14/2007,20.2,0.572000301
12/15/2007,21.6,0.611643886
12/16/2007,21.3,0.603148832
12/17/2007,21.4,0.605980517
12/18/2007,19.6,0.555010193
12/19/2007,18.2,0.515366608
12/20/2007,26.3,0.744733065
12/21/2007,143,4.049309063
12/22/2007,139,3.936041676
12/23/2007,211,5.974854631
12/24/2007,258,7.305746421
12/25/2007,166,4.700596534
12/26/2007,95.4,2.701427165
12/27/2007,120,3.398021591
12/28/2007,127,3.596239517
12/29/2007,93.5,2.647625156
12/30/2007,587,16.62198895
12/31/2007,590,16.70693949
1/1/2008,358,10.13743108
1/2/2008,187,5.295250313
1/3/2008,115,3.256437358
1/4/2008,87.7,2.483387446
1/5/2008,75.6,2.140753602
1/6/2008,68,1.925545568
1/7/2008,61.9,1.752812804
1/8/2008,55.8,1.58008004
1/9/2008,208,5.889904091
1/10/2008,280,7.928717046
1/11/2008,358,10.13743108
1/12/2008,349,9.882579461
1/13/2008,214,6.059805171
1/14/2008,121,3.426338438
1/15/2008,87.9,2.489050815
1/16/2008,213,6.031488324
1/17/2008,516,14.61149284
1/18/2008,379,10.73208486
1/19/2008,550,15.57426563
1/20/2008,794,22.48357619
1/21/2008,559,15.82911724
1/22/2008,310,8.778222444
1/23/2008,221,6.258023097
1/24/2008,226,6.39960733
1/25/2008,261,7.390696961
1/26/2008,833,23.58793321
1/27/2008,936,26.50456841
1/28/2008,623,17.64139543
1/29/2008,332,9.401193069
1/30/2008,277,7.843766506
1/31/2008,364,10.30733216
2/1/2008,1780,50.40398693
2/2/2008,1610,45.59012301
2/3/2008,769,21.77565503
2/4/2008,360,10.19406477
2/5/2008,274,7.758815966
2/6/2008,824,23.33308159
2/7/2008,584,16.53703841
2/8/2008,311,8.80653929
2/9/2008,222,6.286339943
2/10/2008,168,4.757230227
2/11/2008,130,3.681190057
2/12/2008,128,3.624556364
2/13/2008,369,10.44891639
2/14/2008,273,7.73049912
2/15/2008,171,4.842180767
2/16/2008,139,3.936041676
2/17/2008,278,7.872083353
2/18/2008,342,9.684361534
2/19/2008,257,7.277429574
2/20/2008,209,5.918220938
2/21/2008,306,8.664955057
2/22/2008,475,13.45050213
2/23/2008,389,11.01525332
2/24/2008,288,8.155251818
2/25/2008,217,6.14475571
2/26/2008,192,5.436834546
2/27/2008,161,4.559012301
2/28/2008,117,3.313071051
2/29/2008,93,2.633466733
3/1/2008,80.4,2.276674466
3/2/2008,72.7,2.058634747
3/3/2008,66.7,1.888733668
3/4/2008,617,17.47149435
3/5/2008,448,12.68594727
3/6/2008,272,7.702182273
3/7/2008,497,14.07347276
3/8/2008,379,10.73208486
3/9/2008,238,6.739409489
3/10/2008,156,4.417428068
3/11/2008,178,5.040398693
3/12/2008,212,6.003171478
3/13/2008,150,4.247526989
3/14/2008,110,3.114853125
3/15/2008,92.8,2.627803364
3/16/2008,77.9,2.20588235
3/17/2008,63.4,1.795288074
3/18/2008,56.3,1.594238463
3/19/2008,101,2.860001506
3/20/2008,224,6.342973637
3/21/2008,127,3.596239517
3/22/2008,76.4,2.16340708
3/23/2008,58.6,1.65936721
3/24/2008,48.3,1.36770369
3/25/2008,42.1,1.192139242
3/26/2008,38.7,1.095861963
3/27/2008,36.4,1.030733216
3/28/2008,35.4,1.002416369
3/29/2008,34.5,0.976931207
3/30/2008,41.7,1.180812503
3/31/2008,67.4,1.90855546
4/1/2008,220,6.22970625
4/2/2008,692,19.59525784
4/3/2008,520,14.72476023
4/4/2008,283,8.013667586
4/5/2008,3580,101.3743108
4/6/2008,1970,55.78418779
4/7/2008,911,25.79664725
4/8/2008,375,10.61881747
4/9/2008,256,7.249112728
4/10/2008,197,5.578418779
4/11/2008,158,4.474061762
4/12/2008,263,7.447330654
4/13/2008,282,7.985350739
4/14/2008,150,4.247526989
4/15/2008,97.2,2.752397489
4/16/2008,76.3,2.160575395
4/17/2008,65.8,1.863248506
4/18/2008,58.5,1.656535526
4/19/2008,198,5.606735625
4/20/2008,167,4.728913381
4/21/2008,86.4,2.446575546
4/22/2008,55.9,1.582911724
4/23/2008,42.2,1.194970926
4/24/2008,34.9,0.988257946
4/25/2008,30.2,0.855168767
4/26/2008,27.4,0.775881597
4/27/2008,185,5.23861662
4/28/2008,161,4.559012301
4/29/2008,82.7,2.341803213
4/30/2008,49.3,1.396020537
5/1/2008,35.8,1.013743108
5/2/2008,29.4,0.83251529
5/3/2008,173,4.89881446
5/4/2008,278,7.872083353
5/5/2008,126,3.567922671
5/6/2008,66.3,1.877406929
5/7/2008,45.1,1.277089781
5/8/2008,35,0.991089631
5/9/2008,29.9,0.846673713
5/10/2008,26.3,0.744733065
5/11/2008,23.5,0.665445895
5/12/2008,20.5,0.580495355
5/13/2008,18.2,0.515366608
5/14/2008,16.6,0.470059653
5/15/2008,20.7,0.586158724
5/16/2008,58.8,1.66503058
5/17/2008,86.4,2.446575546
5/18/2008,53.7,1.520614662
5/19/2008,35.3,0.999584685
5/20/2008,25.8,0.730574642
5/21/2008,20.5,0.580495355
5/22/2008,17.7,0.501208185
5/23/2008,18.7,0.529525031
5/24/2008,22.8,0.645624102
5/25/2008,22.3,0.631465679
5/26/2008,101,2.860001506
5/27/2008,117,3.313071051
5/28/2008,51.4,1.455485915
5/29/2008,31,0.877822244
5/30/2008,22.1,0.62580231
5/31/2008,17.4,0.492713131
6/1/2008,14.5,0.410594276
6/2/2008,12.5,0.353960582
6/3/2008,10.8,0.305821943
6/4/2008,9.39,0.265895189
6/5/2008,8.55,0.242109038
6/6/2008,7.99,0.226251604
6/7/2008,7.4,0.209544665
6/8/2008,6.87,0.194536736
6/9/2008,6.45,0.182643661
6/10/2008,7.81,0.221154572
6/11/2008,8.91,0.252303103
6/12/2008,10.6,0.300158574
6/13/2008,10.5,0.297326889
6/14/2008,13.1,0.37095069
6/15/2008,22.8,0.645624102
6/16/2008,19.5,0.552178509
6/17/2008,22.4,0.634297364
6/18/2008,13.5,0.382277429
6/19/2008,9.59,0.271558559
6/20/2008,8.74,0.247489239
6/21/2008,183,5.181982926
6/22/2008,482,13.64872006
6/23/2008,88.2,2.497545869
6/24/2008,39,1.104357017
6/25/2008,24.3,0.688099372
6/26/2008,49.8,1.41017896
6/27/2008,56.5,1.599901832
6/28/2008,60.3,1.707505849
6/29/2008,35.1,0.993921315
6/30/2008,33.3,0.942950992
7/1/2008,25.9,0.733406327
7/2/2008,17.9,0.506871554
7/3/2008,14.5,0.410594276
7/4/2008,12.2,0.345465528
7/5/2008,10.7,0.302990259
7/6/2008,11.4,0.322812051
7/7/2008,8.68,0.245790228
7/8/2008,7.38,0.208978328
7/9/2008,13.8,0.390772483
7/10/2008,17.7,0.501208185
7/11/2008,20.8,0.588990409
7/12/2008,19.5,0.552178509
7/13/2008,15,0.424752699
7/14/2008,30.5,0.863663821
7/15/2008,22.9,0.648455787
7/16/2008,17.8,0.504039869
7/17/2008,24.1,0.682436003
7/18/2008,17.1,0.484218077
7/19/2008,14.3,0.404930906
7/20/2008,10.1,0.286000151
7/21/2008,7.53,0.213225855
7/22/2008,6.22,0.176130786
7/23/2008,5.73,0.162255531
7/24/2008,5.89,0.166786226
7/25/2008,5.1,0.144415918
7/26/2008,5.57,0.157724836
7/27/2008,46.9,1.328060105
7/28/2008,149,4.219210142
7/29/2008,78.1,2.211545719
7/30/2008,49.7,1.407347276
7/31/2008,174,4.927131307
8/1/2008,1060,30.01585739
8/2/2008,1500,42.47526989
8/3/2008,329,9.316242529
8/4/2008,160,4.530695455
8/5/2008,84.7,2.398436906
8/6/2008,56.4,1.597070148
8/7/2008,43.9,1.243109565
8/8/2008,148,4.190893296
8/9/2008,122,3.454655284
8/10/2008,58.1,1.645208787
8/11/2008,101,2.860001506
8/12/2008,312,8.834856137
8/13/2008,497,14.07347276
8/14/2008,223,6.31465679
8/15/2008,107,3.029902585
8/16/2008,96.8,2.74107075
8/17/2008,241,6.824360029
8/18/2008,195,5.521785085
8/19/2008,106,3.001585739
8/20/2008,138,3.90772483
8/21/2008,138,3.90772483
8/22/2008,87.4,2.474892392
8/23/2008,56,1.585743409
8/24/2008,47.6,1.347881898
8/25/2008,101,2.860001506
8/26/2008,128,3.624556364
8/27/2008,85.5,2.421090384
8/28/2008,57.8,1.636713733
8/29/2008,42.9,1.214792719
8/30/2008,33.2,0.940119307
8/31/2008,28.5,0.807030128
9/1/2008,890,25.20199347
9/2/2008,2280,64.56241023
9/3/2008,1640,46.43962841
9/4/2008,1060,30.01585739
9/5/2008,915,25.90991463
9/6/2008,394,11.15683756
9/7/2008,203,5.748319858
9/8/2008,138,3.90772483
9/9/2008,109,3.086536279
9/10/2008,94.9,2.687268742
9/11/2008,77.3,2.188892242
9/12/2008,80,2.265347727
9/13/2008,67,1.897228722
9/14/2008,59.2,1.676357318
9/15/2008,52.5,1.486634446
9/16/2008,48.9,1.384693798
9/17/2008,45.9,1.299743259
9/18/2008,41,1.16099071
9/19/2008,36.3,1.027901531
9/20/2008,39.6,1.121347125
9/21/2008,359,10.16574793
9/22/2008,364,10.30733216
9/23/2008,160,4.530695455
9/24/2008,83.6,2.367288375
9/25/2008,59,1.670693949
9/26/2008,47.1,1.333723474
9/27/2008,39.1,1.107188702
9/28/2008,33.5,0.948614361
9/29/2008,30.2,0.855168767
9/30/2008,27.2,0.770218227
10/1/2008,25.2,0.713584534
10/2/2008,22.7,0.642792418
10/3/2008,20.7,0.586158724
10/4/2008,19.4,0.549346824
10/5/2008,18.2,0.515366608
10/6/2008,17,0.481386392
10/7/2008,16.6,0.470059653
10/8/2008,19.7,0.557841878
10/9/2008,38.3,1.084535224
10/10/2008,50.8,1.438495807
10/11/2008,34.7,0.982594577
10/12/2008,27.8,0.787208335
10/13/2008,24,0.679604318
10/14/2008,21.6,0.611643886
10/15/2008,19.8,0.560673563
10/16/2008,18.3,0.518198293
10/17/2008,16.8,0.475723023
10/18/2008,15.9,0.450237861
10/19/2008,14.6,0.41342596
10/20/2008,13.9,0.393604168
10/21/2008,13.2,0.373782375
10/22/2008,12.8,0.362455636
10/23/2008,14,0.396435852
10/24/2008,14.4,0.407762591
10/25/2008,14.6,0.41342596
10/26/2008,14.2,0.402099222
10/27/2008,13.3,0.37661406
10/28/2008,11.9,0.336970474
10/29/2008,11,0.311485313
10/30/2008,10.3,0.29166352
10/31/2008,9.78,0.27693876
11/1/2008,9.26,0.262213999
11/2/2008,8.97,0.254002114
11/3/2008,8.71,0.246639734
11/4/2008,8.45,0.239277354
11/5/2008,8.23,0.233047647
11/6/2008,8,0.226534773
11/7/2008,8.02,0.22710111
11/8/2008,7.98,0.225968436
11/9/2008,7.76,0.21973873
11/10/2008,7.63,0.216057539
11/11/2008,7.32,0.207279317
11/12/2008,7.79,0.220588235
11/13/2008,7.58,0.214641697
11/14/2008,9.19,0.26023182
11/15/2008,9.93,0.281186287
11/16/2008,9.2,0.260514989
11/17/2008,10.8,0.305821943
11/18/2008,9.87,0.279487276
11/19/2008,8.86,0.250887261
11/20/2008,8.52,0.241259533
11/21/2008,7.91,0.223986257
11/22/2008,7.4,0.209544665
11/23/2008,7.55,0.213792192
11/24/2008,8.18,0.231631805
11/25/2008,12.5,0.353960582
11/26/2008,12,0.339802159
11/27/2008,12.3,0.348297213
11/28/2008,13.5,0.382277429
11/29/2008,15.6,0.441742807
11/30/2008,33,0.934455938
12/1/2008,44.9,1.271426412
12/2/2008,43.9,1.243109565
12/3/2008,31.5,0.891980668
12/4/2008,24.8,0.702257795
12/5/2008,22.2,0.628633994
12/6/2008,20.8,0.588990409
12/7/2008,19.3,0.546515139
12/8/2008,18.3,0.518198293
12/9/2008,16.9,0.478554707
12/10/2008,24.8,0.702257795
12/11/2008,102,2.888318352
12/12/2008,113,3.199803665
12/13/2008,91.6,2.593823148
12/14/2008,59.6,1.687684057
12/15/2008,44.8,1.268594727
12/16/2008,43.4,1.228951142
12/17/2008,54.4,1.540436455
12/18/2008,59,1.670693949
12/19/2008,46,1.302574943
12/20/2008,39.6,1.121347125
12/21/2008,33.4,0.945782676
12/22/2008,28.8,0.815525182
12/23/2008,25.9,0.733406327
12/24/2008,25,0.707921165
12/25/2008,24,0.679604318
12/26/2008,24.6,0.696594426
12/27/2008,24.7,0.699426111
12/28/2008,24.2,0.685267688
12/29/2008,32.9,0.931624253
12/30/2008,46.7,1.322396736
12/31/2008,43.5,1.231782827
1/1/2009,36,1.019406477
1/2/2009,29.8,0.843842028
1/3/2009,26.9,0.761723173
1/4/2009,43,1.217624403
1/5/2009,58.3,1.650872156
1/6/2009,62.9,1.781129651
1/7/2009,182,5.15366608
1/8/2009,170,4.813863921
1/9/2009,93.4,2.644793472
1/10/2009,66.2,1.874575244
1/11/2009,63,1.783961335
1/12/2009,60,1.699010796
1/13/2009,54.4,1.540436455
1/14/2009,46,1.302574943
1/15/2009,39.9,1.129842179
1/16/2009,35,0.991089631
1/17/2009,32,0.906139091
1/18/2009,31,0.877822244
1/19/2009,37.1,1.050555009
1/20/2009,41.8,1.183644188
1/21/2009,38.3,1.084535224
1/22/2009,33.3,0.942950992
1/23/2009,30.6,0.866495506
1/24/2009,28.7,0.812693497
1/25/2009,27.5,0.778713281
1/26/2009,28,0.792871705
1/27/2009,28.3,0.801366759
1/28/2009,28.1,0.795703389
1/29/2009,26.1,0.739069696
1/30/2009,24,0.679604318
1/31/2009,21.8,0.617307256
2/1/2009,19.5,0.552178509
2/2/2009,20,0.566336932
2/3/2009,25.6,0.724911273
2/4/2009,27.2,0.770218227
2/5/2009,26.6,0.753228119
2/6/2009,23.2,0.656950841
2/7/2009,20.2,0.572000301
2/8/2009,18.8,0.532356716
2/9/2009,17.4,0.492713131
2/10/2009,17.1,0.484218077
2/11/2009,17.2,0.487049761
2/12/2009,16.7,0.472891338
2/13/2009,17.7,0.501208185
2/14/2009,33.9,0.959941099
2/15/2009,61.6,1.74431775
2/16/2009,60.7,1.718832588
2/17/2009,49.6,1.404515591
2/18/2009,39.2,1.110020386
2/19/2009,33.4,0.945782676
2/20/2009,30.8,0.872158875
2/21/2009,27.8,0.787208335
2/22/2009,27,0.764554858
2/23/2009,23.7,0.671109264
2/24/2009,21,0.594653778
2/25/2009,18.8,0.532356716
2/26/2009,17.2,0.487049761
2/27/2009,16.6,0.470059653
2/28/2009,17.2,0.487049761
3/1/2009,21.6,0.611643886
3/2/2009,19.6,0.555010193
3/3/2009,16.5,0.467227969
3/4/2009,14.8,0.41908933
3/5/2009,13.4,0.379445744
3/6/2009,12.2,0.345465528
3/7/2009,12.1,0.342633844
3/8/2009,11.1,0.314316997
3/9/2009,11.1,0.314316997
3/10/2009,11,0.311485313
3/11/2009,10.5,0.297326889
3/12/2009,10.2,0.288831835
3/13/2009,9.54,0.270142716
3/14/2009,10.5,0.297326889
3/15/2009,392,11.10020386
3/16/2009,512,14.49822546
3/17/2009,229,6.48455787
3/18/2009,141,3.992675369
3/19/2009,87.8,2.486219131
3/20/2009,64.1,1.815109867
3/21/2009,50.3,1.424337384
3/22/2009,40.6,1.149663972
3/23/2009,34,0.962772784
3/24/2009,29.7,0.841010344
3/25/2009,30.7,0.86932719
3/26/2009,197,5.578418779
3/27/2009,2830,80.13667586
3/28/2009,5200,147.2476023
3/29/2009,3270,92.59608836
3/30/2009,1030,29.16635199
3/31/2009,393,11.12852071
4/1/2009,807,22.8516952
4/2/2009,727,20.58634747
4/3/2009,812,22.99327943
4/4/2009,332,9.401193069
4/5/2009,214,6.059805171
4/6/2009,166,4.700596534
4/7/2009,128,3.624556364
4/8/2009,103,2.916635199
4/9/2009,89.8,2.542852824
4/10/2009,81,2.293664574
4/11/2009,73.6,2.084119909
4/12/2009,64.9,1.837763344
4/13/2009,2250,63.71290483
4/14/2009,1780,50.40398693
4/15/2009,603,17.07505849
4/16/2009,240,6.796043182
4/17/2009,170,4.813863921
4/18/2009,135,3.82277429
4/19/2009,117,3.313071051
4/20/2009,104,2.944952046
4/21/2009,89,2.520199347
4/22/2009,75.3,2.132258548
4/23/2009,65.4,1.851921767
4/24/2009,57.1,1.61689194
4/25/2009,50.6,1.432832438
4/26/2009,44.5,1.260099673
4/27/2009,39.8,1.127010494
4/28/2009,35.9,1.016574793
4/29/2009,33.3,0.942950992
4/30/2009,30.3,0.858000452
5/1/2009,28.2,0.798535074
5/2/2009,25.8,0.730574642
5/3/2009,24.4,0.690931057
5/4/2009,295,8.353469745
5/5/2009,1650,46.72279688
5/6/2009,559,15.82911724
5/7/2009,201,5.691686165
5/8/2009,119,3.369704744
5/9/2009,91,2.57683304
5/10/2009,69.3,1.962357469
5/11/2009,56.6,1.602733517
5/12/2009,48.2,1.364872006
5/13/2009,42.3,1.197802611
5/14/2009,37.9,1.073208486
5/15/2009,41.9,1.186475872
5/16/2009,39.5,1.11851544
5/17/2009,39.8,1.127010494
5/18/2009,35.8,1.013743108
5/19/2009,31.9,0.903307406
5/20/2009,28.4,0.804198443
5/21/2009,24.8,0.702257795
5/22/2009,21.9,0.62013894
5/23/2009,21.7,0.614475571
5/24/2009,31,0.877822244
5/25/2009,176,4.983765
5/26/2009,327,9.259608836
5/27/2009,197,5.578418779
5/28/2009,96,2.718417273
5/29/2009,64,1.812278182
5/30/2009,46.9,1.328060105
5/31/2009,35.1,0.993921315
6/1/2009,27.6,0.781544966
6/2/2009,22.5,0.637129048
6/3/2009,18.8,0.532356716
6/4/2009,16.7,0.472891338
6/5/2009,16.2,0.458732915
6/6/2009,20,0.566336932
6/7/2009,19.7,0.557841878
6/8/2009,16.7,0.472891338
6/9/2009,14.1,0.399267537
6/10/2009,12,0.339802159
6/11/2009,10.7,0.302990259
6/12/2009,9.7,0.274673412
6/13/2009,8.75,0.247772408
6/14/2009,7.89,0.22341992
6/15/2009,7.18,0.203314959
6/16/2009,6.6,0.186891188
6/17/2009,6.1,0.172732764
6/18/2009,5.7,0.161406026
6/19/2009,5.32,0.150645624
6/20/2009,5,0.141584233
6/21/2009,4.72,0.133655516
6/22/2009,4.29,0.121479272
6/23/2009,4.16,0.117798082
6/24/2009,4,0.113267386
6/25/2009,4.71,0.133372347
6/26/2009,13.8,0.390772483
6/27/2009,11,0.311485313
6/28/2009,9.6,0.271841727
6/29/2009,8,0.226534773
6/30/2009,9.3,0.263346673
7/1/2009,7.5,0.212376349
7/2/2009,4.3,0.12176244
7/3/2009,4.34,0.122895114
7/4/2009,3.99,0.112984218
7/5/2009,4.75,0.134505021
7/6/2009,4.83,0.136770369
7/7/2009,6.31,0.178679302
7/8/2009,8.48,0.240126859
7/9/2009,10.3,0.29166352
7/10/2009,10.5,0.297326889
7/11/2009,8.8,0.24918825
7/12/2009,6.93,0.196235747
7/13/2009,7.9,0.223703088
7/14/2009,8.53,0.241542701
7/15/2009,15.3,0.433247753
7/16/2009,17,0.481386392
7/17/2009,14,0.396435852
7/18/2009,15,0.424752699
7/19/2009,10,0.283168466
7/20/2009,8.4,0.237861511
7/21/2009,8.5,0.240693196
7/22/2009,7.6,0.215208034
7/23/2009,9.2,0.260514989
7/24/2009,6.6,0.186891188
7/25/2009,5.7,0.161406026
7/26/2009,4.9,0.138752548
7/27/2009,4.3,0.12176244
7/28/2009,3.89,0.110152533
7/29/2009,5.82,0.164804047
7/30/2009,5.69,0.161122857
7/31/2009,10.3,0.29166352
8/1/2009,12.6,0.356792267
8/2/2009,15,0.424752699
8/3/2009,11.9,0.336970474
8/4/2009,13,0.368119006
8/5/2009,8.97,0.254002114
8/6/2009,6.76,0.191421883
8/7/2009,5.1,0.144415918
8/8/2009,4.9,0.138752548
8/9/2009,4.73,0.133938684
8/10/2009,9.41,0.266461526
8/11/2009,22.4,0.634297364
8/12/2009,30.1,0.852337082
8/13/2009,23.8,0.673940949
8/14/2009,15.5,0.438911122
8/15/2009,11.1,0.314316997
8/16/2009,17.6,0.4983765
8/17/2009,25.2,0.713584534
8/18/2009,29.1,0.824020236
8/19/2009,18.5,0.523861662
8/20/2009,27.3,0.773049912
8/21/2009,32.4,0.91746583
8/22/2009,31.4,0.889148983
8/23/2009,23,0.651287472
8/24/2009,15.1,0.427584384
8/25/2009,11.4,0.322812051
8/26/2009,8.47,0.239843691
8/27/2009,6.24,0.176697123
8/28/2009,6.93,0.196235747
8/29/2009,11.1,0.314316997
8/30/2009,13.5,0.382277429
8/31/2009,12.6,0.356792267
9/1/2009,29.6,0.838178659
9/2/2009,18.3,0.518198293
9/3/2009,9.53,0.269859548
9/4/2009,6.66,0.188590198
9/5/2009,6.01,0.170184248
9/6/2009,206,5.833270398
9/7/2009,279,7.900400199
9/8/2009,164,4.643962841
9/9/2009,64.6,1.82926829
9/10/2009,43,1.217624403
9/11/2009,31.5,0.891980668
9/12/2009,48.8,1.381862114
9/13/2009,158,4.474061762
9/14/2009,243,6.880993722
9/15/2009,237,6.711092642
9/16/2009,154,4.360794375
9/17/2009,79.2,2.24269425
9/18/2009,73.2,2.072793171
9/19/2009,75.4,2.135090233
9/20/2009,58.6,1.65936721
9/21/2009,55,1.557426563
9/22/2009,164,4.643962841
9/23/2009,1020,28.88318352
9/24/2009,444,12.57267989
9/25/2009,212,6.003171478
9/26/2009,256,7.249112728
9/27/2009,311,8.80653929
9/28/2009,161,4.559012301
9/29/2009,92.3,2.61364494
9/30/2009,59.3,1.679189003
10/1/2009,45,1.274258097
10/2/2009,38.5,1.090198594
10/3/2009,36.1,1.022238162
10/4/2009,31.5,0.891980668
10/5/2009,42.6,1.206297665
10/6/2009,45.1,1.277089781
10/7/2009,45.1,1.277089781
10/8/2009,45.4,1.285584835
10/9/2009,35.3,0.999584685
10/10/2009,47.7,1.350713582
10/11/2009,89.2,2.525862716
10/12/2009,162,4.587329148
10/13/2009,332,9.401193069
10/14/2009,731,20.69961486
10/15/2009,713,20.18991162
10/16/2009,1140,32.28120511
10/17/2009,846,23.95605222
10/18/2009,388,10.98693648
10/19/2009,177,5.012081847
10/20/2009,127,3.596239517
10/21/2009,97.6,2.763724227
10/22/2009,77.9,2.20588235
10/23/2009,69.8,1.976515892
10/24/2009,69.1,1.9566941
10/25/2009,60.9,1.724495957
10/26/2009,49.4,1.398852222
10/27/2009,45.7,1.294079889
10/28/2009,47.5,1.345050213
10/29/2009,47.7,1.350713582
10/30/2009,43.6,1.234614511
10/31/2009,79.5,2.251189304
11/1/2009,83.8,2.372951744
11/2/2009,63.2,1.789624705
11/3/2009,46.1,1.305406628
11/4/2009,37.2,1.053386693
11/5/2009,31.2,0.883485614
11/6/2009,27.4,0.775881597
11/7/2009,24.9,0.70508948
11/8/2009,23.3,0.659782526
11/9/2009,28.6,0.809861813
11/10/2009,919,26.02318202
11/11/2009,858,24.29585438
11/12/2009,515,14.58317599
11/13/2009,192,5.436834546
11/14/2009,134,3.794457443
11/15/2009,102,2.888318352
11/16/2009,83.1,2.353129952
11/17/2009,87.8,2.486219131
11/18/2009,123,3.482972131
11/19/2009,89.2,2.525862716
11/20/2009,69,1.953862415
11/21/2009,60.7,1.718832588
11/22/2009,60.3,1.707505849
11/23/2009,63.8,1.806614813
11/24/2009,64.9,1.837763344
11/25/2009,57.7,1.633882048
11/26/2009,51.5,1.458317599
11/27/2009,49.6,1.404515591
11/28/2009,44.9,1.271426412
11/29/2009,41.3,1.169485764
11/30/2009,41.8,1.183644188
12/1/2009,100,2.831684659
12/2/2009,998,28.2602129
12/3/2009,1010,28.60001506
12/4/2009,624,17.66971227
12/5/2009,271,7.673865426
12/6/2009,221,6.258023097
12/7/2009,218,6.173072557
12/8/2009,1970,55.78418779
12/9/2009,2620,74.19013807
12/10/2009,1440,40.77625909
12/11/2009,502,14.21505699
12/12/2009,876,24.80555761
12/13/2009,3070,86.93271904
12/14/2009,2030,57.48319858
12/15/2009,3610,102.2238162
12/16/2009,3070,86.93271904
12/17/2009,1450,41.05942756
12/18/2009,1710,48.42180767
12/19/2009,1550,43.89111222
12/20/2009,1050,29.73268892
12/21/2009,484,13.70535375
12/22/2009,342,9.684361534
12/23/2009,287,8.126934972
12/24/2009,452,12.79921466
12/25/2009,896,25.37189455
12/26/2009,619,17.52812804
12/27/2009,356,10.08079739
12/28/2009,263,7.447330654
12/29/2009,221,6.258023097
12/30/2009,242,6.852676875
12/31/2009,710,20.10496108
1/1/2010,508,14.38495807
1/2/2010,311,8.80653929
1/3/2010,228,6.456241023
1/4/2010,192,5.436834546
1/5/2010,168,4.757230227
1/6/2010,148,4.190893296
1/7/2010,139,3.936041676
1/8/2010,178,5.040398693
1/9/2010,156,4.417428068
1/10/2010,123,3.482972131
1/11/2010,108,3.058219432
1/12/2010,101,2.860001506
1/13/2010,96.4,2.729744011
1/14/2010,90.8,2.571169671
1/15/2010,86.2,2.440912176
1/16/2010,98,2.775050966
1/17/2010,173,4.89881446
1/18/2010,147,4.162576449
1/19/2010,106,3.001585739
1/20/2010,127,3.596239517
1/21/2010,709,20.07664423
1/22/2010,502,14.21505699
1/23/2010,270,7.64554858
1/24/2010,221,6.258023097
1/25/2010,298,8.438420284
1/26/2010,207,5.861587245
1/27/2010,138,3.90772483
1/28/2010,112,3.171486818
1/29/2010,257,7.277429574
1/30/2010,1350,38.2277429
1/31/2010,830,23.50298267
2/1/2010,364,10.30733216
2/2/2010,231,6.541191563
2/3/2010,184,5.210299773
2/4/2010,546,15.46099824
2/5/2010,3110,88.0653929
2/6/2010,1860,52.66933466
2/7/2010,787,22.28535827
2/8/2010,376,10.64713432
2/9/2010,883,25.00377554
2/10/2010,831,23.53129952
2/11/2010,463,13.11069997
2/12/2010,975,27.60892543
2/13/2010,1020,28.88318352
2/14/2010,626,17.72634597
2/15/2010,397,11.2417881
2/16/2010,335,9.486143608
2/17/2010,266,7.532281193
2/18/2010,226,6.39960733
2/19/2010,201,5.691686165
2/20/2010,185,5.23861662
2/21/2010,172,4.870497614
2/22/2010,169,4.785547074
2/23/2010,168,4.757230227
2/24/2010,154,4.360794375
2/25/2010,133,3.766140597
2/26/2010,119,3.369704744
2/27/2010,155,4.389111222
2/28/2010,168,4.757230227
3/1/2010,206,5.833270398
3/2/2010,1020,28.88318352
3/3/2010,686,19.42535676
3/4/2010,342,9.684361534
3/5/2010,219,6.201389404
3/6/2010,183,5.181982926
3/7/2010,161,4.559012301
3/8/2010,144,4.077625909
3/9/2010,133,3.766140597
3/10/2010,133,3.766140597
3/11/2010,168,4.757230227
3/12/2010,195,5.521785085
3/13/2010,144,4.077625909
3/14/2010,110,3.114853125
3/15/2010,93.8,2.65612021
3/16/2010,83.3,2.358793321
3/17/2010,80.5,2.279506151
3/18/2010,87,2.463565654
3/19/2010,84.3,2.387110168
3/20/2010,79.3,2.245525935
3/21/2010,301,8.523370824
3/22/2010,387,10.95861963
3/23/2010,209,5.918220938
3/24/2010,130,3.681190057
3/25/2010,104,2.944952046
3/26/2010,95.8,2.712753904
3/27/2010,82.2,2.32764479
3/28/2010,70.7,2.002001054
3/29/2010,63,1.783961335
3/30/2010,56.5,1.599901832
3/31/2010,50.5,1.430000753
4/1/2010,46.7,1.322396736
4/2/2010,44.4,1.257267989
4/3/2010,43.7,1.237446196
4/4/2010,67.6,1.91421883
4/5/2010,81.7,2.313486367
4/6/2010,59.3,1.679189003
4/7/2010,47.1,1.333723474
4/8/2010,51,1.444159176
4/9/2010,56.1,1.588575094
4/10/2010,70.5,1.996337685
4/11/2010,45.7,1.294079889
4/12/2010,36.1,1.022238162
4/13/2010,29.7,0.841010344
4/14/2010,26.3,0.744733065
4/15/2010,24.1,0.682436003
4/16/2010,21.6,0.611643886
4/17/2010,20.7,0.586158724
4/18/2010,18.3,0.518198293
4/19/2010,16.2,0.458732915
4/20/2010,15.1,0.427584384
4/21/2010,14,0.396435852
4/22/2010,13,0.368119006
4/23/2010,13.1,0.37095069
4/24/2010,22,0.622970625
4/25/2010,35.4,1.002416369
4/26/2010,30,0.849505398
4/27/2010,23.2,0.656950841
4/28/2010,16.2,0.458732915
4/29/2010,12.4,0.351128898
4/30/2010,10.6,0.300158574
5/1/2010,10.2,0.288831835
5/2/2010,26.9,0.761723173
5/3/2010,984,27.86377705
5/4/2010,645,18.26436605
5/5/2010,233,6.597825256
5/6/2010,94,2.66178358
5/7/2010,57.6,1.631050364
5/8/2010,42,1.189307557
5/9/2010,33.7,0.95427773
5/10/2010,28.1,0.795703389
5/11/2010,23.5,0.665445895
5/12/2010,20,0.566336932
5/13/2010,18.2,0.515366608
5/14/2010,15.9,0.450237861
5/15/2010,63.3,1.792456389
5/16/2010,951,26.92932111
5/17/2010,435,12.31782827
5/18/2010,228,6.456241023
5/19/2010,137,3.879407983
5/20/2010,74.2,2.101110017
5/21/2010,50,1.41584233
5/22/2010,37.9,1.073208486
5/23/2010,29.8,0.843842028
5/24/2010,23.8,0.673940949
5/25/2010,19.3,0.546515139
5/26/2010,16.8,0.475723023
5/27/2010,14.8,0.41908933
5/28/2010,12.7,0.359623952
5/29/2010,11.9,0.336970474
5/30/2010,30.3,0.858000452
5/31/2010,36.1,1.022238162
6/1/2010,70.7,2.002001054
6/2/2010,156,4.417428068
6/3/2010,72.2,2.044476324
6/4/2010,190,5.380200852
6/5/2010,176,4.983765
6/6/2010,808,22.88001205
6/7/2010,278,7.872083353
6/8/2010,124,3.511288977
6/9/2010,67.2,1.902892091
6/10/2010,44.9,1.271426412
6/11/2010,33.9,0.959941099
6/12/2010,26.2,0.741901381
6/13/2010,20.3,0.574831986
6/14/2010,16.6,0.470059653
6/15/2010,13.6,0.385109114
6/16/2010,12.2,0.345465528
6/17/2010,13.2,0.373782375
6/18/2010,79.4,2.248357619
6/19/2010,104,2.944952046
6/20/2010,52,1.472476023
6/21/2010,35.1,0.993921315
6/22/2010,23.3,0.659782526
6/23/2010,19.6,0.555010193
6/24/2010,38.5,1.090198594
6/25/2010,38,1.07604017
6/26/2010,32,0.906139091
6/27/2010,19.9,0.563505247
6/28/2010,160,4.530695455
6/29/2010,164,4.643962841
6/30/2010,203,5.748319858
7/1/2010,309,8.749905597
7/2/2010,231,6.541191563
7/3/2010,326,9.231291989
7/4/2010,214,6.059805171
7/5/2010,97.2,2.752397489
7/6/2010,80.8,2.288001205
7/7/2010,103,2.916635199
7/8/2010,67,1.897228722
7/9/2010,43,1.217624403
7/10/2010,54,1.529109716
7/11/2010,52,1.472476023
7/12/2010,39,1.104357017
7/13/2010,27,0.764554858
7/14/2010,19,0.538020085
7/15/2010,14.4,0.407762591
7/16/2010,12.3,0.348297213
7/17/2010,15.6,0.441742807
7/18/2010,17.9,0.506871554
7/19/2010,69.2,1.959525784
7/20/2010,36.3,1.027901531
7/21/2010,23,0.651287472
7/22/2010,17,0.481386392
7/23/2010,13,0.368119006
7/24/2010,11.2,0.317148682
7/25/2010,225,6.371290483
7/26/2010,198,5.606735625
7/27/2010,106,3.001585739
7/28/2010,59,1.670693949
7/29/2010,76,2.152080341
7/30/2010,49.5,1.401683906
7/31/2010,32.8,0.928792568
8/1/2010,23,0.651287472
8/2/2010,16.4,0.464396284
8/3/2010,13.4,0.379445744
8/4/2010,11.9,0.336970474
8/5/2010,42.8,1.211961034
8/6/2010,155,4.389111222
8/7/2010,77.7,2.20021898
8/8/2010,43,1.217624403
8/9/2010,34,0.962772784
8/10/2010,35.7,1.010911423
8/11/2010,49.2,1.393188852
8/12/2010,33.8,0.957109415
8/13/2010,25.9,0.733406327
8/14/2010,29.5,0.835346974
8/15/2010,233,6.597825256
8/16/2010,810,22.93664574
8/17/2010,766,21.69070449
8/18/2010,311,8.80653929
8/19/2010,228,6.456241023
8/20/2010,146,4.134259602
8/21/2010,131,3.709506904
8/22/2010,226,6.39960733
8/23/2010,348,9.854262614
8/24/2010,528,14.951295
8/25/2010,218,6.173072557
8/26/2010,85.7,2.426753753
8/27/2010,69.8,1.976515892
8/28/2010,164,4.643962841
8/29/2010,774,21.91723926
8/30/2010,502,14.21505699
8/31/2010,306,8.664955057
9/1/2010,200,5.663369318
9/2/2010,154,4.360794375
9/3/2010,91,2.57683304
9/4/2010,65.7,1.860416821
9/5/2010,51.8,1.466812653
9/6/2010,42.5,1.20346598
9/7/2010,35.3,0.999584685
9/8/2010,30.4,0.860832136
9/9/2010,33.4,0.945782676
9/10/2010,31,0.877822244
9/11/2010,27.9,0.79004002
9/12/2010,29,0.821188551
9/13/2010,24,0.679604318
9/14/2010,19,0.538020085
9/15/2010,16.1,0.45590123
9/16/2010,13.7,0.387940798
9/17/2010,12.5,0.353960582
9/18/2010,11.9,0.336970474
9/19/2010,11,0.311485313
9/20/2010,10.1,0.286000151
9/21/2010,9.82,0.278071434
9/22/2010,12.6,0.356792267
9/23/2010,12.8,0.362455636
9/24/2010,10.5,0.297326889
9/25/2010,10,0.283168466
9/26/2010,22.9,0.648455787
9/27/2010,54,1.529109716
9/28/2010,44.7,1.265763043
9/29/2010,32.2,0.91180246
9/30/2010,21,0.594653778
10/1/2010,14.8,0.41908933
10/2/2010,11.7,0.331307105
10/3/2010,9.71,0.27495658
10/4/2010,8.72,0.246922902
10/5/2010,7.73,0.218889224
10/6/2010,7.16,0.202748622
10/7/2010,6.89,0.195103073
10/8/2010,6.4,0.181227818
10/9/2010,6.23,0.176413954
10/10/2010,6.2,0.175564449
10/11/2010,5.9,0.167069395
10/12/2010,5.47,0.154893151
10/13/2010,5.29,0.149796118
10/14/2010,5.07,0.143566412
10/15/2010,4.91,0.139035717
10/16/2010,4.74,0.134221853
10/17/2010,4.51,0.127708978
10/18/2010,4.36,0.123461451
10/19/2010,4.26,0.120629766
10/20/2010,4.23,0.119780261
10/21/2010,4.24,0.12006343
10/22/2010,4.17,0.11808125
10/23/2010,4.06,0.114966397
10/24/2010,4.01,0.113550555
10/25/2010,4.06,0.114966397
10/26/2010,4.1,0.116099071
10/27/2010,4.83,0.136770369
10/28/2010,7.94,0.224835762
10/29/2010,7.23,0.204730801
10/30/2010,9.27,0.262497168
10/31/2010,8.94,0.253152609
11/1/2010,8.65,0.244940723
11/2/2010,7.6,0.215208034
11/3/2010,22,0.622970625
11/4/2010,13,0.368119006
11/5/2010,17.3,0.489881446
11/6/2010,15.2,0.430416068
11/7/2010,12,0.339802159
11/8/2010,9.97,0.282318961
11/9/2010,8.91,0.252303103
11/10/2010,8.09,0.229083289
11/11/2010,7.55,0.213792192
11/12/2010,7.18,0.203314959
11/13/2010,7.04,0.1993506
11/14/2010,6.81,0.192837725
11/15/2010,19,0.538020085
11/16/2010,53.8,1.523446347
11/17/2010,53.4,1.512119608
11/18/2010,36.5,1.033564901
11/19/2010,24.8,0.702257795
11/20/2010,17.9,0.506871554
11/21/2010,13.6,0.385109114
11/22/2010,11.5,0.325643736
11/23/2010,10.7,0.302990259
11/24/2010,10.2,0.288831835
11/25/2010,9.74,0.275806086
11/26/2010,10.6,0.300158574
11/27/2010,12.8,0.362455636
11/28/2010,21.7,0.614475571
11/29/2010,25.4,0.719247903
11/30/2010,25,0.707921165
12/1/2010,113,3.199803665
12/2/2010,69.6,1.970852523
12/3/2010,43,1.217624403
12/4/2010,31.5,0.891980668
12/5/2010,24.7,0.699426111
12/6/2010,20.7,0.586158724
12/7/2010,17.5,0.495544815
12/8/2010,15,0.424752699
12/9/2010,13.9,0.393604168
12/10/2010,13.2,0.373782375
12/11/2010,12.6,0.356792267
12/12/2010,14.5,0.410594276
12/13/2010,23.4,0.66261421
12/14/2010,34.9,0.988257946
12/15/2010,28.8,0.815525182
12/16/2010,22.7,0.642792418
12/17/2010,20,0.566336932
12/18/2010,18.5,0.523861662
12/19/2010,16.8,0.475723023
12/20/2010,15.2,0.430416068
12/21/2010,13.6,0.385109114
12/22/2010,12.6,0.356792267
12/23/2010,12.6,0.356792267
12/24/2010,12.3,0.348297213
12/25/2010,14.8,0.41908933
12/26/2010,20.4,0.57766367
12/27/2010,24.2,0.685267688
12/28/2010,25,0.707921165
12/29/2010,22.1,0.62580231
12/30/2010,24.3,0.688099372
12/31/2010,33.6,0.951446045
1/1/2011,54.3,1.53760477
1/2/2011,74.5,2.109605071
1/3/2011,81.7,2.313486367
1/4/2011,51.2,1.449822546
1/5/2011,106,3.001585739
1/6/2011,222,6.286339943
1/7/2011,150,4.247526989
1/8/2011,80.8,2.288001205
1/9/2011,56.1,1.588575094
1/10/2011,55,1.557426563
1/11/2011,68.5,1.939703992
1/12/2011,55.7,1.577248355
1/13/2011,43.6,1.234614511
1/14/2011,37.3,1.056218378
1/15/2011,33.9,0.959941099
1/16/2011,31.2,0.883485614
1/17/2011,29.7,0.841010344
1/18/2011,29.3,0.829683605
1/19/2011,65.3,1.849090082
1/20/2011,118,3.341387898
1/21/2011,83.2,2.355961636
1/22/2011,56.3,1.594238463
1/23/2011,44.2,1.251604619
1/24/2011,37.6,1.064713432
1/25/2011,50.9,1.441327492
1/26/2011,96.8,2.74107075
1/27/2011,84.2,2.384278483
1/28/2011,56,1.585743409
1/29/2011,44,1.24594125
1/30/2011,39.3,1.112852071
1/31/2011,107,3.029902585
2/1/2011,194,5.493468239
2/2/2011,513,14.5265423
2/3/2011,411,11.63822395
2/4/2011,446,12.62931358
2/5/2011,749,21.2093181
2/6/2011,444,12.57267989
2/7/2011,234,6.626142103
2/8/2011,167,4.728913381
2/9/2011,130,3.681190057
2/10/2011,202,5.720003012
2/11/2011,215,6.088122017
2/12/2011,148,4.190893296
2/13/2011,112,3.171486818
2/14/2011,90,2.548516193
2/15/2011,77,2.180397188
2/16/2011,67.4,1.90855546
2/17/2011,61.1,1.730159327
2/18/2011,56.5,1.599901832
2/19/2011,52,1.472476023
2/20/2011,47.9,1.356376952
2/21/2011,44,1.24594125
2/22/2011,41.4,1.172317449
2/23/2011,39,1.104357017
2/24/2011,36.1,1.022238162
2/25/2011,56.7,1.605565202
2/26/2011,115,3.256437358
2/27/2011,76.6,2.169070449
2/28/2011,53.9,1.526278031
3/1/2011,46.1,1.305406628
3/2/2011,39.5,1.11851544
3/3/2011,33.7,0.95427773
3/4/2011,31.1,0.880653929
3/5/2011,373,10.56218378
3/6/2011,1200,33.98021591
3/7/2011,944,26.73110318
3/8/2011,326,9.231291989
3/9/2011,1310,37.09506904
3/10/2011,1700,48.13863921
3/11/2011,932,26.39130102
3/12/2011,330,9.344559375
3/13/2011,225,6.371290483
3/14/2011,181,5.125349233
3/15/2011,178,5.040398693
3/16/2011,162,4.587329148
3/17/2011,123,3.482972131
3/18/2011,98.9,2.800536128
3/19/2011,83.8,2.372951744
3/20/2011,71.3,2.018991162
3/21/2011,61.9,1.752812804
3/22/2011,53.7,1.520614662
3/23/2011,48.4,1.370535375
3/24/2011,45.3,1.282753151
3/25/2011,40.5,1.146832287
3/26/2011,36.5,1.033564901
3/27/2011,33.8,0.957109415
3/28/2011,31.9,0.903307406
3/29/2011,30.2,0.855168767
3/30/2011,48.5,1.37336706
3/31/2011,81.1,2.296496259
4/1/2011,83,2.350298267
4/2/2011,54,1.529109716
4/3/2011,39.2,1.110020386
4/4/2011,31.9,0.903307406
4/5/2011,146,4.134259602
4/6/2011,119,3.369704744
4/7/2011,71.8,2.033149585
4/8/2011,46.3,1.311069997
4/9/2011,36.1,1.022238162
4/10/2011,30.1,0.852337082
4/11/2011,25.1,0.710752849
4/12/2011,21.5,0.608812202
4/13/2011,17.7,0.501208185
4/14/2011,14.7,0.416257645
4/15/2011,12.9,0.365287321
4/16/2011,12.6,0.356792267
4/17/2011,11.4,0.322812051
4/18/2011,10.6,0.300158574
4/19/2011,10.5,0.297326889
4/20/2011,10.2,0.288831835
4/21/2011,9.75,0.276089254
4/22/2011,9.35,0.264762516
4/23/2011,8.75,0.247772408
4/24/2011,8.2,0.232198142
4/25/2011,7.77,0.220021898
4/26/2011,7.66,0.216907045
4/27/2011,7.52,0.212942686
4/28/2011,6.89,0.195103073
4/29/2011,6.41,0.181510987
4/30/2011,6.15,0.174148607
5/1/2011,5.87,0.166219889
5/2/2011,5.75,0.162821868
5/3/2011,5.38,0.152344635
5/4/2011,5.09,0.144132749
5/5/2011,4.92,0.139318885
5/6/2011,4.9,0.138752548
5/7/2011,4.78,0.135354527
5/8/2011,4.41,0.124877293
5/9/2011,4.35,0.123178283
5/10/2011,4.2,0.118930756
5/11/2011,4.1,0.116099071
5/12/2011,3.8,0.107604017
5/13/2011,3.92,0.111002039
5/14/2011,3.69,0.104489164
5/15/2011,3.4,0.096277278
5/16/2011,3.34,0.094578268
5/17/2011,3.3,0.093445594
5/18/2011,3.22,0.091180246
5/19/2011,3.12,0.088348561
5/20/2011,3.11,0.088065393
5/21/2011,3.15,0.089198067
5/22/2011,3.14,0.088914898
5/23/2011,2.93,0.082968361
5/24/2011,2.88,0.081552518
5/25/2011,2.86,0.080986181
5/26/2011,3.22,0.091180246
5/27/2011,4.68,0.132522842
5/28/2011,3.45,0.097693121
5/29/2011,3.26,0.09231292
5/30/2011,3.11,0.088065393
5/31/2011,2.79,0.079004002
6/1/2011,2.53,0.071641622
6/2/2011,2.36,0.066827758
6/3/2011,2.1,0.059465378
6/4/2011,2.11,0.059748546
6/5/2011,1.98,0.056067356
6/6/2011,4.11,0.116382239
6/7/2011,4.67,0.132239674
6/8/2011,3.19,0.090330741
6/9/2011,2.86,0.080986181
6/10/2011,2.7,0.076455486
6/11/2011,2.89,0.081835687
6/12/2011,3.06,0.086649551
6/13/2011,3.77,0.106754512
6/14/2011,4.8,0.135920864
6/15/2011,4.35,0.123178283
6/16/2011,3.74,0.105905006
6/17/2011,3.1,0.087782224
6/18/2011,2.8,0.07928717
6/19/2011,2.55,0.072207959
6/20/2011,2.37,0.067110926
6/21/2011,2.38,0.067394095
6/22/2011,3.12,0.088348561
6/23/2011,2.96,0.083817866
6/24/2011,3,0.08495054
6/25/2011,5.41,0.15319414
6/26/2011,4.4,0.124594125
6/27/2011,3.53,0.099958468
6/28/2011,3.25,0.092029751
6/29/2011,3.14,0.088914898
6/30/2011,4.06,0.114966397
7/1/2011,6.56,0.185758514
7/2/2011,5.5,0.155742656
7/3/2011,3.84,0.108736691
7/4/2011,2.8,0.07928717
7/5/2011,2.47,0.069942611
7/6/2011,2.36,0.066827758
7/7/2011,2.5,0.070792116
7/8/2011,2.28,0.06456241
7/9/2011,2.12,0.060031715
7/10/2011,2,0.056633693
7/11/2011,1.97,0.055784188
7/12/2011,2.99,0.084667371
7/13/2011,4.76,0.13478819
7/14/2011,3.31,0.093728762
7/15/2011,3.52,0.0996753
7/16/2011,7.52,0.212942686
7/17/2011,6.88,0.194819905
7/18/2011,117,3.313071051
7/19/2011,133,3.766140597
7/20/2011,55,1.557426563
7/21/2011,26.7,0.756059804
7/22/2011,40,1.132673864
7/23/2011,100,2.831684659
7/24/2011,55.9,1.582911724
7/25/2011,457,12.94079889
7/26/2011,524,14.83802761
7/27/2011,292,8.268519205
7/28/2011,224,6.342973637
7/29/2011,147,4.162576449
7/30/2011,95,2.690100426
7/31/2011,60,1.699010796
8/1/2011,54.7,1.548931509
8/2/2011,38,1.07604017
8/3/2011,30.4,0.860832136
8/4/2011,27.3,0.773049912
8/5/2011,18,0.509703239
8/6/2011,14,0.396435852
8/7/2011,10.8,0.305821943
8/8/2011,8.9,0.252019935
8/9/2011,7.5,0.212376349
8/10/2011,6.72,0.190289209
8/11/2011,5.9,0.167069395
8/12/2011,5.4,0.152910972
8/13/2011,5,0.141584233
8/14/2011,4.7,0.133089179
8/15/2011,4.2,0.118930756
8/16/2011,4.3,0.12176244
8/17/2011,3.7,0.104772332
8/18/2011,3.5,0.099108963
8/19/2011,3.3,0.093445594
8/20/2011,3.3,0.093445594
8/21/2011,3.3,0.093445594
8/22/2011,3,0.08495054
8/23/2011,4.03,0.114116892
8/24/2011,3.7,0.104772332
8/25/2011,4.08,0.115532734
8/26/2011,4,0.113267386
8/27/2011,3.3,0.093445594
8/28/2011,3,0.08495054
8/29/2011,2.8,0.07928717
8/30/2011,2.8,0.07928717
8/31/2011,2.5,0.070792116
9/1/2011,2.4,0.067960432
9/2/2011,3.69,0.104489164
9/3/2011,284,8.041984432
9/4/2011,2260,63.9960733
9/5/2011,2620,74.19013807
9/6/2011,2110,59.74854631
9/7/2011,800,22.65347727
9/8/2011,220,6.22970625
9/9/2011,105,2.973268892
9/10/2011,70,1.982179261
9/11/2011,48,1.359208636
9/12/2011,36,1.019406477
9/13/2011,30,0.849505398
9/14/2011,26,0.736238011
9/15/2011,22,0.622970625
9/16/2011,20,0.566336932
9/17/2011,18,0.509703239
9/18/2011,17,0.481386392
9/19/2011,33,0.934455938
9/20/2011,294,8.325152898
9/21/2011,216,6.116438864
9/22/2011,164,4.643962841
9/23/2011,135,3.82277429
9/24/2011,84.2,2.384278483
9/25/2011,53.2,1.506456239
9/26/2011,37.3,1.056218378
9/27/2011,29.9,0.846673713
9/28/2011,27,0.764554858
9/29/2011,80.4,2.276674466
9/30/2011,140,3.964358523
10/1/2011,84.7,2.398436906
10/2/2011,54.5,1.543268139
10/3/2011,42.4,1.200634296
10/4/2011,34.5,0.976931207
10/5/2011,31.5,0.891980668
10/6/2011,29.4,0.83251529
10/7/2011,26.3,0.744733065
10/8/2011,23,0.651287472
10/9/2011,20.5,0.580495355
10/10/2011,18.6,0.526693347
10/11/2011,17.4,0.492713131
10/12/2011,16.7,0.472891338
10/13/2011,16.6,0.470059653
10/14/2011,15.7,0.444574491
10/15/2011,14.4,0.407762591
10/16/2011,14,0.396435852
10/17/2011,12.8,0.362455636
10/18/2011,11.8,0.33413879
10/19/2011,11.2,0.317148682
10/20/2011,11,0.311485313
10/21/2011,11,0.311485313
10/22/2011,11,0.311485313
10/23/2011,9.34,0.264479347
10/24/2011,8.5,0.240693196
10/25/2011,7.39,0.209261496
10/26/2011,6.9,0.195386241
10/27/2011,6.34,0.179528807
10/28/2011,6.09,0.172449596
10/29/2011,5.59,0.158291172
10/30/2011,5.7,0.161406026
10/31/2011,5.5,0.155742656
11/1/2011,5.3,0.150079287
11/2/2011,4.88,0.138186211
11/3/2011,4.92,0.139318885
11/4/2011,5.05,0.143000075
11/5/2011,5.15,0.14583176
11/6/2011,5.16,0.146114928
11/7/2011,5.08,0.143849581
11/8/2011,4.64,0.131390168
11/9/2011,4.83,0.136770369
11/10/2011,4.88,0.138186211
11/11/2011,4.76,0.13478819
11/12/2011,4.9,0.138752548
11/13/2011,5,0.141584233
11/14/2011,5.5,0.155742656
11/15/2011,5.7,0.161406026
11/16/2011,68.9,1.95103073
11/17/2011,51.7,1.463980969
11/18/2011,24.7,0.699426111
11/19/2011,17.4,0.492713131
11/20/2011,16,0.453069545
11/21/2011,13.6,0.385109114
11/22/2011,12.4,0.351128898
11/23/2011,16,0.453069545
11/24/2011,15.7,0.444574491
11/25/2011,14.2,0.402099222
11/26/2011,13.2,0.373782375
11/27/2011,33,0.934455938
11/28/2011,38.8,1.098693648
11/29/2011,38.9,1.101525332
11/30/2011,32,0.906139091
12/1/2011,24.6,0.696594426
12/2/2011,21.1,0.597485463
12/3/2011,18.1,0.512534923
12/4/2011,15.8,0.447406176
12/5/2011,14.9,0.421921014
12/6/2011,15,0.424752699
12/7/2011,17,0.481386392
12/8/2011,17.8,0.504039869
12/9/2011,17.8,0.504039869
12/10/2011,18.2,0.515366608
12/11/2011,16.7,0.472891338
12/12/2011,16,0.453069545
12/13/2011,13.3,0.37661406
12/14/2011,11.8,0.33413879
12/15/2011,11.2,0.317148682
12/16/2011,11.2,0.317148682
12/17/2011,11.1,0.314316997
12/18/2011,10.9,0.308653628
12/19/2011,10.8,0.305821943
12/20/2011,10.7,0.302990259
12/21/2011,14.1,0.399267537
12/22/2011,21,0.594653778
12/23/2011,51.6,1.461149284
12/24/2011,62.7,1.775466281
12/25/2011,47.4,1.342218528
12/26/2011,82.8,2.344634898
12/27/2011,99.4,2.814694551
12/28/2011,98.5,2.789209389
12/29/2011,71.7,2.030317901
12/30/2011,48.4,1.370535375
12/31/2011,38.1,1.078871855
1/1/2012,32.3,0.914634145
1/2/2012,27.7,0.784376651
1/3/2012,24.6,0.696594426
1/4/2012,23,0.651287472
1/5/2012,22,0.622970625
1/6/2012,20.9,0.591822094
1/7/2012,19.5,0.552178509
1/8/2012,19.5,0.552178509
1/9/2012,19.8,0.560673563
1/10/2012,20.2,0.572000301
1/11/2012,21.8,0.617307256
1/12/2012,22.2,0.628633994
1/13/2012,20.9,0.591822094
1/14/2012,19,0.538020085
1/15/2012,17.2,0.487049761
1/16/2012,16,0.453069545
1/17/2012,16.1,0.45590123
1/18/2012,34.4,0.974099523
1/19/2012,39.7,1.12417881
1/20/2012,42.8,1.211961034
1/21/2012,36.5,1.033564901
1/22/2012,30.3,0.858000452
1/23/2012,34.3,0.971267838
1/24/2012,51.5,1.458317599
1/25/2012,55.9,1.582911724
1/26/2012,166,4.700596534
1/27/2012,211,5.974854631
1/28/2012,138,3.90772483
1/29/2012,81,2.293664574
1/30/2012,55.6,1.574416671
1/31/2012,44,1.24594125
2/1/2012,112,3.171486818
2/2/2012,201,5.691686165
2/3/2012,154,4.360794375
2/4/2012,110,3.114853125
2/5/2012,162,4.587329148
2/6/2012,164,4.643962841
2/7/2012,108,3.058219432
2/8/2012,76,2.152080341
2/9/2012,58,1.642377102
2/10/2012,50,1.41584233
2/11/2012,58.1,1.645208787
2/12/2012,57.5,1.628218679
2/13/2012,50.6,1.432832438
2/14/2012,59,1.670693949
2/15/2012,79.5,2.251189304
2/16/2012,204,5.776636705
2/17/2012,335,9.486143608
2/18/2012,852,24.1259533
2/19/2012,2790,79.00400199
2/20/2012,1450,41.05942756
2/21/2012,529,14.97961185
2/22/2012,267,7.56059804
2/23/2012,209,5.918220938
2/24/2012,170,4.813863921
2/25/2012,136,3.851091137
2/26/2012,109,3.086536279
2/27/2012,103,2.916635199
2/28/2012,155,4.389111222
2/29/2012,188,5.323567159
3/1/2012,135,3.82277429
3/2/2012,107,3.029902585
3/3/2012,104,2.944952046
3/4/2012,108,3.058219432
3/5/2012,87.8,2.486219131
3/6/2012,68.2,1.931208938
3/7/2012,57.9,1.639545418
3/8/2012,53.7,1.520614662
3/9/2012,126,3.567922671
3/10/2012,141,3.992675369
3/11/2012,103,2.916635199
3/12/2012,431,12.20456088
3/13/2012,380,10.7604017
3/14/2012,209,5.918220938
3/15/2012,131,3.709506904
3/16/2012,96.9,2.743902435
3/17/2012,76.6,2.169070449
3/18/2012,63,1.783961335
3/19/2012,55.2,1.563089932
3/20/2012,48,1.359208636
3/21/2012,86.4,2.446575546
3/22/2012,3090,87.49905597
3/23/2012,3610,102.2238162
3/24/2012,2880,81.55251818
3/25/2012,1020,28.88318352
3/26/2012,377,10.67545117
3/27/2012,255,7.220795881
3/28/2012,192,5.436834546
3/29/2012,154,4.360794375
3/30/2012,132,3.73782375
3/31/2012,130,3.681190057
4/1/2012,126,3.567922671
4/2/2012,105,2.973268892
4/3/2012,354,10.02416369
4/4/2012,714,20.21822847
4/5/2012,785,22.22872457
4/6/2012,515,14.58317599
4/7/2012,259,7.334063267
4/8/2012,165,4.672279688
4/9/2012,125,3.539605824
4/10/2012,100,2.831684659
4/11/2012,82.8,2.344634898
4/12/2012,68.5,1.939703992
4/13/2012,56.9,1.611228571
4/14/2012,49.7,1.407347276
4/15/2012,43.2,1.223287773
4/16/2012,66.8,1.891565352
4/17/2012,164,4.643962841
4/18/2012,583,16.50872156
4/19/2012,297,8.410103438
4/20/2012,143,4.049309063
4/21/2012,92.7,2.624971679
4/22/2012,72.8,2.061466432
4/23/2012,57.4,1.625386994
4/24/2012,45.2,1.279921466
4/25/2012,37.9,1.073208486
4/26/2012,32.7,0.925960884
4/27/2012,29,0.821188551
4/28/2012,26.2,0.741901381
4/29/2012,23.8,0.673940949
4/30/2012,22.6,0.639960733
5/1/2012,21.1,0.597485463
5/2/2012,246,6.965944262
5/3/2012,1220,34.54655284
5/4/2012,258,7.305746421
5/5/2012,130,3.681190057
5/6/2012,110,3.114853125
5/7/2012,98,2.775050966
5/8/2012,77.5,2.194555611
5/9/2012,58.8,1.66503058
5/10/2012,46.8,1.325228421
5/11/2012,38.2,1.08170354
5/12/2012,38.8,1.098693648
5/13/2012,51.2,1.449822546
5/14/2012,43.5,1.231782827
5/15/2012,34.5,0.976931207
5/16/2012,28.9,0.818356867
5/17/2012,25.3,0.716416219
5/18/2012,21.6,0.611643886
5/19/2012,18.2,0.515366608
5/20/2012,16.2,0.458732915
5/21/2012,14.5,0.410594276
5/22/2012,12.3,0.348297213
5/23/2012,11.2,0.317148682
5/24/2012,10.2,0.288831835
5/25/2012,9.07,0.256833799
5/26/2012,8.2,0.232198142
5/27/2012,7.74,0.219172393
5/28/2012,7.26,0.205580306
5/29/2012,6.98,0.197651589
5/30/2012,6.6,0.186891188
5/31/2012,6.06,0.17160009
6/1/2012,11.6,0.32847542
6/2/2012,8.7,0.246356565
6/3/2012,7.11,0.201332779
6/4/2012,7.2,0.203881295
6/5/2012,6.16,0.174431775
6/6/2012,5.5,0.155742656
6/7/2012,7.08,0.200483274
6/8/2012,13,0.368119006
6/9/2012,159,4.502378608
6/10/2012,549,15.54594878
6/11/2012,743,21.03941702
6/12/2012,293,8.296836051
6/13/2012,126,3.567922671
6/14/2012,73,2.067129801
6/15/2012,59.8,1.693347426
6/16/2012,82.6,2.338971528
6/17/2012,51.7,1.463980969
6/18/2012,36.5,1.033564901
6/19/2012,28.4,0.804198443
6/20/2012,22.7,0.642792418
6/21/2012,18.5,0.523861662
6/22/2012,16.1,0.45590123
6/23/2012,13.8,0.390772483
6/24/2012,12.2,0.345465528
6/25/2012,11,0.311485313
6/26/2012,9.71,0.27495658
6/27/2012,8.74,0.247489239
6/28/2012,7.3,0.20671298
6/29/2012,6.7,0.189722872
6/30/2012,6.1,0.172732764
7/1/2012,5.33,0.150928792
7/2/2012,5.01,0.141867401
7/3/2012,29.5,0.835346974
7/4/2012,157,4.445744915
7/5/2012,48.5,1.37336706
7/6/2012,31,0.877822244
7/7/2012,40.8,1.155327341
7/8/2012,30.8,0.872158875
7/9/2012,32.5,0.920297514
7/10/2012,66.6,1.885901983
7/11/2012,62.6,1.772634597
7/12/2012,56.4,1.597070148
7/13/2012,44.7,1.265763043
7/14/2012,27.3,0.773049912
7/15/2012,56.2,1.591406778
7/16/2012,64.3,1.820773236
7/17/2012,31.7,0.897644037
7/18/2012,135,3.82277429
7/19/2012,716,20.27486216
7/20/2012,1190,33.69704744
7/21/2012,1160,32.84754205
7/22/2012,576,16.31050364
7/23/2012,248,7.022577955
7/24/2012,206,5.833270398
7/25/2012,238,6.739409489
7/26/2012,130,3.681190057
7/27/2012,74.3,2.103941702
7/28/2012,53,1.500792869
7/29/2012,38.1,1.078871855
7/30/2012,32.3,0.914634145
7/31/2012,23.9,0.676772634
8/1/2012,18.1,0.512534923
8/2/2012,14.2,0.402099222
8/3/2012,11.8,0.33413879
8/4/2012,11.7,0.331307105
8/5/2012,19,0.538020085
8/6/2012,26.5,0.750396435
8/7/2012,131,3.709506904
8/8/2012,79.9,2.262516043
8/9/2012,39.1,1.107188702
8/10/2012,84.6,2.395605222
8/11/2012,78.1,2.211545719
8/12/2012,43.5,1.231782827
8/13/2012,26.8,0.758891489
8/14/2012,17.7,0.501208185
8/15/2012,32.6,0.923129199
8/16/2012,27.2,0.770218227
8/17/2012,19.8,0.560673563
8/18/2012,15.8,0.447406176
8/19/2012,14.2,0.402099222
8/20/2012,23.5,0.665445895
8/21/2012,21.7,0.614475571
8/22/2012,15.2,0.430416068
8/23/2012,9.93,0.281186287
8/24/2012,6.39,0.18094465
8/25/2012,4.76,0.13478819
8/26/2012,4.24,0.12006343
8/27/2012,3.48,0.098542626
8/28/2012,3.54,0.100241637
8/29/2012,1990,56.35052472
8/30/2012,9080,257.1169671
8/31/2012,6270,177.5466281
9/1/2012,2030,57.48319858
9/2/2012,561,15.88575094
9/3/2012,288,8.155251818
9/4/2012,216,6.116438864
9/5/2012,200,5.663369318
9/6/2012,200,5.663369318
9/7/2012,170,4.813863921
9/8/2012,141,3.992675369
9/9/2012,112,3.171486818
9/10/2012,82,2.321981421
9/11/2012,69.5,1.968020838
9/12/2012,57.4,1.625386994
9/13/2012,50.7,1.435664122
9/14/2012,49.6,1.404515591
9/15/2012,43.9,1.243109565
9/16/2012,40.7,1.152495656
9/17/2012,444,12.57267989
9/18/2012,531,15.03624554
9/19/2012,340,9.627727841
9/20/2012,145,4.105942756
9/21/2012,92.8,2.627803364
9/22/2012,71.1,2.013327793
9/23/2012,57,1.614060256
9/24/2012,45.2,1.279921466
9/25/2012,37.8,1.070376801
9/26/2012,32.5,0.920297514
9/27/2012,29.7,0.841010344
9/28/2012,81.3,2.302159628
9/29/2012,172,4.870497614
9/30/2012,213,6.031488324
10/1/2012,1020,28.88318352
10/2/2012,951,26.92932111
10/3/2012,367,10.3922827
10/4/2012,173,4.89881446
10/5/2012,124,3.511288977
10/6/2012,98.1,2.777882651
10/7/2012,80.6,2.282337835
10/8/2012,69.3,1.962357469
10/9/2012,60,1.699010796
10/10/2012,51.8,1.466812653
10/11/2012,45.8,1.296911574
10/12/2012,41.1,1.163822395
10/13/2012,37,1.047723324
10/14/2012,33.8,0.957109415
10/15/2012,31.1,0.880653929
10/16/2012,31.2,0.883485614
10/17/2012,35,0.991089631
10/18/2012,46.5,1.316733367
10/19/2012,78.2,2.214377403
10/20/2012,68.3,1.934040622
10/21/2012,43.2,1.223287773
10/22/2012,32.4,0.91746583
10/23/2012,26.9,0.761723173
10/24/2012,25.2,0.713584534
10/25/2012,23.8,0.673940949
10/26/2012,21.8,0.617307256
10/27/2012,20.1,0.569168616
10/28/2012,19.4,0.549346824
10/29/2012,18.1,0.512534923
10/30/2012,16.7,0.472891338
10/31/2012,16,0.453069545
11/1/2012,15.3,0.433247753
11/2/2012,15,0.424752699
11/3/2012,14.5,0.410594276
11/4/2012,14,0.396435852
11/5/2012,14.8,0.41908933
11/6/2012,20.4,0.57766367
11/7/2012,23.7,0.671109264
11/8/2012,22.5,0.637129048
11/9/2012,19.4,0.549346824
11/10/2012,16.2,0.458732915
11/11/2012,14.5,0.410594276
11/12/2012,18.5,0.523861662
11/13/2012,32,0.906139091
11/14/2012,35.8,1.013743108
11/15/2012,30.1,0.852337082
11/16/2012,23.9,0.676772634
11/17/2012,19.8,0.560673563
11/18/2012,17.4,0.492713131
11/19/2012,15.6,0.441742807
11/20/2012,14.2,0.402099222
11/21/2012,13.4,0.379445744
11/22/2012,12.9,0.365287321
11/23/2012,12.1,0.342633844
11/24/2012,11.1,0.314316997
11/25/2012,10.4,0.294495205
11/26/2012,9.82,0.278071434
11/27/2012,23.9,0.676772634
11/28/2012,47.6,1.347881898
11/29/2012,48.4,1.370535375
11/30/2012,38.8,1.098693648
12/1/2012,31.7,0.897644037
12/2/2012,28.1,0.795703389
12/3/2012,25.2,0.713584534
12/4/2012,23.7,0.671109264
12/5/2012,24.6,0.696594426
12/6/2012,41.7,1.180812503
12/7/2012,55.9,1.582911724
12/8/2012,49.4,1.398852222
12/9/2012,38.1,1.078871855
12/10/2012,35.4,1.002416369
12/11/2012,60.5,1.713169219
12/12/2012,74,2.095446648
12/13/2012,54.3,1.53760477
12/14/2012,39.8,1.127010494
12/15/2012,33.2,0.940119307
12/16/2012,30.6,0.866495506
12/17/2012,30.4,0.860832136
12/18/2012,44.9,1.271426412
12/19/2012,55.9,1.582911724
12/20/2012,54.9,1.554594878
12/21/2012,61.7,1.747149435
12/22/2012,62.7,1.775466281
12/23/2012,47.2,1.336555159
12/24/2012,39.3,1.112852071
12/25/2012,66,1.868911875
12/26/2012,346,9.797628921
12/27/2012,291,8.240202358
12/28/2012,194,5.493468239
12/29/2012,588,16.6503058
12/30/2012,288,8.155251818
12/31/2012,163,4.615645994
1/1/2013,118,3.341387898
1/2/2013,119,3.369704744
1/3/2013,158,4.474061762
1/4/2013,176,4.983765
1/5/2013,125,3.539605824
1/6/2013,107,3.029902585
1/7/2013,127,3.596239517
1/8/2013,118,3.341387898
1/9/2013,94.6,2.678773688
1/10/2013,99.4,2.814694551
1/11/2013,174,4.927131307
1/12/2013,201,5.691686165
1/13/2013,144,4.077625909
1/14/2013,325,9.202975142
1/15/2013,525,14.86634446
1/16/2013,603,17.07505849
1/17/2013,454,12.85584835
1/18/2013,279,7.900400199
1/19/2013,192,5.436834546
1/20/2013,151,4.275843835
1/21/2013,130,3.681190057
1/22/2013,110,3.114853125
1/23/2013,98.4,2.786377705
1/24/2013,86.8,2.457902284
1/25/2013,79.6,2.254020989
1/26/2013,74,2.095446648
1/27/2013,69.9,1.979347577
1/28/2013,67,1.897228722
1/29/2013,64.4,1.823604921
1/30/2013,191,5.408517699
1/31/2013,535,15.14951293
2/1/2013,285,8.070301279
2/2/2013,159,4.502378608
2/3/2013,121,3.426338438
2/4/2013,102,2.888318352
2/5/2013,234,6.626142103
2/6/2013,293,8.296836051
2/7/2013,911,25.79664725
2/8/2013,862,24.40912176
2/9/2013,424,12.00634296
2/10/2013,243,6.880993722
2/11/2013,223,6.31465679
2/12/2013,466,13.19565051
2/13/2013,502,14.21505699
2/14/2013,371,10.50555009
2/15/2013,251,7.107528495
2/16/2013,190,5.380200852
2/17/2013,149,4.219210142
2/18/2013,128,3.624556364
2/19/2013,337,9.542777302
2/20/2013,358,10.13743108
2/21/2013,214,6.059805171
2/22/2013,204,5.776636705
2/23/2013,1390,39.36041676
2/24/2013,1410,39.92675369
2/25/2013,2520,71.35845341
2/26/2013,2630,74.47330654
2/27/2013,1190,33.69704744
2/28/2013,473,13.39386844
3/1/2013,314,8.89148983
3/2/2013,251,7.107528495
3/3/2013,213,6.031488324
3/4/2013,188,5.323567159
3/5/2013,170,4.813863921
3/6/2013,152,4.304160682
3/7/2013,132,3.73782375
3/8/2013,118,3.341387898
3/9/2013,108,3.058219432
3/10/2013,102,2.888318352
3/11/2013,143,4.049309063
3/12/2013,310,8.778222444
3/13/2013,211,5.974854631
3/14/2013,128,3.624556364
3/15/2013,102,2.888318352
3/16/2013,91.3,2.585328094
3/17/2013,84.4,2.389941852
3/18/2013,81.6,2.310654682
3/19/2013,81,2.293664574
3/20/2013,75.2,2.129426864
3/21/2013,67.7,1.917050514
3/22/2013,62,1.755644489
3/23/2013,59.6,1.687684057
3/24/2013,62.4,1.766971227
3/25/2013,64.2,1.817941551
3/26/2013,57.8,1.636713733
3/27/2013,49.9,1.413010645
3/28/2013,46.4,1.313901682
3/29/2013,44.3,1.254436304
3/30/2013,43.1,1.220456088
3/31/2013,44.2,1.251604619
4/1/2013,173,4.89881446
4/2/2013,133,3.766140597
4/3/2013,662,18.74575244
4/4/2013,920,26.05149886
4/5/2013,376,10.64713432
4/6/2013,196,5.550101932
4/7/2013,137,3.879407983
4/8/2013,110,3.114853125
4/9/2013,94.7,2.681605372
4/10/2013,83.9,2.375783429
4/11/2013,212,6.003171478
4/12/2013,1040,29.44952046
4/13/2013,515,14.58317599
4/14/2013,823,23.30476475
4/15/2013,1030,29.16635199
4/16/2013,540,15.29109716
4/17/2013,264,7.4756475
4/18/2013,189,5.351884006
4/19/2013,545,15.43268139
4/20/2013,678,19.19882199
4/21/2013,295,8.353469745
4/22/2013,184,5.210299773
4/23/2013,142,4.020992216
4/24/2013,139,3.936041676
4/25/2013,268,7.588914887
4/26/2013,198,5.606735625
4/27/2013,124,3.511288977
4/28/2013,130,3.681190057
4/29/2013,261,7.390696961
4/30/2013,204,5.776636705
5/1/2013,1010,28.60001506
5/2/2013,2580,73.05746421
5/3/2013,1530,43.32477529
5/4/2013,741,20.98278332
5/5/2013,373,10.56218378
5/6/2013,242,6.852676875
5/7/2013,183,5.181982926
5/8/2013,146,4.134259602
5/9/2013,120,3.398021591
5/10/2013,172,4.870497614
5/11/2013,365,10.33564901
5/12/2013,329,9.316242529
5/13/2013,186,5.266933466
5/14/2013,120,3.398021591
5/15/2013,92.2,2.610813256
5/16/2013,76.3,2.160575395
5/17/2013,66.3,1.877406929
5/18/2013,58.8,1.66503058
5/19/2013,52.4,1.483802761
5/20/2013,48.7,1.379030429
5/21/2013,44.4,1.257267989
5/22/2013,43.4,1.228951142
5/23/2013,69.1,1.9566941
5/24/2013,63.5,1.798119759
5/25/2013,46.9,1.328060105
5/26/2013,34.3,0.971267838
5/27/2013,29.1,0.824020236
5/28/2013,25.6,0.724911273
5/29/2013,22.9,0.648455787
5/30/2013,22.8,0.645624102
5/31/2013,25.9,0.733406327
6/1/2013,53.8,1.523446347
6/2/2013,48.6,1.376198744
6/3/2013,83.6,2.367288375
6/4/2013,96.5,2.732575696
6/5/2013,56.3,1.594238463
6/6/2013,37.8,1.070376801
6/7/2013,30.3,0.858000452
6/8/2013,33.3,0.942950992
6/9/2013,33.3,0.942950992
6/10/2013,401,11.35505548
6/11/2013,525,14.86634446
6/12/2013,176,4.983765
6/13/2013,91.3,2.585328094
6/14/2013,58,1.642377102
6/15/2013,41.1,1.163822395
6/16/2013,32.5,0.920297514
6/17/2013,30.7,0.86932719
6/18/2013,29,0.821188551
6/19/2013,31.7,0.897644037
6/20/2013,30.3,0.858000452
6/21/2013,25.4,0.719247903
6/22/2013,29.1,0.824020236
6/23/2013,35.4,1.002416369
6/24/2013,52.8,1.4951295
6/25/2013,43.8,1.240277881
6/26/2013,32.9,0.931624253
6/27/2013,23,0.651287472
6/28/2013,19.5,0.552178509
6/29/2013,16.6,0.470059653
6/30/2013,13.8,0.390772483
7/1/2013,11.3,0.319980366
7/2/2013,9.82,0.278071434
7/3/2013,11,0.311485313
7/4/2013,14.2,0.402099222
7/5/2013,17.7,0.501208185
7/6/2013,70.7,2.002001054
7/7/2013,522,14.78139392
7/8/2013,1720,48.70497614
7/9/2013,1600,45.30695455
7/10/2013,328,9.287925682
7/11/2013,356,10.08079739
7/12/2013,383,10.84535224
7/13/2013,292,8.268519205
7/14/2013,327,9.259608836
7/15/2013,290,8.211885512
7/16/2013,735,20.81288225
7/17/2013,954,27.01427165
7/18/2013,560,15.85743409
7/19/2013,913,25.85328094
7/20/2013,493,13.96020537
7/21/2013,241,6.824360029
7/22/2013,391,11.07188702
7/23/2013,438,12.40277881
7/24/2013,237,6.711092642
7/25/2013,274,7.758815966
7/26/2013,276,7.815449659
7/27/2013,145,4.105942756
7/28/2013,221,6.258023097
7/29/2013,201,5.691686165
7/30/2013,113,3.199803665
7/31/2013,114,3.228120511
8/1/2013,161,4.559012301
8/2/2013,112,3.171486818
8/3/2013,99.9,2.828852975
8/4/2013,65.1,1.843426713
8/5/2013,46.8,1.325228421
8/6/2013,38,1.07604017
8/7/2013,66.1,1.87174356
8/8/2013,51.4,1.455485915
8/9/2013,36.5,1.033564901
8/10/2013,43.6,1.234614511
8/11/2013,55.3,1.565921617
8/12/2013,84.9,2.404100276
8/13/2013,143,4.049309063
8/14/2013,304,8.608321364
8/15/2013,485,13.7336706
8/16/2013,363,10.27901531
8/17/2013,151,4.275843835
8/18/2013,345,9.769312074
8/19/2013,316,8.948123523
8/20/2013,351,9.939213154
8/21/2013,211,5.974854631
8/22/2013,299,8.466737131
8/23/2013,166,4.700596534
8/24/2013,122,3.454655284
8/25/2013,189,5.351884006
8/26/2013,154,4.360794375
8/27/2013,92.4,2.616476625
8/28/2013,65.1,1.843426713
8/29/2013,49.3,1.396020537
8/30/2013,39,1.104357017
8/31/2013,33.2,0.940119307
9/1/2013,29.8,0.843842028
9/2/2013,26,0.736238011
9/3/2013,23.3,0.659782526
9/4/2013,29.6,0.838178659
9/5/2013,46.2,1.308238313
9/6/2013,31.8,0.900475722
9/7/2013,26,0.736238011
9/8/2013,23.4,0.66261421
9/9/2013,20,0.566336932
9/10/2013,17.4,0.492713131
9/11/2013,16.2,0.458732915
9/12/2013,16.6,0.470059653
9/13/2013,15.6,0.441742807
9/14/2013,15.1,0.427584384
9/15/2013,12.5,0.353960582
9/16/2013,10.9,0.308653628
9/17/2013,10.1,0.286000151
9/18/2013,9.24,0.261647663
9/19/2013,13.2,0.373782375
9/20/2013,21.6,0.611643886
9/21/2013,26.6,0.753228119
9/22/2013,49.5,1.401683906
9/23/2013,62.3,1.764139543
9/24/2013,101,2.860001506
9/25/2013,147,4.162576449
9/26/2013,140,3.964358523
9/27/2013,70.5,1.996337685
9/28/2013,40.5,1.146832287
9/29/2013,30,0.849505398
9/30/2013,24.9,0.70508948
10/1/2013,22.7,0.642792418
10/2/2013,28.2,0.798535074
10/3/2013,23.6,0.66827758
10/4/2013,22.1,0.62580231
10/5/2013,20.6,0.58332704
10/6/2013,39.2,1.110020386
10/7/2013,95,2.690100426
10/8/2013,57.1,1.61689194
10/9/2013,38,1.07604017
10/10/2013,28.8,0.815525182
10/11/2013,23.5,0.665445895
10/12/2013,21,0.594653778
10/13/2013,18.8,0.532356716
10/14/2013,16.8,0.475723023
10/15/2013,14.8,0.41908933
10/16/2013,13.3,0.37661406
10/17/2013,12.3,0.348297213
10/18/2013,11.8,0.33413879
10/19/2013,12.7,0.359623952
10/20/2013,16.1,0.45590123
10/21/2013,19.9,0.563505247
10/22/2013,20.4,0.57766367
10/23/2013,17.9,0.506871554
10/24/2013,15.6,0.441742807
10/25/2013,13,0.368119006
10/26/2013,12.2,0.345465528
10/27/2013,10.2,0.288831835
10/28/2013,9.53,0.269859548
10/29/2013,9.05,0.256267462
10/30/2013,8.91,0.252303103
10/31/2013,9.4,0.266178358
11/1/2013,13.9,0.393604168
11/2/2013,15.2,0.430416068
11/3/2013,16.5,0.467227969
11/4/2013,17.1,0.484218077
11/5/2013,14.1,0.399267537
11/6/2013,12.3,0.348297213
11/7/2013,13.1,0.37095069
11/8/2013,18.3,0.518198293
11/9/2013,24,0.679604318
11/10/2013,22.9,0.648455787
11/11/2013,17.7,0.501208185
11/12/2013,15.1,0.427584384
11/13/2013,12.6,0.356792267
11/14/2013,10.8,0.305821943
11/15/2013,11.8,0.33413879
11/16/2013,25.7,0.727742957
11/17/2013,36.4,1.030733216
11/18/2013,42.9,1.214792719
11/19/2013,75.1,2.126595179
11/20/2013,56.4,1.597070148
11/21/2013,37.5,1.061881747
11/22/2013,29.3,0.829683605
11/23/2013,23.5,0.665445895
11/24/2013,21.6,0.611643886
11/25/2013,20.1,0.569168616
11/26/2013,217,6.14475571
11/27/2013,304,8.608321364
11/28/2013,164,4.643962841
11/29/2013,86.8,2.457902284
11/30/2013,61,1.727327642
12/1/2013,48,1.359208636
12/2/2013,41.6,1.177980818
12/3/2013,37.5,1.061881747
12/4/2013,41.1,1.163822395
12/5/2013,52.6,1.489466131
12/6/2013,144,4.077625909
12/7/2013,277,7.843766506
12/8/2013,159,4.502378608
12/9/2013,115,3.256437358
12/10/2013,98.3,2.78354602
12/11/2013,86.5,2.44940723
12/12/2013,71.4,2.021822847
12/13/2013,56.8,1.608396886
12/14/2013,48.6,1.376198744
12/15/2013,45.2,1.279921466
12/16/2013,42.9,1.214792719
12/17/2013,42.2,1.194970926
12/18/2013,37.9,1.073208486
12/19/2013,34.5,0.976931207
12/20/2013,33.1,0.937287622
12/21/2013,33,0.934455938
12/22/2013,627,17.75466281
12/23/2013,1030,29.16635199
12/24/2013,425,12.0346598
12/25/2013,225,6.371290483
12/26/2013,155,4.389111222
12/27/2013,119,3.369704744
12/28/2013,460,13.02574943
12/29/2013,910,25.7683304
12/30/2013,488,13.81862114
12/31/2013,261,7.390696961
1/1/2014,203,5.748319858
1/2/2014,427,12.09129349
1/3/2014,367,10.3922827
1/4/2014,219,6.201389404
1/5/2014,171,4.842180767
1/6/2014,149,4.219210142
1/7/2014,120,3.398021591
1/8/2014,101,2.860001506
1/9/2014,91.9,2.602318202
1/10/2014,88.1,2.494714185
1/11/2014,176,4.983765
1/12/2014,208,5.889904091
1/13/2014,186,5.266933466
1/14/2014,313,8.863172983
1/15/2014,221,6.258023097
1/16/2014,147,4.162576449
1/17/2014,116,3.284754205
1/18/2014,92.7,2.624971679
1/19/2014,81.3,2.302159628
1/20/2014,73.2,2.072793171
1/21/2014,67.2,1.902892091
1/22/2014,59.5,1.684852372
1/23/2014,53.9,1.526278031
1/24/2014,50.1,1.418674014
1/25/2014,49.2,1.393188852
1/26/2014,49.6,1.404515591
1/27/2014,51.3,1.45265423
1/28/2014,59.6,1.687684057
1/29/2014,66.8,1.891565352
1/30/2014,62.8,1.778297966
1/31/2014,64.7,1.832099975
2/1/2014,65.6,1.857585136
2/2/2014,61.6,1.74431775
2/3/2014,94.1,2.664615264
2/4/2014,137,3.879407983
2/5/2014,430,12.17624403
2/6/2014,431,12.20456088
2/7/2014,253,7.164162188
2/8/2014,179,5.06871554
2/9/2014,140,3.964358523
2/10/2014,115,3.256437358
2/11/2014,161,4.559012301
2/12/2014,1400,39.64358523
2/13/2014,939,26.58951895
2/14/2014,483,13.6770369
2/15/2014,269,7.617231733
2/16/2014,203,5.748319858
2/17/2014,166,4.700596534
2/18/2014,141,3.992675369
2/19/2014,126,3.567922671
2/20/2014,112,3.171486818
2/21/2014,545,15.43268139
2/22/2014,696,19.70852523
2/23/2014,433,12.26119457
2/24/2014,361,10.22238162
2/25/2014,265,7.503964347
2/26/2014,781,22.11545719
2/27/2014,696,19.70852523
2/28/2014,370,10.47723324
3/1/2014,250,7.079211648
3/2/2014,201,5.691686165
3/3/2014,172,4.870497614
3/4/2014,151,4.275843835
3/5/2014,163,4.615645994
3/6/2014,158,4.474061762
3/7/2014,199,5.635052472
3/8/2014,179,5.06871554
3/9/2014,134,3.794457443
3/10/2014,109,3.086536279
3/11/2014,125,3.539605824
3/12/2014,526,14.89466131
3/13/2014,465,13.16733367
3/14/2014,236,6.682775796
3/15/2014,165,4.672279688
3/16/2014,276,7.815449659
3/17/2014,295,8.353469745
3/18/2014,191,5.408517699
3/19/2014,140,3.964358523
3/20/2014,114,3.228120511
3/21/2014,95.8,2.712753904
3/22/2014,83.1,2.353129952
3/23/2014,75.9,2.149248656
3/24/2014,103,2.916635199
3/25/2014,97.9,2.772219281
3/26/2014,71.7,2.030317901
3/27/2014,60.5,1.713169219
3/28/2014,1720,48.70497614
3/29/2014,2190,62.01389404
3/30/2014,1080,30.58219432
3/31/2014,460,13.02574943
4/1/2014,282,7.985350739
4/2/2014,227,6.427924176
4/3/2014,190,5.380200852
4/4/2014,167,4.728913381
4/5/2014,292,8.268519205
4/6/2014,294,8.325152898
4/7/2014,229,6.48455787
4/8/2014,176,4.983765
4/9/2014,195,5.521785085
4/10/2014,176,4.983765
4/11/2014,124,3.511288977
4/12/2014,101,2.860001506
4/13/2014,87.2,2.469229023
4/14/2014,316,8.948123523
4/15/2014,2220,62.86339943
4/16/2014,834,23.61625006
4/17/2014,350,9.910896307
4/18/2014,309,8.749905597
4/19/2014,398,11.27010494
4/20/2014,249,7.050894801
4/21/2014,173,4.89881446
4/22/2014,140,3.964358523
4/23/2014,125,3.539605824
4/24/2014,107,3.029902585
4/25/2014,88.2,2.497545869
4/26/2014,73.4,2.07845654
4/27/2014,63.8,1.806614813
4/28/2014,57.5,1.628218679
4/29/2014,1140,32.28120511
4/30/2014,1760,49.83765
5/1/2014,825,23.36139844
5/2/2014,349,9.882579461
5/3/2014,199,5.635052472
5/4/2014,145,4.105942756
5/5/2014,111,3.143169972
5/6/2014,88.3,2.500377554
5/7/2014,71.5,2.024654531
5/8/2014,59.9,1.696179111
5/9/2014,115,3.256437358
5/10/2014,2160,61.16438864
5/11/2014,1150,32.56437358
5/12/2014,498,14.1017896
5/13/2014,348,9.854262614
5/14/2014,331,9.372876222
5/15/2014,608,17.21664273
5/16/2014,303,8.580004517
5/17/2014,199,5.635052472
5/18/2014,153,4.332477529
5/19/2014,122,3.454655284
5/20/2014,100,2.831684659
5/21/2014,84,2.378615114
5/22/2014,70.3,1.990674315
5/23/2014,60.2,1.704674165
5/24/2014,50.8,1.438495807
5/25/2014,44.8,1.268594727
5/26/2014,39.5,1.11851544
5/27/2014,35.8,1.013743108
5/28/2014,67.5,1.911387145
5/29/2014,1160,32.84754205
5/30/2014,2580,73.05746421
5/31/2014,2010,56.91686165
6/1/2014,1210,34.26338438
6/2/2014,1360,38.51091137
6/3/2014,996,28.20357921
6/4/2014,547,15.48931509
6/5/2014,254,7.192479034
6/6/2014,182,5.15366608
6/7/2014,140,3.964358523
6/8/2014,112,3.171486818
6/9/2014,87.7,2.483387446
6/10/2014,182,5.15366608
6/11/2014,373,10.56218378
6/12/2014,257,7.277429574
6/13/2014,130,3.681190057
6/14/2014,127,3.596239517
6/15/2014,191,5.408517699
6/16/2014,91.6,2.593823148
6/17/2014,62,1.755644489
6/18/2014,45.7,1.294079889
6/19/2014,58.9,1.667862264
6/20/2014,64.9,1.837763344
6/21/2014,61,1.727327642
6/22/2014,50.3,1.424337384
6/23/2014,39,1.104357017
6/24/2014,50.3,1.424337384
6/25/2014,87.2,2.469229023
6/26/2014,202,5.720003012
6/27/2014,594,16.82020688
6/28/2014,284,8.041984432
6/29/2014,192,5.436834546
6/30/2014,110,3.114853125
7/1/2014,73,2.067129801
7/2/2014,52.6,1.489466131
7/3/2014,41.8,1.183644188
7/4/2014,37.1,1.050555009
7/5/2014,29.8,0.843842028
7/6/2014,25.8,0.730574642
7/7/2014,23.4,0.66261421
7/8/2014,21.8,0.617307256
7/9/2014,21.4,0.605980517
7/10/2014,22.2,0.628633994
7/11/2014,37.1,1.050555009
7/12/2014,90.2,2.554179563
7/13/2014,62.7,1.775466281
7/14/2014,59.8,1.693347426
7/15/2014,76.9,2.177565503
7/16/2014,181,5.125349233
7/17/2014,122,3.454655284
7/18/2014,71.6,2.027486216
7/19/2014,209,5.918220938
7/20/2014,261,7.390696961
7/21/2014,831,23.53129952
7/22/2014,325,9.202975142
7/23/2014,454,12.85584835
7/24/2014,210,5.946537784
7/25/2014,138,3.90772483
7/26/2014,86.3,2.443743861
7/27/2014,62.4,1.766971227
7/28/2014,47.5,1.345050213
7/29/2014,37.9,1.073208486
7/30/2014,32.4,0.91746583
7/31/2014,27.2,0.770218227
8/1/2014,23.5,0.665445895
8/2/2014,22.1,0.62580231
8/3/2014,25.6,0.724911273
8/4/2014,262,7.419013807
8/5/2014,90.7,2.568337986
8/6/2014,64.8,1.834931659
8/7/2014,86.5,2.44940723
8/8/2014,41.5,1.175149134
8/9/2014,37.2,1.053386693
8/10/2014,60.9,1.724495957
8/11/2014,47.6,1.347881898
8/12/2014,40.5,1.146832287
8/13/2014,22.3,0.631465679
8/14/2014,16.2,0.458732915
8/15/2014,12.9,0.365287321
8/16/2014,11.1,0.314316997
8/17/2014,10.1,0.286000151
8/18/2014,11.2,0.317148682
8/19/2014,11.8,0.33413879
8/20/2014,10.9,0.308653628
8/21/2014,10.4,0.294495205
8/22/2014,9.67,0.273823907
8/23/2014,12.3,0.348297213
8/24/2014,11.9,0.336970474
8/25/2014,9.83,0.278354602
8/26/2014,8.98,0.254285282
8/27/2014,8.56,0.242392207
8/28/2014,8.44,0.238994185
8/29/2014,8.14,0.230499131
8/30/2014,8.74,0.247489239
8/31/2014,10.5,0.297326889
9/1/2014,10.6,0.300158574
9/2/2014,18.1,0.512534923
9/3/2014,21.4,0.605980517
9/4/2014,18.1,0.512534923
9/5/2014,18.9,0.535188401
9/6/2014,16.4,0.464396284
9/7/2014,27.1,0.767386543
9/8/2014,23.3,0.659782526
9/9/2014,19.6,0.555010193
9/10/2014,17.8,0.504039869
9/11/2014,14.7,0.416257645
9/12/2014,13.3,0.37661406
9/13/2014,14,0.396435852
9/14/2014,14,0.396435852
9/15/2014,13.3,0.37661406
9/16/2014,11.3,0.319980366
9/17/2014,11.8,0.33413879
9/18/2014,61.4,1.738654381
9/19/2014,42.9,1.214792719
9/20/2014,24.3,0.688099372
9/21/2014,17.7,0.501208185
9/22/2014,14.6,0.41342596
9/23/2014,12.9,0.365287321
9/24/2014,10.3,0.29166352
9/25/2014,9.12,0.258249641
9/26/2014,8.38,0.237295174
9/27/2014,7.58,0.214641697
9/28/2014,7.69,0.21775655
9/29/2014,8.84,0.250320924
9/30/2014,8.7,0.246356565
10/1/2014,8.83,0.250037755
10/2/2014,8.86,0.250887261
10/3/2014,13.3,0.37661406
10/4/2014,22.2,0.628633994
10/5/2014,18.7,0.529525031
10/6/2014,17.6,0.4983765
10/7/2014,13,0.368119006
10/8/2014,10.3,0.29166352
10/9/2014,9,0.254851619
10/10/2014,8.31,0.235312995
10/11/2014,7.52,0.212942686
10/12/2014,7.04,0.1993506
10/13/2014,8.09,0.229083289
10/14/2014,39.9,1.129842179
10/15/2014,45.1,1.277089781
10/16/2014,29.6,0.838178659
10/17/2014,19.4,0.549346824
10/18/2014,14.2,0.402099222
10/19/2014,11.2,0.317148682
10/20/2014,9.88,0.279770444
10/21/2014,8.57,0.242675375
10/22/2014,7.44,0.210677339
10/23/2014,6.93,0.196235747
10/24/2014,6.35,0.179811976
10/25/2014,5.74,0.162538699
10/26/2014,5.69,0.161122857
10/27/2014,8.1,0.229366457
10/28/2014,5.76,0.163105036
10/29/2014,5.02,0.14215057
10/30/2014,4.81,0.136204032
10/31/2014,4.8,0.135920864
11/1/2014,4.61,0.130540663
11/2/2014,4.08,0.115532734
11/3/2014,4.35,0.123178283
11/4/2014,4.22,0.119497093
11/5/2014,5.37,0.152061466
11/6/2014,4.83,0.136770369
11/7/2014,4.38,0.124027788
11/8/2014,4.46,0.126293136
11/9/2014,4.46,0.126293136
11/10/2014,4.57,0.129407989
11/11/2014,4.64,0.131390168
11/12/2014,4.56,0.12912482
11/13/2014,5.04,0.142716907
11/14/2014,5.24,0.148380276
11/15/2014,5.55,0.157158499
11/16/2014,6,0.16990108
11/17/2014,8.36,0.236728838
11/18/2014,10.4,0.294495205
11/19/2014,15.2,0.430416068
11/20/2014,16.8,0.475723023
11/21/2014,13.6,0.385109114
11/22/2014,11.2,0.317148682
11/23/2014,12.9,0.365287321
11/24/2014,14.7,0.416257645
11/25/2014,16.5,0.467227969
11/26/2014,16.3,0.461564599
11/27/2014,14.1,0.399267537
11/28/2014,12.1,0.342633844
11/29/2014,10.4,0.294495205
11/30/2014,9.63,0.272691233
12/1/2014,9.4,0.266178358
12/2/2014,9.48,0.268443706
12/3/2014,10.5,0.297326889
12/4/2014,9.2,0.260514989
12/5/2014,9.25,0.261930831
12/6/2014,8.97,0.254002114
12/7/2014,8.75,0.247772408
12/8/2014,8.71,0.246639734
12/9/2014,8.71,0.246639734
12/10/2014,8.65,0.244940723
12/11/2014,8.49,0.240410028
12/12/2014,8.1,0.229366457
12/13/2014,8.13,0.230215963
12/14/2014,8.01,0.226817941
12/15/2014,7.9,0.223703088
12/16/2014,8.2,0.232198142
12/17/2014,8.77,0.248338745
12/18/2014,8.7,0.246356565
12/19/2014,24,0.679604318
12/20/2014,160,4.530695455
12/21/2014,139,3.936041676
12/22/2014,180,5.097032387
12/23/2014,228,6.456241023
12/24/2014,606,17.16000903
12/25/2014,327,9.259608836
12/26/2014,157,4.445744915
12/27/2014,163,4.615645994
12/28/2014,508,14.38495807
12/29/2014,332,9.401193069
12/30/2014,204,5.776636705
12/31/2014,130,3.681190057
1/1/2015,90.6,2.565506301
1/2/2015,72.1,2.041644639
1/3/2015,193,5.465151392
1/4/2015,463,13.11069997
1/5/2015,371,10.50555009
1/6/2015,191,5.408517699
1/7/2015,126,3.567922671
1/8/2015,91.6,2.593823148
1/9/2015,73.1,2.069961486
1/10/2015,63.2,1.789624705
1/11/2015,56.3,1.594238463
1/12/2015,55.5,1.571584986
1/13/2015,58.7,1.662198895
1/14/2015,52,1.472476023
1/15/2015,70.6,1.999169369
1/16/2015,142,4.020992216
1/17/2015,119,3.369704744
1/18/2015,80.9,2.290832889
1/19/2015,61.5,1.741486065
1/20/2015,50.8,1.438495807
1/21/2015,45,1.274258097
1/22/2015,49.8,1.41017896
1/23/2015,1820,51.5366608
1/24/2015,1070,30.29902585
1/25/2015,487,13.79030429
1/26/2015,248,7.022577955
1/27/2015,180,5.097032387
1/28/2015,139,3.936041676
1/29/2015,112,3.171486818
1/30/2015,94.3,2.670278634
1/31/2015,80.8,2.288001205
2/1/2015,77.1,2.183228872
2/2/2015,102,2.888318352
2/3/2015,83.3,2.358793321
2/4/2015,98.4,2.786377705
2/5/2015,281,7.957033892
2/6/2015,226,6.39960733
2/7/2015,138,3.90772483
2/8/2015,103,2.916635199
2/9/2015,86.2,2.440912176
2/10/2015,72.9,2.064298117
2/11/2015,61.7,1.747149435
2/12/2015,54,1.529109716
2/13/2015,48.5,1.37336706
2/14/2015,43.6,1.234614511
2/15/2015,41.5,1.175149134
2/16/2015,40.3,1.141168918
2/17/2015,53.9,1.526278031
2/18/2015,71.2,2.016159477
2/19/2015,62.6,1.772634597
2/20/2015,48.8,1.381862114
2/21/2015,43.4,1.228951142
2/22/2015,41.4,1.172317449
2/23/2015,52.9,1.497961185
2/24/2015,106,3.001585739
2/25/2015,98,2.775050966
2/26/2015,154,4.360794375
2/27/2015,140,3.964358523
2/28/2015,88.5,2.506040923
3/1/2015,66.5,1.883070298
3/2/2015,104,2.944952046
3/3/2015,142,4.020992216
3/4/2015,121,3.426338438
3/5/2015,99,2.803367813
3/6/2015,79.1,2.239862565
3/7/2015,62.8,1.778297966
3/8/2015,52.5,1.486634446
3/9/2015,150,4.247526989
3/10/2015,1040,29.44952046
3/11/2015,1850,52.3861662
3/12/2015,1330,37.66140597
3/13/2015,1040,29.44952046
3/14/2015,993,28.11862867
3/15/2015,538,15.23446347
3/16/2015,304,8.608321364
3/17/2015,228,6.456241023
3/18/2015,184,5.210299773
3/19/2015,154,4.360794375
3/20/2015,131,3.709506904
3/21/2015,112,3.171486818
3/22/2015,482,13.64872006
3/23/2015,427,12.09129349
3/24/2015,226,6.39960733
3/25/2015,155,4.389111222
3/26/2015,123,3.482972131
3/27/2015,115,3.256437358
3/28/2015,92.9,2.630635048
3/29/2015,73.3,2.075624855
3/30/2015,64.9,1.837763344
3/31/2015,59,1.670693949
4/1/2015,53,1.500792869
4/2/2015,47.8,1.353545267
4/3/2015,43.6,1.234614511
4/4/2015,41.9,1.186475872
4/5/2015,40.9,1.158159026
4/6/2015,56.1,1.588575094
4/7/2015,79.6,2.254020989
4/8/2015,62.8,1.778297966
4/9/2015,45.7,1.294079889
4/10/2015,40.5,1.146832287
4/11/2015,85.3,2.415427014
4/12/2015,91.6,2.593823148
4/13/2015,532,15.06456239
4/14/2015,2010,56.91686165
4/15/2015,2760,78.15449659
4/16/2015,1200,33.98021591
4/17/2015,541,15.31941401
4/18/2015,409,11.58159026
4/19/2015,437,12.37446196
4/20/2015,266,7.532281193
4/21/2015,180,5.097032387
4/22/2015,132,3.73782375
4/23/2015,102,2.888318352
4/24/2015,84.1,2.381446798
4/25/2015,171,4.842180767
4/26/2015,378,10.70376801
4/27/2015,256,7.249112728
4/28/2015,492,13.93188852
4/29/2015,316,8.948123523
4/30/2015,204,5.776636705
5/1/2015,128,3.624556364
5/2/2015,87.4,2.474892392
5/3/2015,65.2,1.846258398
5/4/2015,52,1.472476023
5/5/2015,44.5,1.260099673
5/6/2015,39.9,1.129842179
5/7/2015,35.5,1.005248054
5/8/2015,32.2,0.91180246
5/9/2015,28.8,0.815525182
5/10/2015,26.1,0.739069696
5/11/2015,23.9,0.676772634
5/12/2015,23.5,0.665445895
5/13/2015,30.3,0.858000452
5/14/2015,23.8,0.673940949
5/15/2015,22,0.622970625
5/16/2015,808,22.88001205
5/17/2015,5850,165.6535526
5/18/2015,2730,77.3049912
5/19/2015,756,21.40753602
5/20/2015,554,15.68753301
5/21/2015,673,19.05723776
5/22/2015,2350,66.54458949
5/23/2015,1180,33.41387898
5/24/2015,403,11.41168918
5/25/2015,1380,39.0772483
5/26/2015,1940,54.93468239
5/27/2015,1300,36.81190057
5/28/2015,733,20.75624855
5/29/2015,1010,28.60001506
5/30/2015,531,15.03624554
5/31/2015,519,14.69644338
6/1/2015,302,8.551687671
6/2/2015,244,6.909310568
6/3/2015,176,4.983765
6/4/2015,132,3.73782375
6/5/2015,101,2.860001506
6/6/2015,80.1,2.268179412
6/7/2015,66.4,1.880238614
6/8/2015,56.7,1.605565202
6/9/2015,136,3.851091137
6/10/2015,157,4.445744915
6/11/2015,85.8,2.429585438
6/12/2015,68.8,1.948199046
6/13/2015,77.4,2.191723926
6/14/2015,231,6.541191563
6/15/2015,244,6.909310568
6/16/2015,161,4.559012301
6/17/2015,103,2.916635199
6/18/2015,65.3,1.849090082
6/19/2015,46.4,1.313901682
6/20/2015,37.6,1.064713432
6/21/2015,32.9,0.931624253
6/22/2015,30.1,0.852337082
6/23/2015,43.9,1.243109565
6/24/2015,99.4,2.814694551
6/25/2015,277,7.843766506
6/26/2015,365,10.33564901
6/27/2015,314,8.89148983
6/28/2015,134,3.794457443
6/29/2015,186,5.266933466
6/30/2015,201,5.691686165
7/1/2015,112,3.171486818
7/2/2015,73.3,2.075624855
7/3/2015,54.1,1.531941401
7/4/2015,41.6,1.177980818
7/5/2015,76.2,2.15774371
7/6/2015,562,15.91406778
7/7/2015,207,5.861587245
7/8/2015,95.7,2.709922219
7/9/2015,55.4,1.568753301
7/10/2015,37.5,1.061881747
7/11/2015,30.2,0.855168767
7/12/2015,24,0.679604318
7/13/2015,20.8,0.588990409
7/14/2015,18.6,0.526693347
7/15/2015,16.2,0.458732915
7/16/2015,14.4,0.407762591
7/17/2015,13.2,0.373782375
7/18/2015,11.9,0.336970474
7/19/2015,13.9,0.393604168
7/20/2015,38.6,1.093030278
7/21/2015,37.1,1.050555009
7/22/2015,22.6,0.639960733
7/23/2015,15.3,0.433247753
7/24/2015,12.3,0.348297213
7/25/2015,10.7,0.302990259
7/26/2015,17.5,0.495544815
7/27/2015,31.1,0.880653929
7/28/2015,20.5,0.580495355
7/29/2015,14.1,0.399267537
7/30/2015,12.1,0.342633844
7/31/2015,10.3,0.29166352
8/1/2015,9.61,0.272124896
8/2/2015,9.48,0.268443706
8/3/2015,8.4,0.237861511
8/4/2015,7.84,0.222004077
8/5/2015,7.39,0.209261496
8/6/2015,7.28,0.206146643
8/7/2015,7.24,0.205013969
8/8/2015,7.18,0.203314959
8/9/2015,12.4,0.351128898
8/10/2015,14.6,0.41342596
8/11/2015,12.7,0.359623952
8/12/2015,12.2,0.345465528
8/13/2015,9.78,0.27693876
8/14/2015,7.99,0.226251604
8/15/2015,6.8,0.192554557
8/16/2015,5.97,0.169051574
8/17/2015,7.49,0.212093181
8/18/2015,8.04,0.227667447
8/19/2015,9.2,0.260514989
8/20/2015,16,0.453069545
8/21/2015,16.3,0.461564599
8/22/2015,188,5.323567159
8/23/2015,91.9,2.602318202
8/24/2015,41.2,1.16665408
8/25/2015,24.1,0.682436003
8/26/2015,16.5,0.467227969
8/27/2015,12.5,0.353960582
8/28/2015,10.6,0.300158574
8/29/2015,9.05,0.256267462
8/30/2015,8.24,0.233330816
8/31/2015,7.35,0.208128822
9/1/2015,6.5,0.184059503
9/2/2015,5.73,0.162255531
9/3/2015,5.26,0.148946613
9/4/2015,5.13,0.145265423
9/5/2015,8.3,0.235029827
9/6/2015,53.1,1.503624554
9/7/2015,51.8,1.466812653
9/8/2015,27,0.764554858
9/9/2015,16.9,0.478554707
9/10/2015,16.2,0.458732915
9/11/2015,164,4.643962841
9/12/2015,116,3.284754205
9/13/2015,77,2.180397188
9/14/2015,39.1,1.107188702
9/15/2015,24.2,0.685267688
9/16/2015,18.1,0.512534923
9/17/2015,14.5,0.410594276
9/18/2015,12.1,0.342633844
9/19/2015,10.9,0.308653628
9/20/2015,9.6,0.271841727
9/21/2015,8.83,0.250037755
9/22/2015,8.31,0.235312995
9/23/2015,7.5,0.212376349
9/24/2015,7.48,0.211810013
9/25/2015,8.01,0.226817941
9/26/2015,12.1,0.342633844
9/27/2015,8.85,0.250604092
9/28/2015,11.2,0.317148682
9/29/2015,15.9,0.450237861
9/30/2015,17.5,0.495544815
10/1/2015,14.9,0.421921014
10/2/2015,11.4,0.322812051
10/3/2015,9.5,0.269010043
10/4/2015,8.48,0.240126859
10/5/2015,7.73,0.218889224
10/6/2015,7.45,0.210960507
10/7/2015,6.86,0.194253568
10/8/2015,6.5,0.184059503
10/9/2015,6.06,0.17160009
10/10/2015,5.05,0.143000075
10/11/2015,4.54,0.128558484
10/12/2015,4.1,0.116099071
10/13/2015,4.08,0.115532734
10/14/2015,3.88,0.109869365
10/15/2015,3.86,0.109303028
10/16/2015,4,0.113267386
10/17/2015,3.34,0.094578268
10/18/2015,3.06,0.086649551
10/19/2015,2.9,0.082118855
10/20/2015,2.61,0.07390697
10/21/2015,2.53,0.071641622
10/22/2015,2.46,0.069659443
10/23/2015,2.49,0.070508948
10/24/2015,2.57,0.072774296
10/25/2015,3.76,0.106471343
10/26/2015,169,4.785547074
10/27/2015,265,7.503964347
10/28/2015,164,4.643962841
10/29/2015,75.2,2.129426864
10/30/2015,43.3,1.226119457
10/31/2015,31.3,0.886317298
11/1/2015,136,3.851091137
11/2/2015,545,15.43268139
11/3/2015,287,8.126934972
11/4/2015,140,3.964358523
11/5/2015,87.5,2.477724077
11/6/2015,64.4,1.823604921
11/7/2015,62.6,1.772634597
11/8/2015,471,13.33723474
11/9/2015,414,11.72317449
11/10/2015,207,5.861587245
11/11/2015,129,3.65287321
11/12/2015,92.1,2.607981571
11/13/2015,73.1,2.069961486
11/14/2015,56.8,1.608396886
11/15/2015,44.9,1.271426412
11/16/2015,39.5,1.11851544
11/17/2015,36.1,1.022238162
11/18/2015,375,10.61881747
11/19/2015,705,19.96337685
11/20/2015,380,10.7604017
11/21/2015,173,4.89881446
11/22/2015,119,3.369704744
11/23/2015,89.1,2.523031031
11/24/2015,70.3,1.990674315
11/25/2015,58.1,1.645208787
11/26/2015,51.1,1.446990861
11/27/2015,45.5,1.28841652
11/28/2015,42.1,1.192139242
11/29/2015,39.3,1.112852071
11/30/2015,37.2,1.053386693
12/1/2015,34.5,0.976931207
12/2/2015,37.8,1.070376801
12/3/2015,47.5,1.345050213
12/4/2015,42.3,1.197802611
12/5/2015,36.8,1.042059955
12/6/2015,32.1,0.908970776
12/7/2015,29.1,0.824020236
12/8/2015,27.1,0.767386543
12/9/2015,25.6,0.724911273
12/10/2015,24.4,0.690931057
12/11/2015,24.2,0.685267688
12/12/2015,23.6,0.66827758
12/13/2015,23.4,0.66261421
12/14/2015,32.1,0.908970776
12/15/2015,67.3,1.905723776
12/16/2015,107,3.029902585
12/17/2015,569,16.11228571
12/18/2015,291,8.240202358
12/19/2015,141,3.992675369
12/20/2015,88.7,2.511704293
12/21/2015,120,3.398021591
12/22/2015,1770,50.12081847
12/23/2015,2600,73.62380114
12/24/2015,1720,48.70497614
12/25/2015,1510,42.75843835
12/26/2015,1360,38.51091137
12/27/2015,704,19.93506
12/28/2015,500,14.1584233
12/29/2015,550,15.57426563
12/30/2015,722,20.44476324
12/31/2015,740,20.95446648
1/1/2016,467,13.22396736
1/2/2016,321,9.089707756
1/3/2016,250,7.079211648
1/4/2016,211,5.974854631
1/5/2016,178,5.040398693
1/6/2016,156,4.417428068
1/7/2016,140,3.964358523
1/8/2016,135,3.82277429
1/9/2016,134,3.794457443
1/10/2016,133,3.766140597
1/11/2016,110,3.114853125
1/12/2016,94.6,2.678773688
1/13/2016,87.3,2.472060707
1/14/2016,82.6,2.338971528
1/15/2016,333,9.429509915
1/16/2016,317,8.97644037
1/17/2016,188,5.323567159
1/18/2016,128,3.624556364
1/19/2016,102,2.888318352
1/20/2016,91.7,2.596654832
1/21/2016,105,2.973268892
1/22/2016,680,19.25545568
1/23/2016,369,10.44891639
1/24/2016,222,6.286339943
1/25/2016,168,4.757230227
1/26/2016,180,5.097032387
1/27/2016,1180,33.41387898
1/28/2016,755,21.37921918
1/29/2016,348,9.854262614
1/30/2016,245,6.937627415
1/31/2016,202,5.720003012
2/1/2016,176,4.983765
2/2/2016,166,4.700596534
2/3/2016,808,22.88001205
2/4/2016,661,18.7174356
2/5/2016,333,9.429509915
2/6/2016,232,6.569508409
2/7/2016,193,5.465151392
2/8/2016,165,4.672279688
2/9/2016,142,4.020992216
2/10/2016,123,3.482972131
2/11/2016,110,3.114853125
2/12/2016,104,2.944952046
2/13/2016,95,2.690100426
2/14/2016,85.4,2.418258699
2/15/2016,202,5.720003012
2/16/2016,621,17.58476173
2/17/2016,282,7.985350739
2/18/2016,176,4.983765
2/19/2016,132,3.73782375
2/20/2016,114,3.228120511
2/21/2016,104,2.944952046
2/22/2016,102,2.888318352
2/23/2016,295,8.353469745
2/24/2016,1510,42.75843835
2/25/2016,794,22.48357619
2/26/2016,374,10.59050063
2/27/2016,241,6.824360029
2/28/2016,195,5.521785085
2/29/2016,166,4.700596534
3/1/2016,146,4.134259602
3/2/2016,154,4.360794375
3/3/2016,138,3.90772483
3/4/2016,171,4.842180767
3/5/2016,171,4.842180767
3/6/2016,121,3.426338438
3/7/2016,96.5,2.732575696
3/8/2016,84.1,2.381446798
3/9/2016,79.4,2.248357619
3/10/2016,78.2,2.214377403
3/11/2016,1210,34.26338438
3/12/2016,1610,45.59012301
3/13/2016,880,24.918825
3/14/2016,392,11.10020386
3/15/2016,269,7.617231733
3/16/2016,215,6.088122017
3/17/2016,234,6.626142103
3/18/2016,722,20.44476324
3/19/2016,920,26.05149886
3/20/2016,640,18.12278182
3/21/2016,332,9.401193069
3/22/2016,243,6.880993722
3/23/2016,205,5.804953551
3/24/2016,644,18.23604921
3/25/2016,921,26.07981571
3/26/2016,374,10.59050063
3/27/2016,383,10.84535224
3/28/2016,582,16.48040472
3/29/2016,405,11.46832287
3/30/2016,265,7.503964347
3/31/2016,237,6.711092642
4/1/2016,359,10.16574793
4/2/2016,971,27.49565804
4/3/2016,536,15.17782977
4/4/2016,283,8.013667586
4/5/2016,209,5.918220938
4/6/2016,167,4.728913381
4/7/2016,145,4.105942756
4/8/2016,124,3.511288977
4/9/2016,103,2.916635199
4/10/2016,89.8,2.542852824
4/11/2016,79.7,2.256852673
4/12/2016,156,4.417428068
4/13/2016,448,12.68594727
4/14/2016,791,22.39862565
4/15/2016,417,11.80812503
4/16/2016,242,6.852676875
4/17/2016,191,5.408517699
4/18/2016,150,4.247526989
4/19/2016,120,3.398021591
4/20/2016,94.3,2.670278634
4/21/2016,80.7,2.28516952
4/22/2016,72.9,2.064298117
4/23/2016,65.3,1.849090082
4/24/2016,58,1.642377102
4/25/2016,53.4,1.512119608
4/26/2016,48.8,1.381862114
4/27/2016,51.5,1.458317599
4/28/2016,3170,89.7644037
4/29/2016,2510,71.07528495
4/30/2016,977,27.66555912
5/1/2016,1490,42.19210142
5/2/2016,1350,38.2277429
5/3/2016,891,25.23031031
5/4/2016,443,12.54436304
5/5/2016,276,7.815449659
5/6/2016,201,5.691686165
5/7/2016,158,4.474061762
5/8/2016,128,3.624556364
5/9/2016,106,3.001585739
5/10/2016,94.2,2.667446949
5/11/2016,82.7,2.341803213
5/12/2016,72.2,2.044476324
5/13/2016,62.3,1.764139543
5/14/2016,53.8,1.523446347
5/15/2016,45.9,1.299743259
5/16/2016,43.7,1.237446196
5/17/2016,1320,37.3782375
5/18/2016,1780,50.40398693
5/19/2016,345,9.769312074
5/20/2016,662,18.74575244
5/21/2016,443,12.54436304
5/22/2016,221,6.258023097
5/23/2016,139,3.936041676
5/24/2016,98.9,2.800536128
5/25/2016,76.8,2.174733818
5/26/2016,64.3,1.820773236
5/27/2016,56.5,1.599901832
5/28/2016,49.9,1.413010645
5/29/2016,44.6,1.262931358
5/30/2016,42.6,1.206297665
5/31/2016,46.1,1.305406628
6/1/2016,40.7,1.152495656
6/2/2016,33.6,0.951446045
6/3/2016,37.8,1.070376801
6/4/2016,1030,29.16635199
6/5/2016,1300,36.81190057
6/6/2016,362,10.25069847
6/7/2016,212,6.003171478
6/8/2016,117,3.313071051
6/9/2016,74.9,2.12093181
6/10/2016,54.4,1.540436455
6/11/2016,49.5,1.401683906
6/12/2016,76,2.152080341
6/13/2016,350,9.910896307
6/14/2016,309,8.749905597
6/15/2016,222,6.286339943
6/16/2016,135,3.82277429
6/17/2016,80.1,2.268179412
6/18/2016,56.5,1.599901832
6/19/2016,52.1,1.475307707
6/20/2016,330,9.344559375
6/21/2016,202,5.720003012
6/22/2016,97,2.746734119
6/23/2016,61.1,1.730159327
6/24/2016,44.5,1.260099673
6/25/2016,35.9,1.016574793
6/26/2016,29.9,0.846673713
6/27/2016,629,17.81129651
6/28/2016,247,6.994261108
6/29/2016,432,12.23287773
6/30/2016,461,13.05406628
7/1/2016,1080,30.58219432
7/2/2016,330,9.344559375
7/3/2016,143,4.049309063
7/4/2016,89,2.520199347
7/5/2016,66.1,1.87174356
7/6/2016,66.7,1.888733668
7/7/2016,59.6,1.687684057
7/8/2016,85.5,2.421090384
7/9/2016,63.2,1.789624705
7/10/2016,44.9,1.271426412
7/11/2016,254,7.192479034
7/12/2016,114,3.228120511
7/13/2016,104,2.944952046
7/14/2016,281,7.957033892
7/15/2016,324,9.174658296
7/16/2016,360,10.19406477
7/17/2016,167,4.728913381
7/18/2016,211,5.974854631
7/19/2016,224,6.342973637
7/20/2016,109,3.086536279
7/21/2016,66,1.868911875
7/22/2016,49,1.387525483
7/23/2016,50.9,1.441327492
7/24/2016,52.9,1.497961185
7/25/2016,52.2,1.478139392
7/26/2016,65,1.840595028
7/27/2016,188,5.323567159
7/28/2016,183,5.181982926
7/29/2016,96.3,2.726912327
7/30/2016,71.8,2.033149585
7/31/2016,254,7.192479034
8/1/2016,181,5.125349233
8/2/2016,156,4.417428068
8/3/2016,108,3.058219432
8/4/2016,64.7,1.832099975
8/5/2016,88.4,2.503209239
8/6/2016,53.6,1.517782977
8/7/2016,41,1.16099071
8/8/2016,32.4,0.91746583
8/9/2016,27.4,0.775881597
8/10/2016,39.7,1.12417881
8/11/2016,1060,30.01585739
8/12/2016,975,27.60892543
8/13/2016,534,15.12119608
8/14/2016,302,8.551687671
8/15/2016,270,7.64554858
8/16/2016,146,4.134259602
8/17/2016,93.6,2.650456841
8/18/2016,122,3.454655284
8/19/2016,177,5.012081847
8/20/2016,201,5.691686165
8/21/2016,135,3.82277429
8/22/2016,145,4.105942756
8/23/2016,84.9,2.404100276
8/24/2016,374,10.59050063
8/25/2016,540,15.29109716
8/26/2016,543,15.3760477
8/27/2016,200,5.663369318
8/28/2016,119,3.369704744
8/29/2016,97,2.746734119
8/30/2016,66.5,1.883070298
8/31/2016,47,1.33089179
9/1/2016,36.9,1.044891639
9/2/2016,31,0.877822244
9/3/2016,90.5,2.562674617
9/4/2016,131,3.709506904
9/5/2016,186,5.266933466
9/6/2016,157,4.445744915
9/7/2016,111,3.143169972
9/8/2016,65.6,1.857585136
9/9/2016,47.8,1.353545267
9/10/2016,42.3,1.197802611
9/11/2016,36.4,1.030733216
9/12/2016,86.9,2.460733969
9/13/2016,93.1,2.636298418
9/14/2016,131,3.709506904
9/15/2016,67.9,1.922713884
9/16/2016,96,2.718417273
9/17/2016,924,26.16476625
9/18/2016,775,21.94555611
9/19/2016,395,11.1851544
9/20/2016,176,4.983765
9/21/2016,105,2.973268892
9/22/2016,71.5,2.024654531
9/23/2016,54,1.529109716
9/24/2016,43,1.217624403
9/25/2016,36.8,1.042059955
9/26/2016,31.9,0.903307406
9/27/2016,39.7,1.12417881
9/28/2016,41.3,1.169485764
9/29/2016,39.3,1.112852071
9/30/2016,28.4,0.804198443
10/1/2016,23.1,0.654119156
10/2/2016,20.2,0.572000301
10/3/2016,18.3,0.518198293
10/4/2016,17,0.481386392
10/5/2016,20.6,0.58332704
10/6/2016,17.3,0.489881446
10/7/2016,15.5,0.438911122
10/8/2016,14.2,0.402099222
10/9/2016,13.4,0.379445744
10/10/2016,12.1,0.342633844
10/11/2016,12,0.339802159
10/12/2016,11.7,0.331307105
10/13/2016,11.8,0.33413879
10/14/2016,11.4,0.322812051
10/15/2016,11.3,0.319980366
10/16/2016,11,0.311485313
10/17/2016,10.9,0.308653628
10/18/2016,11.1,0.314316997
10/19/2016,11,0.311485313
10/20/2016,11,0.311485313
10/21/2016,10.3,0.29166352
10/22/2016,9.57,0.270992222
10/23/2016,9.08,0.257116967
10/24/2016,8.78,0.248621913
10/25/2016,8.69,0.246073397
10/26/2016,8.45,0.239277354
10/27/2016,8.71,0.246639734
10/28/2016,8.8,0.24918825
10/29/2016,9.09,0.257400136
10/30/2016,7.97,0.225685267
10/31/2016,7.78,0.220305066
11/1/2016,8.5,0.240693196
11/2/2016,,0.239056128
11/3/2016,7.09,0.200766442
11/4/2016,7.05,0.199633768
11/5/2016,6.96,0.197085252
11/6/2016,6.91,0.19566941
11/7/2016,7.88,0.223136751
11/8/2016,19.1,0.54085177
11/9/2016,23,0.651287472
11/10/2016,20.8,0.588990409
11/11/2016,18.8,0.532356716
11/12/2016,17.7,0.501208185
11/13/2016,14.9,0.421921014
11/14/2016,13.3,0.37661406
11/15/2016,12.2,0.345465528
11/16/2016,11.8,0.33413879
11/17/2016,10.7,0.302990259
11/18/2016,10.1,0.286000151
11/19/2016,9.58,0.27127539
11/20/2016,9.11,0.257966472
11/21/2016,8.69,0.246073397
11/22/2016,8.39,0.237578343
11/23/2016,8.13,0.230215963
11/24/2016,8.57,0.242675375
11/25/2016,8.6,0.243524881
11/26/2016,8.37,0.237012006
11/27/2016,7.87,0.222853583
11/28/2016,7.64,0.216340708
11/29/2016,8.96,0.253718945
11/30/2016,25.3,0.716416219
12/1/2016,42.4,1.200634296
12/2/2016,30.5,0.863663821
12/3/2016,23.9,0.676772634
12/4/2016,58,1.642377102
12/5/2016,314,8.89148983
12/6/2016,711,20.13327793
12/7/2016,250,7.079211648
12/8/2016,112,3.171486818
12/9/2016,66.2,1.874575244
12/10/2016,47.5,1.345050213
12/11/2016,38.6,1.093030278
12/12/2016,32.3,0.914634145
12/13/2016,56.8,1.608396886
12/14/2016,143,4.049309063
12/15/2016,101,2.860001506
12/16/2016,68.6,1.942535676
12/17/2016,49.1,1.390357168
12/18/2016,56.3,1.594238463
12/19/2016,298,8.438420284
12/20/2016,233,6.597825256
12/21/2016,123,3.482972131
12/22/2016,84.8,2.401268591
12/23/2016,67,1.897228722
12/24/2016,56.3,1.594238463
12/25/2016,49.1,1.390357168
12/26/2016,43.3,1.226119457
12/27/2016,40.3,1.141168918
12/28/2016,40.8,1.155327341
12/29/2016,47.5,1.345050213
12/30/2016,43.6,1.234614511
12/31/2016,49.3,1.396020537
1/1/2017,1790,50.6871554
1/2/2017,3210,90.89707756
1/3/2017,3800,107.604017
1/4/2017,1960,55.50101932
1/5/2017,588,16.6503058
1/6/2017,399,11.29842179
1/7/2017,559,15.82911724
1/8/2017,516,14.61149284
1/9/2017,290,8.211885512
1/10/2017,232,6.569508409
1/11/2017,199,5.635052472
1/12/2017,172,4.870497614
1/13/2017,150,4.247526989
1/14/2017,130,3.681190057
1/15/2017,115,3.256437358
1/16/2017,104,2.944952046
1/17/2017,95.9,2.715585588
1/18/2017,88.5,2.506040923
1/19/2017,101,2.860001506
1/20/2017,267,7.56059804
1/21/2017,349,9.882579461
1/22/2017,787,22.28535827
1/23/2017,418,11.83644188
1/24/2017,228,6.456241023
1/25/2017,165,4.672279688
1/26/2017,140,3.964358523
1/27/2017,120,3.398021591
1/28/2017,101,2.860001506
1/29/2017,87.7,2.483387446
1/30/2017,78.7,2.228535827
1/31/2017,72.2,2.044476324
2/1/2017,66.4,1.880238614
2/2/2017,61.6,1.74431775
2/3/2017,57.6,1.631050364
2/4/2017,54.8,1.551763193
2/5/2017,50.7,1.435664122
2/6/2017,47.8,1.353545267
2/7/2017,73.2,2.072793171
2/8/2017,380,10.7604017
2/9/2017,206,5.833270398
2/10/2017,111,3.143169972
2/11/2017,97.3,2.755229173
2/12/2017,71.1,2.013327793
2/13/2017,64.2,1.817941551
2/14/2017,55.5,1.571584986
2/15/2017,51.3,1.45265423
2/16/2017,48.6,1.376198744
2/17/2017,47.3,1.339386844
2/18/2017,81.9,2.319149736
2/19/2017,104,2.944952046
2/20/2017,75.6,2.140753602
2/21/2017,112,3.171486818
2/22/2017,194,5.493468239
2/23/2017,124,3.511288977
2/24/2017,82.3,2.330476475
2/25/2017,63.7,1.803783128
2/26/2017,51.5,1.458317599
2/27/2017,42.5,1.20346598
2/28/2017,281,7.957033892
3/1/2017,268,7.588914887
3/2/2017,136,3.851091137
3/3/2017,84.3,2.387110168
3/4/2017,60.8,1.721664273
3/5/2017,49.8,1.41017896
3/6/2017,45.3,1.282753151
3/7/2017,48.9,1.384693798
3/8/2017,317,8.97644037
3/9/2017,297,8.410103438
3/10/2017,143,4.049309063
3/11/2017,100,2.831684659
3/12/2017,84.1,2.381446798
3/13/2017,84.9,2.404100276
3/14/2017,80.5,2.279506151
3/15/2017,67.3,1.905723776
3/16/2017,61.1,1.730159327
3/17/2017,48.5,1.37336706
3/18/2017,42.6,1.206297665
3/19/2017,39.6,1.121347125
3/20/2017,37.3,1.056218378
3/21/2017,33.9,0.959941099
3/22/2017,31.1,0.880653929
3/23/2017,28.6,0.809861813
3/24/2017,26.1,0.739069696
3/25/2017,36.6,1.036396585
3/26/2017,234,6.626142103
3/27/2017,160,4.530695455
3/28/2017,83.2,2.355961636
3/29/2017,56.4,1.597070148
3/30/2017,61,1.727327642
3/31/2017,154,4.360794375
4/1/2017,124,3.511288977
4/2/2017,65.2,1.846258398
4/3/2017,1050,29.73268892
4/4/2017,948,26.84437057
4/5/2017,471,13.33723474
4/6/2017,204,5.776636705
4/7/2017,126,3.567922671
4/8/2017,89.5,2.53435777
4/9/2017,69.4,1.965189153
4/10/2017,57.3,1.62255531
4/11/2017,48.7,1.379030429
4/12/2017,43,1.217624403
4/13/2017,37.8,1.070376801
4/14/2017,33.1,0.937287622
4/15/2017,29.2,0.82685192
4/16/2017,27.3,0.773049912
4/17/2017,24.9,0.70508948
4/18/2017,23.4,0.66261421
4/19/2017,21.7,0.614475571
4/20/2017,20,0.566336932
4/21/2017,18.4,0.521029977
4/22/2017,17.7,0.501208185
4/23/2017,25.6,0.724911273
4/24/2017,49.4,1.398852222
4/25/2017,47.3,1.339386844
4/26/2017,29.9,0.846673713
4/27/2017,24.5,0.693762742
4/28/2017,20.2,0.572000301
4/29/2017,18.1,0.512534923
4/30/2017,198,5.606735625
5/1/2017,664,18.80238614
5/2/2017,218,6.173072557
5/3/2017,101,2.860001506
5/4/2017,893,25.28694401
5/5/2017,618,17.49981119
5/6/2017,230,6.512874716
5/7/2017,119,3.369704744
5/8/2017,76.6,2.169070449
5/9/2017,54.2,1.534773085
5/10/2017,41.5,1.175149134
5/11/2017,32.8,0.928792568
5/12/2017,62.7,1.775466281
5/13/2017,150,4.247526989
5/14/2017,118,3.341387898
5/15/2017,61.2,1.732991011
5/16/2017,40.3,1.141168918
5/17/2017,29.3,0.829683605
5/18/2017,23.9,0.676772634
5/19/2017,20.6,0.58332704
5/20/2017,57.3,1.62255531
5/21/2017,1950,55.21785085
5/22/2017,853,24.15427014
5/23/2017,915,25.90991463
5/24/2017,627,17.75466281
5/25/2017,267,7.56059804
5/26/2017,145,4.105942756
5/27/2017,94.7,2.681605372
5/28/2017,71.3,2.018991162
5/29/2017,67.1,1.900060406
5/30/2017,560,15.85743409
5/31/2017,571,16.1689194
6/1/2017,1010,28.60001506
6/2/2017,482,13.64872006
6/3/2017,540,15.29109716
6/4/2017,778,22.03050665
6/5/2017,448,12.68594727
6/6/2017,371,10.50555009
6/7/2017,738,20.89783278
6/8/2017,359,10.16574793
6/9/2017,172,4.870497614
6/10/2017,110,3.114853125
6/11/2017,86.5,2.44940723
6/12/2017,157,4.445744915
6/13/2017,761,21.54912026
6/14/2017,508,14.38495807
6/15/2017,549,15.54594878
6/16/2017,533,15.09287923
6/17/2017,294,8.325152898
6/18/2017,254,7.192479034
6/19/2017,,5.246753644
6/20/2017,202,5.720003012
6/21/2017,4880,138.1862114
6/22/2017,5900,167.0693949
6/23/2017,3580,101.3743108
6/24/2017,2990,84.66737131
6/25/2017,1490,42.19210142
6/26/2017,566,16.02733517
6/27/2017,317,8.97644037
6/28/2017,272,7.702182273
6/29/2017,1150,32.56437358
6/30/2017,1780,50.40398693
7/1/2017,861,24.38080492
7/2/2017,,11.64231795
7/3/2017,238,6.739409489
7/4/2017,182,5.15366608
7/5/2017,145,4.105942756
7/6/2017,276,7.815449659
7/7/2017,311,8.80653929
7/8/2017,202,5.720003012
7/9/2017,143,4.049309063
7/10/2017,118,3.341387898
7/11/2017,164,4.643962841
7/12/2017,452,12.79921466
7/13/2017,222,6.286339943
7/14/2017,147,4.162576449
7/15/2017,223,6.31465679
7/16/2017,498,14.1017896
7/17/2017,332,9.401193069
7/18/2017,514,14.55485915
7/19/2017,,19.21362398
7/20/2017,264,7.4756475
7/21/2017,169,4.785547074
7/22/2017,454,12.85584835
7/23/2017,338,9.571094148
7/24/2017,1160,32.84754205
7/25/2017,2250,63.71290483
7/26/2017,1810,51.25349233
7/27/2017,,26.86914781
7/28/2017,,11.134892
7/29/2017,281,7.957033892
7/30/2017,371,10.50555009
7/31/2017,208,5.889904091
8/1/2017,147,4.162576449
8/2/2017,111,3.143169972
8/3/2017,93.1,2.636298418
8/4/2017,165,4.672279688
8/5/2017,348,9.854262614
8/6/2017,2350,66.54458949
8/7/2017,1170,33.13071051
8/8/2017,763,21.60575395
8/9/2017,627,17.75466281
8/10/2017,649,18.37763344
8/11/2017,723,20.47308009
8/12/2017,540,15.29109716
8/13/2017,367,10.3922827
8/14/2017,830,23.50298267
8/15/2017,835,23.6445669
8/16/2017,598,16.93347426
8/17/2017,588,16.6503058
8/18/2017,,9.781547749
8/19/2017,204,5.776636705
8/20/2017,250,7.079211648
8/21/2017,211,5.974854631
8/22/2017,280,7.928717046
8/23/2017,168,4.757230227
8/24/2017,190,5.380200852
8/25/2017,159,4.502378608
8/26/2017,111,3.143169972
8/27/2017,85.7,2.426753753
8/28/2017,75.8,2.146416972
8/29/2017,163,4.615645994
8/30/2017,614,17.38654381
8/31/2017,606,17.16000903
9/1/2017,266,7.532281193
9/2/2017,165,4.672279688
9/3/2017,110,3.114853125
9/4/2017,83.7,2.37012006
9/5/2017,68.4,1.936872307
9/6/2017,58.8,1.66503058
9/7/2017,53.1,1.503624554
9/8/2017,50.8,1.438495807
9/9/2017,44.3,1.254436304
9/10/2017,39.1,1.107188702
9/11/2017,35.2,0.996753
9/12/2017,33.1,0.937287622
9/13/2017,30.8,0.872158875
9/14/2017,29.4,0.83251529
9/15/2017,28.7,0.812693497
9/16/2017,28.5,0.807030128
9/17/2017,29.7,0.841010344
9/18/2017,37.2,1.053386693
9/19/2017,41.1,1.163822395
9/20/2017,108,3.058219432
9/21/2017,88,2.4918825
9/22/2017,54.5,1.543268139
9/23/2017,42.9,1.214792719
9/24/2017,124,3.511288977
9/25/2017,88,2.4918825
9/26/2017,80.6,2.282337835
9/27/2017,72.2,2.044476324
9/28/2017,54.4,1.540436455
9/29/2017,41.7,1.180812503
9/30/2017,34.1,0.965604469
10/1/2017,29.7,0.841010344
10/2/2017,26.6,0.753228119
10/3/2017,26.6,0.753228119
10/4/2017,25,0.707921165
10/5/2017,23.9,0.676772634
10/6/2017,22.5,0.637129048
10/7/2017,27.4,0.775881597
10/8/2017,209,5.918220938
10/9/2017,444,12.57267989
10/10/2017,482,13.64872006
10/11/2017,190,5.380200852
10/12/2017,103,2.916635199
10/13/2017,66.2,1.874575244
10/14/2017,52.1,1.475307707
10/15/2017,49.2,1.393188852
10/16/2017,75.2,2.129426864
10/17/2017,88.6,2.508872608
10/18/2017,52.6,1.489466131
10/19/2017,41.1,1.163822395
10/20/2017,34.5,0.976931207
10/21/2017,31.4,0.889148983
10/22/2017,925,26.1930831
10/23/2017,955,27.0425885
10/24/2017,423,11.97802611
10/25/2017,168,4.757230227
10/26/2017,109,3.086536279
10/27/2017,83.7,2.37012006
10/28/2017,74.5,2.109605071
10/29/2017,73.4,2.07845654
10/30/2017,62.9,1.781129651
10/31/2017,54.4,1.540436455
11/1/2017,48.9,1.384693798
11/2/2017,48.8,1.381862114
11/3/2017,56.2,1.591406778
11/4/2017,56,1.585743409
11/5/2017,48.9,1.384693798
11/6/2017,44.8,1.268594727
11/7/2017,42.6,1.206297665
11/8/2017,40.6,1.149663972
11/9/2017,40.9,1.158159026
11/10/2017,42.9,1.214792719
11/11/2017,43.5,1.231782827
11/12/2017,43.6,1.234614511
11/13/2017,41.7,1.180812503
11/14/2017,39.3,1.112852071
11/15/2017,37.1,1.050555009
11/16/2017,34.7,0.982594577
11/17/2017,33.2,0.940119307
11/18/2017,31.9,0.903307406
11/19/2017,33,0.934455938
11/20/2017,31.7,0.897644037
11/21/2017,29.6,0.838178659
11/22/2017,28.6,0.809861813
11/23/2017,28,0.792871705
11/24/2017,28.9,0.818356867
11/25/2017,27.2,0.770218227
11/26/2017,26.6,0.753228119
11/27/2017,26.1,0.739069696
11/28/2017,25.6,0.724911273
11/29/2017,25.3,0.716416219
11/30/2017,27.9,0.79004002
12/1/2017,40,1.132673864
12/2/2017,42.8,1.211961034
12/3/2017,40.3,1.141168918
12/4/2017,36.3,1.027901531
12/5/2017,34.2,0.968436153
12/6/2017,129,3.65287321
12/7/2017,218,6.173072557
12/8/2017,237,6.711092642
12/9/2017,338,9.571094148
12/10/2017,215,6.088122017
12/11/2017,128,3.624556364
12/12/2017,90.3,2.557011247
12/13/2017,70.6,1.999169369
12/14/2017,59.1,1.673525634
12/15/2017,53.5,1.514951293
12/16/2017,49.3,1.396020537
12/17/2017,210,5.946537784
12/18/2017,835,23.6445669
12/19/2017,639,18.09446497
12/20/2017,405,11.46832287
12/21/2017,290,8.211885512
12/22/2017,213,6.031488324
12/23/2017,157,4.445744915
12/24/2017,140,3.964358523
12/25/2017,113,3.199803665
12/26/2017,88.4,2.503209239
12/27/2017,94.6,2.678773688
12/28/2017,162,4.587329148
12/29/2017,151,4.275843835
12/30/2017,110,3.114853125
12/31/2017,94.2,2.667446949
1/1/2018,104,2.944952046
1/2/2018,91.9,2.602318202
1/3/2018,76.3,2.160575395
1/4/2018,69.7,1.973684207
1/5/2018,64.6,1.82926829
1/6/2018,59.9,1.696179111
1/7/2018,57.2,1.619723625
1/8/2018,620,17.55644489
1/9/2018,834,23.61625006
1/10/2018,446,12.62931358
1/11/2018,226,6.39960733
1/12/2018,249,7.050894801
1/13/2018,241,6.824360029
1/14/2018,155,4.389111222
1/15/2018,118,3.341387898
1/16/2018,100,2.831684659
1/17/2018,92.8,2.627803364
1/18/2018,88.5,2.506040923
1/19/2018,83.6,2.367288375
1/20/2018,78.9,2.234199196
1/21/2018,70.7,2.002001054
1/22/2018,63.5,1.798119759
1/23/2018,60.8,1.721664273
1/24/2018,54,1.529109716
1/25/2018,45.8,1.296911574
1/26/2018,40,1.132673864
1/27/2018,201,5.691686165
1/28/2018,1030,29.16635199
1/29/2018,594,16.82020688
1/30/2018,254,7.192479034
1/31/2018,171,4.842180767
2/1/2018,137,3.879407983
2/2/2018,120,3.398021591
2/3/2018,101,2.860001506
2/4/2018,122,3.454655284
2/5/2018,142,4.020992216
2/6/2018,223,6.31465679
2/7/2018,384,10.87366909
2/8/2018,371,10.50555009
2/9/2018,266,7.532281193
2/10/2018,200,5.663369318
2/11/2018,440,12.4594125
2/12/2018,696,19.70852523
2/13/2018,368,10.42059955
2/14/2018,236,6.682775796
2/15/2018,194,5.493468239
2/16/2018,163,4.615645994
2/17/2018,134,3.794457443
2/18/2018,113,3.199803665
2/19/2018,98.1,2.777882651
2/20/2018,103,2.916635199
2/21/2018,192,5.436834546
2/22/2018,228,6.456241023
2/23/2018,156,4.417428068
2/24/2018,214,6.059805171
2/25/2018,280,7.928717046
2/26/2018,829,23.47466582
2/27/2018,646,18.2926829
2/28/2018,358,10.13743108
3/1/2018,222,6.286339943
3/2/2018,165,4.672279688
3/3/2018,125,3.539605824
3/4/2018,102,2.888318352
3/5/2018,87.7,2.483387446
3/6/2018,173,4.89881446
3/7/2018,272,7.702182273
3/8/2018,149,4.219210142
3/9/2018,97.7,2.766555912
3/10/2018,80.1,2.268179412
3/11/2018,156,4.417428068
3/12/2018,453,12.82753151
3/13/2018,230,6.512874716
3/14/2018,131,3.709506904
3/15/2018,98.5,2.789209389
3/16/2018,123,3.482972131
3/17/2018,243,6.880993722
3/18/2018,608,17.21664273
3/19/2018,598,16.93347426
3/20/2018,254,7.192479034
3/21/2018,162,4.587329148
3/22/2018,117,3.313071051
3/23/2018,94.5,2.675942003
3/24/2018,81.8,2.316318051
3/25/2018,74.9,2.12093181
3/26/2018,69.2,1.959525784
3/27/2018,64.5,1.826436605
3/28/2018,63.2,1.789624705
3/29/2018,146,4.134259602
3/30/2018,572,16.19723625
3/31/2018,436,12.34614511
4/1/2018,164,4.643962841
4/2/2018,111,3.143169972
4/3/2018,90.1,2.551347878
4/4/2018,213,6.031488324
4/5/2018,298,8.438420284
4/6/2018,138,3.90772483
4/7/2018,372,10.53386693
4/8/2018,619,17.52812804
4/9/2018,330,9.344559375
4/10/2018,190,5.380200852
4/11/2018,128,3.624556364
4/12/2018,93.8,2.65612021
4/13/2018,75.8,2.146416972
4/14/2018,1790,50.6871554
4/15/2018,4590,129.9743259
4/16/2018,1820,51.5366608
4/17/2018,555,15.71584986
4/18/2018,298,8.438420284
4/19/2018,227,6.427924176
4/20/2018,175,4.955448154
4/21/2018,140,3.964358523
4/22/2018,132,3.73782375
4/23/2018,155,4.389111222
4/24/2018,127,3.596239517
4/25/2018,96.6,2.735407381
4/26/2018,88.2,2.497545869
4/27/2018,112,3.171486818
4/28/2018,90.5,2.562674617
4/29/2018,66.7,1.888733668
4/30/2018,54.2,1.534773085
5/1/2018,46.7,1.322396736
5/2/2018,42.1,1.192139242
5/3/2018,39.4,1.115683756
5/4/2018,36.9,1.044891639
5/5/2018,34.3,0.971267838
5/6/2018,33.6,0.951446045
5/7/2018,33,0.934455938
5/8/2018,31.1,0.880653929
5/9/2018,28.1,0.795703389
5/10/2018,25.3,0.716416219
5/11/2018,23.7,0.671109264
5/12/2018,22.7,0.642792418
5/13/2018,,0.618658742
5/14/2018,20.4,0.57766367
5/15/2018,19.4,0.549346824
5/16/2018,18.6,0.526693347
5/17/2018,17.8,0.504039869
5/18/2018,16.7,0.472891338
5/19/2018,16,0.453069545
5/20/2018,15.4,0.436079438
5/21/2018,15.7,0.444574491
5/22/2018,78.8,2.231367511
5/23/2018,41.3,1.169485764
5/24/2018,71.4,2.021822847
5/25/2018,109,3.086536279
5/26/2018,171,4.842180767
5/27/2018,309,8.749905597
5/28/2018,204,5.776636705
5/29/2018,74,2.095446648
5/30/2018,44.7,1.265763043
5/31/2018,36,1.019406477
6/1/2018,29.5,0.835346974
6/2/2018,,0.804670391
6/3/2018,,0.628258711
6/4/2018,18.1,0.512534923
6/5/2018,17.3,0.489881446
6/6/2018,32.4,0.91746583
6/7/2018,76.2,2.15774371
6/8/2018,38.4,1.087366909
6/9/2018,23.4,0.66261421
6/10/2018,17.3,0.489881446
6/11/2018,17.1,0.484218077
6/12/2018,132,3.73782375
6/13/2018,94.3,2.670278634
6/14/2018,37.4,1.059050063
6/15/2018,39.4,1.115683756
6/16/2018,116,3.284754205
6/17/2018,113,3.199803665
6/18/2018,49,1.387525483
6/19/2018,35.7,1.010911423
6/20/2018,24.9,0.70508948
6/21/2018,18.9,0.535188401
6/22/2018,16.9,0.478554707
6/23/2018,26.5,0.750396435
6/24/2018,25.7,0.727742957
6/25/2018,17.8,0.504039869
6/26/2018,14.1,0.399267537
6/27/2018,19.6,0.555010193
6/28/2018,16.5,0.467227969
6/29/2018,13.4,0.379445744
6/30/2018,12.6,0.356792267
7/1/2018,15.1,0.427584384
7/2/2018,62,1.755644489
7/3/2018,74.4,2.106773386
7/4/2018,65.8,1.863248506
7/5/2018,96.9,2.743902435
7/6/2018,105,2.973268892
7/7/2018,46.6,1.319565051
7/8/2018,137,3.879407983
7/9/2018,269,7.617231733
7/10/2018,201,5.691686165
7/11/2018,89.5,2.53435777
7/12/2018,66.2,1.874575244
7/13/2018,38.2,1.08170354
7/14/2018,44.8,1.268594727
7/15/2018,41.9,1.186475872
7/16/2018,121,3.426338438
7/17/2018,531,15.03624554
7/18/2018,782,22.14377403
7/19/2018,603,17.07505849
7/20/2018,402,11.38337233
7/21/2018,190,5.380200852
7/22/2018,103,2.916635199
7/23/2018,63.3,1.792456389
7/24/2018,44.4,1.257267989
7/25/2018,33.9,0.959941099
7/26/2018,27.3,0.773049912
7/27/2018,23.3,0.659782526
7/28/2018,21.3,0.603148832
7/29/2018,24.9,0.70508948
7/30/2018,30.7,0.86932719
7/31/2018,35.9,1.016574793
8/1/2018,25.8,0.730574642
8/2/2018,24.1,0.682436003
8/3/2018,23.9,0.676772634
8/4/2018,24.5,0.693762742
8/5/2018,23.9,0.676772634
8/6/2018,20.3,0.574831986
8/7/2018,17.7,0.501208185
8/8/2018,82.4,2.333308159
8/9/2018,90.5,2.562674617
8/10/2018,68.4,1.936872307
8/11/2018,146,4.134259602
8/12/2018,88.4,2.503209239
8/13/2018,49.2,1.393188852
8/14/2018,34.7,0.982594577
8/15/2018,25.4,0.719247903
8/16/2018,40.4,1.144000602
8/17/2018,44.4,1.257267989
8/18/2018,106,3.001585739
8/19/2018,441,12.48772935
8/20/2018,518,14.66812653
8/21/2018,504,14.27169068
8/22/2018,207,5.861587245
8/23/2018,101,2.860001506
8/24/2018,62.1,1.758476173
8/25/2018,44.7,1.265763043
8/26/2018,35.7,1.010911423
8/27/2018,50.6,1.432832438
8/28/2018,76.5,2.166238764
8/29/2018,103,2.916635199
8/30/2018,81.8,2.316318051
8/31/2018,81.7,2.313486367
9/1/2018,271,7.673865426
9/2/2018,832,23.55961636
9/3/2018,610,17.27327642
9/4/2018,257,7.277429574
9/5/2018,152,4.304160682
9/6/2018,148,4.190893296
9/7/2018,373,10.56218378
9/8/2018,344,9.740995228
9/9/2018,170,4.813863921
9/10/2018,143,4.049309063
9/11/2018,256,7.249112728
9/12/2018,430,12.17624403
9/13/2018,211,5.974854631
9/14/2018,112,3.171486818
9/15/2018,148,4.190893296
9/16/2018,79.6,2.254020989
9/17/2018,54.3,1.53760477
9/18/2018,42.1,1.192139242
9/19/2018,35.1,0.993921315
9/20/2018,29.1,0.824020236
9/21/2018,26.1,0.739069696
9/22/2018,26.1,0.739069696
9/23/2018,27.2,0.770218227
9/24/2018,52,1.472476023
9/25/2018,119,3.369704744
9/26/2018,95.6,2.707090534
9/27/2018,68.8,1.948199046
9/28/2018,74.3,2.103941702
9/29/2018,55.3,1.565921617
9/30/2018,44.8,1.268594727
10/1/2018,46.9,1.328060105
10/2/2018,40.6,1.149663972
10/3/2018,32.8,0.928792568
10/4/2018,26.9,0.761723173
10/5/2018,23.3,0.659782526
10/6/2018,21.2,0.600317148
10/7/2018,19.6,0.555010193
10/8/2018,19.7,0.557841878
10/9/2018,33.2,0.940119307
10/10/2018,51,1.444159176
10/11/2018,43.3,1.226119457
10/12/2018,30.4,0.860832136
10/13/2018,23.3,0.659782526
10/14/2018,19.6,0.555010193
10/15/2018,17.5,0.495544815
10/16/2018,20.6,0.58332704
10/17/2018,21.9,0.62013894
10/18/2018,19.8,0.560673563
10/19/2018,19.4,0.549346824
10/20/2018,17.1,0.484218077
10/21/2018,15.4,0.436079438
10/22/2018,14.4,0.407762591
10/23/2018,13.9,0.393604168
10/24/2018,15.4,0.436079438
10/25/2018,45.8,1.296911574
10/26/2018,104,2.944952046
10/27/2018,76.2,2.15774371
10/28/2018,44.4,1.257267989
10/29/2018,30.6,0.866495506
10/30/2018,23.7,0.671109264
10/31/2018,20.5,0.580495355
11/1/2018,180,5.097032387
11/2/2018,411,11.63822395
11/3/2018,184,5.210299773
11/4/2018,79.9,2.262516043
11/5/2018,55.1,1.560258247
11/6/2018,66.6,1.885901983
11/7/2018,309,8.749905597
11/8/2018,616,17.4431775
11/9/2018,300,8.495053978
11/10/2018,224,6.342973637
11/11/2018,149,4.219210142
11/12/2018,127,3.596239517
11/13/2018,482,13.64872006
11/14/2018,484,13.70535375
11/15/2018,270,7.64554858
11/16/2018,175,4.955448154
11/17/2018,126,3.567922671
11/18/2018,96.9,2.743902435
11/19/2018,79,2.237030881
11/20/2018,68.4,1.936872307
11/21/2018,63.5,1.798119759
11/22/2018,57.8,1.636713733
11/23/2018,50.8,1.438495807
11/24/2018,62.3,1.764139543
11/25/2018,113,3.199803665
11/26/2018,162,4.587329148
11/27/2018,99,2.803367813
11/28/2018,67.4,1.90855546
11/29/2018,55.2,1.563089932
11/30/2018,56.3,1.594238463
12/1/2018,100,2.831684659
12/2/2018,112,3.171486818
12/3/2018,82.7,2.341803213
12/4/2018,56.9,1.611228571
12/5/2018,45.6,1.291248205
12/6/2018,40.9,1.158159026
12/7/2018,37.5,1.061881747
12/8/2018,528,14.951295
12/9/2018,1180,33.41387898
12/10/2018,608,17.21664273
12/11/2018,252,7.135845341
12/12/2018,173,4.89881446
12/13/2018,156,4.417428068
12/14/2018,678,19.19882199
12/15/2018,540,15.29109716
12/16/2018,268,7.588914887
12/17/2018,192,5.436834546
12/18/2018,154,4.360794375
12/19/2018,151,4.275843835
12/20/2018,434,12.28951142
12/21/2018,514,14.55485915
12/22/2018,371,10.50555009
12/23/2018,223,6.31465679
12/24/2018,170,4.813863921
12/25/2018,139,3.936041676
12/26/2018,118,3.341387898
12/27/2018,152,4.304160682
12/28/2018,891,25.23031031
12/29/2018,923,26.1364494
12/30/2018,661,18.7174356
12/31/2018,458,12.96911574
1/1/2019,593,16.79189003
1/2/2019,547,15.48931509
1/3/2019,390,11.04357017
1/4/2019,1420,40.20992216
1/5/2019,893,25.28694401
1/6/2019,392,11.10020386
1/7/2019,266,7.532281193
1/8/2019,222,6.286339943
1/9/2019,190,5.380200852
1/10/2019,153,4.332477529
1/11/2019,131,3.709506904
1/12/2019,118,3.341387898
1/13/2019,119,3.369704744
1/14/2019,113,3.199803665
1/15/2019,97.8,2.769387597
1/16/2019,89.9,2.545684509
1/17/2019,82.9,2.347466582
1/18/2019,78.7,2.228535827
1/19/2019,85.5,2.421090384
1/20/2019,162,4.587329148
1/21/2019,123,3.482972131
1/22/2019,85.2,2.41259533
1/23/2019,1410,39.92675369
1/24/2019,2540,71.92479034
1/25/2019,1180,33.41387898
1/26/2019,381,10.78871855
1/27/2019,267,7.56059804
1/28/2019,219,6.201389404
1/29/2019,207,5.861587245
1/30/2019,206,5.833270398
1/31/2019,162,4.587329148
2/1/2019,135,3.82277429
2/2/2019,122,3.454655284
2/3/2019,114,3.228120511
2/4/2019,108,3.058219432
2/5/2019,115,3.256437358
2/6/2019,180,5.097032387
2/7/2019,150,4.247526989
2/8/2019,112,3.171486818
2/9/2019,86,2.435248807
2/10/2019,71.6,2.027486216
2/11/2019,67.6,1.91421883
2/12/2019,149,4.219210142
2/13/2019,298,8.438420284
2/14/2019,186,5.266933466
2/15/2019,117,3.313071051
2/16/2019,100,2.831684659
2/17/2019,91.4,2.588159779
2/18/2019,81.4,2.304991313
2/19/2019,68.6,1.942535676
2/20/2019,88.1,2.494714185
2/21/2019,270,7.64554858
2/22/2019,248,7.022577955
2/23/2019,199,5.635052472
2/24/2019,303,8.580004517
2/25/2019,265,7.503964347
2/26/2019,150,4.247526989
2/27/2019,372,10.53386693
2/28/2019,373,10.56218378
3/1/2019,830,23.50298267
3/2/2019,922,26.10813256
3/3/2019,526,14.89466131
3/4/2019,521,14.75307707
3/5/2019,365,10.33564901
3/6/2019,267,7.56059804
3/7/2019,194,5.493468239
3/8/2019,161,4.559012301
3/9/2019,141,3.992675369
3/10/2019,126,3.567922671
3/11/2019,110,3.114853125
3/12/2019,95.9,2.715585588
3/13/2019,81.1,2.296496259
3/14/2019,73.6,2.084119909
3/15/2019,72.3,2.047308009
3/16/2019,96.4,2.729744011
3/17/2019,81.1,2.296496259
3/18/2019,58.5,1.656535526
3/19/2019,49,1.387525483
3/20/2019,42.4,1.200634296
3/21/2019,37.5,1.061881747
3/22/2019,34.6,0.979762892
3/23/2019,30.5,0.863663821
3/24/2019,27.3,0.773049912
3/25/2019,26.2,0.741901381
3/26/2019,25.2,0.713584534
3/27/2019,24.2,0.685267688
3/28/2019,23.1,0.654119156
3/29/2019,21.3,0.603148832
3/30/2019,20.1,0.569168616
3/31/2019,20.2,0.572000301
4/1/2019,21.5,0.608812202
4/2/2019,20.9,0.591822094
4/3/2019,19.2,0.543683455
4/4/2019,61.8,1.749981119
4/5/2019,317,8.97644037
4/6/2019,195,5.521785085
4/7/2019,99.4,2.814694551
4/8/2019,181,5.125349233
4/9/2019,199,5.635052472
4/10/2019,96.2,2.724080642
4/11/2019,57.9,1.639545418
4/12/2019,38,1.07604017
4/13/2019,30.6,0.866495506
4/14/2019,185,5.23861662
4/15/2019,182,5.15366608
4/16/2019,74.2,2.101110017
4/17/2019,42.6,1.206297665
4/18/2019,34.5,0.976931207
4/19/2019,188,5.323567159
4/20/2019,158,4.474061762
4/21/2019,68.2,1.931208938
4/22/2019,40.5,1.146832287
4/23/2019,27.2,0.770218227
4/24/2019,20.9,0.591822094
4/25/2019,568,16.08396886
4/26/2019,935,26.47625156
4/27/2019,325,9.202975142
4/28/2019,124,3.511288977
4/29/2019,71.6,2.027486216
4/30/2019,48.8,1.381862114
5/1/2019,35.7,1.010911423
5/2/2019,27.3,0.773049912
5/3/2019,22.7,0.642792418
5/4/2019,90.7,2.568337986
5/5/2019,311,8.80653929
5/6/2019,143,4.049309063
5/7/2019,59.7,1.690515742
5/8/2019,34,0.962772784
5/9/2019,62.8,1.778297966
5/10/2019,527,14.92297815
5/11/2019,2180,61.73072557
5/12/2019,8500,240.693196
5/13/2019,3340,94.57826762
5/14/2019,749,21.2093181
5/15/2019,331,9.372876222
5/16/2019,241,6.824360029
5/17/2019,189,5.351884006
5/18/2019,146,4.134259602
5/19/2019,124,3.511288977
5/20/2019,163,4.615645994
5/21/2019,129,3.65287321
5/22/2019,92.8,2.627803364
5/23/2019,72.4,2.050139693
5/24/2019,59.7,1.690515742
5/25/2019,50.8,1.438495807
5/26/2019,44.5,1.260099673
5/27/2019,38.7,1.095861963
5/28/2019,34.3,0.971267838
5/29/2019,31.3,0.886317298
5/30/2019,30.3,0.858000452
5/31/2019,28.1,0.795703389
6/1/2019,25.1,0.710752849
6/2/2019,24.1,0.682436003
6/3/2019,22.4,0.634297364
6/4/2019,20.7,0.586158724
6/5/2019,20.6,0.58332704
6/6/2019,45,1.274258097
6/7/2019,95,2.690100426
6/8/2019,117,3.313071051
6/9/2019,75.1,2.126595179
6/10/2019,46.7,1.322396736
6/11/2019,31.1,0.880653929
6/12/2019,23.6,0.66827758
6/13/2019,20.8,0.588990409
6/14/2019,18.5,0.523861662
6/15/2019,17,0.481386392
6/16/2019,15.6,0.441742807
6/17/2019,14.6,0.41342596
6/18/2019,33.9,0.959941099
6/19/2019,130,3.681190057
6/20/2019,129,3.65287321
6/21/2019,47.8,1.353545267
6/22/2019,30.7,0.86932719
6/23/2019,23.6,0.66827758
6/24/2019,20.5,0.580495355
6/25/2019,18.5,0.523861662
6/26/2019,17.3,0.489881446
6/27/2019,16.3,0.461564599
6/28/2019,15.1,0.427584384
6/29/2019,13.9,0.393604168
6/30/2019,13.7,0.387940798
7/1/2019,13,0.368119006
7/2/2019,13.9,0.393604168
7/3/2019,12.6,0.356792267
7/4/2019,12,0.339802159
7/5/2019,10.8,0.305821943
7/6/2019,10.1,0.286000151
7/7/2019,9.27,0.262497168
7/8/2019,8.42,0.238427848
7/9/2019,8.36,0.236728838
7/10/2019,11.2,0.317148682
7/11/2019,18.6,0.526693347
7/12/2019,18.6,0.526693347
7/13/2019,28,0.792871705
7/14/2019,78.6,2.225704142
7/15/2019,207,5.861587245
7/16/2019,182,5.15366608
7/17/2019,106,3.001585739
7/18/2019,45.9,1.299743259
7/19/2019,28.5,0.807030128
7/20/2019,20.6,0.58332704
7/21/2019,17.2,0.487049761
7/22/2019,21.4,0.605980517
7/23/2019,125,3.539605824
7/24/2019,47.4,1.342218528
7/25/2019,29.9,0.846673713
7/26/2019,21.8,0.617307256
7/27/2019,16.4,0.464396284
7/28/2019,12.8,0.362455636
7/29/2019,14.2,0.402099222
7/30/2019,19,0.538020085
7/31/2019,13,0.368119006
8/1/2019,10.6,0.300158574
8/2/2019,36.4,1.030733216
8/3/2019,50.7,1.435664122
8/4/2019,27.1,0.767386543
8/5/2019,18.8,0.532356716
8/6/2019,21.9,0.62013894
8/7/2019,15.6,0.441742807
8/8/2019,11,0.311485313
8/9/2019,9.81,0.277788265
8/10/2019,11.3,0.319980366
8/11/2019,15,0.424752699
8/12/2019,14.6,0.41342596
8/13/2019,13.1,0.37095069
8/14/2019,15.6,0.441742807
8/15/2019,50.1,1.418674014
8/16/2019,34.9,0.988257946
8/17/2019,25.3,0.716416219
8/18/2019,18.2,0.515366608
8/19/2019,44.1,1.248772935
8/20/2019,246,6.965944262
8/21/2019,101,2.860001506
8/22/2019,81.6,2.310654682
8/23/2019,52.9,1.497961185
8/24/2019,31.1,0.880653929
8/25/2019,23,0.651287472
8/26/2019,91.2,2.582496409
8/27/2019,414,11.72317449
8/28/2019,145,4.105942756
8/29/2019,64.6,1.82926829
8/30/2019,37.5,1.061881747
8/31/2019,25.3,0.716416219
9/1/2019,19.9,0.563505247
9/2/2019,15.8,0.447406176
9/3/2019,14.4,0.407762591
9/4/2019,12.2,0.345465528
9/5/2019,10.6,0.300158574
9/6/2019,9.36,0.265045684
9/7/2019,8.41,0.23814468
9/8/2019,7.56,0.21407536
9/9/2019,6.82,0.193120894
9/10/2019,6.45,0.182643661
9/11/2019,5.95,0.168485237
9/12/2019,5.86,0.165936721
9/13/2019,5.67,0.16055652
9/14/2019,5.51,0.156025825
9/15/2019,5.24,0.148380276
9/16/2019,4.96,0.140451559
9/17/2019,4.88,0.138186211
9/18/2019,4.78,0.135354527
9/19/2019,4.57,0.129407989
9/20/2019,4.33,0.122611946
9/21/2019,4.06,0.114966397
9/22/2019,4.07,0.115249566
9/23/2019,3.89,0.110152533
9/24/2019,3.85,0.109019859
9/25/2019,3.79,0.107320849
9/26/2019,3.73,0.105621838
9/27/2019,3.7,0.104772332
9/28/2019,3.66,0.103639659
9/29/2019,3.62,0.102506985
9/30/2019,3.55,0.100524805
10/1/2019,3.53,0.099958468
10/2/2019,3.56,0.100807974
10/3/2019,3.55,0.100524805
10/4/2019,3.46,0.097976289
10/5/2019,3.55,0.100524805
10/6/2019,3.45,0.097693121
10/7/2019,3.22,0.091180246
10/8/2019,3.02,0.085516877
10/9/2019,2.93,0.082968361
10/10/2019,2.88,0.081552518
10/11/2019,2.82,0.079853507
10/12/2019,14.4,0.407762591
10/13/2019,12,0.339802159
10/14/2019,7.96,0.225402099
10/15/2019,6.42,0.181794155
10/16/2019,8.26,0.233897153
10/17/2019,19.9,0.563505247
10/18/2019,19.2,0.543683455
10/19/2019,16.8,0.475723023
10/20/2019,11.4,0.322812051
10/21/2019,9.48,0.268443706
10/22/2019,9.3,0.263346673
10/23/2019,11.2,0.317148682
10/24/2019,9.34,0.264479347
10/25/2019,9.44,0.267311032
10/26/2019,160,4.530695455
10/27/2019,205,5.804953551
10/28/2019,85.6,2.423922068
10/29/2019,42.9,1.214792719
10/30/2019,1040,29.44952046
10/31/2019,1770,50.12081847
11/1/2019,1050,29.73268892
11/2/2019,368,10.42059955
11/3/2019,166,4.700596534
11/4/2019,108,3.058219432
11/5/2019,77.3,2.188892242
11/6/2019,58.2,1.648040472
11/7/2019,46.9,1.328060105
11/8/2019,52.5,1.486634446
11/9/2019,73.3,2.075624855
11/10/2019,52.5,1.486634446
11/11/2019,38.7,1.095861963
11/12/2019,32,0.906139091
11/13/2019,28.6,0.809861813
11/14/2019,26.3,0.744733065
11/15/2019,25.3,0.716416219
11/16/2019,24.2,0.685267688
11/17/2019,22.5,0.637129048
11/18/2019,21.6,0.611643886
11/19/2019,19.9,0.563505247
11/20/2019,18.6,0.526693347
11/21/2019,17,0.481386392
11/22/2019,15.7,0.444574491
11/23/2019,17.1,0.484218077
11/24/2019,23.5,0.665445895
11/25/2019,36,1.019406477
11/26/2019,30.9,0.87499056
11/27/2019,25.4,0.719247903
11/28/2019,37.4,1.059050063
11/29/2019,73.1,2.069961486
11/30/2019,41.3,1.169485764
12/1/2019,29.8,0.843842028
12/2/2019,25.5,0.722079588
12/3/2019,24.3,0.688099372
12/4/2019,21.7,0.614475571
12/5/2019,19.5,0.552178509
12/6/2019,17.9,0.506871554
12/7/2019,16.6,0.470059653
12/8/2019,15.9,0.450237861
12/9/2019,15.8,0.447406176
12/10/2019,15.9,0.450237861
12/11/2019,18.2,0.515366608
12/12/2019,23.5,0.665445895
12/13/2019,36.6,1.036396585
12/14/2019,54.4,1.540436455
12/15/2019,44.3,1.254436304
12/16/2019,34.6,0.979762892
12/17/2019,115,3.256437358
12/18/2019,278,7.872083353
12/19/2019,145,4.105942756
12/20/2019,79.7,2.256852673
12/21/2019,63.2,1.789624705
12/22/2019,182,5.15366608
12/23/2019,235,6.654458949
12/24/2019,157,4.445744915
12/25/2019,103,2.916635199
12/26/2019,76.3,2.160575395
12/27/2019,61.1,1.730159327
12/28/2019,53.1,1.503624554
12/29/2019,74.6,2.112436756
12/30/2019,103,2.916635199
12/31/2019,74.5,2.109605071
1/1/2020,52.8,1.4951295
1/2/2020,71.5,2.024654531
1/3/2020,450,12.74258097
1/4/2020,826,23.38971528
1/5/2020,530,15.00792869
1/6/2020,234,6.626142103
1/7/2020,161,4.559012301
1/8/2020,120,3.398021591
1/9/2020,92.7,2.624971679
1/10/2020,112,3.171486818
1/11/2020,391,11.07188702
1/12/2020,510,14.44159176
1/13/2020,302,8.551687671
1/14/2020,218,6.173072557
1/15/2020,179,5.06871554
1/16/2020,145,4.105942756
1/17/2020,123,3.482972131
1/18/2020,99.6,2.820357921
1/19/2020,148,4.190893296
1/20/2020,106,3.001585739
1/21/2020,75.8,2.146416972
1/22/2020,63.2,1.789624705
1/23/2020,58.4,1.653703841
1/24/2020,62.2,1.761307858
1/25/2020,60.2,1.704674165
1/26/2020,64,1.812278182
1/27/2020,196,5.550101932
1/28/2020,174,4.927131307
1/29/2020,115,3.256437358
1/30/2020,137,3.879407983
1/31/2020,117,3.313071051
2/1/2020,124,3.511288977
2/2/2020,98.1,2.777882651
2/3/2020,74.4,2.106773386
2/4/2020,60.6,1.716000903
2/5/2020,73,2.067129801
2/6/2020,309,8.749905597
2/7/2020,498,14.1017896
2/8/2020,288,8.155251818
2/9/2020,166,4.700596534
2/10/2020,126,3.567922671
2/11/2020,109,3.086536279
2/12/2020,120,3.398021591
2/13/2020,1390,39.36041676
2/14/2020,560,15.85743409
2/15/2020,263,7.447330654
2/16/2020,863,24.43743861
2/17/2020,856,24.23922068
2/18/2020,423,11.97802611
2/19/2020,278,7.872083353
2/20/2020,433,12.26119457
2/21/2020,686,19.42535676
2/22/2020,366,10.36396585
2/23/2020,246,6.965944262
2/24/2020,201,5.691686165
2/25/2020,178,5.040398693
2/26/2020,150,4.247526989
2/27/2020,122,3.454655284
2/28/2020,101,2.860001506
2/29/2020,89,2.520199347
3/1/2020,79.1,2.239862565
3/2/2020,74.2,2.101110017
3/3/2020,71.2,2.016159477
3/4/2020,78.8,2.231367511
3/5/2020,166,4.700596534
3/6/2020,127,3.596239517
3/7/2020,84.8,2.401268591
3/8/2020,65.4,1.851921767
3/9/2020,55.9,1.582911724
3/10/2020,52.3,1.480971077
3/11/2020,53.7,1.520614662
3/12/2020,56.9,1.611228571
3/13/2020,52.8,1.4951295
3/14/2020,46.6,1.319565051
3/15/2020,42.6,1.206297665
3/16/2020,38.8,1.098693648
3/17/2020,36.3,1.027901531
3/18/2020,66.6,1.885901983
3/19/2020,48.6,1.376198744
3/20/2020,40.7,1.152495656
3/21/2020,36.8,1.042059955
3/22/2020,59.3,1.679189003
3/23/2020,57.6,1.631050364
3/24/2020,41.4,1.172317449
3/25/2020,33.7,0.95427773
3/26/2020,29.2,0.82685192
3/27/2020,25.9,0.733406327
3/28/2020,22.9,0.648455787
3/29/2020,22.4,0.634297364
3/30/2020,19.4,0.549346824
3/31/2020,17.7,0.501208185
4/1/2020,16.7,0.472891338
4/2/2020,16.4,0.464396284
4/3/2020,15.6,0.441742807
4/4/2020,14.8,0.41908933
4/5/2020,14.5,0.410594276
4/6/2020,14.3,0.404930906
4/7/2020,13.7,0.387940798
4/8/2020,13.6,0.385109114
4/9/2020,13.6,0.385109114
4/10/2020,17.9,0.506871554
4/11/2020,18.1,0.512534923
4/12/2020,15.8,0.447406176
4/13/2020,21.1,0.597485463
4/14/2020,28.5,0.807030128
4/15/2020,29.6,0.838178659
4/16/2020,20.9,0.591822094
4/17/2020,15.7,0.444574491
4/18/2020,13.9,0.393604168
4/19/2020,13.6,0.385109114
4/20/2020,139,3.936041676
4/21/2020,157,4.445744915
4/22/2020,65.6,1.857585136
4/23/2020,34.5,0.976931207
4/24/2020,54.8,1.551763193
4/25/2020,94,2.66178358
4/26/2020,38.8,1.098693648
4/27/2020,25.1,0.710752849
4/28/2020,18.3,0.518198293
4/29/2020,24.4,0.690931057
4/30/2020,89.4,2.531526085
5/1/2020,67.3,1.905723776
5/2/2020,35.5,1.005248054
5/3/2020,23.1,0.654119156
5/4/2020,17.1,0.484218077
5/5/2020,14.4,0.407762591
5/6/2020,12.4,0.351128898
5/7/2020,10.5,0.297326889
5/8/2020,10.1,0.286000151
5/9/2020,11.9,0.336970474
5/10/2020,13.1,0.37095069
5/11/2020,13.8,0.390772483
5/12/2020,13.8,0.390772483
5/13/2020,11.3,0.319980366
5/14/2020,9.93,0.281186287
5/15/2020,12,0.339802159
5/16/2020,16,0.453069545
5/17/2020,20.6,0.58332704
5/18/2020,20.8,0.588990409
5/19/2020,19.4,0.549346824
5/20/2020,17.5,0.495544815
5/21/2020,15.4,0.436079438
5/22/2020,13,0.368119006
5/23/2020,11.2,0.317148682
5/24/2020,9.7,0.274673412
5/25/2020,8.27,0.234180321
5/26/2020,9.15,0.259099146
5/27/2020,48.8,1.381862114
5/28/2020,51.7,1.463980969
5/29/2020,36.4,1.030733216
5/30/2020,24.6,0.696594426
5/31/2020,16,0.453069545
6/1/2020,11.7,0.331307105
6/2/2020,8.48,0.240126859
6/3/2020,11.7,0.331307105
6/4/2020,17.2,0.487049761
6/5/2020,11.6,0.32847542
6/6/2020,12.2,0.345465528
6/7/2020,334,9.457826762
6/8/2020,2140,60.59805171
6/9/2020,1470,41.62576449
6/10/2020,502,14.21505699
6/11/2020,255,7.220795881
6/12/2020,128,3.624556364
6/13/2020,72.3,2.047308009
6/14/2020,111,3.143169972
6/15/2020,110,3.114853125
6/16/2020,61.2,1.732991011
6/17/2020,37,1.047723324
6/18/2020,26.5,0.750396435
6/19/2020,21.1,0.597485463
6/20/2020,21.8,0.617307256
6/21/2020,22.2,0.628633994
6/22/2020,17.1,0.484218077
6/23/2020,15.5,0.438911122
6/24/2020,38.7,1.095861963
6/25/2020,248,7.022577955
6/26/2020,103,2.916635199
6/27/2020,51.3,1.45265423
6/28/2020,33,0.934455938
6/29/2020,24.2,0.685267688
6/30/2020,18.3,0.518198293
7/1/2020,15.4,0.436079438
7/2/2020,18.3,0.518198293
7/3/2020,21.1,0.597485463
7/4/2020,33.6,0.951446045
7/5/2020,273,7.73049912
7/6/2020,319,9.033074063
7/7/2020,202,5.720003012
7/8/2020,108,3.058219432
7/9/2020,205,5.804953551
7/10/2020,158,4.474061762
7/11/2020,163,4.615645994
7/12/2020,104,2.944952046
7/13/2020,207,5.861587245
7/14/2020,270,7.64554858
7/15/2020,227,6.427924176
7/16/2020,329,9.316242529
7/17/2020,378,10.70376801
7/18/2020,146,4.134259602
7/19/2020,75.5,2.137921918
7/20/2020,51.5,1.458317599
7/21/2020,38.4,1.087366909
7/22/2020,29.2,0.82685192
7/23/2020,26.2,0.741901381
7/24/2020,39.2,1.110020386
7/25/2020,562,15.91406778
7/26/2020,853,24.15427014
7/27/2020,755,21.37921918
7/28/2020,657,18.60416821
7/29/2020,640,18.12278182
7/30/2020,514,14.55485915
7/31/2020,253,7.164162188
8/1/2020,147,4.162576449
8/2/2020,96.3,2.726912327
8/3/2020,111,3.143169972
8/4/2020,65.7,1.860416821
8/5/2020,45.2,1.279921466
8/6/2020,33.5,0.948614361
8/7/2020,27.1,0.767386543
8/8/2020,22.5,0.637129048
8/9/2020,19.1,0.54085177
8/10/2020,17.4,0.492713131
8/11/2020,16.1,0.45590123
8/12/2020,14.8,0.41908933
8/13/2020,85.9,2.432417122
8/14/2020,58.2,1.648040472
8/15/2020,81.4,2.304991313
8/16/2020,78,2.208714034
8/17/2020,41.3,1.169485764
8/18/2020,26.1,0.739069696
8/19/2020,19,0.538020085
8/20/2020,16,0.453069545
8/21/2020,15.2,0.430416068
8/22/2020,13.5,0.382277429
8/23/2020,12.9,0.365287321
8/24/2020,13.5,0.382277429
8/25/2020,16.1,0.45590123
8/26/2020,16.7,0.472891338
8/27/2020,22.4,0.634297364
8/28/2020,288,8.155251818
8/29/2020,312,8.834856137
8/30/2020,189,5.351884006
8/31/2020,115,3.256437358
9/1/2020,97.7,2.766555912
9/2/2020,48.2,1.364872006
9/3/2020,31.5,0.891980668
9/4/2020,23.8,0.673940949
9/5/2020,19.2,0.543683455
9/6/2020,16.1,0.45590123
9/7/2020,13.8,0.390772483
9/8/2020,11.5,0.325643736
9/9/2020,10.8,0.305821943
9/10/2020,10.4,0.294495205
9/11/2020,10.2,0.288831835
9/12/2020,20.9,0.591822094
9/13/2020,36.7,1.03922827
9/14/2020,26.4,0.74756475
9/15/2020,22.3,0.631465679
9/16/2020,18.2,0.515366608
9/17/2020,18.1,0.512534923
9/18/2020,16.3,0.461564599
9/19/2020,18.1,0.512534923
9/20/2020,43.1,1.220456088
9/21/2020,74.6,2.112436756
9/22/2020,66.3,1.877406929
9/23/2020,46.9,1.328060105
9/24/2020,40.4,1.144000602
9/25/2020,35.5,1.005248054
9/26/2020,33.5,0.948614361
9/27/2020,30.1,0.852337082
9/28/2020,24.1,0.682436003
9/29/2020,19.3,0.546515139
9/30/2020,17,0.481386392
10/1/2020,16.5,0.467227969
10/2/2020,14.8,0.41908933
10/3/2020,12.4,0.351128898
10/4/2020,10.4,0.294495205
10/5/2020,10,0.283168466
10/6/2020,8.96,0.253718945
10/7/2020,8.71,0.246639734
10/8/2020,8.46,0.239560522
10/9/2020,9.91,0.28061995
10/10/2020,18,0.509703239
10/11/2020,27.6,0.781544966
10/12/2020,25.7,0.727742957
10/13/2020,19.8,0.560673563
10/14/2020,15.6,0.441742807
10/15/2020,12.8,0.362455636
10/16/2020,10.6,0.300158574
10/17/2020,9.62,0.272408064
10/18/2020,8.86,0.250887261
10/19/2020,8.43,0.238711017
10/20/2020,8.35,0.236445669
10/21/2020,8.24,0.233330816
10/22/2020,7.99,0.226251604
10/23/2020,7.85,0.222287246
10/24/2020,16.7,0.472891338
10/25/2020,14.5,0.410594276
10/26/2020,29.2,0.82685192
10/27/2020,20.9,0.591822094
10/28/2020,225,6.371290483
10/29/2020,1800,50.97032387
10/30/2020,1030,29.16635199
10/31/2020,317,8.97644037
11/1/2020,138,3.90772483
11/2/2020,93.2,2.639130102
11/3/2020,67.7,1.917050514
11/4/2020,52.9,1.497961185
11/5/2020,44,1.24594125
11/6/2020,38.5,1.090198594
11/7/2020,35.1,0.993921315
11/8/2020,34.6,0.979762892
11/9/2020,33.7,0.95427773
11/10/2020,32.2,0.91180246
11/11/2020,30.8,0.872158875
11/12/2020,30,0.849505398
11/13/2020,28.5,0.807030128
11/14/2020,25.9,0.733406327
11/15/2020,23.6,0.66827758
11/16/2020,21.1,0.597485463
11/17/2020,20.3,0.574831986
11/18/2020,18.4,0.521029977
11/19/2020,17.7,0.501208185
11/20/2020,16.7,0.472891338
11/21/2020,16.4,0.464396284
11/22/2020,15.8,0.447406176
11/23/2020,15.2,0.430416068
11/24/2020,15,0.424752699
11/25/2020,15.2,0.430416068
11/26/2020,20.4,0.57766367
11/27/2020,173,4.89881446
11/28/2020,277,7.843766506
11/29/2020,394,11.15683756
11/30/2020,596,16.87684057
12/1/2020,399,11.29842179
12/2/2020,179,5.06871554
12/3/2020,118,3.341387898
12/4/2020,444,12.57267989
12/5/2020,452,12.79921466
12/6/2020,248,7.022577955
12/7/2020,166,4.700596534
12/8/2020,125,3.539605824
12/9/2020,97.8,2.769387597
12/10/2020,80.8,2.288001205
12/11/2020,69.8,1.976515892
12/12/2020,61.7,1.747149435
12/13/2020,59.2,1.676357318
12/14/2020,59.6,1.687684057
12/15/2020,58.5,1.656535526
12/16/2020,108,3.058219432
12/17/2020,179,5.06871554
12/18/2020,118,3.341387898
12/19/2020,79,2.237030881
12/20/2020,116,3.284754205
12/21/2020,168,4.757230227
12/22/2020,113,3.199803665
12/23/2020,81.3,2.302159628
12/24/2020,614,17.38654381
12/25/2020,616,17.4431775
12/26/2020,300,8.495053978
12/27/2020,187,5.295250313
12/28/2020,140,3.964358523
12/29/2020,115,3.256437358
12/30/2020,97.3,2.755229173
12/31/2020,89.6,2.537189455
1/1/2021,171,4.842180767
1/2/2021,205,5.804953551
1/3/2021,123,3.482972131
1/4/2021,90.4,2.559842932
1/5/2021,75.3,2.132258548
1/6/2021,65.7,1.860416821
1/7/2021,126,3.567922671
1/8/2021,168,4.757230227
1/9/2021,129,3.65287321
1/10/2021,88.2,2.497545869
1/11/2021,159,4.502378608
1/12/2021,287,8.126934972
1/13/2021,188,5.323567159
1/14/2021,131,3.709506904
1/15/2021,105,2.973268892
1/16/2021,87.8,2.486219131
1/17/2021,73.4,2.07845654
1/18/2021,63.7,1.803783128
1/19/2021,58.1,1.645208787
1/20/2021,53,1.500792869
1/21/2021,49.9,1.413010645
1/22/2021,77.8,2.203050665
1/23/2021,210,5.946537784
1/24/2021,161,4.559012301
1/25/2021,110,3.114853125
1/26/2021,95.5,2.70425885
1/27/2021,92.2,2.610813256
1/28/2021,120,3.398021591
1/29/2021,87.4,2.474892392
1/30/2021,66.6,1.885901983
1/31/2021,61.9,1.752812804
2/1/2021,64.8,1.834931659
2/2/2021,59.6,1.687684057
2/3/2021,50.8,1.438495807
2/4/2021,44.6,1.262931358
2/5/2021,47.6,1.347881898
2/6/2021,121,3.426338438
2/7/2021,215,6.088122017
2/8/2021,148,4.190893296
2/9/2021,105,2.973268892
2/10/2021,110,3.114853125
2/11/2021,592,16.76357318
2/12/2021,1800,50.97032387
2/13/2021,915,25.90991463
2/14/2021,416,11.77980818
2/15/2021,281,7.957033892
2/16/2021,288,8.155251818
2/17/2021,233,6.597825256
2/18/2021,401,11.35505548
2/19/2021,405,11.46832287
2/20/2021,250,7.079211648
2/21/2021,182,5.15366608
2/22/2021,157,4.445744915
2/23/2021,142,4.020992216
2/24/2021,114,3.228120511
2/25/2021,95.7,2.709922219
2/26/2021,86.8,2.457902284
2/27/2021,81,2.293664574
2/28/2021,75.9,2.149248656
3/1/2021,71.2,2.016159477
3/2/2021,113,3.199803665
3/3/2021,459,12.99743259
3/4/2021,285,8.070301279
3/5/2021,149,4.219210142
3/6/2021,105,2.973268892
3/7/2021,82.4,2.333308159
3/8/2021,66,1.868911875
3/9/2021,55.7,1.577248355
3/10/2021,50,1.41584233
3/11/2021,48,1.359208636
3/12/2021,46.1,1.305406628
3/13/2021,43.3,1.226119457
3/14/2021,40.9,1.158159026
3/15/2021,39.4,1.115683756
3/16/2021,39,1.104357017
3/17/2021,38.7,1.095861963
3/18/2021,201,5.691686165
3/19/2021,274,7.758815966
3/20/2021,111,3.143169972
3/21/2021,72.1,2.041644639
3/22/2021,55.9,1.582911724
3/23/2021,380,10.7604017
3/24/2021,2780,78.72083353
3/25/2021,2980,84.38420284
3/26/2021,2440,69.09310568
3/27/2021,766,21.69070449
3/28/2021,377,10.67545117
3/29/2021,301,8.523370824
3/30/2021,590,16.70693949
3/31/2021,2380,67.39409489
4/1/2021,867,24.550706
4/2/2021,387,10.95861963
4/3/2021,266,7.532281193
4/4/2021,213,6.031488324
4/5/2021,174,4.927131307
4/6/2021,145,4.105942756
4/7/2021,128,3.624556364
4/8/2021,550,15.57426563
4/9/2021,385,10.90198594
4/10/2021,4080,115.5327341
4/11/2021,4000,113.2673864
4/12/2021,1110,31.43169972
4/13/2021,376,10.64713432
4/14/2021,610,17.27327642
4/15/2021,5540,156.8753301
4/16/2021,4210,119.2139242
4/17/2021,2530,71.64162188
4/18/2021,1640,46.43962841
4/19/2021,748,21.18100125
4/20/2021,399,11.29842179
4/21/2021,306,8.664955057
4/22/2021,250,7.079211648
4/23/2021,213,6.031488324
4/24/2021,787,22.28535827
4/25/2021,865,24.4940723
4/26/2021,383,10.84535224
4/27/2021,239,6.767726335
4/28/2021,196,5.550101932
4/29/2021,166,4.700596534
4/30/2021,140,3.964358523
5/1/2021,122,3.454655284
5/2/2021,107,3.029902585
5/3/2021,109,3.086536279
5/4/2021,116,3.284754205
5/5/2021,671,19.00060406
5/6/2021,428,12.11961034
5/7/2021,197,5.578418779
5/8/2021,123,3.482972131
5/9/2021,94.2,2.667446949
5/10/2021,427,12.09129349
5/11/2021,880,24.918825
5/12/2021,3260,92.31291989
5/13/2021,2130,60.31488324
5/14/2021,594,16.82020688
5/15/2021,302,8.551687671
5/16/2021,228,6.456241023
5/17/2021,190,5.380200852
5/18/2021,242,6.852676875
5/19/2021,222,6.286339943
5/20/2021,173,4.89881446
5/21/2021,130,3.681190057
5/22/2021,101,2.860001506
5/23/2021,81.2,2.299327943
5/24/2021,68.2,1.931208938
5/25/2021,58.7,1.662198895
5/26/2021,51.6,1.461149284
5/27/2021,47.7,1.350713582
5/28/2021,43.5,1.231782827
5/29/2021,45.2,1.279921466
5/30/2021,41.2,1.16665408
5/31/2021,35,0.991089631
6/1/2021,30.6,0.866495506
6/2/2021,64.1,1.815109867
6/3/2021,408,11.55327341
6/4/2021,305,8.636638211
6/5/2021,559,15.82911724
6/6/2021,548,15.51763193
6/7/2021,1300,36.81190057
6/8/2021,1010,28.60001506
6/9/2021,323,9.146341449
6/10/2021,227,6.427924176
6/11/2021,162,4.587329148
6/12/2021,108,3.058219432
6/13/2021,78.5,2.222872457
6/14/2021,138,3.90772483
6/15/2021,159,4.502378608
6/16/2021,133,3.766140597
6/17/2021,64.2,1.817941551
6/18/2021,56.2,1.591406778
6/19/2021,5100,144.4159176
6/20/2021,4590,129.9743259
6/21/2021,1410,39.92675369
6/22/2021,3340,94.57826762
6/23/2021,3630,102.7901531
6/24/2021,1260,35.67922671
6/25/2021,1390,39.36041676
6/26/2021,800,22.65347727
6/27/2021,370,10.47723324
6/28/2021,268,7.588914887
6/29/2021,218,6.173072557
6/30/2021,226,6.39960733
7/1/2021,248,7.022577955
7/2/2021,280,7.928717046
7/3/2021,510,14.44159176
7/4/2021,370,10.47723324
7/5/2021,439,12.43109565
7/6/2021,1090,30.86536279
7/7/2021,2750,77.87132813
7/8/2021,1630,46.15645994
7/9/2021,1020,28.88318352
7/10/2021,1710,48.42180767
7/11/2021,1340,37.94457443
7/12/2021,1510,42.75843835
7/13/2021,1510,42.75843835
7/14/2021,575,16.28218679
7/15/2021,436,12.34614511
7/16/2021,304,8.608321364
7/17/2021,436,12.34614511
7/18/2021,502,14.21505699
7/19/2021,496,14.04515591
7/20/2021,425,12.0346598
7/21/2021,321,9.089707756
7/22/2021,245,6.937627415
7/23/2021,171,4.842180767
7/24/2021,139,3.936041676
7/25/2021,413,11.69485764
7/26/2021,440,12.4594125
7/27/2021,182,5.15366608
7/28/2021,157,4.445744915
7/29/2021,226,6.39960733
7/30/2021,122,3.454655284
7/31/2021,93.4,2.644793472
8/1/2021,89.3,2.528694401
8/2/2021,168,4.757230227
8/3/2021,101,2.860001506
8/4/2021,92.6,2.622139994
8/5/2021,76.8,2.174733818
8/6/2021,57.3,1.62255531
8/7/2021,47.5,1.345050213
8/8/2021,42.4,1.200634296
8/9/2021,40,1.132673864
8/10/2021,43.5,1.231782827
8/11/2021,40.4,1.144000602
8/12/2021,72.3,2.047308009
8/13/2021,173,4.89881446
8/14/2021,116,3.284754205
8/15/2021,93,2.633466733
8/16/2021,239,6.767726335
8/17/2021,124,3.511288977
8/18/2021,76.1,2.154912026
8/19/2021,108,3.058219432
8/20/2021,168,4.757230227
8/21/2021,83.4,2.361625006
8/22/2021,53.9,1.526278031
8/23/2021,40.1,1.135505548
8/24/2021,32.4,0.91746583
8/25/2021,28.6,0.809861813
8/26/2021,27.1,0.767386543
8/27/2021,55.1,1.560258247
8/28/2021,151,4.275843835
8/29/2021,375,10.61881747
8/30/2021,5130,145.265423
8/31/2021,6650,188.3070298
9/1/2021,2010,56.91686165
9/2/2021,465,13.16733367
9/3/2021,277,7.843766506
9/4/2021,211,5.974854631
9/5/2021,168,4.757230227
9/6/2021,144,4.077625909
9/7/2021,350,9.910896307
9/8/2021,389,11.01525332
9/9/2021,207,5.861587245
9/10/2021,135,3.82277429
9/11/2021,99.6,2.820357921
9/12/2021,83.5,2.36445669
9/13/2021,84.6,2.395605222
9/14/2021,167,4.728913381
9/15/2021,2050,58.04953551
9/16/2021,1910,54.08517699
9/17/2021,1350,38.2277429
9/18/2021,809,22.90832889
9/19/2021,407,11.52495656
9/20/2021,349,9.882579461
9/21/2021,317,8.97644037
9/22/2021,377,10.67545117
9/23/2021,270,7.64554858
9/24/2021,172,4.870497614
9/25/2021,132,3.73782375
9/26/2021,111,3.143169972
9/27/2021,96.2,2.724080642
9/28/2021,98.1,2.777882651
9/29/2021,153,4.332477529
9/30/2021,705,19.96337685
10/1/2021,667,18.88733668
10/2/2021,308,8.72158875
10/3/2021,309,8.749905597
10/4/2021,400,11.32673864
10/5/2021,512,14.49822546
10/6/2021,301,8.523370824
10/7/2021,208,5.889904091
10/8/2021,156,4.417428068
10/9/2021,124,3.511288977
10/10/2021,103,2.916635199
10/11/2021,89.5,2.53435777
10/12/2021,81.5,2.307822997
10/13/2021,76,2.152080341
10/14/2021,71.8,2.033149585
10/15/2021,66,1.868911875
10/16/2021,60.1,1.70184248
10/17/2021,52.1,1.475307707
10/18/2021,46,1.302574943
10/19/2021,42.9,1.214792719
10/20/2021,43.3,1.226119457
10/21/2021,51.1,1.446990861
10/22/2021,70.3,1.990674315
10/23/2021,62.3,1.764139543
10/24/2021,49.9,1.413010645
10/25/2021,44.9,1.271426412
10/26/2021,42.5,1.20346598
10/27/2021,79.9,2.262516043
10/28/2021,609,17.24495957
10/29/2021,414,11.72317449
10/30/2021,147,4.162576449
10/31/2021,96.1,2.721248957
11/1/2021,77.2,2.186060557
11/2/2021,64.6,1.82926829
11/3/2021,55.9,1.582911724
11/4/2021,50.3,1.424337384
11/5/2021,46.3,1.311069997
11/6/2021,43.5,1.231782827
11/7/2021,41.1,1.163822395
11/8/2021,38.9,1.101525332
11/9/2021,36.7,1.03922827
11/10/2021,35.2,0.996753
11/11/2021,35,0.991089631
11/12/2021,36.1,1.022238162
11/13/2021,34.4,0.974099523
11/14/2021,31.6,0.894812352
11/15/2021,30,0.849505398
11/16/2021,29.6,0.838178659
11/17/2021,28.9,0.818356867
11/18/2021,28.4,0.804198443
11/19/2021,27.2,0.770218227
11/20/2021,26.5,0.750396435
11/21/2021,26.7,0.756059804
11/22/2021,42.2,1.194970926
11/23/2021,71.9,2.03598127
11/24/2021,66.1,1.87174356
11/25/2021,45.2,1.279921466
11/26/2021,36.4,1.030733216
11/27/2021,32.1,0.908970776
11/28/2021,31.3,0.886317298
11/29/2021,30.5,0.863663821
11/30/2021,29.5,0.835346974
12/1/2021,28.8,0.815525182
12/2/2021,27.9,0.79004002
12/3/2021,27.3,0.773049912
12/4/2021,27.1,0.767386543
12/5/2021,27.2,0.770218227
12/6/2021,39.2,1.110020386
12/7/2021,130,3.681190057
12/8/2021,135,3.82277429
12/9/2021,101,2.860001506
12/10/2021,302,8.551687671
12/11/2021,199,5.635052472
12/12/2021,126,3.567922671
12/13/2021,90.6,2.565506301
12/14/2021,69.2,1.959525784
12/15/2021,59.6,1.687684057
12/16/2021,54.6,1.546099824
12/17/2021,51.3,1.45265423
12/18/2021,217,6.14475571
12/19/2021,418,11.83644188
12/20/2021,311,8.80653929
12/21/2021,152,4.304160682
12/22/2021,112,3.171486818
12/23/2021,89.1,2.523031031
12/24/2021,73.5,2.081288225
12/25/2021,64.3,1.820773236
12/26/2021,58.6,1.65936721
12/27/2021,54,1.529109716
12/28/2021,52.7,1.492297815
12/29/2021,64.6,1.82926829
12/30/2021,101,2.860001506
12/31/2021,93.2,2.639130102
1/1/2022,69.2,1.959525784
1/2/2022,72.5,2.052971378
1/3/2022,92.4,2.616476625
1/4/2022,80.8,2.288001205
1/5/2022,61.3,1.735822696
1/6/2022,53.4,1.512119608
1/7/2022,48.2,1.364872006
1/8/2022,45.1,1.277089781
1/9/2022,46,1.302574943
1/10/2022,115,3.256437358
1/11/2022,242,6.852676875
1/12/2022,102,2.888318352
1/13/2022,69.4,1.965189153
1/14/2022,56.9,1.611228571
1/15/2022,51.3,1.45265423
1/16/2022,110,3.114853125
1/17/2022,151,4.275843835
1/18/2022,89,2.520199347
1/19/2022,66.6,1.885901983
1/20/2022,57.7,1.633882048
1/21/2022,70.6,1.999169369
1/22/2022,77.2,2.186060557
1/23/2022,56.1,1.588575094
1/24/2022,49.5,1.401683906
1/25/2022,106,3.001585739
1/26/2022,266,7.532281193
1/27/2022,150,4.247526989
1/28/2022,95.3,2.69859548
1/29/2022,71.4,2.021822847
1/30/2022,59.8,1.693347426
1/31/2022,53.6,1.517782977
2/1/2022,50.8,1.438495807
2/2/2022,261,7.390696961
2/3/2022,1070,30.29902585
2/4/2022,3400,96.27727841
2/5/2022,2530,71.64162188
2/6/2022,737,20.86951594
2/7/2022,369,10.44891639
2/8/2022,292,8.268519205
2/9/2022,242,6.852676875
2/10/2022,201,5.691686165
2/11/2022,171,4.842180767
2/12/2022,150,4.247526989
2/13/2022,133,3.766140597
2/14/2022,120,3.398021591
2/15/2022,109,3.086536279
2/16/2022,100,2.831684659
2/17/2022,161,4.559012301
2/18/2022,356,10.08079739
2/19/2022,310,8.778222444
2/20/2022,170,4.813863921
2/21/2022,131,3.709506904
2/22/2022,119,3.369704744
2/23/2022,115,3.256437358
2/24/2022,107,3.029902585
2/25/2022,96.7,2.738239065
2/26/2022,94.4,2.673110318
2/27/2022,175,4.955448154
2/28/2022,184,5.210299773
3/1/2022,113,3.199803665
3/2/2022,86.3,2.443743861
3/3/2022,72.5,2.052971378
3/4/2022,64.4,1.823604921
3/5/2022,60,1.699010796
3/6/2022,57.2,1.619723625
3/7/2022,57.8,1.636713733
3/8/2022,65,1.840595028
3/9/2022,93,2.633466733
3/10/2022,83.5,2.36445669
3/11/2022,71.8,2.033149585
3/12/2022,103,2.916635199
3/13/2022,116,3.284754205
3/14/2022,79.6,2.254020989
3/15/2022,203,5.748319858
3/16/2022,243,6.880993722
3/17/2022,139,3.936041676
3/18/2022,104,2.944952046
3/19/2022,157,4.445744915
3/20/2022,151,4.275843835
3/21/2022,83.6,2.367288375
3/22/2022,67.7,1.917050514
3/23/2022,194,5.493468239
3/24/2022,297,8.410103438
3/25/2022,132,3.73782375
3/26/2022,89.5,2.53435777
3/27/2022,69.9,1.979347577
3/28/2022,59.6,1.687684057
3/29/2022,53.7,1.520614662
3/30/2022,57.8,1.636713733
3/31/2022,549,15.54594878
4/1/2022,351,9.939213154
4/2/2022,159,4.502378608
4/3/2022,103,2.916635199
4/4/2022,78.8,2.231367511
4/5/2022,201,5.691686165
4/6/2022,330,9.344559375
4/7/2022,213,6.031488324
4/8/2022,107,3.029902585
4/9/2022,72.1,2.041644639
4/10/2022,56.1,1.588575094
4/11/2022,48.6,1.376198744
4/12/2022,53.5,1.514951293
4/13/2022,62,1.755644489
4/14/2022,1210,34.26338438
4/15/2022,662,18.74575244
4/16/2022,281,7.957033892
4/17/2022,688,19.48199046
4/18/2022,470,13.3089179
4/19/2022,309,8.749905597
4/20/2022,177,5.012081847
4/21/2022,127,3.596239517
4/22/2022,100,2.831684659
4/23/2022,78.5,2.222872457
4/24/2022,62.9,1.781129651
4/25/2022,52.1,1.475307707
4/26/2022,44,1.24594125
4/27/2022,37.1,1.050555009
4/28/2022,32.2,0.91180246
4/29/2022,28.2,0.798535074
4/30/2022,25.3,0.716416219
5/1/2022,88.9,2.517367662
5/2/2022,165,4.672279688
5/3/2022,62.3,1.764139543
5/4/2022,39.7,1.12417881
5/5/2022,30,0.849505398
5/6/2022,168,4.757230227
5/7/2022,109,3.086536279
5/8/2022,61.6,1.74431775
5/9/2022,34.4,0.974099523
5/10/2022,25,0.707921165
5/11/2022,20.6,0.58332704
5/12/2022,17.7,0.501208185
5/13/2022,15.9,0.450237861
5/14/2022,14.9,0.421921014
5/15/2022,14.4,0.407762591
5/16/2022,14.8,0.41908933
5/17/2022,14.6,0.41342596
5/18/2022,13.7,0.387940798
5/19/2022,12.7,0.359623952
5/20/2022,11.5,0.325643736
5/21/2022,10.7,0.302990259
5/22/2022,14.8,0.41908933
5/23/2022,13.7,0.387940798
5/24/2022,113,3.199803665
5/25/2022,610,17.27327642
5/26/2022,1180,33.41387898
5/27/2022,543,15.3760477
5/28/2022,181,5.125349233
5/29/2022,94.4,2.673110318
5/30/2022,62.3,1.764139543
5/31/2022,48.4,1.370535375
6/1/2022,36.7,1.03922827
6/2/2022,30.6,0.866495506
6/3/2022,28.4,0.804198443
6/4/2022,26.9,0.761723173
6/5/2022,22.1,0.62580231
6/6/2022,18.6,0.526693347
6/7/2022,15.9,0.450237861
6/8/2022,13.9,0.393604168
6/9/2022,13.7,0.387940798
6/10/2022,13.2,0.373782375
6/11/2022,13,0.368119006
6/12/2022,13.7,0.387940798
6/13/2022,13.8,0.390772483
6/14/2022,12.8,0.362455636
6/15/2022,11.2,0.317148682
6/16/2022,10.8,0.305821943
6/17/2022,10.5,0.297326889
6/18/2022,9.45,0.2675942
6/19/2022,8.71,0.246639734
6/20/2022,8.01,0.226817941
6/21/2022,34.5,0.976931207
6/22/2022,21.8,0.617307256
6/23/2022,13.6,0.385109114
6/24/2022,9.89,0.280053613
6/25/2022,8.51,0.240976364
6/26/2022,8.36,0.236728838
6/27/2022,9.85,0.278920939
6/28/2022,9.82,0.278071434
6/29/2022,16,0.453069545
6/30/2022,122,3.454655284
7/1/2022,102,2.888318352
7/2/2022,39.4,1.115683756
7/3/2022,40.7,1.152495656
7/4/2022,47,1.33089179
7/5/2022,591,16.73525634
7/6/2022,517,14.63980969
7/7/2022,190,5.380200852
7/8/2022,90.8,2.571169671
7/9/2022,54.6,1.546099824
7/10/2022,37.6,1.064713432
7/11/2022,29.1,0.824020236
7/12/2022,25.6,0.724911273
7/13/2022,25.8,0.730574642
7/14/2022,24.4,0.690931057
7/15/2022,85,2.40693196
7/16/2022,63.3,1.792456389
7/17/2022,175,4.955448154
7/18/2022,64,1.812278182
7/19/2022,36.4,1.030733216
7/20/2022,26.7,0.756059804
7/21/2022,21,0.594653778
7/22/2022,27.6,0.781544966
7/23/2022,96.4,2.729744011
7/24/2022,125,3.539605824
7/25/2022,122,3.454655284
7/26/2022,127,3.596239517
7/27/2022,70.7,2.002001054
7/28/2022,58.2,1.648040472
7/29/2022,52.8,1.4951295
7/30/2022,34.5,0.976931207
7/31/2022,48.7,1.379030429
8/1/2022,38.2,1.08170354
8/2/2022,63.7,1.803783128
8/3/2022,60.9,1.724495957
8/4/2022,128,3.624556364
8/5/2022,252,7.135845341
8/6/2022,164,4.643962841
8/7/2022,80.1,2.268179412
8/8/2022,60.7,1.718832588
8/9/2022,57.6,1.631050364
8/10/2022,116,3.284754205
8/11/2022,55.9,1.582911724
8/12/2022,43.7,1.237446196
8/13/2022,55.6,1.574416671
8/14/2022,108,3.058219432
8/15/2022,71.7,2.030317901
8/16/2022,44.5,1.260099673
8/17/2022,43.2,1.223287773
8/18/2022,52.1,1.475307707
8/19/2022,52.5,1.486634446
8/20/2022,156,4.417428068
8/21/2022,183,5.181982926
8/22/2022,297,8.410103438
8/23/2022,455,12.8841652
8/24/2022,1440,40.77625909
8/25/2022,2740,77.58815966
8/26/2022,3400,96.27727841
8/27/2022,1670,47.28913381
8/28/2022,767,21.71902134
8/29/2022,548,15.51763193
8/30/2022,266,7.532281193
8/31/2022,189,5.351884006
9/1/2022,139,3.936041676
9/2/2022,104,2.944952046
9/3/2022,81.7,2.313486367
9/4/2022,95.8,2.712753904
9/5/2022,90.1,2.551347878
9/6/2022,76.7,2.171902134
9/7/2022,63.2,1.789624705
9/8/2022,90.2,2.554179563
9/9/2022,81.2,2.299327943
9/10/2022,63.2,1.789624705
9/11/2022,52.8,1.4951295
9/12/2022,60.1,1.70184248
9/13/2022,54.7,1.548931509
9/14/2022,42.7,1.209129349
9/15/2022,33.4,0.945782676
9/16/2022,27.9,0.79004002
9/17/2022,25.3,0.716416219
9/18/2022,119,3.369704744
9/19/2022,64.5,1.826436605
9/20/2022,41.3,1.169485764
9/21/2022,29.6,0.838178659
9/22/2022,24.3,0.688099372
9/23/2022,21.3,0.603148832
9/24/2022,19.2,0.543683455
9/25/2022,17.7,0.501208185
9/26/2022,16.6,0.470059653
9/27/2022,15.6,0.441742807
9/28/2022,14.5,0.410594276
9/29/2022,13.5,0.382277429
9/30/2022,12.9,0.365287321
10/1/2022,13,0.368119006
10/2/2022,12.8,0.362455636
10/3/2022,12.6,0.356792267
10/4/2022,12.5,0.353960582
10/5/2022,12.3,0.348297213
10/6/2022,12.2,0.345465528
10/7/2022,12.2,0.345465528
10/8/2022,12,0.339802159
10/9/2022,11.7,0.331307105
10/10/2022,11.4,0.322812051
10/11/2022,11.1,0.314316997
10/12/2022,11.6,0.32847542
10/13/2022,12.6,0.356792267
10/14/2022,12,0.339802159
10/15/2022,11.9,0.336970474
10/16/2022,12.4,0.351128898
10/17/2022,13.4,0.379445744
10/18/2022,12,0.339802159
10/19/2022,11.2,0.317148682
10/20/2022,10.9,0.308653628
10/21/2022,10.9,0.308653628
10/22/2022,11,0.311485313
10/23/2022,11,0.311485313
10/24/2022,11,0.311485313
10/25/2022,11.2,0.317148682
10/26/2022,11.4,0.322812051
10/27/2022,11.6,0.32847542
10/28/2022,11.6,0.32847542
10/29/2022,12.6,0.356792267
10/30/2022,68.5,1.939703992
10/31/2022,101,2.860001506
11/1/2022,43.8,1.240277881
11/2/2022,26.6,0.753228119
11/3/2022,20.6,0.58332704
11/4/2022,17.8,0.504039869
11/5/2022,21.7,0.614475571
11/6/2022,105,2.973268892
11/7/2022,118,3.341387898
11/8/2022,52.8,1.4951295
11/9/2022,37.5,1.061881747
11/10/2022,29,0.821188551
11/11/2022,22.7,0.642792418
11/12/2022,18.9,0.535188401
11/13/2022,16.4,0.464396284
11/14/2022,16.1,0.45590123
11/15/2022,66.7,1.888733668
11/16/2022,114,3.228120511
11/17/2022,72.1,2.041644639
11/18/2022,38.6,1.093030278
11/19/2022,28.7,0.812693497
11/20/2022,24.5,0.693762742
11/21/2022,23,0.651287472
11/22/2022,21.9,0.62013894
11/23/2022,20.8,0.588990409
11/24/2022,19.9,0.563505247
11/25/2022,144,4.077625909
11/26/2022,386,10.93030278
11/27/2022,624,17.66971227
11/28/2022,387,10.95861963
11/29/2022,168,4.757230227
11/30/2022,576,16.31050364
12/1/2022,829,23.47466582
12/2/2022,463,13.11069997
12/3/2022,218,6.173072557
12/4/2022,160,4.530695455
12/5/2022,128,3.624556364
12/6/2022,104,2.944952046
12/7/2022,84.5,2.392773537
12/8/2022,68.5,1.939703992
12/9/2022,57.2,1.619723625
12/10/2022,50.9,1.441327492
12/11/2022,53.2,1.506456239
12/12/2022,94.9,2.687268742
12/13/2022,91.3,2.585328094
12/14/2022,174,4.927131307
12/15/2022,708,20.04832739
12/16/2022,416,11.77980818
12/17/2022,201,5.691686165
12/18/2022,145,4.105942756
12/19/2022,116,3.284754205
12/20/2022,658,18.63248506
12/21/2022,591,16.73525634
12/22/2022,380,10.7604017
12/23/2022,250,7.079211648
12/24/2022,169,4.785547074
12/25/2022,130,3.681190057
12/26/2022,113,3.199803665
12/27/2022,100,2.831684659
12/28/2022,88.9,2.517367662
12/29/2022,81.2,2.299327943
12/30/2022,736,20.84119909
12/31/2022,1240,35.11288977
1/1/2023,746,21.12436756
1/2/2023,384,10.87366909
1/3/2023,304,8.608321364
1/4/2023,1320,37.3782375
1/5/2023,1350,38.2277429
1/6/2023,634,17.95288074
1/7/2023,348,9.854262614
1/8/2023,283,8.013667586
1/9/2023,272,7.702182273
1/10/2023,215,6.088122017
1/11/2023,166,4.700596534
1/12/2023,150,4.247526989
1/13/2023,262,7.419013807
1/14/2023,188,5.323567159
1/15/2023,116,3.284754205
1/16/2023,98.4,2.786377705
1/17/2023,93.6,2.650456841
1/18/2023,90.1,2.551347878
1/19/2023,108,3.058219432
1/20/2023,127,3.596239517
1/21/2023,155,4.389111222
1/22/2023,760,21.52080341
1/23/2023,505,14.30000753
1/24/2023,272,7.702182273
1/25/2023,652,18.46258398
1/26/2023,569,16.11228571
1/27/2023,320,9.061390909
1/28/2023,221,6.258023097
1/29/2023,737,20.86951594
1/30/2023,1990,56.35052472
1/31/2023,1160,32.84754205
2/1/2023,492,13.93188852
2/2/2023,315,8.919806676
2/3/2023,283,8.013667586
2/4/2023,233,6.597825256
2/5/2023,152,4.304160682
2/6/2023,113,3.199803665
2/7/2023,91.4,2.588159779
2/8/2023,100,2.831684659
2/9/2023,449,12.71426412
2/10/2023,533,15.09287923
2/11/2023,303,8.580004517
2/12/2023,374,10.59050063
2/13/2023,254,7.192479034
2/14/2023,150,4.247526989
2/15/2023,116,3.284754205
2/16/2023,98.2,2.780714335
2/17/2023,497,14.07347276
2/18/2023,373,10.56218378
2/19/2023,194,5.493468239
2/20/2023,123,3.482972131
2/21/2023,94.8,2.684437057
2/22/2023,76.9,2.177565503
2/23/2023,62,1.755644489
2/24/2023,53.2,1.506456239
2/25/2023,46.3,1.311069997
2/26/2023,38.7,1.095861963
2/27/2023,32.5,0.920297514
2/28/2023,26,0.736238011
3/1/2023,21.6,0.611643886
3/2/2023,18.9,0.535188401
3/3/2023,18.5,0.523861662
3/4/2023,19.1,0.54085177
3/5/2023,13.6,0.385109114
3/6/2023,10.3,0.29166352
3/7/2023,9.45,0.2675942
3/8/2023,9.7,0.274673412
3/9/2023,216,6.116438864
3/10/2023,158,4.474061762
3/11/2023,50.9,1.441327492
3/12/2023,29.7,0.841010344
3/13/2023,29,0.821188551
3/14/2023,36.9,1.044891639
3/15/2023,16.7,0.472891338
3/16/2023,10.5,0.297326889
3/17/2023,35.9,1.016574793
3/18/2023,248,7.022577955
3/19/2023,136,3.851091137
3/20/2023,37.5,1.061881747
3/21/2023,20.7,0.586158724
3/22/2023,15.4,0.436079438
3/23/2023,12.5,0.353960582
3/24/2023,10.9,0.308653628
3/25/2023,10.1,0.286000151
3/26/2023,9,0.254851619
3/27/2023,170,4.813863921
3/28/2023,431,12.20456088
3/29/2023,684,19.36872307
3/30/2023,374,10.59050063
3/31/2023,105,2.973268892
4/1/2023,60.8,1.721664273
4/2/2023,55.9,1.582911724
4/3/2023,37.4,1.059050063
4/4/2023,24.2,0.685267688
4/5/2023,19.4,0.549346824
4/6/2023,13.5,0.382277429
4/7/2023,11,0.311485313
4/8/2023,48.2,1.364872006
4/9/2023,105,2.973268892
4/10/2023,45.7,1.294079889
4/11/2023,18.6,0.526693347
4/12/2023,10.8,0.305821943
4/13/2023,105,2.973268892
4/14/2023,261,7.390696961
4/15/2023,146,4.134259602
4/16/2023,506,14.32832438
4/17/2023,409,11.58159026
4/18/2023,135,3.82277429
4/19/2023,67.1,1.900060406
4/20/2023,41.5,1.175149134
4/21/2023,29.4,0.83251529
4/22/2023,23.4,0.66261421
4/23/2023,18.8,0.532356716
4/24/2023,14.6,0.41342596
4/25/2023,11.7,0.331307105
4/26/2023,10.1,0.286000151
4/27/2023,29.3,0.829683605
4/28/2023,303,8.580004517
4/29/2023,127,3.596239517
4/30/2023,64.3,1.820773236
5/1/2023,92.5,2.61930831
5/2/2023,35.7,1.010911423
5/3/2023,18.5,0.523861662
5/4/2023,12.5,0.353960582
5/5/2023,132,3.73782375
5/6/2023,437,12.37446196
5/7/2023,523,14.80971077
5/8/2023,402,11.38337233
5/9/2023,501,14.18674014
5/10/2023,191,5.408517699
5/11/2023,124,3.511288977
5/12/2023,1370,38.79407983
5/13/2023,591,16.73525634
5/14/2023,279,7.900400199
5/15/2023,291,8.240202358
5/16/2023,414,11.72317449
5/17/2023,650,18.40595028
5/18/2023,450,12.74258097
5/19/2023,473,13.39386844
5/20/2023,410,11.6099071
5/21/2023,390,11.04357017
5/22/2023,203,5.748319858
5/23/2023,128,3.624556364
5/24/2023,89.1,2.523031031
5/25/2023,69.5,1.968020838
5/26/2023,54.5,1.543268139
5/27/2023,43.1,1.220456088
5/28/2023,35.8,1.013743108
5/29/2023,30.7,0.86932719
5/30/2023,28.4,0.804198443
5/31/2023,26.4,0.74756475
6/1/2023,24.3,0.688099372
6/2/2023,22.9,0.648455787
6/3/2023,21.8,0.617307256
6/4/2023,22.1,0.62580231
6/5/2023,34.2,0.968436153
6/6/2023,29.1,0.824020236
6/7/2023,30.2,0.855168767
6/8/2023,36,1.019406477
6/9/2023,36,1.019406477
6/10/2023,27,0.764554858
6/11/2023,24.1,0.682436003
6/12/2023,23.9,0.676772634
6/13/2023,24.1,0.682436003
6/14/2023,33.1,0.937287622
6/15/2023,33,0.934455938
6/16/2023,31.1,0.880653929
6/17/2023,29.6,0.838178659
6/18/2023,22.5,0.637129048
6/19/2023,19.7,0.557841878
6/20/2023,406,11.49663972
6/21/2023,550,15.57426563
6/22/2023,179,5.06871554
6/23/2023,67.8,1.919882199
6/24/2023,37.3,1.056218378
6/25/2023,26.4,0.74756475
6/26/2023,23.3,0.659782526
6/27/2023,22.4,0.634297364
6/28/2023,21.8,0.617307256
6/29/2023,18.6,0.526693347
6/30/2023,16.5,0.467227969
7/1/2023,15.3,0.433247753
7/2/2023,14.2,0.402099222
7/3/2023,13.2,0.373782375
7/4/2023,12.6,0.356792267
7/5/2023,22.2,0.628633994
7/6/2023,480,13.59208636
7/7/2023,247,6.994261108
7/8/2023,102,2.888318352
7/9/2023,67.9,1.922713884
7/10/2023,270,7.64554858
7/11/2023,522,14.78139392
7/12/2023,352,9.96753
7/13/2023,290,8.211885512
7/14/2023,312,8.834856137
7/15/2023,119,3.369704744
7/16/2023,58,1.642377102
7/17/2023,42.7,1.209129349
7/18/2023,34.3,0.971267838
7/19/2023,26.2,0.741901381
7/20/2023,21.3,0.603148832
7/21/2023,18.3,0.518198293
7/22/2023,16.5,0.467227969
7/23/2023,15.4,0.436079438
7/24/2023,15,0.424752699
7/25/2023,15.1,0.427584384
7/26/2023,14.1,0.399267537
7/27/2023,13.2,0.373782375
7/28/2023,12,0.339802159
7/29/2023,11.1,0.314316997
7/30/2023,11.8,0.33413879
7/31/2023,11,0.311485313
8/1/2023,10.7,0.302990259
8/2/2023,10.7,0.302990259
8/3/2023,9.53,0.269859548
8/4/2023,8.88,0.251453598
8/5/2023,8.36,0.236728838
8/6/2023,7.88,0.223136751
8/7/2023,7.46,0.211243676
8/8/2023,7.15,0.202465453
8/9/2023,6.91,0.19566941
8/10/2023,6.59,0.186608019
8/11/2023,6.38,0.180661481
8/12/2023,6.21,0.175847617
8/13/2023,5.97,0.169051574
8/14/2023,5.74,0.162538699
8/15/2023,8.24,0.233330816
8/16/2023,9.42,0.266744695
8/17/2023,7.92,0.224269425
8/18/2023,8.25,0.233613984
8/19/2023,6.89,0.195103073
8/20/2023,6.14,0.173865438
8/21/2023,5.69,0.161122857
8/22/2023,5.42,0.153477309
8/23/2023,5.15,0.14583176
8/24/2023,5.02,0.14215057
8/25/2023,4.86,0.137619874
8/26/2023,4.72,0.133655516
8/27/2023,4.75,0.134505021
8/28/2023,5.07,0.143566412
8/29/2023,19.5,0.552178509
8/30/2023,18.8,0.532356716
8/31/2023,13.8,0.390772483
9/1/2023,12.6,0.356792267
9/2/2023,10.1,0.286000151
9/3/2023,8,0.226534773
9/4/2023,7.17,0.20303179
9/5/2023,6.64,0.188023861
9/6/2023,6.1,0.172732764
9/7/2023,6.71,0.190006041
9/8/2023,8.07,0.228516952
9/9/2023,9.11,0.257966472
9/10/2023,15.4,0.436079438
9/11/2023,12.5,0.353960582
9/12/2023,9.78,0.27693876
9/13/2023,7.97,0.225685267
9/14/2023,7.42,0.210111002
9/15/2023,6.98,0.197651589
9/16/2023,5.98,0.169334743
9/17/2023,5.92,0.167635732
9/18/2023,8.91,0.252303103
9/19/2023,7.85,0.222287246
9/20/2023,6.37,0.180378313
9/21/2023,5.55,0.157158499
9/22/2023,5,0.141584233
9/23/2023,4.61,0.130540663
9/24/2023,4.29,0.121479272
9/25/2023,4.08,0.115532734
9/26/2023,3.94,0.111568376
9/27/2023,3.91,0.11071887
9/28/2023,4.71,0.133372347
9/29/2023,4.39,0.124310957
9/30/2023,4.57,0.129407989
10/1/2023,4.61,0.130540663
10/2/2023,4.11,0.116382239
10/3/2023,3.79,0.107320849
10/4/2023,3.59,0.101657479
10/5/2023,3.41,0.096560447
10/6/2023,3.37,0.095427773
10/7/2023,3.22,0.091180246
10/8/2023,3,0.08495054
10/9/2023,2.99,0.084667371
10/10/2023,3.08,0.087215888
10/11/2023,3.91,0.11071887
10/12/2023,7.39,0.209261496
10/13/2023,9.4,0.266178358
10/14/2023,8.86,0.250887261
10/15/2023,8.97,0.254002114
10/16/2023,7.8,0.220871403
10/17/2023,6.49,0.183776334
10/18/2023,5.61,0.158857509
10/19/2023,5.01,0.141867401
10/20/2023,4.6,0.130257494
10/21/2023,4.26,0.120629766
10/22/2023,3.99,0.112984218
10/23/2023,3.83,0.108453522
10/24/2023,3.61,0.102223816
10/25/2023,3.46,0.097976289
10/26/2023,3.37,0.095427773
10/27/2023,3.31,0.093728762
10/28/2023,3.21,0.090897078
10/29/2023,3.15,0.089198067
10/30/2023,3.14,0.088914898
10/31/2023,3.01,0.085233708
11/1/2023,2.74,0.07758816
11/2/2023,2.67,0.07560598
11/3/2023,2.87,0.08126935
11/4/2023,2.96,0.083817866
11/5/2023,3.03,0.085800045
11/6/2023,3.11,0.088065393
11/7/2023,3.18,0.090047572
11/8/2023,3.23,0.091463414
11/9/2023,3.27,0.092596088
11/10/2023,3.34,0.094578268
11/11/2023,3.72,0.105338669
11/12/2023,3.72,0.105338669
11/13/2023,4.02,0.113833723
11/14/2023,4.92,0.139318885
11/15/2023,4.98,0.141017896
11/16/2023,6.06,0.17160009
11/17/2023,5.94,0.168202069
11/18/2023,5.86,0.165936721
11/19/2023,5.85,0.165653553
11/20/2023,6.18,0.174998112
11/21/2023,12,0.339802159
11/22/2023,10.4,0.294495205
11/23/2023,8.91,0.252303103
11/24/2023,7.26,0.205580306
11/25/2023,6.98,0.197651589
11/26/2023,8.14,0.230499131
11/27/2023,8.03,0.227384278
11/28/2023,9.43,0.267027863
11/29/2023,7.96,0.225402099
11/30/2023,7.83,0.221720909
12/1/2023,12.6,0.356792267
12/2/2023,432,12.23287773
12/3/2023,312,8.834856137
12/4/2023,97.6,2.763724227
12/5/2023,42.2,1.194970926
12/6/2023,25.5,0.722079588
12/7/2023,18,0.509703239
12/8/2023,15.4,0.436079438
12/9/2023,14.2,0.402099222
12/10/2023,13.9,0.393604168
12/11/2023,15.2,0.430416068
12/12/2023,19.2,0.543683455
12/13/2023,17.6,0.4983765
12/14/2023,14.5,0.410594276
12/15/2023,13,0.368119006
12/16/2023,12.2,0.345465528
12/17/2023,11.6,0.32847542
12/18/2023,10.6,0.300158574
12/19/2023,9.97,0.282318961
12/20/2023,9.76,0.276372423
12/21/2023,9.65,0.27325757
12/22/2023,9.72,0.275239749
12/23/2023,9.57,0.270992222
12/24/2023,12.3,0.348297213
12/25/2023,1080,30.58219432
12/26/2023,415,11.75149134
12/27/2023,166,4.700596534
12/28/2023,82.6,2.338971528
12/29/2023,49.6,1.404515591
12/30/2023,34.6,0.979762892
12/31/2023,27.3,0.773049912
1/1/2024,23.5,0.665445895
1/2/2024,20.2,0.572000301
1/3/2024,19.4,0.549346824
1/4/2024,19.2,0.543683455
1/5/2024,23.3,0.659782526
1/6/2024,245,6.937627415
1/7/2024,211,5.974854631
1/8/2024,222,6.286339943
1/9/2024,2280,64.56241023
1/10/2024,1200,33.98021591
1/11/2024,495,14.01683906
1/12/2024,316,8.948123523
1/13/2024,264,7.4756475
1/14/2024,176,4.983765
1/15/2024,124,3.511288977
1/16/2024,93.8,2.65612021
1/17/2024,76.4,2.16340708
1/18/2024,69.3,1.962357469
1/19/2024,72.3,2.047308009
1/20/2024,63.5,1.798119759
1/21/2024,51.4,1.455485915
1/22/2024,45.4,1.285584835
1/23/2024,42.7,1.209129349
1/24/2024,148,4.190893296
1/25/2024,1240,35.11288977
1/26/2024,1450,41.05942756
1/27/2024,1390,39.36041676
1/28/2024,1190,33.69704744
1/29/2024,673,19.05723776
1/30/2024,375,10.61881747
1/31/2024,284,8.041984432
2/1/2024,208,5.889904091
2/2/2024,161,4.559012301
2/3/2024,138,3.90772483
2/4/2024,602,17.04674165
2/5/2024,494,13.98852222
2/6/2024,344,9.740995228
2/7/2024,225,6.371290483
2/8/2024,159,4.502378608
2/9/2024,129,3.65287321
2/10/2024,109,3.086536279
2/11/2024,97.3,2.755229173
2/12/2024,385,10.90198594
2/13/2024,762,21.5774371
2/14/2024,462,13.08238313
2/15/2024,280,7.928717046
2/16/2024,215,6.088122017
2/17/2024,196,5.550101932
2/18/2024,175,4.955448154
2/19/2024,136,3.851091137
2/20/2024,110,3.114853125
2/21/2024,96.6,2.735407381
2/22/2024,88.1,2.494714185
2/23/2024,83.2,2.355961636
2/24/2024,74.9,2.12093181
2/25/2024,64,1.812278182
2/26/2024,57.4,1.625386994
2/27/2024,54.3,1.53760477
2/28/2024,53,1.500792869
2/29/2024,49.2,1.393188852
3/1/2024,122,3.454655284
3/2/2024,472,13.36555159
3/3/2024,312,8.834856137
3/4/2024,191,5.408517699
3/5/2024,417,11.80812503
3/6/2024,590,16.70693949
3/7/2024,393,11.12852071
3/8/2024,270,7.64554858
3/9/2024,676,19.1421883
3/10/2024,547,15.48931509
3/11/2024,319,9.033074063
3/12/2024,216,6.116438864
3/13/2024,172,4.870497614
3/14/2024,142,4.020992216
3/15/2024,132,3.73782375
3/16/2024,216,6.116438864
3/17/2024,330,9.344559375
3/18/2024,524,14.83802761
3/19/2024,351,9.939213154
3/20/2024,199,5.635052472
3/21/2024,146,4.134259602
3/22/2024,160,4.530695455
3/23/2024,226,6.39960733
3/24/2024,161,4.559012301
3/25/2024,114,3.228120511
3/26/2024,300,8.495053978
3/27/2024,493,13.96020537
3/28/2024,269,7.617231733
3/29/2024,150,4.247526989
3/30/2024,106,3.001585739
3/31/2024,86.1,2.438080492
4/1/2024,76,2.152080341
4/2/2024,71.4,2.021822847
4/3/2024,67.9,1.922713884
4/4/2024,58.7,1.662198895
4/5/2024,50.2,1.421505699
4/6/2024,44.1,1.248772935
4/7/2024,40.7,1.152495656
4/8/2024,38.8,1.098693648
4/9/2024,39.4,1.115683756
4/10/2024,1180,33.41387898
4/11/2024,2680,75.88914887
4/12/2024,1330,37.66140597
4/13/2024,418,11.83644188
4/14/2024,274,7.758815966
4/15/2024,188,5.323567159
4/16/2024,137,3.879407983
4/17/2024,105,2.973268892
4/18/2024,86.8,2.457902284
4/19/2024,74.5,2.109605071
4/20/2024,62.3,1.764139543
4/21/2024,50,1.41584233
4/22/2024,41.9,1.186475872
4/23/2024,36.3,1.027901531
4/24/2024,32.5,0.920297514
4/25/2024,29.6,0.838178659
4/26/2024,27.4,0.775881597
4/27/2024,25.1,0.710752849
4/28/2024,23.7,0.671109264
4/29/2024,24.7,0.699426111
4/30/2024,37.4,1.059050063
5/1/2024,49.7,1.407347276
5/2/2024,38.2,1.08170354
5/3/2024,28.9,0.818356867
5/4/2024,25.6,0.724911273
5/5/2024,24.3,0.688099372
5/6/2024,22.9,0.648455787
5/7/2024,21.2,0.600317148
5/8/2024,19.9,0.563505247
5/9/2024,18.9,0.535188401
5/10/2024,19.1,0.54085177
5/11/2024,19.8,0.560673563
5/12/2024,20.7,0.586158724
5/13/2024,308,8.72158875
5/14/2024,1760,49.83765
5/15/2024,936,26.50456841
5/16/2024,316,8.948123523
5/17/2024,616,17.4431775
5/18/2024,486,13.76198744
5/19/2024,323,9.146341449
5/20/2024,172,4.870497614
5/21/2024,96.4,2.729744011
5/22/2024,60.5,1.713169219
5/23/2024,43.3,1.226119457
5/24/2024,33.3,0.942950992
5/25/2024,27.3,0.773049912
5/26/2024,24.3,0.688099372
5/27/2024,21.5,0.608812202
5/28/2024,19.9,0.563505247
5/29/2024,18.4,0.521029977
5/30/2024,17.5,0.495544815
5/31/2024,17.4,0.492713131
6/1/2024,25.8,0.730574642
6/2/2024,77.1,2.183228872
6/3/2024,49.9,1.413010645
6/4/2024,34.3,0.971267838
6/5/2024,27.9,0.79004002
6/6/2024,22.9,0.648455787
6/7/2024,21.8,0.617307256
6/8/2024,18.7,0.529525031
6/9/2024,16,0.453069545
6/10/2024,14.5,0.410594276
6/11/2024,13.1,0.37095069
6/12/2024,12.2,0.345465528
6/13/2024,11.3,0.319980366
6/14/2024,10.5,0.297326889
6/15/2024,9.68,0.274107075
6/16/2024,15.9,0.450237861
6/17/2024,88.6,2.508872608
6/18/2024,107,3.029902585
6/19/2024,47.8,1.353545267
6/20/2024,37.5,1.061881747
6/21/2024,21.9,0.62013894
6/22/2024,15.8,0.447406176
6/23/2024,12.7,0.359623952
6/24/2024,11.7,0.331307105
6/25/2024,11.3,0.319980366
6/26/2024,9.35,0.264762516
6/27/2024,8.41,0.23814468
6/28/2024,7.76,0.21973873
6/29/2024,7.69,0.21775655
6/30/2024,11,0.311485313
7/1/2024,10.6,0.300158574
7/2/2024,17.2,0.487049761
7/3/2024,146,4.134259602
7/4/2024,136,3.851091137
7/5/2024,414,11.72317449
7/6/2024,622,17.61307858
7/7/2024,168,4.757230227
7/8/2024,68,1.925545568
7/9/2024,65.2,1.846258398
7/10/2024,147,4.162576449
7/11/2024,87.6,2.480555761
7/12/2024,41.3,1.169485764
7/13/2024,28.4,0.804198443
7/14/2024,23.8,0.673940949
7/15/2024,33.9,0.959941099
7/16/2024,32.1,0.908970776
7/17/2024,39.3,1.112852071
7/18/2024,27.9,0.79004002
7/19/2024,25.2,0.713584534
7/20/2024,50.7,1.435664122
7/21/2024,171,4.842180767
7/22/2024,137,3.879407983
7/23/2024,72.1,2.041644639
7/24/2024,487,13.79030429
7/25/2024,585,16.56535526
7/26/2024,489,13.84693798
7/27/2024,938,26.5612021
7/28/2024,609,17.24495957
7/29/2024,351,9.939213154
7/30/2024,222,6.286339943
7/31/2024,100,2.831684659
8/1/2024,59,1.670693949
8/2/2024,40.9,1.158159026
8/3/2024,30.3,0.858000452
8/4/2024,27.4,0.775881597
8/5/2024,33.7,0.95427773
8/6/2024,33.2,0.940119307
8/7/2024,25.9,0.733406327
8/8/2024,20.9,0.591822094
8/9/2024,18,0.509703239
8/10/2024,16.3,0.461564599
8/11/2024,15,0.424752699
8/12/2024,14.3,0.404930906
8/13/2024,13.5,0.382277429
8/14/2024,13,0.368119006
8/15/2024,12.8,0.362455636
8/16/2024,12.2,0.345465528
8/17/2024,13.2,0.373782375
8/18/2024,14,0.396435852
8/19/2024,14.8,0.41908933
8/20/2024,13.8,0.390772483
8/21/2024,14.2,0.402099222
8/22/2024,12.8,0.362455636
8/23/2024,11.6,0.32847542
8/24/2024,10.9,0.308653628
8/25/2024,10.6,0.300158574
8/26/2024,10,0.283168466
8/27/2024,9.63,0.272691233
8/28/2024,9.54,0.270142716
8/29/2024,13.1,0.37095069
8/30/2024,39.8,1.127010494
8/31/2024,68.9,1.95103073
9/1/2024,50.5,1.430000753
9/2/2024,36.1,1.022238162
9/3/2024,29.2,0.82685192
9/4/2024,24.8,0.702257795
9/5/2024,19,0.538020085
9/6/2024,22.6,0.639960733
9/7/2024,25.9,0.733406327
9/8/2024,22,0.622970625
9/9/2024,18.9,0.535188401
9/10/2024,19.8,0.560673563
9/11/2024,125,3.539605824
9/12/2024,1490,42.19210142
9/13/2024,624,17.66971227
9/14/2024,270,7.64554858
9/15/2024,206,5.833270398
9/16/2024,127,3.596239517
9/17/2024,83.9,2.375783429
9/18/2024,81.3,2.302159628
9/19/2024,64.9,1.837763344
9/20/2024,45.3,1.282753151
9/21/2024,34,0.962772784
9/22/2024,27.8,0.787208335
9/23/2024,24.3,0.688099372
9/24/2024,21.8,0.617307256
9/25/2024,19.9,0.563505247
9/26/2024,18.8,0.532356716
9/27/2024,17.5,0.495544815
9/28/2024,16.4,0.464396284
9/29/2024,15.6,0.441742807
9/30/2024,14.8,0.41908933
10/1/2024,14.2,0.402099222
10/2/2024,13.6,0.385109114
10/3/2024,13.2,0.373782375
10/4/2024,13.3,0.37661406
10/5/2024,13.5,0.382277429
10/6/2024,18.6,0.526693347
10/7/2024,18.3,0.518198293
10/8/2024,16.3,0.461564599
10/9/2024,14.6,0.41342596
10/10/2024,13.2,0.373782375
10/11/2024,12.1,0.342633844
10/12/2024,11.4,0.322812051
10/13/2024,10.8,0.305821943
10/14/2024,10.5,0.297326889
10/15/2024,10.2,0.288831835
10/16/2024,9.57,0.270992222
10/17/2024,9.08,0.257116967
10/18/2024,8.9,0.252019935
10/19/2024,8.81,0.249471418
10/20/2024,8.68,0.245790228
10/21/2024,8.51,0.240976364
10/22/2024,8.36,0.236728838
10/23/2024,8.21,0.232481311
10/24/2024,8.02,0.22710111
10/25/2024,7.82,0.22143774
10/26/2024,7.66,0.216907045
10/27/2024,7.4,0.209544665
10/28/2024,7.23,0.204730801
10/29/2024,7.04,0.1993506
10/30/2024,6.81,0.192837725
10/31/2024,6.72,0.190289209
11/1/2024,6.71,0.190006041
11/2/2024,6.6,0.186891188
11/3/2024,6.56,0.185758514
11/4/2024,6.6,0.186891188
11/5/2024,6.63,0.187740693
11/6/2024,6.47,0.183209997
11/7/2024,7.16,0.202748622
11/8/2024,7.08,0.200483274
11/9/2024,7.02,0.198784263
11/10/2024,7.15,0.202465453
11/11/2024,7.77,0.220021898
11/12/2024,8.1,0.229366457
11/13/2024,9.99,0.282885297
11/14/2024,12.6,0.356792267
11/15/2024,16.2,0.458732915
11/16/2024,17.9,0.506871554
11/17/2024,14.3,0.404930906
11/18/2024,12.2,0.345465528
11/19/2024,26.6,0.753228119
11/20/2024,50.9,1.441327492
11/21/2024,54.3,1.53760477
11/22/2024,27.6,0.781544966
11/23/2024,18.6,0.526693347
11/24/2024,15.3,0.433247753
11/25/2024,13.8,0.390772483
11/26/2024,12.7,0.359623952
11/27/2024,12,0.339802159
11/28/2024,11.7,0.331307105
11/29/2024,10.9,0.308653628
11/30/2024,10,0.283168466
12/1/2024,9.72,0.275239749
12/2/2024,9.43,0.267027863
12/3/2024,9.09,0.257400136
12/4/2024,9.12,0.258249641
12/5/2024,10.7,0.302990259
12/6/2024,11.8,0.33413879
12/7/2024,12.7,0.359623952
12/8/2024,13.1,0.37095069
12/9/2024,131,3.709506904
12/10/2024,925,26.1930831
12/11/2024,1340,37.94457443
12/12/2024,645,18.26436605
12/13/2024,243,6.880993722
12/14/2024,138,3.90772483
12/15/2024,93.3,2.641961787
12/16/2024,72.6,2.055803063
12/17/2024,58.4,1.653703841
12/18/2024,48.4,1.370535375
12/19/2024,40,1.132673864
12/20/2024,33.8,0.957109415
12/21/2024,29.3,0.829683605
12/22/2024,26,0.736238011
12/23/2024,24.3,0.688099372
12/24/2024,23.5,0.665445895
12/25/2024,26.6,0.753228119
12/26/2024,62.9,1.781129651
12/27/2024,210,5.946537784
12/28/2024,1070,30.29902585
12/29/2024,1140,32.28120511
12/30/2024,792,22.4269425
12/31/2024,403,11.41168918
1/1/2025,244,6.909310568
1/2/2025,158,4.474061762
1/3/2025,118,3.341387898
1/4/2025,92.6,2.622139994
1/5/2025,184,5.210299773
1/6/2025,388,10.98693648
1/7/2025,312,8.834856137
1/8/2025,174,4.927131307
1/9/2025,123,3.482972131
1/10/2025,518,14.66812653
1/11/2025,728,20.61466432
1/12/2025,427,12.09129349
1/13/2025,1870,52.95250313
1/14/2025,896,25.37189455
1/15/2025,376,10.64713432
1/16/2025,246,6.965944262
1/17/2025,165,4.672279688
1/18/2025,128,3.624556364
1/19/2025,97.8,2.769387597
1/20/2025,63.3,1.792456389
1/21/2025,49.5,1.401683906
1/22/2025,52.7,1.492297815
1/23/2025,62.7,1.775466281
1/24/2025,74.4,2.106773386
1/25/2025,63.4,1.795288074
1/26/2025,48.4,1.370535375
1/27/2025,40,1.132673864
1/28/2025,37.3,1.056218378
1/29/2025,33,0.934455938
1/30/2025,27.6,0.781544966
1/31/2025,26.6,0.753228119
2/1/2025,28.9,0.818356867
2/2/2025,23,0.651287472
2/3/2025,17.9,0.506871554
2/4/2025,15.5,0.438911122
2/5/2025,13.9,0.393604168
2/6/2025,12.9,0.365287321
2/7/2025,12.3,0.348297213
2/8/2025,13.7,0.387940798
2/9/2025,13.8,0.390772483
2/10/2025,11.4,0.322812051
2/11/2025,10.2,0.288831835
2/12/2025,18.9,0.535188401
2/13/2025,216,6.116438864
2/14/2025,253,7.164162188
2/15/2025,78.5,2.222872457
2/16/2025,77,2.180397188
2/17/2025,155,4.389111222
2/18/2025,64.5,1.826436605
2/19/2025,504,14.27169068
2/20/2025,606,17.16000903
2/21/2025,357,10.10911423
2/22/2025,237,6.711092642
2/23/2025,242,6.852676875
2/24/2025,637,18.03783128
2/25/2025,524,14.83802761
2/26/2025,329,9.316242529
2/27/2025,227,6.427924176
2/28/2025,173,4.89881446
3/1/2025,137,3.879407983
3/2/2025,107,3.029902585
3/3/2025,87,2.463565654
3/4/2025,87.7,2.483387446
3/5/2025,302,8.551687671
3/6/2025,318,9.004757216
3/7/2025,159,4.502378608
3/8/2025,112,3.171486818
3/9/2025,99.9,2.828852975
3/10/2025,135,3.82277429
3/11/2025,113,3.199803665
3/12/2025,76.5,2.166238764
3/13/2025,63.5,1.798119759
3/14/2025,57.8,1.636713733
3/15/2025,74.4,2.106773386
3/16/2025,325,9.202975142
3/17/2025,190,5.380200852
3/18/2025,101,2.860001506
3/19/2025,70.1,1.985010946
3/20/2025,56.5,1.599901832
3/21/2025,47.2,1.336555159
3/22/2025,42.8,1.211961034
3/23/2025,40.3,1.141168918
3/24/2025,356,10.08079739
3/25/2025,642,18.17941551
3/26/2025,354,10.02416369
3/27/2025,197,5.578418779
3/28/2025,131,3.709506904
3/29/2025,103,2.916635199
3/30/2025,105,2.973268892
3/31/2025,307,8.693271904
4/1/2025,561,15.88575094
4/2/2025,343,9.712678381
4/3/2025,214,6.059805171
4/4/2025,155,4.389111222
4/5/2025,123,3.482972131
4/6/2025,593,16.79189003
4/7/2025,887,25.11704293
4/8/2025,514,14.55485915
4/9/2025,271,7.673865426
4/10/2025,151,4.275843835
4/11/2025,97.7,2.766555912
4/12/2025,65.8,1.863248506
4/13/2025,49,1.387525483
4/14/2025,37,1.047723324
4/15/2025,29.3,0.829683605
4/16/2025,23.3,0.659782526
4/17/2025,19,0.538020085
4/18/2025,16.4,0.464396284
4/19/2025,14.4,0.407762591
4/20/2025,13.2,0.373782375
4/21/2025,12.4,0.351128898
4/22/2025,17.3,0.489881446
4/23/2025,26.6,0.753228119
4/24/2025,34.3,0.971267838
4/25/2025,30,0.849505398
4/26/2025,24.1,0.682436003
4/27/2025,19.4,0.549346824
4/28/2025,16,0.453069545
4/29/2025,13.1,0.37095069
4/30/2025,14.4,0.407762591
5/1/2025,11.6,0.32847542
5/2/2025,9.9,0.280336781
5/3/2025,11.7,0.331307105
5/4/2025,20,0.566336932
5/5/2025,12.8,0.362455636
5/6/2025,11,0.311485313
5/7/2025,604,17.10337534
5/8/2025,550,15.57426563
5/9/2025,931,26.36298418
5/10/2025,1930,54.65151392
5/11/2025,771,21.83228872
5/12/2025,357,10.10911423
5/13/2025,197,5.578418779
5/14/2025,112,3.171486818
5/15/2025,69.6,1.970852523
5/16/2025,47.8,1.353545267
5/17/2025,36.7,1.03922827
5/18/2025,27.9,0.79004002
5/19/2025,22.5,0.637129048
5/20/2025,18.8,0.532356716
5/21/2025,16,0.453069545
5/22/2025,14.5,0.410594276
5/23/2025,13.2,0.373782375
5/24/2025,12.2,0.345465528
5/25/2025,16.5,0.467227969
5/26/2025,16.7,0.472891338
5/27/2025,64.3,1.820773236
5/28/2025,109,3.086536279
5/29/2025,416,11.77980818
5/30/2025,558,15.8008004
5/31/2025,208,5.889904091
6/1/2025,75.2,2.129426864
6/2/2025,40.3,1.141168918
6/3/2025,26.6,0.753228119
6/4/2025,19.5,0.552178509
6/5/2025,15.3,0.433247753
6/6/2025,12.8,0.362455636
6/7/2025,11.3,0.319980366
6/8/2025,10.1,0.286000151
6/9/2025,10,0.283168466
6/10/2025,227,6.427924176
6/11/2025,594,16.82020688
6/12/2025,265,7.503964347
6/13/2025,97.5,2.760892543
6/14/2025,351,9.939213154
6/15/2025,187,5.295250313
6/16/2025,117,3.313071051
6/17/2025,154,4.360794375
6/18/2025,93.5,2.647625156
6/19/2025,57.1,1.61689194
6/20/2025,35.9,1.016574793
6/21/2025,23,0.651287472
6/22/2025,87.4,2.474892392
6/23/2025,170,4.813863921
6/24/2025,154,4.360794375
6/25/2025,63.1,1.78679302
6/26/2025,359,10.16574793
6/27/2025,113,3.199803665
6/28/2025,57,1.614060256
6/29/2025,60.9,1.724495957
6/30/2025,93,2.633466733
7/1/2025,494,13.98852222
7/2/2025,600,16.99010796
7/3/2025,222,6.286339943
7/4/2025,81.8,2.316318051
7/5/2025,42.3,1.197802611
7/6/2025,29.5,0.835346974
7/7/2025,23.3,0.659782526
