,Sim_RF,Sim_RD,Sim_NTR,U_RF,U_RD,U_NTR,Weights
6364,110.560867126831,15.0321793164218,0.25680739910273,0.803354335948825,0.291721400419358,0.487977264480488,23
2318,69.2861997134396,19.2558191997044,0.160296354180083,0.375127669190988,0.348024876381043,0.319145989547198,30
1904,79.7155930624562,48.2681405742586,0.313633008441434,0.552593390690163,0.618120125408417,0.581448766256609,20
6677,108.803720127409,133.9884242699,0.543521896096973,0.79315751302056,0.912417294247567,0.855191338676121,45
2800,62.8578203591494,6.34186399535472,0.0219429867349588,0.223533634562045,0.151549363089906,0.101677453018325,35
8224,60.6411900443763,11.004600670927,0.556181754769444,0.112582012079656,0.23161873184313,0.864931775514477,17
14659,106.744158351541,36.7900221469026,0.111012959912378,0.734861620701849,0.530371156449124,0.234697612490133,31
17708,67.2140964692442,57.5210047336722,0.22162716901239,0.204027260886505,0.675875150983072,0.427103232919717,21
17054,62.5954797562433,37.1799904894078,0.434411453747928,0.10283290874213,0.533695986234261,0.74846058778248,21
8921,94.4975726701337,27.9810647529892,0.522284092416968,0.6665711523965,0.447567903273121,0.837667778662727,33
21105,82.6620336171423,90.5883175412449,0.601628466965792,0.450729807838798,0.817316443003771,0.895792818058265,27
13156,109.071214424844,159.743719350912,0.158416172813932,0.756718452787027,0.943071809952193,0.315855932533397,17
19316,120.375374160668,5.94596451616238,0.121981481830609,0.79581201612018,0.144066851287253,0.253081428255438,33
21382,68.795208220741,42.7049508527217,0.0360914800378847,0.212902915896848,0.578085399930053,0.120297937635807,27
1472,65.1439603168064,5.25442605277102,0.238117675362803,0.29212618782185,0.130671377878083,0.455839343427044,32
2414,110.998430140896,52.8197766261457,0.479774804660042,0.828701897524297,0.647805406482908,0.797949588240312,35
19661,59.9618295441392,0.566011642057071,0.0337097786681104,0.0170585340820253,0.0213135674432339,0.117083322560233,58
6478,60.5223107235981,9.55220391523183,0.124026756080493,0.127599072176963,0.208072709125121,0.25654115295391,32
16464,85.3320456566777,9.0848441641005,0.478503394501071,0.518226738553494,0.200251226898584,0.796663579597734,29
23598,65.8073171562802,106.190191951464,0.478394885383103,0.133126203902066,0.859979808379159,0.796553556890025,20
2035,78.9804546929825,82.9721647739287,0.180709371135186,0.542012589517981,0.791803927806447,0.355036951367469,15
11312,87.3387628296473,33.6253588238107,0.0552770837287572,0.574877467239276,0.50237739558868,0.147288134531658,28
8154,172.935150845327,13.7935945680889,0.473116854306778,0.96117257187143,0.273975002969407,0.791150993301538,21
1203,106.715064242328,37.4385417333375,0.290840987918449,0.811078247614205,0.535885791083421,0.544858580556342,28
5511,107.719738191991,93.432815317546,-0.0091745174419658,0.792681598104537,0.825993476548254,0.0651333172660314,16
3489,75.1405624748934,10.0202358350762,-0.0258731208442942,0.472795162349939,0.215782676266767,0.0483323621800176,31
3871,94.8779811160296,106.382829289192,0.330285249706438,0.712183867348358,0.860436995565172,0.60728744938279,23
24999,72.7876037922427,31.0122586508415,0.361571009902555,0.267058299388736,0.477824189142966,0.653558148638373,31
439,111.720357430699,83.910103402241,0.244356813644063,0.841662776889279,0.795136163957318,0.466625788816948,29
8327,72.8247022755305,127.366513503532,0.325259589443172,0.379762251395732,0.902104594046491,0.599573682870866,25
9607,78.6744592275161,2.15610211645952,0.213787029073911,0.468755605863407,0.0638429369894346,0.413350399207851,42
9014,89.0484935147729,23.3250950825218,0.205925117905621,0.607838071882725,0.396958250296617,0.399518257175666,29
23444,66.5588100444873,128.77831141814,0.279565530333757,0.149694024818018,0.904402619809691,0.526284871977027,21
18222,86.9032668980861,21.226512679438,0.514447864020367,0.525169812841341,0.372317363196927,0.830818181220963,27
26674,103.999793489522,52.000083419129,0.766991386589291,0.646531912032515,0.6426492013418,0.964137802610861,26
22594,65.7069418379644,44.139652038264,0.116383090436272,0.136052898596972,0.588832441264043,0.24366099682924,33
8849,62.3307151223603,2.54709608669894,0.401386893374748,0.150461771292612,0.0730947940257199,0.707752607126385,26
24047,61.8917124019073,14.1644530754901,0.237932086008855,0.038673859089613,0.279352880928501,0.455517688853215,31
18171,204.38436655391,131.265797790096,0.706828695191561,0.973677870118991,0.908318473647395,0.945951022697923,59
21965,71.2174433679034,74.8677215316527,0.0857259589657521,0.253172919852659,0.760546599416096,0.193622709976013,32
18694,64.7694496862595,4.42226821502118,0.207300755662815,0.141191559145227,0.113940371359288,0.401940922268909,22
17519,123.67471944227,24.6677322730486,0.0881514074394991,0.820134939160198,0.412103331121848,0.197471824310495,18
5386,87.4046464533733,76.5797154106293,0.465659184436957,0.621490806574002,0.767535358436309,0.783346788672434,33
13835,77.6521300107827,27.8344544645477,0.696254174888676,0.424206958850846,0.446053271210293,0.942061059045949,27
16508,92.9239133853014,4.87984957040005,0.277927313636475,0.60657073254697,0.123228424580878,0.523562483530198,28
10832,79.356134414047,10.3001384244669,0.100362091799874,0.470493645872921,0.220336900332149,0.217153847726279,41
20598,152.396992847571,33.0086951738707,0.538269500678244,0.90382745070383,0.496704588054785,0.850997075213799,25
14196,64.6915547591898,30.243386179367,0.160855692116491,0.169852654915303,0.470336113861861,0.320125413220049,24
7107,177.340396201683,129.170681758446,0.421805303673699,0.967010994674638,0.905031457910282,0.733384891327721,26
21864,61.7438815906754,28.8127325683182,0.0075429836347589,0.0475250133313239,0.456068375024259,0.0839693777684585,25
3894,90.9061996299525,14.0300989033519,0.0789200995222233,0.674977938178927,0.277411055693771,0.182937335827113,37
14904,89.4306439053813,69.8615660035764,0.022114396943221,0.575871821958572,0.738817712897217,0.101896016381193,20
8119,79.4749321282663,36.5360911025533,0.439015762277135,0.492427241057158,0.528191838597867,0.753823382525712,31
21853,66.1543173979168,59.774644192649,0.368317646723399,0.151214450830594,0.688473328893206,0.663122248175511,24
23584,81.93148749681,19.5107275341466,0.352086994880288,0.424800284905359,0.351233295138456,0.639859881881422,21
9682,113.318163248319,5.51226745598309,0.265711843985989,0.799683555727825,0.135716445046421,0.503085884365791,25
25438,75.2526136193961,1.1868304102274,0.0848724857006709,0.303410826483741,0.039195135598706,0.192273305364585,29
11480,68.8761345960551,30.8032696531864,0.0439939966132712,0.282102552475408,0.475801030180102,0.131185009088511,16
24621,124.751937518648,84.6511736262674,0.569236252330469,0.794145609019324,0.797729729907391,0.874441061562575,30
23770,136.829134413194,62.002569709293,0.186869103563087,0.847859039669856,0.700416362098335,0.36590396463966,35
11863,101.82459318492,130.157791858442,0.693794889798114,0.713390577351674,0.90659485688189,0.941123558685044,30
5093,79.162610764611,28.2687069239889,0.274997551528567,0.520332659594715,0.450525409177803,0.518679407529735,38
10345,96.1914281284484,26.3734619343458,0.33784637795728,0.672598490258679,0.430688617469005,0.618750538789204,19
23272,85.3085899483237,38.908142855772,0.178667346254137,0.471617452800274,0.548115885900922,0.35143655398433,23
8518,126.197630333173,30.2636055389346,0.0565931498561265,0.862032463774085,0.470534616688483,0.149207044219644,26
6054,73.4307039955914,46.2977818218345,0.560116678435201,0.415157091571018,0.60443696203969,0.867854583778889,30
23866,67.6497867578574,60.4924821450664,0.489308619080371,0.170570560963824,0.692375733199101,0.807409272989381,20
8007,78.6782385912324,24.6825757162254,0.0218704039565841,0.480445208959281,0.412268176187101,0.101584957005514,27
9748,77.9191698737424,72.9971605180665,0.420245470603988,0.457058250671253,0.752658357351934,0.731479559018464,22
12169,106.219154170074,10.6848341400733,0.775528807899181,0.743705803528428,0.226529146223614,0.966234430466321,15
18977,140.565802071192,153.176125547543,0.118752892716001,0.877300911583006,0.936480457746283,0.247639552766807,14
16084,71.7756132266182,3.52527979521427,0.745159108658147,0.307642282219604,0.0950267399167888,0.958260604224913,18
18772,69.4689143118641,17.8004753337848,0.257942233759734,0.242911576991901,0.32931141740807,0.48991072684105,31
5948,68.0652801522382,15.4205166193147,0.526101938434829,0.314217291073874,0.297162329144592,0.840929254453359,26
11035,63.8220835028707,4.0059327708576,0.0243002879915588,0.172389520099387,0.105285862439325,0.104698718472885,39
2694,132.800656150231,122.289087961958,0.30786758485074,0.910421222215518,0.893362935666914,0.572321274380852,25
16044,59.5890291383931,30.9013144394922,0.306495021776581,0.0306268054991961,0.476751297942965,0.570135108226698,28
22933,101.292136100978,23.5050249458297,0.0630386353026643,0.647006104234606,0.399015153653861,0.158721496413123,37
1728,58.5487625382788,3.16324386703609,0.168892376128209,0.116873282473534,0.0870883227039769,0.334227418124492,26
5400,166.075705994641,74.1736342458113,0.462506320047844,0.95972251240164,0.757650819577437,0.779987148646962,30
15887,87.2762636937732,66.40342753255,0.275274754777277,0.545257363235578,0.722603519781431,0.519142207018033,31
9979,59.5023707042394,90.1417084916952,0.0132979417130519,0.0699503081850708,0.815913916314331,0.0908887538860614,11
5112,66.2754637701202,7.18213735499706,0.118108371330237,0.284906081855297,0.167021609516144,0.246556143257339,36
21860,134.872656346011,55.5531482312171,0.601246343608041,0.847726402571425,0.664429015090037,0.895558889302581,27
18249,60.729273294495,10.7518727398116,-0.0503991452925793,0.0449103019200265,0.227600446173772,0.0276687037839447,40
7722,64.1316616291533,10.1658476544051,0.359435520407348,0.203829839359969,0.218157089955268,0.650499405487677,28
24092,86.5402187608182,5.53583233024364,0.325344600029997,0.485193925909698,0.136174463444902,0.599704780818138,32
16808,66.7704339672022,20.0535607806008,0.461266047153249,0.199930414091796,0.357999082351899,0.77865569789769,31
4789,148.461854667943,0.300922876088849,0.0114654827299292,0.937637544702739,0.0126499214139654,0.0886622765807578,14
15196,76.1438882717819,2.4430972963963,0.0167329907917556,0.391118373023346,0.0706648600104389,0.0951198966502523,45
7739,131.255145651616,71.9281040034987,0.109746957243493,0.883848496479914,0.748028142165894,0.232595532805078,24
14476,90.7090165682217,127.032003720148,0.107945336054842,0.592767094261944,0.901551883211355,0.229611647930254,24
16466,68.1655826557748,20.996597834267,0.0463804209316461,0.232677636202425,0.369542575236747,0.134537485763657,35
1256,82.0362074155305,2.72427081083122,0.123702438845924,0.590316658606753,0.0771867932460494,0.255991924689561,26
16396,68.1613124267484,113.559889101584,0.560917914236942,0.232587792910635,0.87642168634138,0.868443720348649,16
7343,59.3057744836621,27.1345470049357,0.708827345145659,0.0821228809654713,0.438754691380706,0.946661029352216,24
16285,67.4775746748839,122.233963312791,0.175171074382638,0.218059157021344,0.893263771012437,0.345275754676149,22
19244,93.3099722294115,13.2606775226744,0.149704418536054,0.59358942671679,0.26614755531092,0.300661889222299,37
19408,87.1256044723375,202.977746843405,0.564736921448327,0.522825189866126,0.972212904578871,0.871224005014905,19
7076,130.312955143426,52.5410542733209,0.345817639481707,0.883568278048187,0.646061183666449,0.630645310980342,33
7600,91.330267594668,45.0329468370901,0.0046970103111876,0.642794315004721,0.595371785304972,0.0806277943396033,27
1322,94.8092139170399,55.8285445606335,0.331748585983176,0.726534354733303,0.6660565866592,0.609519408135836,35
1534,97.958840233228,8.79234397498611,0.402657849095521,0.749813683796674,0.195291401897111,0.709391580775311,22
17002,103.689648995232,1.41205736568542,0.0026808188932867,0.701653369236737,0.0451934767945028,0.0782932769472176,14
9440,68.3012675235378,38.0325659878218,0.262582510468371,0.28509850660339,0.540873343718814,0.497792741769572,23
4189,121.759283822882,14.9149148384299,0.395518167457129,0.869725823868066,0.290067111749074,0.700110326372212,19
4664,101.981335013394,36.3613511554018,0.228974085862803,0.761359325842932,0.52668555222387,0.439942206863518,27
26180,193.563073863206,30.65703235656,0.158406770291457,0.953789562918246,0.474379960940967,0.315839488251301,24
12366,72.2500408642854,67.4661604374925,0.28114976786978,0.339510285062715,0.727696412282922,0.528911966050161,21
22462,150.839210682708,27.7566915610719,0.296917477382206,0.893644515192136,0.445247917834518,0.554743535277814,26
21259,163.972693237764,1.44341669219035,0.399935013954914,0.92515202309005,0.0460134167847267,0.705873308338956,28
17545,102.100450968501,72.7109541402374,0.171029874772825,0.68680547340773,0.751427582275547,0.337986098680563,25
24495,79.0984325675809,66.6888588602009,0.174879270457842,0.377011332195252,0.723981180719216,0.344761807718287,27
11181,59.2765921371837,2.10663106687508,0.317753524653736,0.0551254309248179,0.0626485867900904,0.587916118471518,20
1642,78.6397098239488,56.7671024863651,0.523674897662524,0.54012036905624,0.671540191026382,0.838861617266697,22
20112,62.9451889624914,59.8881347805623,0.275960425961593,0.0899938659276813,0.689093792131776,0.520286259516219,18
2828,68.8644619388218,60.8938667132818,-0.0720161934483683,0.359948781551793,0.694535089350118,0.0138078836454963,12
11736,164.549570170671,136.684700559031,0.227213411432152,0.94498741067946,0.916292419274293,0.436870238265292,33
3160,66.948610073551,118.942187784475,0.175266733656029,0.319397831568494,0.887167805657888,0.345444245748829,18
19778,92.7461386639301,23.0729130667876,0.385574109562647,0.585196516942233,0.394060898000099,0.686884666427619,25
10825,147.802278729582,17.5449556257974,0.202357478645963,0.91768004768528,0.325954254566366,0.393231437429976,29
2581,69.7393727634321,96.1717670851768,0.0631488153596277,0.380902807926759,0.833946138932851,0.158885783929956,18
26281,151.150033384447,7.5968805978872,0.210747132794719,0.882159781875089,0.174467904022489,0.408006200521689,21
18155,78.8335759273008,10.3409608947946,0.269000969286798,0.415181238204241,0.220997647029926,0.508629067958315,22
12063,59.0753873696914,6.29771910524598,0.0629880484623775,0.0411219145171344,0.150721390650754,0.15864608548134,50
10882,62.8166197428527,49.4897720946621,0.603334823367466,0.14783399249427,0.626344641384578,0.896832344365371,26
2981,81.1297917529245,13.1595208867924,-0.0312375146392071,0.566235450096428,0.26464824536684,0.0433907367610141,27
13136,100.725932623825,40.9958662649351,0.415283830749225,0.695601185085252,0.564876771061212,0.72536064618613,33
22308,71.6691381238038,57.6949152164481,0.326628456879949,0.25917896348983,0.676866435463597,0.601682094609666,39
24398,75.1521321309502,1.80417354334754,0.288216651152314,0.311992147471756,0.055215777923071,0.540561852351443,21
23069,63.0952349094653,2.52111396113378,-0.0840512076634964,0.0729881643783301,0.0724897143640575,0.0080139553674961,40
12842,160.600110172261,184.524560182715,0.631917826957288,0.936691587325186,0.962289746951666,0.913048456960289,49
8529,132.031788847393,11.229712978901,0.0030951199925393,0.882244950858876,0.235171170536122,0.0787707520202034,17
6809,85.7062646236515,180.196858923036,0.202637883998512,0.587737536756322,0.959483867281898,0.393725738829046,19
13853,93.1920857529927,24.9957448838973,0.104169715695714,0.624093557009473,0.415733154469313,0.223387991506684,24
9071,124.054939335254,85.0092441915732,0.339942877348064,0.852161458227783,0.798970635749688,0.621898083426514,22
14787,123.907536222451,3.34736027809755,0.656855108646038,0.830898537300527,0.0911495513595912,0.925451708841099,11
491,117.336736938206,38.2406681876803,0.0759951382375233,0.866743946447968,0.542606393279415,0.17839949424384,25
2663,89.9084021610518,72.4878400790712,0.369839093708734,0.672893630340695,0.750463666903218,0.665258032127098,27
20175,210.865582195168,68.7150793707006,0.150242184211101,0.975441009737551,0.733555779835384,0.301597154579573,29
25923,65.1234419653643,22.1399687315724,0.267241674522998,0.100119231035933,0.383192701427424,0.50566674102985,20
3303,56.5963225739859,35.1788644002752,0.165701498963101,0.0453176980372518,0.516348594081432,0.328622237226089,28
23795,108.091363268418,60.3496492180442,0.261083015844366,0.697326285531744,0.691603412725801,0.495249943089363,30
24264,94.8766909908175,37.6366252611523,0.158485576970462,0.57915322505869,0.537555658831885,0.315977317789866,24
22263,103.178621536846,19.9323042982129,0.168966648733282,0.665212797699496,0.356495549382636,0.334357972960405,29
10883,73.3545167493833,43.1569647833978,0.391335169086255,0.37148633110337,0.58150433168306,0.694589087985866,29
21223,65.0083407706583,2.50743012651691,0.124717975606749,0.130701816640794,0.0721705119830824,0.257712498862831,32
11448,59.2176315726721,4.91853804180208,0.486631792129024,0.0506683520507067,0.124003645305869,0.80478589498637,21
17890,182.65422643424,82.0787823816781,0.564681221148463,0.956998270237818,0.788577516244113,0.871183783337658,33
17675,92.4130511181736,14.8585663456458,0.280206450946944,0.593820404261351,0.28927029855503,0.527348358165478,23
24014,68.6151974470932,14.3665016944355,0.201981983350451,0.19075877033174,0.28225941969444,0.392569467863375,33
22354,85.4167869626322,66.1485261176283,0.149734030950797,0.478089539334178,0.721367075762085,0.30071338042887,27
21561,96.7916410897907,156.949710621105,0.256241738173414,0.614589740522206,0.940357040742867,0.487012693261985,26
22516,75.6605977384099,32.0775062275814,0.59477039098645,0.331218548584729,0.48799763332411,0.891530708380016,25
24706,136.7772851279,145.047238964748,0.374508133024439,0.84491230500862,0.927236297713333,0.671763553898536,37
22489,63.0865886826602,16.8804786279717,0.321122672046515,0.0753225234802812,0.317120141085193,0.593168667797246,26
26851,84.4555656087374,142.345712786184,0.376202542895481,0.435262476094067,0.923870055232382,0.674106121720359,18
9826,58.3935057368736,124.0990873252,-0.0211039593650024,0.0388866153080016,0.896567178322559,0.0529152964510911,18
2320,77.3946934726906,158.898437982538,0.394305392593712,0.518285969505087,0.942264002840266,0.698515886749307,21
2363,125.467609909167,123.061092028029,0.604851554979619,0.890271615469828,0.894741848974066,0.897749413908849,47
25631,127.039321119303,57.1471008415777,0.0067286870810121,0.798633811296895,0.673732888937102,0.0830077856920279,27
4741,124.66618159951,17.7672406749837,0.556591723418116,0.877365355147049,0.328875998932158,0.865238590780116,24
3004,72.9549735879053,33.2913043223745,-0.0299241547210639,0.438286154996604,0.499313478138387,0.0445794236334579,19
17593,96.4687356761897,11.9331118686456,0.361444804260547,0.637124122353271,0.246113501799685,0.653377797558715,28
14020,87.6121071731569,2.23388317633653,0.747038553617465,0.559726925799623,0.0657094546504289,0.958797013207428,15
17060,82.0948065510115,8.24595164879151,0.197034227485948,0.471749262185767,0.185887253718558,0.383843098647806,29
17135,84.6190734982353,35.9827867104405,0.569462956722363,0.503642985131592,0.523403642749533,0.874601492773162,18
22223,78.6053705106233,19.3523050701655,0.228093084153126,0.379638364072889,0.349241676473269,0.438405468158849,25
17597,68.2609281960342,31.7839514333593,-0.0611146819191324,0.229081122670323,0.485217051990679,0.0202617966208705,32
6000,95.1904812700283,7.2926980373222,0.170589655244576,0.69516045646742,0.169018439873268,0.337211759671023,25
21488,71.8693399135987,13.2307172362378,0.13735714755665,0.273630109615624,0.265703949091645,0.279302571599364,36
5790,57.0266642053861,190.228256783411,0.33105618024656,0.0369385592639446,0.965689963734693,0.608464111837577,14
18717,107.011363606023,16.2922788262809,0.441047066555919,0.716040667146444,0.309171874536456,0.756164869377385,23
24119,153.160778683383,27.0434007040097,0.364434074735241,0.894991074921563,0.437795886590278,0.657635371051262,28
12346,91.0082779194713,74.1449634114802,0.739302979528862,0.608688814565539,0.757530416688164,0.956550848715639,25
16704,74.3615877541237,9.41361820278253,0.306100981386738,0.349314349703491,0.20576642218948,0.569506570870413,23
25909,71.5320346664776,35.7424005620756,0.117440991126277,0.233203525654972,0.521306326612982,0.245435367423355,35
4806,61.4548902748506,38.1871315916754,0.280310916387985,0.171252666506916,0.54216124742659,0.527521613106051,21
24410,75.6992167671735,112.619431432815,0.507686412989094,0.321415016660467,0.874438931017897,0.82473860286544,24
14314,78.940349883185,15.4747169223454,0.703131811585946,0.441597625613213,0.297917188903597,0.944616793653314,14
4707,98.0919510649608,29.0792860626645,0.640210838890655,0.731924686580896,0.458760324846121,0.917346621423862,20
6094,73.9811889789055,101.551826411866,0.261407171241964,0.424863951979205,0.848493643206304,0.495799985246073,21
26887,94.7011759495219,4.00107493033877,0.0410873999275358,0.558837478514761,0.105183659528726,0.127141880260536,21
9169,64.8905296108765,25.1792388479999,0.589823804632849,0.209603783907369,0.417751956796164,0.888371883699599,21
8877,67.3680952723005,1.26184021951783,0.203249233420068,0.268255081493407,0.0412152389569814,0.394803334081894,25
13377,160.847620539979,220.260329244788,0.0481802967864885,0.936243222560734,0.979106396933144,0.137085267237537,21
15755,59.5966326888789,11.0877376643135,0.422714714108898,0.0308319833129644,0.232933607301355,0.734491683467241,20
17446,119.528952980859,7.91442612974777,0.0461621244877394,0.800134326098487,0.180089305913534,0.134229602291756,17
18557,67.8703069659688,23.6642108341036,0.313899851171861,0.212545815389603,0.40082779458283,0.581869018024617,26
5081,99.3481017513351,15.171202184928,-0.0146012205690728,0.73950260411948,0.293675810789784,0.059444167108674,25
2047,151.170806736628,0.970340518478475,0.137610036822211,0.948164348024875,0.0332212371334788,0.27973761394374,23
9878,101.325626834221,74.4033098602926,0.513381910204739,0.720671270508319,0.758613081951347,0.829870192594951,31
29,65.5137467029272,5.92762927590757,0.430929576877384,0.310870779678226,0.143717142947682,0.744354098764147,24
13338,180.321094685295,53.9918515933646,0.681142903777905,0.960635920986533,0.65503954478246,0.936098036364356,23
13488,64.3042887004135,5.48104706273084,0.315194108832366,0.16646494390443,0.135108849799228,0.583904554506295,27
5791,63.7069635627473,4.39772644866728,-0.0591820137491202,0.218561309622601,0.113435782086479,0.0215212536499093,36
4764,57.3844997124109,21.19373875355,0.648074144929406,0.0569100687280297,0.37192275537977,0.921260926403715,19
11987,78.0800771553132,36.7947013732642,0.295963210430222,0.445167610654607,0.5304112086703,0.553197188990194,32
17366,87.7895568908151,40.9845103318091,0.196636587373546,0.543757324572653,0.564787490960394,0.383141527551647,23
814,64.4040388113245,41.159383044857,0.430277009594861,0.278111645486206,0.566160089059741,0.743579581061936,29
6419,110.937145001515,75.0986282744217,0.401518365542825,0.805468592792749,0.76150190559856,0.707922414300174,41
5115,88.7620899080856,64.2137006660269,0.056856294576146,0.642000084742904,0.711789794854717,0.149591710509975,28
10310,94.973684360133,113.845575936483,0.458398792247974,0.661267733434215,0.877017615614313,0.775556374719813,33
13523,86.5497598064913,52.6709303160167,0.392861437860676,0.549419487826526,0.64687509294413,0.696610767629119,24
22558,122.259384118552,44.2029217263658,0.238176286162612,0.79005991271697,0.589299401075725,0.455940915595981,23
10119,66.0012532150458,15.9127774348407,0.0166882146298056,0.229050922673196,0.303978050263308,0.0950642660709701,33
23489,100.017042618163,42.5475861592212,0.236098760519693,0.633483997080475,0.576887913406174,0.452337893449046,22
16873,64.3333742948053,19.4130880773932,0.125851518565792,0.144671947229654,0.350006734181878,0.259635657689689,32
22946,76.2818801954364,172.054415496126,0.779608642092557,0.339121965458617,0.953618326717139,0.967198453234578,18
16354,112.664424185228,17.7377460738942,0.167596905458679,0.765561162028462,0.328489271267711,0.3319508748501,20
3327,74.7765364624849,1.86198010472308,0.44690895222248,0.466699963668361,0.0566546520047489,0.76283794824789,14
12988,70.0768010673599,57.8767555567602,0.523986973508126,0.29469794081524,0.677899457368677,0.839128596181382,28
9690,74.6777445171367,24.7537919978603,0.265279152206247,0.403706912649795,0.413058299724533,0.502355107193994,19
22007,60.8050292213492,95.1232715528156,0.16570023980246,0.0212873131968081,0.830947114115306,0.328620026839639,16
22442,76.3378022459881,4.78418799708786,0.188260904460208,0.342693692306057,0.12130501589407,0.368360214426313,29
4368,69.7584233921448,6.95160027972446,0.0392292263192595,0.36498021800071,0.162829507595013,0.124580603119907,35
1946,57.773646790106,22.4476749031686,0.0417405934796985,0.0907288785092533,0.386803575056143,0.128046605092259,30
5976,69.1964260992035,40.662961336959,0.0975910156729533,0.337671543005854,0.56225103144045,0.212644672767833,22
21569,109.633397191706,138.576060641733,0.0124386817664333,0.720415879739448,0.918906029897711,0.0898420551764502,23
20380,69.9130743040107,2.96620585934394,0.0837504352534121,0.243660174077377,0.0826836279359431,0.190503307336751,33
25353,68.6132023042258,98.0532734219613,0.217790032837364,0.180430851876736,0.839190856331124,0.42037823659638,21
3101,66.2911605932322,83.3230142837019,0.394938112529991,0.304869138635695,0.793056952269284,0.699348372039301,23
10448,59.0325566075949,50.5930696756256,0.054692563688824,0.0511926796752959,0.63360759596858,0.146438512946327,26
16119,64.4864642734454,82.5287804744256,0.314164847010851,0.151029555592686,0.790209120729406,0.582286166466004,24
8223,76.953107454683,15.2859111959916,0.414516028806613,0.45347252395004,0.295282869748796,0.724405847609477,26
15058,144.340867364937,46.7109389410542,0.211034323276233,0.898626979440451,0.607349813626101,0.408511329857677,32
4466,82.8500935246056,34.2439974522388,0.439754589435395,0.577340361429378,0.507995250586648,0.754676761403542,23
22761,107.266903766582,10.8187116703564,0.549862934485967,0.695282397791743,0.228666286307048,0.86013480591995,24
25904,73.3674134142779,197.629344459649,0.0026012417600099,0.26739109819755,0.969644667575184,0.0782016986750938,13
6618,78.6562436519514,1.30422969780101,0.136652301033104,0.497819151030853,0.0423466423691167,0.27809061906771,26
17488,61.6413169733947,108.198275596192,0.6683302365474,0.076262331334874,0.864670962524571,0.930650609319654,25
8909,80.8046332622846,24.166437202266,0.109175756634034,0.506045375950634,0.406503227483305,0.231648531035081,34
21345,114.90776293535,56.6172403306467,0.132736437937507,0.756469926564023,0.670671114687207,0.271373697738514,29
1681,122.725119931666,79.9436940036537,0.172492529343369,0.882443750509992,0.78065397932143,0.340559709211863,26
8205,69.1525778868949,28.5161383028329,0.261975518779712,0.311865925556049,0.45305460555132,0.496763920554205,30
9205,161.557511138724,7.53138291350247,0.267012879500732,0.94544213777408,0.173299926958013,0.505281047106651,21
24276,62.029829409037,2.01316952700454,0.216199135428237,0.0396100340876728,0.0603763836444452,0.417586583059048,38
20022,63.5713295370802,44.2967491686358,0.16534430736889,0.105053984792903,0.589990819735264,0.327995256794421,34
7718,81.901437125378,52.802923177824,0.112876742219115,0.530019185971469,0.647700202363555,0.237800031723948,30
1387,80.7200515607129,1.86308840506765,0.240878204193761,0.572701214114204,0.0566821506430373,0.460618409072323,28
15170,74.8044979007769,29.3808344084278,0.40615959269282,0.368293794803321,0.461786952330932,0.713877573557127,22
4281,94.4053193257433,1.08863260154679,0.349338871060453,0.705498693278059,0.0365133620053451,0.635836175743672,21
19966,130.017201463405,90.6174591160926,0.509177070671912,0.837860376108438,0.817407573352333,0.826092504108101,35
22124,72.9047383592049,29.5714423228951,0.215209045702927,0.282310656271875,0.463689894323738,0.415848263972379,30
209,147.554669319081,42.8123862007733,0.285062189604491,0.946046996861696,0.578900796186361,0.535375784762024,22
15757,60.8199474348767,32.2032143078183,0.0620577221683354,0.0632570893503726,0.489183073651212,0.157261276214217,20
17644,70.4582978951875,12.1554900793643,0.405724658056094,0.270963513059542,0.249524512123385,0.71332276528227,22
10154,77.2708274077388,67.9973864750358,0.213822043391756,0.443882814608514,0.730205116617999,0.413411920653315,27
9285,67.6444255680755,15.4036612299095,0.666228953197115,0.271170128602535,0.296927355597268,0.929721639512736,22
1712,56.4235355662441,47.5631616849945,0.398399816310301,0.0526207168586552,0.613284560606226,0.703878041099561,19
5120,57.0592066169208,86.4309625993857,0.530077509339135,0.0440075218211859,0.803820122799785,0.844273207353003,20
10323,176.064341535816,182.674466847588,0.31238599946608,0.960641457699239,0.961115125781575,0.579482247242251,25
14054,73.4843628150999,12.4363256808174,0.0503803885147103,0.350616780109704,0.253799897181829,0.140221744239885,29
16738,71.1846644347413,42.1278287378812,-0.0407716089824114,0.290705634746701,0.573675334166499,0.0351826893769906,28
1227,58.611128715172,8.4072687155934,0.0664916665617783,0.121980563271791,0.188683027204523,0.163895828673183,36
5418,105.965681966306,91.955230337338,0.297106999166972,0.781769255874678,0.821540719373318,0.555050376318916,24
22828,104.058594558269,13.616988521806,0.272703975241087,0.670285490108654,0.271394173921347,0.514844048169578,24
15181,62.0670956865363,9.4105344275433,0.176770969910874,0.100647855782881,0.205714979757175,0.348094304160468,29
14720,108.780487536151,155.870064287105,0.337116865758416,0.748766757780686,0.939273127212511,0.617652128000186,17
9494,108.262596849716,159.149542255102,0.486412339487803,0.771718200761825,0.942505182231469,0.804569696405529,39
19809,74.901171476921,67.298329769151,0.0593821583421305,0.339511623838916,0.726898730476242,0.15330053174672,16
23196,60.9452361035957,19.7267853473047,0.187761174962358,0.0174245778471231,0.353936993618346,0.367478272650016,24
11935,70.4957356807497,17.158523407937,0.346964386153215,0.311759551987052,0.320835139197388,0.632340119682444,29
5341,63.5561518505029,58.3655644934092,0.147253207998483,0.21488395659253,0.680658905221482,0.296403687306114,22
10011,117.135288391285,30.9381651510836,0.505641850450871,0.817834574729204,0.477107946737858,0.822869077974961,23
3910,84.5790363488452,98.1349845213584,0.555797085748254,0.604941184865311,0.839414714941519,0.864643406998945,35
7280,79.0734729733075,20.5037047513545,0.255919030660499,0.495208336273208,0.363542042714276,0.48646216287878,21
22841,97.8406415006534,2.90465371130449,-0.0270399938166988,0.615523744840175,0.0812946697340199,0.047238051906216,25
699,119.138304628944,23.3957439929215,0.161264914199135,0.872281780000776,0.397766909267593,0.320842163301121,19
11994,73.3062816408484,69.7233787684184,0.694380437820529,0.364742452278733,0.738189325856924,0.941347916630861,20
2082,87.8357641576195,41.9419166779779,0.556247908115719,0.653801411855966,0.572243873307309,0.864981320065825,33
18135,97.5335584085056,70.1434871359445,0.220709232379187,0.642474983818829,0.74009479377512,0.42549556885203,28
20519,179.207290144938,178.504835796926,0.534992690182261,0.948765113018453,0.958330187384448,0.848334300766363,51
15322,97.0148538772839,44.8196511352832,0.128196506466672,0.651659835828468,0.593820789987452,0.263622806718081,29
18513,83.0761362481564,110.124018627305,0.414257470892642,0.47484559728764,0.86901813751871,0.724083841831173,26
2916,100.105802302026,51.8915032715342,0.784857443347115,0.759062241297215,0.641960105675836,0.968403655032755,26
9455,128.804301538861,38.3669104136958,0.45499447890263,0.870041905436665,0.543654156326741,0.771837904471044,30
18515,60.9801162213529,15.4970556335895,-0.0064656075598829,0.0513922257814556,0.298227984801804,0.0680531523378587,25
11140,127.61725396693,162.213829888285,0.237131308910847,0.859883285593241,0.9453672942547,0.454129312673261,23
17532,176.978790666213,76.364356700104,0.278394027794547,0.951480303192511,0.766668075212766,0.524338663223407,27
16255,101.525758695758,10.8170571406865,0.123723405601685,0.686521148309112,0.228639929773366,0.256027424665809,31
13738,79.3272184611743,33.2974295261821,0.205906182709385,0.450305070262402,0.499369851336854,0.399484903903805,26
18341,111.294950015827,165.078932268088,0.282282689134855,0.747321534901857,0.947912542569111,0.530787241927473,26
14120,74.7970876317561,24.8278387524277,-0.060826545886616,0.373840084066615,0.413878469501468,0.020447398806504,31
20311,92.2987175024164,26.7695968245222,0.310652897875021,0.577947963261977,0.434903942532546,0.576742095157184,26
8832,60.2116917548686,0.814922939643014,0.326585945705466,0.0951207452453673,0.0287786835148817,0.601616698921401,15
13942,67.7340624308828,120.65915888279,0.271572202573294,0.237730989698321,0.890390629858842,0.512947473264155,14
13575,59.9560452109977,5.54831558151852,-0.0647661354151558,0.0540641034021974,0.136416889447545,0.0179760307130724,45
10871,62.4329108958491,7.03367664835703,0.0156592553479567,0.138262790627778,0.164326435769423,0.093789328631841,37
21392,64.127680275273,36.3168214936424,0.200938205558302,0.110326052643359,0.526300833876103,0.390729122713329,21
20871,108.229614019918,2.09858445411311,0.253644052684574,0.714563715504482,0.0624537819733955,0.482576109082067,22
20781,64.5117707721437,73.4446438422804,-0.0822868556661933,0.121898375218734,0.754569878618489,0.0087731308484946,16
25575,137.282721603064,39.9238377625985,0.182243541013066,0.842610462103039,0.556358204582434,0.357742757856462,21
20483,177.617550457283,30.1315518575705,0.60397539925346,0.947528390446678,0.469236623650531,0.897220453724358,17
2445,84.374381442868,37.4597162502111,0.316511845590645,0.611069072270766,0.536064617207296,0.585972231840063,31
5431,99.5467870401708,21.8496681895297,0.772125378658672,0.736420377157629,0.379761980655376,0.965411634149238,28
16582,116.20074025299,21.9153765990735,-0.0039723378434986,0.786038851365447,0.380540573710947,0.0707867318067629,22
7855,90.6515355341405,178.533097392598,0.153835435222388,0.635712688555941,0.958349727674911,0.307855734562466,18
22137,96.967484674175,71.4930202960479,0.328014956870362,0.60939932288602,0.746117769396154,0.603812058819796,32
8969,58.9484973737911,62.2643857274019,0.210850639066589,0.0603449132759124,0.701787571836994,0.408188259679008,24
8588,152.625925931973,14.1691143945512,0.274207695546992,0.932044733082876,0.27942012023747,0.517359833326599,18
18184,122.48070208111,10.7811449542454,0.492369423845424,0.811277421424165,0.228067510675424,0.810377860285502,27
25305,70.4017791352108,8.70135095113702,0.274387824970509,0.216432995628566,0.193738029666901,0.517660881848673,28
21738,87.4323169429219,197.141461441948,0.125841920734426,0.511463319184259,0.969398770393593,0.259619362486653,7
20965,133.20178099807,179.891078383386,0.0919481866303483,0.84579550800845,0.959277795745724,0.203538630983375,25
21421,83.4481548439734,5.29298255918538,-0.0533724774196547,0.461719412822276,0.131429757978085,0.025510614745865,37
7770,88.2867426883444,156.561510478493,0.0076163932443273,0.609868084779009,0.939969586715272,0.084056281281146,18
23775,73.7179292452463,6.16588470692704,-0.0141147657777432,0.289238455006853,0.148239320903726,0.0599453190885941,41
1305,59.8274688916227,165.14189948588,0.446111498210044,0.156639696797356,0.947967108846841,0.761937464301243,15
26786,76.8708301225406,22.4864337640082,0.568791082187045,0.320691216504201,0.387256553914603,0.874125566220475,22
3325,108.992070932968,2.97067124060998,0.4700638371953,0.814063209109008,0.0827841460080134,0.787980305646702,28
19371,135.890915107323,2.42094998517298,0.248061655184804,0.86100235930644,0.070144602194255,0.473004621074428,17
8691,146.643885584872,15.0370624311306,0.708501193640694,0.920396989677101,0.291790173491939,0.946545704732151,18
15163,58.9105070441887,0.459225596493669,-0.0670493425067812,0.0174512646626681,0.0179364111290417,0.0166097957433096,58
14395,129.944455213054,44.6644797336256,0.753305664009316,0.856768902856857,0.59268835515073,0.960543353669212,21
12215,58.8699850644116,4.51055525651362,0.102773450207394,0.0326451568398625,0.115750032525492,0.221096879088542,28
7002,61.920084085721,32.0386491478166,0.323653430192936,0.155134425032884,0.487630568025124,0.597092812478602,16
12878,75.3327286562647,11.5213772112319,0.183039101488961,0.391631361795589,0.239737059311513,0.359146123158266,33
20345,125.861264815879,208.466567485403,0.743966286486799,0.818733794847503,0.974620729489134,0.957917080715993,23
301,72.5958486729699,120.784353982089,-0.0307664624140973,0.451421943958849,0.890621909094466,0.0438154829595404,18
8639,131.095431354994,4.96725330761597,0.147108815450156,0.879222484538332,0.124977620625918,0.29615310663008,28
19335,79.5783115470766,117.210577034476,0.46444338483761,0.41858453117311,0.883819170848254,0.782055502307241,25
23504,62.1765207031875,57.3492644997599,0.110477342585676,0.0481773109640926,0.674893047431287,0.233807742102982,25
10639,58.719013976012,29.139576008551,0.4964111618326,0.0424109376035631,0.459367038059382,0.814247157335686,24
8095,84.7211381863798,122.081398436484,0.742270394336955,0.56443400750868,0.892988827472547,0.957424527088027,37
6519,73.5960135776019,22.8930853704766,0.304511605298588,0.415000912267715,0.391984429752564,0.566967181756373,28
25919,61.7645247170402,7.22294271578903,0.228848547641258,0.0208968869410455,0.167759608849195,0.439723279705587,30
5416,89.5969697848674,9.02077905624091,-0.0592317351578416,0.645597175229341,0.199169228312221,0.0214884247111888,17
25634,82.5133485983007,7.54389792504768,0.498493197633033,0.415469562169164,0.173523326593837,0.81621793268187,18
19646,162.199990217985,16.4253432018358,0.0827034926750738,0.925556287169456,0.31098069240097,0.188855978645874,14
21011,164.684162476667,99.9995303585613,0.779889947733637,0.92724850657396,0.844436473109452,0.967264037973052,51
7651,72.9101446047655,15.2461679949414,-0.0252717789428108,0.387380414875224,0.294726637609291,0.0489004812429718,32
4029,60.2564328877274,0.856803064731212,0.183169367972177,0.148790338775143,0.0299901556486062,0.359375926768178,40
16951,65.8581799012033,1.49505718368997,0.0094054534025692,0.179697204846889,0.0473561584045803,0.0861851413187897,41
10465,76.1458181527181,175.119293377841,0.61881275104158,0.422660609707236,0.955920933198749,0.905889216898408,23
20849,78.5683002620206,46.8694396114253,0.468230215666364,0.392225983086973,0.60846106031292,0.78605989951731,26
2213,72.9171441413359,85.6130074216573,0.345719890893249,0.444076250307262,0.801045112598773,0.630500653441309,27
18039,88.6608529673024,23.1357519391927,0.657862767728792,0.549099247902632,0.394784450731924,0.925920694276865,31
4895,130.564254022705,36.204448737636,-0.0361595065723618,0.896503402385861,0.52532841093202,0.0390600295173784,15
3576,137.66244253597,4.73023359833378,0.50667666058216,0.920025310479105,0.120215998606403,0.823817110816541,24
13765,106.096335770915,58.3881689383925,0.432564410373703,0.734461464686319,0.680785900951163,0.746287674527201,37
11697,60.8168027356957,58.7967852750057,0.538751705702943,0.0909589615184814,0.68307231235279,0.851385921963037,21
13042,167.400815968584,46.6870779808545,-0.0468669511718173,0.945861191721633,0.607182226912953,0.0303329728838024,16
25618,64.3914914112683,1.17507196771061,0.109678528782519,0.0834473317954689,0.038876295590952,0.232482037312043,24
5398,64.137044209676,117.232980762778,0.338111182076989,0.228949486277997,0.883863139375916,0.619148844725836,22
9625,87.0797753885901,46.9688902647607,0.701025603557176,0.58246651943773,0.609156556373069,0.943844367676324,35
2203,139.274743271122,95.3621983013667,0.117735768327295,0.926900887396187,0.83163540634398,0.24593027289483,29
22264,191.302870119955,96.0313075564856,0.254940588093583,0.957885890267789,0.833547589829083,0.484791882342924,37
11437,104.811239999212,84.5195022978963,0.112321480513377,0.737995917443186,0.797271418420248,0.236874794953272,23
5044,66.8025317244815,59.8808090115064,0.663598072971099,0.296596017898992,0.689053781250375,0.92854409492853,28
7717,102.256791523261,6.67461518709208,0.0373112257019506,0.738927618367597,0.15774070637331,0.121956374009204,19
4310,61.2393333096762,11.7565881203192,0.0342474586133172,0.168783295433968,0.243389499676813,0.117806279679253,29
16937,113.014194871207,98.9428302284867,0.663949877320055,0.765766093507409,0.841610692524406,0.928702492526666,44
16123,67.2448397429158,189.549363267635,0.663538126110598,0.213048293022439,0.965302075319886,0.928517075372474,14
7245,112.469143978324,38.4912055809051,0.144845638057152,0.808190247276798,0.544683138534207,0.292229426853136,30
6858,66.6085204205997,21.9739554521201,0.392119497707546,0.270124472677708,0.38123366735685,0.695629021878632,25
2373,93.4866118019169,38.8043904309705,0.314620670005937,0.709853244945407,0.547264375456022,0.583003254681246,28
1053,70.7743654731793,48.035311245041,0.281061309478638,0.411023752298206,0.616530425366959,0.528765424357008,33
12312,80.5406086110796,5.13579308684259,0.132707059628986,0.476781660923734,0.128329016064084,0.271323411949352,29
23265,96.6957336485916,35.747491927254,0.58510295704298,0.602148157777265,0.521350855519873,0.885290073606773,28
11789,103.540575294317,30.7329471955556,0.429219103430875,0.726532083004713,0.475118223204344,0.742320699751676,28
5083,57.3564859328034,14.7254802053609,0.147998280860325,0.0529786520637572,0.287383463878929,0.297697154745424,39
13805,109.94420138898,152.114353891991,0.402480062411689,0.760338540421799,0.935344239572148,0.709162659290991,39
2777,61.8111662158896,15.4647113122773,0.333371985469529,0.200102185364813,0.297777921426513,0.611987989573063,22
19261,75.7110413157086,1.88552893283797,-0.0436488447703798,0.356168110622093,0.057238231214074,0.032854050496801,41
8894,110.022519495223,6.0163999218558,0.355852978482316,0.784575861180201,0.145407613260269,0.645334385544113,24
25061,127.188934935157,0.512090217025339,-0.0281107058714207,0.804102532565594,0.0196240830250355,0.0462433650451573,27
18698,64.580166416902,4.2681638726167,0.483537970659859,0.136805950431153,0.110760582166418,0.801722141075327,16
3717,146.362182457213,50.3357011561601,0.455302243405565,0.936731074471027,0.631927127030703,0.772175795139638,31
2157,88.8479358008575,57.1220527234426,0.540355869975274,0.66461957199499,0.67358883719468,0.852673990118564,31
2415,72.0173997462422,23.5481989782164,0.0656910926153115,0.424511168384925,0.399507433142561,0.162691505470015,21
18454,83.8278422100779,53.8587274109071,0.274401665459988,0.485153903253376,0.654225996195604,0.517684010515843,34
21325,61.0985281676392,1.1589829266679,0.388082356215032,0.0363342766650021,0.0384390441670941,0.690253239886997,23
25675,211.645851368542,33.7916348291586,0.2251774424547,0.969464326044545,0.503894491463072,0.433314001519349,31
24178,111.697887835888,14.3848036686191,0.214538816169917,0.720766802318394,0.28252189397461,0.414671135181823,29
855,123.953033132146,182.49311863495,0.491057258472722,0.889597908826545,0.960998013625968,0.809109286027815,25
12316,73.9689712383317,142.428014676625,0.21467408984145,0.370792136061937,0.923974912704932,0.414908742410365,24
15494,164.199428774322,120.654069721887,0.390033290234841,0.937354826368392,0.890381217817798,0.692858183036261,31
5964,68.075073522203,49.2110379209089,0.233649255693713,0.314424049574882,0.624485163880193,0.448082863614121,17
13458,84.1682150653915,48.1686682053638,0.0611686226542324,0.52168660541065,0.617441831587572,0.155941485031523,26
22762,99.4510461903947,4.94801495606655,0.409147078614569,0.630563889397308,0.124593270012546,0.717670204284623,17
26212,182.043786801885,86.7861308952035,0.041986999861668,0.940657331608236,0.805012529052629,0.128388484505003,23
9275,69.1962987900855,1.53328894661642,0.164437045105226,0.303630250040442,0.0483444265708079,0.326403189061925,20
26854,112.596982145092,27.5177538160078,-0.0405938492451783,0.711422331864014,0.442764705089707,0.0353288446930704,22
2152,81.6619652992499,13.3383057419185,0.0744360207575264,0.579388892278075,0.267295180048104,0.175994515392136,22
13348,68.5186347985602,83.1365986237503,0.285770827533523,0.260038904612884,0.792392167195522,0.536542822564289,30
11005,72.9886885796786,38.1543725029817,0.33809356404911,0.364855902735144,0.541888623294879,0.619122351203413,29
4350,67.2868729304219,46.9758176096059,0.738716769972987,0.313635344617069,0.609204951707842,0.956376460530509,16
12727,78.5861850089059,60.0189843420573,0.334647412433581,0.444545867387205,0.689807525718049,0.613921858914643,20
20200,88.1742774057165,84.5985662094589,0.427733255430433,0.530629927990958,0.797546747375235,0.740545738579382,15
9219,64.1282612877481,8.13594547900514,0.0879755269911799,0.19161639874801,0.183971265781423,0.197192003558462,34
3152,101.507817977952,96.5425334544361,0.165252140307696,0.769154623150826,0.834993448750253,0.327833491667554,30
3520,147.866336977246,8.2545981424896,0.373915600669356,0.940291049191728,0.186037522939066,0.670942054465096,22
15606,68.2974541999977,18.570631832186,0.17066787639338,0.238261058926582,0.339299494622282,0.337349340735746,26
11890,73.871466876163,0.790688422048033,0.389004454674218,0.374870795523748,0.0280724279917198,0.691486108335654,18
9068,104.787795922509,51.3051384333595,0.58019153576603,0.748510310426354,0.638213916021557,0.882013380876279,30
15776,61.6677775062778,38.9798484373568,0.293026145361219,0.0850611962378025,0.54870333905629,0.548423681604012,26
8141,81.989241133683,70.8894023544142,0.571731807383608,0.528378898510709,0.743442158558161,0.876198336136062,22
9485,129.492524501731,67.6240652676452,0.734375928832816,0.872438579332083,0.728444673931599,0.955066494155713,34
25073,94.4146672388139,100.938038543824,0.214516000769997,0.569672446232289,0.846902605562616,0.414631058854765,22
19679,101.712845397646,111.191984570577,0.204689857730978,0.670385960256681,0.871366895487371,0.397342088389049,26
23451,135.158797862436,12.5753543333713,0.336593099639146,0.84315849118866,0.255903296599605,0.616862499540651,19
6641,175.329880804158,24.6986559668107,0.419507868295405,0.96693069813773,0.412446693824731,0.730575524703851,21
20133,69.364467566878,73.5107142377224,0.456054588284209,0.232610825216398,0.754850797291404,0.773000340833488,25
14654,61.063514869883,11.1292696812248,0.360613653084915,0.0777830332517624,0.233589187347903,0.652188748130979,27
15766,104.98111347901,2.10946368660425,0.175551979133306,0.715787404682487,0.0627171269735251,0.345946693046018,30
5855,79.8869151124573,71.9169308588109,0.0820757662644897,0.521953326184303,0.747979272264227,0.18787023018128,35
15803,116.947184567081,61.7178071795938,0.289142063010402,0.79191372054629,0.698917371192094,0.542078857949673,24
1645,56.1689314500405,181.16505667454,0.145462413092672,0.0446009377483279,0.960129418395083,0.293298001130121,15
13409,58.8526514513837,13.6404685350461,0.33418371423346,0.0266640784684569,0.271738044067258,0.613219344877702,22
24201,98.8513661244787,9.61679324802437,0.274349503928395,0.618310514837503,0.209143891566246,0.517596841949104,19
15951,70.3566651389794,26.6207389879117,0.15482595194714,0.280173234874383,0.43332428886169,0.309583693530486,32
5679,109.084090572433,67.9319146201551,0.0651293702554386,0.800773478578776,0.729897248195478,0.161848165817906,24
26681,92.3556738687221,14.5215714117037,0.190076436767058,0.533298887545243,0.284479113343907,0.371564449693184,35
20201,78.2037206613732,0.633394463520153,0.233913841882175,0.391782227903605,0.0233846911477593,0.44854282480269,24
22640,102.02434835269,55.2615569499744,0.0011915205142921,0.653330469503999,0.662696460729682,0.0765865074876346,25
22780,68.7365574079793,16.1734072378866,0.596538086765781,0.198467239271849,0.307550614599699,0.892642250167779,19
12963,64.6189039533005,50.6718357072773,0.331467173545077,0.17674209177494,0.634120232778055,0.609090680321599,29
11427,87.6774284349962,138.7576791164,0.306669672996839,0.578892428893596,0.919152586705461,0.570413564298661,21
14703,107.074391070778,29.3479073462829,0.0527539862400987,0.737170305801556,0.461457427018347,0.143632490368691,22
10900,62.2693381128327,30.7461398304066,-0.0040266367669311,0.134148458950222,0.47524639752609,0.0707267321538732,24
20931,65.9687810391527,23.0100197623021,-0.0534989166029704,0.15501476963982,0.393335658541212,0.0254205748381834,23
18856,61.9096759413696,171.333784975219,0.235908044313977,0.0723676716443151,0.953059454100055,0.452006864367201,20
17554,77.6592842489558,6.25061103046809,0.220375368143281,0.40206188778393,0.149836104674449,0.424910663386087,36
26393,66.2821048473775,14.9514682279531,0.451473920083032,0.120891238097101,0.29058335039477,0.767948316429215,21
8337,76.5871441718463,1.49187805493964,-0.0312469946988911,0.444594208849594,0.047273759299059,0.043382206922292,38
20789,129.298837329747,21.1719118828514,0.21540312608379,0.83042004914023,0.371659781679229,0.416189069870098,23
18847,76.4182272344711,36.2474114616981,0.0435169700650977,0.370802140329033,0.525700456288144,0.130518415096374,27
11707,79.7380995455623,41.7541395395706,0.714043788421595,0.470540657173842,0.570792658682364,0.948477262439388,25
6468,91.3723342290977,34.1469096697211,0.233544605462208,0.656145861838013,0.507118390315173,0.447900914924743,29
12071,58.7450610773789,7.63771498691117,0.677330081670905,0.0319248295854777,0.17519459128868,0.934515419800632,15
15923,95.7117911787819,23.1395086517333,-0.0499573634478111,0.636974392924458,0.394827673590463,0.0279959871423291,22
1361,82.804349004925,1.56542390268182,0.307916401656984,0.600244263187051,0.0491713728345466,0.572398935422329,17
23244,73.2159373913651,50.0932820460648,0.104551174228399,0.282748406752944,0.630336638270424,0.224014918199254,21
2933,108.344064988226,137.168568061568,0.718486622667719,0.81239304644987,0.916969123453854,0.949982770112856,42
26114,208.407753715282,11.4355384078643,0.136080112437635,0.966376104624942,0.238397553069471,0.277107407265094,29
26525,98.4113262944507,13.1623728119026,0.744554894151499,0.596286932239309,0.264690575559958,0.958086895385739,12
10886,94.0056056010904,18.3962914511726,0.126473074807551,0.649499805876985,0.337055453232296,0.260691354247858,26
9376,62.0025169801522,97.5728006325878,0.0454333491738269,0.139152222778648,0.837868006452791,0.133203513700829,22
23165,85.3204719743869,24.9956951696549,0.415973491610223,0.471774936188012,0.415732606373627,0.726216466620761,30
5298,60.7822035476766,87.1269516847368,0.264809229624616,0.150218645576388,0.806149693328649,0.50156104607943,25
12714,73.5324124653969,108.317416146485,0.0217649854298476,0.360104666324332,0.864944162716323,0.101450673447793,21
4113,94.860393466176,6.34334616999491,0.308560953440238,0.709544649813324,0.151577135251067,0.573423733362191,24
11154,77.2692503122394,1.84295196587642,0.309633100885399,0.438063290435821,0.0561820203994087,0.575125910640815,29
1153,56.9196633780209,36.5874234450408,0.370435130991081,0.0712824196089059,0.528633305411207,0.666092615346967,35
15641,94.8770790635803,203.458894808135,0.557191991487951,0.628831916954368,0.972432899335881,0.865686858171287,31
9841,98.9891593228438,3.05160716480827,0.109525102992248,0.701792723033577,0.0846003889692941,0.232227611573233,25
11969,82.5842403152714,89.8209451278699,0.70637464472188,0.511300632264465,0.814899714276121,0.945788621906097,25
19418,65.2885151201728,76.5357911358803,0.176744887389926,0.150399487698451,0.767358742592209,0.348048345358921,25
22789,67.5507754277457,9.48319051427253,0.122866418921463,0.173654661281034,0.206925570598363,0.254577210167854,26
10213,102.557860659906,17.3883436964054,0.369297081025459,0.725702812895179,0.323885723240747,0.664498056005057,27
10921,65.2836522041603,163.516922970621,0.0970404308514475,0.206769903423265,0.946540194885199,0.21175162001047,19
9693,62.3723858591798,3.97441533173155,0.15537310852606,0.145563405938447,0.10462225552845,0.310538688853907,35
18299,81.3741724708125,13.5888444076202,0.0424187332846191,0.450698785483837,0.270981694474612,0.128988270967856,31
5985,61.2930943496358,71.2681170803134,0.603828555818571,0.154331737430766,0.745124301522662,0.897131587592818,24
8256,74.8727337052172,6.33575888600836,0.168939186480221,0.418981357244775,0.151434950361349,0.334309699953584,32
25690,71.2752069365689,57.358786023823,0.0416703713743452,0.228287881473079,0.674947579843887,0.127949233413165,20
23349,175.042618087413,65.0177684947499,0.355129472684496,0.937700232490897,0.715811499236785,0.644286211558061,45
16778,87.9423616669728,7.71698249317792,0.0288301090948898,0.548165222629905,0.176601998953203,0.110596909500675,28
10972,136.921805039584,56.4816807253862,0.554506157765577,0.890533196507022,0.669882861595201,0.863672205706252,33
12285,135.567441663971,159.96817351468,0.0171198249825564,0.88134007086046,0.943284379314032,0.0956010261823289,12
303,65.0210196565994,10.4736341591289,0.187709678895604,0.296054621227086,0.223139060610556,0.36738739152668,32
18205,84.5831801121486,41.1002051774728,0.134430342238691,0.495298642897978,0.565696132111025,0.274275828705033,30
1459,111.292066243694,25.4282744353345,0.432997435790848,0.83583374787122,0.420478468519744,0.746798207123601,27
11623,84.6434828360249,7.2428525908957,0.22651995834606,0.538732446497306,0.168119263367221,0.435659445549889,24
19101,118.890493870258,6.63217483826394,0.619973972450689,0.788077370030805,0.156955843729834,0.906542125610159,15
4564,59.0354296088724,14.5035543107369,0.192467776806954,0.10831641824916,0.284221702534554,0.375784964997772,29
22097,179.586630117448,88.9152074920122,0.334022414808058,0.945844720350578,0.812004537835475,0.612974819663238,25
10336,113.985322427541,33.5412220111043,0.379472594963548,0.799609664827585,0.501607720226454,0.678599314858855,22
6849,58.0628593766062,6.08358587320292,0.147773126944899,0.0526877772063017,0.146682627363331,0.297306200676927,33
22609,70.405890902817,54.4402024245236,0.442429303302695,0.232082749018446,0.65776441240561,0.757749617266467,19
734,64.7373180899421,22.2794282012756,0.245030771967609,0.286004432244226,0.384832471171312,0.467787690266893,35
8654,61.0072174561152,1.85517764688021,0.244465243943885,0.116327207302675,0.0564858005038069,0.466812766685037,36
3245,91.0103992927348,24.7883180945767,0.423152836177357,0.681287687271833,0.413440895725001,0.735023831653354,21
19065,60.2259968990142,41.9586532929309,0.228456707117843,0.0265810559503734,0.572372956915779,0.439039838065817,23
3148,56.2608433781899,17.6655998816838,0.0515528082807049,0.0379861281253397,0.32754207689809,0.1419029937673,30
19911,77.1526345519272,75.1228518692857,0.458129464482973,0.377518150256947,0.761601891785072,0.775263720721751,27
11786,60.2963775699087,94.1227117421809,0.419809488388318,0.0771587898489088,0.828032997507778,0.730945439087926,25
17420,84.4484593916308,4.71327051279364,0.0842992542775676,0.501382135786116,0.11987298400854,0.191368474261677,26
7889,57.7165553158112,98.0194117898284,0.315431856690954,0.0337428031489253,0.839097993467555,0.584277965610444,21
15575,115.253587567427,47.8833005341947,0.42510548804066,0.784428713610396,0.615488651900465,0.737387115866205,40
4381,102.496427256382,28.3592860266337,0.323719721972835,0.767198459012434,0.451452880488312,0.597195354836762,26
7652,176.734785988771,96.5049743016235,0.185078307916388,0.965367136523128,0.834887665989483,0.362743893311493,29
1664,89.6751231962179,51.0810714250374,0.379290245843007,0.675897686043754,0.636771228836332,0.678349724424545,19
16444,69.167018471131,4.17008282446984,0.320412925934692,0.2534459233284,0.108722494049501,0.592064847741417,21
4212,85.4235821923856,51.2814667323165,0.457098908213206,0.612308908021078,0.638061795277112,0.774141485382523,39
11268,73.1895963532719,83.2629994862481,-0.0232836960022167,0.365566696273163,0.79284317296083,0.05079880579908,16
3406,59.4271179735688,9.32069580237271,0.426829499741432,0.129005284979939,0.20421394754896,0.739462225338769,38
1670,56.4316103844669,5.598810231575,0.0078811541684101,0.0528739085420966,0.137396061951513,0.0843700044987677,49
4501,79.9128890210442,18.3844395704243,0.210144915297375,0.537238543620333,0.336902543325754,0.406946825667933,24
20795,138.547993619287,52.6144892907823,0.140656889533876,0.864525039447471,0.646521635452766,0.284987577571973,35
10516,130.667952674073,153.391384798641,0.779185944447573,0.872225522994995,0.936708325244693,0.967099690413495,54
17126,87.602376560143,38.9784857474983,0.336799443434494,0.541486098431051,0.548692183066697,0.617173683077003,29
3830,68.662912043383,19.7962645193293,0.110753281023602,0.349238419439644,0.354803397763105,0.234266087836327,26
217,89.9586858141862,114.698729867749,0.384046641787632,0.686835337430239,0.878779777068232,0.684822570089414,38
2823,156.852641372252,31.4717927535897,0.0780112063664311,0.954437469132245,0.482241176968252,0.181523668472163,21
21253,87.1066219200516,84.0172285666374,0.266149569239204,0.509914149995893,0.795513204007364,0.503824797510716,23
5992,85.1134507471199,100.447346626938,0.445856250629825,0.591644562315196,0.845618274044424,0.761648751771881,30
23262,110.331463365024,46.7501566011681,0.0736491617247444,0.715335989836603,0.607625088211015,0.174784487844341,26
23040,189.532698353397,130.00692656625,0.572662778449252,0.955597731750458,0.906357625763743,0.87684897447093,46
1986,108.865903352423,1.35931535250562,0.0849534792408617,0.819248773157597,0.0438064399847238,0.192401248408923,29
25548,104.650080513805,92.119185523953,0.706066172276829,0.660316098248586,0.822040566592903,0.945678056453267,36
912,68.1041309128183,151.445456223836,0.509744419640745,0.360848947660998,0.934617859205183,0.826605781884497,29
9359,60.9029082127733,2.36711911683051,0.2813265873269,0.110624610446393,0.0688758911720663,0.529204836108128,20
9888,68.2157243643306,12.330190031842,0.297006714119241,0.280284163309261,0.252188307715635,0.554888023226516,30
24152,68.7346518573781,60.0029851081741,0.0945981629907556,0.190633439458907,0.689720349790893,0.207801994019839,17
24407,140.654645002642,138.241578828356,0.172486881940512,0.859636685345322,0.918449946605547,0.340549769981426,20
5737,72.733308851254,150.195889671981,0.0630122439161893,0.408862242707983,0.933238612178539,0.158682152754518,19
5313,75.7544982141871,24.3940524101391,0.221610321167409,0.461135585326701,0.409053934227591,0.427073732387271,27
9758,118.694028473016,10.1761762776978,0.189890308420609,0.827127165859565,0.218325083418787,0.371235946538074,19
2844,61.1852034982752,31.4597087623551,0.0567582597920889,0.180353232426569,0.48212558003052,0.149448364579629,29
24244,71.1518734464759,6.37825769361077,0.504164026357684,0.238786444300786,0.152230778814998,0.821508724810284,20
15865,69.75335458979,125.986288462458,0.222507628285575,0.268150071613491,0.899803399843376,0.428644565255852,19
16586,166.541621174207,3.56581704781002,0.213173053301016,0.939277560450137,0.0959038598264228,0.41227148934018,18
7966,84.0099703152817,7.80994223236242,0.101994796667962,0.558128419332206,0.178247119807065,0.219821713334521,42
4531,98.9330444342818,20.5702273881901,0.0518287935157209,0.740930109517649,0.364356066720161,0.142299741382282,28
12930,66.7346506297664,7.79920480082922,-0.106421111943719,0.224749573273584,0.178057393725699,0.0012450164767178,30
26339,102.840607195168,90.5241894606069,0.155756015573518,0.638806008733809,0.817115738336997,0.311207205627073,19
24601,77.055057417904,7.0400321044419,0.0904745829560872,0.341598027618602,0.164442141791735,0.201178083530402,26
1083,66.4866988523206,61.0140136210161,0.428342181636379,0.322596723446622,0.695178312894058,0.741274114494218,27
23651,91.9718846822647,55.4541481093961,0.156120832751794,0.550270958803594,0.663841856073928,0.311844289825016,21
14253,100.496011631873,76.1895916239226,0.307858280314372,0.689188847085461,0.7659617816275,0.572306471379023,35
874,76.9249445205436,46.690738226378,-0.0200338219920656,0.520484071224928,0.60720793960032,0.0539677323893784,12
10366,72.842106327686,81.9876706464395,0.12000779574841,0.365132801467553,0.788245557624172,0.249751828651463,26
9644,91.5929524478191,31.8116873561711,0.169338356586754,0.632700997870415,0.485480510874985,0.335011408526854,34
10768,76.2916959568756,13.5073794512052,0.483865694133389,0.422162417089567,0.269785882058788,0.802048292209498,17
10974,59.1618231842731,183.646728913552,0.44229266713427,0.0519484914839268,0.961736957696705,0.757593271278576,10
17691,67.0789636056692,46.0894094227941,0.483035024869342,0.201103117549792,0.602958945453021,0.801220864281895,25
2586,131.046592521984,35.3558406332905,0.364842775756611,0.905694771092385,0.51791177688134,0.65821517224513,33
16730,96.0937165171166,58.0865040410649,0.346887726967987,0.635897336062044,0.679086644958092,0.632226952712487,29
2766,72.0406224726479,49.3253048472107,0.430887794049185,0.424938768148422,0.625248666667998,0.74430455385591,27
14098,71.3286119210688,27.4890071723035,0.798215997592024,0.31050084088929,0.442465066607436,0.971299556202669,26
7924,62.984767847239,95.4951464711894,0.641695948749307,0.175896446919069,0.832017144602287,0.918097786747258,25
10485,77.237203695462,90.0596804532286,0.200614263299119,0.440442396560684,0.815655106066596,0.390157891901881,22
24900,179.870006057229,37.2054020913327,0.455018567891058,0.942044890485704,0.533911723429989,0.771864363833398,22
4673,55.9873078364022,2.49619425087027,-0.0078473240426035,0.013945487793535,0.0719081382584884,0.0665572779128581,41
15523,61.7859674348281,1.35093120209421,0.0018252589841723,0.090795693686232,0.0435850011697738,0.0773109415165528,43
24751,89.7650728879016,11.0972689660304,0.261608128564236,0.520083143841475,0.233084133514768,0.496140882799181,31
18128,61.3763772477058,33.3097276310822,-0.0644896415058724,0.0641906089149415,0.499483014835987,0.0181447882966721,21
12577,150.600716334276,203.104854094214,0.181184010878203,0.918466070666909,0.972271193477539,0.355874000820563,27
9819,89.7232634157836,7.04505663814837,0.061051203174541,0.6127053424716,0.164533596432449,0.15576745420096,19
208,66.8154287250564,115.956520810055,0.40771746327844,0.336614019004628,0.881330626456697,0.71585927607938,19
4465,75.6291422639295,55.2460136385395,0.215279976327227,0.471458342624828,0.662603837827869,0.41597282151487,28
23091,115.577496572878,93.8033258444408,0.243228368657491,0.751228740205988,0.827091896566676,0.464678889177388,33
4677,95.1785002339127,3.21085170274204,0.689822468389714,0.707396285608411,0.0881433818558085,0.939582483657321,21
21790,78.5972570916461,1.1888888208683,0.605534925965877,0.387383567867801,0.0392508892625745,0.898160478835025,12
25059,84.4960413319732,18.4233200976185,0.0929689913749494,0.450681760208681,0.337403999408035,0.205178158625538,27
1527,156.463909115572,191.456717624762,0.356398591368207,0.956179245607927,0.966380738914489,0.64612371209923,28
14663,132.199905949989,34.0558847844505,0.723972837940916,0.863458428531885,0.506294673397601,0.951790417231718,23
16929,69.8851197778591,71.8515287864236,0.211848714420514,0.265160301467404,0.747693012277581,0.409943466635968,20
4855,65.3251456029388,25.396714868515,-0.0163434109845082,0.266548100626096,0.420133794135959,0.0576637772350629,34
19524,135.427200068271,39.5901179488176,0.231408243012842,0.85803832882084,0.5536686985823,0.444183767202842,25
14911,121.937129761047,5.9894700221307,-0.019460951818172,0.820360423764214,0.144895489113716,0.0545347170362507,20
3834,85.8200403369048,10.9857374502715,0.458470289528141,0.61983111104928,0.231319917855489,0.775634020236288,17
7305,65.2311727651553,0.760828351050676,0.47682027165898,0.232756042620167,0.027196728890997,0.794952237509585,18
7837,75.5580706913412,33.5479128448879,0.549939110157789,0.433579842094332,0.50166897697628,0.860193399695341,25
10839,90.4533148626466,158.848227481591,0.387216783443405,0.612908829236403,0.942215653835583,0.689093250372435,31
14332,86.1185366784957,71.3041556794966,0.480846814423595,0.541417612694204,0.74528376968871,0.799029418927325,36
12373,72.137785857413,25.4828954163816,0.34851831777032,0.337411536369473,0.421074425622799,0.634630068037169,30
20193,109.892558187067,6.79782425242277,0.074692764319202,0.730162657098845,0.160011453757539,0.176389876811864,32
12764,162.44999004722,63.5119653844992,0.420754459203045,0.939566252985969,0.708230678063816,0.73210225180199,33
11490,72.1797087454079,39.9909791294852,0.147349264355302,0.346983026713133,0.556897127362096,0.296570400800168,22
6030,111.429374465539,9.47858699905885,0.22455471350024,0.810106210410595,0.206848955709112,0.432225464738859,27
14827,70.9363066393916,150.96479894521,0.415793497732,0.300061290850863,0.934090779643257,0.725993271799178,24
21465,64.2460231087259,15.6000692865439,0.103676188984041,0.113093002000824,0.299658790208536,0.222577513202543,43
2974,69.9343134820845,7.20889021309956,-0.0359897350416921,0.381483979988843,0.167505592143921,0.0392061146386039,33
23116,95.306698842247,43.4299087466168,0.403178125613991,0.588221648242325,0.583554036909486,0.710060853295291,31
25856,100.496452735707,41.0984840422822,0.054394780955479,0.622402815613896,0.565682630116411,0.146006304262606,21
7814,81.2210798291775,31.5054702382142,0.671577555291654,0.520554303890094,0.482563183056819,0.932066282102429,22
10651,72.5819651892597,31.9092054131458,0.22371467508727,0.360354830976576,0.48640558833269,0.430756483812587,24
16252,72.9116032562126,163.492867555789,0.325242252852057,0.326029421761632,0.946518775969933,0.599546944888706,25
24660,62.4612460356432,17.7776100659884,0.484241811559652,0.0476862259674817,0.329011891388294,0.802422133834736,22
6754,67.6308346904365,2.2048212875759,0.0392959846265997,0.295512102078646,0.0650136463545257,0.124672301034094,29
18301,66.3284122951749,14.9689890206787,0.0801140856808035,0.179161012871191,0.290830611623705,0.18479928680173,28
163,59.6034087858024,26.8088705344255,0.414430905127957,0.157056258292869,0.435319836837768,0.724299861828968,17
25864,88.7597084139326,7.74683101234749,0.659306605707928,0.498308361740783,0.177130864287045,0.926588461551793,15
24820,62.1843378955867,2.03514351529822,0.25430913108289,0.0409328287933022,0.060912505114867,0.483713076084344,31
21766,119.074322322179,34.8262694107621,0.0652392977772212,0.778500704094768,0.513217079818986,0.162013096081405,26
20137,125.598111797264,42.9987474143168,0.351088629261938,0.817552598193288,0.580311095733754,0.63840091078858,33
12954,62.7405922569176,1.74512605447295,0.612519201530434,0.13151041069068,0.0537364712370779,0.902286650439028,20
17819,166.241719358537,21.2244254834534,0.576928947726184,0.936434232397005,0.372292241956812,0.879796559782381,21
21209,61.127444037396,21.4421457114884,-0.0314987795687307,0.0370702953077853,0.374905960130833,0.0431559239111221,34
18545,70.1065853617612,78.5041349989558,0.722802760174952,0.258458770578727,0.77513733086839,0.951409598609772,29
3226,83.1995524832696,59.0614203244226,0.600610276968526,0.593509629834443,0.684543753426462,0.895168576957768,28
23164,124.679592074887,104.132327661842,0.569925663410378,0.798708372982219,0.854998660911563,0.874928441504544,38
5891,56.4818324007459,10.0775995460103,0.183838379912952,0.0173020055517554,0.216719430198922,0.360556191420311,26
5962,57.3941067139104,37.5163674896573,0.628786879175862,0.0449690888635814,0.536542676645783,0.911379400791507,18
4714,66.4244828029294,110.833407260856,0.714856890719979,0.291468385607004,0.870583142662143,0.948755613623206,20
5328,107.796762285281,40.3638243907916,0.812769396392732,0.793147472431883,0.559876632253592,0.974189317442607,22
11847,77.5208668889288,7.18294368745,0.418266779211263,0.436325171263888,0.167036204281698,0.729049973275515,30
23739,67.7902105225944,26.2511601628494,0.237816422869449,0.173539537470788,0.429379641818444,0.455317204550084,38
1707,98.0825707633311,27.8845777631336,0.273689833222784,0.750773092266172,0.446571644642339,0.5164939582071,21
16288,71.1861170414352,73.3320445931707,0.337695389592327,0.293548163259402,0.754090350079547,0.618523332795721,29
9505,95.2322440102336,23.9597949036392,0.2359321899927,0.668582332087681,0.404175991392729,0.452048776896189,28
16526,68.7112021582125,8.3803484389133,0.810860431496211,0.244066983927041,0.188217613308672,0.973825343177388,19
26288,81.6151201336128,23.5096133573585,0.134448147688476,0.397421229397878,0.399067495040634,0.274306362668326,34
25921,79.8737315214865,25.0522970415779,0.0349914112945839,0.376263739075512,0.416356237452377,0.118809246157217,24
4847,66.3961142354946,29.7569854135056,0.438949381596103,0.29083659267053,0.46553474924571,0.753746612890614,23
20178,143.259708374082,99.914353818241,0.423202629815976,0.881494638742879,0.844210636070168,0.735084267733104,23
14064,156.004244499374,46.8306324473626,0.0465742681760268,0.926146663026884,0.608189301140711,0.134811090590635,27
22860,114.671227867112,83.92423755689,-0.0199800339501551,0.745688675669953,0.795185952210949,0.0540208615137221,14
2644,106.101159701018,21.5096438599354,0.598649260062821,0.801291696028784,0.375713519273861,0.893957941269015,15
8397,89.454016952883,6.67700592362276,0.15569191399778,0.617590180132538,0.157784877848821,0.311095279469767,24
2185,59.3930965234224,25.7092022630891,0.291266848423351,0.137814968358725,0.423535802421521,0.545554278337984,24
9363,164.957964854159,181.955790406657,0.442558226080233,0.950041850097477,0.960648914376265,0.757897075102659,32
13074,64.8908047898153,44.3207114138121,0.218716514743785,0.180198096204549,0.590167193698691,0.422003098886713,28
7790,57.3760176844507,11.5846955345761,0.0611627472051847,0.0237112850882113,0.240722874696762,0.155932775366325,25
11091,66.7333066671145,1.76357146509058,0.129967776176917,0.23939436650835,0.0541996370799,0.266641987358722,38
4676,59.9711855949407,3.36072993298195,-0.0240949423734441,0.131355084944516,0.0914424861580462,0.050020472594962,38
14992,87.8110192399596,23.4370965462631,0.160539570640822,0.556907503865659,0.398239623650746,0.319571835271868,31
4787,57.6190540860451,57.0855028448382,0.431088231795414,0.0639282716438174,0.673378516798453,0.744542169741537,27
13342,89.5535162130041,2.0708671772232,0.179278843091347,0.587513897335157,0.0617815859833143,0.352514568607331,26
11030,67.7842829789665,143.17789343489,0.516696220545352,0.26216541742906,0.924923556940504,0.832804928112498,23
13914,89.9735852500316,141.38509114372,0.526470983090666,0.587128816638142,0.922635222571097,0.841241907137232,26
20187,69.3618904055764,18.009604970411,0.512224722345765,0.232558521907777,0.332042867387829,0.828836640636354,20
13972,79.6214807987958,30.4290868780426,0.153556165479829,0.451979691162705,0.472155985602752,0.307368753382974,29
4839,100.968814233879,62.7175982407955,0.229877399517818,0.754038446117193,0.704145462737416,0.441517003967748,29
210,123.704758788906,78.069987524126,0.300564659771708,0.890223412774503,0.773445322326686,0.560632534246816,25
9736,104.133835110348,83.1269366826128,0.367486670915142,0.741717024939135,0.792357650809151,0.661952453352705,34
4131,85.3253135659673,52.7360645604157,0.286751159198232,0.611133174039423,0.647282517844025,0.538155395638399,36
25498,89.8603943995934,99.7866206383607,0.0974479800024615,0.513985994504765,0.843871330690861,0.212412575140087,18
1141,135.883848590463,2.40396132395767,0.306673634574969,0.921585285570472,0.069744848960822,0.570419879522184,22
9838,62.5079450453139,63.1515199829417,0.023018601095808,0.148971464950591,0.706384466401518,0.103051890216057,20
19792,92.4660684507098,44.4769846934407,0.567509356543382,0.582190293818712,0.591315402000591,0.873213765380547,29
9663,102.857196689941,34.6550744474491,0.179361972338083,0.732363287592307,0.511688356412813,0.352661128154363,26
24331,128.015167458305,68.6358058174302,0.497115356094768,0.811013345373794,0.733187842395561,0.81491542458438,28
3453,79.2651113333753,17.8496892976233,0.384594955239844,0.53697235067375,0.329955509778464,0.685563729430336,29
8403,57.5337215723888,20.1306890323751,0.260934266998453,0.0225891913287342,0.358953131457818,0.494997475008938,22
3533,72.2175469204704,140.678356086117,0.296155142534121,0.421713230665773,0.921713744052062,0.553508388387531,21
8509,81.6110893931941,14.8273827382403,0.648197499664455,0.517447137506679,0.288828808823674,0.921321104205214,20
22809,83.97537279985,30.2589506805812,0.385870122420148,0.456165998242795,0.470488925433417,0.687283350141285,26
15873,129.56094856574,24.1860239211355,0.350787916344852,0.849453059257939,0.406723243944734,0.637960833885728,30
12795,109.292655141428,8.93676519164962,0.165121311258251,0.76016106409952,0.19774664924181,0.327603881275597,34
1409,55.5356368077354,28.8528038599169,0.122462692531958,0.0275194614659995,0.456474057077355,0.253894584259884,14
1245,161.703188774505,56.6595666881994,0.21889875953421,0.962906989268959,0.670916821528111,0.4223226393081,26
10759,94.0424403137549,31.4194112146491,0.383051543744862,0.649859650526196,0.481739873750752,0.68347482960408,27
22012,167.881731779949,25.6425582301567,-0.0169781308054288,0.929198079043999,0.422812266456347,0.0570207769661991,23
4641,57.1039602120693,0.379930386246769,0.167433799561449,0.0484434433747083,0.0153375227202882,0.331664330743392,31
305,56.9896941020271,14.360460027113,0.742699685354045,0.0799787233117968,0.282172744992233,0.95754967233515,20
19104,75.9149625146863,12.8006600499696,0.102620387061936,0.359628678765148,0.259293781685426,0.220846071314538,28
20884,66.9225195208574,0.719412725388245,0.344632738434845,0.175981414504349,0.0259716147997582,0.628889753168881,20
22868,83.2610513173433,92.1339022639858,0.498138363935562,0.446276272647083,0.822085362329399,0.815883136561887,20
19785,77.7140262538813,72.3610326171476,0.363668684419185,0.386633158195764,0.749914075485079,0.656548060146765,30
10307,100.603996210458,88.6661629755683,0.554217647389348,0.710438850568607,0.811200270904473,0.863454422942422,29
10620,80.7100769719859,17.7037350701617,-0.023735578825173,0.493304647970945,0.328042964173034,0.0503646263216485,23
24420,83.5720497622456,42.3092439623658,0.0833472302440889,0.443003090796992,0.575067072476779,0.189868396594283,27
4987,115.116855160453,74.7760103537376,0.642123636518021,0.83811661740765,0.760166061338355,0.918313076915302,27
26546,102.288084823862,3.15604304538211,0.522074665022126,0.631878480082378,0.086928436763151,0.83748744199629,14
6106,85.7904302944043,1.82628671474431,0.0590061634805956,0.597070942865685,0.0557672756764189,0.152746563325495,25
12444,59.3621226157068,6.71948698628204,0.399960798962804,0.0462459265254438,0.158569032766491,0.705906749374208,27
16984,104.707727830071,187.00730899171,0.53388467237905,0.709470837842673,0.963809842392139,0.847425851298638,36
18789,65.3944703604255,171.077256174665,0.350798450445213,0.155507907737046,0.952858864716774,0.637976254866869,22
14843,128.909141099532,41.0284563437532,0.535869091667696,0.851402761414647,0.565132880869347,0.849049961213588,34
13643,65.7036242690365,35.5632134377022,0.374966361478165,0.195967449806631,0.519736177577329,0.672398032403681,29
23663,83.9264556501959,15.9373725440328,0.183018560167255,0.45042981300503,0.304316242950264,0.359109886482223,31
17766,98.1722843044737,20.2672705474096,0.262318031276231,0.650664649903774,0.360638208195554,0.497344546039562,20
26663,80.7226964652839,43.1173094273031,-0.0102674459577926,0.38164355349727,0.581205612146745,0.0639702448454413,23
7953,89.0252616660955,18.4620730728341,0.338889631474156,0.618139552418143,0.33790332293318,0.620318503241907,28
26467,147.208083396123,31.9402515073496,0.10708372175851,0.871168344747275,0.486699696922898,0.228187808861963,25
9583,71.9904670352279,9.65599216957093,0.394427839143394,0.355316719738767,0.209792851676585,0.698677102637481,16
20223,64.7169619165843,48.9638864801791,0.405311145124885,0.131936875637621,0.622827981211346,0.712794657512269,29
3771,74.2137635231639,74.8165737561215,0.652766258281346,0.453946604859084,0.760334449510999,0.923523609732818,27
756,97.0141739944643,20.4866924447203,0.52144753519211,0.747169907204807,0.363333656164623,0.836946533283097,22
26502,67.2695578058082,4.72040172573294,0.0770087009755262,0.139709351584315,0.120017222906495,0.179968144173581,45
23020,74.2123233915537,10.0890204860982,0.0072834943289442,0.303326601861045,0.216905724366939,0.0836624748226578,42
13821,88.8861019760998,17.9850035620522,0.0979313167210631,0.57731637568213,0.331722299782442,0.213197124766202,29
8765,67.6251276273301,11.2815763456133,0.230797695494157,0.273786173667759,0.235986085800537,0.443120492094564,32
18208,129.933157824058,27.989581312908,0.259086689528481,0.841996511444449,0.447655738052095,0.491858296524887,32
3442,93.2734356538542,125.1860618699,0.0924366539481366,0.700274059548974,0.898443977689153,0.204322727353903,22
6853,129.653693871087,117.002039620148,0.500637776716862,0.882818969199434,0.883409085989041,0.818232012433461,35
9750,157.830194108593,23.0270496618894,0.0319035293325218,0.939043064136058,0.393532139687857,0.114666549182138,16
25029,63.3978250121536,74.7941512530065,0.109925628545062,0.0676787467673421,0.760241383765672,0.232891937204919,21
16627,165.451576916256,9.62884583515471,0.647735322841691,0.936839755624533,0.209343519954475,0.921095440802556,22
26225,70.7929530221873,7.87995217086351,0.19696678475892,0.213900309754536,0.179482285427738,0.383724109061362,30
22999,91.9627997109662,22.3864315831123,-0.0154893682052862,0.554952876409516,0.386086977309256,0.0585337189962771,27
885,62.1659124425697,23.8053280850411,0.193905744673478,0.222682373365387,0.402429129187731,0.378322723095287,36
22403,126.967597431631,17.0358040176345,0.489726736628211,0.812597681069747,0.319198764881018,0.807816748128233,18
4588,67.187309794302,21.3033232167477,0.302998959042383,0.311477975687012,0.373240974448597,0.564544234808467,27
6558,73.9771532437206,4.74395926064509,0.284134430863374,0.421711070230231,0.120493326913909,0.533846142937013,31
16212,86.7409363787652,3.1525897250471,0.389397788595674,0.536071009235457,0.0868517311403189,0.69201110258964,30
17087,76.3056106634436,5.60507619519269,0.576894263988226,0.382655304856598,0.137517408772084,0.8797728199381,12
20186,96.0325613135195,61.3097358407023,0.401821319258979,0.616479274118319,0.696755378293406,0.708313470521064,20
205,68.801684947986,15.5774207706395,0.282716058423949,0.378668481251225,0.299344553553172,0.531503820076456,27
8674,108.315360829671,64.84126755162,0.582702423840316,0.774076261557639,0.714933810074743,0.883697572591709,29
4307,70.9217557807365,33.0104619445572,0.479812903731085,0.387738950550556,0.496720946078172,0.797988035613789,25
14537,82.9369038185261,21.3047413886606,0.328021185166117,0.496993833687156,0.373258011380292,0.6038216140506,25
24698,86.4483572853052,176.27266375017,0.234852361364109,0.479043830418959,0.95675715486776,0.450173687260831,24
24536,67.7656714630444,35.1869016693121,0.714151866381483,0.167870032833889,0.516419709305708,0.948514334306517,23
16407,154.189870354813,22.8187517675783,0.695147519452624,0.917864056769758,0.391123554429887,0.941640749188148,30
13500,82.1898735905819,42.1544561771722,0.376107341066768,0.492076088907197,0.573879923026299,0.673974762209349,31
21219,92.8242192245735,27.5381538709673,0.504663753070715,0.576384356478229,0.442977228251816,0.821969579333435,30
14188,80.1605817257417,6.52566960712166,0.0330204858593861,0.460053395479918,0.154980074975853,0.116158877004314,39
15869,60.6741021408981,2.66811296980015,0.0746982810725927,0.0594517444260418,0.0758960970592867,0.176398375023738,38
15202,78.7631784688573,52.3887538659721,0.150647502527718,0.433291889028624,0.645104168888921,0.302302318204315,22
24550,84.1522929839649,56.3236954142173,0.397064717400962,0.448490852722898,0.668961658496109,0.702136062607472,29
20024,107.45426489782,117.421738005867,0.462564441624333,0.71306907851249,0.88423290962436,0.780049406692886,27
1055,118.742866778059,13.4542081511819,0.159670531448459,0.869125063065439,0.269003888777454,0.318050501758969,27
23398,120.674391281981,42.6371363784387,0.627199053680856,0.778390715131536,0.577569815997249,0.910523118896066,27
12298,109.061179416441,190.38737413435,0.650866908404092,0.760676660574973,0.965780239920211,0.92261418030568,33
3096,99.6351273872339,20.6801821695585,0.138395201268978,0.755571295274422,0.365698695671373,0.281089022601422,24
6762,104.319145721582,21.0520580093967,0.236505264744548,0.762394777266309,0.370213310701737,0.453043317722051,27
23194,88.688458110043,70.7709146729565,0.389175793419224,0.514490561326966,0.742913476828231,0.691714865569031,37
12305,107.173904015392,18.5116821211247,0.295375344767119,0.748189149191603,0.338541815650842,0.55224345284585,28
16270,115.871105808216,11.3155645269415,-0.0015397391340278,0.784211806487292,0.236519422145773,0.0734958805822004,14
572,59.3578741219535,6.10949584467034,0.245498591439209,0.150112381670624,0.147173323643163,0.468593819677512,28
14464,82.0298534587634,131.639943160536,0.636429597662238,0.484368372475728,0.908893136320832,0.915408766762714,28
26218,108.586444520924,11.3706525459014,0.189519995457331,0.684865291696042,0.23738266196649,0.370582372868028,26
1481,55.7105599198421,0.371332896016633,-0.0229364787935403,0.0331678439397365,0.0150502382324038,0.0511334946370786,48
4841,76.2978817384246,52.8767032238512,-0.0003315487167533,0.479245881317183,0.648160508750238,0.07485670593931,18
20599,93.5718718695453,30.4106426976749,-0.0094527073508872,0.589127948042005,0.471975556734993,0.0648364532025909,20
23109,151.31205698565,88.7017214174977,0.61593746368592,0.892621006350964,0.811315321684525,0.904256790210412,32
5979,57.3548382879068,20.7265887813403,0.379283077263945,0.0437951439525932,0.366264286367112,0.678339910095646,23
3007,81.2840026688587,8.89620383857067,0.328903972480656,0.568332197610289,0.197058339655393,0.605174795059449,33
17120,84.4701646202221,53.5022474978448,0.336996253855502,0.501670355210081,0.652037300687647,0.617470368179818,24
16794,60.5181247176027,20.4800627039048,0.127864239388472,0.0499911673832685,0.363252424140927,0.263057160034403,20
3975,95.3998454655259,13.2207549335295,0.342735070259893,0.716729926876724,0.265556357751514,0.626068966597848,22
5299,86.6517930479038,68.9420958333287,0.169755439914267,0.618352780584246,0.734606492169804,0.335744719036484,23
6248,85.2097297703403,14.9977804992486,0.390084605109442,0.590016255853698,0.291236673205734,0.692926520674674,23
17206,87.6405715124481,181.935465114459,0.690214033355678,0.54195051221177,0.960635647241455,0.939735868578502,19
4962,114.355966357481,2.28259841672475,0.300501001337299,0.834468679269776,0.0668716322506363,0.560530036398306,26
26259,61.978838033182,54.0041187341287,0.520153815053375,0.0213743534404784,0.65511440814603,0.83582645546698,15
10507,69.1779692873953,15.634960745625,0.200572174619579,0.294242071453482,0.300142518134977,0.390083671579662,30
12652,85.90083098753,115.885183034375,0.165023644114227,0.546659942949191,0.881187432975191,0.327432480257952,21
22224,109.187635904011,34.3348363575229,0.532192165030067,0.711296884343028,0.508814067961478,0.846030293297619,19
8225,86.6087992519179,100.068749957843,0.0038910310253279,0.587650923291221,0.844619753332976,0.0796912789846783,23
13023,96.4974554765209,4.08608673142662,0.0703038432104277,0.658678929787129,0.106968028220198,0.169668451462696,26
14325,64.2254020807171,61.9244912806379,0.275973556444087,0.158905738266185,0.700006147194398,0.520308158204688,33
26699,63.7254814511333,42.5180727224072,0.122874231637131,0.0606990756932646,0.576662910008997,0.254590423628158,27
14587,63.8016710595554,40.3244502122526,0.572081839845577,0.146004016511142,0.559563036341076,0.876443279972081,13
16471,77.4250647619242,34.8774553871579,0.278549886980974,0.403806013753638,0.513673101921838,0.524597763293546,23
21946,62.1387930949775,0.823645080438118,0.54659145331842,0.0547922933474183,0.0290319183279295,0.857600682897811,24
12116,82.5758943594846,1.92169945971478,0.527547657089845,0.508425576845184,0.0581317527954418,0.842151436389136,10
21643,136.875251040254,15.650132576301,0.0643078606808207,0.856222951551899,0.300352716171112,0.160617296057225,16
21911,61.534237174638,9.28402577696179,0.103472789357326,0.0397569213528186,0.203599935446103,0.222243695245474,33
6455,60.6459361675944,0.593730159305409,-0.0484596203621927,0.130921008065343,0.0221706560083611,0.0291182312443214,41
8046,161.799062417563,6.21694792993378,-0.0067142172527798,0.948100770357996,0.149202380455656,0.0677829970691645,16
11954,65.0161821746317,12.8194953186426,-0.0508447649692297,0.194704264868051,0.259576209655595,0.027340309024047,40
9356,67.3914804377328,60.9031775100843,0.255760400707554,0.26573082851246,0.694584987572047,0.486191479198373,19
18512,95.3743649328205,42.6767155342529,0.18580567429992,0.619418004294857,0.577870815120194,0.36402736394028,25
3438,80.7829926419902,34.3145580864446,0.242506527235412,0.558481220388785,0.508631414984588,0.463432551548146,25
13659,105.38145950814,10.3136618043785,0.291208775001105,0.729339669691399,0.220555884759656,0.545459433584796,18
11487,65.9803264259375,66.4767282710011,0.372187583848749,0.219672560226172,0.72295800409721,0.668539486167158,24
12148,81.2705921566028,13.0352538665501,0.139700445685561,0.490123329218477,0.26280039891388,0.28333788747585,34
6650,103.479775313481,73.990963365144,0.746668619535795,0.758738201810047,0.756882621481279,0.958691898770397,35
19090,60.6307441321296,7.01505010398088,0.312365031659959,0.0371430658269674,0.16398715470246,0.579449144742478,32
20163,69.4823186482794,1.11487213129227,0.049277220617543,0.234998618019745,0.0372342828531712,0.138646027778954,39
1796,66.108352079558,16.5353310712727,0.420449901397767,0.310786361806095,0.312471052018068,0.731729770335215,26
20241,79.5345222292442,96.1074268855472,0.387432349965318,0.412569544743747,0.833763698289527,0.689382383949169,27
15222,76.6993157963365,54.8036641405015,0.0900594257160915,0.400328386109322,0.659956398234269,0.200514390793488,15
10552,93.6433577295799,40.641179538529,0.480837003551602,0.648418425116688,0.562078619154842,0.799019555085157,26
17201,100.896326236031,61.9981293321813,0.696315115614653,0.67681720899418,0.700393048857719,0.942084130703344,26
1174,68.8137398958785,9.72697846302481,0.688955522610529,0.372192875947803,0.210965899055267,0.939241722477487,20
17387,74.2590797725796,85.2125716404785,0.590104628669288,0.344722363632172,0.799671749424839,0.888553133340456,26
21699,136.440230464704,108.933268029159,0.261138504925687,0.854711870430037,0.866347360513212,0.495344113158149,37
15833,63.3197231811166,8.31843232185419,-0.0412142699663394,0.12603147001937,0.187145442593523,0.0348198836405988,48
14515,97.853526367018,5.46835204040968,0.233747043587851,0.664006291888654,0.134861530455202,0.448252869464307,21
22425,153.396927157356,77.7535194517066,0.226295668123334,0.8998173403088,0.772203571148974,0.435267723353925,30
9936,65.1754387082652,36.7241850170142,0.192576684067811,0.213213955052197,0.529807210605545,0.375977172330528,31
17003,65.7718206879463,148.358183182143,0.584960152747843,0.177754226373509,0.931156251694063,0.885195819255338,21
25790,71.7482458716715,5.9557046935411,0.158180261694947,0.237316335085779,0.144252509432664,0.315443369477041,31
16747,95.4763877966263,13.7542975655162,-0.0328007114025808,0.629924414213747,0.273401853119606,0.0419940117267177,25
23965,76.1597533050386,5.91209894411703,0.365525856708723,0.331840505823493,0.14342070826676,0.659182978593116,23
24913,68.5001161896993,19.9411543657541,0.0254001510827871,0.183213058393449,0.356605437412288,0.106119727414679,33
19850,62.091956013786,78.2306307178299,0.367171803019677,0.0716611300595105,0.774072943534158,0.661508597545359,20
5263,95.2787424533549,74.7573881438553,0.425127321596996,0.705806046258658,0.760088714693087,0.737413463031188,51
18436,65.2308798734625,63.7696406920452,0.226808946997022,0.154495982686058,0.709542955331898,0.436164088794596,26
9578,92.2471143082449,33.4137638284062,0.716489586481059,0.639438999816775,0.500439157571683,0.949310709676929,23
21412,135.409757674377,8.63516488687843,0.417333502281151,0.852456157794222,0.192604988536647,0.727899132148519,16
14394,69.669358167682,49.0385667803627,0.28389018220043,0.277859301073477,0.62332955751471,0.53344311169738,26
21012,78.3494423323978,20.6342698087007,0.448524536536184,0.388764239614829,0.365138505310298,0.764655193994367,23
227,57.9887188538894,25.6069672597941,0.175287151533789,0.110277017112821,0.422425420035854,0.345480209678501,25
8111,61.8909640462192,73.6296795298917,0.109348755283385,0.145277957664803,0.755355765250437,0.231935253843177,23
2158,61.851283432715,2.39814046907494,0.294675795658749,0.204464653739706,0.0696077449159412,0.551107411256957,27
2474,117.409499227467,21.2115569263987,0.30084472621315,0.858729971339926,0.372137329850575,0.561083352178683,21
2052,58.6757973339038,22.9086164064649,0.427719557692637,0.117282548686489,0.392164109937164,0.740529338403703,21
6862,82.1306126852083,6.17266875616484,-0.0412636647231758,0.54174543521367,0.14836739235663,0.0347795017733496,35
22688,82.8269681702725,76.8619474013742,0.27673511068632,0.440174520714208,0.768666850136151,0.521577631756302,24
10897,66.0318698322056,11.7317903155821,0.455039313324914,0.223787778289989,0.243005665489066,0.771887148948786,28
20366,151.675164131354,21.364658490457,0.136018564266203,0.903218924533576,0.373977287038638,0.277001681411379,33
5796,143.827932517409,65.8977599260048,0.0731297725975853,0.925903730560094,0.720145008133958,0.173987154617103,29
3743,57.6408876796509,230.590415027628,-0.0101009470760123,0.0739644761197269,0.982374141537598,0.0641468709168112,14
22355,78.2972695379558,31.1605959650149,0.080551817751622,0.37474904791452,0.479254724852225,0.185483274606073,26
6406,60.9364462538841,57.825814392471,0.153058131144861,0.138675229623914,0.677610420407616,0.306500526151698,23
22197,105.628750596401,25.4749721041248,0.0974215478632596,0.68487069895491,0.420988021713979,0.212369691993576,25
20717,168.737042438992,56.3935015105883,0.274436697602463,0.933826775988564,0.669369032610772,0.517742550495991,23
21441,76.4660514290926,13.4644034804752,0.230574128613345,0.355436766287312,0.269153924059694,0.442731043800477,29
23141,171.811772549419,21.9545693642851,0.260984348331599,0.932962847640738,0.38100440119674,0.495082481422887,21
2931,86.4471141750812,100.781959544849,0.256005461864432,0.632740336004645,0.846495284670407,0.486609629663515,22
12137,82.9550955161582,54.8177025738316,0.44876260401573,0.513612486422062,0.660040759161863,0.764922177476973,30
7932,66.5620963346638,1.00304844882212,-0.0418928744957006,0.259796083671972,0.0341386815209985,0.0342668995074274,49
1765,67.176373370028,19.6546815590139,0.0099100853193507,0.334351506084204,0.353036298165017,0.0867894023807507,20
2575,77.9427637959163,18.8048362897317,0.0446981577055371,0.523523445473984,0.342298695592878,0.132171163056626,29
16329,69.5677915745832,44.0629204315665,0.36583964204853,0.261591546935961,0.588265343735596,0.65962703596401,24
22304,75.7601781090464,52.0059814341029,0.290965200532865,0.332919006003067,0.642686591654357,0.54506154274333,29
7415,67.5725000096088,72.2494661147742,0.172850302639105,0.284918915014714,0.749429488697099,0.341189413596206,23
14667,144.296978222901,5.55085892615674,0.0556323108048674,0.899665281875059,0.136466264121576,0.147805267571565,23
4634,60.2125026946201,10.6240922304217,0.305615670117798,0.137978865532205,0.22555649134217,0.568731881992492,32
3778,76.3401771766075,70.6834375297058,0.30267883296699,0.489238170906901,0.742522426636341,0.564030695045991,30
1491,105.337740115982,14.7312241456535,0.110568429752376,0.802885603159666,0.287465041182997,0.233959019192538,37
22073,170.407583894931,80.7161868751651,-0.0405956824917721,0.933196562575176,0.783555923125713,0.0353273360316458,23
8032,173.284132892397,190.550329841733,0.827798144035614,0.961521553341299,0.965872444860715,0.97690370923677,46
6811,57.7096007166495,65.8942880480174,-0.0379666403997665,0.0423539727926254,0.720128048817681,0.0375197503517982,14
25310,116.8567423804,47.1474912390538,0.339041007108791,0.747923517599702,0.610402201530869,0.620545735871186,27
16412,108.290560974979,25.1238399529331,0.18934476748511,0.737356094876304,0.417143342214015,0.37027311040555,29
16540,177.028315473489,109.369448087503,0.317667103434286,0.952853986760601,0.867332115991282,0.587780963705937,23
11042,114.486330117377,98.2570008057798,0.0741923235238805,0.800484614213929,0.83974839669149,0.175619490651992,23
20101,74.1164791898524,8.49658234494908,0.524406600883118,0.322980286320671,0.190223893873863,0.839487065018899,17
17437,68.3391705894297,115.971489744539,-0.0421998884278638,0.230720049934462,0.881360650550853,0.0340179945328387,15
1613,62.729752844968,35.4515272410205,0.307732211505167,0.230309250531718,0.518754569481937,0.57210588008468,25
3893,57.6485355790722,36.2565768675174,0.50700817202021,0.0741930464282632,0.52577978363367,0.824120035668657,17
8673,65.5578863443615,21.4926805292046,0.115649120876948,0.22802910185419,0.375510689257019,0.242431569783541,30
21883,123.659176572724,76.9822689018818,0.16360513937238,0.800351023441181,0.769147477026928,0.324943947438532,24
9006,84.5697740177224,73.9512580879999,0.22763082617723,0.554211762500927,0.756715308844746,0.437598822095831,28
24975,105.517299336526,56.0505710303906,0.189763728415861,0.673555227462202,0.667362588179189,0.371012542281081,28
19349,62.5712038985765,31.5844967166906,0.131336726016649,0.0861376200336963,0.483317886606239,0.268979694171726,24
10483,62.6006166700237,34.0487069473287,0.5317746186261,0.145386666292325,0.506229651987165,0.845684535212929,22
13513,73.8617061920017,43.6699573464374,0.213203027236841,0.360241278540343,0.585347583446413,0.412324166826949,32
19472,60.5654160326048,118.845979574303,0.260350870529486,0.0354464689735323,0.886984374667823,0.494006902091191,14
25847,191.937086132485,160.870803007632,0.26796959902812,0.953320926986635,0.94413111320103,0.506893168873483,28
20260,87.3899673546431,192.864142408147,0.0808719751645171,0.521019428735599,0.967154883339363,0.185984006142729,9
12654,66.3575624187031,111.808153017486,0.425347071235331,0.216413016198203,0.87270231483113,0.737678545156878,24
3239,65.3911830682009,56.2304783299776,0.170751921679419,0.284451910294592,0.668416824554218,0.33749716991265,30
21824,120.872498171049,3.80479568660127,0.0259989502657862,0.786331207724288,0.1010294490964,0.106896379668671,27
10615,64.775811935784,32.5930248514212,0.256724456976573,0.197955216281116,0.492839054277131,0.487835865130673,30
2893,70.2998771142424,9.69461040832772,0.114579894534012,0.388667268678546,0.210431363541296,0.240642994866022,26
9411,68.130823230715,15.6977690365048,0.0847880616460911,0.281511236913502,0.301012140498882,0.192139968714377,34
17836,102.588876362369,178.30882988239,0.410675734669685,0.68857764499262,0.95819441167925,0.719598504027714,37
14001,83.59206602181,105.342860706032,0.527705878099563,0.508607061346993,0.857950473867137,0.842284765902222,26
24606,79.2876234967174,1.37140926106051,0.0732980617146273,0.377386938547716,0.0441253964000993,0.174245380731728,36
10340,92.7601705475544,15.9764295801538,0.215095993052998,0.6396066066809,0.304852838789729,0.415649730818925,27
2595,119.925319546103,93.7978940702167,0.825459986366319,0.868957027792931,0.827075845355701,0.976498573066996,30
23041,67.2328150355781,1.78400913725394,0.0729473688896859,0.166865378152579,0.0547117036593707,0.173707401708586,36
24334,79.1096137554419,66.0471684140496,0.522929346654622,0.377186118625104,0.720873805992625,0.838222467313561,31
14740,175.841251888236,76.5501222746137,0.76687896698096,0.954128865385428,0.767416382323142,0.964109463803853,33
20141,120.935546189694,109.916330867437,0.326484387589787,0.795231227297336,0.868556283788368,0.601460448818647,26
1249,59.9857235414932,13.1817198968359,0.165925893523795,0.161042553838342,0.264977646094879,0.329016168963635,31
16836,82.6896828011025,146.982484690585,0.460857281936056,0.48010774422437,0.929554275302822,0.778215664805127,19
26544,127.753452826588,15.1340935419753,0.391728980655709,0.797220589360222,0.293154852485231,0.695111508545597,19
25356,73.9985194440695,41.1498286933577,0.527121470099419,0.283905586460605,0.566085219724977,0.841791878359165,35
8181,120.185388147115,126.651674469825,0.0025519852038211,0.840692937606946,0.900919590983947,0.0781450351720033,20
21069,62.8842623780757,88.4969710395253,0.220000494598428,0.0832928838208318,0.81065184615811,0.424253800541321,22
17455,71.8226680236137,4.89916700121715,0.0670362617216019,0.300110338721424,0.123615688262476,0.164716669560424,26
5268,69.0478510784203,88.1981328684563,0.215129213356268,0.344196553342044,0.809679141773321,0.415708070336814,21
4013,87.3722126007986,90.1446438501755,0.0618418508501866,0.637631101533771,0.815923170812287,0.156940504863191,16
22542,65.7258693543823,22.3137073752693,0.0889574880015857,0.136476040817797,0.38523470339263,0.198755667210753,24
11671,61.4688003993946,1.80204037609116,0.0444063839528681,0.107943514827639,0.0551625059531804,0.131762231406504,47
20349,105.584472085829,4.38948844121488,-0.0419701246096809,0.699193991720676,0.113266253119557,0.0342041957111795,20
25131,67.4663597587722,29.8748434052902,0.118569477568829,0.156437462195754,0.466702776617892,0.247331139061592,32
16039,64.5717585650568,19.4536096301027,0.390240252560673,0.155800353270024,0.350516130063223,0.693133744974488,35
15875,83.3546640339804,11.0872630651341,0.315210265029162,0.494632413843647,0.232926110864795,0.583929934702228,31
2711,76.8228397784152,162.312666017336,0.30786546795164,0.506278186105192,0.945457163582375,0.57231790653201,18
19624,110.486387499213,71.9242928612077,0.191299235255377,0.736140303313732,0.748011473836688,0.373722603355801,21
25368,105.686002417756,34.6030799693849,0.28813168545308,0.670732158934698,0.511222982489564,0.540422469039497,19
22769,76.118182096293,5.04219128792905,0.128928671587239,0.336362096248195,0.126471225199481,0.264870032985554,29
17621,171.065398262815,32.0129492578046,0.303346698723887,0.94337525498122,0.487387626667591,0.565101770093017,23
4748,120.926701804862,177.15888844874,0.578937075575584,0.863339058123529,0.95738875999227,0.881164829430765,29
18375,60.8995688252765,184.457714206896,0.566982244679757,0.0493158749304712,0.962247938327614,0.872837304565287,16
16098,84.9848218580043,92.7546420915413,0.337367957847935,0.516358667751774,0.823964223000958,0.618030376059736,24
20547,98.971438705696,61.3109045305739,0.126651371529042,0.641941515728831,0.696761593601152,0.260994337719782,28
1961,84.4213615599282,108.493274479196,0.343846009345317,0.61452972330153,0.86534638692054,0.627721690414797,22
17661,166.807108305015,63.7123883766269,0.604442448490884,0.937292010057718,0.709251924616173,0.897502694876266,38
8278,106.775047898894,49.6059338104208,0.178624114792525,0.768289195373654,0.627116624121073,0.351360345799625,30
20865,162.383653997519,136.165036519397,0.464683061073536,0.923212855122983,0.915559390370192,0.78231048160057,29
21905,65.6158859814458,6.13051682251684,0.126119310358085,0.136609372682869,0.147571019979826,0.260090394048041,29
11446,66.2535923195984,34.1091059351865,0.432132800472611,0.225799812935293,0.506776480665067,0.745778134757764,25
2812,84.1926406933399,16.1823811278215,0.549733488146136,0.60595215880312,0.307673184896301,0.860035193748641,18
1702,73.844452069587,65.2538147770089,0.488164720441714,0.463611434679478,0.716980825587984,0.806291324618375,23
23002,121.554036164688,39.0655430953393,0.453736770321993,0.784736403962597,0.549404281514773,0.770453516938027,24
12821,111.542450909607,70.9790233960582,0.265163214487998,0.774178489111364,0.743841280728345,0.502159238167076,22
8471,113.398643588263,51.0141210166857,0.263542360511802,0.805727714905515,0.636338953870563,0.499418246865125,25
3315,156.769469988238,47.3073380732296,0.560742647602641,0.953576420200989,0.611513378150538,0.868315022641296,32
9355,70.3776009347182,54.4059228603117,0.361937931518642,0.327321892371401,0.657556895682829,0.65408219002847,28
16596,157.666259601929,17.1476861623789,0.354293295111486,0.924591697985306,0.320690841237812,0.643072687987056,23
15761,106.413569845138,42.4566477952301,0.511415080029386,0.726266714045778,0.576194197665406,0.828110758359653,30
12522,84.6313361928964,6.44255662613243,0.170240711674679,0.530458080582321,0.153432094852181,0.336598058508557,27
26501,66.4620086209764,16.9815220658921,0.310136630937679,0.12234048335813,0.318473294720718,0.575924262012182,35
23007,107.1757445716,117.745115173746,0.594217173753375,0.694600268965587,0.884863596613596,0.891180978168804,43
8775,68.2317130853465,1.36443278649966,0.242896047309449,0.286666329484433,0.0439414701766451,0.464105191478961,24
364,55.4832578714152,5.02897530304348,0.187999356187254,0.0322310484480113,0.126208220936583,0.367898621663051,38
16180,163.275392793466,96.3375083952172,0.391860801784351,0.934256246546283,0.834415156956616,0.695286257731586,25
25344,131.908393720459,66.9846074986067,0.352464105616012,0.823183873901144,0.725401022137734,0.640410142020292,27
10989,159.548674341777,96.2377137501667,0.464392988967833,0.939221752574667,0.834132920228937,0.782001862344127,29
26055,94.675653565339,35.591421823981,0.394183687588769,0.565467251464725,0.519983742483915,0.698355594933169,24
12747,79.9753252458891,62.3193357800729,-0.0825080740215219,0.465648343786597,0.702074515162047,0.0086762157098228,17
16417,117.125910303707,45.8692159523312,0.0954875947810587,0.791080655297264,0.601390519949931,0.209238141135441,25
10204,58.0479745552361,3.42563512059452,0.0490065979995555,0.0233289324678481,0.0928608891140622,0.138260410424565,29
19357,72.2810348827494,27.7378923992873,0.095768028043472,0.294928723713383,0.445053016891074,0.209691485237995,31
22165,138.322169781233,45.9375654404081,0.288871490576243,0.857135551748797,0.601878092996364,0.541635523988015,29
15313,77.5021455625637,44.733885164299,0.341846298474402,0.410596436820924,0.593195300594072,0.624743980431191,30
25751,100.673626197374,82.7749077207041,0.383156956472998,0.624007966835052,0.791095978684061,0.683617760695301,31
18092,69.6585085883131,148.247621859157,0.316205356692207,0.252257369225845,0.931028885206519,0.585491748887239,22
22751,83.5691237524766,2.79190153524447,0.0596067444213243,0.450564427534118,0.0787336309015198,0.153631734990854,25
24917,79.5901660400623,24.5075273958657,0.188451489531303,0.382077623158693,0.410320607955245,0.368696570917064,33
2645,126.052576054896,16.4007044669191,-0.0399631668308954,0.890751197002828,0.310646241817034,0.0358495333313078,15
16677,95.5246691530824,28.2447118156644,0.303367314284858,0.630395237589255,0.450279406460684,0.565134813396513,22
11354,172.753929839165,1.17450838585006,0.621476479825461,0.955910367891192,0.0388609984248954,0.907381519005315,20
24833,66.0964835584638,79.8271409478293,0.401300448734546,0.131865520728752,0.780212626355854,0.707640923305425,16
944,106.85446477348,101.596338755026,0.355567995151092,0.813911818200722,0.848608361862943,0.644921721044791,25
10300,77.6036434736694,15.6847541954942,0.259242666262605,0.446283266646788,0.300832061488129,0.492123549423037,31
11151,76.7382618391719,53.9480696458521,0.706602029674641,0.42948395665735,0.654772211811027,0.945870002140612,37
4940,77.6380563241356,5.19704630592444,0.268982608623844,0.500388522865251,0.129540130240552,0.508598183514447,30
17409,86.7821514613608,29.6416647540756,0.210665961374406,0.531392963137478,0.46438898643143,0.407863422186534,30
20522,77.0033094490269,3.15287973243799,0.14774945077314,0.369686813792214,0.0868581735386599,0.297265093744466,31
2566,168.853995432945,37.4248486092778,0.828717952487661,0.968010899843648,0.53577010673987,0.977061400487053,17
13932,133.940772995884,10.6324937412769,0.285170632831029,0.870781182311475,0.225691136429117,0.535554451937523,14
9427,163.430422267819,41.1312136432213,0.146188489266693,0.94802800565958,0.565939308283791,0.294556648763808,17
18464,78.0901266230673,114.844154226529,0.758589213120836,0.400758632691577,0.879077554275592,0.961966026652482,28
20894,67.4402003208944,55.2338908299694,0.671733532927141,0.18713297159411,0.662531578837405,0.932133674922986,20
14216,88.767473430304,55.2193171250637,0.227073575299816,0.573364037554711,0.66244468910912,0.436626118920019,29
20897,88.1918962986964,118.812732236105,0.264321079731587,0.525825073476881,0.886920914192543,0.500735741254702,24
9844,61.5554492679324,25.8983176509347,0.350096347166607,0.124719907529652,0.425583080044858,0.636947660631353,18
9560,67.6115041034673,82.8150019529162,0.513515536543754,0.267448442056775,0.791240078181034,0.829989245197018,25
8494,119.073438318607,2.32430996374287,0.156228399515179,0.834009475307539,0.0678626427163794,0.312032162623434,24
5624,61.6393309904184,22.476887186,0.761634940553328,0.166532033355907,0.387145020295211,0.962765972906918,18
26123,123.371374915703,87.6832563738855,0.456665618273323,0.777254571206868,0.807991066075476,0.773668501935056,22
21110,60.8307281954849,0.172673281092881,0.0830871542379314,0.0294896718114614,0.0079902357520105,0.189459184815238,37
8295,90.7767360452488,171.720878804582,0.740695959974096,0.634439347311854,0.953360501133184,0.956962858873411,42
10684,124.607253868923,158.849430778028,0.281197068039747,0.849700663471594,0.942216813001731,0.528990317196251,32
13788,100.085820644751,159.242166732312,0.323636415405074,0.68802125309594,0.94259388733096,0.597066491378687,24
17726,70.6185927697365,29.0255179965952,0.308963487852651,0.274113872321323,0.458218571971467,0.574063173178299,23
17148,111.638428155603,3.30942782249627,0.42849381725784,0.755354997469112,0.090317002832732,0.741455286997087,18
15096,102.355124000086,7.43772624613192,0.268371863946747,0.699869042728096,0.171624669894179,0.507570470497181,22
11206,89.7644226090396,8.21430115674051,0.635789809909528,0.602773142512888,0.185336787083478,0.915077262492682,13
18460,63.7124945002376,108.404930514401,0.171916047765533,0.119085327489302,0.865144480149211,0.339545214562664,10
64,58.4841700203758,78.644071554402,0.500552730287558,0.128269788343459,0.775679891133977,0.818152447832698,13
4627,57.3756401924643,55.5322413615692,0.331290874226141,0.0566439009271562,0.664305110339114,0.60882196997698,16
5973,75.9363440196563,32.7010965964078,0.0365029583768793,0.461059300461784,0.493847328558507,0.120856494885546,17
17912,149.987266443791,22.3591520688659,0.485154612423635,0.904629901982844,0.385767452313502,0.803327318046419,24
13569,81.6986481639606,14.4940250343381,0.466061071391178,0.485151810571551,0.284085505652087,0.783772455637353,25
12687,121.260232943394,124.844429306812,0.444902023999748,0.825557111995295,0.897857886329689,0.760567325349807,45
5375,67.1297041854168,141.521528415002,0.101852983575334,0.29734338959679,0.9228118409726,0.219589668223321,17
9185,71.7232122475138,40.8013523779833,0.689030421540794,0.353283246513456,0.563344698598802,0.939271225306137,20
20946,74.0437258919226,48.6448111435491,0.0515583343661838,0.316288112662733,0.620676789474777,0.141910934221239,24
20113,61.2961545979366,117.231242648458,0.060879171974502,0.0490461871959269,0.883859728842552,0.155512595127692,19
25142,145.835342174655,28.8230555185196,0.199277440617242,0.871969285886735,0.456172918513892,0.387800256733276,24
18726,86.4566636486051,42.2036713902237,0.261241749881482,0.51699638273567,0.574257777118468,0.495519314414,27
25654,87.4518036824716,28.8097068745369,0.582361904237054,0.482042970368639,0.456037728495953,0.883470277386222,16
20555,61.7351292855209,38.3264802509755,0.0367127351310702,0.0575425252318382,0.543318893588862,0.121141612303904,30
22654,64.7733791075315,20.5631945791533,0.222648787320539,0.112333956873044,0.364270069542504,0.428891613855021,37
15469,138.817113304067,183.260788906717,0.421321907659071,0.882174216676503,0.961491334681588,0.732795362625671,23
15745,85.4386761488569,36.7550210294413,-0.0251280275730539,0.522231667069718,0.530071439634179,0.0490367096419765,24
22289,97.200822681774,89.6152870643716,0.284467668957269,0.611663388321176,0.814246411988086,0.534395795318983,20
26132,62.7507559352434,2.65316717935618,0.703078041128866,0.0400590132921934,0.0755516181986823,0.944597185453915,12
21980,75.7081929366844,106.037964379357,0.286806129077231,0.334669083356857,0.859617436798942,0.538245751067381,25
8619,67.9692553961812,41.9459875513952,0.149850869078587,0.281122969463468,0.572275274480455,0.300916554227622,25
4489,64.2400005448974,3.0878611311108,0.397221922762889,0.244287041015923,0.0854105093497968,0.702341504318262,25
20279,99.8160477315574,32.7858160024672,0.0104962597044824,0.651780887739733,0.4946361283968,0.0874933831885239,19
16643,81.5809647769668,85.3274578481761,0.159668825725405,0.464416026603431,0.800066776072601,0.318047516448514,22
18638,127.314048593401,31.7984863763174,-0.001929034170227,0.829778404906392,0.485355136325097,0.0730595571178183,26
19943,118.587376960319,12.4607855855123,0.605184621326523,0.784695100272074,0.254170583974077,0.897949926382069,20
24700,86.0939590408553,39.1671651324832,0.229608806976872,0.47444619727321,0.550233929360592,0.441048843714844,31
4187,95.5535635055666,106.878500336948,0.282795229565803,0.715595892863348,0.861606332581444,0.531634684325477,30
21343,64.1094364387791,15.8659014745316,-0.0333215889418635,0.109898693161085,0.303332873629741,0.0415329929638306,33
203,69.6095574152794,11.8587384838008,0.354090382525826,0.394965330371633,0.244967594610021,0.642777864329117,24
23260,119.259306541107,12.2410324872919,0.0309235077520341,0.770707851275802,0.250830582980135,0.113362996947939,25
1564,80.6696615570695,60.4287970920933,0.695387112117004,0.568978467956185,0.69203163246534,0.941731962517267,24
18257,61.5267763714139,11.925584900411,0.223968722787791,0.0653590504080057,0.245997647235899,0.431200808850631,35
18907,75.9541988977599,113.636557807653,0.607316121717412,0.363012447953224,0.876581903763598,0.899225730832153,25
4871,59.6400219217877,13.6483269775538,0.264353656926045,0.122178211575374,0.271853081540157,0.500790832870586,37
12396,76.8547270976363,20.1675014142214,0.589617572329526,0.419866108335555,0.359407856110483,0.88823862931624,24
18510,184.524349375826,10.640980628954,0.337968706503857,0.957678805571049,0.22582711310213,0.618934566416279,17
20225,64.9371323466516,46.8344191366913,-0.0207977408011755,0.137005623430014,0.608215827659502,0.053215555482873,25
7912,138.043894502188,73.1767212438204,0.514785053542796,0.903480245964602,0.753427258545974,0.831117242261265,18
20525,90.9564024814922,4.08264955360901,0.470954142832314,0.560668686171994,0.106896053727663,0.78890838626573,20
16472,108.378993465675,38.6807976097378,-0.0111330062610998,0.73796027735807,0.546247693562039,0.0630552837122439,18
10315,97.9994411541239,39.0586947959411,0.720027781321775,0.688694414217025,0.549348310276107,0.950496256233323,27
13365,134.859448804837,75.9174925798665,0.428223049812974,0.876469284761697,0.764857668525674,0.74113171879573,28
15616,85.028707189326,24.6656836148063,-0.0377503519502157,0.51692984579131,0.412080575202515,0.0377026781241934,23
15259,177.20003547819,53.421626354672,0.33108549579708,0.954982480267063,0.651540244367138,0.608508820788782,22
8210,69.6115635387588,7.28562006622439,0.277437722244673,0.32117982301861,0.168890865798941,0.522747751734434,21
9442,85.4902858761044,156.806769813259,0.472600362483018,0.56582961906679,0.940214670896021,0.790616948346573,31
16363,95.8202549124553,17.1075236019261,0.461449707225118,0.635642992798239,0.320155724174053,0.778853210173206,27
18189,104.58064536483,47.7480607150162,0.279207507120009,0.702108596917242,0.614559225504097,0.525690408239827,26
25831,78.901368471479,54.1965659739091,0.136478212933019,0.361135150305927,0.65628658401372,0.277791416181199,22
14991,77.454363218873,34.9564521499025,0.150357298715038,0.412614980479702,0.514375943698287,0.301797406757257,27
5190,79.3960772978929,27.6912938486139,0.356327814187962,0.523756798589602,0.444569556853935,0.646021374984252,21
8136,67.1364302922487,22.1081275405783,0.46172383510405,0.269339121412486,0.38281755521458,0.779147786894515,20
16320,185.864581449207,153.289937345912,-0.0130793350058175,0.961817743722349,0.936601039425469,0.0610178605530569,15
356,88.2408673169175,10.0165181215988,0.0263814697912514,0.669195901369676,0.215721904686117,0.107393620085547,34
25428,123.576325209098,2.23759151121757,0.207396015717554,0.783325873548165,0.0657981057962918,0.402108653482572,25
26326,207.678631331277,161.5722807334,0.129931530611244,0.965850705513731,0.944780284786549,0.266580142429235,23
10645,67.1801974630376,43.8219736965977,0.190284148473065,0.252140796277672,0.586478994813351,0.371931046446539,19
14262,68.9420296738323,10.2166248941656,0.0593639187918593,0.26304422528483,0.218982428783243,0.153273643600615,35
25563,62.5578977380811,64.0551961035241,0.782867389251641,0.0426799603737891,0.71098991867616,0.967951294800945,10
13033,116.531783447454,29.6769364617489,0.149101510988281,0.800487310159951,0.464739729945489,0.299613780819367,25
13747,66.1148494269203,4.96653957005708,0.223466169341373,0.205224913312122,0.124963367973969,0.430321793354178,25
17712,62.0267484128842,8.47020024343625,0.0335234077623459,0.0832888416480273,0.189769258335386,0.116833108199963,32
3513,98.2227396108296,152.846505559863,0.221951742128217,0.742415215121582,0.936129914604634,0.427671510836437,22
25457,83.1757899601974,130.10606281919,0.162651753299483,0.427400723332539,0.906513583713179,0.323272336968887,18
25743,91.5439716561727,1.19442979238544,-0.0121003538198771,0.531177127966657,0.0394008797653972,0.0620391913644843,28
19086,61.6737315978123,28.8075249432953,0.227535267492869,0.0638104237150401,0.456015626982695,0.437432043350048,33
12411,90.1962779373798,33.7327999772067,0.110884744484342,0.599828438833356,0.50335828780619,0.234484526304591,16
1872,73.3767560764893,32.7894447157709,0.0980264375373185,0.455466468818486,0.49466988294208,0.213351611407892,22
16238,70.0342710136233,18.3406766967933,-0.0382264962128865,0.270955482497811,0.336337530781137,0.037300488023023,30
19133,60.250239643841,0.854651025930881,0.132531585041367,0.0272170838434249,0.0299281739971121,0.271023092533134,37
21983,90.8063817957904,31.6443627792849,0.123658438208402,0.546757334610447,0.483888764232027,0.255917427938486,18
1378,61.0924354352957,175.00660204596,0.236740879355594,0.191167342709377,0.955838355877071,0.453452095012751,17
25220,73.8422630130098,66.3933786375227,-0.0251965974641945,0.281104617286474,0.722554885737253,0.04897170808917,18
6580,74.0104520347385,65.7911110511635,0.0419229384341726,0.422293468611315,0.719623557166057,0.128299570855501,22
25993,79.5957639419684,57.7035884451307,0.226308704739935,0.371977666858584,0.676915787737144,0.43529049314384,26
5510,221.813530748472,164.713101897137,0.575635548257256,0.990582943195477,0.947594370356519,0.87890879418995,1
24894,98.4248498250185,60.4208950879541,1.09680116716773,0.612046509282663,0.69198890809687,0.997560412976202,1
8163,229.919804054422,88.1338365702726,0.272065304184067,0.990659923991188,0.809469183659817,0.51377411353044,1
16648,66.9977774714611,370.334315833781,0.415899992448261,0.204890880966559,0.998202301344544,0.726125340744218,1
21759,308.367720430229,38.2136461289463,0.524250000093803,0.996653466718271,0.542381770927538,0.839353357692426,1
3395,95.8700892369828,304.79444654927,0.60496227520687,0.723216245882213,0.994773617961177,0.897816104415723,1
25161,329.81192575367,5.3684729782707,0.210250879820988,0.997284145560116,0.132910534841174,0.407133245407935,1
12355,65.1589693385026,9.82257127346734,1.06801014685801,0.192178416065872,0.212541176446594,0.996824031805964,1
9866,57.3664398741889,319.461519545472,-0.0922584765581282,0.0091438475064933,0.995885780597293,0.0049036718465165,1
13277,194.283617138556,371.999792218587,0.150885564530433,0.971954331034794,0.998250293595174,0.302716590872332,1
13045,97.9755632688757,13.1594809628757,0.937090844085014,0.672092102235183,0.264647652764457,0.990171818169616,1
23846,158.797469105035,81.5471089456464,1.13962321357575,0.908725690562278,0.786632728995307,0.998368786663976,2
8042,74.1855219976692,80.203741707611,0.967032700913874,0.40709272143431,0.781635376750328,0.992332057044604,1
14453,79.7717359270749,266.661860018597,0.247703424698298,0.451473032822832,0.990250310813614,0.47238873420903,1
8325,77.5880145572837,294.299123281919,0.548760322017394,0.460615917341784,0.993796505562415,0.859284584058032,1
21125,280.334748371936,61.4017163040354,0.064334443408884,0.994196658022702,0.697244133622483,0.160657078342562,1
2702,131.142076342558,332.88988952946,0.342444035099395,0.905958668328822,0.996694380159146,0.625635361020976,1
14748,222.831621638379,169.772298181193,0.996703449099526,0.984943789895624,0.951824938842244,0.994039604672313,1
16882,290.988046628554,17.9233239664137,0.355196730537802,0.996306024491787,0.330917706190432,0.644383722617145,1
18534,273.443501830318,16.4420660572695,0.794487849164654,0.994169249664992,0.311207568128342,0.970515516899924,1
11335,74.41985423704,322.965506188913,-0.0280723979280113,0.387459480203688,0.996114203700866,0.0462787965490428,1
26830,160.67770602789,41.446377324712,1.01478945824585,0.90387999964878,0.568402364660287,0.994902837805297,1
11397,63.5991867579948,449.293997948281,0.126681090111681,0.164081727387384,0.999500305827265,0.261044845676963,1
10834,89.6393509878356,272.238508586685,0.451176317869932,0.603973906254396,0.991101283312538,0.767617460375368,1
11732,426.383815883981,17.1166443323658,0.109832397151102,0.999825439881533,0.320277295516403,0.232737261385389,2
22086,63.4602932130968,34.8807484050188,1.03507031040386,0.0868055608589202,0.513702423235282,0.995734155068425,1
4242,223.256095864555,67.2536206490615,0.409078872833006,0.991877708816901,0.726685817095101,0.717583972326988,1
10557,117.162323798986,126.608825706031,1.03867486440639,0.816205442650244,0.900848095964014,0.995868219126428,1
21070,82.0812319320711,7.34916784405564,1.28316193900614,0.44506584177725,0.170034988451131,0.999612454128823,1
7156,85.6125391427095,127.411944094672,0.970403821498101,0.583823606139049,0.902179414218766,0.992546193736234,1
237,175.458815694105,303.136187484413,0.220795536310021,0.975793692516163,0.994630208039126,0.425646751532991,1
7546,368.577664345823,278.720400563175,0.399954814255469,0.999595219269395,0.991996982956677,0.705898987910737,1
5591,77.4451891897798,28.1474344446257,1.0510616244294,0.488252631155774,0.449280772975605,0.996300060107225,1
10356,298.477513249135,54.0034063187066,0.328968050205321,0.997788931475952,0.655110060926356,0.605272926832873,1
14759,118.203741292083,415.403012861887,0.270881945039011,0.80384809197858,0.999134852562588,0.511789488040221,1
26452,74.3016449332893,120.96070222645,0.96466400191599,0.279089612420648,0.890946839395063,0.992178283524843,1
4810,239.525685648378,1.61138242335745,0.0577085469443996,0.994357460411265,0.0503482949946153,0.150839774086207,1
5652,99.7985495455291,61.4167902692358,1.00672992278204,0.738373481901363,0.697324152080575,0.994533308177374,1
12972,327.405993714444,7.57603669760628,0.47779946373829,0.998615139629692,0.174096527670305,0.795949080068535,1
14474,281.136880077807,53.5913321680611,0.213696984706777,0.995914726052433,0.652585650633767,0.413192184187413,1
12617,75.240489281828,44.7447770181512,0.986865373827123,0.390056322095916,0.593274793156899,0.99351611532885,1
3400,271.171361912424,71.2468283248192,0.656205209673773,0.997664725640789,0.745030051054224,0.925147941914666,1
4556,123.643754871792,269.238866102709,0.621169684201543,0.875196780776605,0.990653280507061,0.907210618429509,1
24417,279.354696061408,122.24603318241,0.0832231745969478,0.993098512059078,0.893285491764563,0.18967317222605,1
9951,62.4609090676152,270.620441223586,0.24695639664993,0.147790562128648,0.990862373958782,0.471103780987023,1
26319,154.980547476594,337.096984966894,0.472860897642662,0.89190210076049,0.996913276047618,0.790886457606569,1
8698,61.4096593072437,320.709691250711,0.705709232541479,0.1268561698962,0.995968655438084,0.945549882549706,1
371,213.139512869754,0.0788288056469464,0.732018321749034,0.991406903602183,0.0041746250620158,0.954341115716171,1
24740,85.830996725516,121.929191817684,1.18100082671167,0.471007299842313,0.892713807686961,0.998907040747275,1
5611,84.0232164767336,272.333007507698,0.074943190137768,0.580883788177744,0.991115040315928,0.176775765636124,1
16520,266.735259857822,19.709003420397,0.500403424733428,0.993917593499646,0.353715015986243,0.818012704831777,1
7299,103.983350041169,107.820288200951,1.08524231754075,0.755757918581367,0.863800438322737,0.997286083347141,1
9247,236.407498502865,29.019879295158,0.191736954930789,0.991486451588571,0.458161721203358,0.374495142151387,1
6225,57.1983794351612,0.0196104946272547,1.00009422165128,0.0360918340738863,0.0013184179460688,0.99421092825356,1
7591,317.271348534615,323.679291530892,0.480920174233836,0.998783878982067,0.996159149494901,0.799103163926768,2
3525,158.679258923096,380.992305450969,0.795383247668379,0.955998898716643,0.998488065126751,0.970705498466791,1
1402,194.668209409096,355.421642194654,0.268569537550013,0.985192665597424,0.997709160784628,0.507903180761512,1
7379,68.9836890583793,61.5347122924342,0.972181939150903,0.314551849849522,0.697949353008672,0.992656947971306,1
18147,267.768304138377,35.1504754938587,0.771148774260662,0.993549299426377,0.516097309071021,0.965172368486195,1
16393,92.0944950004489,42.1269584499253,1.09537039849638,0.597805000841618,0.573668645578876,0.997527901214773,1
16952,251.907821863041,105.287955245589,0.426667189921249,0.991416805190966,0.857817937833211,0.7392673190874,1
10036,232.774411159447,105.524501471991,0.734881417108255,0.990329345921054,0.858388030817601,0.955220739032673,1
17094,71.8288478458961,287.643230381336,0.517276331288273,0.303021801635623,0.99308364553926,0.833314728102575,1
23155,113.316237135221,275.708115317962,0.346001441378199,0.735261731315404,0.991592603522318,0.630917236611323,1
13477,69.343744095211,3.58851322069734,1.00771160879372,0.277033314341679,0.0963939536468819,0.994579587749489,1
7510,238.429349534171,11.003300568037,0.0213287640477225,0.992551672970876,0.231598142476209,0.100895724292868,1
7530,101.710935348028,33.6531057071181,1.01478026686986,0.73483597044833,0.502630924184813,0.994902429677283,1
16545,136.316643962952,324.551424943206,0.162623295858908,0.871830039424822,0.99621335791757,0.323222453466721,1
4751,67.4356762675758,400.482260452616,0.195254430909058,0.313607649179175,0.998898049699285,0.380702726493917,1
7114,80.6971458099156,18.3349158917751,1.03674817928197,0.518913447158411,0.336263107959646,0.995797047370228,1
20000,273.150734926421,23.3618167804424,0.287067866957374,0.993645455688238,0.397378738084678,0.538675880080205,1
21008,108.488442213945,446.127119194616,0.218837424203024,0.716406238265336,0.999474025516132,0.422215099470964,1
14568,144.735024301061,16.6912157108563,1.15325629086757,0.900770089356229,0.314575982301715,0.998568624536972,1
4801,136.904703804045,152.598726444354,0.957838929895952,0.913627623580396,0.935865113697631,0.991719494909318,1
22952,136.019674396256,51.0733603561293,1.04172117615092,0.847708036890253,0.636721469515171,0.995978502108324,1
18629,73.8517433800609,425.032571018191,0.298302678598406,0.326430829241872,0.999259850626678,0.556984137791548,1
23205,312.690444188977,39.9722528941868,-0.104980804337917,0.996589137939736,0.556746890956892,0.0015135003814729,1
7065,248.528954650583,9.37680013279818,0.280166598331754,0.994407936464995,0.205151883378516,0.527282256645434,1
16127,122.926495861359,436.478613490232,1.17664970986779,0.819982043933123,0.999385100843834,0.998859430260476,1
23191,94.1215020803982,274.77736859442,0.563885869735104,0.575934998458251,0.991463546570126,0.870608393575435,1
23645,68.5922039230594,374.969856774423,0.527741612113342,0.190283974865451,0.998332710319901,0.842314866541323,1
7139,98.3953547707536,265.948544057995,0.881752370118301,0.713185578817502,0.990135710072288,0.984697305332959,1
21825,81.5019262944474,272.190088361543,0.43565743591335,0.428867563139647,0.991094226070288,0.749919411739654,1
5671,245.967231721664,97.6239041320914,0.221214017579296,0.994829917093739,0.838009238016222,0.426379734329915,1
4056,167.368836140678,77.327639331298,1.40460550405901,0.964852986857295,0.770521277307721,0.999896567191408,1
23289,375.805685740907,107.645272086157,0.315751248033156,0.998980647185817,0.863395420400652,0.584779359704581,1
14725,77.9978046511948,197.825228531572,1.15050851757552,0.424091609893367,0.96974283211387,0.998530275417279,1
17064,66.2184366649791,273.529893267726,0.0257800397146881,0.187750796787441,0.991287440353152,0.106612203702469,1
7653,324.583684157869,202.310218581564,0.743660824776334,0.998964078957215,0.971904751061659,0.957828723233809,1
14430,79.803728755761,65.9072212195409,1.06812709095125,0.451954143121839,0.720191218840267,0.996827397489487,1
14722,264.032041834892,37.421971472088,0.322286729190063,0.994060187134892,0.535745795557227,0.594975922635186,1
21290,92.1026713207521,309.628662028718,0.391472393276715,0.568544520298019,0.99517010163727,0.694771187847438,1
6232,239.883330829488,162.513628578448,0.339049621928653,0.993712053867057,0.945639431782973,0.620558665604411,1
15167,104.647249949448,317.612709471706,0.50386438812272,0.717555214185268,0.995759868880141,0.821231977343373,1
26451,61.240490406654,400.333801233612,0.16319706055498,0.0031454407144337,0.998895392837381,0.324228350764504,1
1084,56.1546829436809,314.897139832154,0.479878358338872,0.0473549603484571,0.995567872311344,0.798054076500828,1
20960,84.2301779951583,301.645368230606,0.16876223527922,0.474996075965464,0.994497904812067,0.333998668204059,1
8541,67.2944309548074,28.1519974232133,0.96304585261222,0.266661769477651,0.449327663378634,0.992071637961591,1
4394,234.937289103758,35.9409083395212,0.109782752313135,0.993819239316508,0.523039010432166,0.232654907610453,1
5776,60.3290962896371,97.0883141173039,1.26774610939988,0.131693083792925,0.836522730720095,0.999544835998467,1
24822,305.104303882633,90.9442426444665,0.482954600570477,0.995790175162256,0.818426259198223,0.80114062329075,1
7183,95.1915203154896,89.7108737603419,1.17300976571942,0.685331822372973,0.814550353510875,0.998818125177728,1
16772,255.358402037,46.8664419438601,0.42386020101263,0.992043589241803,0.608440075546518,0.735881542437835,1
9721,127.435525310068,90.9853968566583,1.15590190778843,0.863657731097192,0.818554131732218,0.998604667755645,1
18827,60.3597243563112,306.712922478586,0.339788187120041,0.0326734841801226,0.994934736331918,0.621666305148695,1
10240,163.748306090036,28.108731059125,0.999003502824591,0.94617864000611,0.448882857763929,0.994156313156373,2
4030,112.145124884276,269.336239770172,0.332419079072641,0.828963179141283,0.990668173901231,0.610539937355965,1
12433,86.892107831082,207.068431596971,0.952871220391734,0.561547352001071,0.974028157741914,0.99137043007595,1
25141,138.932284887389,66.5891928651672,0.979323533960852,0.849845407763496,0.723500956179791,0.993086927743141,1
17758,165.586892077896,10.7817834271866,0.985520781989592,0.935425374191254,0.228077693250279,0.993441415364178,1
1031,211.010981015407,25.9331543007583,0.0400536756476472,0.990470201941207,0.425959257918922,0.125714729869601,1
8354,296.30126363544,60.1768290218929,0.190602030451408,0.997956566745415,0.690666186731215,0.372492086555748,1
9630,64.9668448263647,54.8834875998223,1.00624833180348,0.208378430455923,0.660435780913208,0.994510473258981,1
8594,160.573455911966,349.269875818128,0.545259921618964,0.944825204089284,0.997468065341016,0.856559315051128,2
3760,130.839612791722,305.965895932776,0.244724216310504,0.901241553248838,0.994872601301229,0.467259271327685,1
10283,78.3840550769142,284.080494264506,0.0377217770406853,0.458510735537857,0.992668784542839,0.122516414165711,1
6936,249.722484809587,50.2971216845859,0.70122924833961,0.994565094821155,0.631674507193532,0.943919444168914,1
4858,80.3302341934325,51.7749728298824,1.06157315872557,0.540187653619796,0.641218958723676,0.996633632308519,2
19865,116.661357673805,330.977392259513,0.471693823964982,0.774069941136986,0.996589781602425,0.78967728400266,1
23734,335.855482842346,33.786510740674,0.411851176502008,0.99778013327159,0.503847818242911,0.721075557110886,1
12479,249.170518253391,51.0658766201732,0.104524538868673,0.992528603877872,0.636673170123516,0.223971129224511,1
25391,90.8949686431309,73.9666647064981,0.991224601612354,0.528493380639702,0.756780244563091,0.993753016649707,1
15214,97.764133258744,69.1721819214678,1.02468176622995,0.660863245371729,0.735666960230732,0.995325211521505,1
2545,150.349131411758,463.518665095116,0.392233889305222,0.946076621068642,0.999603034023944,0.695780512396743,2
12788,258.464991524176,243.615152656338,0.0189461164159497,0.993818844202906,0.985771283217124,0.0978850496439709,1
2228,252.315744138392,184.091295320644,0.110474847982461,0.996565440669656,0.962017928057516,0.233803599393481,1
26660,303.365456566677,5.90156149721158,0.345704643463695,0.995009748730808,0.143219457637163,0.630478086145178,1
1990,214.30229004621,0.530001665841221,0.136958751546268,0.990856708260253,0.0201886831631958,0.278617440698188,1
26855,74.5406755469049,356.580632805129,0.343022087198508,0.280790193239227,0.997751933858924,0.626496326402245,1
5977,132.11588180057,342.125549279586,1.11877960960635,0.895817019743845,0.997155904048403,0.99801273497555,1
14655,348.735974143102,21.5809701534828,0.403729905319954,0.99900936987251,0.376565470136549,0.710769599290962,1
22094,102.444255236225,114.902515036206,1.15308414381762,0.661239948589355,0.879196845461185,0.998566249537145,1
8253,119.20455708444,293.676109855724,0.600712085207112,0.836304333759472,0.993733037542723,0.895231127682,1
20015,81.9722169532811,4.53433322898271,1.12122922150598,0.448738941457123,0.116235948296324,0.998058025799734,1
15037,184.997523879758,98.6699427451925,0.99503620899188,0.9627008093521,0.840872384683956,0.993953685828702,1
14595,67.8825829815267,266.162943095979,0.736650798087191,0.238030065782368,0.990170297027406,0.95575710824079,1
4537,119.335369751971,322.77634832888,0.0521332643009659,0.858506710734218,0.996102204448975,0.142737872382323,1
6125,70.3511230085886,189.854487903619,0.991128169486924,0.357593215070665,0.965476955168182,0.993747862245661,2
10096,110.469732620859,82.2626926490326,0.941721019265355,0.781361512839794,0.789245929355046,0.990538158218641,1
8760,290.293122433593,64.6452108690356,0.453177537161299,0.997601703274995,0.71395551267575,0.769836116268398,1
3958,84.6017497857609,289.991250407889,0.216788685009995,0.60521912924014,0.993344070965148,0.418621326925277,1
24872,67.8932765121382,1.20469405318742,0.953173589975223,0.170557310339063,0.0396783777615951,0.991392050104755,1
13877,81.027041290373,307.731167399883,0.420996170209337,0.475524416193366,0.995018213436654,0.732397632073678,1
20314,153.579602568562,59.0271317964225,1.0033780212922,0.907528992276639,0.684353511552948,0.994372565135837,1
4191,71.505539199895,113.505511915825,1.11501507703523,0.4020425605122,0.876307923060604,0.997941224516041,1
25733,295.007024968037,160.089066445249,0.174432401965303,0.994451120728627,0.943398537012991,0.343974829109397,1
25814,289.332000954683,282.268681850653,0.435290584129383,0.993794911773875,0.992448298900695,0.749490477994148,1
18210,59.0514415933304,358.332569277433,0.0286884699366771,0.0003431518562138,0.997815072940081,0.110410667923036,1
14370,97.0575096124699,313.396634320033,0.390367855883853,0.659113402012736,0.99545806060932,0.693303568964617,1
25118,311.525502166384,5.88809374840144,0.0593833235610463,0.996135734952986,0.142962103765035,0.153302249526384,1
11814,274.201998496967,38.9859904434767,0.255345228663363,0.995933023048565,0.548753618254407,0.485482833372522,1
7948,83.6042062314521,106.21426568593,0.98970410033521,0.55285928142257,0.860037026791062,0.993671293143406,1
1839,70.7397061533685,13.8015100510686,1.18361272298861,0.407051113434136,0.274090373890485,0.998934724231667,1
1608,69.7632633641473,25.7776737770317,1.05732991605305,0.387997441226617,0.424278049511969,0.996502448832012,1
21124,270.108158260655,89.1725920815844,0.315966661312327,0.992822045926005,0.812832006529162,0.585117364014039,1
18685,63.7293728461871,396.895640753853,0.299304397564324,0.116801653290167,0.998832032280092,0.558601434275798,1
40,96.048183391259,146.292128630652,1.11154082509521,0.7442772150971,0.928736132610982,0.997873124114058,1
1421,213.196543838919,98.7959930587654,0.585837416249574,0.991009332472458,0.841213858921239,0.885773875564727,1
11066,173.74038642427,303.20298297875,0.641222341346585,0.957628215663135,0.994636060401112,0.917858842882603,1
12082,135.877608062629,13.3984481881118,1.07098908682983,0.883594482205808,0.268182546721581,0.996908751613677,1
4555,69.8536244367032,1.27281009321179,1.02376245618538,0.366875557694584,0.0415087209054873,0.995287351269697,1
9650,212.064554516185,325.294032411764,0.794593213874197,0.984409317141399,0.996258909272946,0.970537928070633,2
26063,160.553873260903,118.126253703175,0.978800635834863,0.906549747101963,0.885602420871048,0.99305623711533,1
20777,112.33204455031,339.432870644869,0.29940117393337,0.742348110070452,0.997028465343949,0.558757547109203,1
18443,101.435595318644,55.0481681683611,1.28319867280194,0.674677523085847,0.66142248624632,0.999612603332474,1
323,66.5228528522755,371.211400222281,0.454316794331804,0.330171705456451,0.998227737763086,0.771092674028544,1
8893,263.73166313865,47.6102899059126,0.519915992525465,0.995608826400712,0.613609890345606,0.835619933353946,1
9658,239.365956853698,127.106605043315,0.895405002359803,0.991894009755924,0.901675422577781,0.98625436346361,1
14086,241.715344474611,16.0854495066832,0.26355909535342,0.990408150944859,0.30634769856741,0.499446572065961,1
8902,253.681110021861,149.082081130534,0.687058958369992,0.994453806197271,0.931984293021851,0.938490671014204,1
20337,313.775819881474,21.730616178601,0.564768660694288,0.997247893363237,0.378348217197568,0.871246919862906,1
24010,68.1930100652265,26.2499680699962,0.963221777046638,0.181994289858267,0.429366865424112,0.992083295750505,1
8381,154.121103062107,270.509932867463,0.457278181463973,0.93556241132319,0.990845823752087,0.77433698304974,1
16432,109.225720916567,24.6543810516963,0.99591489176124,0.743672032374889,0.411955010411957,0.993999106785199,1
5867,78.4583567950206,327.045355681245,0.666427956516955,0.500811056699604,0.996364167219986,0.929810055809436,1
2377,84.2332857740601,147.983326606045,1.1437249918023,0.612235204549506,0.930723445551133,0.998431479160187,1
20046,252.156276788614,49.4514603818219,0.154607733454664,0.990074170054868,0.626089651154306,0.309202914088418,1
23354,68.948164712884,78.8491584849853,0.972214590915298,0.200201568892226,0.776472583610557,0.992658967760622,1
15244,316.918910041113,72.3024229063355,0.239352088052115,0.998046037508175,0.749659628191019,0.457977625901638,1
8014,234.350931552793,115.691063721802,0.280328638820738,0.991606199648231,0.880796887905446,0.527551003205319,1
14546,169.766142783026,450.852727882888,0.114935076918953,0.946786815766245,0.9995127533468,0.241236814457654,1
12107,95.8597481875042,280.625552436004,0.452494151214187,0.659916409756988,0.99224257800779,0.769080110887842,1
8333,305.20839628176,71.6325432129445,0.167183185945861,0.998324162326753,0.746732040451028,0.331224090593237,1
23875,193.229395936081,6.3181672387921,1.04672480911309,0.958010921720415,0.151105106744023,0.996153809688415,1
25328,200.593974741024,67.9535815889214,0.95243304735972,0.962315802462399,0.729999173805358,0.991339012907176,1
8209,283.013624902747,144.496012269044,0.216604900256146,0.997311410028487,0.926561962471904,0.418298786032404,1
6799,170.069336108541,416.482743579875,0.279810229267792,0.961367071606219,0.999149861533905,0.526691009929602,1
9184,236.72598400972,120.755132008889,0.409258526527654,0.991550580132753,0.890567970577226,0.71781107108184,1
8507,243.826673135877,117.838087977103,0.007790011168888,0.993008908582851,0.885044270688082,0.0842619543192428,1
22051,327.899514331598,80.8789466950506,0.741098097178112,0.997627381701022,0.78416222453958,0.957081180472404,1
2209,112.000551841071,99.9632039810249,0.961386525451512,0.835655858274549,0.844340198672685,0.991960915546184,1
16140,85.2835636814903,41.5620959544634,1.13100698012342,0.517600037623197,0.56930283864946,0.998229455212593,1
4796,240.199489049072,64.4019015193649,0.584354844607568,0.99445138243027,0.71273648756108,0.884795625976085,1
13718,91.3339298976434,266.097534923286,0.494700449117397,0.604610749986023,0.990159758307613,0.812616457453702,1
16046,127.592985515613,41.4964948663452,1.26281040684604,0.841707468731329,0.568792613888677,0.999520942180767,1
22978,112.519823407554,414.654770869697,0.739592615744346,0.732012901222333,0.999124295873834,0.9566367916399,1
18783,143.440439714907,378.902974092763,0.381003787076926,0.885635131737217,0.998435887258661,0.680690623660518,1
7842,166.372017542966,218.351214538615,1.28736820883524,0.954649570398033,0.978438647107822,0.999629192176026,1
8570,231.257767744357,69.1848499335785,0.285347379395405,0.99057171237655,0.735725217419654,0.535845595396743,1
26441,72.6914362550779,278.369370565998,0.0636323818865881,0.249906109413132,0.991950885146302,0.159607462812716,1
6240,227.80602000993,155.642391924362,0.540816001099536,0.991531481500715,0.939042012811876,0.853041889960915,1
9581,66.1030110692121,314.546751862772,0.451493712960552,0.23434462514706,0.995542470972981,0.76797030956215,1
26518,271.165547139847,54.3790091630152,0.259851145956505,0.990612849127501,0.657393874690912,0.493157910885496,1
25893,112.525622325389,125.237137129349,1.770344197727,0.716687181033194,0.898531304604383,0.999998905521787,1
2549,220.7630210483,34.9175021324814,0.476952327436966,0.992100854637101,0.51402954562859,0.795086873913018,1
22504,67.7079454053379,15.1170974891226,0.955926316112278,0.179607031866908,0.292916074124934,0.9915866396438,1
19935,76.4841550538185,343.741601821408,0.0284064214907039,0.366478948388249,0.997229737995661,0.110040147969094,1
7714,111.035698055674,302.930023968576,0.143860846177825,0.796376171987504,0.994612104284171,0.290524421322325,1
11264,128.850264374789,29.1192650838028,1.09585032007266,0.862959822406992,0.459162732766851,0.99753885089034,1
6608,85.4956703784077,268.871093320645,0.352947376956692,0.590720987180248,0.990596813204534,0.641114636179746,1
4836,74.6347852591387,293.770808261256,0.0920712938335122,0.451697629876435,0.993742726632043,0.203736168951543,1
11772,281.573945238268,86.3878306666126,0.446607867448085,0.996548102702945,0.803674801318597,0.762498234785059,1
19438,103.130030441358,327.822657479956,0.268696537222061,0.684237925568596,0.996409926409472,0.508116896937892,1
21614,87.3443257615386,2.47461772269272,0.947629669785398,0.510366802802309,0.0714035962668266,0.990987783281563,1
20543,83.6077996665737,299.635778937963,0.290160345782409,0.469095753738657,0.99431436209665,0.543745762687593,1
14890,161.774799032709,38.9760582027808,1.10217597187765,0.93520487495698,0.548672308623435,0.997679053609931,1
24593,96.2341443995477,281.001718038888,0.856167119968672,0.590680700261146,0.992290166273025,0.981352565772978,1
24501,266.049873327392,2.52383807174223,0.161798834311965,0.990789191797376,0.0725532159023386,0.321777552679722,1
10196,244.519163547931,238.413035791821,0.95439546181031,0.992664033547044,0.98450165399287,0.991478919588626,3
20208,252.312120848329,344.676441495722,0.643096122957632,0.990107324905694,0.997271566891921,0.918800894190393,2
21074,138.23456039562,202.401140346179,1.15093379660138,0.863495649769902,0.971946925847353,0.998536272547907,1
20486,76.6146874219355,58.3188166443396,1.01284541704241,0.365947322919965,0.680396096533908,0.99481584953927,1
21498,83.9279050705816,103.956290107974,0.952543481607964,0.468312664190307,0.854564176922396,0.991346940792331,1
4732,82.8562197261531,33.7057543879301,0.967451452114895,0.574514933396131,0.503111580707376,0.992358955788443,1
26395,77.3016028686464,39.2170437796675,1.15074599379273,0.330332261044532,0.550640518112273,0.99853362702811,1
25181,73.393069946628,92.6170856436287,0.999671561293683,0.272988497512415,0.82354964414593,0.99418981989899,1
3061,235.14715230223,147.551702811483,0.252994634553502,0.994416563771665,0.930221667799968,0.481465206426172,1
6076,97.9663951869793,105.024357522964,1.14959828349283,0.71906865015626,0.857179867033581,0.998517362868572,2
7616,107.636125105085,331.829785678692,0.548727776941017,0.775884303962812,0.996636805325361,0.859259428878536,1
19796,127.87745259308,296.537830816492,0.463522241875423,0.829069518949836,0.994019282529641,0.781073615991211,1
360,88.1278524408958,294.808456464951,0.706349869488905,0.667999491561204,0.9938479122655,0.945779748734331,1
4923,232.931543100635,119.38573241365,0.590881384642443,0.993345317197964,0.888009536487122,0.889053260377426,1
8603,73.1169475453087,273.350564680795,0.504689597991931,0.382064415374771,0.991261825748583,0.821993390209267,1
761,287.931832437351,114.496231715399,0.495061781725863,0.998694560490549,0.878363880477259,0.812961748070962,1
10849,150.21832765491,51.1827308321896,0.939297149399618,0.922687837155536,0.637426546142902,0.990347943157944,1
22720,218.083466682047,305.087037040548,0.297330304177729,0.976327035576105,0.994798519342528,0.555411797997106,1
1926,223.294523058294,30.7173530735679,0.315716192542051,0.992777367355302,0.474966670292292,0.58472434199556,1
8317,230.072360508288,176.378433379091,0.464786156455372,0.990498062456027,0.956833031567007,0.782420095754949,1
5774,68.691024414366,72.3236822153472,1.03079329438916,0.330472645349801,0.749751954419573,0.995569924643538,1
17463,259.816868534273,44.1033591887846,0.458536217590642,0.992638670140877,0.588564319993009,0.775705601235914,1
7518,132.749801560227,100.197043598384,0.989654711968507,0.88850377057679,0.84495886190436,0.993668622426047,1
20775,102.204192492559,219.464706647363,1.06672017112214,0.667928815819323,0.978830686063731,0.996786687593897,1
20291,263.189902595331,240.992671710646,0.363689005533814,0.992157379863784,0.985144906908169,0.656576953412343,1
9646,239.802349754121,24.2324419470004,0.465437202082186,0.991976993624121,0.407244260641275,0.783111421721454,1
5070,78.443858128356,275.696809292721,0.4347745246504,0.509628151310608,0.991591047671534,0.748886260387873,1
7311,89.9145125748887,9.92778423900891,1.13014373636337,0.630477739498019,0.214269202844953,0.998214904389606,1
24922,98.0320103904821,14.876938346124,1.08411513487924,0.608302936889231,0.289530228403278,0.997257864034019,1
24524,79.0789903718474,282.008806315288,0.43190288932758,0.374130518408492,0.992416131411333,0.745506436218474,1
3692,178.61606066468,332.426243872143,0.480605321513929,0.974171632435173,0.996669322117637,0.798786522296722,2
9634,212.697782977449,69.6041872792956,1.06126440092994,0.984647652832791,0.737646041373285,0.99662424139674,1
15618,122.371171047816,156.541585948403,0.950910513693492,0.819062125636265,0.939949631662857,0.99122904308299,1
7359,144.937451934392,334.391704504932,0.18222625157876,0.92094012349844,0.996774254151759,0.357712261077268,1
17442,68.0601502305,267.809393508219,0.599755106968661,0.224858704023063,0.990431867771764,0.894641992129603,1
6186,122.091208690707,79.2172221526082,1.09362008166319,0.860028338851407,0.777887882428188,0.997487584868179,1
25577,85.3528546826577,17.850831769907,0.961587825215313,0.457249806495383,0.329970452414257,0.991974421789563,1
18713,93.374985728427,284.324743745657,0.612558388410893,0.596683951560408,0.99269800863827,0.90230941841929,1
21499,99.3827195360122,273.996880494237,0.0605140802766185,0.641158633399755,0.991353789057565,0.154972170026229,1
10002,114.313565094599,299.421503094538,0.615379354492524,0.803240957669914,0.994294431943668,0.903937312064889,1
19964,227.569968202052,23.1321023563698,1.15020325228131,0.98333908081986,0.394742456839688,0.998525956618497,1
25962,148.264341873152,551.96758569252,0.210841179381352,0.876570727908984,0.999904848362261,0.408171621118417,1
1348,76.984964013701,148.980299199759,1.15594906218303,0.518252610228956,0.931868482846476,0.998605302458005,1
19656,63.1220863452896,271.378928891922,0.228611853292113,0.0969176068902016,0.990975158700395,0.439310460854756,1
2458,105.271816618055,353.185631401758,0.300103281311722,0.796212129294872,0.997624317248458,0.55988942410651,1
2488,240.913547737909,97.3381343169959,0.243058486794993,0.995297397254035,0.837217840265377,0.464385635817648,1
12468,257.140652421042,29.7124645110667,0.226987839865865,0.993765015387908,0.465092752317052,0.436476436172397,1
4010,160.960677534221,136.147463167454,1.15403794949625,0.958023175597191,0.915534487661097,0.998579362669587,1
6169,106.950920063185,342.565688363002,0.94525722308081,0.783858934650198,0.99717620668091,0.990809615053456,1
17702,82.8831402373019,289.386458891151,0.380021278366251,0.477469232399017,0.993277949886839,0.679349636285367,1
5557,261.200992566783,25.0047535749964,0.0924781644685633,0.996427113423124,0.415832464385394,0.204389397837857,1
1394,219.832676650645,0.0122591814610527,0.609786236241699,0.992459031986073,0.0008932672581654,0.900688273950585,1
3196,240.32336691216,93.1063145142372,0.794713939450709,0.995105135720223,0.82501954712218,0.970563588336623,2
7938,102.559840064544,53.559554970409,1.03063641734353,0.741170606808737,0.652390156642352,0.995563792380175,1
14244,101.133744813321,38.331556036501,1.15617932999793,0.69445419521071,0.543360999103016,0.998608398031629,1
8340,130.573167328055,46.4475539723033,1.37279096484039,0.878889814019203,0.605495606289272,0.999852446392021,1
21027,82.3101278638701,311.802008044889,0.193442244132915,0.448337281122804,0.995338362303769,0.377504745506331,1
4378,132.053950363382,338.403955224714,0.308079537465338,0.902106253197417,0.996978268268157,0.572658416543904,1
22324,75.4419155027132,265.668710791506,0.582315832803663,0.327468319796026,0.990090382902569,0.883439498218187,1
12836,148.76227107828,372.739178785394,0.661716774485329,0.91455519059673,0.998271185522987,0.927692127274549,1
2493,55.7371974853463,32.8630251718168,1.0815765363449,0.0245176777243614,0.495353777247051,0.997193317079276,1
10262,292.810725623888,109.73204017033,0.354568981459952,0.997494853567332,0.868145060054066,0.643473035216354,1
12204,82.8570672674769,59.5431721803411,0.960355021369046,0.509530178271234,0.68720375913114,0.991891383851414,1
22352,101.110363995594,60.3026140333767,0.996698760041631,0.647619033232331,0.69134863460084,0.994039364592779,1
15152,244.667618461393,371.416301905666,0.247080380890251,0.9906701578293,0.998233627899958,0.471317103045895,1
19196,251.433313303316,45.8334408023175,0.938491229652372,0.990283401915804,0.601135056659292,0.990283940047044,1
19277,139.128558949321,347.062368092926,0.188175025301058,0.871607538545504,0.997375471826037,0.368208650287993,1
763,77.5733474189543,96.1352659726066,1.19897085280201,0.530434007290751,0.833842663148911,0.999084722439508,1
14578,118.46553481594,284.04011875471,0.421425229059553,0.8051840250846,0.992663942354107,0.732921439732489,1
25472,131.777161352611,77.1878959970602,1.2726947401915,0.821151227457449,0.76996644417301,0.999567665010378,1
8899,124.282231628628,143.481218674824,1.08481382868019,0.854628929169849,0.925303852162974,0.997275387684398,1
26340,288.389732436507,154.605006980601,0.404938005200531,0.99344148626551,0.937977582203378,0.712317588181785,1
5884,232.116178941147,25.6196139555011,0.554845617149373,0.99255762854591,0.422562915397931,0.863928106514072,1
22261,73.526467925839,266.429429563724,0.37765587162203,0.293662612559274,0.990213116669312,0.676107579601709,1
11210,84.7144618409271,267.547318046861,0.530243792478749,0.5423728316091,0.990390705625279,0.844411915675874,1
5424,76.8700504083486,77.729468290179,1.00964034601359,0.479192123981193,0.772108909428917,0.994669476391787,1
17477,268.992433415956,35.1814275630634,0.643401986724134,0.993965585483238,0.51637127469956,0.9189538297338,1
150,63.2997158080721,56.2994607108716,1.10651241123058,0.254700685618445,0.66882010409312,0.997770866459496,1
9873,91.478320544222,97.3871124153868,1.20416311944448,0.631506742211059,0.837353760777552,0.999130803310218,1
13058,104.356577937264,341.386856702362,0.381964972229618,0.7239619276952,0.997121499805705,0.681999289011804,1
18644,73.2660561766692,2.09294409742611,1.04047465921238,0.315852853003889,0.0623171404694476,0.995933705435278,1
5521,335.553567117943,10.145143689442,-0.030533843875393,0.999357118271291,0.21782017229039,0.0440258911049917,1
4427,87.0122618571267,292.882849923942,0.554105334322403,0.628038605442271,0.993651280242506,0.863369571111383,1
5137,61.3356833267553,334.43808526291,0.391799036588974,0.164920209906995,0.996776689811588,0.695204386047027,1
3800,75.0389859443596,265.649044822849,0.485850903057585,0.46793678891845,0.990087189551945,0.804015806211199,1
7798,280.984939875747,95.7786637859912,0.292648690304573,0.997253656154498,0.832828233161509,0.547808685999493,1
22298,176.86736788259,183.085512129366,1.01752986346281,0.941666293190792,0.961379257338613,0.995023200805798,1
513,67.8676473158383,275.627982350629,0.284074696495917,0.359251571586356,0.991581569970391,0.533747588640802,1
5650,354.028211519118,43.756945436244,-0.0398886801548438,0.999571284279227,0.585995425185504,0.0359112490733099,1
18116,71.4059571204665,294.645440103845,0.453526014348294,0.286609316244721,0.993831505893376,0.770220972649296,1
17648,267.664253026779,1.82151787713052,0.862555701438922,0.993663360364735,0.0556484553781678,0.982243239362687,1
5280,68.5128230296152,271.606619202074,-0.0337031787795854,0.333169071003795,0.991008741389194,0.0411966524458701,1
6129,84.633008420793,60.8142000402958,1.0636666476813,0.582881698384881,0.694107786851213,0.996696675992307,1
2627,261.242711131278,59.8017185081068,0.526477336398558,0.99717749026604,0.688621466272514,0.841247285604299,1
25304,316.785876788735,17.3949480387993,0.395213486318766,0.996510670054704,0.323973121427354,0.699710248032299,1
6446,76.5231932322211,287.903478148657,0.768454532780078,0.464515958912671,0.993113008132597,0.964504881791731,1
15076,147.023338901783,315.548611232591,0.430070442300376,0.905240495456383,0.995614714684401,0.743334089593078,1
19216,314.902744990916,81.3900067700005,0.522785800353633,0.997427442111075,0.78605451147079,0.838099190830328,1
4776,122.670924962766,267.556760799856,0.347402461997705,0.870079695479944,0.990392191815074,0.632986465250432,1
10889,248.970356655407,125.401491389822,0.661809994105205,0.993097729980946,0.89881179207893,0.92773453876655,1
905,59.0554793350166,268.938520384698,0.607735771405797,0.138135377084836,0.9906071914986,0.899475407046512,1
14397,553.644071219388,35.1938535901277,0.565026146165101,0.999978345120326,0.516481211623557,0.871432700713149,1
15091,305.414252878661,24.6205511426634,0.199582228015817,0.997512978268787,0.411578986777056,0.388337826288688,1
4988,70.9179613362429,65.3899750680074,0.954826266044513,0.384462961228564,0.717653021684783,0.991509358678851,1
18568,61.063629103808,382.158001149911,-0.1063739338387,0.0535400037188083,0.998516413770476,0.0012534243428521,1
22514,161.99547227402,222.58320454731,0.946446113973161,0.917957844212651,0.979890803969871,0.990899292274945,2
20323,257.321078010678,12.0075551433268,0.280797732117743,0.991113431751728,0.247257911885402,0.528328674659321,1
3740,73.3554961651846,102.440367608092,1.04225769110585,0.438986574066803,0.850766768780485,0.995997643643136,1
20087,91.9795387376639,75.0333391119012,1.26111829200899,0.574471166823059,0.76123219697083,0.999512482996986,1
775,254.174416878813,77.8634307072144,0.306175029635457,0.996977349044755,0.772635642644761,0.569624717273389,1
22210,319.91872801134,146.920172252351,0.072691994984891,0.997164002852514,0.929480822539291,0.173315963495388,1
7990,238.762552334393,197.128114514779,0.58151389177318,0.992611023597419,0.969392015212893,0.882902720811553,1
2282,191.301474775051,114.00100470709,0.937476862586886,0.983078615972772,0.877340594203223,0.990202840327847,1
22930,81.115519485866,303.125103893987,0.776870785969179,0.415422190446407,0.994629236317272,0.966554189069102,1
16871,136.816149224828,37.7982990542711,1.05170480870401,0.872108758427203,0.538913596792666,0.996321310754163,1
5857,139.12851831592,76.4241074475608,1.21600106291784,0.914389993296936,0.766909039488868,0.999227886044232,2
17803,272.495351405543,205.405712471537,0.489256745002378,0.994287660345435,0.973305228442841,0.807358676092182,2
2983,92.5083164399943,77.3691787595633,1.09710234710846,0.69571701111272,0.770685934521102,0.997567206317348,1
12189,201.01324551852,356.528532521774,0.381992764491739,0.977310408605263,0.997750028397547,0.682037081112771,1
9874,277.671063821644,92.5493437878789,0.635967624736467,0.996652669506148,0.823345107106831,0.915169502324685,1
7484,174.487012475508,283.700268959802,0.57266823207342,0.963880211813375,0.992623056856213,0.87685277805846,1
17787,286.159030426357,17.9633508560614,0.569315091268021,0.995728174690157,0.33143998956345,0.874496871318453,1
26285,479.929621850751,293.483309711888,0.148691027082667,0.999794107628986,0.993713264505626,0.298900461765722,1
1010,57.1554591102089,30.4390447765629,0.985543840876656,0.0785301218274981,0.47225336832908,0.993442702974281,1
18305,59.5081546817407,338.546494790029,-0.022366701735025,0.0126863024197519,0.996985272752555,0.0516847318217582,1
5194,155.580637218659,87.8545150624299,1.09418080401835,0.948042105417699,0.808554272656414,0.99750056593918,1
6741,79.9345572585091,31.4203986109641,1.04462319849563,0.513791247271001,0.481749328528633,0.996081048343113,1
7609,61.0609842979427,326.867563455691,0.113789108595383,0.126711282646284,0.996353618655973,0.239322057415663,1
1436,170.975801359898,340.851451562993,0.204391696626602,0.971468469128013,0.997096302618222,0.396816718725371,2
20473,333.788252948264,292.171488082982,0.688068210243168,0.998155576176941,0.993577052044183,0.938891298277038,1
4254,119.65954536339,296.61715149915,0.306647130820735,0.861463492969051,0.994027026576315,0.570377628613993,1
21380,333.288148879195,113.069877763361,0.216757944511314,0.998004181543365,0.875392640927906,0.418567379331808,1
648,221.194399055375,51.352949623709,0.306554558039453,0.992898018099368,0.63852095308145,0.570230039266279,1
8140,98.0671272849185,152.07778251906,0.987055100771376,0.703388262540102,0.935304738132785,0.993526593381407,1
24267,106.53608900416,340.416835912796,0.596307405423847,0.683579076780006,0.99707568598398,0.892497709210942,1
9988,154.109816016656,287.261839038395,0.70769097783903,0.932841903762892,0.993040387259771,0.946258310991158,1
6778,154.988583369329,141.7609066303,0.946172414310443,0.94219998177141,0.923120725375418,0.990878717436224,2
19928,80.3039823678523,292.872025111505,0.555276311086459,0.426909555448219,0.993650157198109,0.864252254195901,1
24756,99.9753375551446,38.7097666596146,1.09225462497011,0.626459802500904,0.546486223222394,0.997455713217415,1
19929,94.9284720898695,371.531687441274,0.392006559303265,0.607858791947365,0.998236936140025,0.695479410825362,1
16401,161.097112053034,24.5976414659125,1.12741688877576,0.930667050881311,0.411324178130485,0.998168209838312,1
25426,276.919763629749,215.431356786036,0.214376347753654,0.992201171349734,0.977375467894652,0.414385743958735,1
4092,64.7402096208939,288.007614364048,0.518679357177095,0.262688684044406,0.993124722210561,0.834542946617135,1
24108,113.590378002118,211.511300999017,1.18655891024545,0.733227689983323,0.975864386731809,0.998965165949674,1
15200,64.5799464916292,288.791948191376,0.151549906771199,0.161587849957868,0.993212309010712,0.30387304968239,1
4736,63.4840584801367,7.98100231023684,1.24585470012365,0.2227349774912,0.181259369347675,0.999429580306858,1
11481,110.932512268666,56.1726508908512,0.99838058931067,0.778280738275498,0.668078353048801,0.994124912457976,1
21296,82.4525191734107,277.220608763439,0.227374513429304,0.447761389194056,0.99179815219071,0.437151457764541,1
23640,203.906274056697,40.6694867846992,0.99836665216501,0.966805186355487,0.562302668500221,0.994124208143222,1
23010,83.349280024656,283.201400284542,0.616205377259255,0.447507927194238,0.992562625146776,0.90440984903509,1
7095,92.4879514639902,157.345578252667,1.27388761561994,0.659623808693141,0.940749532952423,0.999573004690707,1
19536,263.497670464379,81.5775624471947,0.227424957202263,0.992356352275237,0.786744625177777,0.437239506895454,1
10958,270.513122642518,7.59330392720821,0.516214076194157,0.995779243297875,0.17440419951018,0.832380343979316,1
22016,416.476073246875,46.7491231249215,0.11626864690597,0.99955175165087,0.607617836789159,0.24346921127596,1
22256,258.475075513837,120.455073570881,0.303268167742823,0.99014585535042,0.890012539465568,0.564975887904099,1
3182,96.7395534088935,274.544733721705,0.468746901730082,0.732895837863907,0.991430979338259,0.786602264793128,1
18161,252.125853999807,32.0881332200869,0.927994342558991,0.99095221539028,0.488097969120858,0.989414748641815,1
24050,365.972670915833,137.035718196243,0.428001518811019,0.998746066354215,0.916783885768012,0.740866791036792,1
14298,192.442733344231,320.230079687902,0.463157724405345,0.969740682747215,0.995937010960547,0.780684215147001,1
11903,296.046518801601,63.2199375701107,0.685325929979906,0.997488932218403,0.706735853078574,0.937797634203429,1
1475,174.885615996302,321.19455249612,1.01704154991273,0.97443198482506,0.996000394604249,0.995001944955483,3
20536,300.266226913778,17.8589833528396,0.68967067847358,0.996300569502637,0.330077056084613,0.939522936575343,1
15731,263.266060608226,33.3238194290559,0.451893031541138,0.993572318926454,0.499612647465031,0.768413714696944,1
4346,240.885328570374,64.7542722808702,0.204718006930333,0.994675119640306,0.714500152606936,0.397391686314846,1
4862,396.88399778861,44.2885677913532,0.557347776687309,0.999844829086214,0.589930581678169,0.865803007861694,1
24789,117.220911307006,80.4698850021435,1.12026123481212,0.753714719088748,0.782635038469077,0.998040244090023,1
24898,108.110788173031,311.2704626905,0.39202239266599,0.693415861111134,0.995297762197006,0.695500388193952,1
6846,130.383467612505,56.4132132567417,0.994233326435855,0.885169369867072,0.669483969147688,0.993911910199124,1
16339,103.587059987334,52.6185469815261,1.04516848941033,0.703021531924605,0.646547059135295,0.996100047405368,1
12612,240.171789014059,111.234079237493,0.249673409742573,0.990633623441681,0.871458582961388,0.475773181305704,1
16544,279.403909163265,260.475186647362,0.45475219316283,0.995373777812347,0.989210030100412,0.771571660771674,2
5800,144.414007270152,374.637685960564,0.270232577251385,0.926076881121844,0.998323689821935,0.510699220437048,1
19548,316.712560368284,20.0855403442499,0.464359114658453,0.997463628882542,0.358394875816005,0.781965802320317,1
12009,405.007099899879,113.410238956029,0.459423403872903,0.999727490823716,0.876108342151457,0.776667329154063,1
26672,295.810734965254,131.270586963365,0.166676124438562,0.994222200708464,0.908325852821809,0.330333501773938,1
16521,108.036109087425,358.738738706193,0.203397697332972,0.73560948879458,0.997829455081042,0.395065003269396,1
23679,155.85812142068,95.7557489734736,1.21408195393407,0.902338076848537,0.832762828812828,0.999212868722034,1
9216,179.527806576694,301.365514425917,0.532598945625078,0.965603269636631,0.994472706206152,0.846366576659727,1
7376,288.784055670584,195.312504519691,0.238949678600101,0.997759447898716,0.968458903139755,0.457280781139072,1
17955,175.635646824986,35.0630054284218,0.965685327233255,0.948536823270842,0.51532213600631,0.992244925592142,1
24209,84.4528756023445,173.871790767077,0.941801929370398,0.455109732458368,0.954998009601458,0.990544449103319,1
1759,143.282716236347,296.611053504279,0.344442846160759,0.935921943513677,0.994026431589384,0.628607996603195,1
18327,83.593500082659,321.792512103756,0.242038639043217,0.481963261729106,0.9960391917251,0.462624301413953,1
12296,297.854692216117,91.4667980182901,0.207436193897788,0.997466103872284,0.820043013730295,0.40217939675541,1
16978,273.107735328637,70.4849147015113,0.433736306256061,0.994590136688203,0.741632645674206,0.74766775913698,1
26348,161.246331126343,344.433260631983,0.761764325254007,0.906060679117218,0.997260747315803,0.962799632974652,1
12579,261.127084080771,89.3330119495298,0.683457105314041,0.994177633197978,0.813345831439651,0.937043022017937,1
26734,134.579345768418,65.9164385376124,1.3260878010203,0.826680119847879,0.720236230171746,0.999754360470487,1
15395,102.855687945396,354.657110314544,0.751752078635698,0.701642076484859,0.997680499088438,0.96011645774728,1
8287,337.5037906639,61.1118047987441,0.428825002208454,0.999194384785369,0.695700788844248,0.741850693655693,1
25323,67.8376848260317,381.257042020687,0.654965846364436,0.164285621372983,0.998494550613513,0.92456584121272,1
2094,98.9281434441858,89.7814783085468,1.00146261604785,0.75489044515416,0.814774527151242,0.994278790511273,1
3938,142.782583711078,46.6364198371258,1.07820277381479,0.929947895230725,0.60682617222813,0.997105369521446,1
18957,254.86699227375,158.256310460273,0.491635581483775,0.991145569132641,0.941642573579339,0.809669146613953,1
11700,256.626255021634,173.972794566175,0.527088973780975,0.993955672020093,0.955073456841428,0.841764437332783,1
14978,95.6170814490101,129.314064493521,1.00874854147826,0.640831539873034,0.905260197404048,0.994628084064105,1
26892,246.058520174052,83.43458269496,0.943710806146249,0.984425348462537,0.793453761450361,0.990691779221682,1
20118,265.730739731997,21.7004711994897,0.307817290146895,0.992568699177355,0.377989606595967,0.572241255538563,1
6894,252.126493605416,163.689195653851,0.684921190278173,0.994986347388476,0.946693332210981,0.937634846267928,1
4162,132.691568539042,140.734042254766,0.950701397445117,0.905142471659929,0.921786754517931,0.991213841063504,2
17239,146.672283280787,301.485490127645,0.153982656427297,0.898830494610593,0.994483523237636,0.308112490646165,1
22387,140.970473000046,273.508935177048,0.499732631695325,0.865829792339355,0.991284450683162,0.817383911152867,1
5205,254.864401437731,217.949199919206,0.306569072892444,0.996038208715618,0.978295312618379,0.57025318188788,1
11622,94.3070415922101,51.4351962006928,1.04245833246831,0.647519050166011,0.639048471314952,0.996004780575031,1
15019,148.360248683495,552.387748951879,0.613170323156496,0.908366235205904,0.999905490895515,0.902664408631627,1
9223,113.669751633237,458.718407631621,0.334076880443477,0.803472004830837,0.999570981235211,0.613057396779901,1
23900,63.5181804537765,38.5199409042201,0.974719355172671,0.0780209321528673,0.544920655771954,0.992812417853015,1
20751,83.7462683509028,71.501738859808,1.1004461329594,0.468407101929188,0.746156200014279,0.997641464259196,1
4258,220.387486185851,123.364209610139,0.54682610203564,0.991257638204843,0.89527826456716,0.85778359980132,1
21650,115.631497389804,183.804124223214,0.966272918228244,0.7589403570164,0.961836672793569,0.992283033189288,1
25405,241.969773752294,144.059925169231,0.993279802910823,0.984098439104855,0.926023978573284,0.993861955785504,1
14192,245.749336074278,82.7440084113849,0.322946575747864,0.991245252778754,0.79098485529324,0.595998635528923,1
25830,275.45622975991,218.306432323634,0.349799408469056,0.991823928663507,0.978422727820117,0.636512165237788,1
12658,200.890215574482,312.650907698594,0.723646841775638,0.97646227106452,0.99540247308838,0.951684571805543,1
3106,114.965526580695,300.109647936462,0.358551657857951,0.846236930927262,0.994358189276614,0.649229026587507,1
7933,178.062547020902,272.055242676135,0.133044047426136,0.966534734237939,0.991074542632494,0.27190031979447,1
5541,277.045544360656,270.670529962267,0.115107446051776,0.997550551313907,0.990869865543929,0.241525108872737,1
15263,92.4298616232308,114.597030451772,1.2347095098154,0.608778377762064,0.878571086381885,0.999360885630666,1
10539,111.990990296264,205.969607726916,0.992255776229147,0.788395712617785,0.973552652521013,0.993807893275933,1
15867,266.87731463104,46.1577678400345,0.735169726134841,0.994059989927337,0.603444485786027,0.955308512022323,1
15832,87.0831086722778,16.9895445842061,1.01098435598104,0.54289271007292,0.318580578756337,0.994731308718762,1
18642,180.583055783288,330.840500707645,0.483802867466154,0.952948719030246,0.996582168441338,0.801985796601412,1
19334,138.803419144215,277.070933725788,0.239662445201185,0.870581893483177,0.991778038709493,0.458514918986687,1
17304,120.351338997217,284.361684644545,0.562514633849578,0.804279525531456,0.992702418351338,0.8696117274564,1
21895,146.011696384008,75.2095571709237,1.06377187469922,0.883250224636868,0.761959420186904,0.996699816008882,1
23539,190.821698483805,303.913995027151,0.262719982769183,0.956285742577165,0.994697960580016,0.498025656043549,1
12650,227.991469274163,97.1673399143238,0.981143655578303,0.987589698517695,0.836742945900226,0.993192800288615,1
18989,110.393707676601,366.920824811612,0.876922385996007,0.739473957102746,0.998099769199968,0.984110026450249,1
4980,227.43844556353,41.7029418099757,0.518816501127429,0.99235721421428,0.570396039061097,0.834662642600081,1
15886,139.174553949179,156.703987798262,0.976067552858351,0.881973184412345,0.940112086199909,0.992893804819095,1
10027,163.451793095722,63.3850056963662,1.22770089391458,0.946535340743139,0.707581794527021,0.999313796684279,1
4605,302.624896051218,78.8719950568075,0.177068999396736,0.998761066468433,0.776560669358577,0.348619468333947,1
1869,227.983284099748,193.975997424731,0.380463779506112,0.993760334094986,0.967753690787627,0.679953999896887,1
9773,68.5913722193335,283.752188757241,0.195745536358794,0.288145216880366,0.992629317847687,0.381569311943248,1
14146,136.989386848216,11.8751936774049,1.02964163466786,0.880500789033249,0.245221349958665,0.995524725776387,1
16645,116.722171860434,163.626959152524,0.93878386639592,0.787086310563609,0.946638060097427,0.990307224165239,1
7553,133.876262096679,424.334920291188,0.576940961709005,0.891882829600945,0.999251437170162,0.879804782094001,1
20872,320.608015861598,63.6020672705397,0.394014097629756,0.997491743648425,0.708690257732963,0.69813214927307,1
18229,131.197877563501,108.697921558559,0.964796166305708,0.846892837202176,0.865812908002938,0.992186936391479,1
1224,225.864390270168,50.8418776792705,0.421998300716848,0.993564659496769,0.635224282383782,0.733620026621019,1
13254,75.3225231038139,48.8346833679918,1.11074561516293,0.388586335116997,0.621958499651638,0.997857246784377,1
2772,156.334203046228,73.2863976199567,1.03003975597984,0.954521315637976,0.753895672665,0.995540398178287,2
19413,165.802817258373,85.2187913348399,0.963413354690592,0.932477582246065,0.799693156076673,0.992095973190813,1
19241,264.857982301309,180.744231607509,0.420911334916021,0.992716568056494,0.959850120076781,0.732293984035075,1
2650,308.389685643014,29.1178467768057,0.298874770285144,0.999095450853929,0.459148462809892,0.557908102927267,1
24327,404.772636253095,181.706548748623,0.778725997999633,0.999369990779087,0.960485911330098,0.966991932808571,1
1209,82.0789220254987,382.362630217092,0.430894978075344,0.590875437948853,0.998521334843246,0.744313072923137,1
8532,260.528544805441,4.84994390405046,0.196534158289035,0.995270901126787,0.122628142235294,0.382960803421032,1
19081,301.84721073972,134.934612004568,0.589617677956929,0.996641712961718,0.91379757573404,0.888238697598093,1
23348,270.610716660803,153.806930653285,0.321185227678323,0.992052131332457,0.937145864408988,0.593265887251215,1
26168,354.508585729302,111.350581504637,0.393171591277929,0.998141010990366,0.871711990009597,0.697020594357403,1
1237,235.342919180563,81.4922699711194,0.431862396859161,0.994971774285659,0.786431078297966,0.745458564227701,1
22729,149.932880902591,212.553516360127,0.941773290816654,0.890241652494296,0.976275806477991,0.990542222842438,1
25299,118.003475815751,297.330662133859,0.693695859569035,0.754695091629401,0.994096234723595,0.941085543564428,1
23340,91.5966154276949,154.299803541329,1.06357858616768,0.548461403232068,0.937660841757242,0.996694046092425,1
15017,118.071885312887,266.862858815725,0.664994554759853,0.801404590252787,0.99028236045678,0.929171147973144,1
7361,231.970832672066,76.1489441211444,1.11813476938036,0.991480426397175,0.765797188940744,0.998000651111857,1
25170,425.879619404102,231.411967949882,0.600395066077548,0.999533088644966,0.982610765141662,0.895036254403334,1
16856,85.6971133856791,68.8579215972607,0.957979097563348,0.52029358362779,0.734217414087353,0.991729156436209,1
17850,112.271241645987,299.516321754823,0.486399202289123,0.757381845731288,0.99430325983336,0.804556748579376,1
15670,310.824411567903,23.0958119574201,0.417465935211124,0.997672775294632,0.394324687748255,0.72806262852317,1
15409,85.8255078261722,273.705091269501,0.44675968255754,0.529805846279487,0.991312392002746,0.762669568624672,1
11439,122.71773879836,176.03386124251,0.990008335311127,0.838629590114579,0.956585346294797,0.993687722358223,1
6267,260.969700958913,215.040979915559,0.334392670576348,0.996223490219563,0.977229369476078,0.613535999461709,1
10634,361.051836774584,194.942637448757,0.399497795364891,0.999416011851281,0.968265316447276,0.705305913274163,1
20832,287.873657092414,82.3575755722231,0.264563614717517,0.995131064439192,0.789589916018873,0.501145846460871,1
15095,374.842139866327,389.394701381533,0.788434711290744,0.999395898543298,0.998680854457735,0.969202924973028,3
4372,142.189832995341,283.293927095485,0.415816562184863,0.926674892893061,0.992573871105105,0.726021878535755,1
9498,125.869654611925,266.93144655632,0.840411358449399,0.859280141303316,0.990293272621935,0.978985333231482,1
3529,124.304712035012,44.0098440914034,1.06910087196508,0.882015449926257,0.58787257171052,0.996855296146473,1
3427,230.733539909355,122.284641552897,0.714620237954936,0.993597693741322,0.893354940442023,0.948674730864542,1
11254,151.840504731553,97.1291025166908,1.19168286057952,0.924905569059774,0.836636430914093,0.999016185826163,1
15844,101.135394270148,470.065633249079,0.444192552259783,0.685520731844008,0.999642916697973,0.759761139102336,1
12616,257.783274639472,39.0698694924654,0.334938485406239,0.993723288178444,0.549439637217731,0.614362508446158,1
6565,74.331108993454,66.1668059286068,0.972888471669683,0.42787042632699,0.721455938659591,0.992700540876473,1
11901,183.655788218189,150.808178807042,0.984978390519869,0.965886774007231,0.933918101769511,0.993411061940793,1
24590,89.4883460302877,16.6267438179529,0.950412825667791,0.516792310401797,0.313706450393705,0.991192823893799,1
18969,277.436227459884,280.577061243082,0.288408209296921,0.994532449170947,0.992236421983355,0.54087603466345,1
7312,86.2647992814099,280.136557913209,0.510519808928261,0.588981157401577,0.992180273903203,0.82730547266261,1
12899,269.478010155501,209.681949940538,0.674115204349263,0.995168171590194,0.975124744576242,0.933155867907588,2
9686,187.178482219284,277.518886302161,0.843015068067845,0.97117372462526,0.991838087532861,0.979393888133343,1
14443,164.437064385372,594.382780544097,0.77868498619522,0.939331801375374,0.999951967744181,0.966982309661105,2
18239,272.777757371726,24.4248485226499,0.529764767338939,0.9940860865172,0.409398023114803,0.844012076447729,1
24469,270.377401506972,98.5041414503762,0.493018457888699,0.991717946482822,0.840422069952832,0.811003084861593,1
17389,95.8232012291571,305.292974710466,0.488332877147847,0.630923347081989,0.99481597445983,0.806455957373177,1
18165,94.8711379131755,412.913499087496,0.835763957946772,0.616797633701935,0.999099225945574,0.978238368502439,1
11466,234.155157961367,68.6795999664333,0.620478823686743,0.99005589960143,0.733391173117819,0.906824845971084,1
22110,269.173531455981,125.52781484911,0.0974481600017474,0.992109869839624,0.899026837467122,0.212412867176112,1
19758,111.360342974121,127.072747185493,1.10296688033723,0.7418908320833,0.901619373794964,0.997696055106544,1
23798,434.214842615716,82.7887868275541,0.663994807373241,0.999636804219335,0.791145872192613,0.928722701146431,1
1097,287.239109964097,439.338434198591,1.06796773352599,0.99863171717152,0.99941292530993,0.996822810327826,2
26098,145.069551947834,356.1979195238,0.371067986763331,0.86723094061017,0.997737899056037,0.666977440595089,1
17978,126.953764317974,61.2832663028958,1.05827859325426,0.831361427204683,0.69661457215875,0.996532178692283,1
23505,123.759801116686,125.976446653562,1.00326309542363,0.794221801217645,0.899786794049677,0.994366978273357,1
23935,113.403456895809,380.981588824122,0.312925644095797,0.733922315994278,0.998487802002402,0.580333785385089,1
1761,58.1194579243416,282.694193950668,0.28863648545987,0.104272199561819,0.992500672903659,0.541250326928391,1
7142,80.8004680072569,44.625410033269,1.02996781119274,0.52038188232109,0.592402680744988,0.995537569725971,1
11277,82.9030514933841,91.0643109548068,0.962770375568672,0.518424778943881,0.818799069314891,0.99205335206171,1
25027,81.8532593999643,123.890776826931,1.34108855341909,0.413477684604004,0.896203474926764,0.999791132185814,1
16665,390.800997707166,117.800525577184,1.12411014829717,0.99950522556901,0.884971310647628,0.998110068191344,1
2661,215.261061089429,112.220805253877,0.267839485316467,0.990878493757918,0.873588693072701,0.506674025719436,1
2836,217.681370492896,51.7629125700647,0.164279234295356,0.991240457165986,0.641142159606373,0.326126329914334,1
23604,188.420727230764,283.018087516305,0.672172837258155,0.953282107366249,0.992540294206405,0.932323186857898,1
12014,111.027602537604,298.43338471238,0.497839502290546,0.774950054008514,0.994201612824565,0.815600808966617,1
8072,97.930216289151,319.114191505271,0.584526741981865,0.702227469766513,0.995862416102933,0.884909385272194,1
9655,235.583259398718,205.007781580626,0.813232058416972,0.991135873831809,0.973129219890007,0.974276863471053,2
6092,229.467732182777,90.5475691969938,0.432263986511212,0.991873426828533,0.817188937438788,0.745933078648744,1
25841,201.71159782985,324.395261053792,0.591690944128633,0.962221634574234,0.99620370818338,0.889572624161557,2
3436,63.9496550983716,297.390290402129,0.439017463972945,0.24712602281943,0.994101981835026,0.75382535033648,1
17581,157.467683612398,274.223533041799,0.332365321908424,0.922361074248329,0.991385807962714,0.610458165637956,1
5889,144.402134341607,113.202881715546,1.17255734752024,0.92605258943513,0.875672821020618,0.998812895065858,1
16114,291.823573873755,324.887742128631,0.136075922014218,0.99645017227158,0.99623405615377,0.277100208850735,1
13876,179.827272938662,312.357854522915,0.924388305359227,0.959563203854486,0.99538044182508,0.989100420416676,1
8579,111.471709987057,325.837526620668,0.321607625362551,0.79308744519949,0.996291897848079,0.593922053822591,1
16113,153.463459609155,15.8998365607036,1.06937922696916,0.916380477836356,0.303800019155953,0.996863229425269,1
16477,279.978556239475,253.698605952614,0.746701671635777,0.995430461829528,0.987941804180615,0.958701299621982,3
6643,499.672287582724,233.287048699266,0.506733631162598,0.999974571634084,0.983138901093884,0.8238691959133,1
15187,119.015559684388,80.7414074347254,1.00729514607123,0.806218097219244,0.783649989083464,0.994559998221748,1
24865,317.92225122691,68.5314471077252,0.587532978360123,0.996723671909422,0.732702659265306,0.886884653444323,1
4609,80.5123335040883,205.40080301218,0.956397815813217,0.542756803333759,0.97330306405275,0.991619568744115,1
5332,280.755785539764,91.2244407722797,0.505675532852381,0.997755592688918,0.819295036684837,0.822899994427893,1
16028,142.231134511575,292.240588189347,0.492898018794956,0.890696632210165,0.993584300510192,0.810887176377036,1
6138,84.191549535154,139.018374171065,0.954518621702908,0.577332602581009,0.91950516014503,0.991487631662114,1
15224,135.225256482562,275.953173261884,0.655843914209832,0.872296518646181,0.991626255488183,0.924978631429957,1
10261,303.224038420767,140.37833071173,0.832525626839187,0.99800737015903,0.921319183025362,0.977704187782971,1
16377,91.5606235646002,150.010262589836,1.15993602379294,0.592054696753621,0.933031212283244,0.998658007396867,1
23768,222.807870440523,318.252528425214,0.257856032120382,0.977963037788868,0.995803875424354,0.489763940486646,1
15398,183.525907853422,82.606738851549,1.06651433855139,0.960787565680221,0.790490447541569,0.996780691643555,1
17230,103.077508215403,108.50462528803,1.02743148616589,0.694672306301072,0.865372306238765,0.995436802270361,1
25918,303.588280619296,114.448460583908,0.821031491213742,0.995308693032712,0.87826555366845,0.975714156680991,1
14859,67.7936132619468,55.8174955373281,1.27245105777234,0.23613868211396,0.665991450902355,0.99956656652047,1
4886,61.5294341705214,280.612304509561,0.530645381344473,0.173205813858658,0.992240896652738,0.844746526859746,1
14381,92.5878326718295,326.731852914732,0.616763735274541,0.61539072683081,0.996345546149162,0.904728208167118,1
15422,102.680097976619,99.0652301420065,0.978151989899496,0.700254622381181,0.841940701664539,0.993017994357043,1
19991,231.670837738249,279.044796150192,0.599924123676926,0.98477952205576,0.992039346948985,0.894746232911482,1
26142,171.552054429912,129.065707685393,1.00250494526324,0.925277677364647,0.90486363459712,0.99432999584641,1
21840,157.208175740593,284.685337183256,0.919382013408165,0.910307885613292,0.992740939087028,0.988650158118675,1
20741,278.409576799994,218.402358499567,0.478588102740242,0.994078203104436,0.97845681338924,0.796749440160966,2
15839,122.950133191945,72.4330814415454,1.0931523419733,0.821732253069058,0.750226495236948,0.997476708870806,1
18728,296.72607210773,39.2386860977064,0.506268695222044,0.996347391745076,0.550816809278706,0.823443800958681,1
22088,227.238428045792,328.994298355022,0.540075360224601,0.981180623639375,0.996477809283168,0.852449365581725,1
17781,304.037626797119,99.7295343130284,0.854474432330678,0.997061714297161,0.843719442576953,0.981110062203543,1
9681,232.190838905859,223.202037733544,0.434635909742939,0.990392693551257,0.980094719342749,0.748723801498801,1
15889,143.382801139529,130.281538144378,0.978021965623675,0.893805828643963,0.906788986208598,0.993010305481727,1
2583,128.56049837178,54.2727736681611,1.08485896970276,0.898543394403532,0.656749573273796,0.997276516292518,1
13758,77.250202212287,169.429856058794,1.033807522723,0.417753775138408,0.951549832752329,0.995686255016389,1
13323,262.164845472662,133.031937199315,0.210939952202076,0.994188460288569,0.910999072754896,0.408345349210526,1
24874,98.2366765796271,287.227251092466,0.511444962356153,0.610258008586243,0.993036450784266,0.828137589446455,1
24614,160.477408717026,630.913900233242,0.445353365838171,0.910261833341792,0.999973325780202,0.761079243380981,1
14190,312.571792000933,172.208614306278,0.910965662935698,0.997961246641353,0.953737034552435,0.987855531657086,2
22187,516.712824901677,222.888484701246,0.155843448199911,0.99991870764643,0.97999166064348,0.311359876854659,1
17958,165.424951859718,76.3089951411259,1.19224858662687,0.934354128316045,0.766444579222002,0.999021672685857,1
20952,358.63842891337,70.3836603812837,0.403527984576054,0.998809265671298,0.741177578471332,0.710510363216218,1
13920,172.444175702042,39.8060594288912,0.956713783280015,0.950854646740481,0.555411072890806,0.99164157047285,1
3172,118.699530181765,82.9904728232244,1.01127654434885,0.862440192839131,0.791869508046106,0.994744664306587,2
5984,120.70426748404,354.601480796426,0.598726376780853,0.856021236162633,0.997678399584801,0.894005757737351,1
5526,74.0242976471812,108.279298106789,1.00716049703519,0.43182121636346,0.86485681626037,0.994553650836241,1
2920,241.424524391603,1.15561978604094,0.0492590666890257,0.995239780750126,0.03834749916328,0.138620148290002,1
20813,412.807172867642,68.6938962991588,1.21730828774505,0.999569439794868,0.733457513844666,0.999237961432563,1
14553,157.950404740343,420.756135776341,0.388546923573128,0.928754369728267,0.999206746147139,0.690874748706692,1
21479,294.612112346277,92.3935898570115,0.466145160657866,0.995671475073323,0.822873898954573,0.78386144686757,1
6442,97.7662457437182,349.831640128883,0.524031786108581,0.715041231131181,0.997491100276113,0.839166906001044,1
21785,80.4564193337972,76.7303468966292,0.98719574083554,0.415995225310326,0.768139970941941,0.993534350591332,1
25911,215.330032126693,73.9323793370774,1.05065832372619,0.971766452072188,0.756635714029172,0.996286677802923,1
7534,236.934236075774,129.841360995178,0.403771745388535,0.992279145168141,0.906096571006141,0.710823297549973,1
4854,370.291613061453,201.255824206787,0.458381267929279,0.999726860085502,0.971410957783532,0.775537340617763,1
15393,285.323160977262,43.2814552267609,0.471565844067303,0.99609875981696,0.582440581601305,0.789544389731264,1
17817,100.452004825617,71.6684479491082,1.17090660619533,0.67080365982838,0.746889863869516,0.998793628653807,1
13945,98.3414571231477,66.3636189493163,0.951013921947767,0.670685617020354,0.722410803739825,0.991236551734104,1
9781,90.7199757455585,158.822282368337,1.32890269832118,0.623502964852378,0.942190654503992,0.999761696202254,1
11893,134.954558800763,39.2344195687476,1.2330850773633,0.882070241263136,0.550782061646278,0.999350249032188,1
13381,90.0827986562698,261.747408468315,1.14448576999761,0.593449985608459,0.989432709350463,0.998442858378468,1
20079,309.453460593723,297.356182317132,0.387837829200654,0.996996372705325,0.994098695107153,0.689925803784885,1
21242,258.543064185025,198.954815892069,0.932593507775795,0.990847222041339,0.970302682932984,0.989803827968787,1
16365,302.416539834134,101.850045021819,0.699634112909726,0.997160473605618,0.849260515619137,0.943329117483331,1
21806,68.6954563467479,340.549881906534,0.53427774148465,0.205520393559709,0.99708201278109,0.847748590972663,1
15775,130.678598604563,40.3910171436589,0.943916855627172,0.853674150537699,0.560093064366692,0.990707558202783,1
2521,158.665491893541,163.026024747971,1.03393111973389,0.957424649037421,0.946101371415617,0.995690964919243,1
20583,277.935142166681,196.473318076044,0.609210623273771,0.994136488763615,0.969058750611139,0.900348979456857,1
7010,99.3081052893029,277.876941516102,0.718342594023899,0.720638751983643,0.99188576804239,0.949934553372141,1
7478,236.585751429816,95.965226912572,0.742830490574872,0.992381160613149,0.833359746665123,0.957587741770029,1
24799,201.959006241469,352.876213185152,0.69962765836305,0.964392333291471,0.997612330742473,0.943326718254204,1
2355,168.47974793384,326.093505385841,0.287943702676917,0.968251765472814,0.996307333659582,0.540114029526251,1
24794,343.025497036298,23.8005553154692,0.295695803493197,0.997977560851723,0.402375055030488,0.552763461948992,1
15471,163.221354960299,81.0094958345712,1.13164712658372,0.935833703260869,0.784647257556966,0.998240174466548,1
25134,344.099441566371,67.6303017426542,0.453653680971527,0.997929784934968,0.728474182085144,0.770361856882652,1
3412,256.443879227655,70.292333310951,0.899566748757739,0.996647129068151,0.740766404299491,0.986700067769765,1
21177,304.628645252123,173.235792284472,0.488090951278731,0.996467681601644,0.954519977230942,0.806219069743151,1
825,89.0258386676469,112.786621006024,0.974867450893519,0.674655050970614,0.87479378478395,0.992821399071875,1
336,160.24908779169,332.310030752001,0.378138222401791,0.96267491672188,0.996663011453557,0.676770253558484,1
8400,255.046534914072,33.5659785391447,0.798328727779395,0.994748112279922,0.501834331375866,0.971322978799275,1
19580,171.616599026967,267.041873004496,0.480122438533422,0.940399323357269,0.99031081533289,0.798300207981612,1
2534,240.427892703677,199.925157954057,0.220721065498666,0.995238962583244,0.970775243969855,0.425516297863807,1
8037,63.5433580960109,10.7037323991463,1.03434542539302,0.186580968555063,0.226831378310762,0.995706718554442,1
13781,252.161629090384,20.8991384988562,0.499777314618124,0.992574371863157,0.368361736332019,0.817425845391257,1
15269,180.729580965307,377.475801630081,0.470922126371867,0.958665112266317,0.99839921071845,0.788875060780554,1
52,82.2356142980717,352.361891800067,0.35462056870637,0.601897545857355,0.997592272024556,0.643547922015369,1
4245,176.539698644431,109.683971311125,1.04999633937979,0.972166649997234,0.868037582796724,0.996264615643491,1
16775,263.457598829865,288.84291216476,0.275979911667275,0.993333671009168,0.993217961195651,0.520318757154681,1
5242,120.41398998392,242.819213838247,0.963549478535417,0.859675130574033,0.985584039581391,0.992104969883746,1
19499,267.931359718345,84.2385985363665,0.750653998368413,0.993177869124338,0.796290057914923,0.959812348153749,1
19934,80.8115272639306,97.9445250115662,1.35286377631663,0.434472209541127,0.838892425812851,0.999816285048668,1
9553,116.832040030456,136.059934182231,1.0419266418416,0.818097275681794,0.915410341226178,0.995985842500406,1
16711,203.810896600533,94.7927120429653,0.965322206234177,0.974555520806462,0.829990051990966,0.992221290780028,1
25885,116.352969484624,34.9481912983878,0.954687185776368,0.741221718490124,0.514302500029305,0.991499542504986,1
22078,301.590347761434,166.484066178667,0.667681458120013,0.996002277825028,0.949116519915533,0.930364874504305,2
13126,191.401440027399,301.577708250805,0.763994886429689,0.969934881431982,0.994491823174368,0.963375830077984,1
12959,137.241569018185,105.675240402557,0.975665016064451,0.885120100108907,0.858750095279963,0.992869592636177,1
21867,188.22630637872,28.9814549883315,1.01034096953269,0.956056016031653,0.45777413226751,0.994701791184266,1
1661,153.553210366789,65.6532805382625,1.24365839047037,0.95237178565003,0.718948124629132,0.999416616397226,1
17639,175.864415594654,202.161651325812,0.989859074858413,0.949496598681435,0.971835699067563,0.993679666881141,1
19433,105.524352723683,124.33514051909,0.990930484710652,0.702945620985702,0.896977745385846,0.993737283697903,1
19715,262.164248921212,147.747519557144,1.13021242882803,0.992136122426018,0.930449768044427,0.99821606631319,2
4412,163.370291776738,303.781794802314,0.518618959713436,0.959404521156102,0.994686505915645,0.834490212780707,1
9614,181.803331308527,248.52300302282,1.17886347329335,0.967001915443689,0.986872934510857,0.99888388981316,1
21612,157.199596692206,78.0193518659,1.08853706775161,0.911274301353842,0.77324711526677,0.997367041623304,1
10842,242.489073233758,151.089361832149,0.337245766226569,0.991978541715071,0.934227786085284,0.61784632929482,1
187,208.267810246209,140.372988393802,0.671134253745254,0.990203751251101,0.921312139064209,0.931874443886504,1
11125,72.0863963008643,268.081034569592,0.286997476931578,0.348187085706741,0.990474345046713,0.538560219747315,1
15959,82.2419583523649,102.492214926838,1.01064213608562,0.479217052692547,0.850898318511804,0.994715626927852,1
18309,238.344606119085,282.275795824979,0.919666861906718,0.987531387712806,0.992449177538578,0.988676217586334,2
12533,114.2508963108,267.430164054834,1.16735918142999,0.789922835538164,0.9903722475684,0.998751236584088,1
20549,300.522071336257,32.850026867077,0.461323144965004,0.996319823665544,0.495233041425669,0.778717115257112,1
12953,132.482073771061,44.1986915021849,0.992164129254957,0.870015415363014,0.589268198219722,0.993803033834865,1
63,95.8382840494646,63.5863263795472,1.01140255622919,0.742569366237149,0.708610024028809,0.994750414634572,1
25536,358.244185981679,202.816486251668,0.706050295968543,0.998376291710883,0.972138775460928,0.945672360802491,1
5322,122.805180581986,94.1029598414547,0.967841172840366,0.865949829807505,0.827974950566222,0.992383913037402,1
16516,247.262482998776,84.4862413144264,0.317071285951298,0.990670655388385,0.797155475422819,0.586848588702226,1
24433,79.9044233831819,46.2919528176555,0.955325797978083,0.389480013865978,0.604395697843438,0.99154453095539,1
19139,141.561647105015,213.518646217195,0.945040946407424,0.879017396364361,0.976650481553409,0.990793216150953,1
19859,264.254822703958,78.415067905079,0.761910006241443,0.992478518746793,0.774791287618029,0.962837501332356,1
15408,289.656841208387,178.588982304551,0.6910580005433,0.996444495627657,0.958388339637264,0.94006536531627,1
14793,177.820203354694,313.655144161377,0.111813065808306,0.956284640356898,0.995477172246347,0.236028330028263,1
24491,171.044184605679,342.850270348115,0.450323713282285,0.93017631676048,0.997189256276844,0.76666780897192,1
23535,183.694517053468,295.823184375171,0.916659430945158,0.948737761471421,0.993949055122467,0.988398357414188,1
15651,259.08318410355,172.981305686068,0.80897936790004,0.992954557994381,0.954327260569031,0.973462318007646,1
21337,216.28887444967,181.5285763832,1.0012916073304,0.977196514839306,0.960369100039588,0.994270349496544,1
26149,183.920418213237,357.273828152896,0.669165829022285,0.943038504803553,0.997777132435469,0.931017194034574,1
13576,135.319487468619,309.932474442689,0.156608991668596,0.876604549819604,0.995193984869911,0.312696993901413,1
21847,227.178248509328,275.145000999016,0.292106715367785,0.98145518428646,0.991514758797583,0.546925030169273,1
9939,89.3234882560194,284.616369097033,0.485102714982363,0.608283742330968,0.992732747771189,0.803275933122686,1
19818,237.162629098526,308.921338288562,0.727612764096267,0.986507168971002,0.995114034511205,0.952958968044279,1
4108,144.174019653031,188.602907550141,0.951549666497872,0.931676135864109,0.964753900670857,0.991275360344196,1
17108,122.623893073708,120.233053731061,1.02609752537878,0.815272451145574,0.889599707474034,0.995382974206118,1
24823,300.506483951177,212.134962386131,0.442476828906091,0.995390654308721,0.976111437675888,0.757803982580462,1
3394,299.761229390257,245.847617936682,0.997802686758326,0.998822479741648,0.986283498508744,0.994095643613498,2
3632,383.596636198524,210.318533696474,0.887808214009241,0.999815119197592,0.975384688699036,0.985406338129398,1
25174,154.671737378142,532.544141430652,0.376983690257657,0.895415601553395,0.999869836710031,0.675182779869789,1
25655,366.70869896976,197.381530830335,0.568509107243735,0.998579995939508,0.969520017966509,0.873925410792251,1
26777,158.9141865315,201.717989632051,0.943068447320502,0.90002567647025,0.971628469086531,0.990642433323654,1
24508,84.2907640967334,4.12168574506729,0.940757352472051,0.450385620817542,0.10771263344903,0.9904629414932,1
5224,64.3695188464804,302.549311188339,0.45779767261756,0.240905973827466,0.994578511491264,0.774902831866847,1
11974,242.770089456332,178.059904714727,0.752857677090757,0.991694810334593,0.958021332241989,0.960420658451614,1
9191,187.007427703822,306.683127850407,0.453967536137789,0.971527903573588,0.994932272670936,0.770707955163605,1
13507,313.852147631947,245.672402287537,0.671553732757027,0.998063451843336,0.986243977713614,0.93205598429732,1
8711,118.883700430802,100.687895346703,1.23010036534731,0.831434570718557,0.84624926523689,0.999330272048253,1
3559,197.595001809455,163.292143709677,0.966909795037829,0.984802865888923,0.946339711950388,0.992324145869122,2
25360,112.114570045419,120.290694775809,1.06582369402635,0.717770627932623,0.889707039548644,0.996760497812639,1
18806,284.261928422752,117.586803134427,0.923388967342262,0.995263973949477,0.884555279309349,0.989011841863869,1
7860,86.6104868574976,61.0379505370202,0.952585234586416,0.590389420744032,0.695306290461414,0.991349936461465,1
21268,262.509980789215,364.162390124535,0.704006762557454,0.991581998998299,0.998012639684551,0.944935040198701,1
9428,163.803864651063,184.191320475758,0.997499596759778,0.948528066044673,0.962080856692953,0.994080240168126,2
9933,138.727561063922,120.289686038829,1.03229519620328,0.899268190842122,0.889705162120849,0.995628242434896,1
4005,134.179037502531,258.850489055138,1.04446365968003,0.910335391992703,0.988918773622993,0.996075473672159,1
11271,93.3039761702922,61.7383681327777,1.05507016461393,0.640085894847289,0.699025870464523,0.996430687760024,1
19034,211.897407740302,169.57360079143,0.965857227754236,0.97674357984215,0.951665505668533,0.992256091589397,1
16301,166.254087351151,430.374798990022,0.707226048422298,0.938852103194222,0.999321210571043,0.946092808873703,1
13059,262.98068486746,185.312345907497,0.587781514573292,0.994293349329382,0.962778950217648,0.887046755640604,1
23013,135.416053725675,144.549265214869,1.14118011988837,0.845510548679158,0.926627385252853,0.998392851493617,1
6731,159.23353397372,369.421486997081,0.778361572214589,0.948437442537397,0.998175439087831,0.966906337810318,1
13708,89.446066607042,59.5624805278576,0.974906893456749,0.583729763748124,0.687309871285877,0.992823789339293,1
1166,204.747344277546,218.387696155911,1.02320842005507,0.988729030359536,0.97845160691976,0.995264399220479,1
8277,241.455611067941,187.32451262447,0.529609083719643,0.992919429438189,0.963999536029971,0.843881962677965,1
20647,110.429886804804,288.22789953313,0.722466726370084,0.731809677090496,0.993149435676241,0.951299762317108,1
11371,202.19021235015,268.384868697426,0.868713644534585,0.9786939304322,0.990521631640331,0.983065930470056,1
11560,159.638768996145,265.204625714494,0.542479573609509,0.937686512246728,0.990014748171145,0.85436620395991,1
24634,288.192416667202,64.1597232483757,0.459121146596719,0.994112290907651,0.711517667169198,0.776339995860857,1
7285,115.196606020005,291.113899578883,0.330809494239147,0.822419711621478,0.993465079980038,0.608087790886556,1
20066,145.401985455709,280.420322868023,0.477413570079494,0.88746994221583,0.992216490195913,0.795556640238042,1
26242,149.003507174917,12.1471435887896,1.39319090607242,0.876302109099925,0.249396898022575,0.999882417631057,1
3321,163.12959410848,403.045548854087,0.651495927985459,0.961144092259929,0.998942925178964,0.922916336537051,1
16496,129.027946983658,105.673061425685,0.983480512664291,0.845903278328478,0.858744868315793,0.993326574260972,1
