,Sim_NTR,Sim_RF,Sim_RD,U_NTR,U_RF,U_RD,Weights
4025,0.564443221689632,23.497111688828,15.8373318648068,0.795110705075786,0.339616524187026,0.46224527758328,30
4840,0.425225898009086,19.5147115668331,14.6791597408182,0.221627032384276,0.278902601020373,0.437883743894947,23
14108,0.511011043740843,61.9093413476838,29.4773842109892,0.605292840627953,0.747213294275819,0.658660842876641,28
20756,0.444450296671862,8.29839489990009,3.05263239194611,0.2253315418493,0.100479462180277,0.0764550505488594,32
5880,0.413830565734749,60.8329603345232,30.079509952321,0.11305174860172,0.739881244146902,0.664655349633344,33
16536,0.539291236254074,13.0957096811477,5.31617472748255,0.679962039692327,0.17665649384401,0.163630484944564,30
27002,0.717274028097077,65.7128423795747,68.2269485984395,0.901490667602047,0.771620373093276,0.861941195635486,32
14463,0.455813127944116,37.0370748642853,12.6136290473127,0.345728155924007,0.520701003419564,0.390020528009015,27
17418,0.685926166467726,43.6407032381797,4.22154616338682,0.897466444876045,0.593544649383206,0.121699624372529,13
19956,0.496683025316833,66.2290865136867,72.3886833107211,0.520872121909633,0.774759241761988,0.87224723381965,19
15537,0.526988008806417,30.2594426831792,43.3394188025186,0.650681236525998,0.435330592736342,0.764621916585981,19
7879,0.421700032502824,43.1603099820751,7.72120319551563,0.164529764093459,0.588580698732798,0.249166276964914,26
17359,0.426519277836621,35.8745331551909,35.6846448753898,0.115596801973879,0.506828503063005,0.713525940154403,25
6428,0.464692867445473,6.19363709612759,8.38116066867372,0.465081311529502,0.068821577692386,0.270721247063597,20
23201,0.54492342698023,61.5828393547633,14.379506074499,0.667343394597992,0.745009600187096,0.431303945964144,35
677,0.471094052023997,23.5271344942281,10.3122208452449,0.534956255927682,0.340063082511137,0.329041993342477,27
21718,0.432145243410087,22.7985569247025,5.85806821029912,0.125554511323571,0.329176179877433,0.183803744369483,25
4544,0.73283847466782,51.7527597162355,25.0036932581811,0.946984056849033,0.669856737906207,0.608490150348029,23
3408,0.51584761564776,93.5369257359114,70.2525230553855,0.684266590513289,0.893383845662477,0.867102349021532,39
19327,0.598358796566938,8.12803083205865,21.0581061825624,0.794842976843938,0.0978548577340685,0.554158411871212,20
3976,0.42992779925834,61.3506738293009,19.6451364274127,0.265083130681887,0.743431872622998,0.531831122143688,24
26891,0.478545311687964,22.0675264064167,3.42291097870115,0.390612844377756,0.318150080814932,0.0906890238397472,27
12485,0.427167805393994,19.2724040766211,98.5503900654619,0.16845029569231,0.275122416375495,0.917304113962854,8
7853,0.468573971714092,5.48835797941684,18.5533898411596,0.473850064910948,0.05868907823515,0.513372260021173,18
15400,0.453314525312951,87.3633497931718,32.2760870893855,0.324292654171586,0.873445021693201,0.68521615590318,30
6956,0.408077173101589,67.0932021511253,61.5795514030479,0.0470525717828423,0.779923549019059,0.842789219751461,25
6140,0.692583056880838,112.238704568509,176.518270413449,0.924728353042156,0.936975763532569,0.968530988081106,54
68,0.468093658779257,39.8207190971699,34.9114991420181,0.526308492524549,0.55263076422532,0.70745306298347,18
24338,0.526813653464081,38.3593812133012,8.172737596605,0.607629403704777,0.53609391827636,0.264005189110427,23
8572,0.741852410083027,17.7235657602407,4.49912590107912,0.944900571601465,0.250765781844869,0.132444096902046,28
7102,0.745789642511304,16.2968931013561,71.3444907005375,0.947946032742038,0.22807763900106,0.869769122188858,5
25277,0.427923619848476,15.8477072139802,6.12722899092994,0.0608039631042629,0.220894626020412,0.193643060369482,28
19193,0.444449442121314,7.88765101472365,10.7802419156223,0.237738716416061,0.0941673715434839,0.342157812907254,20
10732,0.439317529841686,57.2261166969303,64.9556374427713,0.277406194247305,0.713866900677432,0.852969204495824,21
24250,0.652870402326023,72.3718614489458,18.126501539723,0.853070218348876,0.809145158396718,0.505846998624322,22
6407,0.473559644548077,24.2574494018346,25.1220569041399,0.509026773041114,0.350869971748838,0.609959782465889,24
16333,0.577181876764442,35.7597720119082,22.3418978550213,0.767711829394102,0.505441786018031,0.573050027286128,23
8730,0.435458128245958,75.328880954568,63.201360988035,0.265966773731634,0.823879798833234,0.847803885161287,19
10903,0.427914405108791,81.1573607922126,9.46389850400806,0.188110722461715,0.849830266009452,0.304274246389017,16
13895,0.564308673541,30.9255752005379,6.05952863689416,0.75149005651474,0.444200624161339,0.191180118680572,29
17317,0.418165952020902,39.7073966006908,9.72691810835649,0.0418907387647778,0.551366095132003,0.312093249380823,21
2670,0.586065603033922,33.1828402696888,16.2127322145085,0.83411365118809,0.473483374417704,0.469793557695231,24
8996,0.481545238817568,49.887996664195,15.7492838872595,0.527321818983182,0.653531435605964,0.460450872343331,21
31,0.409795410800738,11.0882943221761,2.98650785872574,0.131614134181291,0.144424857549718,0.0739373418942179,27
6084,0.460211597152227,8.98105193157143,1.74000713614827,0.444090355187654,0.111080014324024,0.0297162876584903,25
11278,0.538105133257556,3.69769735373,7.66557475058216,0.706510613672435,0.0345675847680579,0.247310710707381,32
25167,0.75548199476795,39.0040939691821,50.5994601386888,0.927403720561415,0.543450799140425,0.801445047436728,24
8478,0.548270593164001,64.4014897845639,97.5265291825624,0.743292872561142,0.763463440956041,0.916006115904463,27
18834,0.504775742309325,78.0934419037395,21.797522339447,0.55794220068492,0.836677919535966,0.56519315412262,26
6229,0.52798417963596,89.8143890133737,35.5823489985744,0.704420167952776,0.881755808729303,0.712733440935496,26
17917,0.419465680508696,66.2555026400599,22.1965759730898,0.0468457203824073,0.774918772888238,0.570974197853211,20
13604,0.42054175878763,17.6649904833128,15.217437675227,0.0948271288070828,0.249838600618275,0.449413026760533,21
24654,0.525510236189319,12.4892656536665,62.1219501388336,0.601303955772892,0.16689702892216,0.844492882977451,6
291,0.430177594633549,31.3104299775255,37.24688194325,0.301021812716499,0.449277956802992,0.725229309404459,20
8203,0.484716054166343,74.1467783911433,6.90056253708561,0.546174148097634,0.818123027480306,0.221183910139665,27
19646,0.736430344335103,9.93675880644987,10.3935453354587,0.925556287169456,0.126107588174853,0.33134852444778,23
10335,0.636941624818134,3.29894879029419,3.08357254166182,0.873667100910097,0.0296024678949812,0.0776361388642722,20
14337,0.697360370312616,130.401207205253,56.8957102484972,0.910814226604998,0.962452179588049,0.826868049386587,39
49,0.476864557664151,85.6046599865424,179.915543619747,0.565966817317531,0.867140142050906,0.969609258701137,16
10032,0.471429989259227,41.0493926806035,19.5198323513361,0.471803464693949,0.566152766623297,0.529768024443136,30
16177,0.558123729275169,54.2692816925112,40.9952326641478,0.729971693363041,0.690797519805737,0.750534982759657,23
3762,0.4465530194952,85.9996590126213,61.4628632421559,0.382491140626371,0.868581844167712,0.842419135450351,21
6912,0.419225111312749,36.6022298766189,12.9435861734641,0.150391389848664,0.515549312660789,0.398074672213613,24
21260,0.653388941664158,47.0589493497502,11.9706329357325,0.860638592392206,0.62739987823534,0.373848513467235,19
12335,0.533144117150612,10.1313274161736,7.67352357589201,0.687807369045913,0.129188716604763,0.247576223830158,29
1843,0.431282328946139,25.6298600546678,6.95483403346321,0.292141155339777,0.370880402384231,0.223074574457122,19
18618,0.445684159027343,16.2223650882325,26.558816569681,0.252562187146395,0.226886994174194,0.627143154784874,12
152,0.423110698328093,42.8694336873529,19.4694565826475,0.246886454056948,0.585549959481338,0.5289346364638,18
15206,0.508730377087414,30.128564355566,16.3855009523571,0.590630396967754,0.433575698489275,0.473212660742606,29
6313,0.416156270332916,50.2288782973784,91.8764357465658,0.130505944369361,0.656568233738699,0.908293853226077,19
22675,0.485583896678345,66.8943897807355,41.3553038322759,0.456695693312213,0.778745228562658,0.752779622497346,19
24785,0.529566984318032,15.4256065481772,1.9522427128247,0.612417510943487,0.214130921247881,0.0365914988818523,18
8505,0.468963545018553,15.8761084194033,8.25979350880196,0.470328110503033,0.221349267615341,0.266820627484734,26
25188,0.604712114086385,68.1672467498954,6.93599316742544,0.786409626947716,0.786188640403624,0.222418850037003,12
17127,0.42798756456488,11.2352986356694,6.55052566447546,0.127883590757847,0.146775352775972,0.208855445287747,28
23331,0.43662813221342,100.634394179041,117.756919520753,0.148226373596117,0.912576230049246,0.937176506848968,31
19048,0.670762649091979,72.518023912824,30.647755472891,0.881837263470516,0.8098999542474,0.670166433993444,18
26988,0.634063621214788,22.7638682573834,9.07371226534346,0.821992750745267,0.32865526372297,0.29243837482394,20
1964,0.487219599145222,13.6702470043708,14.0858246248493,0.595937791047618,0.185907702580702,0.424739892474482,17
16054,0.414356431869884,2.72327096496549,2.34489263896958,0.0166765123140067,0.0227728033320742,0.0501773979188898,45
24441,0.426859899673636,28.1731798469592,17.5925731518086,0.0615751852747053,0.406885855892641,0.496178670755009,19
17303,0.573305312149114,50.3950162367678,18.4759234212547,0.757177512394264,0.658039724592035,0.512019887024639,23
15245,0.442351773050611,42.3073197659256,33.4884959696198,0.251084339106455,0.57963922814544,0.695753818953426,29
2638,0.476817453751279,47.4076978373244,75.3284988690891,0.547620320925489,0.630712038077556,0.878868130260928,20
3777,0.410381773780414,23.1225113777293,30.4267496271214,0.103156577097252,0.334029746884024,0.668039560848762,19
22624,0.456588452084774,20.3033548101567,11.8354381197093,0.297642748104408,0.291143529877888,0.370365890085145,18
23387,0.487622931722477,28.7248792061617,5.12508033462651,0.458723474293947,0.414505062825746,0.156410539215993,30
13702,0.542349498941435,3.95457281899932,2.02335083568569,0.700908146100119,0.0378558783370921,0.0389766049147983,21
4086,0.441758064292803,8.72226501854581,5.44341705995847,0.348607961786911,0.107046642300018,0.168408693694737,25
8361,0.726703373130526,25.8862455874783,19.2093363187353,0.939021921949461,0.374574366050576,0.52459478318511,18
26483,0.510063751324228,10.0601243924353,4.36409626320098,0.535289467312396,0.128060421682258,0.127223875363535,31
12396,0.464654038541274,60.5862382645344,11.2191183916422,0.419866108335555,0.738173307854472,0.354114884896854,20
8853,0.423370004055553,23.8507639662689,9.22930749728213,0.168083414202556,0.344865302653568,0.297192318390609,22
22427,0.43612861815965,106.022124560709,36.2792602877828,0.153948720078915,0.924869409759849,0.718067698068676,35
7858,0.423620689446801,7.2920135051445,27.6114831797148,0.180636884178966,0.0851177126552012,0.639006494584021,12
11042,0.582588412527952,20.7126580029178,53.1995294054895,0.800484614213929,0.297457078951401,0.812571518111329,16
9068,0.551388004589824,78.2603848632552,24.6033438756745,0.748510310426354,0.837421851221858,0.60345565552558,24
18598,0.42132495797729,39.7433588328061,4.22041632739484,0.0602046966087073,0.551767752001307,0.121655794343798,11
3011,0.492825421072976,34.7562357500696,78.7196926818067,0.610168514540419,0.493182952730153,0.885906462489286,20
3775,0.456865536911189,52.3201743205448,32.7231329017523,0.443131296196952,0.674686293039541,0.689165308252763,29
9042,0.436259000753631,46.2461462378981,7.42405204469379,0.268507761647925,0.619579627694362,0.239184589694177,22
21245,0.5680598133252,24.1440523768521,4.4843870444145,0.730543073266745,0.349199061969118,0.131874979686977,24
23630,0.455435059554049,36.4208910906374,4.73172090087617,0.278549261391163,0.513387804850461,0.141399520761256,25
1293,0.400388605251126,5.26989878347893,7.26954467463389,0.0263628200627863,0.0556130708860503,0.233926730215269,31
3339,0.550766983831002,103.591691720845,156.106069788298,0.771981904283166,0.919546678117822,0.960797380744723,44
24504,0.427329249358382,56.6694110456302,7.02364980352181,0.0622994967270643,0.709646572279363,0.225463817027158,13
1513,0.433206636901386,12.1856123572336,17.6614321479166,0.30946289608255,0.162015291001089,0.497441913889305,19
8312,0.50044735833639,95.346239611235,35.7618145227547,0.608015365432948,0.898630356247874,0.714121596515336,20
27040,0.444767836184513,48.5076073849672,16.2359576454344,0.17827662662603,0.640989779164377,0.4702551798484,25
23494,0.780938643483508,69.722823439397,9.86602791008628,0.94068749062717,0.794967742345753,0.316177457287496,18
8479,0.452920116245941,18.6961671847314,76.0742385789686,0.381756249582395,0.266098425605421,0.880468621580224,8
22522,0.448105056915304,24.5943724384284,21.4117190214773,0.241676060250029,0.35581895438803,0.5594888985427,27
8151,0.414915964143918,17.0962720445879,4.01107475504586,0.101093784673139,0.240816093656187,0.113525850838206,28
2894,0.608620678355292,29.6656136514859,4.07940061315699,0.863188563613221,0.427336268532003,0.11618096592771,12
24080,0.586081122207573,19.4218480929079,24.3202639043318,0.756349560571834,0.277454894206664,0.599835463865209,25
21951,0.502293773902873,17.419273865482,5.84920734021677,0.532075647264719,0.245944835309117,0.183477710693879,30
20983,0.423409685270504,126.142735697524,26.6451142186883,0.058268575463444,0.957580895172675,0.628138058905926,21
18460,0.428138369128332,42.7321978564488,45.0690778693317,0.119085327489302,0.584113461089607,0.774266398502508,18
27117,0.549300023185386,35.5491661928231,24.531500372062,0.659022268140689,0.5028888375641,0.602541666763734,25
3840,0.456080838419369,45.2479063813777,5.70361721311282,0.435816906392574,0.609780256843099,0.178101929092381,18
8416,0.45584412995001,35.2220464641293,57.3061436099319,0.399066833313555,0.498902734228856,0.828355677348203,19
18797,0.468824966638754,12.409566805758,2.93075736585193,0.39522772282362,0.165615329068713,0.0718220698410108,19
13203,0.58834605801273,46.9318389392988,57.9215577346943,0.8002894455567,0.626186235817579,0.830551283725861,18
26249,0.560923718324689,25.523667857585,7.23988678028944,0.69249545969069,0.369346267808393,0.232912187999055,28
1043,0.58446399364315,8.53297553230682,10.9048474541528,0.836984591092914,0.104107628463333,0.345585880358646,21
25278,0.488679321101234,114.65426858082,13.3729038049871,0.451144155813381,0.941148683697085,0.408314196929392,11
14324,0.439678133746531,19.5466279345302,5.38191317438686,0.238288470776752,0.279399865227143,0.166102113704392,40
4586,0.591662634255109,4.89920755345664,36.4733489071997,0.83691780269146,0.0504692654265288,0.719526630349454,10
26187,0.493292276481421,20.1854189746181,13.2225285960458,0.465003754245117,0.289319252905794,0.404758060003562,19
1607,0.706900601498815,26.7270456659759,103.229188531551,0.939124173484743,0.386588379751429,0.922887094473376,16
27289,0.501186723222438,9.71848489278552,12.4528416431323,0.494772035395727,0.122659056695129,0.386036342249689,21
9070,0.409676345629576,8.89310976226696,11.2981846933959,0.0441008070483804,0.109707465330765,0.35623458103589,16
11829,0.504459061400767,56.4456116812649,39.590186841266,0.599844740470871,0.707934088983,0.741476753658543,25
26043,0.467815864374283,87.586381718296,132.058140258561,0.337002680171281,0.874223821659364,0.947855470419187,20
8494,0.599491476362513,17.0394535410373,1.56871912051022,0.834009475307539,0.239912750581393,0.024477560436241,19
20681,0.427433183853544,45.5552289023653,26.1662725026828,0.0964512773789465,0.612820185232299,0.622565636358879,19
11946,0.793967861532221,74.9581641579672,172.217593566545,0.958428976126015,0.822093206742251,0.967089081478634,31
11449,0.52735059026708,36.9677159887682,13.6151043449878,0.675525042461231,0.519882277461674,0.413974056403616,22
10966,0.430087376582802,10.0946461437906,19.7169486906477,0.205358532024547,0.128607353705974,0.533007188830262,16
13839,0.719160292876829,20.3253993740197,31.3330680631839,0.925137211801484,0.291484273223362,0.676631158822609,13
7977,0.646295870553363,52.5665108498507,15.6228838247233,0.888228946831077,0.676763241877728,0.457858673364163,26
4048,0.461462904415338,7.60115067828628,5.01674013822525,0.465136423008516,0.0897981558745248,0.152295133406212,27
6284,0.477582968594163,21.0838159464911,32.5420056774196,0.527619585860521,0.303157870518197,0.687574378153653,19
18294,0.533811663509876,18.5002826336365,10.7514524777533,0.658952176570892,0.263020285911991,0.341361991647482,25
1992,0.512572906778577,49.904399176959,26.1313804890371,0.68280334607698,0.653678103194584,0.622154584361283,25
7600,0.509913228243175,7.55656115808374,21.9006745892346,0.642794315004721,0.0891208108827067,0.566698983421869,17
14080,0.457691764328027,52.8348160420179,20.4202409672508,0.360020716441795,0.679011895219874,0.544287535254911,27
27287,0.514819622470794,36.7190151669606,10.4982259670146,0.548906259471551,0.516937260718789,0.334300362495043,21
12256,0.421538288939301,82.3421199587805,17.7980992639468,0.121032525785267,0.854640777529582,0.499934661853454,18
16851,0.437757434226753,21.3198168397103,2.58818325498028,0.208137184847146,0.306770352895446,0.059012648047617,24
20965,0.638915723948275,42.7339328411611,132.8686920258,0.84579550800845,0.584131648234417,0.948382297934417,15
15919,0.457374648767121,15.5583198103913,7.31674301823325,0.34641577093862,0.21625882316228,0.235537789214145,20
12546,0.560267239790567,6.64139887356056,3.92527212247809,0.751085442723706,0.0753964331313986,0.110190325815704,40
22366,0.429070771825292,25.341210602856,10.674045362278,0.0969471260905266,0.366704724469108,0.339215160820871,27
3424,0.664435543035407,29.3939861610041,10.10282045979,0.911924396408722,0.423652309367363,0.323049007631132,13
19597,0.583674417267986,38.0916786836077,31.9792070833767,0.768013672204688,0.533010654359684,0.682551228879068,22
11892,0.624433258613518,13.6107695962386,19.9127638804791,0.854995609493926,0.184949983951234,0.536190936577496,20
13398,0.451099304977743,30.6006794347631,17.5428316696291,0.3313309464138,0.439887341254197,0.495263088836486,27
6540,0.503717948634052,69.3843555075886,80.4815306464389,0.630801918217912,0.79308676052724,0.889332172782401,25
13760,0.628709245125376,27.7207885419027,41.983962245766,0.852318912278861,0.40058662409629,0.756626627250245,31
21579,0.485533660308148,101.786421013955,50.1158746971506,0.461527333362028,0.915358428350354,0.799268093187131,29
9185,0.449278030089681,96.2292539941419,22.043026466539,0.353283246513456,0.901099649256231,0.568763867876257,17
26645,0.711724352247439,94.0058778956491,43.3690808188777,0.898407562170178,0.894768243557046,0.764792462087929,25
16533,0.418726915529197,30.088126867785,4.07979858907815,0.0505381834227592,0.433032683390703,0.116196427413047,17
7410,0.648817006357463,54.7349869019053,193.244169712547,0.89134614658542,0.694539123664372,0.973382705416039,26
26014,0.453873548469471,31.0316477219739,117.490480378269,0.250660745659843,0.445603486926307,0.936949458684077,19
11911,0.494841698669295,22.5305898435523,4.23327261063416,0.563440929166973,0.32514616698728,0.122154493533231,22
12936,0.449576436979865,3.0696102383578,1.53912407586716,0.324640261940658,0.0268305815054696,0.0236044611526371,28
25107,0.568715995086068,32.3730009971885,2.10305656565939,0.717378533212468,0.463115673037314,0.0416930416042223,12
19617,0.50064409185997,30.380049459748,12.4053769626757,0.537099045002833,0.436944231021792,0.384852662979045,24
11819,0.444839079003884,11.5353714049613,2.97885425671989,0.302766386885196,0.151579841930602,0.0736465320975871,22
12642,0.422417899924371,2.61586976690623,1.64120669293642,0.12516232393682,0.0215482032643439,0.026657204023134,51
11856,0.534482376941169,86.3938932746081,18.5039932443084,0.693314054980874,0.870005830799116,0.512510587775776,17
10081,0.779438334372868,9.56983247299493,6.17151584158264,0.956191175151616,0.120315657640209,0.195249825107197,22
15189,0.651654441535648,82.4756683685758,59.1233092952775,0.873513079248369,0.855173729557386,0.834721428779614,39
2250,0.611254049633863,54.1111382841063,33.8794729114036,0.867285709129646,0.689517584514934,0.699037976745379,29
25968,0.471938305047885,40.5117481022507,25.3730256421777,0.360350485425442,0.560278481254886,0.613047945914427,32
15801,0.416137978992304,116.874166896953,62.8480848995853,0.0335662513971329,0.944745472967559,0.846731682963105,16
11861,0.559090456186411,12.5932689661264,15.1920945208486,0.751852278830484,0.168569966316228,0.448878399017691,29
8265,0.418538849248941,95.1246538922752,2.77859731914389,0.133666302775964,0.898001440855551,0.0660886272430911,8
12316,0.456055253138027,49.1714021006246,113.468144342191,0.370792136061937,0.647069906806865,0.933376750636851,17
7150,0.433035817794749,33.4623181109608,21.6709708125469,0.258061598753557,0.477025329894579,0.563334674173202,25
26084,0.463067247277553,59.1217825976312,44.701858023402,0.308915701927617,0.727821970947608,0.772268802696301,34
3591,0.474832529753872,34.119194516154,4.80086183330863,0.53348386590369,0.485277493082704,0.144051176482026,14
160,0.467520302794689,47.2863356926472,20.5042874783323,0.523577779298648,0.629562361927406,0.545607360728796,21
24103,0.429048501628913,33.465088078186,78.5231747144627,0.0802663853392005,0.477060342566079,0.88551491490927,13
8199,0.418330849537575,4.64291822371927,6.42047424100332,0.131832467392087,0.0469729386082185,0.204216521006496,28
9501,0.442966865664844,58.4490277961483,10.2629487886833,0.31216942681931,0.72294220596858,0.327638850553596,16
25951,0.447118569835284,49.3654157924577,9.76638056336302,0.204344342695549,0.648829759838942,0.313255433084281,23
19524,0.647094191129589,28.9818720129899,20.2816402827352,0.85803832882084,0.418030523906709,0.542098035793648,27
2144,0.603008431089646,113.656292201733,37.3247725754536,0.85768217407167,0.93945833729707,0.725793818074521,22
15074,0.436692936644821,47.9614196504612,3.93373552853613,0.213076669024304,0.635917935280432,0.110519373536785,10
27057,0.867071603702721,110.374470330473,10.9896521516262,0.96259440924041,0.933559781445129,0.347903830650501,12
10636,0.501399039912431,91.8096963612878,11.9633106177324,0.597791587701067,0.888132180020066,0.373660634444394,10
18349,0.44219189777259,22.7961301499033,63.143455557285,0.227915538009256,0.32913974477179,0.847628893410088,17
17945,0.434804145724708,67.1983013905807,27.1236378479293,0.175961897941306,0.780544085317651,0.633581648329501,26
18138,0.591814496389275,12.2511090905221,4.94778068402758,0.78811762179248,0.163067887490309,0.149667807588783,30
6813,0.406872669463278,41.0044094936498,14.7081610345356,0.0350673012435436,0.565663819661557,0.438514341826177,16
12413,0.532278836194961,55.0714206451689,3.03930085948719,0.685443321242929,0.697216644607762,0.0759467209826263,8
934,0.403197618979046,87.8628964108383,12.9472714189434,0.0594309414736927,0.875183005169226,0.39816371311697,15
3087,0.408150150051756,21.7253967501267,11.9533860628606,0.0855423719622195,0.312955590217238,0.373405850507304,23
24757,0.518032052695281,77.5561491177696,66.5749078307729,0.573613634798676,0.834261668225471,0.857513118608687,20
12300,0.433213405127069,12.7700374380948,4.64278910670002,0.216203616932034,0.171414216917103,0.137981522585433,34
20797,0.485421681514321,106.142335076688,83.236757749367,0.463541480479762,0.925123614124236,0.894399568751521,23
24412,0.490113326700836,45.5652322594023,69.7993094745888,0.465285046026111,0.612918789377916,0.865972207846073,25
26298,0.565836454051863,47.9722912270227,6.36037062097879,0.704200609354302,0.636019498418858,0.20206209630129,17
22649,0.44839649428902,6.44553998801878,79.7457020330593,0.243679750477895,0.0725080131512732,0.88791969609442,8
22551,0.460166177898187,20.1135046937335,47.0116260446011,0.319844248238951,0.288205753789861,0.78441101787494,14
2603,0.45870549386093,28.6432489000734,35.1551857962853,0.459034950239584,0.413382085441271,0.709388032578595,20
5100,0.476207120069591,10.6456814855955,2.04454832525593,0.529221344040707,0.137362591724596,0.0396947426829492,32
6354,0.405774190128896,33.0054112970896,31.2984017580546,0.0315845627337694,0.47122515015715,0.676308797207945,9
8278,0.559271110002299,26.4327723587288,21.0813546254645,0.768289195373654,0.38240114205552,0.554511920476781,24
15311,0.471208589438104,26.1307593067143,9.6859362111205,0.427178724436089,0.378084060224787,0.310883304994139,26
10145,0.465222371072324,14.701348216265,5.75537323857575,0.439804401248693,0.202500385673838,0.180017008904672,33
18101,0.591530989712307,14.7010769313258,7.2742939264274,0.787638064939529,0.202496024394329,0.234089035363474,24
4903,0.421335051189057,86.4662078608853,62.1393669995956,0.189760983688757,0.87026542634132,0.844547140517783,24
22122,0.477934585202978,61.6183603451997,61.954688400439,0.421703280182555,0.745250200739307,0.843970410351962,18
19420,0.431955640913772,34.5595396665656,20.0565319824062,0.143687110161409,0.490752270127658,0.538507140033361,33
13042,0.759832893451306,2.91107555323262,20.915340927802,0.945861191721633,0.0249532110499813,0.551978032908602,11
18972,0.47270094915216,13.0545334978575,32.3433120831169,0.413293987046927,0.17599357425031,0.685814871609666,15
8112,0.489793635488912,1.49541685656209,4.1693833215418,0.567256690468639,0.0099283024878641,0.119675423092666,28
6427,0.484273280859324,20.7681310032115,18.3597401456192,0.556814686860889,0.298310606038576,0.509980690035283,23
21885,0.462352928548936,13.3253402318318,13.5102429979781,0.335872017079964,0.180353833986671,0.411533801477138,20
25222,0.4311920483322,63.8204910111242,45.8236606643476,0.0883883745409548,0.759763820631434,0.778289944620664,20
14590,0.443079271053964,66.2129210488911,105.543970401282,0.262487458530813,0.774661564104758,0.925452942073007,20
1468,0.423760628230578,27.4073313508075,12.24961384655,0.237936710938811,0.396194930284454,0.380943859425244,22
13102,0.513442129931892,65.0348699290808,41.3766021212824,0.622236196883023,0.767436397978939,0.752911443075389,32
10086,0.780783157687269,22.0491782964375,8.4547020302887,0.956599854631349,0.317872049726152,0.273070959456627,15
15615,0.415769886680029,13.1474544305176,2.19209026342688,0.0336439930833876,0.177489598200028,0.0447767478712663,32
2236,0.458168900707676,38.8849520006641,8.06344045927248,0.459033684805036,0.542098548054084,0.260449659198807,25
21939,0.549823035037184,122.376246182335,176.506276723194,0.685756684048101,0.952760980835587,0.968527088882005,19
10233,0.423173492727019,28.7172691802714,9.71677798062369,0.155970383435488,0.414400437059742,0.31179415955109,33
10373,0.412199791930161,12.5435943952434,13.1544364721476,0.0574268349446356,0.167770878944388,0.403137058015599,22
19791,0.429697964121732,7.88266753202074,4.3086754730011,0.122015841770917,0.0940911268910205,0.125077591124934,28
11520,0.430067705385265,31.8221170497544,41.8497712258945,0.198478216305375,0.455974747249396,0.755813031816432,19
1264,0.437204883741998,73.4844519378425,3.43972156459616,0.340729281306267,0.814820418946774,0.0913393088946817,10
26548,0.52276006834666,6.19235329156737,46.4217896827581,0.579524272121489,0.0688028754279884,0.781403754961695,13
3075,0.560256844333105,46.514878476081,34.9542132252438,0.790477365488186,0.622180870062232,0.70779363760777,26
5907,0.514980141858132,15.9742486254047,9.19275012515431,0.669335240963846,0.22291980518121,0.29607945688442,24
20705,0.820800005972639,32.6946947613778,30.417980327063,0.95659336890094,0.467252592323308,0.667954737426933,18
3737,0.557064390730974,114.661288296734,61.2495568173581,0.782885957043618,0.941160409156787,0.841739315130051,35
17599,0.626883429407406,73.230261336373,37.8675041873017,0.840183509280905,0.813537988232053,0.729679112728151,24
5495,0.465130646511859,26.7944334535889,13.6023383767839,0.475749184144661,0.387544563821003,0.413677803892702,22
709,0.527645547012635,62.2035418730102,60.0456066769492,0.730029787169769,0.749183925446358,0.837820480696587,23
757,0.533245133792111,26.958860908482,12.580296925161,0.743694072123617,0.389873459536957,0.389197811786134,20
17453,0.533241706674717,48.4071455204421,10.2836388642569,0.65925180260092,0.640061590105779,0.328228574873432,14
9999,0.443941418896843,50.8450586965984,16.6349353674311,0.315561136463657,0.661997680203739,0.478089263921663,26
11547,0.4255257941834,17.7805754912753,9.26773123308698,0.16179341962561,0.251667791069584,0.298359297453524,23
16326,0.938199131326537,85.374281960144,5.4142430566386,0.98119595553726,0.866292320387432,0.167315292667975,6
11942,0.533076600221937,27.6355324425937,26.1626806750239,0.689529121154919,0.399394325948717,0.622523353864425,23
26189,0.468392528942831,5.72241632344875,7.74428487386991,0.337565518682823,0.062018883066052,0.249934431862154,20
10279,0.542922389919853,22.8286155845154,1.84586455943006,0.723893779562786,0.329627380590728,0.0330970733357202,24
25229,0.424198247525534,53.224989785028,14.0737347050069,0.0282151356805116,0.682256892663384,0.424467185619378,16
26217,0.572592550722139,6.50415838388516,70.927278481828,0.719490096205845,0.0733705082431741,0.868759463485381,8
26148,0.553937989042709,35.9552970773564,33.8500046478888,0.674945951672271,0.507802550413014,0.698792325838621,28
7440,0.509537488470644,64.1273349145938,18.6402172378654,0.643723859917372,0.76172433411172,0.514881175285616,20
4693,0.442931225382063,34.5083501662874,3.10235960459194,0.349944316316396,0.490118191934785,0.0783541891200242,17
21233,0.715243419540871,2.6156856504253,11.7489969540902,0.910863263532519,0.0215461183646715,0.368123858972936,13
11849,0.417467731112117,37.9833109833662,2.26242179221645,0.0884206248447299,0.531757766813145,0.0472465193241638,12
25088,0.854309751074212,113.017490808928,22.0761553265454,0.961624736897647,0.938351637716764,0.569242239405804,15
26404,0.741371556000179,9.18869457679474,3.95120196880056,0.917636405443773,0.114328204437657,0.111198430090071,21
8456,0.501186524393419,23.5313702832532,59.5187192248398,0.608408327912912,0.340126071080373,0.836060609906479,14
19625,0.423034538954734,15.6478483927477,27.7970554491748,0.0651438422501087,0.217693645647064,0.641037796693554,23
9053,0.84957044783772,94.7573603274685,62.54438753983,0.973592535126954,0.896950681305005,0.845801103128303,30
6409,0.425433565310908,45.2470371288437,101.972177742454,0.209386808564886,0.609771629289525,0.92144104326575,18
15252,0.444206601733028,36.9198489681189,10.6360935457786,0.264072741847485,0.519316585908206,0.33815881224838,23
861,0.494473333671035,8.60841456902453,4.54935028275867,0.630212833406404,0.105277759734976,0.134382063060009,21
22569,0.472349936870219,3.55250859656992,2.58406800790663,0.389749203110114,0.0327393393334755,0.0588611301323642,39
18376,0.596137995120156,81.3655068188497,98.0863007390815,0.793930190382525,0.850686238045838,0.916719326357534,33
26509,0.495029723063256,127.45205300554,37.0703302467449,0.47038846090436,0.95914099584173,0.723943246908952,17
18207,0.649804309446125,62.414504368009,12.5202214612081,0.864873804850504,0.750588273987471,0.38771074989386,14
21173,0.457357375099057,49.2739324572631,41.1105517042625,0.311236957553774,0.648000903986504,0.751257185093144,29
26400,0.490044570917408,20.5036940502541,2.23652226112562,0.450056876754388,0.294237252337965,0.0463337206126121,21
830,0.406219579444435,30.1076614892039,8.62884415619155,0.0896605676971376,0.433295051638687,0.278593461179608,26
10230,0.408231708706496,56.3186240085624,30.9503151992507,0.0186671647243202,0.706958322938837,0.673044620411589,16
12388,0.479142501794319,17.3180243312729,9.82021734278647,0.493144239997491,0.244338385554996,0.314836366860687,17
21698,0.490042119429292,55.648932648387,21.2328969708993,0.482313586166129,0.701763365248849,0.556805651244136,24
6497,0.435264050533537,69.4946166030131,15.233197658534,0.284327787812799,0.793701285908474,0.449745089727544,9
10965,0.649740262540653,17.5461829953549,14.6396698624664,0.883948211092502,0.247956776637511,0.437023333103398,27
23579,0.466361328579056,25.2368005755607,9.62532229820044,0.348071998450905,0.365189931265786,0.309088106327707,27
794,0.41584066354359,4.23158857239228,2.22093667895192,0.178879582090303,0.0414740509895256,0.0457862636542503,50
12380,0.811593036354974,139.751708292428,109.334471343232,0.962755006738007,0.971305116358865,0.929400404432023,60
1835,0.433247880859353,5.96177750713905,16.3809279664236,0.30641006375663,0.0654585321978357,0.47312260006939,20
10575,0.79386960433426,44.988079038142,11.6571175026971,0.959973504301161,0.607194050868288,0.365727590815638,17
24653,0.546421497427305,37.482088564269,140.153922696856,0.664036846254021,0.525927144183891,0.952800576615884,13
13624,0.489958473473222,129.335079649243,18.9917894484668,0.528832161333412,0.961286674687621,0.5209175535095,12
13951,0.504030453989495,4.62006413770715,8.28263630096653,0.582451200345531,0.0466636835035872,0.267556946995187,23
15843,0.803908661818622,42.0702868472066,7.56473244156214,0.956499782856554,0.577125417658955,0.243931623442669,17
17042,0.442270375446743,14.6554165090178,3.29254154337706,0.237912157084793,0.201761926743642,0.0856558760690949,28
23840,0.480787265944921,63.8749979263754,30.5201470804215,0.423031458165497,0.760113168258848,0.668940925918467,17
14933,0.723104932347935,14.6010873169654,23.6534361368856,0.925359866581857,0.200888348881318,0.591103791709496,22
9386,0.462679493496843,27.9189495403596,87.1121554869347,0.431759596103802,0.403351565021387,0.900980495127011,11
2075,0.536126207396028,35.966181007225,10.8975861957636,0.745099190389737,0.507933697526727,0.345386841240738,21
23670,0.480700067901106,35.6929885088626,16.6393163674317,0.422593767987564,0.504633375609549,0.478174291550454,21
17020,0.448023311174528,3.20060144679635,4.86493576441088,0.27775767352432,0.0284059238865887,0.146503781389858,35
8929,0.483061505346318,38.6129746400064,22.2632604860569,0.533998786006123,0.538999251560226,0.571928672679347,26
21813,0.530842858816044,36.0484851901108,18.9033793355479,0.632452314021066,0.508924525830754,0.519410559070164,31
25269,0.882425251671747,46.6629347778119,60.5361631089924,0.967416235245764,0.623607378369961,0.839434212910693,28
14332,0.494711479444095,71.7938564633426,36.7916900581351,0.541417612694204,0.806132594068234,0.721894969163119,31
26007,0.442922744858874,58.0392679317474,16.1303140911793,0.173961714375764,0.719931020757208,0.468150418064297,18
6009,0.607380257702284,33.5606202965322,53.2223777665062,0.852640706580132,0.478266769085196,0.812665166777882,22
12454,0.641407534162039,37.3743869377922,21.0777432554937,0.872193893417716,0.524666585393342,0.554457035524346,28
25529,0.54339433919804,82.0731279287236,109.440220633836,0.650056578218937,0.853561632992834,0.929506253959469,36
16123,0.437552583368914,128.244504094102,111.368873571327,0.213048293022439,0.960057806593633,0.9313980437865,19
7790,0.406495118966991,14.1964311611981,10.3347785846835,0.0237112850882113,0.194378498060698,0.32968294712143,21
21970,0.435428019832833,75.5864639541361,76.5714349337247,0.151693359017372,0.825111173241611,0.881518771845666,24
5101,0.803365702254057,110.022058454503,29.2119897947791,0.967444471316412,0.932894098739727,0.655966582790542,29
21602,0.810674564687482,47.8810328417257,36.6507978680408,0.953236914938316,0.635166183042715,0.720850525340281,28
10648,0.544376918127878,48.0680094412328,2.4382100517272,0.725612673442811,0.636912632603444,0.0535351125242565,13
2640,0.415276196538173,53.3915382450309,41.5895617333988,0.155521013075486,0.683633051686441,0.754223727150255,32
26594,0.755600467416777,4.78923449130737,3.58901388275236,0.924544682027772,0.0489627334336692,0.0971243041714189,25
24795,0.490738810762445,4.64234802668242,33.99229701138,0.463198037585244,0.0469652177206124,0.699975687747816,10
398,0.555922373056221,14.0539987956945,10.7079320057621,0.794722110731527,0.192086031833483,0.340156254668241,18
5532,0.4557664818919,77.1623531783372,12.4217880865044,0.425193661358207,0.832469267585996,0.38526231598196,15
12999,0.414272055609371,32.5556828221055,19.8058665962776,0.0480851938482374,0.465467922215168,0.534457074978496,26
903,0.40639785838317,27.6496823979051,22.8898118994526,0.0914096073247492,0.399592324739484,0.580738899373532,27
18105,0.498389817299105,29.4950840008795,27.4107824586107,0.537393185310066,0.425025443704733,0.636789702714893,25
2900,0.40791296820502,34.9352545513224,15.0090769561868,0.0832378384657204,0.495387231329899,0.444993711338348,31
413,0.408470405605419,19.8516034620305,48.9875292457902,0.119099755305797,0.284143597226518,0.794048879691427,9
16674,0.623665004282287,137.741403832423,92.5266985807329,0.838442232692614,0.969593809968331,0.909231674921752,46
14125,0.586879460806792,47.1025516357418,25.8269317308804,0.792308692354709,0.627815396563286,0.618538607705344,32
15239,0.443556035534132,29.6298370673901,2.98543977863535,0.25954615464434,0.426852021918016,0.0738967508520007,20
5293,0.432329098797658,11.5553257303038,21.9116494457146,0.272887229919434,0.151899617615788,0.566858721683686,16
4747,0.404312988607058,23.8745341427504,9.83101915153025,0.0320249272044748,0.345217190224149,0.315152930007906,20
2557,0.529965165840367,72.9530298324603,13.9835705861228,0.726538078859448,0.812129779225259,0.422427132150894,17
11914,0.416666623795962,10.7550375898323,4.97965662262565,0.0811182176694274,0.13910523271606,0.150883004800313,32
19735,0.475147600248346,24.0536111540494,6.03678144863051,0.420677575748414,0.347864525142289,0.190350765093133,31
5272,0.598204452156491,65.5159473328408,24.3007263049399,0.843314265366644,0.770412535686571,0.599583730556974,30
19386,0.472807186289186,23.9475560027624,17.7221777862369,0.411150539526716,0.346297472984875,0.498552253952743,25
18626,0.478941030921787,69.2427791835427,128.330657844012,0.44777737907134,0.79229519163462,0.945333392104335,23
5544,0.461021252166311,42.9278771385157,14.5814462860367,0.454204468755051,0.586160424667499,0.43575105425761,33
22128,0.562765738702836,39.9390954807482,17.8916299333489,0.717123386915773,0.553948666054579,0.501629619532839,22
25502,0.446963470259836,73.2909136153408,40.5477424866837,0.206294726813212,0.813844745983628,0.747702491612387,20
17352,0.596447115505628,28.6054188969845,53.4636396251924,0.79847810533829,0.412861147002157,0.813649823509374,13
8633,0.496689206449877,24.2136753689259,9.60244414207054,0.591817694483325,0.350225271309552,0.308408771792621,21
14509,0.637682471501375,23.4476191572282,11.243570691769,0.860233065439388,0.338879982811786,0.354771540673509,30
9071,0.614497339588101,55.33187911638,45.8046847367329,0.852161458227783,0.699274926323382,0.778190077727771,28
13799,0.48678259900415,52.3354297257561,36.7843848072931,0.512583018746227,0.674815262812656,0.721840960017566,18
3822,0.471645020406459,50.6213219014562,6.63787694737946,0.516047348733991,0.66003511679086,0.211953603597122,14
14832,0.442143803557879,102.415807831773,6.24775792163862,0.25276467599906,0.916842034364426,0.198007740685381,13
20721,0.464381942152581,33.7133544415005,28.8782048041974,0.35346462787129,0.480191084151831,0.652531620574437,33
2984,0.402326009242555,60.3640804136786,52.1641669668172,0.0270232793409377,0.736626609529721,0.808254188691315,14
12534,0.429872445309186,113.154580600735,14.9058692843815,0.186847530538216,0.938590787985308,0.442784440791675,14
17618,0.435214063259228,13.1196645440033,10.831325613142,0.182385580148548,0.1770421689792,0.343566408022822,26
26714,0.50081415188573,4.42057711062289,2.05364798312888,0.495548831997439,0.0439825887347759,0.0400039949576089,30
19085,0.418619844576884,81.2336754408961,115.871645055054,0.028668032027781,0.850144640300339,0.935544816524161,24
24857,0.529113433279342,19.6732472162939,13.7780110626476,0.610968766734004,0.281371096679904,0.417734529970393,38
26657,0.604722302690051,43.2117768329989,7.06228663363891,0.779711190145463,0.589114976096577,0.226801283461069,27
21370,0.630544428595599,23.7232675087521,5.85494057117222,0.834583132760599,0.342975935487473,0.183688678778918,18
8688,0.463909734612955,82.8051956188505,18.5135847020881,0.444064276991412,0.856480820515849,0.51267808529412,22
18011,0.81542981358559,44.4241850943953,14.1178644791146,0.957798859570175,0.601530365588339,0.425461643875433,18
7962,0.555779593500538,83.3288360782759,7.10643637467397,0.762785771628842,0.858534767999463,0.22832607433483,9
3598,0.452278633642564,64.7448122706978,21.0862138674347,0.417025038972497,0.76562472062668,0.554585753880745,20
20921,0.421128270295614,17.4646054591591,110.961483129294,0.0378442641813308,0.246663705311891,0.931004464680026,20
963,0.500718703134239,28.0140059219733,6.56533789936933,0.651803610147908,0.404674742935128,0.209381805932579,24
21577,0.43273628386789,21.4494999913714,2.93221476212798,0.133584637893364,0.308751256079682,0.0718772738943881,23
10660,0.496691782634466,49.9803295112227,2.69250398570096,0.580124064814299,0.654356338745798,0.0628742240930053,15
21705,0.522034243954822,79.840135471825,27.1829294317558,0.604323163162917,0.844304166592325,0.634247618930024,24
13636,0.701429291498525,9.824193231573,48.0537550667715,0.915546255419031,0.124328058466655,0.789575806910644,3
4726,0.416683304178814,26.9935138163338,12.273938630818,0.149726584088057,0.390363508123902,0.38155675032693,27
14072,0.693677677193843,70.1651032222624,39.2985660002461,0.909114317269996,0.797401513151622,0.739534793609935,22
3754,0.428201489006488,5.62552816026742,6.62357940185242,0.255351538071409,0.0606363605877922,0.211447477787381,15
16662,0.44271771323407,56.5152920186593,27.7900561764324,0.244235356571153,0.708468254518373,0.640961499689034,26
20574,0.426755023265258,38.4146559555788,19.7816808144364,0.0906900190748274,0.53672846066768,0.534063394026834,22
673,0.429813316638031,105.959407128546,65.1278952371678,0.291508834576234,0.924736451591282,0.853462550093505,22
3779,0.521777683931937,9.17937703037722,2.17682592836561,0.701145154191181,0.114182231581959,0.0442445609792364,20
9178,0.412453198611249,76.7395636068306,34.7518875228679,0.067157544195652,0.830524474335542,0.706175086311654,27
535,0.398718013652953,43.7315403676479,98.7425227754628,0.0165163532365113,0.594477494791894,0.917544507416682,14
19177,0.454451210029299,10.9975529973695,1.14224920182508,0.304714521858841,0.142975121713468,0.0130019231179416,17
18528,0.437545268469103,161.641989905774,22.743054972439,0.193696390138939,0.984784664230124,0.578700535671178,9
14098,0.449744804270719,109.315697483875,14.5236527722051,0.31050084088929,0.931540255192022,0.434483800120725,16
4175,0.475811766623073,140.620677217139,62.5517641923823,0.532674443675205,0.972015230216489,0.845823804221988,18
1651,0.862679373115395,71.5932082072876,22.4978558614224,0.980117844417691,0.805076405687806,0.575260592765448,20
4072,0.440942639276844,42.4414269160621,49.6762091314487,0.34320574067533,0.581055855365544,0.797257993381968,22
14729,0.77949530790364,31.0863387351386,4.11315277290546,0.949647148139775,0.446325773968535,0.117492067299007,12
12911,0.491086859644625,6.05975651290524,21.2670643533447,0.540928778005764,0.0668760487817034,0.557320284970898,21
27232,0.54340869461727,5.88150912355105,213.602583870293,0.642561391694471,0.0643013200911034,0.978006004404724,8
19854,0.495844248487883,16.9582020072837,12.6794066408215,0.517354702809826,0.238620370068384,0.391639150251938,40
17168,0.442512553224686,18.3512845413028,9.33911510678906,0.239638395607471,0.260675479211985,0.300519996395617,34
19972,0.480772926315972,42.5287637306198,27.1736029761592,0.44894640496932,0.581976247677276,0.634142986061643,34
19983,0.64265040516378,20.8826481165156,21.8711286553826,0.85320610832423,0.300070957825212,0.566268492111064,23
3284,0.493630797666744,16.3333414061389,24.2310858948735,0.613158443011343,0.228659755586754,0.598684458423372,14
14449,0.465459436809741,48.9898021463724,11.2553392603626,0.401785903144628,0.645415605059385,0.355087225221355,18
27330,0.540411200446506,45.9819597394586,61.2187432049426,0.633845320902765,0.61700721519799,0.841640755445934,35
1494,0.511934960010759,9.97205526451237,30.8207347372288,0.682970704976469,0.12666604932346,0.671816655366569,17
9707,0.49314312781166,49.2671593800222,13.5370710488094,0.571012556320056,0.647939470000756,0.4121595998467,15
13036,0.503607547416172,9.60960138328481,15.7901487996601,0.589966781670228,0.120942159052024,0.461284839717295,20
11536,0.412931962582471,24.4938737088195,50.0342156795079,0.0498264548368752,0.354345204611898,0.798896999306441,21
12644,0.421790174181624,38.0728075102194,10.7645610716827,0.119732917984948,0.532792673746066,0.341724526848952,25
7705,0.493250021655048,46.3613371713596,27.9696031037684,0.583358167205006,0.620696541880173,0.642910863440957,24
17753,0.436223501244552,18.5829989735019,6.79661710483674,0.190120092593133,0.264320728438669,0.217547076018653,30
21828,0.436717984921052,8.67383691998465,2.09817971272266,0.161723799770698,0.106293791926436,0.0415255955552161,43
818,0.469052032555228,27.2521911483078,16.7172780174664,0.525406896369532,0.394013200486365,0.479683821582717,25
21921,0.660112241569746,75.4553260905618,94.4625350320966,0.866449918597937,0.824485289248668,0.911943911355209,28
3131,0.542277890351695,39.3754376160891,56.1603104301346,0.753874284215271,0.547644362872839,0.82415471688679,20
11551,0.64523720611456,13.5586620478549,8.53542414805864,0.877879003528506,0.184110922053059,0.27563811317687,28
23223,0.569843439563603,62.2095410457872,34.3660737398114,0.727964793564752,0.749223961677282,0.703050792021855,41
20559,0.580860013692223,17.3530138479519,2.14824264208948,0.759754511294886,0.244893666648889,0.0432518477954402,29
2763,0.710840236929052,67.8485983049876,34.0257075599095,0.939789642812684,0.784347492021693,0.700252521221068,21
4437,0.492782825166125,66.1168713085979,124.54807987256,0.602929057553411,0.774080383235896,0.942595958841824,32
22793,0.46769823186309,24.6352807750181,1.53262655540973,0.361285055754706,0.356418249325693,0.0234141242889907,21
1409,0.400873928539567,24.0941401839403,13.1711238024196,0.0275194614659995,0.348462771344217,0.403534938697123,17
14000,0.451643552238348,35.2273909896009,6.13931366056823,0.322711910121143,0.49896806296646,0.194081848520981,23
19235,0.428897894833206,36.4272523669797,45.2488985461814,0.118730657733977,0.513463760619259,0.775235057240915,21
606,0.439430801018127,77.2863332901287,93.1401939680395,0.358949874993414,0.833035545899026,0.910103970584783,22
8109,0.527222385053919,117.20970162096,24.7012953459569,0.692724517546594,0.945270138661366,0.604696586330739,27
11841,0.501300183048018,61.2393802013881,13.1716165149301,0.588277334114537,0.742672372585028,0.403546680434817,19
16934,0.749529784495754,37.4434753084739,78.6539142905958,0.935902054421604,0.525475520815272,0.885775619130754,16
9824,0.418446403169468,33.8814048782187,7.41190027693109,0.118572170613334,0.482301994190506,0.238772744291158,27
8261,0.435282274625727,118.451086471405,36.2419309857609,0.267974122194573,0.947169351162853,0.717785784900651,26
10630,0.500167355054333,26.4755941325541,89.1765231342284,0.593250706559047,0.383011638412015,0.904248212465648,14
18189,0.549957776119479,41.4968205925359,28.8714405881509,0.702108596917242,0.57099095276626,0.652461469092447,31
12301,0.44234339084563,36.2882250488227,14.631408253254,0.282600217498839,0.511801554252191,0.436843072104794,25
7330,0.505946387106545,29.3514615145286,10.491485867688,0.631767570506781,0.423074025385947,0.334110880087713,23
19657,0.474511732778056,45.4122903573423,34.6205698306678,0.417381098261103,0.611408846377499,0.705117300010539,22
24451,0.492168336108382,10.9869092452623,9.92256300023747,0.474636489292607,0.142805131123539,0.31782725805905,26
9476,0.420618571824584,19.0562935727433,21.1243194508548,0.141155785415322,0.271743632258609,0.555164091544243,17
8944,0.435825593454534,76.3235691673562,34.4263015824106,0.265360503690317,0.82859009804103,0.703541820323204,14
7111,0.531062069461026,120.653088896937,83.7510463537229,0.706877353368327,0.950381257498951,0.895308384485025,30
26693,0.430366231409269,2.32296135957929,11.2276060807112,0.0684656247030944,0.0182967498423341,0.354342931036622,21
11437,0.551963970967169,28.6743663267476,44.4883196350997,0.737995917443186,0.413810343339776,0.771095040271974,24
4126,0.418135603861502,14.8812821420801,3.5221045576654,0.166075950721279,0.205392362727111,0.0945296106467997,29
26135,0.517934463737549,29.1865680507115,6.94359084190788,0.56465424480848,0.420827733309828,0.222683355883155,23
10745,0.43223889047593,5.83472754634389,1.14895561092867,0.225372241344303,0.063628606415405,0.0131616358784702,33
19214,0.473532788760459,15.1391467741519,11.2881567990217,0.414965280331671,0.209534155650081,0.355966317985896,30
19390,0.546735262082666,19.5415225056252,7.96257501500154,0.688602469861507,0.279320331848614,0.257147845122262,26
5394,0.403924594804498,4.81620390182005,4.83600900505851,0.0241960117127746,0.0493313315616971,0.145397107827462,31
5141,0.419675036837232,24.2789789008161,16.0011183276317,0.172144868411124,0.351186912433287,0.465558832224533,17
9883,0.735618848831784,28.1524236302125,15.7973678987594,0.940730225527659,0.406597852978055,0.461431959851637,19
6011,0.429197749775762,8.75014482889774,9.04321078118635,0.242489799158648,0.107480337731446,0.291501113802914,26
15694,0.488262536314912,46.8259160630772,178.648025563196,0.509132319828495,0.625172255548453,0.969212983948433,15
12212,0.411388873896847,22.463191386292,25.5610425237575,0.027678768383339,0.324130396980671,0.615336929737241,16
999,0.459029749851326,86.982533383971,60.8393271538974,0.475232352502644,0.872104574214831,0.840419760306145,29
9097,0.716466310428824,21.6919455342661,2.5805745772486,0.933027806691825,0.312446562812762,0.0587325574160324,20
22762,0.53152386102202,29.7343359141545,3.6777343579109,0.630563889397308,0.428265613931111,0.100568616932932,15
12688,0.876102372512047,112.301106148389,162.559516767902,0.975347640225664,0.937087100095834,0.96350165912843,35
13006,0.493958958639108,40.8673251584124,112.332548182516,0.552733594551682,0.564170919746122,0.932316523935652,22
2828,0.442027059132732,4.57751980755091,31.0981020953894,0.359948781551793,0.0460891177654155,0.674436589589289,12
23672,0.811019825790988,37.0954756642764,19.839802437972,0.950845266925171,0.521389501070034,0.535008594724571,10
8946,0.424395894345872,28.2218821321143,31.2589710142433,0.176619336474687,0.407561241020827,0.675941535662433,18
24123,0.439659528700009,42.886357489895,11.4156868462011,0.165164364967495,0.585726814213161,0.359365554567939,22
21849,0.545568979643171,54.1362361842109,19.0721520325863,0.674609222915024,0.689721032788957,0.522281042575707,22
1988,0.553216602690305,3.09138331105291,0.897226818339851,0.781717971665785,0.0270909463508772,0.0077204138451383,28
20004,0.469823044098176,9.88439328098036,15.0341938434668,0.389669624855742,0.125279466393814,0.445529326619011,21
4174,0.565807214779253,4.86392585953738,6.31871358555985,0.796066407114267,0.0499849315815945,0.200565017182519,26
22973,0.483801327841085,20.7651245168865,40.802291366157,0.445619415491819,0.298264360502315,0.749319601905458,15
20198,0.494367066083596,68.8015607062238,25.692008335999,0.508673296542838,0.789810080225792,0.616919080488984,14
5182,0.543482242036678,53.7160305561534,124.885367673269,0.747958379564807,0.686298897169369,0.942847756238931,20
8451,0.691145319348133,56.411345112721,1.76385588670531,0.919746053405106,0.707671077593231,0.0304690064351948,7
19460,0.603859091272309,5.45646392498527,15.7397929176198,0.803524337243289,0.0582380316671123,0.460256896671779,11
27389,0.46707755928829,5.20341019812446,3.54412899617471,0.324391650734469,0.0546832722466752,0.0953833828026337,41
7768,0.464680108639672,8.14285675691709,75.4221376041085,0.453779245028272,0.0980829045006145,0.879070790073371,9
12481,0.437553865539285,29.8616356803749,9.786121826653,0.24859168403782,0.429984226207528,0.313835754380001,18
11471,0.41322863469093,14.1590626601074,21.547488782833,0.0526496658567339,0.193777093502588,0.56150942010005,14
2091,0.406310281062182,142.838020933055,19.395143898799,0.0790040271822363,0.973749936145477,0.527701073299524,13
4626,0.569285113258085,16.7849732951326,13.7166513322588,0.800717383157462,0.235862769312139,0.416322470476644,14
14657,0.43404030284657,51.2302027953449,21.3315982935436,0.196188135072589,0.665352467583575,0.558289788772446,35
15815,0.547075483057054,61.5135025127079,8.30440917222297,0.70382608496584,0.744539345780899,0.268257839151637,16
9700,0.410491155617706,46.208000669442,22.0970335559571,0.0446378469932824,0.619209130585632,0.569543294562717,28
4711,0.439595532745679,51.7252287203911,29.6917181971009,0.327704909956083,0.669620786524258,0.660813284678788,27
13698,0.414816099712215,55.3618004220553,10.5398589916009,0.0424583475105464,0.699510568230319,0.335469020138452,12
22214,0.463964335256308,13.5284010647079,5.58390389057324,0.342556189047173,0.183623640504884,0.173655576044845,28
8351,0.511780152328764,20.2108434266553,5.92241294800365,0.646711049135774,0.289712718403376,0.186167291187479,26
20904,0.548697812724629,136.071679058641,31.5632461488028,0.686453507747501,0.968096603832488,0.678759233854291,15
439,0.585062352078487,44.3457164980683,42.3758311489722,0.841662776889279,0.600736688339168,0.758979397215931,23
4523,0.437160004766716,12.0928460785259,4.14330531181096,0.314207581570372,0.160524841756307,0.118663003803874,32
3274,0.414952469650391,28.556456472491,2.39867218140455,0.148948964895681,0.412186424562595,0.0521073850073324,23
6577,0.642392157839314,34.2569219334576,32.6529172635043,0.888435687636957,0.486994778629727,0.688550034379704,26
21933,0.47732864893914,25.6554509584634,22.3429379122316,0.418607925530523,0.371249747090508,0.573064827925819,24
18222,0.495420127039722,54.2276979798211,10.8845351037075,0.525169812841341,0.690461423189191,0.345028870408438,26
21333,0.542092362139735,29.8787879085304,13.2018689922492,0.667037050006911,0.430215503050601,0.404266947081686,25
24211,0.426659366867082,63.1942769256366,1.8839591997478,0.0598413865081966,0.755716351707486,0.0343378049960247,9
20411,0.423825219765194,118.425431904836,150.207076959994,0.0687112333253026,0.947130760371135,0.958076659186401,28
8970,0.556806896924573,133.207924765226,34.4372952938053,0.760054710553959,0.965358629478841,0.703631317503899,19
6380,0.56471950117185,59.0111473729638,15.2405821857487,0.786567258415744,0.727024926966324,0.449900575700696,19
461,0.661495782744766,21.521159480334,55.0240881721539,0.916879032272846,0.309844570696837,0.819837781367808,16
69,0.445521261463715,77.3156415437252,6.02876816044517,0.404173251241446,0.833169145983565,0.190058388018678,10
25645,0.500217806911078,1.83654253139907,6.7379858187741,0.500105789396912,0.013215805934913,0.215486643944972,22
16285,0.438661682257958,38.5872868555048,73.7086615445107,0.218059157021344,0.538705637958511,0.87528320319404,11
26851,0.487450172220348,58.115795333391,103.877849403605,0.435262476094067,0.720495652649851,0.923618575190639,21
2494,0.438211707270669,15.0660722999431,3.266146699264,0.334517176728696,0.208360791836827,0.0846393049755277,26
24546,0.712154574126746,19.4980182549621,137.809244660461,0.903139783069491,0.278642454161912,0.951438185869343,10
25648,0.712979766260205,5.2542150536583,81.980264648713,0.901501755462959,0.0553934700083028,0.892130940480675,5
22613,0.530286947800313,4.27459952897764,2.18250499532842,0.628748538903892,0.0420421808316939,0.0444423955668169,24
15182,0.594270730224084,87.6622448195275,61.8276241385442,0.801710654748604,0.874487678594783,0.843571783232572,32
13545,0.41948912951011,2.55607402199625,51.9729047504573,0.0889529141131788,0.0208737320276273,0.807440577832828,8
13142,0.481347068523263,15.7286164464981,3.54968665219248,0.495644823415205,0.218987590352277,0.0955988757051514,29
8407,0.428984821925771,12.8020490879606,32.0660856137464,0.217012419598177,0.171929393033555,0.683334631120864,13
23824,0.471719519627635,27.8326955421434,37.9246868759057,0.375455647706985,0.402149150422896,0.730083629380518,23
13904,0.459027982428204,21.2364720564446,8.19197997136276,0.370849699480459,0.30549570055226,0.264628762213157,23
5608,0.406670238350942,10.0949021433359,7.19814679995481,0.0481956729199737,0.128611410280129,0.231481459268515,43
12585,0.515524299938485,136.357981556588,42.4539199762753,0.633354722522199,0.968358366078683,0.759444166965568,19
14698,0.476867705023211,95.8869296280646,26.9385675186592,0.461246399208903,0.900149322737344,0.631490910596558,20
22808,0.459575139070496,26.3525698152743,27.2539896509995,0.313347950344905,0.381256640062,0.63504333436153,34
20494,0.424101171670282,7.19539764215227,3.20647591046407,0.0711303683929145,0.0836626248248375,0.0823446793847973,42
4159,0.498972706780081,18.8097878038367,37.8546831303539,0.62553778057918,0.26788146093725,0.729588289702411,15
24924,0.433812883909799,118.583805381625,7.39812956939873,0.11307173455134,0.947368554738303,0.238305683710325,7
16600,0.658721680142728,129.948611691531,149.96612609456,0.87643624166958,0.961961654912745,0.957960031357198,52
7117,0.422492470594508,9.43748287256298,14.4062357430032,0.174737891647965,0.118233002862515,0.431895668015554,22
5710,0.616716993145365,48.2513328098639,19.1749865586294,0.86470222263597,0.638617826470585,0.524017071574902,24
5071,0.622293544131123,40.7338100574066,9.46875541605135,0.872863308526576,0.562712753437186,0.304419787875236,22
24693,0.426703656640403,23.1068461521793,2.88388940690018,0.0568968085572124,0.333795515702616,0.0700495546120414,24
7981,0.488475929556515,19.2319633890254,2.70576092530738,0.564340476179495,0.274490663090949,0.0633676482145367,20
12375,0.604359432011629,34.2724693042099,9.39819096905435,0.828370029106736,0.487188352595417,0.302300966409259,22
5443,0.411475470080202,52.3418819237627,3.36643185871543,0.0985314082354307,0.674869796168608,0.0885062553202482,13
7406,0.445602259814944,58.7395168155337,23.9168550273804,0.345295925857499,0.725058968724011,0.594587833089829,28
20125,0.470586934864195,20.4916444109209,12.5313305961784,0.393828465370461,0.294051363483027,0.387986150313157,28
13351,0.465720475845361,25.8920683199816,3.26102165872601,0.417247267207131,0.374658094621104,0.0844420263060172,23
2247,0.616380120094688,92.4405378065026,90.104226000407,0.872888634447008,0.890078468252982,0.905666581402028,32
12312,0.475711994940817,12.1003695609333,3.86478337228202,0.476781660923734,0.160645701382228,0.107838515047792,26
21821,0.473487854029946,31.2142906858867,19.4692345145178,0.398549979552627,0.44801285761942,0.528930957640008,23
6208,0.405747145554568,11.6605549230739,3.67976513050485,0.0313109143171459,0.153586496951135,0.100647496356247,30
12419,0.458181314452312,35.7558943709143,13.1552957032742,0.383345206035301,0.505394876203344,0.403157554779588,20
4773,0.518383533532903,24.9920078680937,10.4434981598303,0.685567710315809,0.36162940427359,0.33275951730806,24
4131,0.494982191812439,41.0531640873367,25.9138853169015,0.611133174039423,0.566193739092859,0.619576771131455,32
22928,0.424425452800902,2.45075986349024,3.1149291306465,0.0537173941265792,0.0196989817095201,0.0788349629990204,29
15490,0.55834899411227,3.95001532583512,11.9025036218103,0.732143348548561,0.0377969621671885,0.372097136449856,20
4353,0.410132746713297,55.4456145248833,65.3594655502371,0.0932908253744245,0.700169747727034,0.854121970135991,20
9855,0.439519435951244,17.1735832932129,1.50328057559881,0.285261503653601,0.242044698644154,0.0225606524926927,24
24840,0.425007539487459,67.0186995887045,27.9944798259402,0.0387351047247648,0.779482674256816,0.643179674230446,21
15927,0.446959096719675,43.7454714278715,27.286460757485,0.279804915655404,0.594620396499198,0.635406054931235,30
20141,0.600263208230948,59.9529916497268,73.557786762973,0.795231227297336,0.733742404769431,0.874941509888923,22
17765,0.462980103355695,20.2562607573735,15.0029660608257,0.36801090836525,0.290415331160603,0.444863276667609,17
13332,0.440139043005081,38.2520182362783,2.48639805036009,0.257582323858514,0.534859375812436,0.0552847809404472,18
4506,0.423804301594762,90.6854338262162,27.2608554357765,0.213666697731242,0.884581181987574,0.635120075155083,23
18172,0.433519320084139,36.2528030102899,26.0139885803467,0.16593517549336,0.511377321061753,0.620766567222013,24
1558,0.692389939994683,34.9358459185801,11.0614695306439,0.932521362090483,0.495394500338976,0.349857268902977,19
9416,0.801753288231122,126.77484836349,63.6987054663746,0.963183834217489,0.95834122340029,0.849294853680333,36
27120,0.439546492407576,100.51225947315,50.1221178862526,0.139160553226247,0.912276135107888,0.799296423142926,16
27306,0.630570231910918,13.6433461638171,46.186808378787,0.817341020563617,0.185474541809171,0.780188281913208,12
25179,0.687267965571939,49.5525341659211,71.496065717495,0.883756213355809,0.650519716079642,0.870133146340214,23
11012,0.440640158504838,39.1270476085418,18.7382533247113,0.283483828185126,0.544842853072919,0.516576198436603,22
22836,0.544470855992569,9.66998254728684,3.85893427294516,0.667966090608388,0.121893976286138,0.107611102319994,32
5385,0.638449594056704,57.502784785675,76.661257661634,0.887674522120506,0.715943463616741,0.881707068453146,30
20446,0.446381171407796,29.7222839892887,16.8630663385694,0.245060095796362,0.428102712282797,0.482488604200432,33
12654,0.433673703228698,69.2515765029486,75.1857142887787,0.216413016198203,0.792344460873618,0.878558159108892,24
7596,0.470946495164851,96.0916873634354,154.602777469944,0.488389929290861,0.900718803403852,0.960127817895473,25
27396,0.471931133265417,25.0431607315551,4.94632483417073,0.352169248973951,0.362374471064721,0.149612276779142,35
16861,0.575600093706414,31.7711920203123,16.7125707501757,0.763185326941311,0.455311014903576,0.479592868687644,29
18647,0.420682880572357,23.0615327688791,18.7754677562074,0.0544320831540972,0.333117706746176,0.517217230590829,28
26481,0.466379676706639,5.60500512549316,10.4364432033865,0.325859260046855,0.0603442575289432,0.332560505174009,22
2994,0.521276984376273,53.8930960740525,66.2165247231518,0.701729559106752,0.687745031160336,0.856525258600531,23
9439,0.61254071429232,32.08448588103,2.99875935802744,0.848633237648755,0.459384663458004,0.0744031233357999,17
11429,0.632294710152702,131.475659023622,22.3834475145622,0.864795275731012,0.963591993722069,0.573640688478004,19
15779,0.824740949009469,57.9289893014158,14.7066161458635,0.962091950466856,0.719115536502326,0.438480777515729,19
22941,0.698353065576484,22.9848545538744,6.14642168528631,0.897221454652026,0.331969824193473,0.194339816092571,15
8222,0.418906046737969,3.66020022670945,18.5374607607437,0.136893113609403,0.0340932553674039,0.513094651276369,12
15104,0.549163873243994,60.9919343517865,23.9509807708511,0.712491934886202,0.740976312325663,0.595035840424425,29
26784,0.424624437006792,19.6001239475412,6.29971997500502,0.0186762071680278,0.280232998805549,0.199881372487977,27
9117,0.4286779613818,28.7701049673771,7.74149325708626,0.207796181552112,0.415126572012656,0.249841582367963,25
13814,0.55598397231132,80.3363042803294,69.6773326251868,0.733539242763072,0.846408041012102,0.865665660819187,32
2617,0.460547176231656,36.8301070936569,6.07250536718642,0.468878092011437,0.518254565757627,0.191652838535245,24
2938,0.40568882507255,15.1024784836037,8.86409049848102,0.0613075012806803,0.208945405495542,0.285961532000909,21
25899,0.441707692159616,5.65454496129372,9.42093680447753,0.168042238801718,0.0610498022356863,0.302984959008712,35
8023,0.714989966144824,79.6976881651396,56.0914724037962,0.934103173203766,0.843695114820611,0.823897533891294,34
22949,0.505334594396622,61.5700369602494,43.3448782331783,0.539539095479995,0.744922832191668,0.764653320159018,25
17120,0.488823164571376,50.7091972318445,28.8378614957901,0.501670355210081,0.660807142141353,0.652112900481925,27
18605,0.46276024824821,8.46412404318455,2.14853787324796,0.361044814577326,0.103041073860712,0.0432620753771408,31
666,0.434871717100658,17.9901571374174,21.4095350165402,0.32792214746587,0.254980418686241,0.55945627879558,26
19451,0.449235231660521,10.0172395795856,12.4797253164603,0.270648846169934,0.127381273007002,0.386705240201315,22
2087,0.46996092989624,19.7625798865729,7.99290702330523,0.52156876353547,0.282760365059628,0.258142836617514,26
1621,0.688636245086958,88.4173958953678,8.31726587182328,0.929852147586644,0.877085398049517,0.268671279823811,16
5334,0.444741164486888,11.0225460079962,9.43701636767446,0.358527292264625,0.143374333441482,0.303467909980687,24
659,0.465421248661756,71.0476382996441,14.0498856034326,0.507879587588832,0.802177200706967,0.423928651023476,11
8867,0.639652691208364,17.687685946896,4.38932917229334,0.879268304444849,0.250197892545236,0.128200395885816,27
25543,0.524488562247163,104.8330734555,76.8227898555571,0.591690253932029,0.922309461032206,0.882044604998257,22
21569,0.563484332641163,21.7821443202126,87.8462796319564,0.720415879739448,0.313818655156111,0.902160591528921,10
17050,0.631763390962874,24.4915883398061,19.2857321144901,0.847174239112064,0.354311666821028,0.525875764982931,21
11035,0.425978403178997,7.21083777255167,4.3548568277092,0.172389520099387,0.0838949063229631,0.126866198008415,35
4326,0.476293846251317,39.49446030629,48.9827922606583,0.534852931043133,0.548981710724158,0.794026545835733,20
12614,0.513258734130038,12.8237309510721,10.7772178733612,0.625908971298486,0.17227834342825,0.342074286808451,25
24190,0.46179847522934,72.1963372199139,48.6476373299273,0.315444145118818,0.808235010951566,0.792437186879266,25
22925,0.647186661847261,43.2895405643294,2.51473507446445,0.850958597380668,0.589921117600457,0.056318372721702,17
2269,0.515928095888778,71.1571648428407,125.211462524091,0.690612477017567,0.802762462372897,0.943089727875662,35
25274,0.710537410019304,72.6291995718829,19.8990661659091,0.900562823284417,0.810472193878455,0.53596931948812,26
15817,0.638450608158478,9.31361996682003,14.44184236432,0.857957461383194,0.116287239532228,0.432682434912689,31
27051,0.426353557694378,45.4235884857999,6.76885978911413,0.030676948139444,0.611520563142483,0.216572434059088,23
18353,0.428976098247405,62.359012156892,114.751968631117,0.126034757355228,0.750219574743555,0.934547383046991,20
2866,0.558781664402172,96.6191184713615,20.821518316123,0.789263314101845,0.90217132982156,0.550536143357581,19
15660,0.539342486295593,21.7852648990104,19.7099604166813,0.685698397923261,0.313866098610181,0.532892942899824,19
3309,0.446514158344939,26.3483906930193,13.0008534340124,0.385356930783018,0.381196964820375,0.399456071655928,32
333,0.416899086286181,61.3543777949673,49.3625833004288,0.195397579343989,0.743457114051428,0.795805829982503,29
13464,0.465124121802919,36.8167076896054,2.42292160613475,0.411178240319714,0.518095832427864,0.0529821798547857,14
14338,0.548067533666539,48.0346323246709,12.2470204107383,0.71158606512472,0.636601413840909,0.380878460654226,19
25232,0.534961100409792,37.296899147928,2.69187848802443,0.627228734781966,0.523757970749408,0.0628509574137005,20
19952,0.502549280721477,25.2445563537766,36.3474352083967,0.544683590298519,0.365302532553546,0.718581461832875,18
9381,0.452888278984436,80.2754984734451,22.8499057646096,0.375558347674087,0.846151670211532,0.580186135952502,18
12869,0.461155233769251,8.01619353687677,3.64000600344738,0.394697679206729,0.0961368869296106,0.0991034740048154,25
1687,0.544063328003307,24.4158237265438,10.1559780161292,0.762899289373308,0.353199210373926,0.3245777590763,25
16289,0.747323442788576,7.61926881230163,28.1852548381702,0.935465394053608,0.0900735923103841,0.645230874999023,12
17664,0.763273568497483,87.579107810116,17.3252341066588,0.940687350230291,0.874198494629434,0.491227416169768,23
24375,0.723809872230922,101.594730303512,68.5655507499436,0.911340934224427,0.914901503564887,0.862824007816221,47
10622,0.581104797994875,9.58520873250514,8.24374958649817,0.79940998274833,0.120557850707998,0.266302860696496,17
6266,0.530444100501,76.7738268991149,48.2322265989433,0.710913261631504,0.830682874665724,0.790441829804775,26
1606,0.444581000329746,61.3374742991295,37.8671114367509,0.382647423772141,0.74334190314815,0.729676331207346,36
21527,0.545164024114276,51.4469200344165,46.5808823125071,0.67536141956225,0.6672271082626,0.782221007236306,29
17885,0.518535453724569,5.30181151603102,6.46588268721523,0.611570662120357,0.056060425949856,0.205839791443173,27
9987,0.454640865656893,36.2692926736362,38.6249179783352,0.383089763810858,0.511574846853618,0.734964028755158,28
5473,0.442448729921762,139.901673216027,119.685850195428,0.343601466855034,0.971428917285425,0.938786470838441,27
15931,0.470767113839253,12.3249358309239,7.92235551760113,0.422133145853877,0.164254614367909,0.255825753284328,28
1245,0.770370760566555,37.0375146950763,35.6390394375927,0.962906989268959,0.5207061916609,0.713173038168326,16
4266,0.456278590890133,32.8267298575207,11.1047373346876,0.433985508047044,0.468943467231112,0.351029955150274,27
18874,0.602229950624043,45.5775406824321,14.9449680628468,0.802307941019535,0.613040084943963,0.443622980901938,26
11678,0.503710320751517,88.0526567066674,58.4954773637793,0.599393976386636,0.87583719357623,0.832561860209933,30
7639,0.502144778038151,51.0239593468265,104.138272702378,0.616358313011006,0.663559694888766,0.923909483240869,25
4160,0.540542202162653,35.2254993588449,27.8167416533649,0.744744005613029,0.498944941414629,0.641252257079744,15
4925,0.422060950262231,20.2506252759134,26.9177469105528,0.195815490325913,0.290328167582921,0.631254555944859,16
13931,0.42108285476505,23.0053916972714,7.69105746858599,0.0961274397559464,0.332277379874872,0.248161470503646,22
25317,0.433732043922907,52.2484405712517,20.2012979259443,0.109198069898412,0.674079239396106,0.540821398767045,21
18682,0.449897443363467,54.4279695785378,14.2505270796761,0.281130560906604,0.69207707941273,0.428435366669639,21
24767,0.5121613404492,34.9243979726179,19.0884118608161,0.552204174222425,0.495253768984172,0.522556188429558,26
3052,0.469548497657199,4.64620009934191,10.5726378062403,0.511462206020951,0.0470173827226848,0.336387009083605,20
18200,0.679494208824129,51.510720056143,7.19863407104653,0.891678955638781,0.667777202400959,0.231498180962508,14
11317,0.512881100875331,27.6090606722247,31.6064310755678,0.631083167158067,0.399023788584219,0.679156116699787,25
25066,0.582701045700604,69.4112276059977,19.8412506038073,0.746802793582901,0.793236686255275,0.535032107599146,33
15021,0.464319985891318,59.1030236546825,17.8602168647304,0.392631128197536,0.727686976894588,0.501061345615136,27
19827,0.493644267027193,52.6496552048574,53.9585033270247,0.507990637328476,0.677461575568724,0.815645729130252,29
2837,0.485154829362441,41.2928309002536,35.2395262992614,0.582831183448434,0.568790809132105,0.710053217560073,27
15850,0.612039955865647,33.569879329308,116.272515988995,0.825513124233112,0.478383581828523,0.93589671905828,21
3610,0.432771206911406,19.4490744041166,7.02965722539437,0.289554338902235,0.2778794763785,0.22567196028732,28
17887,0.483939130817902,78.421085158363,35.7353402916887,0.474384998902678,0.838134928199981,0.713917458774276,30
19738,0.421522486726791,6.79379390856834,25.0757446475442,0.0516705305781215,0.0776565875660038,0.609385770153716,11
12624,0.58284401395877,4.1590681835696,2.89627377971773,0.793890500441194,0.0405199261217159,0.0705173909152725,28
7047,0.416372240554057,17.8501627349146,1.70825893538073,0.125197765184566,0.252768273514455,0.0287226891681375,26
11709,0.43093577091471,9.43369875307735,5.76367443656218,0.205282593611628,0.118173509470815,0.180323758642307,35
10722,0.409941615875208,33.7977500765378,10.6486830455461,0.0318936638068408,0.481252027233664,0.338509504061293,23
20829,0.452756986847955,119.53717349952,54.0916868853556,0.281907787080854,0.948778123158485,0.81617750127816,22
13874,0.587155549797299,26.0814622268149,3.12028177293609,0.794168167049065,0.377377504296759,0.079039783084746,17
9717,0.554769289492017,75.7977350030337,10.5117358601051,0.752494114916772,0.826115076253107,0.33467992298985,20
15324,0.443558372113277,87.2089722477696,119.384690848548,0.259562468156219,0.87290325245682,0.938538961386477,31
8657,0.452071924512924,17.4633640269874,6.63325247447231,0.37663068715483,0.246644021730263,0.211789941542919,23
3553,0.755734829570527,21.6759246144298,13.149498241664,0.956096901325509,0.312202700780975,0.403019236844421,15
14783,0.424188754077816,18.4701042839855,5.68164300939691,0.112780925584957,0.262545602217824,0.177287508595028,29
10449,0.435841800595511,117.18694810849,9.05242309185577,0.255637794733047,0.9452347137279,0.291784378127032,10
23229,0.514396125840106,50.29028739161,22.1925822336053,0.571425040252507,0.657112790072524,0.570916930068854,29
5975,0.640769298697324,18.1378733034467,17.9740008777981,0.887907311553136,0.257311943229382,0.503114996352177,20
22969,0.681856248747809,24.6006083749243,25.178291444798,0.884349223924801,0.355910331443066,0.610655033314711,21
25356,0.458101090997933,74.9716949998798,24.0371876963354,0.283905586460605,0.822158715625578,0.596164186153402,22
1229,0.425076263546442,3.29594050987908,13.4239237818419,0.251889672363177,0.0295656963469843,0.409513376907025,21
26465,0.435071543873357,12.037490570351,4.68231519672529,0.110353066120297,0.159635694902183,0.139501650006736,40
2175,0.416767041540368,42.1250162876637,35.8786138008378,0.172317841555923,0.577706969275281,0.71501958828619,29
16505,0.431079785508494,49.4705608230217,26.6242065582778,0.156447716755792,0.649780262366811,0.627897393949964,23
8885,0.476521077121335,98.6324550702748,5.55682103239856,0.504418735159561,0.907529761421002,0.172646490157645,8
20383,0.55140718998195,15.3077674834785,23.9840290150934,0.696880286559463,0.212240571799495,0.595468975771793,13
10247,0.424034388770243,80.048940532055,12.5768839006702,0.16319837863557,0.845192865948463,0.389113475214699,14
13798,0.471437775004882,19.626980745002,20.8979320545402,0.439258383819833,0.280651095656155,0.551711029559264,22
22693,0.723462255247247,18.2650366917595,6.78231361026129,0.914515465963632,0.259316850390995,0.217045020050854,18
21663,0.438601709956735,20.5077599372622,11.5128763616766,0.179309979779646,0.294299971039235,0.361938087807441,22
22382,0.547115084323012,8.1685296138965,17.3344087615224,0.676892369519919,0.0984779587195377,0.491398579574842,26
957,0.442746586837245,117.429073405341,43.182211781582,0.380507209571078,0.945610534352537,0.763714938798383,28
7264,0.622906539991386,101.543242201628,17.3315650518416,0.86618161550723,0.914778367536711,0.491345536522591,11
2303,0.460547481129833,21.4851179206039,4.15917353191871,0.471744207432494,0.309294796035899,0.119279084811713,31
13357,0.566528845874,7.8786945368698,1.73680505764398,0.760757853277028,0.0940303482187762,0.0296156335458944,22
20968,0.424137122332672,40.8537025924625,63.7908807828624,0.0646783309057355,0.56402232990363,0.84956883693751,19
27137,0.440710412814531,55.4463541825916,9.92997686937288,0.148057813523337,0.700175559143023,0.318043179715669,13
24280,0.572110673700627,38.4563904909222,7.84956177088808,0.728059146553278,0.537207091971694,0.253424885505454,26
12728,0.468402166760222,66.0290350166083,55.7529349840016,0.434382160194218,0.773547680265421,0.822624641673301,26
2072,0.516993558769351,49.5799903671605,15.1589826073798,0.69569252175279,0.650767080270441,0.448178680028844,25
10771,0.44980973657266,36.3421877900668,86.783832949484,0.347474575741217,0.512447272157138,0.900446114875132,17
17208,0.433865575392589,46.6386959252383,56.0419192527579,0.175189796835184,0.623374161201503,0.823712057352882,25
8352,0.41171841292863,2.96949928276721,6.02992626398113,0.0712009347043931,0.0256412509588186,0.190100650134143,28
8198,0.479598921236877,8.34651174455834,6.73593337244322,0.523754666326568,0.101222349329622,0.21541439868804,32
3906,0.404012437451904,18.141306118286,13.4909808871493,0.0366639080457389,0.257366093450838,0.411083860377911,26
23266,0.620488135679013,66.9623973841193,224.328043463569,0.816602765815333,0.779148955696003,0.980008209466731,21
14354,0.566483842450676,19.2988553712956,31.3064166961558,0.752794376574457,0.275535501152218,0.676383371528384,19
6034,0.560836760528055,74.9091336041109,32.9170719157969,0.780783927533776,0.8218556369115,0.690855159301627,26
20746,0.455534291736684,18.7041349645037,16.4027515784488,0.299777937820181,0.26622352113498,0.47355218183679,23
8183,0.581709566151926,24.2667522298218,26.4570490130379,0.808767481241375,0.351006932471095,0.625964643460108,22
23663,0.486398484442145,20.4436913887813,9.05670948502242,0.45042981300503,0.293311358182314,0.291916123505965,30
10218,0.438538043858099,21.0982762971085,100.839321656176,0.275103168096393,0.303379495242015,0.920104632303937,10
18277,0.812847741875471,85.0854069557986,33.1430272334368,0.957078139763325,0.865221914075966,0.692806432816481,27
1047,0.418566064416699,29.5195043955204,23.896509816387,0.19871486001648,0.425356773443274,0.594320375067385,23
10959,0.562469918303324,43.2657163976198,3.87507812626116,0.763620352838188,0.589674286862119,0.108238777443034,12
23093,0.606132908399241,77.4542822040595,26.9801138526376,0.795308439992368,0.833799760703015,0.631961848893764,31
25881,0.47322787030236,9.79048270526566,21.1378585219851,0.370168538764119,0.12379558434318,0.555369297989294,17
7946,0.444761567331852,49.9616586908569,9.07515888694601,0.336690623546019,0.654189673843881,0.292482783573293,19
9451,0.483827055104219,27.0626333558688,19.5794034078994,0.534802288748324,0.39134017553487,0.530750595200463,18
17981,0.540155302787472,63.3222072860254,40.5059054376354,0.676693358691409,0.756548307053791,0.747435208700182,33
19987,0.516905415673921,12.2510596631379,5.74074433671731,0.597553343512118,0.163067093060696,0.179476157096129,25
12209,0.551248316674565,51.4911461592574,31.4845157705246,0.732973331119865,0.667608519392579,0.67803375087406,27
21644,0.517542662545478,69.9815259883498,15.224097555996,0.591194334439933,0.79639463113613,0.449553388127353,21
7651,0.452857740136807,4.69367463435936,8.88490239831339,0.387380414875224,0.047661264835926,0.286608296713171,24
16675,0.52420867932887,102.886160870445,7.66918326824202,0.636106838472188,0.917934293546539,0.247431260582594,10
4558,0.471741003183603,13.0868216101672,17.3524579197578,0.51381564582698,0.17651339734561,0.491735047055726,20
14145,0.543165744776396,40.1251968197097,21.2013906204822,0.70117371249944,0.556014021817983,0.556330278760495,27
16940,0.623351341006695,33.2855786226248,12.9517000870406,0.838047752389684,0.47478757309435,0.398270689684094,24
22670,0.463334350119532,29.5246889446693,55.8972599280403,0.338848622748628,0.425427098373097,0.823168951466729,20
14562,0.501928798070849,129.471148971629,95.5508903275112,0.569968321826309,0.96143737683965,0.913418260849346,20
15595,0.419882803549153,46.7445364376492,16.3932359473146,0.071499589830637,0.624391593728618,0.47336494013599,22
26507,0.444906460129071,67.2954348020876,20.5704697848219,0.182351603172719,0.781116138423322,0.546642502049736,30
21883,0.606856315900334,34.1862650842868,39.7443445539947,0.800351023441181,0.486114338383727,0.742494533182974,21
13884,0.412559418935408,34.9314463161153,218.835412828912,0.0172847157809883,0.495340419018749,0.979015328566716,8
2475,0.410360806553386,11.4854509179879,15.3588026216957,0.110479983966798,0.150779995515622,0.452380600586004,16
10957,0.496722960687558,45.0755383966149,10.5396786000051,0.577892265981063,0.608066231154453,0.335463962991001,22
17611,0.468858526087071,83.2694160842109,8.79877917660299,0.40093373763375,0.858303114364046,0.283926524292778,12
22617,0.473952329327694,93.8183798781065,117.926067710706,0.398327970411628,0.894216817870098,0.937320051261693,30
26591,0.427657831704726,35.9185011974114,7.77461233739494,0.0453420910052955,0.507358967351425,0.250942149600136,19
7625,0.458182651749615,3.68178669125336,5.90192838329203,0.418346812017262,0.0343661375521902,0.18541560685361,20
790,0.547882169406828,19.2899945810394,8.44603817996181,0.775890598306432,0.275397135378719,0.272794683329366,29
7843,0.416230674188103,7.81233637379264,7.97072488621759,0.116682232590392,0.0930160042616446,0.257415363862105,25
4676,0.414630220708492,4.15454933110202,3.61585350482959,0.131355084944516,0.0404606325800328,0.0981658716763694,27
2503,0.456983531995189,47.9394190854959,22.7725282346943,0.449646245222539,0.635712328133079,0.579111126175536,24
17277,0.496747796145888,12.0031278509658,30.152752554639,0.535441930172965,0.159083836757786,0.665373542693693,12
26701,0.604462470709395,76.4167617275789,44.3115826570655,0.779276567511261,0.829025250944858,0.770116717335569,27
5347,0.615650605863372,19.3750355963128,8.09251016494682,0.864591259974986,0.276724615293029,0.261397583932845,27
26760,0.423156218030444,5.17139443633529,15.8732530712558,0.0054701271001249,0.0542366468806875,0.462974704859469,15
25145,0.523359662532292,103.55462574038,23.8167482822463,0.592052677180618,0.919462738551667,0.593269204325216,20
8595,0.457221435095605,4.60171103860863,13.6266510775482,0.407031799899414,0.0464156415886553,0.414241817781574,21
10638,0.412687129071069,23.284476558027,4.73222418743495,0.0584197270218283,0.336448682519808,0.141418841010717,26
6874,0.467618007842131,22.9775359783583,82.8290476241208,0.474530308507383,0.331860204477503,0.893671015939513,9
8403,0.407130752912344,38.6042174577036,24.841560044277,0.0225891913287342,0.538899173485353,0.606463198519693,17
17690,0.658806213425665,45.9995181531635,33.1319839159418,0.874653242528439,0.617178651075688,0.692711501866457,25
19092,0.527896834789841,14.7270969132888,7.21204477810107,0.635405260603875,0.202914317373441,0.231958216544966,26
14251,0.450227051551765,21.6758744915347,9.2273938740631,0.310584302525967,0.312201937763912,0.297134126921221,22
19441,0.894497784799054,65.4276155335198,102.382081168523,0.973705101525411,0.769868744789256,0.921916787074976,29
17822,0.480381261972504,15.0924715856191,1.39762200514947,0.457431449787691,0.208784720939798,0.0195754855155562,24
14664,0.552083021444815,15.6968105561352,6.38773087151761,0.721189406234771,0.218478099133649,0.203043650324735,24
4083,0.695269505962204,28.6049618281274,63.8241248643187,0.930195813300088,0.412854850933634,0.849667473625542,19
4588,0.436769062843759,31.3224695746435,11.4608684061577,0.311477975687012,0.449436233397951,0.360563404852781,20
10012,0.415082192449943,26.1185976472574,14.4139570701483,0.0845053121447563,0.377909800927611,0.432066421263187,20
14656,0.655435329584574,60.5086625177548,7.42267040045732,0.878033378394321,0.73763416358805,0.239137777711277,9
20420,0.422382479497822,44.4258279952986,29.6039222493718,0.0559478106442839,0.601546968329446,0.659934110736139,17
21734,0.522703331825913,78.4171152121978,42.6255227554964,0.606542524881661,0.838117348108294,0.760460809324498,29
16426,0.484546420830907,58.2330407058743,43.3155324714575,0.487382347462699,0.721358693982025,0.764484444606655,26
2600,0.538344404591904,38.8410899791997,92.7641290542296,0.74670791788958,0.541599886444456,0.909570691157467,23
21304,0.430877995632532,79.6373323688867,28.3685864554555,0.118507043458521,0.843436373825978,0.64718508534503,28
10941,0.86208072616236,46.9603247739894,138.74560044802,0.974372968543321,0.626458516560791,0.951988751706412,22
10013,0.489870412130779,23.8442521890821,7.4834308276054,0.555394658120349,0.344768884087746,0.24119292089618,26
11117,0.470040160336762,35.571392442639,38.2497672309147,0.459352245554328,0.503158757091108,0.732366037502206,35
14822,0.435450857599074,57.1737893897358,67.6794566234844,0.20370566053316,0.713472601893883,0.860496180563658,34
23435,0.518723639013712,49.6642100541993,7.29039131340617,0.584610210731626,0.651524884036829,0.234638837043448,15
15638,0.442552876812156,13.2657934347509,6.13243968338852,0.252504918957129,0.179395007392227,0.193832289726884,28
9409,0.507520184215298,57.9754089995235,22.7135237895803,0.626119808992371,0.719459062718824,0.578288518247849,26
13905,0.414413361772565,106.834329943025,15.0854536217281,0.0350694137159735,0.926570800042718,0.446619971751108,15
3592,0.621062644707811,46.4700990995726,25.3666791090123,0.87468690937385,0.621748498295344,0.612970315949314,25
2365,0.498289954604324,123.495554498601,96.7560692598446,0.634512581164017,0.954246649861971,0.915010173139388,35
25741,0.672503813617152,94.089324663805,143.25153280909,0.868983244989067,0.895012766999281,0.954520168827926,38
10823,0.437708175343348,52.6168612570617,132.568484044972,0.262678521219641,0.677186299107813,0.948188045148749,18
12000,0.727693904018807,46.3363438308359,47.2452777455741,0.933161292690784,0.620454444193122,0.785585271814398,28
8661,0.418620979311956,40.6051880887993,16.0484833832279,0.130819955840707,0.561304161745528,0.466511203031946,30
11044,0.459818496742431,55.956646100499,5.72616577343349,0.404385275905952,0.704160651245294,0.178936814730396,15
14516,0.429784700366151,14.599095318223,6.85757900540389,0.16267889435403,0.200856316642702,0.219682498431545,24
5020,0.440009271173382,79.3467180253911,17.5324555735895,0.33050917298533,0.842184825627676,0.495071773790563,24
18665,0.443189636947238,37.5879875402268,23.8431309987322,0.235048868693411,0.527163951337431,0.593617363944599,20
21954,0.555904865441947,33.109399130473,19.2945254548174,0.700957317370921,0.472549556061706,0.526022866440584,23
4505,0.537347301759668,79.8826251083456,147.761408908844,0.737278499174863,0.844485399495057,0.956871661925666,32
4630,0.574161099384084,96.6940604714807,91.3316001957719,0.808987648226321,0.902376047040612,0.907497392011215,34
25681,0.451682867117925,54.9174135028536,36.498320478432,0.238968327874318,0.695993615394406,0.719713508839346,25
16455,0.513254994712697,35.0278737569319,13.9195972690043,0.602192028425634,0.496524686517635,0.420972945955856,31
21021,0.428141710249284,71.6182159691961,10.9687355997147,0.09909996134229,0.805208337820705,0.347333257357285,14
8659,0.452829203308337,36.2490307429267,19.8044607847917,0.381209137383848,0.511332124948363,0.534434206144588,20
14881,0.510047504089992,66.6004826727334,10.2696083965822,0.597529891645536,0.776992530674356,0.327828750582212,9
4093,0.417655798132752,15.0514771177399,15.6165449876925,0.165520222857594,0.208126401331783,0.457728171974555,26
19982,0.418940834593882,69.8991896350719,12.1748700676251,0.0281599864829332,0.795941512492184,0.379054847776489,23
8969,0.411353335973691,45.3498097827402,48.252992051391,0.0603449132759124,0.61079053135359,0.790542248764323,23
12958,0.827524275591605,41.2312153487816,25.3304833964734,0.965854331618175,0.568124385035343,0.61252711669267,27
16542,0.519325281222948,27.9427652038404,23.0040456911988,0.620492653455585,0.40368326895311,0.582315028315159,28
22991,0.432027864245843,126.961004781548,75.8163642956344,0.118075567530468,0.958562586361843,0.879918652016104,28
2036,0.481252742130765,43.7510222338411,17.2648999479105,0.571801932062954,0.594677323406684,0.49009959408756,30
26003,0.527954018523502,47.9142800474378,37.2215602167417,0.601112706353888,0.635477265515758,0.725045413553393,28
20744,0.614799880445603,8.77921564177912,4.02888609133606,0.814684967044741,0.107932778363208,0.114218102375606,27
9895,0.702840104294548,62.1754675198414,159.211497220926,0.924555922625586,0.748996489379554,0.962132076427905,31
27349,0.446072886150415,34.7103843339293,5.46018049255778,0.187739335233346,0.492617159534505,0.16903637790903,16
17565,0.441128076556177,16.5539841394295,20.8751203435068,0.226550581166521,0.232181122529759,0.55136078943702,18
16786,0.528759963996129,59.5024379611531,55.9388441489598,0.65001285308972,0.730548063691228,0.823325326456418,27
20467,0.593199697822649,52.6973805106175,52.39626655188,0.783531125867739,0.677861811918873,0.809234706298161,17
9204,0.893063519995846,15.4604499579914,2.73294171643024,0.979876151774079,0.214689705335748,0.0643811074921763,19
9750,0.731756221283811,3.39849632753948,11.115397022031,0.939043064136058,0.0308252569685855,0.351318380721351,18
17533,0.832473912144645,93.8668800972341,133.691492561792,0.96257945545949,0.894359721581002,0.948909512522337,34
25583,0.525066366937866,26.1834384215467,12.6205728303674,0.593628187663853,0.378838505770242,0.390191705520632,25
10355,0.437777860928432,32.7591271397782,8.30435882943343,0.269673496717587,0.468078244000211,0.268256219620144,27
14820,0.821303000401904,61.0853516462716,52.248099224226,0.961948761949316,0.74161782404602,0.80860962372042,24
17991,0.499865674021136,61.6768802746964,3.65095602372397,0.543336285976693,0.745646128090783,0.0995286447057221,12
8397,0.503130809931466,15.0908731896405,3.99201935655574,0.617590180132538,0.208759054389936,0.112785177284238,25
20315,0.574468125924461,8.46048241911803,11.928887780384,0.748700575670227,0.102984700412294,0.372776259694337,22
14167,0.622569951343891,15.8864773980434,11.7300508441144,0.843896954320371,0.221515237250084,0.367630848328539,27
11090,0.510676022151539,88.6513905284011,17.3729049232528,0.628056422341615,0.877879828746367,0.492115799044822,17
26649,0.494725466437003,28.3435094767894,50.2491083620918,0.469026591395959,0.409245572676841,0.799871388299742,18
10050,0.608787925411053,27.8768171941431,6.00450353221577,0.841565060429275,0.402764433236865,0.189172372560743,15
20434,0.476440309269408,113.657106493556,149.472645805543,0.424661339260638,0.939459735607993,0.957719762216096,21
22831,0.672502227587429,13.4471975239216,2.12486903775447,0.876252502668649,0.182316044176879,0.0424438765093538,25
16591,0.441685072525681,3.37888532933128,9.42083956527319,0.236875199712813,0.0305834560196214,0.302982036962036,17
3362,0.491154421411853,10.8608939553553,8.52329598560053,0.603881945600733,0.140793545873128,0.275253209020271,22
11554,0.44659325938443,30.3154190492713,4.84476605650583,0.317536714021116,0.436079940364778,0.145732234489982,17
22630,0.427781868711406,29.7438859061087,31.3874317448014,0.086078938562423,0.42839467395062,0.67713570225913,19
16788,0.452808055974158,16.7568896539817,10.3154549692701,0.312111639417708,0.235415429254339,0.329133942701833,27
24430,0.513406505001478,3.11244065789501,15.4658342110867,0.561248030746356,0.0273433209066878,0.4546110855723,10
1342,0.521942912600442,31.2199258101995,70.4510478226236,0.711378551088274,0.448087070150075,0.867593039447267,18
13412,0.44382259941268,8.7071091168306,4.557264278696,0.280196682782844,0.106810965226449,0.134687235183884,36
23182,0.516257255517478,27.2476692283721,5.12115657857795,0.578089183429256,0.393949528362671,0.156261762166513,29
2913,0.415134627765901,18.7160411353055,4.53558783303171,0.150577751686797,0.266410433830334,0.13385123769299,28
559,0.42295680588578,14.8545505162272,12.9574581480712,0.242110754596069,0.204962813081013,0.39840973510568,30
19913,0.580772209609103,54.7635734223871,25.2103351729653,0.762570430291817,0.694767459086632,0.611050351144294,24
23793,0.433056336273645,41.3162629418836,169.742569352686,0.116659848485142,0.569044019085316,0.966217789884924,14
22359,0.49589996549932,33.7843687687776,14.5090486920202,0.503185950685292,0.481083922344731,0.434162880634529,23
24121,0.461104422195912,25.6634956253856,12.883453506325,0.311221429612488,0.371365823974078,0.396618943353512,21
24269,0.498666852498371,30.1387645553887,19.5495245076481,0.503022316843271,0.433712611928875,0.530258167023313,19
10770,0.418934023709095,57.4581532989297,13.1783545635019,0.115790483076125,0.715609408068414,0.403707218238058,19
20101,0.458315029849557,47.8192707049135,5.44097204705404,0.322980286320671,0.634587678038227,0.168317107635653,16
8195,0.694403639152835,5.6169472507512,7.67563558910301,0.922388080740348,0.060514197049337,0.247646750341366,18
428,0.472694342372829,7.62680437394989,2.78515190392704,0.547595356591046,0.0901881852682663,0.0663342863952072,22
12918,0.4642781112528,3.12364810984599,1.7100817915254,0.412169463234022,0.0274778700426695,0.0287794720613641,35
7000,0.477568626029085,72.1821925440603,117.408680829647,0.522347195073962,0.808161489005875,0.936879520944412,23
1685,0.431471280360902,86.4686736364878,48.782591036823,0.293527055066079,0.870274269254744,0.793079342486694,30
24254,0.598837379509322,17.6796085632946,17.3972643844547,0.779323344118893,0.250070026424229,0.492568831315865,20
22424,0.474376578384091,73.4625601811997,25.1672129755226,0.400576575193554,0.814710299482551,0.610518216446407,23
18560,0.451168092960196,70.8333417091328,11.9681534600902,0.28950430219993,0.801027376877056,0.373784903582933,15
14615,0.491289283704452,30.9508438589215,2.46590905857552,0.527141387807205,0.444535053901958,0.054539588832039,20
2216,0.426229426805565,20.546263588393,34.6202755715468,0.250448696315289,0.294893776658585,0.705114923227341,16
24458,0.506688094860264,94.9592303639337,40.4296852614382,0.535715149715543,0.897529478400525,0.746947168998409,21
1724,0.451765213490031,103.826106764466,21.3259265650389,0.426090009743348,0.920075574478646,0.558204713011468,18
12313,0.434019902512631,34.1467057924862,33.4018687146152,0.222338220803067,0.485620882433659,0.695018800171924,27
21581,0.778147783056552,33.4057481503526,14.0050794578425,0.942064993316308,0.476309882805679,0.422914796968808,24
10977,0.58561692663283,69.0871927455994,3.20812100972055,0.805453940061852,0.791422023191268,0.0824078718200315,12
9088,0.421168396104611,43.572809391607,4.2894535607312,0.149427767144516,0.592846219054798,0.124332734998452,11
5873,0.516914610413036,2.07339016172429,3.82583769633414,0.675156633136794,0.0156366514379858,0.106324348955205,26
12803,0.412575145521481,44.3516440782018,1.92527275360219,0.0318958682473749,0.600796690797408,0.0356969195103259,10
8049,0.427264903456213,61.6103471882122,6.90228361088855,0.210249818162993,0.745195942088482,0.221243953794854,15
25140,0.451030298107421,48.4890209516403,18.1130759496068,0.240523704793304,0.640818214022114,0.505607416863793,18
4720,0.455760915876564,4.73691869010018,3.36201538855756,0.428111867280677,0.0482493333130603,0.0883357100987934,26
11230,0.509400054950763,23.6905600161907,15.8160814410229,0.621579441474751,0.342490717472067,0.461813040299079,30
18051,0.463319437465682,29.0198828626821,9.8401759004773,0.367121656658128,0.418550676761358,0.315421116144884,22
10072,0.422211831498076,12.8403844421591,21.0250767478852,0.14781344588846,0.172546374878736,0.553655430715761,19
17783,0.425963348286956,32.6570346638901,12.5190827826156,0.107513268478215,0.466769553064631,0.387682510927667,33
1196,0.529097669136749,116.695384589503,17.5642502277614,0.73179823346436,0.944463917216748,0.495657651196565,16
1458,0.439448249037299,65.0406085817282,147.658481667696,0.352585146203637,0.767472109699728,0.956819899999102,27
22812,0.75656078353814,29.7080860477489,22.1706281326524,0.931333200074732,0.427910760547097,0.570601910863123,22
24477,0.438675413269597,66.6253128514992,39.8570076925601,0.15767221734859,0.777141102548486,0.743234551384859,27
24018,0.439872343715339,31.1550572976425,71.2429521874769,0.166774694342166,0.447232325142769,0.869524437893709,22
13468,0.625028404227436,34.2535051916705,5.80569640170855,0.850204097339883,0.486952230506242,0.181874814138699,22
9066,0.488817181660134,86.6647546223203,29.1232625275284,0.558398417197168,0.870975623432835,0.655058578235964,25
14979,0.470830568821635,39.0101522833748,11.165996230278,0.427923779701814,0.543519472312387,0.352684871922478,29
12156,0.657432526159441,27.1380668534121,2.1554302763962,0.887134765274823,0.392404849047298,0.0435010014582969,15
13922,0.468446574065131,43.8013389454639,45.2840237804866,0.423567259451374,0.595193039620497,0.775423545725697,15
1613,0.423250199852548,41.5989591453304,16.7274222305076,0.230309250531718,0.572089014105416,0.479879742630943,27
12464,0.410581373199216,6.10191645864376,3.80490955362918,0.0197863802313805,0.0674876508432933,0.10551074399934,36
4363,0.481440754009876,16.3790884734433,51.9143092098824,0.557414923561737,0.22939021837863,0.807190295952543,10
13901,0.422999698953305,10.5505685470564,10.8636054500668,0.112864999100566,0.135848211419694,0.34445419629672,21
18565,0.54357307150617,44.9873609237268,32.4692142058042,0.683988566277549,0.607186882606751,0.686931525382702,18
22199,0.433648101119592,27.4781724594317,5.36079458020316,0.137631385819986,0.397189376579244,0.165308794761055,23
26944,0.619871837309087,38.9714067947257,18.2967381835861,0.802225023508072,0.543080131059346,0.508869391769192,18
8543,0.407854638449414,59.9008683077095,114.896674116189,0.029837217181921,0.733374644090027,0.934677508275902,26
17703,0.521498990200692,14.7513505109368,18.7564945338071,0.623391856672242,0.203304188244258,0.51689057429278,16
24512,0.477454168108065,91.7782823897153,44.1352511390942,0.400740187847987,0.888034399972447,0.769134400180303,24
8445,0.461045079219821,49.5557671185476,77.2507839803148,0.42853025929071,0.650548851124914,0.882932244262883,24
12935,0.498306954877136,13.6623001128434,3.59586806511145,0.56996223772876,0.185779741216496,0.0973902579484151,28
18773,0.806950544681745,77.7797224093621,89.0242734967469,0.954975781496614,0.83527118319624,0.90401252749915,52
17181,0.672366238686906,41.0947343630323,15.1565032178181,0.887563240714371,0.566645142112975,0.448126230692375,21
22776,0.626445302972739,24.0792257597449,97.4296380903332,0.825870044762269,0.348242659441651,0.915881784494815,8
21321,0.49583127376057,25.8800877814806,5.68703338204801,0.507696770131588,0.374485811291442,0.177487362632716,18
20248,0.907793398419992,8.93623603980328,116.272000360516,0.975276866462082,0.110380314375007,0.935896268155806,11
20351,0.477210072794781,35.5082017746933,23.2128393284737,0.428583590779454,0.502391052585284,0.585172323201786,20
7542,0.574430029729918,17.181246218449,5.61345469285994,0.799461425282061,0.242166440642554,0.174755286174485,26
15541,0.551393769360748,30.7943957568332,8.31475328301734,0.716104662744328,0.44246206881957,0.2685905060994,26
15598,0.549721715204848,45.134336242584,21.3872258329764,0.712090118788183,0.608651646254086,0.559122860629389,28
19146,0.433925688537523,27.0178026744914,19.208541752666,0.159345854073763,0.390706833429509,0.52458143202625,18
20325,0.426858508996858,50.8425508372578,37.5882398554496,0.0949193346314132,0.661975737837612,0.727690369180831,22
19437,0.836140309745791,72.1098579950116,44.4328561315877,0.962074813898653,0.807785090151295,0.770788694219084,28
5277,0.78416002862434,54.0908045729182,9.3568911079965,0.962739506037906,0.689352667535244,0.301056575611272,15
19593,0.557183874106065,12.9984693210341,9.61215352717385,0.712609346956015,0.175091009386855,0.308697195796822,23
22441,0.705761183809177,85.2083541207387,24.2977859481616,0.90321472636424,0.865678483367115,0.59954582425617,24
4624,0.513594515040291,72.2196740587762,35.0190877670742,0.671345466049388,0.808356254496496,0.7083097579506,29
15303,0.520016803041,40.0824327010295,10.294267461759,0.629002951085567,0.555540131681325,0.328531224423822,17
26923,0.673934137475037,67.3598868087983,46.5349020847731,0.866646736860275,0.781494951510272,0.781985276967934,26
20517,0.499563914510205,72.4591067128037,29.1171276099556,0.528034721734002,0.809596039064655,0.654995660223609,21
21252,0.568602577944643,89.6384784113661,49.6410476744611,0.731716862181202,0.881177213677077,0.797095951388574,25
8796,0.407481823030355,31.2436485641137,41.5201754803087,0.0261118977796286,0.44839940851385,0.753797310754714,15
1363,0.537208184279351,9.09177550885574,5.99085130555549,0.74937529489398,0.112810811318274,0.188673415168498,27
2826,0.402728091352562,5.85909650421907,1.65633456132561,0.0350976679474115,0.0639788691582099,0.0271191845110222,38
6581,0.489241292306009,59.6320247736019,71.0544197707389,0.577185690635815,0.731470389126792,0.869068346481018,28
16264,0.446748676433229,49.3622236377389,64.288399172631,0.275293465470895,0.648800867393155,0.851035182487553,23
4469,0.741488413895773,35.1207533739086,172.039892656765,0.950275588547811,0.497663302491083,0.967027562837186,19
9663,0.545753946769409,19.5982125175801,17.0043442606846,0.732363287592307,0.280203238167488,0.485184391233992,24
27247,0.425689635861249,39.6088499286691,17.6487434707373,0.0248254772741348,0.550263909107896,0.497209503808596,19
20781,0.430889736195197,10.8049520450842,50.7996044270209,0.121898375218734,0.13990115054018,0.802335808828538,5
10969,0.428450723215481,28.5409197089123,19.7461042694193,0.192406410817057,0.411972207256797,0.533483365155871,16
6081,0.653854341591209,90.2019590609615,11.5831259020387,0.899056657683104,0.883021056796405,0.363787913917324,18
4789,0.712471417648275,5.78907753553765,1.30091256862131,0.937637544702739,0.0629734086333707,0.0169726069908043,23
7319,0.420444267710304,84.6615076656933,48.0035491435715,0.157361115561798,0.863636351726252,0.789331226620666,24
26083,0.469824903354253,12.9238574478909,48.1738642113356,0.348498355131596,0.173889941440734,0.790159213584986,11
26432,0.488404199966675,18.6836310323409,28.088526307271,0.442329783458263,0.265901588193119,0.644193118875801,18
24679,0.508765539973789,98.9585376629294,10.8012558442786,0.541525286156684,0.908370513992869,0.34273779823939,14
6106,0.494356866730873,9.29097213584819,1.95256072083765,0.597070942865685,0.115931825428165,0.0366020807991381,34
9850,0.455821052382563,2.08672498708922,4.47957029238052,0.390069104032591,0.0157760430196704,0.131688950234566,22
24186,0.4619648531224,33.0436520903857,25.0688405593036,0.316452091326937,0.471712488189417,0.609300086900211,27
14446,0.515586032287657,100.223324396331,184.477791960623,0.618702512700111,0.911562227143893,0.970978992808951,35
25837,0.438990325574391,63.4248306430956,25.2882913986385,0.147456781473011,0.757213791506826,0.612009510150187,17
462,0.689528383267836,26.0601820749693,7.940986751681,0.933575538685545,0.37707234109431,0.256438588542295,16
13817,0.414681019415893,10.0761548201652,1.80714702981623,0.0376070775091648,0.128314368726847,0.0318488290930242,38
20143,0.53303003923077,5.06797174428234,25.8163438274183,0.646933496696874,0.0527988276142963,0.618411898534445,13
25019,0.490682242024016,60.6277910359247,15.4049314280815,0.462938131764531,0.738461677030221,0.453343621698956,15
27023,0.476218759656813,43.4699545905995,21.2829445475368,0.375645350897685,0.591786185731246,0.557559160409973,31
20368,0.479190483230963,9.9802339595758,12.4357972988072,0.438537447946146,0.126795483882555,0.385611685879532,15
22672,0.423953561108495,31.7580662800121,1.47435604301252,0.0529232772532851,0.455139841435737,0.0217295503270192,11
18847,0.464947165943502,14.1326839619651,17.9250972123833,0.370802140329033,0.19335253717326,0.5022339545168,27
17169,0.662202156908375,26.1057888955383,16.1189994602702,0.878714179852977,0.377726234972861,0.467924229153213,18
16434,0.563948033016905,15.8220332941346,70.276724497369,0.741085814544931,0.220483590294049,0.867162308490121,11
20403,0.488520212479139,3.67377677326392,3.7187685825667,0.482887835241854,0.0342648238010265,0.102162754775266,30
6079,0.407932751171812,20.0877616501937,1.60619245970213,0.0569274183362722,0.287806954751445,0.0255972137257148,16
3387,0.443939606381375,63.5167419835529,13.6810260011568,0.369123428594321,0.75780838280325,0.415500226872472,17
16752,0.416828767290906,58.9383656977447,22.0184564827134,0.0329781186301261,0.726499425732061,0.568408554258575,14
2223,0.476275667756019,20.6097593063461,14.5542313433497,0.547825022600591,0.295872472998669,0.435154848703853,29
19131,0.493854106649585,53.832287576362,101.502545376816,0.511320793768391,0.687249072246367,0.920890905356564,20
16084,0.451174780952671,97.6055685618689,3.17542395162335,0.307642282219604,0.904833142527432,0.0811526773691635,7
1846,0.454694921985703,58.1863382597069,25.8477645949847,0.442812680732459,0.721015209874184,0.618787733281864,27
5890,0.486854958273979,32.4187847174397,27.1405806348801,0.570002727676183,0.463705933050572,0.633772141486636,30
25970,0.642073603039307,3.21975164727183,8.57622888428764,0.835453735897318,0.0286380022360581,0.27693103372938,15
9056,0.471717993715386,4.81793787525546,13.4183832963508,0.481353759765625,0.0493550494652222,0.409383332296259,25
22009,0.514710678516426,4.52090214671564,1.53818524648557,0.579090508399531,0.0453268001063268,0.0235769289671713,22
15763,0.436284621690963,2.75294263698713,4.45544325269785,0.203530103899539,0.023114037403421,0.130756852728266,37
17554,0.469066338702104,16.6612269455392,4.69945125965062,0.40206188778393,0.233891057797746,0.140160198257891,32
23978,0.452412480812057,2.92630888009654,2.906039369065,0.258764893747866,0.0251321739299871,0.0708865721117232,30
6794,0.573691325055466,124.109231557997,46.302805659877,0.801069455221295,0.955041706630388,0.780789548921532,25
18612,0.60898686555932,40.686879577835,27.6223784236769,0.813766578678042,0.562199238310443,0.639126241663485,25
2707,0.448011219150688,50.2596195332608,15.6241907738414,0.397670767037198,0.656840933092932,0.457885574280262,12
7003,0.449347405742334,75.1693783196804,37.0145480555362,0.372080318629742,0.823113196026853,0.723535020951305,28
13482,0.4290122377027,41.8399251602787,22.6321712577326,0.169873814098537,0.574670170488302,0.57715027182456,22
15684,0.688763183947145,124.864137883187,83.7763518564074,0.903459085617214,0.956001225987655,0.895352812285291,46
23626,0.483708822936353,127.651309366922,69.8509311131177,0.437483274610713,0.959373441352171,0.86610163522583,17
26076,0.468055487433511,32.9577232705613,9.30033533270463,0.338385676732287,0.470616933085173,0.299347361907664,12
20640,0.71816399934518,2.87917681419104,15.8713414399509,0.914041211595759,0.0245794664682129,0.46293592512427,16
26214,0.488940778077253,27.8224418225781,27.7572846223515,0.444870698731393,0.402006097973248,0.640603935993572,16
17320,0.549933133326767,120.278738046845,50.9312462272135,0.70557824592106,0.94984899885232,0.80291846915564,24
7337,0.603548569717124,96.3591655693077,45.4000124353749,0.843095078598708,0.90145800887746,0.776044289858929,30
10052,0.524521419697488,45.8244525440364,92.9410742221657,0.675295827211812,0.615466371420806,0.909822169210124,24
21102,0.467405993990204,35.5123703292198,4.85645320610439,0.370742876315489,0.502441725492451,0.146179357303724,19
26787,0.458710648020995,41.4419798778331,108.652225919404,0.276197277707979,0.570400396652486,0.928712083100106,13
16950,0.460035029361675,64.2497110476266,63.2355231464343,0.356524825328961,0.76250208833818,0.847906986385907,25
8052,0.418647381241731,76.6927170576379,8.18166895196507,0.138193320482969,0.830307674220766,0.264294710017743,9
5952,0.504362171636723,44.8993211502749,16.3617100963518,0.635222710203379,0.606307208118017,0.472743862173235,25
2965,0.419815026900161,42.535151502627,46.75577593217,0.191252302378416,0.582043497253606,0.783114187914335,21
3325,0.573821637098922,20.632340602007,3.22905483688864,0.814063209109008,0.296220369467372,0.0832123453670311,23
21015,0.495515763997135,4.87816756711791,4.80901385821942,0.508761454373598,0.0501803228633578,0.144363474691999,20
25155,0.468454834261112,23.7011024713771,84.5205272848625,0.348970875842497,0.342647138983088,0.896647319176963,12
22475,0.439119746336312,19.4802306181604,38.7798152250462,0.176879214122891,0.278365207234279,0.736025653126385,14
26110,0.562533823586457,15.3886683656013,2.21152286712091,0.696388004813343,0.213538459247393,0.045456277181135,23
1806,0.404433123433855,87.601331769798,44.5802165679944,0.0602759369648993,0.874275860930757,0.771601277605591,23
26339,0.540798040539712,38.4022849257993,52.0315568379705,0.638806008733809,0.536586505785766,0.807690620183312,22
18153,0.502993786244127,140.685210308547,27.806495552947,0.555651813745499,0.972067272237466,0.641140661145384,15
17187,0.429797105822366,97.5549580566666,23.9017781435596,0.142763437703252,0.904698294170467,0.594389658537938,14
11687,0.442821936862794,19.1086836761677,2.25246685026615,0.292222504736856,0.272563348259502,0.0468952228293518,25
7733,0.777109134822286,14.9790690084682,15.4552892021418,0.957990383030847,0.206963403659307,0.454391954880845,14
27257,0.866909323376363,57.2437440254437,98.7218042366939,0.962557373335585,0.713999615586374,0.917518632531417,27
378,0.488874832909583,36.9355465921866,6.55962307741173,0.614368356065825,0.519502159515861,0.20917877512909,25
16617,0.578535547111509,134.015568778627,183.465223012853,0.768771722912788,0.966153307419094,0.970682417384399,28
21284,0.478402267315538,33.3531232265063,14.3922932922247,0.426708396989852,0.475643649597204,0.431587138093114,20
8841,0.524773066903014,95.4718361264222,1.95316465846685,0.681958209257573,0.898985169299468,0.0366221793503366,3
17509,0.45883881004042,28.4917166895997,6.94027253687802,0.343598548788577,0.411293444326265,0.222567845805596,25
12506,0.488457791166935,42.3241503454011,26.4773534086266,0.532285819062963,0.579817239028262,0.626200233072956,30
356,0.504711956112375,5.30784832914353,5.6591286338341,0.669195901369676,0.056145128281454,0.17645225221828,32
21979,0.641975262395755,31.374433019993,26.7261469413074,0.847187206381932,0.450118972163557,0.629068561403579,18
9258,0.483580591821058,32.5277708530363,43.3344252213909,0.533729233779013,0.465109031518803,0.764593187168978,11
1585,0.429468489391699,31.6795814806273,12.9563361906995,0.282098481198773,0.454115471603028,0.398382645960372,22
26233,0.540516501049706,25.4565340055599,7.94899311719964,0.637983827618882,0.368375156146115,0.256701733794497,28
21929,0.672558268700666,61.195532091683,17.4873133547608,0.878090529935434,0.742372572651553,0.494238132837892,20
14891,0.424222898014626,43.9400418452111,13.3263018192146,0.113073626067489,0.596611749861564,0.407215606802756,31
7650,0.490698252872181,61.9599739647173,21.5030041271269,0.573311666725203,0.747553458280042,0.560848980232992,16
10166,0.435192791115169,22.9658007922139,11.8374439979111,0.250865206122398,0.331684409817771,0.370417774541469,18
1208,0.525581224885786,47.6918667469108,54.5971209847447,0.722892751451582,0.633391786228466,0.818175127889358,19
27217,0.60444498532483,13.6115578623621,26.7397353960031,0.777894624043256,0.184962676919626,0.629224248447525,20
12106,0.43642309070929,117.379875112563,78.4937627234816,0.240301013691351,0.945534374183272,0.885456147067147,25
3648,0.454053096467894,30.5749753320384,16.8027167759479,0.427283803233877,0.439545043728448,0.481330394673517,21
5413,0.549703587788299,29.8850804186148,27.3201336197517,0.761553414864466,0.430300332761236,0.635781616410507,29
662,0.665688661652995,15.6054662574136,43.314085537661,0.918153600767255,0.217014480131003,0.764476113272217,15
2441,0.533550784206213,56.8640396829924,5.60689032317391,0.735381732694805,0.71112842341413,0.174511118663365,12
8771,0.446373736912292,50.4976631618227,64.9456142449893,0.340935289626941,0.658946072997021,0.852940423535089,20
19033,0.53749794903909,60.7325062483739,109.804923877418,0.663692042930052,0.73918708905749,0.929869587713512,33
5599,0.481762837622243,82.6551935186952,84.4410674951958,0.553717118687928,0.855887227819661,0.896510197087936,22
10559,0.430812637984879,84.1370869604264,18.8232339265777,0.214386790525168,0.861650138208114,0.518038095579142,20
15678,0.837464173943526,1.27394350981428,48.8609684019142,0.965439202496782,0.0079364048913575,0.793450934938738,8
256,0.558263373336048,56.6047179523344,10.8777700244159,0.799020983045921,0.709152488755206,0.344843200633089,20
16612,0.675359742087934,4.97788288505179,5.21274653919636,0.890873159281909,0.0515526579767972,0.159729107582553,21
25370,0.539586587715702,18.642192305186,1.91561376611871,0.641014114953578,0.265250781600943,0.0353779297690469,19
15689,0.707590744782907,10.1773173888494,18.2858651139633,0.9158518796321,0.129917925104655,0.508677206201021,17
25507,0.64536372811341,28.7568126642745,9.45319649817689,0.840456129983068,0.414943952788441,0.303953397498982,17
3936,0.50873820573632,10.0247919436297,12.7279815638973,0.660469442140311,0.127500853877256,0.39283027608559,16
26819,0.514553124218782,33.0200676827021,8.43741287305517,0.550107819261029,0.471411970966432,0.272519492656182,26
11462,0.413516401131843,2.37062675291261,1.31807944414591,0.0553791411221027,0.0188166869650968,0.0174250823387462,39
1947,0.434888714313594,55.0383158244365,3.79026077206818,0.3180748578161,0.696954122442955,0.104941292188764,11
19164,0.41986120454505,93.351678487273,8.68583107535311,0.0400754897855222,0.892832159802429,0.280388030875892,8
27056,0.426559204961773,66.434856705007,5.15129016694992,0.0324814221821725,0.775999142870685,0.15740380427876,8
7233,0.414468282190703,45.498855288567,9.18041849220708,0.104269901290536,0.612264097599709,0.295703498217604,19
11972,0.434358964725266,49.9547590305371,14.0294864690309,0.228199712699279,0.654128066072995,0.423467406921674,22
8908,0.583671702008063,54.2268798763533,19.0415926636038,0.809179114177823,0.690454807640238,0.521763258489405,22
17990,0.422499408094729,18.3189250868689,7.74648174549942,0.0740855885669589,0.260165846871391,0.250007489402454,27
23984,0.547302710589317,26.9121358941685,17.0768498440004,0.670091158011928,0.389212270425873,0.48655948678605,19
25745,0.469741399008518,43.0682389067566,31.9238136657471,0.35077535174787,0.587623429895554,0.682050193912945,22
25504,0.445940486845106,4.46497193490937,6.81815816182289,0.199006620561704,0.0445763648371319,0.218302439918874,30
7371,0.414991699237091,1.34166337458274,8.31811096304594,0.109066899865866,0.0085325427556138,0.268698444744974,16
10438,0.415373670776267,10.6538813779944,37.5675763272426,0.0871946455445141,0.137493206717045,0.727542340494665,9
12500,0.558529292337478,45.4713058244097,9.72175965731684,0.747397496597841,0.611992089178699,0.311941120915443,14
10521,0.410411654832822,14.1069860872893,16.6035657931789,0.0364938634447753,0.192938922868218,0.47747980917767,18
7908,0.406245977784525,89.1354448826479,72.4330272746617,0.0211921194568276,0.879507637500528,0.872350954795522,18
7755,0.478627243949949,117.096689605694,69.9761317466261,0.521951654925942,0.945093969934949,0.866414789143891,25
23913,0.462159660346966,44.0828943083817,11.6739763969267,0.320475812768564,0.598068442592563,0.366168301892411,22
5013,0.526142944201328,14.687043410048,13.3189535627224,0.707169703673571,0.202270412000182,0.407042095749979,29
3290,0.467571720705367,60.703602649996,31.7837005604095,0.50186399044469,0.738987045046909,0.680777481573896,35
7503,0.699125882207752,33.5954754761239,7.71160794567011,0.926434312015772,0.478706399472114,0.248846643405745,19
6947,0.423397805544646,12.6671894843059,7.82670599112981,0.185787793248892,0.169759245298772,0.252668935026086,29
17043,0.429336018521946,27.5000865061389,40.3590631897247,0.13899914175272,0.397496771888365,0.746493708584336,17
8556,0.471096426495558,18.3566268219749,5.85120594834743,0.480992343276739,0.260759602160245,0.183551260621126,34
16613,0.44003136725018,9.84176632412594,1.49399924066785,0.224920314969495,0.124605717142874,0.0222928602432787,25
12981,0.450275331561676,64.9496260616188,34.1275449147895,0.329117856919765,0.766905324371756,0.701093940195971,25
21539,0.493672751988364,38.4733257910754,2.34137939972849,0.498399402247742,0.53740119807129,0.0500518180864819,17
21638,0.846556863389028,36.4590227145265,3.23086519346727,0.962846032576635,0.513842966462109,0.0832819464100404,22
10628,0.430829383532107,22.7561281874942,6.62215682157764,0.214516779640689,0.328539000357172,0.211397098218892,21
19202,0.603769466974486,13.0418167987902,87.7468365516271,0.80338622443378,0.175788846128761,0.902001921119316,16
24518,0.446553969909216,24.4726288251098,14.2363584933802,0.212540664244443,0.354033394309815,0.428118895224314,23
20131,0.763022193312612,26.1791732845608,31.4585136381074,0.937464189715683,0.378777444939371,0.67779359879719,15
21873,0.46066925035683,143.313065206771,25.480335255948,0.325771630508825,0.974107601303374,0.614356927402938,10
4850,0.427113003835624,48.0589020685183,33.8812158304363,0.236574318027124,0.636827735816508,0.699052496401733,27
3430,0.566122031068118,43.2130623087112,20.8295460715829,0.799589485162869,0.589128313034442,0.55065979628277,25
6064,0.404971211282466,25.9294945056406,101.42996771987,0.0272504612803459,0.375196093396762,0.920805398824705,7
22559,0.480716887673862,42.6859444316683,104.44471677148,0.433082712348551,0.583628355529406,0.924249792383643,16
9957,0.882209779811198,42.1164120497008,1.37383035959013,0.978195917559788,0.577615586088295,0.0189232072804051,9
23062,0.550708695434494,80.4862544119919,26.3392988889862,0.682662674458697,0.847038529553982,0.624593897640976,20
19589,0.490537895077779,15.3902749812321,174.216976885517,0.49441958614625,0.213564229991796,0.967770489390544,7
22586,0.431112761934763,34.381931528766,3.93042789835993,0.11386994086206,0.488549603032698,0.110390777210997,16
25284,0.423211669211022,16.1554720254935,4.4148020701226,0.0193736385554075,0.225817923109334,0.129185748503389,32
27310,0.623220672817037,73.5163891543399,13.1379151064961,0.807102492777631,0.814980958294414,0.402742735883864,15
14685,0.496738525467807,25.2859917503422,1.58540652044291,0.549645422026515,0.365903891018805,0.024974236043343,12
5486,0.54111810956393,37.4432689192672,14.5000767455501,0.742565965047106,0.525473105932685,0.433965586595421,13
25988,0.459165209791819,13.8688441077351,8.51088968051297,0.284835037775338,0.189105334545984,0.274859185064445,25
3708,0.610924431431372,155.295529228323,60.0599597205616,0.86361697060056,0.981700462112275,0.837868033379343,22
24324,0.43475553742605,22.9694194864667,22.0958557740245,0.127072197850794,0.331738621190251,0.5695263200956,22
27212,0.508050151556569,33.8732234638446,68.2373548105011,0.522885494399816,0.482199380788288,0.861968449884894,18
4183,0.468132514867459,8.1293202256635,45.3411399471355,0.496382536599413,0.0978746879343241,0.775729538439313,9
22292,0.532705440228179,109.552507678071,55.4205982786693,0.636138572124764,0.93199706765747,0.821361837208916,24
6690,0.405747014079246,67.554868223837,38.4504229790706,0.0275093708187342,0.782637224868402,0.733760365572989,20
7855,0.507770512462317,19.2986337614701,129.580232117219,0.635712688555941,0.27553204074258,0.946197528140711,6
8607,0.482174161028552,45.5216409588853,39.2738557078499,0.532647438114509,0.612488946103847,0.739369235162523,27
11680,0.443033853040315,7.24669901866345,2.03439789820809,0.293672554660589,0.084434779628664,0.0393504648864856,29
12851,0.745891476391289,44.0264978080504,18.1365018038271,0.940273416927084,0.597493897458833,0.506025338254473,16
1840,0.433983559424407,87.1417310909028,10.3266782949564,0.311667506117374,0.872666584228617,0.32945288960281,9
14610,0.491427104520053,14.7429750691318,7.07095477663073,0.527725871652365,0.203169557854506,0.227100949151304,26
23051,0.517160820291148,53.0832501137675,18.2467901829133,0.581282601458952,0.681081492648464,0.507985581316878,23
17824,0.479481085327711,52.049578360818,9.29570803333277,0.453045384027064,0.672391047520207,0.299207252881437,23
1290,0.47348135318351,59.3407095396532,27.4979173276557,0.543205059366301,0.729392902122688,0.637754685439448,27
10884,0.577904059793079,18.4994469606863,11.2918711372412,0.792515375185758,0.263007143015939,0.356065702254189,28
8835,0.581511689180228,48.686558634714,42.5073219648653,0.805677463766187,0.642637930631041,0.759761232862678,21
1544,0.573728424507743,54.6308582886477,27.5433678700149,0.819491652306169,0.69370608981829,0.638256473040851,18
3072,0.552289965982034,5.23163787740963,8.66933405962293,0.775069778552279,0.0550776449692602,0.279869164228705,20
18451,0.530829789722432,24.9294182715858,3.65187384305103,0.648267304059118,0.360717007324293,0.0995642844848585,19
5187,0.444704539187486,40.2209929700584,8.7629544064514,0.358291841577739,0.557074056569946,0.282806825058728,17
5411,0.48249627258675,43.3440565133055,5.81646851057707,0.556842732010409,0.590485453985175,0.182271943683215,15
17771,0.467692265489675,22.0271660507375,30.3281250833267,0.394558002240956,0.317538413581905,0.667083679757203,19
6498,0.527833231271115,96.8596895953652,140.62141100746,0.70401643612422,0.902827027207844,0.95306583195655,32
647,0.411417169229768,21.0898914107685,14.2775613739152,0.139138740953058,0.303250989762421,0.429038463528078,26
3220,0.433401996873469,36.610145381478,38.6162425818935,0.297476516338065,0.515643486836081,0.734904379844992,23
19570,0.487001313942113,8.82420589482076,3.65298810869979,0.478455377044156,0.108633413909344,0.0996075529491517,28
9479,0.422929694949182,30.1006277889423,15.1199511680534,0.160887452308089,0.433200592676455,0.447352112551322,23
16562,0.418483750876338,75.1467747860592,17.6543049818695,0.0483087315224111,0.823004304142755,0.497311390767708,16
4821,0.502486413881749,57.2014509798531,5.03055976617978,0.63549357582815,0.713681100156686,0.152820934680946,12
4355,0.423110825435858,27.3095178794519,4.32850379960701,0.208011565962806,0.394820009731582,0.125845709809106,22
12929,0.484713287816723,74.6755393752472,52.8754344834301,0.513463141396642,0.820719674968869,0.811235665884619,19
9684,0.786746780773929,97.1390545523235,46.2619711190194,0.958763067843392,0.903583140647329,0.780578164637175,25
22914,0.420778282612595,19.9257418365097,9.44101077904492,0.0209848543163389,0.285294601585022,0.303587808080859,26
23015,0.836870401750711,105.154219400093,94.8218712480686,0.959049477009103,0.923009085017529,0.912434618889357,45
17229,0.517045640114222,34.3937419298398,37.7556168590447,0.61082492955029,0.488696305368229,0.728884960521144,26
23937,0.458663920748565,9.5012658827158,7.09248018679371,0.299032120965421,0.119236241863077,0.227844477552719,27
20374,0.453846742638326,50.8726599335095,22.3871877513992,0.294913836754858,0.662239091887155,0.57369379701999,25
5721,0.422419511024618,33.0965038846248,11.6109181820665,0.191731550963596,0.472385458927755,0.364517526297705,28
3138,0.509993428685813,52.6946225110678,35.4034206588592,0.668664486613125,0.677838694767225,0.711339261439364,25
22694,0.434683428414333,5.05416066865566,13.0339744577271,0.142613567877561,0.0526074002441119,0.400252814910891,15
7512,0.526619813195641,69.491702310531,67.515646064139,0.694948263699189,0.793685065495201,0.860059551798035,30
10273,0.460648591308835,8.67362423616586,6.27472812157396,0.414835005998611,0.106290486988611,0.198980833519026,23
12985,0.497026747290889,7.54326769653703,10.8136693128597,0.564968087244779,0.088919017237407,0.343080054566042,27
6285,0.787126271459246,147.932012915994,187.121070481841,0.962382448837161,0.977344774339738,0.971734054534271,66
1416,0.401278268754276,29.2621789456329,14.3267687572261,0.0317608697805554,0.421858534046332,0.430133707960219,20
1057,0.579062014394686,40.4176278104449,73.9073747492761,0.829093524487689,0.559243305531401,0.875731180113499,20
9186,0.568249226692896,39.3808995188689,12.1935304720848,0.781016151187941,0.547705805090543,0.379527270321695,18
9564,0.459202431097651,32.9554478868964,7.09007595331486,0.412478194572031,0.470587899220925,0.227761474993148,19
5374,0.46638396989355,26.1804346944739,8.00175467801165,0.482128993608057,0.378795504030077,0.258432732545467,25
13559,0.421941977351198,7.19877459777614,1.78035041704368,0.110610252711922,0.0837134194151578,0.0309927186214213,26
23169,0.60881235891663,91.832200721872,37.1115155410159,0.79948508203961,0.888202177288771,0.724244065962761,27
15341,0.791838523243148,54.3059347138363,17.8142843916397,0.953265830641612,0.691093491774402,0.500228604996599,21
10511,0.633682489881069,15.5393710437177,29.2727660423383,0.869338307296857,0.215955072669897,0.656586439637364,14
24968,0.795184467447335,131.194830387539,45.6497512026412,0.944140745792538,0.963297396163985,0.777372174885836,17
24632,0.423721892857508,27.1987345589601,27.5137765069577,0.0306614553555846,0.39326019894448,0.637929896624655,18
5367,0.456639910643241,72.7122074789216,75.3880019096198,0.430133346701041,0.810898392172257,0.878996967907198,27
5216,0.491414905037129,18.4838428232843,9.52487682674204,0.592949375044554,0.262761714611418,0.306098347776526,20
21171,0.576152262583344,30.2404205337773,3.43912908066513,0.749006621772423,0.43507577992598,0.0913163853984382,13
22483,0.462462650948216,26.0560314635344,20.5400050174401,0.333679791307077,0.377012808739197,0.546166463286244,29
18152,0.888931540613108,56.6382787743001,6.03996495664273,0.973570526577532,0.709408899613363,0.190466889089215,9
944,0.568552916679314,66.5690325360472,58.0013543777721,0.813911818200722,0.776804215766178,0.830832946492925,17
18699,0.534717029501602,20.9841929843552,29.837674534049,0.659622473409399,0.301630029617791,0.662267204226879,16
16707,0.472524542196204,53.56227626599,43.5774478392437,0.425900822039694,0.685038266890895,0.765985301561068,24
7237,0.536208997205861,30.8132420286342,10.2352451159372,0.72004917729646,0.442712090897224,0.326848030428715,25
3073,0.419513053501179,24.39424185048,1.31625612973278,0.188694996293634,0.352882105650283,0.0173768235681221,12
19604,0.487593523934116,23.2460473461918,17.8578274160881,0.481167597463354,0.335875211429239,0.501018078614426,21
19727,0.455849305020715,24.3509175784652,15.4102659574302,0.310590719804168,0.352245248093077,0.453454821219159,17
14010,0.497933404623864,14.3718693399924,9.70044747586061,0.556775444652885,0.197201476736411,0.311312085165842,28
22492,0.450676770129773,1.91861685681249,1.50368022303771,0.25915368180722,0.0140426390578652,0.0225722067106002,31
25828,0.475596828378534,48.5081341058021,25.9923270305868,0.38297476596199,0.64099464009691,0.620509589878535,25
20569,0.872292522558067,26.7152411394622,10.8166635308623,0.968962001614273,0.386420778945001,0.343162569714116,15
13229,0.412474765730955,45.6996465836054,11.6856358816303,0.0273088414687663,0.614241616117417,0.366472825397943,17
23208,0.430926625182854,13.5664776817242,7.93800809380848,0.105780984275043,0.184236773950409,0.256340657176889,32
12309,0.413437734106347,40.3439802850788,40.5396911025063,0.0473860835190862,0.558431877963778,0.747651087035377,16
10956,0.526097995026678,35.5028753818132,5.5805079911434,0.675873340340331,0.50232629903154,0.173529111221914,21
7568,0.564853647893851,74.8149527241556,65.480884455679,0.782253895420581,0.821398457890771,0.854465994517837,21
25346,0.442193196021522,55.6933253807817,127.534155136634,0.174768646480516,0.702110295984692,0.944772407214226,21
11786,0.415846567010011,87.6935735135583,65.2419135225153,0.0771587898489088,0.874596487145486,0.853787770897948,23
24706,0.647383118781436,69.3138945158615,82.2939626341478,0.84491230500862,0.792693158868588,0.892703843335254,27
22541,0.45873450518167,17.8782599758227,4.9085935333219,0.311055906582624,0.253212449232826,0.14817218619155,38
11443,0.688269739723227,56.2338592195539,38.7961833779622,0.912170362891629,0.706305349567307,0.736137461826209,34
20964,0.589056420237916,60.871667832106,45.1792855564687,0.773468697443604,0.740148266106066,0.774860802921639,32
26937,0.429576126021059,52.5467280331525,27.9195650288254,0.0585252337623388,0.6765968856501,0.642369226089469,22
11003,0.490951087697725,128.091017198955,38.7145923511884,0.554956676904112,0.959881819519737,0.735579414939677,13
10303,0.460262519897658,128.176820346567,28.6332688175284,0.412670854246244,0.959980294186484,0.649977520456487,19
9802,0.462093636777466,12.2998792165021,23.1873175224335,0.425708933966234,0.163851812450963,0.58482468236031,11
15711,0.632924442586801,13.4782929282936,5.92091342090716,0.851772537454963,0.182816764323283,0.186112290176391,25
22947,0.501719887328504,62.0029807583972,16.5068350969842,0.525103715015575,0.747842058435369,0.475593569205158,20
10059,0.445573062064524,3.91261896975788,5.76390955987621,0.323258343385532,0.0373142963015983,0.180332445363501,21
17713,0.658889383900208,91.5709860338087,28.2888137329027,0.874731392366812,0.887387100869815,0.64633678370923,22
24360,0.536387012018281,76.2690239534815,22.1639091741224,0.63738287682645,0.828334919072975,0.57050542923634,20
3140,0.46544150882257,28.9695625493188,10.5106860999735,0.491283267503604,0.417862006135448,0.334650441403018,19
10117,0.51877438572341,42.9529584676062,41.1937704027732,0.658204130828381,0.586422174124407,0.75177640695299,23
8154,0.789755842023064,51.1607372512196,4.09824838956642,0.96117257187143,0.664749590383826,0.116913153321891,11
22246,0.452987535696614,49.7442025538193,10.2570317491101,0.274473184952512,0.652243304028268,0.32747005902496,15
10395,0.408142601282,17.3013488300915,1.46683586066494,0.0177764864638448,0.244073699021226,0.0215151483441373,17
4898,0.534365349475568,37.3603357684581,47.0635543298274,0.728262205375358,0.524501927302623,0.784672817633709,24
20975,0.417789559969594,91.919157311673,24.7168742045232,0.0070527920033782,0.888472250539507,0.60489340140725,18
5461,0.464314020677186,35.2309771048132,30.7844341810886,0.47154488041997,0.499011894013227,0.671471393499884,27
10675,0.436618611435325,30.1941024241945,53.6924131006663,0.258043901063502,0.434454969734158,0.814576467666487,20
23365,0.804367899426748,112.204646900915,15.194819989769,0.949122930411249,0.936914917180283,0.44893593262175,11
22980,0.439436632906555,72.8378306522935,198.151112546468,0.176106220809743,0.811541680632123,0.974610296128467,15
549,0.704284017504664,82.1396844700373,177.342423206637,0.940245607402176,0.853829353409701,0.968797340451617,19
18246,0.426663028103831,20.133319619558,9.98222927140158,0.110060326522216,0.288512644999402,0.319562164210907,30
20177,0.438272146318245,63.9988280472635,13.3103543045918,0.18637961987406,0.760905077218328,0.406838946947622,23
9448,0.632359622996047,80.8988986586586,132.878638750201,0.871016166172922,0.84876087660059,0.948388716642571,23
14191,0.469638375018496,16.9792735643265,16.3621490197408,0.427133522229269,0.238955597925324,0.472752516984408,23
19754,0.808155520390043,16.7564282375712,9.07791311923209,0.954114532331005,0.235408078778052,0.292567322775327,19
10856,0.510921414964668,55.2085091092723,8.81266889411454,0.628876672126353,0.698301573177826,0.284359987873416,14
24333,0.593573856068386,130.181728260646,78.2347121292319,0.770151932258159,0.962215086196523,0.88493665644851,25
20023,0.418281104443873,15.0340329496332,7.60924411807327,0.0185795337893069,0.207846243020023,0.24542558706368,24
9779,0.59299812465577,63.3812799342242,36.863194787977,0.820911926217377,0.756931582801031,0.722422782411108,30
7464,0.705103745152726,60.6368338324507,28.7173506222932,0.92968073906377,0.738524393831458,0.650857521368984,25
14305,0.460103665699659,10.5323913492768,4.19900391892109,0.371358589967713,0.135558936562375,0.120825018914482,24
25647,0.561728788136456,19.2928265154091,5.57788061851765,0.697858784580603,0.275441358741554,0.173431254125455,29
853,0.428069169266049,23.7287708498171,4.23121159564138,0.278444452211261,0.343057556859635,0.122074551785904,21
15299,0.431878518599229,14.1946733410569,4.90431950128424,0.172741472255439,0.194350208679434,0.148008951259561,24
12035,0.486105913438718,15.1010572235954,21.0641483047975,0.524622764671221,0.208922584113806,0.554250328180462,25
929,0.581719951447651,51.3951216153073,96.5336963672641,0.834337601670995,0.66677989660601,0.914719595521854,23
5583,0.421936863230866,35.5968464272979,18.5800268434042,0.191246501170099,0.50346773143576,0.513835937622688,23
16413,0.70176737703989,122.961615754801,5.65631113880668,0.910785638494417,0.953543732603928,0.176347668625476,8
9445,0.505540138922754,70.280688442716,61.4450065165949,0.619313238887116,0.798033077502369,0.842362389148596,20
13063,0.436315903307467,23.7250619821109,8.49123687052684,0.232998030493036,0.343002550420353,0.274234406462473,18
12162,0.410553325617587,21.0922678026366,17.8972795491882,0.0195109590422362,0.303287411216482,0.501731716969188,18
11976,0.490188301765061,41.0326336860537,13.6518704091483,0.54450401221402,0.56597065798834,0.414825988078041,22
12938,0.421367603700087,16.1424410620494,11.2570917592897,0.112568237585947,0.225609621515521,0.355134215189526,19
16827,0.433268814194426,36.2906205657993,8.88358470263167,0.173797993455082,0.511830233558639,0.286567371509877,22
17206,0.498349300075642,117.74812262983,158.095667616784,0.54195051221177,0.946101915991477,0.961659840263957,24
21478,0.421876179482802,27.7883188621564,10.3827820644873,0.041175878373906,0.401529868604919,0.331043925160184,26
3425,0.437971584191034,15.4463699303649,29.1310761640539,0.326351227471605,0.214463913144971,0.655138687331465,13
10814,0.456792042392792,16.1227092607887,8.996667005309,0.3869277338963,0.225294179495233,0.290067514160119,19
13871,0.421055144520458,6.56413247646735,79.2035448301854,0.0958828951697797,0.0742547104370904,0.886862313306731,5
25025,0.423239774589698,19.788341444635,31.3207342999747,0.0229831791948527,0.283160770127935,0.67651652335323,16
9098,0.456166646611673,18.1602492193774,1.2113992544998,0.397996579064056,0.257664880509138,0.0146840562042584,17
4113,0.526312164295714,19.5139735046827,3.82082724985643,0.709544649813324,0.278891100024094,0.106129557470184,23
3060,0.484509056794956,22.4428682821142,24.6659390827702,0.577730656601489,0.323823936557222,0.604249353848037,19
27329,0.645482944410628,98.5750042713029,68.0047943292248,0.83629600238055,0.90738086358026,0.861357493276637,29
18872,0.506559550820926,5.52315782418134,4.42319514667521,0.564724175492302,0.0591819675962969,0.129510309345965,19
1659,0.581695025126825,45.7115857920366,4.11666149469962,0.830357773927972,0.614358925033916,0.11762834137407,13
25390,0.425702036262512,117.801498281485,42.5103444313615,0.0415202616713941,0.946183698328181,0.759779159561956,12
17196,0.421674608082734,6.81747440539079,6.40718008247072,0.0736576982308179,0.078008757074366,0.203740560326615,31
13936,0.457511462141209,13.8589771626605,1.42949363923543,0.361866032006219,0.188946476753955,0.020461017871136,15
1434,0.497842012241899,5.34983828076806,11.3093646943749,0.637495583156124,0.0567349683326005,0.356533468095136,19
9018,0.451242734517943,41.7422792033725,15.4133045805977,0.368547914549708,0.573625805512922,0.453518146459077,19
18217,0.581496602935298,12.4135634761843,3.34499805579556,0.769854375394061,0.16567959628332,0.0876787746885197,32
16710,0.4232900832387,36.1448193536063,27.2004760418958,0.0913078177254647,0.510082225398158,0.634444348830844,25
27200,0.80637710880196,24.7648195706436,4.87579374694508,0.94537328183651,0.35831365774888,0.146918934097831,15
22421,0.458329944982379,150.530446095653,16.9655791946545,0.308549478417262,0.978987303500026,0.484446861400302,9
8458,0.477975395719204,91.6030274912663,16.6088451708094,0.513779653469101,0.887487387271299,0.477582454940962,15
24285,0.668377993147846,62.2182764037649,3.51811234556794,0.868784249061719,0.7492822476431,0.0943748897185385,7
9845,0.416288366954738,59.9488491281558,19.1030378197479,0.099171006353572,0.733713193880943,0.522803476917048,21
21272,0.492625189823715,35.125021501312,176.133805402337,0.493816388770938,0.497715576656941,0.968405665454892,10
17790,0.435232673954,92.991034008307,40.3873373455701,0.182528926525265,0.891750232697266,0.74667540179216,15
251,0.580824920526134,52.9536990590537,9.23986536874088,0.835653555812314,0.680003756930384,0.297513249995436,15
14205,0.543216459431376,22.3221039960181,13.4285453885664,0.699485922465101,0.322001277571436,0.409621820432046,27
14432,0.492593988756215,40.9746536405139,8.72618031890703,0.532642159145325,0.565340132642792,0.281654908395889,20
22195,0.440565106103766,13.4302552804045,1.77103660440959,0.19085677457042,0.18204322863506,0.0306966897004809,32
5575,0.403842102152264,30.9244799576463,6.51886089694943,0.0233468045480549,0.444186125284681,0.207728851535795,16
5349,0.41066094413399,2.75945341242757,3.92800382052968,0.0908265330363065,0.023189079579757,0.110296531726661,31
14868,0.936040223660424,24.8814925861566,44.394021550219,0.981534752761945,0.360017816980895,0.770573831362832,5
5787,0.410348324007131,13.0397866629821,1.96731910250525,0.0841141731943935,0.175756162906997,0.0370940285036483,26
16456,0.462519468228331,110.78831114891,72.9533173081837,0.373890848364681,0.934333305852044,0.873558857807419,32
14410,0.438497998693994,22.6115205413073,18.9697577698793,0.22968471609056,0.326364744588639,0.520542696964324,26
17732,0.52158785290999,44.4928491493551,21.6080182048996,0.623678650008515,0.602223759808494,0.562405607216298,24
21374,0.49043456821038,33.725985579345,21.77415057497,0.484079958638176,0.480349978245554,0.564850847372692,28
19602,0.454053081942101,5.70729983987025,24.5337954366665,0.299203739035875,0.0618028029948666,0.602570914552502,9
11774,0.733775602407769,10.9991396758208,35.4146380095502,0.937156217638403,0.14300046353685,0.71142696571803,12
16421,0.575280656765059,106.348708951692,26.0433000686949,0.764082799199969,0.925558080133911,0.621113872736024,29
21227,0.507507132876869,16.5052477630479,2.10091035290452,0.554755142191425,0.231403689762074,0.0416193323377259,18
12143,0.614491546479663,8.83127637862908,1.64243068216586,0.841832681791857,0.108743570500512,0.026694493691347,29
9109,0.462386936588314,24.6588363292267,12.3645618883337,0.430164923425764,0.356763173441341,0.383832046529324,18
20482,0.418290469547155,12.9175975362278,5.69231465640172,0.0186667290981859,0.173789177488326,0.177683125769027,24
27348,0.42694392209443,23.9730123682876,7.64199480609721,0.0358470550272614,0.346673819857596,0.246522351049616,24
4318,0.43763557442181,81.3526500242527,81.129752714593,0.317511718487367,0.850633501063283,0.890555348465337,17
16981,0.436209813961991,27.9634686977078,10.710906134432,0.196481646038592,0.403971522595972,0.340238756997439,24
12524,0.60253364289756,28.6590633853789,14.7977767580045,0.824559125583619,0.413599762123937,0.440456071629278,18
17463,1.11024825104116,80.6688642896343,15.5430464577927,0.992638670140877,0.847803018191635,0.456211472459212,1
7616,0.562326476074253,92.6226310120241,394.838569147741,0.775884303962812,0.890634184280208,0.994001066883132,2
2493,0.401710576216362,210.613895357634,27.8024073871945,0.0245176777243614,0.996388137924072,0.641096119834525,1
21125,1.17381208987171,12.1113319174189,20.8812871874866,0.994196658022702,0.160821809987355,0.551455513909967,1
4725,0.841528175188849,180.906898852044,242.820287575371,0.975213446188718,0.991335247562323,0.982917889718128,1
22261,0.455960480056282,68.5040191459009,330.488751080502,0.293662612559274,0.788118546217901,0.991057666121124,1
26993,1.25116283274631,46.3349815049966,42.2100012161367,0.995235878741369,0.620441244176422,0.757987936729126,1
3740,0.456121387805304,240.26028390235,61.6823315190388,0.438986574066803,0.99850153534353,0.843114140808935,1
10283,0.468801386084474,17.3314625196597,368.85965309119,0.458510735537857,0.244551664642434,0.992995583638451,1
25328,0.858675896448123,177.130260136405,33.1906631496432,0.962315802462399,0.990321139056296,0.693215412279644,1
1839,0.448544106653778,188.213150995649,7.23250217247833,0.407051113434136,0.993008076051222,0.232659309617134,1
20046,1.06703246820208,31.3197840800453,89.2835673532212,0.990074170054868,0.449400931929005,0.904413423363219,1
15091,1.31243178435276,14.0242507730683,7.72492316972607,0.997512978268787,0.191607177700449,0.249290147237354,1
4254,0.610978626623714,61.6351201872597,324.595109489279,0.861463492969051,0.745363650500901,0.990698976198638,1
26242,0.682545431589659,252.893809222686,6.48818279951333,0.876302109099925,0.998971703986729,0.206635586765508,1
15214,0.530431795451822,184.852680921552,36.0375487706342,0.660863245371729,0.992282589419643,0.716234697184994,1
27394,0.446418404203183,198.291039217534,129.393818710151,0.190224123420194,0.994802934544417,0.946069833662537,1
26660,1.23907736063713,42.956176745704,5.86846947166046,0.995009748730808,0.586455749950101,0.184186286723781,1
9781,0.50739638274809,321.241552942361,116.153063080454,0.623502964852378,0.999867638566875,0.935792141453227,1
8899,0.616564113894636,212.22367564974,86.5987639662605,0.854628929169849,0.996556099988315,0.900143072511754,1
2488,1.10208395697326,64.3914159551948,90.1352623230345,0.995297397254035,0.763399746156304,0.905713512311751,1
24228,0.428109201614081,28.1533876421767,467.081233148173,0.0722961688879877,0.406611231289657,0.995956426334214,1
16978,1.16474746008009,47.1653992116214,18.0988742092249,0.994590136688203,0.628413604907579,0.505353789024482,1
8819,0.407347991346066,0.364674579996152,348.127356727994,0.0210224550683051,0.0013620485306956,0.992026913302836,1
19929,0.519950081732281,81.7400502645048,438.724252371486,0.607858791947365,0.852214813247426,0.995306655491381,1
8507,1.06562010811399,12.7761728536832,62.4899111537997,0.993008908582851,0.171512954400364,0.845633304692957,1
26395,0.46714413223269,208.839775771526,20.5112156200391,0.330332261044532,0.996193608745392,0.545715893217482,1
1759,0.700259532745691,86.5844876530232,483.548087361226,0.935921943513677,0.87068895946703,0.99628016659506,1
6092,1.02445061421026,119.420307728474,76.8824839438248,0.991873426828533,0.948607336925684,0.882168989506308,1
26830,0.719772825634331,176.316697120708,19.9358453839752,0.90387999964878,0.990087777239323,0.536564005149717,1
22930,0.477737425640201,152.433129313299,384.636814062248,0.415422190446407,0.980115137434983,0.993630571088262,1
14793,0.800414264973988,56.7354180214459,398.346755507396,0.956284640356898,0.710149904320957,0.994121874216792,1
7065,1.09662415651013,23.3771623670001,3.11418097953235,0.994407936464995,0.337830616450654,0.0788063388883349,1
1224,1.03828933534044,80.7466637994718,41.144182619967,0.993564659496769,0.848127617627269,0.751467212679734,1
6076,0.532889921190523,208.97832548964,59.4108581430433,0.71906865015626,0.996209167344184,0.835696887836139,1
1084,0.402400923837273,93.9555007790623,340.073680492602,0.0473549603484571,0.894620358542728,0.991602661988833,1
15037,0.824337052840485,181.925704879174,52.6794470783387,0.9627008093521,0.991590333850221,0.810421008560757,1
20960,0.487885758984943,51.9429040535012,393.301241106582,0.474996075965464,0.671482244392853,0.993947093294455,1
24766,0.43005405837562,50.2391654440038,350.039158019845,0.0821577487513423,0.656659510355317,0.992123417337377,1
22110,1.11841182648158,41.393303453301,170.612625768932,0.992109869839624,0.569875647255447,0.966527661591488,1
18989,0.567726103100444,170.565219897722,537.358015645361,0.739473957102746,0.988271734283485,0.997127794540354,1
25472,0.629922718384464,242.277657882648,37.2111115509496,0.821151227457449,0.998588893774641,0.724969477287517,1
4346,1.08930761288216,65.9445783889625,30.667786608884,0.994675119640306,0.773034372584658,0.670358177922215,1
9630,0.429181793527654,241.773951646232,31.112784280767,0.208378430455923,0.998567567648891,0.674574384183572,1
1394,1.0137634673984,95.0983840477681,1.59323104953669,0.992459031986073,0.897926631686236,0.0252081884409679,1
11335,0.457885066457099,24.2252489681011,458.368384355726,0.387459480203688,0.350395764504762,0.995770100810267,1
11814,1.18695579494324,38.1663769177673,12.9871981324299,0.995933023048565,0.533872675467201,0.3991271172031,1
8354,1.29812131933574,26.2320640673481,20.9935717939393,0.997956566745415,0.379534363440847,0.55317484726981,1
5541,1.23955605467151,96.2108806334596,501.882048717031,0.997550551313907,0.901048865221309,0.996601820159866,1
16521,0.562165587361173,66.0481531785584,468.098980910795,0.73560948879458,0.773663726035231,0.995977483119217,1
4810,1.08132596016161,6.55482214189652,4.95732498442347,0.994357460411265,0.0741173319417728,0.150031793662826,1
14244,0.541263313424662,195.636048698227,18.6701163285157,0.69445419521071,0.994379994515186,0.515399097154151,1
15019,0.694772635990907,117.839976593416,1382.22208413947,0.908366235205904,0.94624257983225,0.999790540137057,1
13877,0.47872619689074,73.4393101518687,395.466229845803,0.475524416193366,0.814593280112905,0.994022920334741,1
25181,0.455937760576751,192.443889487144,63.2466443224933,0.272988497512415,0.993826152111553,0.847940528017471,1
25391,0.50659222075183,176.687816528082,40.24018185437,0.528493380639702,0.990194910640118,0.745727616144771,1
20966,0.421817813199217,177.189673532731,77.9547932600014,0.0440693041309714,0.990337966815393,0.884371489506742,1
12479,1.07531606701762,18.2200544886971,25.253641767882,0.992528603877872,0.258607880671532,0.611583637015565,1
26855,0.459437079929258,55.4670133688101,578.415431900718,0.280790193239227,0.700337835104983,0.997611565521786,1
8037,0.424340201225727,189.642263095592,8.64287388353216,0.186580968555063,0.993295756277613,0.27903584699706,1
26777,0.71405252697801,194.506889181115,179.344717198829,0.90002567647025,0.994189948659699,0.969431669131894,1
371,0.983809974743586,45.2606330776174,0.683574238413653,0.991406903602183,0.609906553667936,0.004116846474526,1
4092,0.429611232943247,112.907939419984,423.748136932863,0.262688684044406,0.938159876196352,0.99490752642455,1
13576,0.649908019096681,43.1843851831211,347.326934129607,0.876604549819604,0.588830697159367,0.991986042706883,1
22016,1.77566945796185,19.8875533325005,62.063659556349,0.99955175165087,0.284701829517759,0.844311092683575,1
11232,0.797730903865503,177.780354162841,130.904407397137,0.960255736019462,0.990503701369332,0.947092540928034,1
21759,1.29153232236189,119.087113203436,15.6042077870722,0.996653466718271,0.948117354025968,0.457474039869023,1
3358,0.481089843846891,194.092561005826,85.9536229187665,0.563524428755045,0.994118629712386,0.899076282163592,1
5650,1.62490828983966,3.84517621536858,19.6236322278371,0.999571284279227,0.0364473294012366,0.531478057471654,1
1010,0.405483052839036,178.754053629503,18.4996655211811,0.0785301218274981,0.990770791255225,0.512434982741844,1
21070,0.481569052283917,210.278620444459,5.07768680706733,0.44506584177725,0.996352146826547,0.154612144578179,1
8333,1.33935714392893,24.5570632643607,29.0720307745325,0.998324162326753,0.355272083337273,0.654532620644373,1
16477,1.19553363471155,202.796169232503,526.084729090232,0.995430461829528,0.995449653130206,0.996972963063101,1
2650,1.4278910830685,67.870194232223,13.0109015276496,0.999095450853929,0.784472739172699,0.399697953898379,2
24922,0.528283784779504,179.234802454168,7.61530421148245,0.608302936889231,0.990899910606258,0.245628686439952,1
7484,0.797271137416919,119.480884759827,351.295084180744,0.963880211813375,0.948695932725845,0.992185970595896,2
17064,0.43549003808218,18.7209927693963,481.789799288847,0.187750796787441,0.266488162843833,0.996247257605196,1
19241,1.12087372832122,76.8932236794491,178.043942882834,0.992716568056494,0.831233755691812,0.969021623953,1
18490,0.526507663771696,56.8380313572175,398.820641768304,0.635140085825697,0.710930801579286,0.994137945662614,1
5137,0.418834780100659,79.1318383724972,412.382633218492,0.164920209906995,0.841253330793713,0.994574294971038,1
5510,0.995438751537571,167.446662345467,154.295973926004,0.990582943195477,0.987153457107583,0.959989225128086,1
16882,1.24069814126824,48.1578255003794,10.6399215585509,0.996306024491787,0.6377489436074,0.338265474036636,1
5611,0.488949490504756,25.2089951466079,314.512940753171,0.580883788177744,0.364786136895068,0.990039540141375,1
17604,1.127125603057,3.49943569896976,12.1312513869466,0.993266509380192,0.0320767478187957,0.377948438618759,1
21650,0.581995865591764,189.281916497942,135.887121158448,0.7589403570164,0.993224342514379,0.950280091354886,1
20536,1.26286127322139,94.6624586421415,19.383740436453,0.996300569502637,0.896677494336968,0.527511337968576,1
8603,0.452971363503283,85.3703458427204,418.988468177293,0.382064415374771,0.866277790122758,0.99477135429243,1
24894,0.529450655783608,197.050648455683,29.8993519318433,0.612046509282663,0.994609415515788,0.66287873450113,1
2836,0.995161072282046,34.8773898130151,55.131052212504,0.991240457165986,0.494675565482858,0.820250798404505,1
14381,0.514597391995643,119.816328459213,378.47809341882,0.61539072683081,0.949183838209335,0.993392152780428,1
23645,0.442608881195307,105.066858089531,897.481075615751,0.190283974865451,0.922819373503595,0.999258028288526,1
648,1.01948272416634,54.8685698544876,23.7963014579767,0.992898018099368,0.695604798234747,0.592999061553024,1
9247,1.03525749320936,19.8280233030018,14.4191854552679,0.991486451588571,0.283777333072844,0.432181999630799,1
5884,1.0395529622042,114.24624603105,11.4950120257798,0.99255762854591,0.9404632140927,0.361466394370755,1
8014,1.02937644486354,54.6849232879631,78.6754442621516,0.991606199648231,0.694138867976672,0.885818469365921,1
985,0.678900962744958,177.717878581768,75.6049721725005,0.926358682336286,0.990486305563681,0.879465083890837,1
15636,0.973947483512235,9.90074214776686,330.695436912137,0.985104641178623,0.125537958949095,0.991069907830576,1
5857,0.674772504725754,236.425272375274,40.3773880348141,0.914389993296936,0.998320388589721,0.746611488611077,1
24010,0.441906785227648,181.999415424798,20.6172558504352,0.181994289858267,0.991608498549821,0.547372074111981,1
10262,1.27031230416859,24.4767427193895,87.4603458477247,0.997494853567332,0.354093781052585,0.901542734006227,1
12650,0.988281289733493,216.59436562378,93.3680925036222,0.987589698517695,0.996974062262388,0.910424961333159,1
20486,0.465574526707285,187.850785620377,29.4200900707102,0.365947322919965,0.992933211148475,0.658081933371962,1
18239,1.15428815878375,81.8585042329115,62.8981972991776,0.9940860865172,0.852695134967719,0.846884446189598,1
20549,1.26394916180237,57.0993916633679,37.9292192356492,0.996319823665544,0.71291114602312,0.730115652748597,1
23835,0.466521881635212,192.762993475822,214.732338066368,0.346209755167365,0.993883863937682,0.978229417290439,1
11893,0.650729602634753,224.401221789197,15.6476577374853,0.882070241263136,0.997599232541093,0.458368244576664,1
24794,1.42453003046721,36.7632274551286,3.33255635018202,0.997977560851723,0.517461868816521,0.0871986839330227,1
1608,0.445434609794055,179.924407524695,12.4990756869976,0.387997441226617,0.991082012015333,0.387186017309638,1
12972,1.41952337753292,104.608457632824,3.78187479107491,0.998615139629692,0.921816471484758,0.104615314267645,1
25304,1.30541353263692,60.0903355804907,6.73320863326108,0.996510670054704,0.734709219634858,0.215318476709793,1
8072,0.530021968830268,87.9911793002206,407.80645652723,0.702227469766513,0.875625614079877,0.994432005086497,1
11397,0.425802531560146,47.0953006049866,1024.35176900006,0.164081727387384,0.627746324228011,0.999490062603401,1
11903,1.28335175152451,105.117630945147,26.3735294597042,0.997488932218403,0.922929685585233,0.624993174539757,1
5280,0.440880880797668,13.3811921653316,314.417957531333,0.333169071003795,0.181253184593291,0.990033035309469,1
1569,0.457182692303386,95.5941936391239,434.327433561244,0.459504626924172,0.899329680893157,0.995193881817553,2
24593,0.522336666963457,158.503436616813,394.24979644207,0.590680700261146,0.983329473106239,0.993980471303851,1
23900,0.428394031250354,180.336227252487,40.2881140787436,0.0780209321528673,0.991189036576153,0.74603691787081,1
17685,0.468050310515015,194.693336757175,93.7800867400314,0.396523430244997,0.994221762130861,0.911001111642113,1
4836,0.460022436578057,32.4250623755496,336.390807703168,0.451697629876435,0.463786828308312,0.991398631097895,1
9223,0.581019963400915,63.1420619440403,832.186862840154,0.803472004830837,0.755376033115233,0.999085178776307,1
22210,1.3297110699085,19.9155406824061,215.563325209587,0.997164002852514,0.285136278992386,0.978391780676679,1
12468,1.10837508868544,31.2027869987494,12.8582781605634,0.993765015387908,0.447861335146345,0.396007892368475,1
3106,0.595812418906221,93.6142801906743,345.733715236727,0.846236930927262,0.893613405543349,0.991903858176352,1
7948,0.485705571923171,182.954285806071,64.2025608237206,0.55285928142257,0.991840332100879,0.850783683548336,1
5774,0.44095636349164,185.971518296678,44.1776324479247,0.330472645349801,0.992532043531369,0.7693710720598,1
26168,1.45554563850761,116.895695440168,140.72185981775,0.998141010990366,0.944779283226305,0.953122556081369,1
7518,0.645569275182935,182.832162264991,62.9104564081639,0.88850377057679,0.991811038672464,0.846921783112634,1
1508,0.474013998190112,211.6419084502,28.7213262301628,0.542961158324033,0.996496312489255,0.650899046297387,1
22324,0.461425095394359,106.543511175414,341.512417570987,0.327468319796026,0.925965940471166,0.991680617953421,1
14474,1.20808989975653,32.9152233941531,36.8782219815018,0.995914726052433,0.470074433295344,0.722533513484643,1
14430,0.474994276170887,197.63721015639,35.0378266850196,0.451954143121839,0.994701801359392,0.70845858158652,1
5776,0.415477616245162,269.448900816502,75.4450565051697,0.131693083792925,0.99937298627158,0.87912031817822,1
14546,0.770114548521912,65.1806642604023,811.17155842572,0.946786815766245,0.768342101765644,0.99901872972255,1
360,0.504335728352743,155.870620687614,377.184826050015,0.667999491561204,0.982003614840414,0.993340592299815,1
8209,1.24268551343109,53.2689522659151,120.759369015465,0.997311410028487,0.682620667802954,0.939657441268407,1
17548,0.513580325255052,179.989754757502,67.2023989314549,0.596822897205129,0.991099079982332,0.859219050780227,1
25893,0.569864430663712,425.973135577638,76.7667780697674,0.716687181033194,0.999994447826211,0.881927720838512,1
1031,0.973176312313806,8.62211316564901,18.1283326025827,0.990470201941207,0.105490407065268,0.505879660314784,1
23535,0.803205782664626,193.440359454271,351.961104034835,0.948737761471421,0.994004605198125,0.992218874991708,1
16520,1.14211979347604,61.7252510621593,19.4222817532816,0.993917593499646,0.745972961591796,0.52815213011638,1
16046,0.624462343566171,236.009486664316,26.2665785591773,0.841707468731329,0.998299486814442,0.623743494186642,1
9553,0.590251666796215,200.671110276283,92.6509418473113,0.818097275681794,0.99515519030806,0.909409302072036,1
14722,1.13765508203177,38.9600686574925,16.6746540950481,0.994060187134892,0.542951500115251,0.478859354155775,1
16516,1.06220131136952,74.3812260277911,103.918078404283,0.990670655388385,0.819278704227381,0.923663616163243,1
20323,1.08756033408197,20.4843270637193,35.7561281387759,0.991113431751728,0.293938467610947,0.714077768480357,1
8400,1.11724495624452,189.001084485357,8.44331783273664,0.994748112279922,0.993168165455085,0.272707906043874,1
7424,0.851051258558606,45.4112461915566,411.155199905427,0.974929684074596,0.611398520181859,0.99453660507474,1
24501,1.10335859906912,17.6611701067721,0.767511355829173,0.990789191797376,0.249778114270318,0.0054101225700936,1
24417,1.15734327466899,25.9048402431325,49.0936547207081,0.993098512059078,0.374841724133246,0.794548297037779,1
2920,1.10228292577509,7.32580587014338,6.88104582830485,0.995239780750126,0.0856275326177343,0.220502629230739,1
3436,0.42713759239126,90.4696286979431,329.355457001381,0.24712602281943,0.883887284564576,0.990990143696278,1
25323,0.440790843625497,117.926225288922,790.922259167498,0.164285621372983,0.946374333881376,0.998948726398504,1
18161,1.07394640973433,162.993570577729,66.9438460017826,0.99095221539028,0.985372047011577,0.858519756577083,1
19935,0.465176090043301,29.7607990137976,369.363572652437,0.366478948388249,0.428623188406406,0.993017131641238,1
19438,0.545058157784948,48.6643749136831,404.741725150546,0.684237925568596,0.642433979736667,0.994333947651797,1
775,1.17011511655153,65.9312984227738,41.3396922153211,0.996977349044755,0.77295356167388,0.752682931171578,1
20872,1.34849713264449,49.0559675533736,35.1082114335319,0.997491743648425,0.646019135738344,0.709016548208967,1
26672,1.20871605447692,32.8151118937628,186.420155930447,0.994222200708464,0.468794849837183,0.97153648550797,1
7714,0.573481702648088,52.0509277868188,320.043870140947,0.796376171987504,0.67240252943869,0.990408746484323,1
18327,0.486120128121207,60.5465848424328,638.090098290225,0.481963261729106,0.737897847511286,0.99814190162043,1
17787,1.21618808132828,48.899574170387,13.0542775944566,0.995728174690157,0.644591123722291,0.400740421940229,1
1348,0.468693112853254,233.5455377084,140.543945399908,0.518252610228956,0.998170213598249,0.953022021303612,1
16775,1.12464145325473,130.696277236373,524.314187848832,0.993333671009168,0.962768635553483,0.996947663519937,1
22094,0.540677623094347,221.206572054641,67.0390130072153,0.661239948589355,0.997360622624502,0.858777736651201,1
6446,0.464584183763311,132.669800059422,351.640392872991,0.464515958912671,0.964819020692751,0.992203053437918,1
24116,0.469968504126687,56.8501518223633,401.897252205853,0.36302893073298,0.711022913088066,0.994240887150931,1
25174,0.702244456264227,71.9537034708456,1247.00026804739,0.895415601553395,0.806970158574823,0.999713852780467,1
2983,0.519123850284188,189.449340898622,43.8576748227469,0.69571701111272,0.993257615966098,0.767575305446377,1
15076,0.690206533962779,83.7876676051795,369.17569899216,0.905240495456383,0.86031143428521,0.9930091083022,1
21074,0.655215051597312,245.395398193816,163.079256965199,0.863495649769902,0.998714049834743,0.963708107483695,1
513,0.438987831727083,74.1811756350624,336.424322714074,0.359251571586356,0.81829301907245,0.99140051741822,1
11466,1.0205141131512,126.136292547663,38.9292840934478,0.99005589960143,0.957573075651542,0.737044013728899,1
14890,0.743058499667223,179.544196720394,17.4177780119821,0.93520487495698,0.990982061435329,0.492949855260569,1
25118,1.28100880562545,7.85531852384428,3.00568594417044,0.996135734952986,0.0936728523025889,0.0746666043838509,1
5557,1.16703987637873,20.3659185966425,8.1905320340236,0.996427113423124,0.292110372965685,0.264581864962462,1
27338,1.14307211218349,62.7836455225688,353.162402635394,0.991909104399383,0.753028151448806,0.99227776060639,1
19536,1.11384253851703,36.9646783247072,74.6821285608774,0.992356352275237,0.519846394416878,0.877455721359644,1
26518,1.11194167511318,48.6248961951434,50.9208568420182,0.990612849127501,0.642070769915938,0.802872577195522,1
6169,0.563269665503964,176.731123505632,433.518907438178,0.783858934650198,0.99020733753742,0.995172756954995,1
8711,0.597636444522894,239.143279264157,51.4517926422445,0.831434570718557,0.998450876104824,0.805197720269893,1
24740,0.492452981483388,240.41629532521,95.2372842665809,0.471007299842313,0.998508478648876,0.912997061816048,1
24422,0.965273276744829,181.52828928493,23.9066592852727,0.980576641391963,0.991491725540349,0.594453833888899,1
26835,0.927808543183686,181.099426196741,44.2844188171816,0.974202036624774,0.991384031458333,0.769965798948691,1
23354,0.443542512435217,185.338967320432,52.3134883960689,0.200201568892226,0.992392007978795,0.808885857877936,1
20777,0.57288311721815,77.6874840608285,437.882647311507,0.742348110070452,0.834855401488753,0.995285340834073,1
3061,1.07404886830944,86.6871029365657,257.94920462217,0.994416563771665,0.871055329502923,0.984887216251374,2
18685,0.427864697484453,68.1324296271076,545.053611319811,0.116801653290167,0.785988183890462,0.997227594920244,1
4796,1.08430101392544,152.591107765243,80.4032263687028,0.99445138243027,0.980206055090073,0.889183084561419,2
12296,1.28419470238793,49.4145042153374,63.7442162312344,0.997466103872284,0.649273798593874,0.849430221559758,1
10958,1.17249019503748,41.5956118015071,2.97765019772794,0.995779243297875,0.572053065422274,0.0736007939565647,1
4751,0.437544551534925,46.8286503562881,610.785393309183,0.313607649179175,0.625198460588823,0.997920528888818,1
15200,0.430478364644315,40.6073290879547,362.776506590256,0.161587849957868,0.561327639767202,0.992728365760003,1
21290,0.51119261161618,84.3950119776973,391.831458528025,0.568544520298019,0.862630441571968,0.993894889219068,1
19196,1.06692552608291,135.699415116278,18.8011566678118,0.990283401915804,0.967753069379073,0.517658964834823,1
11254,0.708160727811612,232.164931144255,60.3763454012984,0.924905569059774,0.998093560400987,0.838911072194677,2
4258,1.00375830157092,99.1032809504649,102.721808171522,0.991257638204843,0.908741340868025,0.922307990941178,1
14859,0.439821718887901,285.155737303457,33.7937494047758,0.23613868211396,0.999608328386219,0.69832253002399,1
19163,0.448352211196371,196.570117182288,48.2390230546403,0.264698497951031,0.99453254228862,0.790474704434351,1
5984,0.61017005135173,118.1071149356,470.542225256247,0.856021236162633,0.946649639897171,0.996027448855999,1
6936,1.10177115755117,133.043391692733,28.4396888908816,0.994565094821155,0.965194509508092,0.647938565389226,1
24491,0.758897221365781,99.3883466129034,419.934617167602,0.93017631676048,0.909467433116336,0.994798802040624,1
4980,1.02858114183435,108.12425969146,50.3067171022649,0.99235721421428,0.929196334273712,0.800131414109191,1
24756,0.534064221997012,182.313919994014,17.3695865982921,0.626459802500904,0.991685567824242,0.492054037136944,1
14192,1.06140884655847,80.7223938927585,84.3925480832139,0.991245252778754,0.848026428099298,0.896426339724886,1
17389,0.523210018119347,99.1915497643186,396.960026032549,0.630923347081989,0.908966770105464,0.994074508749431,1
14370,0.528487711684468,86.0414851482967,344.127646279776,0.659113402012736,0.868733626004834,0.99181987255147,1
8893,1.15288021174891,79.4685599802702,12.1364344533682,0.995608826400712,0.84271069764576,0.378080065447474,1
24267,0.553148551048806,103.500387155182,537.346863703116,0.683579076780006,0.919339757010188,0.997127646544063,1
8579,0.573263782045024,69.6600565069519,413.912375147794,0.79308744519949,0.794620138729708,0.994620788984689,1
17094,0.451858584447075,86.3965548856869,475.949715164868,0.303021801635623,0.870015394276283,0.996135174777403,1
15393,1.22220616861687,62.1221220094809,24.5435493403176,0.99609875981696,0.748639976573409,0.602695179165662,1
15670,1.32928387137957,79.034059032603,19.4292915316279,0.997672775294632,0.840827735487712,0.528268531005907,1
7609,0.417349097394302,28.8038399675125,519.59512853695,0.126711282646284,0.415589866247152,0.99687886959943,1
24789,0.58625146480322,204.472480324372,36.9301705243029,0.753714719088748,0.995669360852857,0.722915793927812,1
52,0.485624952952378,70.913659300186,528.52378703457,0.601897545857355,0.801459059500787,0.997007368647715,1
20000,1.15152332247457,57.3709605867149,47.0972865413522,0.993645455688238,0.714955759975709,0.784842627250682,1
5424,0.46580487848351,183.836052142245,43.8245391467059,0.479192123981193,0.992048785251572,0.767388137583474,1
9933,0.664817451248865,193.297614740924,83.1539112689158,0.899268190842122,0.99397935864366,0.894252109091358,1
14725,0.470102120708614,245.88706931672,177.879044341267,0.424091609893367,0.998732753784511,0.968969103812612,1
10002,0.582567854883261,105.499399010856,442.718434034207,0.803240957669914,0.923754254913961,0.995406102610678,1
20087,0.510998002907008,239.894270148928,37.7583477392526,0.574471166823059,0.998485119571505,0.728904385589433,1
14086,1.04500931723842,41.2679919982521,11.2871835433257,0.990408150944859,0.568522259696544,0.355940272867674,1
17239,0.686690279885766,40.3659650412951,331.724582445063,0.898830494610593,0.558674230383643,0.991130531414894,1
25962,0.681853475047267,66.6148488586292,1391.20226131712,0.876570727908984,0.777078502276245,0.999794655587537,1
23205,1.29510836390852,0.263318164954286,17.6651736724511,0.996589137939736,0.0008587144938758,0.497510413204741,1
1518,0.755937045466555,191.222057021898,178.071132106182,0.958336573792621,0.99360014923954,0.969030271977403,2
27359,0.518241544773669,107.924559667605,355.197974001063,0.561451062327251,0.928795911080573,0.99237619668308,1
25134,1.41915558147802,98.9438684957221,36.311561208038,0.997929784934968,0.908332850997645,0.718311293213299,1
24865,1.31652731915523,149.075799751459,12.9427864375695,0.996723671909422,0.978082795977136,0.398055346781719,1
8532,1.13662301970757,22.8250617637163,1.25923954234627,0.995270901126787,0.329574044413167,0.0158921239345721,1
12612,1.03705251841702,60.165491133696,124.506177548627,0.990633623441681,0.735236903060722,0.942564568692409,1
6799,0.784771998085472,73.5446120978829,672.042226081952,0.961367071606219,0.815122717895197,0.998376445111355,1
17978,0.620846099658408,184.672725109626,41.6723887521461,0.831361427204683,0.992241704411459,0.754731295769974,1
13059,1.12936947126339,161.918995244348,267.844404500628,0.994293349329382,0.984906913011138,0.986012464253134,1
4242,1.01612874702131,43.9687769423382,33.0987386988744,0.991877708816901,0.59690513037074,0.69242544902162,1
20118,1.12134424726974,30.5808620025711,66.9343391732647,0.992568699177355,0.439623449213514,0.858493947637629,1
24822,1.26285622971423,120.169121009653,21.761634278332,0.995790175162256,0.949692091199176,0.564667360485461,1
9996,0.432478535021637,214.067592463078,161.75009138329,0.233860968379304,0.996738991308493,0.963176900077513,1
12635,0.409990789949276,84.4976274307005,338.341206325326,0.0103037427179515,0.863018608167454,0.991507494832005,1
17686,0.415655218798355,229.750719928033,104.30011488442,0.0148819112218916,0.997951780613467,0.924089479884609,1
12433,0.494965068460528,179.475177816007,181.334214592091,0.561547352001071,0.990963799204423,0.970044527068068,1
3001,0.408243498869512,176.444577145535,63.9958767937383,0.0864475958514959,0.990124823176897,0.850175567766827,1
21825,0.479351108314451,79.5034822621819,314.152869856579,0.428867563139647,0.84286111573682,0.990014851001495,1
4605,1.3761237891798,36.9993364013202,135.332539460994,0.998761066468433,0.520255671381271,0.949938794970834,1
26340,1.1806847052485,120.51962499464,199.030776311634,0.99344148626551,0.950192131830534,0.974822142209573,1
17108,0.607429426860145,191.442023783997,64.8935361173607,0.815272451145574,0.993641432514144,0.852790752191308,1
22086,0.427476020451172,197.352429159278,21.7773720969972,0.0868055608589202,0.994657144750762,0.564898055041144,1
11264,0.629628829105665,176.41876639141,13.7877486797573,0.862959822406992,0.990117357022475,0.417958139281287,1
8570,1.01353173563021,48.8693195050271,21.4546862969727,0.99057171237655,0.64431428569583,0.560129888992749,1
16986,0.530597029382744,182.258495549262,124.821946346677,0.65545614878647,0.99167203707175,0.942800528332741,1
24881,0.471469343469601,128.245547101621,450.839550782571,0.36591083323583,0.960058999910476,0.995599913560237,1
10889,1.08098027504492,166.95805612338,106.15994185861,0.993097729980946,0.986968960601739,0.926115329025359,1
21027,0.482240649835737,55.591991203053,431.453325576809,0.448337281122804,0.701317830252607,0.995118230320477,1
7299,0.551655074092634,203.332445141507,61.919154153255,0.755757918581367,0.995521116340648,0.84385908186875,1
15244,1.36706919386715,26.5415784738658,68.7395140299652,0.998046037508175,0.383951569107235,0.863274380234093,1
10634,1.59755122030254,112.415775834135,352.90444100191,0.999416011851281,0.937291194379879,0.992265165812031,1
2627,1.19608747333288,138.577951889026,33.823939358757,0.99717749026604,0.970317775682575,0.698574788887835,1
27267,1.32033571604865,73.2814829432126,56.0896150028833,0.996546952752396,0.813797080209507,0.82389058685823,1
6778,0.728915079151309,186.169001762614,106.144721023607,0.94219998177141,0.992575238231126,0.926099061838186,1
3321,0.771139777781538,140.567825890603,707.227141683476,0.961144092259929,0.971972537908489,0.998580657697825,1
24614,0.72317237452792,92.465380432057,2082.91618825899,0.910261833341792,0.890154443168541,0.999943370959686,1
9581,0.432103076181228,98.4141358868878,392.048236402738,0.23434462514706,0.906962700689748,0.993902626112292,1
18568,0.420584048514336,3.45018625388472,383.555415011859,0.0535400037188083,0.031464693598858,0.993589541561501,1
23348,1.12546954355234,93.2556673220941,179.402462062398,0.992052131332457,0.89254514860765,0.969449698828516,1
10346,0.432140526322096,179.29186112333,20.4809629387751,0.22795468964614,0.99091511635032,0.545241676456461,1
19216,1.33219718785772,73.5218762381912,37.0996429700206,0.997427442111075,0.815008527108796,0.724157399010713,1
15285,0.45014304493076,182.104281771258,191.189644477368,0.303974207257852,0.991634274212438,0.972844560222418,1
905,0.411308468936696,120.831892182862,335.236547437298,0.138135377084836,0.950633533042585,0.991333328418814,1
5867,0.471274985859139,113.726322409648,454.200589761315,0.500811056699604,0.939578479083109,0.995676979908784,1
17850,0.57496460951108,83.7459291642425,397.22713751242,0.757381845731288,0.860150700954616,0.994083671386422,1
20015,0.481261453114047,177.563355336576,3.92479004103332,0.448738941457123,0.990443144441259,0.110171582880425,1
15409,0.4930726120286,81.3195076788164,329.449913796359,0.529805846279487,0.850497473499089,0.990995797398854,1
15959,0.482237584299983,190.946115966323,57.4723515341559,0.479217052692547,0.993547985358027,0.828952759273657,1
2228,1.15672079887463,29.5582215353312,162.689904125841,0.996565440669656,0.425881795524579,0.963553602994844,1
13058,0.548847561571052,71.8136203621447,439.58768374513,0.7239619276952,0.806236337438566,0.99532839136061,1
23679,0.708808725212249,231.658698561162,45.6855019334241,0.902338076848537,0.998064661772922,0.777561303687121,1
16127,0.608091049797076,250.256367730809,717.368472785068,0.819982043933123,0.998887529006796,0.998633291599894,1
8140,0.531172882669101,190.076865055247,103.494620412733,0.703388262540102,0.993380895559962,0.923187611529425,1
22514,0.729381271890073,200.676549450637,199.926798569479,0.917957844212651,0.995155967589456,0.975035452707625,1
19934,0.477853234306074,322.811973481984,50.5328598993226,0.434472209541127,0.999873756266369,0.801147317354212,1
8340,0.637248790793348,258.017878835737,18.3635801286598,0.878889814019203,0.999117559432562,0.51004829813683,1
10027,0.751217675066791,229.200032184811,38.2210739542532,0.946535340743139,0.997918001443606,0.732165753088948,1
6186,0.614532344273472,203.332254164358,40.6590994213295,0.860028338851407,0.995521091090385,0.748411847123053,1
5224,0.428109205765217,80.9341288616419,381.54389517177,0.240905973827466,0.848907067152477,0.993512286858336,1
15167,0.551274952873815,102.547979522388,409.581675876328,0.717555214185268,0.917150378764088,0.994487781058318,1
24050,1.53177928849434,100.271610767263,76.178663400981,0.998746066354215,0.911681924002572,0.880690294021334,1
15844,0.539972478182068,78.7629358134514,888.090077007973,0.685520731844008,0.839641970306204,0.999235911157673,1
21008,0.560993659007307,60.0360670327266,859.743659885842,0.716406238265336,0.734327588682291,0.999163824119623,1
23768,0.941798094261261,96.2237004652259,448.556044025622,0.977963037788868,0.901084301933183,0.995546521702526,1
11974,1.05422019915429,178.59927700433,195.552319615179,0.991694810334593,0.990728837261983,0.973970026284128,1
21380,1.40209929828051,41.0704314724743,107.068262715316,0.998004181543365,0.566381290014167,0.927076989879408,1
5521,1.52506509055377,5.62775245707723,4.02369833822836,0.999357118271291,0.0606680346465399,0.114016483395263,1
11237,1.01239452952778,72.8501743731242,323.592028840662,0.98969778418541,0.811604778842742,0.99063602751577,1
3395,0.529389606656642,132.839570144026,345.787007585857,0.723216245882213,0.964990142536161,0.991906625277521,1
9873,0.509764750832669,275.13612058685,59.0069906726497,0.631506742211059,0.999471142265226,0.834324422721335,1
17702,0.484052440386776,84.8986428817808,396.04312744766,0.477469232399017,0.86452552010956,0.99404291364467,1
16648,0.437323836193376,81.4552155862403,580.816039036012,0.204890880966559,0.851053719406261,0.997636448918704,1
9874,1.20991636033133,82.1357629868591,115.329292968608,0.996652669506148,0.85381359237012,0.935064370650281,1
14978,0.523105825187823,195.164980225389,82.2217590317004,0.640831539873034,0.994301470424393,0.892572367025674,1
11125,0.450407875021199,69.4317771335343,404.885936126115,0.348187085706741,0.793351268267384,0.994338612635616,1
10356,1.29587316034669,16.5656224940643,26.9185741816917,0.997788931475952,0.232366742693301,0.631263951526755,1
10557,0.591609047729978,201.257072943673,75.8644600840678,0.816205442650244,0.995238220486796,0.880021503070871,1
17648,1.13873124477911,131.430751372337,3.71704341816499,0.993663360364735,0.963545040371078,0.102095722712153,1
4245,0.822943642232959,190.449470957558,70.7540607840603,0.972166649997234,0.993453037014738,0.868336936059231,1
26098,0.671629414185467,85.8907875247692,492.647799730872,0.86723094061017,0.868185975722895,0.996444573407177,1
18116,0.45026825471938,101.129131953246,327.707476220814,0.286609316244721,0.91378171630274,0.9908907380172,1
26348,0.722030752493764,158.235538386063,495.033349363732,0.906060679117218,0.983199086943856,0.996486093193841,1
13781,1.0892996787696,63.0379713324635,11.9379544317595,0.992574371863157,0.754696299814688,0.373009378130391,1
40,0.531970686220256,219.587060585802,99.6887300649701,0.7442772150971,0.997230817296679,0.91871401398373,1
24643,0.471379497104431,107.13840720999,314.556506572929,0.36813540617004,0.927198106029749,0.990042521806673,1
19360,0.4479653808335,59.3744566667094,343.071895718354,0.262074654223397,0.729634318139468,0.991764032418784,1
23010,0.484724601920839,111.735689598199,359.176257175873,0.447507927194238,0.936071258887025,0.992563819555047,1
4108,0.699260169630083,182.614051791666,150.09296174458,0.931676135864109,0.991758462139999,0.958021479849037,1
25733,1.21017031839717,50.5237407330787,172.102561339421,0.994451120728627,0.659175991745747,0.967049276296996,1
24634,1.19129814029451,103.732180549843,15.4493999983698,0.994112290907651,0.919864060195533,0.454269515173082,1
2549,1.01237692883864,100.302333601754,17.5139522164172,0.992100854637101,0.911758001141654,0.494730329534958,1
23340,0.508811637733133,206.579956271943,110.243630119986,0.548461403232068,0.995930716218703,0.930303151200852,1
8594,0.74166386290079,126.643350289078,447.623232955248,0.944825204089284,0.958184159090402,0.995524466194477,1
20952,1.51932480760479,69.0872222516716,46.5383844002603,0.998809265671298,0.791422189107707,0.782003143314414,1
24209,0.487922575003617,178.043448192548,173.684453981659,0.455109732458368,0.990576613381069,0.967590912499736,1
14595,0.439642472209798,144.036134904719,332.647608479352,0.238030065782368,0.974642833060258,0.991184438296196,1
16377,0.510366158660297,238.715473853828,98.9132781769554,0.592054696753621,0.998431026518984,0.917757320942395,1
1926,1.02314625753628,53.9195328079705,42.1317390416911,0.992777367355302,0.687960430373748,0.757517900687275,1
763,0.470121216127159,239.104870851166,57.2121966405943,0.530434007290751,0.998449104247233,0.828016827522802,1
20523,0.651187531585274,178.161368880471,124.905952819816,0.860343158477917,0.990609113227689,0.942863073610268,1
9634,0.93801385951242,193.111180989438,51.0324521596986,0.984647652832791,0.993946226446535,0.803364688917831,1
9650,0.935513127926292,164.948516758743,527.603685390363,0.984409317141399,0.986182272662767,0.996994449875188,2
4537,0.608456217191807,40.9665192415263,413.423457643011,0.858506710734218,0.565251610618124,0.994605986476938,1
26452,0.458711742987843,178.390142452722,75.0872506049561,0.279089612420648,0.990671849313188,0.878343735759238,1
10539,0.574738387182408,206.500453923064,169.432313392056,0.788395712617785,0.995921146789426,0.966106335718939,1
13254,0.460588358606985,206.936042759301,26.7616073087925,0.388586335116997,0.995973304800574,0.629474631107213,1
9721,0.626409211254699,215.908699165049,51.1544006863884,0.863657731097192,0.996911988127845,0.803900378224497,1
24108,0.574537647049472,247.234344999939,184.195468641596,0.733227689983323,0.998782632331346,0.970896717396954,1
9646,1.04773425225818,38.22559114442,15.0778756815713,0.991976993624121,0.534555083839292,0.446458945313351,1
20751,0.486461079375732,210.059157801517,39.0171935675345,0.468407101929188,0.996328395606245,0.737640198213685,1
1402,0.905532409154483,81.0814888994383,651.845502090184,0.985192665597424,0.849517093618115,0.998241891977072,1
11271,0.514992811036168,182.875338252911,31.262422402756,0.640085894847289,0.991821407041219,0.675973707554536,1
18629,0.45697908747665,65.3074212366173,833.94081403502,0.326430829241872,0.769126879286725,0.999090460080866,1
16496,0.628840840835342,179.839139877513,69.9787854508647,0.845903278328478,0.991059692391982,0.86642141511799,1
1166,0.946281913661854,249.899597033149,310.693343377547,0.988729030359536,0.998875628703172,0.989773420399936,1
16645,0.588748317977206,176.597232725939,117.737661692453,0.787086310563609,0.990168867286531,0.937160134742386,1
1990,0.983993620574305,12.2357352967025,7.83635907983107,0.990856708260253,0.162820795681988,0.252988333023494,1
8287,1.50058090401023,125.149959879935,17.1958051845034,0.999194384785369,0.956359268111115,0.488803257591113,1
19796,0.622667557615228,86.260467650611,333.74846243504,0.829069518949836,0.869525553519222,0.991248161589123,1
19277,0.659553198633033,38.5659994060629,469.366295830168,0.871607538545504,0.538462204029522,0.996003502693241,1
24898,0.558483313441014,68.5254075900878,440.425610870844,0.693415861111134,0.788240563397427,0.99534935874058,1
21337,0.926117322756847,218.562568667294,173.452085675551,0.977196514839306,0.997145452711818,0.967512121819204,2
6129,0.490678574302157,182.248616716688,30.7893819337963,0.582881698384881,0.991669623069802,0.671518485154961,1
15398,0.818167396546919,187.143423705636,48.6413086550292,0.960787565680221,0.992784776847316,0.792407000256677,1
8253,0.600268327613797,107.007189843877,318.935001405601,0.836304333759472,0.926928047512504,0.990336208755709,1
20543,0.486067324164544,66.6749811040948,318.882070442046,0.469095753738657,0.777438017000073,0.990332727942598,1
1475,0.8242022150868,226.609788538041,527.333327872429,0.97443198482506,0.997751547584934,0.996990640060132,2
3958,0.49276350579353,58.6364629831024,359.846089214057,0.60521912924014,0.724309723638593,0.992594805077367,1
5526,0.456940305871642,181.332868899739,72.7285522881531,0.43182121636346,0.991442818582493,0.873039084746783,1
15395,0.545489896077574,150.669623541294,521.748016886613,0.701642076484859,0.979071894270514,0.996910502703666,1
25299,0.58753754576886,130.311315881789,335.953314981423,0.754695091629401,0.962355250675426,0.991373957149709,1
21806,0.442560730756863,94.6024945412147,566.609316156351,0.205520393559709,0.896504520295945,0.99748410244338,1
5800,0.693764363100274,71.2627515764371,544.838821969589,0.926076881121844,0.803325132366258,0.997224871304685,1
21177,1.27504092410183,144.859319681391,182.164163197779,0.996467681601644,0.975238941920292,0.970295205549572,1
4127,0.402625382453066,179.787735444878,84.1520801434756,0.018479848280549,0.991046210114984,0.896009289726437,1
237,0.82564636261597,61.8677529338209,360.549733050769,0.975793692516163,0.746933575798658,0.992627170391429,1
26149,0.797287634892658,157.032840057657,516.332989076955,0.943038504803553,0.982601239930946,0.996830126747103,1
25426,1.14186312953068,67.3312454633646,272.352462171466,0.992201171349734,0.78132668912319,0.986487807271902,1
21296,0.482654030328599,59.5354780591784,332.838424695639,0.447761389194056,0.730783499615856,0.991195527932478,1
3599,0.466430168898097,180.181046343919,87.1222609715245,0.493456464726478,0.991148857774573,0.900996877640566,1
18165,0.520115132681213,171.24844463845,844.085271865121,0.616797633701935,0.98850358495629,0.999120251058737,1
15731,1.12713386438449,62.4523396835501,28.7340660542568,0.993572318926454,0.750839369958274,0.651032061934159,1
26319,0.701722323735469,105.632762989624,471.22835610683,0.89190210076049,0.924040282429258,0.996041334047719,1
25027,0.480442148161047,276.919152004192,88.8182898625385,0.413477684604004,0.999498645618322,0.903692338261378,1
15618,0.606576530410596,179.517859807602,112.133259153126,0.819062125636265,0.990975097062881,0.932128010485215,1
13758,0.467361465223449,208.131577416295,125.675404386259,0.417753775138408,0.996113086484117,0.943431517802399,1
18728,1.25300545856117,81.3866872335981,54.616601691882,0.996347391745076,0.85077307884749,0.818251479466104,1
11565,0.639933572481822,189.654359438872,222.566644054424,0.872697399230674,0.993298140572097,0.979696894547626,1
11732,1.92722118095564,7.48464500258198,17.0645157791693,0.999825439881533,0.0880299217414884,0.486325967519107,1
18443,0.540101273970719,256.36680463561,32.8534332877856,0.674677523085847,0.999072961373894,0.690302198281633,1
8163,1.01310460938364,46.3001046097162,34.9662050093585,0.990659923991188,0.620103174570978,0.707889144417978,1
4858,0.478069987495441,180.090722144232,26.3737440788139,0.540187653619796,0.991125388053274,0.624995675872436,1
4394,1.06304381806694,32.6844650968326,13.6179205970979,0.993819239316508,0.467121416823151,0.414039380746963,1
20813,1.77905088199347,302.181765344524,47.1864777569681,0.999569439794868,0.999765097088151,0.785290661124393,1
27270,0.638756064546119,64.6169879048428,597.396003250164,0.828033396275714,0.764822191004545,0.997799426727058,1
23772,0.778213440839979,179.067509897846,83.2848668621673,0.939105574274436,0.990855183108835,0.894485063320414,1
24469,1.12171520229121,129.421622320235,31.0703470165772,0.991717946482822,0.961382590725091,0.674175860832284,1
23809,0.748603147948067,177.188062938735,120.147472774445,0.925755901960656,0.99033751102561,0.939163146447987,1
15471,0.745678437006538,212.36117058413,41.5822213522615,0.935833703260869,0.996570081701038,0.754178668913809,1
3760,0.650149555965878,66.7164673870446,364.93386082765,0.901241553248838,0.777685737633145,0.992824656179041,1
15422,0.54494045586757,177.160443962181,56.3193622727718,0.700254622381181,0.990329691690279,0.824746833260985,1
7361,1.02472862099397,252.545843190365,61.0658985769152,0.991480426397175,0.998960971872952,0.841150538991811,1
7156,0.492755765579506,180.178740149511,77.3906618428004,0.583823606139049,0.991148259300179,0.883220254170002,1
11439,0.610175809589348,188.920173904865,128.808596656615,0.838629590114579,0.993151894903892,0.945666186081279,1
23539,0.827976451510464,78.5767121631506,377.532263814795,0.956285742577165,0.838822665317986,0.993354496276837,1
5194,0.738176606866705,204.830610622395,63.1382514870456,0.948042105417699,0.995714918706196,0.847613152171751,1
7359,0.689653690084567,78.8157557663119,409.937457191534,0.92094012349844,0.839873635361283,0.994498870618971,1
9939,0.503044865263565,103.267674044272,371.195547048048,0.608283742330968,0.918810031357557,0.993094731890378,1
23505,0.606275144785026,183.081536109453,77.0018729603235,0.794221801217645,0.991870745014932,0.882417192840855,1
21895,0.678508597789267,194.802458738251,39.5310622306082,0.883250224636868,0.99424030148191,0.741084795594629,1
14175,0.654759183206808,178.206826361695,142.413362951657,0.878339502960443,0.990621612048865,0.954063592019107,1
12616,1.10936940795963,58.8153206417359,25.0137211985367,0.993723288178444,0.725608906119885,0.608614989672233,1
20775,0.541735456764322,225.81932692357,190.312424468068,0.667928815819323,0.997698168075404,0.972610247232916,1
23289,1.5730979519782,105.921913039121,127.062091161015,0.998980647185817,0.924656856808918,0.944436117214181,1
19548,1.33796664284803,45.9021023034105,16.9414476374944,0.997463628882542,0.616226666057422,0.48398691855268,1
24327,1.70633317174019,245.156329125958,133.262059956636,0.999369990779087,0.998704856401775,0.948635294222384,1
5977,0.649891339789029,232.342168342432,434.307170927762,0.895817019743845,0.998103576498689,0.995193353891404,1
7376,1.27377056237332,148.865978495365,410.544226286901,0.997759447898716,0.977949205057053,0.994517715543579,2
3400,1.23798784132258,129.776608159431,110.573654848643,0.997664725640789,0.96177359575487,0.930626816149397,1
7553,0.649440919200043,131.143265461305,656.167854615229,0.891882829600945,0.963243049823857,0.998271867858607,1
5259,0.733905930277412,98.7581030322413,493.186467704882,0.946375379804522,0.907854603607714,0.996454004670995,1
7183,0.523178329646769,216.789770259995,47.9470304131801,0.685331822372973,0.996991524697819,0.789055387166511,1
3692,0.830687418343046,111.34195706716,511.701490476515,0.974171632435173,0.935354463620853,0.99675919993317,1
24524,0.47246969337407,77.4423674290726,516.057501585806,0.374130518408492,0.833745654499959,0.996825965003118,1
19758,0.570389571244739,217.900386101973,83.2984224443316,0.7418908320833,0.997088893231852,0.894509134951445,1
17477,1.14813053158337,125.773429402043,11.9313051061406,0.993965585483238,0.957130415443478,0.372838425859276,1
17817,0.538006933514078,241.477528482418,38.6472461345512,0.67080365982838,0.998554868212336,0.735117456202528,1
11772,1.21657292183631,84.2917767188732,93.840162125526,0.996548102702945,0.862238870797131,0.91108468180039,1
2094,0.540412219030787,181.925604122839,55.7812408614492,0.75489044515416,0.991590308993957,0.822731589348491,1
7510,1.04799271400382,7.72342034204717,6.2976882212053,0.992551672970876,0.0916592447176497,0.19980820396997,1
17442,0.440894611760107,106.485715616519,385.845384752101,0.224858704023063,0.925845159795657,0.993676015448205,1
4609,0.478650886973669,178.320165343605,173.494114215965,0.542756803333759,0.990652703750189,0.967526392233725,1
16028,0.673057658439824,92.5937861046415,336.386438765188,0.890696632210165,0.890546335218096,0.991398385161027,1
8760,1.26827268452989,81.5472006334055,20.4519908081799,0.997601703274995,0.85142963129929,0.544786814909268,1
24349,0.778654976251788,181.026907239817,70.1914412807977,0.938779396237805,0.991365688074921,0.866950843079419,1
18723,0.543810607686464,133.202746028951,335.060633386391,0.684614607132971,0.965353475326972,0.991323318106121,1
19499,1.13338602585574,136.29968589948,90.097798402325,0.993177869124338,0.968305238605415,0.905656857873347,1
4010,0.763280930559001,221.974844462826,96.7809351840652,0.958023175597191,0.997420070688824,0.915042578126647,1
24566,0.439193784059094,49.4840131708693,353.247753144626,0.158465586602688,0.64990170624257,0.992281921785795,1
1209,0.484698808883618,79.8205771042163,605.516563517413,0.590875437948853,0.844220676008143,0.997873932797893,1
10180,1.23821537651649,112.622558795943,82.4661379316538,0.997061541071162,0.937657608775713,0.893016427202394,1
22994,0.867743714974795,179.51288873021,119.455624101413,0.966554153943434,0.990973781945101,0.938597384737817,1
22720,0.924721856179027,89.6551149677466,436.061860206877,0.976327035576105,0.881232049774209,0.995238789441854,1
15889,0.67693736487353,188.357482107278,95.3237273462033,0.893805828643963,0.993037675899878,0.913113452979908,1
4191,0.450764928070542,268.872350524436,77.936099906709,0.4020425605122,0.999362075947096,0.884333604388562,1
18713,0.514785648813587,117.72184212399,387.612712112508,0.596683951560408,0.94606160440188,0.99374170082547,1
13953,0.775401492709989,209.80342405606,180.746664351919,0.949604797875509,0.99630052546456,0.969865303751321,1
17230,0.5455823768652,187.082316508698,62.0920706579572,0.694672306301072,0.992771810145368,0.84439973694012,1
18783,0.67315446564222,85.53517632944,716.845942943466,0.885635131737217,0.866884975683349,0.998630641785904,1
24799,0.866424677428179,158.317599345165,438.380642248275,0.964392333291471,0.983239132470163,0.99529796849992,1
25170,1.79446413718872,223.993005857366,619.517723490509,0.999533088644966,0.997569978554186,0.997994877763488,7
26142,0.755891945168459,193.184187266531,90.025157670939,0.925277677364647,0.993959222255381,0.905546868905681,1
8317,1.0101741238119,115.644752218444,182.61906262174,0.990498062456027,0.942780850565893,0.970431383110143,2
9773,0.439931152772561,57.2909213133917,358.517262579599,0.288145216880366,0.714354534471053,0.992533167181795,1
15867,1.14215551577938,168.483386724219,44.6012417741594,0.994059989927337,0.987536424560265,0.771716865176691,1
150,0.424094940364543,220.577958767146,34.3614695732043,0.254700685618445,0.997310971652588,0.703013204242429,1
1661,0.739271876713099,243.163389062151,45.878942092256,0.95237178565003,0.998625631946574,0.778580498996681,1
8698,0.418172430098556,129.37669586499,811.307288734499,0.1268561698962,0.961332827402363,0.99901917842905,1
4056,0.788037340096336,274.803121666619,39.4626525003941,0.964852986857295,0.999465841817024,0.740630166669913,1
1237,1.08082996258395,101.239389558982,84.8975516772947,0.994971774285659,0.914048172524209,0.897294401563139,1
13381,0.505179488425256,233.290312765583,261.850860262957,0.593449985608459,0.998156277513069,0.985344968368019,1
2377,0.4921128207884,220.157684453732,102.450814101811,0.612235204549506,0.997277260482637,0.921996159817623,1
14553,0.728439948712107,106.908808590658,682.03189820157,0.928754369728267,0.926724931508597,0.998438084071306,1
12788,1.11444544910294,45.7395199974637,379.670965568909,0.993818844202906,0.614633272228171,0.9934392429768,1
16401,0.737079113753822,189.908908538222,16.4914873398253,0.930667050881311,0.993348120208765,0.475293323004056,1
21840,0.715470495734992,194.725909717946,305.62233614793,0.910307885613292,0.994227302313876,0.989405223951851,1
9184,1.0365744626561,97.6863500122324,123.199064688756,0.991550580132753,0.905047997888332,0.94157316278848,1
825,0.507820587263786,177.414833915322,69.0090497791677,0.674655050970614,0.990401477344413,0.863967945313115,1
23935,0.574119814204601,74.6287967303208,655.587786401115,0.733922315994278,0.82049154747766,0.998267883669901,1
15263,0.513913256258292,261.28840693287,69.7196796883683,0.608778377762064,0.999199699654558,0.865772200956682,1
7095,0.513855798965329,269.854204176803,107.862860796545,0.659623808693141,0.999380544711112,0.927903791641785,1
2545,0.72536951581627,117.687171577361,862.048721171846,0.946076621068642,0.946008378368774,0.999170003056732,1
13938,0.706471847991456,202.495654588657,46.3574949975071,0.917924311477691,0.995409114254741,0.781072179011093,1
16300,0.90108589835173,158.917579062283,326.414457936845,0.976434467593208,0.983529076117567,0.990811717598456,1
24874,0.528891612042609,85.7798440195885,405.463258720323,0.610258008586243,0.867781400359928,0.99435723735099,1
19715,1.10845958805599,244.583937246596,249.826475734357,0.992136122426018,0.998682578760715,0.983870465963054,3
21124,1.13230394549995,56.0737979113521,39.7286289998971,0.992822045926005,0.705068739511901,0.74239105209097,1
12836,0.696454781314382,130.057070936651,501.992725508895,0.91455519059673,0.962079772145961,0.996603649087013,1
10504,0.79022994916419,126.878008700916,320.010215457523,0.958957212977111,0.958464036312694,0.990406555642158,1
5242,0.6113588835484,189.88033011309,245.794428838626,0.859675130574033,0.993342527391671,0.983331305307116,1
2282,0.888693935511344,199.578370084746,77.0339488948392,0.983078615972772,0.994996500370603,0.882483748350953,1
22298,0.779654426849336,208.312903096182,155.456088665688,0.941666293190792,0.996133862671749,0.960509806193171,1
25405,1.0077296354603,211.745025898061,113.093419083663,0.984098439104855,0.996506984285797,0.933029501310979,1
19865,0.586994627118377,84.3437661011491,351.304789065913,0.774069941136986,0.862436199249752,0.992186451387272,1
22256,1.07842779419276,62.2814344404318,113.737059704919,0.99014585535042,0.749703292882869,0.933624385687957,1
17138,1.06233997824655,130.712747188082,245.809555207762,0.990573076764122,0.962786222014475,0.983333373170311,1
22051,1.36619115393343,194.226986763633,113.158308260039,0.997627381701022,0.994141863113364,0.933089815044403,1
19433,0.55243829141849,190.051434621285,77.2709192249383,0.702945620985702,0.993375943305532,0.88297376604927,1
23798,1.85303767178657,201.634907585884,63.8091621408047,0.999636804219335,0.995291009894732,0.849623090244645,1
12533,0.580539131767031,240.628803723126,262.519752943139,0.789922835538164,0.998517884965968,0.985421561292761,1
20291,1.11109000367519,107.45426323636,466.001971705945,0.992157379863784,0.927844202892226,0.995933938552099,1
26063,0.721697080811438,192.928350503939,76.0856857517282,0.906549747101963,0.993913559297456,0.880492950597772,1
23013,0.643290949750244,225.702865877648,93.7118486500731,0.845510548679158,0.997690197912093,0.910906050495926,1
20337,1.32298324061075,72.0894718597325,101.891165457602,0.997247893363237,0.807678883846855,0.921346531944488,1
10842,1.05409641327718,90.2850825869291,150.790025220295,0.991978541715071,0.883290721620654,0.958356974219442,1
5671,1.10153691146536,51.0896146280638,64.0733768494992,0.994829917093739,0.664131329642361,0.850404015538058,1
25161,1.3577786327775,24.1816437159304,2.86054432832241,0.997284145560116,0.349753263224308,0.0691687388205558,1
15886,0.662800744711482,189.487082281794,120.775007281103,0.881973184412345,0.993265094216303,0.939669999935715,1
16772,1.09145694207208,65.7329300422437,32.1913470254157,0.992043589241803,0.771743266759232,0.68445897260966,1
16621,0.938721028449182,100.130067149694,341.056014526557,0.981060425052419,0.911330608069384,0.99165599306426,2
1421,0.984698089273689,125.684658314623,83.8356940741798,0.991009332472458,0.957021436886744,0.895456890776162,1
12009,1.81232079694569,148.959794122712,85.2510862592118,0.999727490823716,0.97800903518911,0.89789590067321,1
3412,1.1688243232596,183.032576003552,97.7067568645048,0.996647129068151,0.991859056807117,0.91623669098756,1
17781,1.29321670574438,161.498328060594,71.6993183477116,0.997061714297161,0.984720878955684,0.870618968250286,1
25814,1.18742674203044,165.539620000826,529.296080795644,0.993794911773875,0.986418418279939,0.997018156204522,1
1160,0.867561513283426,83.8977001017217,342.182828459122,0.981195990461856,0.860734321260818,0.991716614453741,1
18229,0.633379128506939,176.130251580429,84.1027325156306,0.846892837202176,0.990033519065002,0.895923406764779,1
761,1.33423679205885,147.571760935012,100.86322110639,0.998694560490549,0.977107300867257,0.920133158153884,1
9988,0.71852465715648,142.815865409736,363.238892614442,0.932841903762892,0.97373313708034,0.992749147380148,1
23316,1.01750214041999,188.198833102809,157.010564262406,0.985824073897675,0.993005132914641,0.961192758448154,1
4862,1.87944847410158,192.130200714745,163.056637378915,0.999844829086214,0.993768894241446,0.963699156267784,1
6442,0.532040437405237,97.3982148149595,459.774386627305,0.715041231131181,0.904279491111178,0.995800920196503,1
22978,0.57097727913743,139.585651687994,690.092883550054,0.732012901222333,0.971167416622022,0.998485633594825,1
1436,0.808514751467308,60.3113806281417,617.897290538148,0.971468469128013,0.736258476218025,0.997981344829411,1
16952,1.07745039719933,64.5973379136009,40.2162909977384,0.991416805190966,0.764698595188331,0.74557323948265,1
19139,0.667567130977191,187.537399519967,180.770471625969,0.879017396364361,0.992867826102997,0.969872594385153,1
23740,0.936944622453422,177.879269583448,127.511359003727,0.977327873930335,0.990531179270111,0.94475623324283,1
7842,0.766308935102742,275.57646145916,226.09643559687,0.954649570398033,0.999478071039044,0.980314275521063,1
4801,0.670265779319353,183.542783660705,125.916239792077,0.913627623580396,0.991980046739446,0.94360780969723,1
15269,0.810199290521253,97.9501220278348,600.550795258609,0.958665112266317,0.905746299715769,0.997828768587164,1
5889,0.693721470602603,237.114024399423,71.5838566830392,0.92605258943513,0.998354452521381,0.87034331152033,1
21863,0.46497764816015,191.839903280429,171.635001102941,0.351280968869105,0.993715437786069,0.966886799907433,1
3559,0.910616463074899,186.29768897163,193.3890007125,0.984802865888923,0.992603252309177,0.973420088620134,1
27261,0.486097082570909,161.116369231785,642.637195104268,0.426186293596402,0.984550005394902,0.998175751713532,1
14759,0.595617425877492,70.516584681106,675.998312441731,0.80384809197858,0.799316305626688,0.998401224811975,1
1506,0.558436842780231,101.865149244963,396.079815824745,0.793231625342742,0.91554540081819,0.994044182147835,1
22088,0.960453801646441,146.441827460965,520.247075073123,0.981180623639375,0.976346468002221,0.996888493348723,1
25360,0.569621172199309,199.903327708288,71.9575231009774,0.717770627932623,0.995044221867422,0.871232347378336,1
2702,0.654043198476799,95.4617337184492,413.618632351567,0.905958668328822,0.898956674085734,0.994611902038556,1
9614,0.819298089967619,243.461588418924,296.01682631663,0.967001915443689,0.99863778549901,0.988657673491876,1
25911,0.909349186332665,186.1947000953,46.3556698972547,0.971766452072188,0.99258084090866,0.781062755799573,1
2458,0.562556781664919,67.6015579969808,464.086379972931,0.796212129294872,0.782909923075093,0.995893618930152,1
19774,1.02101828571751,277.434424031443,222.469850150822,0.987345662666485,0.999506325279858,0.979679596580016,1
4513,0.756024780471466,180.758209469022,54.7369298254393,0.955303553491831,0.9912973847983,0.818722040312974,1
26892,1.01689374102921,198.253319621331,53.7913778448478,0.984425348462537,0.994797152472685,0.814975216045174,1
7798,1.23581487037259,94.4532663101525,154.187088089275,0.997253656154498,0.896072840985883,0.959939877538459,1
187,0.962678920068726,155.164488676361,135.79860709926,0.990203751251101,0.981630684961798,0.95022583690227,1
22078,1.254144530938,192.874979226977,306.025930944253,0.996002277825028,0.993903990342669,0.989435171313479,3
323,0.434242001682623,110.346464320706,706.682240718859,0.330171705456451,0.933507115603558,0.998577756188573,1
8902,1.10955296628936,170.637577029942,176.531735435009,0.994453806197271,0.988296505496216,0.968535364824731,1
25926,1.09514958640406,116.03798989624,398.430194669754,0.989969114307314,0.943416541376103,0.994124708203496,1
13323,1.12821780296715,51.9767739209872,170.701491170002,0.994188460288569,0.671771039800682,0.966559090404468,1
19081,1.27550063606147,125.802527533749,181.864600761072,0.996641712961718,0.957166078498809,0.970205058755248,1
14298,0.855053042052663,124.181976643863,449.204820004239,0.969740682747215,0.955135052375233,0.995561777269248,1
182,0.576064962783107,189.768488951118,93.8775837623656,0.828596238978207,0.993320595217034,0.911136682041738,1
2534,1.09988144777012,130.423842752323,334.531316779302,0.995238962583244,0.96247654871793,0.991293104551318,2
4378,0.653398124446609,89.9464311008461,431.119051851074,0.902106253197417,0.882188336737682,0.995109330144807,1
17958,0.749772314202197,225.028912919249,62.2161860684908,0.934354128316045,0.997643534206017,0.844786119476799,1
15839,0.609325719826479,201.245449198909,41.1932965340915,0.821732253069058,0.995236587204649,0.75177345497593,1
2521,0.75716459821068,217.708259360647,143.106335661296,0.957424649037421,0.997072275863791,0.954441528988942,1
13126,0.848419838578897,181.715690733201,381.073327671853,0.969934881431982,0.99153836596963,0.993494036505224,1
22187,2.29084623858755,136.583039864289,1179.85374922225,0.99991870764643,0.968562653380031,0.999662514337486,1
16337,0.756418707104417,185.821643124589,426.601655658507,0.939414974302053,0.992499096131017,0.994986929371556,1
11700,1.10962814009035,141.416127867833,263.486631719479,0.993955672020093,0.972650117951505,0.985531325499605,1
21838,0.901219983448807,193.403610782715,150.340572229257,0.973260766593739,0.993998115678456,0.958141081936833,1
12579,1.12334165913505,165.531996416128,86.8464001543517,0.994177633197978,0.986415398158213,0.900548267883426,1
22729,0.689138004939863,186.473545754235,184.697711707219,0.890241652494296,0.992641365755465,0.971042861471675,1
3525,0.755429902911273,168.599015810472,615.065223782854,0.955998898716643,0.987578433140004,0.997957407173684,1
13876,0.807880303366621,207.97653273109,408.976962043921,0.959563203854486,0.996095233796962,0.994468864589313,1
2661,0.988477481919922,73.8751517153296,95.9051139413585,0.990878493757918,0.816775367858226,0.913890527779712,1
16545,0.653868299002763,67.7453127905968,395.017677741101,0.871830039424822,0.783747540297996,0.994007313714544,1
21479,1.23527383009381,123.847267016055,79.3973172514548,0.995671475073323,0.954703980993354,0.887241876562104,1
13455,1.05766092390463,206.54816811577,411.819255648556,0.99136405531317,0.995926892658851,0.994557038481666,1
10261,1.31746451889532,156.191299886613,145.879405110111,0.99800737015903,0.982170502753179,0.955911403717346,1
25918,1.24729626040939,189.431864667614,129.633749002287,0.995308693032712,0.993254150362501,0.946234109421183,1
20734,0.782521341871787,134.490922056208,375.289733107154,0.944207754451782,0.966612644300939,0.993264071059587,1
26285,2.0489368993456,107.852241625684,1006.32288852443,0.999794107628986,0.928650362850647,0.999463386876473,1
23846,0.718504239485465,207.815896031922,39.3377719256161,0.908725690562278,0.996076651471575,0.739797147971734,1
26437,1.01891703274144,194.73561432777,296.644927469893,0.984749767463654,0.994228951908429,0.988708675287063,1
19888,0.556921201842571,189.34557000531,60.4247828462036,0.711990278214216,0.993237011937111,0.83906988883451,1
14397,2.66438485996979,225.86131421567,93.1388947154385,0.999978345120326,0.997701034830279,0.910102135910981,1
16711,0.890296472272777,177.08054913008,74.2687372143442,0.974555520806462,0.990307037066984,0.876539884621312,1
25655,1.51388279656834,229.109594006576,370.191238590634,0.998579995939508,0.997912401336983,0.993052332984958,3
15152,1.05404163781568,94.6576773512132,661.209787605979,0.9906701578293,0.896663712320566,0.998306003731698,1
12107,0.523375584037086,88.3680120010244,315.070680729811,0.659916409756988,0.876917103889525,0.990077622241272,1
290,0.715976432093654,184.608410423123,144.333146626956,0.945946435909718,0.992227040542729,0.955100080117948,1
17986,0.515124792870156,182.110748639744,70.2342686471211,0.600010194815695,0.991635861173169,0.867057097427116,1
2002,0.789738556241116,195.375717918586,172.367050197411,0.967053719330579,0.9943367324577,0.96714069987967,1
24326,0.979942805311116,214.06048722139,171.712750325782,0.982137847458944,0.996738305394004,0.966913893992773,1
12065,0.850439290983956,198.163388041077,207.798948939373,0.971203758381307,0.994783341057062,0.976807679070138,1
5919,0.90536929580913,226.915848988353,147.08904725696,0.983160763513297,0.997771884098444,0.956531967687878,1
14655,1.51527598051199,49.4807861289803,13.2683539152161,0.99900936987251,0.649872576844154,0.405845202765941,1
16461,0.974394727693831,132.991960368398,381.060587766749,0.984823393402621,0.96514305113166,0.99349354146004,1
26734,0.636803891106434,258.83735792588,36.4840223709345,0.826680119847879,0.999138896022823,0.719606529844293,1
25788,1.2693681437456,225.550722830521,190.185046334349,0.995822963071987,0.997679744523153,0.972575993475774,1
18642,0.800282473195417,119.658928757455,506.830410832419,0.952948719030246,0.948955465675562,0.996682349002582,1
5205,1.14776651941079,115.72976337903,350.424840046668,0.996038208715618,0.942918862821066,0.992142697378542,1
14443,0.751207579883152,160.684565047722,1561.66554227667,0.939331801375374,0.984354562901017,0.999856528643253,1
11371,0.894158304017315,210.687966515471,349.952599640776,0.9786939304322,0.996396041703513,0.992119081693091,1
20832,1.208910381524,35.1762382126724,53.6271005743892,0.995131064439192,0.498342520657129,0.814312615307251,1
19859,1.11690414347037,183.918451579986,140.63287325292,0.992478518746793,0.992067993571453,0.953072309593781,1
3427,1.05247468007967,153.204534911593,180.454206151429,0.993597693741322,0.980555222271851,0.969775544608755,1
16665,1.70472448966233,312.122746655681,256.685498628295,0.99950522556901,0.999825810100525,0.984734826530004,1
26665,1.02541445115193,228.401759606618,388.581702195875,0.98513570940122,0.997868051178843,0.993777331998239,2
12569,0.868683678848598,147.037158016294,510.531563114527,0.974149005720392,0.976750378143372,0.996740956174707,1
18147,1.13753274706421,143.667652734457,82.7299888156581,0.993549299426377,0.97437144769088,0.893492913656186,1
26504,1.25799413467538,161.447485561718,352.931865960809,0.995439237449318,0.984698241975212,0.992266506112076,2
12658,0.883373596891902,173.924320173775,454.141099951411,0.97646227106452,0.989368851515448,0.995675631330272,1
6731,0.744470007876527,166.560109144236,511.901468373763,0.948437442537397,0.986816766445627,0.996762305002638,1
15408,1.24094731609717,189.59350333773,226.58510688524,0.996444495627657,0.993286136789292,0.980397730034592,1
2355,0.796440577525932,110.163494980589,438.963005055981,0.968251765472814,0.933162038201152,0.99531267909545,1
11066,0.787012973530302,141.251725537323,367.052496649657,0.957628215663135,0.972520071154477,0.99291757922578,1
6894,1.11643514944907,168.147195639501,210.419224851881,0.994986347388476,0.987413486449483,0.977359448353728,1
21191,0.816677292760188,177.784504466756,193.474891452112,0.955420128069818,0.990504855872595,0.973442224465626,1
6232,1.07118360285101,125.158760199929,209.781314183785,0.993712053867057,0.956370246721254,0.977226780578272,1
10036,1.01728076437375,112.312099130672,82.6134217982652,0.990329345921054,0.937106693879288,0.893282782980387,1
11901,0.823239872538297,197.223492957976,112.497375719232,0.965886774007231,0.994636803804518,0.932471881592424,1
9686,0.839472338242858,165.175236618839,362.479732644305,0.97117372462526,0.986273322356906,0.992714985805171,1
11123,0.674460122501575,178.403503081284,81.9123528051145,0.904106618603691,0.990675500338289,0.892006334892192,1
5332,1.25682932901649,158.084611344702,100.868022905149,0.997755592688918,0.983125188582671,0.920138887728975,1
4412,0.769310774048295,117.585602195616,385.19466149462,0.959404521156102,0.945852154612508,0.993651600635468,1
7478,1.04404738797795,154.901066733935,104.333117813396,0.992381160613149,0.981489622722891,0.924126110803383,1
20741,1.16982035279457,154.539898743664,345.577948320206,0.994078203104436,0.981294481714384,0.991895763067529,1
17115,1.03356226122752,187.941497676557,250.76050508841,0.988943549105898,0.992952026415701,0.983991993190142,1
15095,1.63916641184065,261.744822328683,1234.15306931754,0.999395898543298,0.999210541100716,0.999704837891155,9
14303,0.704295749819063,223.358899759506,221.351290444048,0.91521911136806,0.99752383348247,0.979478239014453,1
9191,0.839786508869729,120.130712876903,414.030213032236,0.971527903573588,0.949636999868115,0.994624348638707,1
27360,0.592174467677733,83.4035374315845,831.276323174598,0.756133707473055,0.858825484785998,0.999082421547046,1
13277,0.859158029820585,45.8775144194333,564.213764807057,0.971954331034794,0.61598605919931,0.997457165818127,1
19818,1.00960812644196,188.304892758956,527.157808200967,0.986507168971002,0.993026905109833,0.99698816330204,1
7748,0.894605674341139,165.470979988414,329.303255976031,0.980923617258668,0.986391202300944,0.990987017178913,1
14755,1.05846793519221,146.610210064421,298.416213895491,0.990896287607029,0.976461404213807,0.988850859401359,1
15962,1.0763984394793,220.241597358934,662.364454025356,0.991561100585386,0.99728402466836,0.998313698217442,2
1869,1.0480077616869,112.090824395615,194.748983837693,0.993760334094986,0.936711150503749,0.973767643157898,1
14709,0.914787448669478,249.596549745277,550.822639139178,0.978987724054605,0.998865421055259,0.997299462689663,1
24823,1.24384575529932,138.877541338447,174.88138738256,0.995390654308721,0.97057290941248,0.967992626954415,1
7534,1.04173401360928,124.581434282689,173.427601916192,0.992279145168141,0.955644265437881,0.96750380459896,1
9681,1.01639151414127,73.8643411927336,332.449113458705,0.990392693551257,0.816721537783523,0.991172882637991,1
20079,1.30423602417132,148.306436888881,745.525415764208,0.996996372705325,0.977589021521097,0.998766811234115,1
4005,0.66330125056988,206.317237887306,253.652183824904,0.910335391992703,0.9958990086711,0.984360483359916,1
4923,1.05240490716425,161.705120069199,162.054977555399,0.993345317197964,0.984812610643447,0.963299693907758,1
3272,0.879099524309882,178.049077453182,184.627488158199,0.981555274920538,0.990578167372454,0.971022488259213,1
336,0.765198587949973,120.667127105195,445.339860236889,0.96267491672188,0.950401109610488,0.995469868545008,1
18969,1.1741650270164,97.760995689801,496.830329833656,0.994532449170947,0.905246117588706,0.996516950844636,1
20208,1.06764943173355,172.624579328451,657.413524195288,0.990107324905694,0.98895691830747,0.99828038372007,1
22788,1.28201965433781,175.30489088808,278.714487268172,0.996415606234223,0.989789781117863,0.987122391945453,1
2039,0.906244222035453,187.552461281933,91.9571712233812,0.985085355117917,0.992870982247248,0.908411041582808,1
8277,1.06119889207215,146.634615386549,193.285213039519,0.992919429438189,0.976478017394442,0.973393306658904,1
9655,1.03030938153942,170.677863539818,300.633961752841,0.991135873831809,0.988310275044107,0.989025522340337,1
730,0.894641700688879,210.098206947128,235.577856586993,0.984473688527942,0.996332632863694,0.981851424658538,1
12899,1.16093206785411,185.43550000715,377.472266571427,0.995168171590194,0.992413545372442,0.993352098018814,1
21612,0.715900879373059,197.286430081952,40.4161906351512,0.911274301353842,0.994646742315626,0.746860614973483,1
17639,0.786989784229397,187.646921789192,190.286018225754,0.949496598681435,0.992890744655972,0.972603151042625,1
14624,1.09389233514342,226.264006363571,363.944864191475,0.992586334468797,0.997728349970702,0.99278072505318,2
7990,1.05154252152986,171.657271633948,254.740801343007,0.992611023597419,0.988640148613188,0.984496240657812,1
14748,0.970297775492407,229.639487906824,181.211121879466,0.984943789895624,0.997945001786647,0.970007100940531,1
18806,1.20267111400692,192.666179629077,108.844996527789,0.995263973949477,0.9938664112583,0.928907528392454,1
9428,0.75391815570893,185.905682212244,172.533585643961,0.948528066044673,0.992517588305926,0.967198085640909,1
25841,0.859706072112257,151.459954454591,448.148364354281,0.962221634574234,0.979545932104445,0.995536900087529,1
1693,0.762144548415844,187.513243712217,186.550212062806,0.959780967561528,0.992862761443239,0.971573287584465,1
3196,1.09730615359269,186.74522998482,173.2358185153,0.995105135720223,0.992699866229086,0.967438553588201,1
16365,1.29252475742163,176.050820581223,185.336340947466,0.997160473605618,0.990010314508866,0.971227241573272,1
21280,0.970118138264114,187.781477544672,266.564471335204,0.982382446527481,0.992918801952294,0.985873411082123,1
26568,1.15694489803986,215.093413503748,297.399058801735,0.992536065401509,0.99683653369855,0.988769505775265,1
19991,0.988420251714962,150.652702064118,451.965885467606,0.98477952205576,0.979061627478226,0.995625939312235,1
6240,1.01951599256639,159.441368390847,181.605449627563,0.991531481500715,0.983778154134081,0.970126769588251,1
12959,0.657183826248121,179.136255223519,62.3914659028888,0.885120100108907,0.990873589168472,0.845329395051991,1
4427,0.499683039091223,98.9664513917263,332.27446685002,0.628038605442271,0.908390826233937,0.991162698653942,1
9658,1.04592600213805,177.571166193322,150.995476704392,0.991894009755924,0.990445330790996,0.958455147513567,1
16544,1.19547316265361,176.244229268913,528.543618277795,0.995373777812347,0.990066722882577,0.997007646291314,1
10196,1.06571227325015,193.02960445348,226.236456038597,0.992664033547044,0.993931672301735,0.980338237205782,1
12876,1.22703440289057,298.450268006984,455.593109712725,0.996553821489215,0.999737219352209,0.995708389819188,1
12189,0.887528307422307,110.603475741212,555.403901747295,0.977310408605263,0.93398891163687,0.997354812836217,1
16301,0.755082502058522,168.563462167962,750.413918882509,0.938852103194222,0.987565531242221,0.998788254784043,1
16114,1.24378800550839,137.538929393774,734.335541837015,0.99645017227158,0.969415995910583,0.998715854815885,1
