Sim_RF,Sim_RD,Sim_NTR,U_RF,U_RD,U_NTR,Weights
110.560867126831,15.0321793164218,0.25680739910273,0.803354335948825,0.291721400419358,0.487977264480488,23
69.2861997134396,19.2558191997044,0.160296354180083,0.375127669190988,0.348024876381043,0.319145989547198,30
79.7155930624562,48.2681405742586,0.313633008441434,0.552593390690163,0.618120125408417,0.581448766256609,20
108.803720127409,133.9884242699,0.543521896096973,0.79315751302056,0.912417294247567,0.855191338676121,45
62.8578203591494,6.34186399535472,0.0219429867349588,0.223533634562045,0.151549363089906,0.101677453018325,35
60.6411900443763,11.004600670927,0.556181754769444,0.112582012079656,0.23161873184313,0.864931775514477,17
106.744158351541,36.7900221469026,0.111012959912378,0.734861620701849,0.530371156449124,0.234697612490133,31
67.2140964692442,57.5210047336722,0.22162716901239,0.204027260886505,0.675875150983072,0.427103232919717,21
62.5954797562433,37.1799904894078,0.434411453747928,0.10283290874213,0.533695986234261,0.74846058778248,21
94.4975726701337,27.9810647529892,0.522284092416968,0.6665711523965,0.447567903273121,0.837667778662727,33
82.6620336171423,90.5883175412449,0.601628466965792,0.450729807838798,0.817316443003771,0.895792818058265,27
109.071214424844,159.743719350912,0.158416172813932,0.756718452787027,0.943071809952193,0.315855932533397,17
120.375374160668,5.94596451616238,0.121981481830609,0.79581201612018,0.144066851287253,0.253081428255438,33
68.795208220741,42.7049508527217,0.0360914800378847,0.212902915896848,0.578085399930053,0.120297937635807,27
65.1439603168064,5.25442605277102,0.238117675362803,0.29212618782185,0.130671377878083,0.455839343427044,32
110.998430140896,52.8197766261457,0.479774804660042,0.828701897524297,0.647805406482908,0.797949588240312,35
59.9618295441392,0.566011642057071,0.0337097786681104,0.0170585340820253,0.0213135674432339,0.117083322560233,58
60.5223107235981,9.55220391523183,0.124026756080493,0.127599072176963,0.208072709125121,0.25654115295391,32
85.3320456566777,9.0848441641005,0.478503394501071,0.518226738553494,0.200251226898584,0.796663579597734,29
65.8073171562802,106.190191951464,0.478394885383103,0.133126203902066,0.859979808379159,0.796553556890025,20
78.9804546929825,82.9721647739287,0.180709371135186,0.542012589517981,0.791803927806447,0.355036951367469,15
87.3387628296473,33.6253588238107,0.0552770837287572,0.574877467239276,0.50237739558868,0.147288134531658,28
172.935150845327,13.7935945680889,0.473116854306778,0.96117257187143,0.273975002969407,0.791150993301538,21
106.715064242328,37.4385417333375,0.290840987918449,0.811078247614205,0.535885791083421,0.544858580556342,28
107.719738191991,93.432815317546,-0.0091745174419658,0.792681598104537,0.825993476548254,0.0651333172660314,16
75.1405624748934,10.0202358350762,-0.0258731208442942,0.472795162349939,0.215782676266767,0.0483323621800176,31
94.8779811160296,106.382829289192,0.330285249706438,0.712183867348358,0.860436995565172,0.60728744938279,23
72.7876037922427,31.0122586508415,0.361571009902555,0.267058299388736,0.477824189142966,0.653558148638373,31
111.720357430699,83.910103402241,0.244356813644063,0.841662776889279,0.795136163957318,0.466625788816948,29
72.8247022755305,127.366513503532,0.325259589443172,0.379762251395732,0.902104594046491,0.599573682870866,25
78.6744592275161,2.15610211645952,0.213787029073911,0.468755605863407,0.0638429369894346,0.413350399207851,42
89.0484935147729,23.3250950825218,0.205925117905621,0.607838071882725,0.396958250296617,0.399518257175666,29
66.5588100444873,128.77831141814,0.279565530333757,0.149694024818018,0.904402619809691,0.526284871977027,21
86.9032668980861,21.226512679438,0.514447864020367,0.525169812841341,0.372317363196927,0.830818181220963,27
103.999793489522,52.000083419129,0.766991386589291,0.646531912032515,0.6426492013418,0.964137802610861,26
65.7069418379644,44.139652038264,0.116383090436272,0.136052898596972,0.588832441264043,0.24366099682924,33
62.3307151223603,2.54709608669894,0.401386893374748,0.150461771292612,0.0730947940257199,0.707752607126385,26
61.8917124019073,14.1644530754901,0.237932086008855,0.038673859089613,0.279352880928501,0.455517688853215,31
204.38436655391,131.265797790096,0.706828695191561,0.973677870118991,0.908318473647395,0.945951022697923,59
71.2174433679034,74.8677215316527,0.0857259589657521,0.253172919852659,0.760546599416096,0.193622709976013,32
64.7694496862595,4.42226821502118,0.207300755662815,0.141191559145227,0.113940371359288,0.401940922268909,22
123.67471944227,24.6677322730486,0.0881514074394991,0.820134939160198,0.412103331121848,0.197471824310495,18
87.4046464533733,76.5797154106293,0.465659184436957,0.621490806574002,0.767535358436309,0.783346788672434,33
77.6521300107827,27.8344544645477,0.696254174888676,0.424206958850846,0.446053271210293,0.942061059045949,27
92.9239133853014,4.87984957040005,0.277927313636475,0.60657073254697,0.123228424580878,0.523562483530198,28
79.356134414047,10.3001384244669,0.100362091799874,0.470493645872921,0.220336900332149,0.217153847726279,41
152.396992847571,33.0086951738707,0.538269500678244,0.90382745070383,0.496704588054785,0.850997075213799,25
64.6915547591898,30.243386179367,0.160855692116491,0.169852654915303,0.470336113861861,0.320125413220049,24
177.340396201683,129.170681758446,0.421805303673699,0.967010994674638,0.905031457910282,0.733384891327721,26
61.7438815906754,28.8127325683182,0.0075429836347589,0.0475250133313239,0.456068375024259,0.0839693777684585,25
90.9061996299525,14.0300989033519,0.0789200995222233,0.674977938178927,0.277411055693771,0.182937335827113,37
89.4306439053813,69.8615660035764,0.022114396943221,0.575871821958572,0.738817712897217,0.101896016381193,20
79.4749321282663,36.5360911025533,0.439015762277135,0.492427241057158,0.528191838597867,0.753823382525712,31
66.1543173979168,59.774644192649,0.368317646723399,0.151214450830594,0.688473328893206,0.663122248175511,24
81.93148749681,19.5107275341466,0.352086994880288,0.424800284905359,0.351233295138456,0.639859881881422,21
113.318163248319,5.51226745598309,0.265711843985989,0.799683555727825,0.135716445046421,0.503085884365791,25
75.2526136193961,1.1868304102274,0.0848724857006709,0.303410826483741,0.039195135598706,0.192273305364585,29
68.8761345960551,30.8032696531864,0.0439939966132712,0.282102552475408,0.475801030180102,0.131185009088511,16
124.751937518648,84.6511736262674,0.569236252330469,0.794145609019324,0.797729729907391,0.874441061562575,30
136.829134413194,62.002569709293,0.186869103563087,0.847859039669856,0.700416362098335,0.36590396463966,35
101.82459318492,130.157791858442,0.693794889798114,0.713390577351674,0.90659485688189,0.941123558685044,30
79.162610764611,28.2687069239889,0.274997551528567,0.520332659594715,0.450525409177803,0.518679407529735,38
96.1914281284484,26.3734619343458,0.33784637795728,0.672598490258679,0.430688617469005,0.618750538789204,19
85.3085899483237,38.908142855772,0.178667346254137,0.471617452800274,0.548115885900922,0.35143655398433,23
126.197630333173,30.2636055389346,0.0565931498561265,0.862032463774085,0.470534616688483,0.149207044219644,26
73.4307039955914,46.2977818218345,0.560116678435201,0.415157091571018,0.60443696203969,0.867854583778889,30
67.6497867578574,60.4924821450664,0.489308619080371,0.170570560963824,0.692375733199101,0.807409272989381,20
78.6782385912324,24.6825757162254,0.0218704039565841,0.480445208959281,0.412268176187101,0.101584957005514,27
77.9191698737424,72.9971605180665,0.420245470603988,0.457058250671253,0.752658357351934,0.731479559018464,22
106.219154170074,10.6848341400733,0.775528807899181,0.743705803528428,0.226529146223614,0.966234430466321,15
140.565802071192,153.176125547543,0.118752892716001,0.877300911583006,0.936480457746283,0.247639552766807,14
71.7756132266182,3.52527979521427,0.745159108658147,0.307642282219604,0.0950267399167888,0.958260604224913,18
69.4689143118641,17.8004753337848,0.257942233759734,0.242911576991901,0.32931141740807,0.48991072684105,31
68.0652801522382,15.4205166193147,0.526101938434829,0.314217291073874,0.297162329144592,0.840929254453359,26
63.8220835028707,4.0059327708576,0.0243002879915588,0.172389520099387,0.105285862439325,0.104698718472885,39
132.800656150231,122.289087961958,0.30786758485074,0.910421222215518,0.893362935666914,0.572321274380852,25
59.5890291383931,30.9013144394922,0.306495021776581,0.0306268054991961,0.476751297942965,0.570135108226698,28
101.292136100978,23.5050249458297,0.0630386353026643,0.647006104234606,0.399015153653861,0.158721496413123,37
58.5487625382788,3.16324386703609,0.168892376128209,0.116873282473534,0.0870883227039769,0.334227418124492,26
166.075705994641,74.1736342458113,0.462506320047844,0.95972251240164,0.757650819577437,0.779987148646962,30
87.2762636937732,66.40342753255,0.275274754777277,0.545257363235578,0.722603519781431,0.519142207018033,31
59.5023707042394,90.1417084916952,0.0132979417130519,0.0699503081850708,0.815913916314331,0.0908887538860614,11
66.2754637701202,7.18213735499706,0.118108371330237,0.284906081855297,0.167021609516144,0.246556143257339,36
134.872656346011,55.5531482312171,0.601246343608041,0.847726402571425,0.664429015090037,0.895558889302581,27
60.729273294495,10.7518727398116,-0.0503991452925793,0.0449103019200265,0.227600446173772,0.0276687037839447,40
64.1316616291533,10.1658476544051,0.359435520407348,0.203829839359969,0.218157089955268,0.650499405487677,28
86.5402187608182,5.53583233024364,0.325344600029997,0.485193925909698,0.136174463444902,0.599704780818138,32
66.7704339672022,20.0535607806008,0.461266047153249,0.199930414091796,0.357999082351899,0.77865569789769,31
148.461854667943,0.300922876088849,0.0114654827299292,0.937637544702739,0.0126499214139654,0.0886622765807578,14
76.1438882717819,2.4430972963963,0.0167329907917556,0.391118373023346,0.0706648600104389,0.0951198966502523,45
131.255145651616,71.9281040034987,0.109746957243493,0.883848496479914,0.748028142165894,0.232595532805078,24
90.7090165682217,127.032003720148,0.107945336054842,0.592767094261944,0.901551883211355,0.229611647930254,24
68.1655826557748,20.996597834267,0.0463804209316461,0.232677636202425,0.369542575236747,0.134537485763657,35
82.0362074155305,2.72427081083122,0.123702438845924,0.590316658606753,0.0771867932460494,0.255991924689561,26
68.1613124267484,113.559889101584,0.560917914236942,0.232587792910635,0.87642168634138,0.868443720348649,16
59.3057744836621,27.1345470049357,0.708827345145659,0.0821228809654713,0.438754691380706,0.946661029352216,24
67.4775746748839,122.233963312791,0.175171074382638,0.218059157021344,0.893263771012437,0.345275754676149,22
93.3099722294115,13.2606775226744,0.149704418536054,0.59358942671679,0.26614755531092,0.300661889222299,37
87.1256044723375,202.977746843405,0.564736921448327,0.522825189866126,0.972212904578871,0.871224005014905,19
130.312955143426,52.5410542733209,0.345817639481707,0.883568278048187,0.646061183666449,0.630645310980342,33
91.330267594668,45.0329468370901,0.0046970103111876,0.642794315004721,0.595371785304972,0.0806277943396033,27
94.8092139170399,55.8285445606335,0.331748585983176,0.726534354733303,0.6660565866592,0.609519408135836,35
97.958840233228,8.79234397498611,0.402657849095521,0.749813683796674,0.195291401897111,0.709391580775311,22
103.689648995232,1.41205736568542,0.0026808188932867,0.701653369236737,0.0451934767945028,0.0782932769472176,14
68.3012675235378,38.0325659878218,0.262582510468371,0.28509850660339,0.540873343718814,0.497792741769572,23
121.759283822882,14.9149148384299,0.395518167457129,0.869725823868066,0.290067111749074,0.700110326372212,19
101.981335013394,36.3613511554018,0.228974085862803,0.761359325842932,0.52668555222387,0.439942206863518,27
193.563073863206,30.65703235656,0.158406770291457,0.953789562918246,0.474379960940967,0.315839488251301,24
72.2500408642854,67.4661604374925,0.28114976786978,0.339510285062715,0.727696412282922,0.528911966050161,21
150.839210682708,27.7566915610719,0.296917477382206,0.893644515192136,0.445247917834518,0.554743535277814,26
163.972693237764,1.44341669219035,0.399935013954914,0.92515202309005,0.0460134167847267,0.705873308338956,28
102.100450968501,72.7109541402374,0.171029874772825,0.68680547340773,0.751427582275547,0.337986098680563,25
79.0984325675809,66.6888588602009,0.174879270457842,0.377011332195252,0.723981180719216,0.344761807718287,27
59.2765921371837,2.10663106687508,0.317753524653736,0.0551254309248179,0.0626485867900904,0.587916118471518,20
78.6397098239488,56.7671024863651,0.523674897662524,0.54012036905624,0.671540191026382,0.838861617266697,22
62.9451889624914,59.8881347805623,0.275960425961593,0.0899938659276813,0.689093792131776,0.520286259516219,18
68.8644619388218,60.8938667132818,-0.0720161934483683,0.359948781551793,0.694535089350118,0.0138078836454963,12
164.549570170671,136.684700559031,0.227213411432152,0.94498741067946,0.916292419274293,0.436870238265292,33
66.948610073551,118.942187784475,0.175266733656029,0.319397831568494,0.887167805657888,0.345444245748829,18
92.7461386639301,23.0729130667876,0.385574109562647,0.585196516942233,0.394060898000099,0.686884666427619,25
147.802278729582,17.5449556257974,0.202357478645963,0.91768004768528,0.325954254566366,0.393231437429976,29
69.7393727634321,96.1717670851768,0.0631488153596277,0.380902807926759,0.833946138932851,0.158885783929956,18
151.150033384447,7.5968805978872,0.210747132794719,0.882159781875089,0.174467904022489,0.408006200521689,21
78.8335759273008,10.3409608947946,0.269000969286798,0.415181238204241,0.220997647029926,0.508629067958315,22
59.0753873696914,6.29771910524598,0.0629880484623775,0.0411219145171344,0.150721390650754,0.15864608548134,50
62.8166197428527,49.4897720946621,0.603334823367466,0.14783399249427,0.626344641384578,0.896832344365371,26
81.1297917529245,13.1595208867924,-0.0312375146392071,0.566235450096428,0.26464824536684,0.0433907367610141,27
100.725932623825,40.9958662649351,0.415283830749225,0.695601185085252,0.564876771061212,0.72536064618613,33
71.6691381238038,57.6949152164481,0.326628456879949,0.25917896348983,0.676866435463597,0.601682094609666,39
75.1521321309502,1.80417354334754,0.288216651152314,0.311992147471756,0.055215777923071,0.540561852351443,21
63.0952349094653,2.52111396113378,-0.0840512076634964,0.0729881643783301,0.0724897143640575,0.0080139553674961,40
160.600110172261,184.524560182715,0.631917826957288,0.936691587325186,0.962289746951666,0.913048456960289,49
132.031788847393,11.229712978901,0.0030951199925393,0.882244950858876,0.235171170536122,0.0787707520202034,17
85.7062646236515,180.196858923036,0.202637883998512,0.587737536756322,0.959483867281898,0.393725738829046,19
93.1920857529927,24.9957448838973,0.104169715695714,0.624093557009473,0.415733154469313,0.223387991506684,24
124.054939335254,85.0092441915732,0.339942877348064,0.852161458227783,0.798970635749688,0.621898083426514,22
123.907536222451,3.34736027809755,0.656855108646038,0.830898537300527,0.0911495513595912,0.925451708841099,11
117.336736938206,38.2406681876803,0.0759951382375233,0.866743946447968,0.542606393279415,0.17839949424384,25
89.9084021610518,72.4878400790712,0.369839093708734,0.672893630340695,0.750463666903218,0.665258032127098,27
210.865582195168,68.7150793707006,0.150242184211101,0.975441009737551,0.733555779835384,0.301597154579573,29
65.1234419653643,22.1399687315724,0.267241674522998,0.100119231035933,0.383192701427424,0.50566674102985,20
56.5963225739859,35.1788644002752,0.165701498963101,0.0453176980372518,0.516348594081432,0.328622237226089,28
108.091363268418,60.3496492180442,0.261083015844366,0.697326285531744,0.691603412725801,0.495249943089363,30
94.8766909908175,37.6366252611523,0.158485576970462,0.57915322505869,0.537555658831885,0.315977317789866,24
103.178621536846,19.9323042982129,0.168966648733282,0.665212797699496,0.356495549382636,0.334357972960405,29
73.3545167493833,43.1569647833978,0.391335169086255,0.37148633110337,0.58150433168306,0.694589087985866,29
65.0083407706583,2.50743012651691,0.124717975606749,0.130701816640794,0.0721705119830824,0.257712498862831,32
59.2176315726721,4.91853804180208,0.486631792129024,0.0506683520507067,0.124003645305869,0.80478589498637,21
182.65422643424,82.0787823816781,0.564681221148463,0.956998270237818,0.788577516244113,0.871183783337658,33
92.4130511181736,14.8585663456458,0.280206450946944,0.593820404261351,0.28927029855503,0.527348358165478,23
68.6151974470932,14.3665016944355,0.201981983350451,0.19075877033174,0.28225941969444,0.392569467863375,33
85.4167869626322,66.1485261176283,0.149734030950797,0.478089539334178,0.721367075762085,0.30071338042887,27
96.7916410897907,156.949710621105,0.256241738173414,0.614589740522206,0.940357040742867,0.487012693261985,26
75.6605977384099,32.0775062275814,0.59477039098645,0.331218548584729,0.48799763332411,0.891530708380016,25
136.7772851279,145.047238964748,0.374508133024439,0.84491230500862,0.927236297713333,0.671763553898536,37
63.0865886826602,16.8804786279717,0.321122672046515,0.0753225234802812,0.317120141085193,0.593168667797246,26
84.4555656087374,142.345712786184,0.376202542895481,0.435262476094067,0.923870055232382,0.674106121720359,18
58.3935057368736,124.0990873252,-0.0211039593650024,0.0388866153080016,0.896567178322559,0.0529152964510911,18
77.3946934726906,158.898437982538,0.394305392593712,0.518285969505087,0.942264002840266,0.698515886749307,21
125.467609909167,123.061092028029,0.604851554979619,0.890271615469828,0.894741848974066,0.897749413908849,47
127.039321119303,57.1471008415777,0.0067286870810121,0.798633811296895,0.673732888937102,0.0830077856920279,27
124.66618159951,17.7672406749837,0.556591723418116,0.877365355147049,0.328875998932158,0.865238590780116,24
72.9549735879053,33.2913043223745,-0.0299241547210639,0.438286154996604,0.499313478138387,0.0445794236334579,19
96.4687356761897,11.9331118686456,0.361444804260547,0.637124122353271,0.246113501799685,0.653377797558715,28
87.6121071731569,2.23388317633653,0.747038553617465,0.559726925799623,0.0657094546504289,0.958797013207428,15
82.0948065510115,8.24595164879151,0.197034227485948,0.471749262185767,0.185887253718558,0.383843098647806,29
84.6190734982353,35.9827867104405,0.569462956722363,0.503642985131592,0.523403642749533,0.874601492773162,18
78.6053705106233,19.3523050701655,0.228093084153126,0.379638364072889,0.349241676473269,0.438405468158849,25
68.2609281960342,31.7839514333593,-0.0611146819191324,0.229081122670323,0.485217051990679,0.0202617966208705,32
95.1904812700283,7.2926980373222,0.170589655244576,0.69516045646742,0.169018439873268,0.337211759671023,25
71.8693399135987,13.2307172362378,0.13735714755665,0.273630109615624,0.265703949091645,0.279302571599364,36
57.0266642053861,190.228256783411,0.33105618024656,0.0369385592639446,0.965689963734693,0.608464111837577,14
107.011363606023,16.2922788262809,0.441047066555919,0.716040667146444,0.309171874536456,0.756164869377385,23
153.160778683383,27.0434007040097,0.364434074735241,0.894991074921563,0.437795886590278,0.657635371051262,28
91.0082779194713,74.1449634114802,0.739302979528862,0.608688814565539,0.757530416688164,0.956550848715639,25
74.3615877541237,9.41361820278253,0.306100981386738,0.349314349703491,0.20576642218948,0.569506570870413,23
71.5320346664776,35.7424005620756,0.117440991126277,0.233203525654972,0.521306326612982,0.245435367423355,35
61.4548902748506,38.1871315916754,0.280310916387985,0.171252666506916,0.54216124742659,0.527521613106051,21
75.6992167671735,112.619431432815,0.507686412989094,0.321415016660467,0.874438931017897,0.82473860286544,24
78.940349883185,15.4747169223454,0.703131811585946,0.441597625613213,0.297917188903597,0.944616793653314,14
98.0919510649608,29.0792860626645,0.640210838890655,0.731924686580896,0.458760324846121,0.917346621423862,20
73.9811889789055,101.551826411866,0.261407171241964,0.424863951979205,0.848493643206304,0.495799985246073,21
94.7011759495219,4.00107493033877,0.0410873999275358,0.558837478514761,0.105183659528726,0.127141880260536,21
64.8905296108765,25.1792388479999,0.589823804632849,0.209603783907369,0.417751956796164,0.888371883699599,21
67.3680952723005,1.26184021951783,0.203249233420068,0.268255081493407,0.0412152389569814,0.394803334081894,25
160.847620539979,220.260329244788,0.0481802967864885,0.936243222560734,0.979106396933144,0.137085267237537,21
59.5966326888789,11.0877376643135,0.422714714108898,0.0308319833129644,0.232933607301355,0.734491683467241,20
119.528952980859,7.91442612974777,0.0461621244877394,0.800134326098487,0.180089305913534,0.134229602291756,17
67.8703069659688,23.6642108341036,0.313899851171861,0.212545815389603,0.40082779458283,0.581869018024617,26
99.3481017513351,15.171202184928,-0.0146012205690728,0.73950260411948,0.293675810789784,0.059444167108674,25
151.170806736628,0.970340518478475,0.137610036822211,0.948164348024875,0.0332212371334788,0.27973761394374,23
101.325626834221,74.4033098602926,0.513381910204739,0.720671270508319,0.758613081951347,0.829870192594951,31
65.5137467029272,5.92762927590757,0.430929576877384,0.310870779678226,0.143717142947682,0.744354098764147,24
180.321094685295,53.9918515933646,0.681142903777905,0.960635920986533,0.65503954478246,0.936098036364356,23
64.3042887004135,5.48104706273084,0.315194108832366,0.16646494390443,0.135108849799228,0.583904554506295,27
63.7069635627473,4.39772644866728,-0.0591820137491202,0.218561309622601,0.113435782086479,0.0215212536499093,36
57.3844997124109,21.19373875355,0.648074144929406,0.0569100687280297,0.37192275537977,0.921260926403715,19
78.0800771553132,36.7947013732642,0.295963210430222,0.445167610654607,0.5304112086703,0.553197188990194,32
87.7895568908151,40.9845103318091,0.196636587373546,0.543757324572653,0.564787490960394,0.383141527551647,23
64.4040388113245,41.159383044857,0.430277009594861,0.278111645486206,0.566160089059741,0.743579581061936,29
110.937145001515,75.0986282744217,0.401518365542825,0.805468592792749,0.76150190559856,0.707922414300174,41
88.7620899080856,64.2137006660269,0.056856294576146,0.642000084742904,0.711789794854717,0.149591710509975,28
94.973684360133,113.845575936483,0.458398792247974,0.661267733434215,0.877017615614313,0.775556374719813,33
86.5497598064913,52.6709303160167,0.392861437860676,0.549419487826526,0.64687509294413,0.696610767629119,24
122.259384118552,44.2029217263658,0.238176286162612,0.79005991271697,0.589299401075725,0.455940915595981,23
66.0012532150458,15.9127774348407,0.0166882146298056,0.229050922673196,0.303978050263308,0.0950642660709701,33
100.017042618163,42.5475861592212,0.236098760519693,0.633483997080475,0.576887913406174,0.452337893449046,22
64.3333742948053,19.4130880773932,0.125851518565792,0.144671947229654,0.350006734181878,0.259635657689689,32
76.2818801954364,172.054415496126,0.779608642092557,0.339121965458617,0.953618326717139,0.967198453234578,18
112.664424185228,17.7377460738942,0.167596905458679,0.765561162028462,0.328489271267711,0.3319508748501,20
74.7765364624849,1.86198010472308,0.44690895222248,0.466699963668361,0.0566546520047489,0.76283794824789,14
70.0768010673599,57.8767555567602,0.523986973508126,0.29469794081524,0.677899457368677,0.839128596181382,28
74.6777445171367,24.7537919978603,0.265279152206247,0.403706912649795,0.413058299724533,0.502355107193994,19
60.8050292213492,95.1232715528156,0.16570023980246,0.0212873131968081,0.830947114115306,0.328620026839639,16
76.3378022459881,4.78418799708786,0.188260904460208,0.342693692306057,0.12130501589407,0.368360214426313,29
69.7584233921448,6.95160027972446,0.0392292263192595,0.36498021800071,0.162829507595013,0.124580603119907,35
57.773646790106,22.4476749031686,0.0417405934796985,0.0907288785092533,0.386803575056143,0.128046605092259,30
69.1964260992035,40.662961336959,0.0975910156729533,0.337671543005854,0.56225103144045,0.212644672767833,22
109.633397191706,138.576060641733,0.0124386817664333,0.720415879739448,0.918906029897711,0.0898420551764502,23
69.9130743040107,2.96620585934394,0.0837504352534121,0.243660174077377,0.0826836279359431,0.190503307336751,33
68.6132023042258,98.0532734219613,0.217790032837364,0.180430851876736,0.839190856331124,0.42037823659638,21
66.2911605932322,83.3230142837019,0.394938112529991,0.304869138635695,0.793056952269284,0.699348372039301,23
59.0325566075949,50.5930696756256,0.054692563688824,0.0511926796752959,0.63360759596858,0.146438512946327,26
64.4864642734454,82.5287804744256,0.314164847010851,0.151029555592686,0.790209120729406,0.582286166466004,24
76.953107454683,15.2859111959916,0.414516028806613,0.45347252395004,0.295282869748796,0.724405847609477,26
144.340867364937,46.7109389410542,0.211034323276233,0.898626979440451,0.607349813626101,0.408511329857677,32
82.8500935246056,34.2439974522388,0.439754589435395,0.577340361429378,0.507995250586648,0.754676761403542,23
107.266903766582,10.8187116703564,0.549862934485967,0.695282397791743,0.228666286307048,0.86013480591995,24
73.3674134142779,197.629344459649,0.0026012417600099,0.26739109819755,0.969644667575184,0.0782016986750938,13
78.6562436519514,1.30422969780101,0.136652301033104,0.497819151030853,0.0423466423691167,0.27809061906771,26
61.6413169733947,108.198275596192,0.6683302365474,0.076262331334874,0.864670962524571,0.930650609319654,25
80.8046332622846,24.166437202266,0.109175756634034,0.506045375950634,0.406503227483305,0.231648531035081,34
114.90776293535,56.6172403306467,0.132736437937507,0.756469926564023,0.670671114687207,0.271373697738514,29
122.725119931666,79.9436940036537,0.172492529343369,0.882443750509992,0.78065397932143,0.340559709211863,26
69.1525778868949,28.5161383028329,0.261975518779712,0.311865925556049,0.45305460555132,0.496763920554205,30
161.557511138724,7.53138291350247,0.267012879500732,0.94544213777408,0.173299926958013,0.505281047106651,21
62.029829409037,2.01316952700454,0.216199135428237,0.0396100340876728,0.0603763836444452,0.417586583059048,38
63.5713295370802,44.2967491686358,0.16534430736889,0.105053984792903,0.589990819735264,0.327995256794421,34
81.901437125378,52.802923177824,0.112876742219115,0.530019185971469,0.647700202363555,0.237800031723948,30
80.7200515607129,1.86308840506765,0.240878204193761,0.572701214114204,0.0566821506430373,0.460618409072323,28
74.8044979007769,29.3808344084278,0.40615959269282,0.368293794803321,0.461786952330932,0.713877573557127,22
94.4053193257433,1.08863260154679,0.349338871060453,0.705498693278059,0.0365133620053451,0.635836175743672,21
130.017201463405,90.6174591160926,0.509177070671912,0.837860376108438,0.817407573352333,0.826092504108101,35
72.9047383592049,29.5714423228951,0.215209045702927,0.282310656271875,0.463689894323738,0.415848263972379,30
147.554669319081,42.8123862007733,0.285062189604491,0.946046996861696,0.578900796186361,0.535375784762024,22
60.8199474348767,32.2032143078183,0.0620577221683354,0.0632570893503726,0.489183073651212,0.157261276214217,20
70.4582978951875,12.1554900793643,0.405724658056094,0.270963513059542,0.249524512123385,0.71332276528227,22
77.2708274077388,67.9973864750358,0.213822043391756,0.443882814608514,0.730205116617999,0.413411920653315,27
67.6444255680755,15.4036612299095,0.666228953197115,0.271170128602535,0.296927355597268,0.929721639512736,22
56.4235355662441,47.5631616849945,0.398399816310301,0.0526207168586552,0.613284560606226,0.703878041099561,19
57.0592066169208,86.4309625993857,0.530077509339135,0.0440075218211859,0.803820122799785,0.844273207353003,20
176.064341535816,182.674466847588,0.31238599946608,0.960641457699239,0.961115125781575,0.579482247242251,25
73.4843628150999,12.4363256808174,0.0503803885147103,0.350616780109704,0.253799897181829,0.140221744239885,29
71.1846644347413,42.1278287378812,-0.0407716089824114,0.290705634746701,0.573675334166499,0.0351826893769906,28
58.611128715172,8.4072687155934,0.0664916665617783,0.121980563271791,0.188683027204523,0.163895828673183,36
105.965681966306,91.955230337338,0.297106999166972,0.781769255874678,0.821540719373318,0.555050376318916,24
104.058594558269,13.616988521806,0.272703975241087,0.670285490108654,0.271394173921347,0.514844048169578,24
62.0670956865363,9.4105344275433,0.176770969910874,0.100647855782881,0.205714979757175,0.348094304160468,29
108.780487536151,155.870064287105,0.337116865758416,0.748766757780686,0.939273127212511,0.617652128000186,17
108.262596849716,159.149542255102,0.486412339487803,0.771718200761825,0.942505182231469,0.804569696405529,39
74.901171476921,67.298329769151,0.0593821583421305,0.339511623838916,0.726898730476242,0.15330053174672,16
60.9452361035957,19.7267853473047,0.187761174962358,0.0174245778471231,0.353936993618346,0.367478272650016,24
70.4957356807497,17.158523407937,0.346964386153215,0.311759551987052,0.320835139197388,0.632340119682444,29
63.5561518505029,58.3655644934092,0.147253207998483,0.21488395659253,0.680658905221482,0.296403687306114,22
117.135288391285,30.9381651510836,0.505641850450871,0.817834574729204,0.477107946737858,0.822869077974961,23
84.5790363488452,98.1349845213584,0.555797085748254,0.604941184865311,0.839414714941519,0.864643406998945,35
79.0734729733075,20.5037047513545,0.255919030660499,0.495208336273208,0.363542042714276,0.48646216287878,21
97.8406415006534,2.90465371130449,-0.0270399938166988,0.615523744840175,0.0812946697340199,0.047238051906216,25
119.138304628944,23.3957439929215,0.161264914199135,0.872281780000776,0.397766909267593,0.320842163301121,19
73.3062816408484,69.7233787684184,0.694380437820529,0.364742452278733,0.738189325856924,0.941347916630861,20
87.8357641576195,41.9419166779779,0.556247908115719,0.653801411855966,0.572243873307309,0.864981320065825,33
97.5335584085056,70.1434871359445,0.220709232379187,0.642474983818829,0.74009479377512,0.42549556885203,28
179.207290144938,178.504835796926,0.534992690182261,0.948765113018453,0.958330187384448,0.848334300766363,51
97.0148538772839,44.8196511352832,0.128196506466672,0.651659835828468,0.593820789987452,0.263622806718081,29
83.0761362481564,110.124018627305,0.414257470892642,0.47484559728764,0.86901813751871,0.724083841831173,26
100.105802302026,51.8915032715342,0.784857443347115,0.759062241297215,0.641960105675836,0.968403655032755,26
128.804301538861,38.3669104136958,0.45499447890263,0.870041905436665,0.543654156326741,0.771837904471044,30
60.9801162213529,15.4970556335895,-0.0064656075598829,0.0513922257814556,0.298227984801804,0.0680531523378587,25
127.61725396693,162.213829888285,0.237131308910847,0.859883285593241,0.9453672942547,0.454129312673261,23
176.978790666213,76.364356700104,0.278394027794547,0.951480303192511,0.766668075212766,0.524338663223407,27
101.525758695758,10.8170571406865,0.123723405601685,0.686521148309112,0.228639929773366,0.256027424665809,31
79.3272184611743,33.2974295261821,0.205906182709385,0.450305070262402,0.499369851336854,0.399484903903805,26
111.294950015827,165.078932268088,0.282282689134855,0.747321534901857,0.947912542569111,0.530787241927473,26
74.7970876317561,24.8278387524277,-0.060826545886616,0.373840084066615,0.413878469501468,0.020447398806504,31
92.2987175024164,26.7695968245222,0.310652897875021,0.577947963261977,0.434903942532546,0.576742095157184,26
60.2116917548686,0.814922939643014,0.326585945705466,0.0951207452453673,0.0287786835148817,0.601616698921401,15
67.7340624308828,120.65915888279,0.271572202573294,0.237730989698321,0.890390629858842,0.512947473264155,14
59.9560452109977,5.54831558151852,-0.0647661354151558,0.0540641034021974,0.136416889447545,0.0179760307130724,45
62.4329108958491,7.03367664835703,0.0156592553479567,0.138262790627778,0.164326435769423,0.093789328631841,37
64.127680275273,36.3168214936424,0.200938205558302,0.110326052643359,0.526300833876103,0.390729122713329,21
108.229614019918,2.09858445411311,0.253644052684574,0.714563715504482,0.0624537819733955,0.482576109082067,22
64.5117707721437,73.4446438422804,-0.0822868556661933,0.121898375218734,0.754569878618489,0.0087731308484946,16
137.282721603064,39.9238377625985,0.182243541013066,0.842610462103039,0.556358204582434,0.357742757856462,21
177.617550457283,30.1315518575705,0.60397539925346,0.947528390446678,0.469236623650531,0.897220453724358,17
84.374381442868,37.4597162502111,0.316511845590645,0.611069072270766,0.536064617207296,0.585972231840063,31
99.5467870401708,21.8496681895297,0.772125378658672,0.736420377157629,0.379761980655376,0.965411634149238,28
116.20074025299,21.9153765990735,-0.0039723378434986,0.786038851365447,0.380540573710947,0.0707867318067629,22
90.6515355341405,178.533097392598,0.153835435222388,0.635712688555941,0.958349727674911,0.307855734562466,18
96.967484674175,71.4930202960479,0.328014956870362,0.60939932288602,0.746117769396154,0.603812058819796,32
58.9484973737911,62.2643857274019,0.210850639066589,0.0603449132759124,0.701787571836994,0.408188259679008,24
152.625925931973,14.1691143945512,0.274207695546992,0.932044733082876,0.27942012023747,0.517359833326599,18
122.48070208111,10.7811449542454,0.492369423845424,0.811277421424165,0.228067510675424,0.810377860285502,27
70.4017791352108,8.70135095113702,0.274387824970509,0.216432995628566,0.193738029666901,0.517660881848673,28
87.4323169429219,197.141461441948,0.125841920734426,0.511463319184259,0.969398770393593,0.259619362486653,7
133.20178099807,179.891078383386,0.0919481866303483,0.84579550800845,0.959277795745724,0.203538630983375,25
83.4481548439734,5.29298255918538,-0.0533724774196547,0.461719412822276,0.131429757978085,0.025510614745865,37
88.2867426883444,156.561510478493,0.0076163932443273,0.609868084779009,0.939969586715272,0.084056281281146,18
73.7179292452463,6.16588470692704,-0.0141147657777432,0.289238455006853,0.148239320903726,0.0599453190885941,41
59.8274688916227,165.14189948588,0.446111498210044,0.156639696797356,0.947967108846841,0.761937464301243,15
76.8708301225406,22.4864337640082,0.568791082187045,0.320691216504201,0.387256553914603,0.874125566220475,22
108.992070932968,2.97067124060998,0.4700638371953,0.814063209109008,0.0827841460080134,0.787980305646702,28
135.890915107323,2.42094998517298,0.248061655184804,0.86100235930644,0.070144602194255,0.473004621074428,17
146.643885584872,15.0370624311306,0.708501193640694,0.920396989677101,0.291790173491939,0.946545704732151,18
58.9105070441887,0.459225596493669,-0.0670493425067812,0.0174512646626681,0.0179364111290417,0.0166097957433096,58
129.944455213054,44.6644797336256,0.753305664009316,0.856768902856857,0.59268835515073,0.960543353669212,21
58.8699850644116,4.51055525651362,0.102773450207394,0.0326451568398625,0.115750032525492,0.221096879088542,28
61.920084085721,32.0386491478166,0.323653430192936,0.155134425032884,0.487630568025124,0.597092812478602,16
75.3327286562647,11.5213772112319,0.183039101488961,0.391631361795589,0.239737059311513,0.359146123158266,33
125.861264815879,208.466567485403,0.743966286486799,0.818733794847503,0.974620729489134,0.957917080715993,23
72.5958486729699,120.784353982089,-0.0307664624140973,0.451421943958849,0.890621909094466,0.0438154829595404,18
131.095431354994,4.96725330761597,0.147108815450156,0.879222484538332,0.124977620625918,0.29615310663008,28
79.5783115470766,117.210577034476,0.46444338483761,0.41858453117311,0.883819170848254,0.782055502307241,25
62.1765207031875,57.3492644997599,0.110477342585676,0.0481773109640926,0.674893047431287,0.233807742102982,25
58.719013976012,29.139576008551,0.4964111618326,0.0424109376035631,0.459367038059382,0.814247157335686,24
84.7211381863798,122.081398436484,0.742270394336955,0.56443400750868,0.892988827472547,0.957424527088027,37
73.5960135776019,22.8930853704766,0.304511605298588,0.415000912267715,0.391984429752564,0.566967181756373,28
61.7645247170402,7.22294271578903,0.228848547641258,0.0208968869410455,0.167759608849195,0.439723279705587,30
89.5969697848674,9.02077905624091,-0.0592317351578416,0.645597175229341,0.199169228312221,0.0214884247111888,17
82.5133485983007,7.54389792504768,0.498493197633033,0.415469562169164,0.173523326593837,0.81621793268187,18
162.199990217985,16.4253432018358,0.0827034926750738,0.925556287169456,0.31098069240097,0.188855978645874,14
164.684162476667,99.9995303585613,0.779889947733637,0.92724850657396,0.844436473109452,0.967264037973052,51
72.9101446047655,15.2461679949414,-0.0252717789428108,0.387380414875224,0.294726637609291,0.0489004812429718,32
60.2564328877274,0.856803064731212,0.183169367972177,0.148790338775143,0.0299901556486062,0.359375926768178,40
65.8581799012033,1.49505718368997,0.0094054534025692,0.179697204846889,0.0473561584045803,0.0861851413187897,41
76.1458181527181,175.119293377841,0.61881275104158,0.422660609707236,0.955920933198749,0.905889216898408,23
78.5683002620206,46.8694396114253,0.468230215666364,0.392225983086973,0.60846106031292,0.78605989951731,26
72.9171441413359,85.6130074216573,0.345719890893249,0.444076250307262,0.801045112598773,0.630500653441309,27
88.6608529673024,23.1357519391927,0.657862767728792,0.549099247902632,0.394784450731924,0.925920694276865,31
130.564254022705,36.204448737636,-0.0361595065723618,0.896503402385861,0.52532841093202,0.0390600295173784,15
137.66244253597,4.73023359833378,0.50667666058216,0.920025310479105,0.120215998606403,0.823817110816541,24
106.096335770915,58.3881689383925,0.432564410373703,0.734461464686319,0.680785900951163,0.746287674527201,37
60.8168027356957,58.7967852750057,0.538751705702943,0.0909589615184814,0.68307231235279,0.851385921963037,21
167.400815968584,46.6870779808545,-0.0468669511718173,0.945861191721633,0.607182226912953,0.0303329728838024,16
64.3914914112683,1.17507196771061,0.109678528782519,0.0834473317954689,0.038876295590952,0.232482037312043,24
64.137044209676,117.232980762778,0.338111182076989,0.228949486277997,0.883863139375916,0.619148844725836,22
87.0797753885901,46.9688902647607,0.701025603557176,0.58246651943773,0.609156556373069,0.943844367676324,35
139.274743271122,95.3621983013667,0.117735768327295,0.926900887396187,0.83163540634398,0.24593027289483,29
191.302870119955,96.0313075564856,0.254940588093583,0.957885890267789,0.833547589829083,0.484791882342924,37
104.811239999212,84.5195022978963,0.112321480513377,0.737995917443186,0.797271418420248,0.236874794953272,23
66.8025317244815,59.8808090115064,0.663598072971099,0.296596017898992,0.689053781250375,0.92854409492853,28
102.256791523261,6.67461518709208,0.0373112257019506,0.738927618367597,0.15774070637331,0.121956374009204,19
61.2393333096762,11.7565881203192,0.0342474586133172,0.168783295433968,0.243389499676813,0.117806279679253,29
113.014194871207,98.9428302284867,0.663949877320055,0.765766093507409,0.841610692524406,0.928702492526666,44
67.2448397429158,189.549363267635,0.663538126110598,0.213048293022439,0.965302075319886,0.928517075372474,14
112.469143978324,38.4912055809051,0.144845638057152,0.808190247276798,0.544683138534207,0.292229426853136,30
66.6085204205997,21.9739554521201,0.392119497707546,0.270124472677708,0.38123366735685,0.695629021878632,25
93.4866118019169,38.8043904309705,0.314620670005937,0.709853244945407,0.547264375456022,0.583003254681246,28
70.7743654731793,48.035311245041,0.281061309478638,0.411023752298206,0.616530425366959,0.528765424357008,33
80.5406086110796,5.13579308684259,0.132707059628986,0.476781660923734,0.128329016064084,0.271323411949352,29
96.6957336485916,35.747491927254,0.58510295704298,0.602148157777265,0.521350855519873,0.885290073606773,28
103.540575294317,30.7329471955556,0.429219103430875,0.726532083004713,0.475118223204344,0.742320699751676,28
57.3564859328034,14.7254802053609,0.147998280860325,0.0529786520637572,0.287383463878929,0.297697154745424,39
109.94420138898,152.114353891991,0.402480062411689,0.760338540421799,0.935344239572148,0.709162659290991,39
61.8111662158896,15.4647113122773,0.333371985469529,0.200102185364813,0.297777921426513,0.611987989573063,22
75.7110413157086,1.88552893283797,-0.0436488447703798,0.356168110622093,0.057238231214074,0.032854050496801,41
110.022519495223,6.0163999218558,0.355852978482316,0.784575861180201,0.145407613260269,0.645334385544113,24
127.188934935157,0.512090217025339,-0.0281107058714207,0.804102532565594,0.0196240830250355,0.0462433650451573,27
64.580166416902,4.2681638726167,0.483537970659859,0.136805950431153,0.110760582166418,0.801722141075327,16
146.362182457213,50.3357011561601,0.455302243405565,0.936731074471027,0.631927127030703,0.772175795139638,31
88.8479358008575,57.1220527234426,0.540355869975274,0.66461957199499,0.67358883719468,0.852673990118564,31
72.0173997462422,23.5481989782164,0.0656910926153115,0.424511168384925,0.399507433142561,0.162691505470015,21
83.8278422100779,53.8587274109071,0.274401665459988,0.485153903253376,0.654225996195604,0.517684010515843,34
61.0985281676392,1.1589829266679,0.388082356215032,0.0363342766650021,0.0384390441670941,0.690253239886997,23
211.645851368542,33.7916348291586,0.2251774424547,0.969464326044545,0.503894491463072,0.433314001519349,31
111.697887835888,14.3848036686191,0.214538816169917,0.720766802318394,0.28252189397461,0.414671135181823,29
123.953033132146,182.49311863495,0.491057258472722,0.889597908826545,0.960998013625968,0.809109286027815,25
73.9689712383317,142.428014676625,0.21467408984145,0.370792136061937,0.923974912704932,0.414908742410365,24
164.199428774322,120.654069721887,0.390033290234841,0.937354826368392,0.890381217817798,0.692858183036261,31
68.075073522203,49.2110379209089,0.233649255693713,0.314424049574882,0.624485163880193,0.448082863614121,17
84.1682150653915,48.1686682053638,0.0611686226542324,0.52168660541065,0.617441831587572,0.155941485031523,26
99.4510461903947,4.94801495606655,0.409147078614569,0.630563889397308,0.124593270012546,0.717670204284623,17
182.043786801885,86.7861308952035,0.041986999861668,0.940657331608236,0.805012529052629,0.128388484505003,23
69.1962987900855,1.53328894661642,0.164437045105226,0.303630250040442,0.0483444265708079,0.326403189061925,20
112.596982145092,27.5177538160078,-0.0405938492451783,0.711422331864014,0.442764705089707,0.0353288446930704,22
81.6619652992499,13.3383057419185,0.0744360207575264,0.579388892278075,0.267295180048104,0.175994515392136,22
68.5186347985602,83.1365986237503,0.285770827533523,0.260038904612884,0.792392167195522,0.536542822564289,30
72.9886885796786,38.1543725029817,0.33809356404911,0.364855902735144,0.541888623294879,0.619122351203413,29
67.2868729304219,46.9758176096059,0.738716769972987,0.313635344617069,0.609204951707842,0.956376460530509,16
78.5861850089059,60.0189843420573,0.334647412433581,0.444545867387205,0.689807525718049,0.613921858914643,20
88.1742774057165,84.5985662094589,0.427733255430433,0.530629927990958,0.797546747375235,0.740545738579382,15
64.1282612877481,8.13594547900514,0.0879755269911799,0.19161639874801,0.183971265781423,0.197192003558462,34
101.507817977952,96.5425334544361,0.165252140307696,0.769154623150826,0.834993448750253,0.327833491667554,30
147.866336977246,8.2545981424896,0.373915600669356,0.940291049191728,0.186037522939066,0.670942054465096,22
68.2974541999977,18.570631832186,0.17066787639338,0.238261058926582,0.339299494622282,0.337349340735746,26
73.871466876163,0.790688422048033,0.389004454674218,0.374870795523748,0.0280724279917198,0.691486108335654,18
104.787795922509,51.3051384333595,0.58019153576603,0.748510310426354,0.638213916021557,0.882013380876279,30
61.6677775062778,38.9798484373568,0.293026145361219,0.0850611962378025,0.54870333905629,0.548423681604012,26
81.989241133683,70.8894023544142,0.571731807383608,0.528378898510709,0.743442158558161,0.876198336136062,22
129.492524501731,67.6240652676452,0.734375928832816,0.872438579332083,0.728444673931599,0.955066494155713,34
94.4146672388139,100.938038543824,0.214516000769997,0.569672446232289,0.846902605562616,0.414631058854765,22
101.712845397646,111.191984570577,0.204689857730978,0.670385960256681,0.871366895487371,0.397342088389049,26
135.158797862436,12.5753543333713,0.336593099639146,0.84315849118866,0.255903296599605,0.616862499540651,19
175.329880804158,24.6986559668107,0.419507868295405,0.96693069813773,0.412446693824731,0.730575524703851,21
69.364467566878,73.5107142377224,0.456054588284209,0.232610825216398,0.754850797291404,0.773000340833488,25
61.063514869883,11.1292696812248,0.360613653084915,0.0777830332517624,0.233589187347903,0.652188748130979,27
104.98111347901,2.10946368660425,0.175551979133306,0.715787404682487,0.0627171269735251,0.345946693046018,30
79.8869151124573,71.9169308588109,0.0820757662644897,0.521953326184303,0.747979272264227,0.18787023018128,35
116.947184567081,61.7178071795938,0.289142063010402,0.79191372054629,0.698917371192094,0.542078857949673,24
56.1689314500405,181.16505667454,0.145462413092672,0.0446009377483279,0.960129418395083,0.293298001130121,15
58.8526514513837,13.6404685350461,0.33418371423346,0.0266640784684569,0.271738044067258,0.613219344877702,22
98.8513661244787,9.61679324802437,0.274349503928395,0.618310514837503,0.209143891566246,0.517596841949104,19
70.3566651389794,26.6207389879117,0.15482595194714,0.280173234874383,0.43332428886169,0.309583693530486,32
109.084090572433,67.9319146201551,0.0651293702554386,0.800773478578776,0.729897248195478,0.161848165817906,24
92.3556738687221,14.5215714117037,0.190076436767058,0.533298887545243,0.284479113343907,0.371564449693184,35
78.2037206613732,0.633394463520153,0.233913841882175,0.391782227903605,0.0233846911477593,0.44854282480269,24
102.02434835269,55.2615569499744,0.0011915205142921,0.653330469503999,0.662696460729682,0.0765865074876346,25
68.7365574079793,16.1734072378866,0.596538086765781,0.198467239271849,0.307550614599699,0.892642250167779,19
64.6189039533005,50.6718357072773,0.331467173545077,0.17674209177494,0.634120232778055,0.609090680321599,29
87.6774284349962,138.7576791164,0.306669672996839,0.578892428893596,0.919152586705461,0.570413564298661,21
107.074391070778,29.3479073462829,0.0527539862400987,0.737170305801556,0.461457427018347,0.143632490368691,22
62.2693381128327,30.7461398304066,-0.0040266367669311,0.134148458950222,0.47524639752609,0.0707267321538732,24
65.9687810391527,23.0100197623021,-0.0534989166029704,0.15501476963982,0.393335658541212,0.0254205748381834,23
61.9096759413696,171.333784975219,0.235908044313977,0.0723676716443151,0.953059454100055,0.452006864367201,20
77.6592842489558,6.25061103046809,0.220375368143281,0.40206188778393,0.149836104674449,0.424910663386087,36
66.2821048473775,14.9514682279531,0.451473920083032,0.120891238097101,0.29058335039477,0.767948316429215,21
76.5871441718463,1.49187805493964,-0.0312469946988911,0.444594208849594,0.047273759299059,0.043382206922292,38
129.298837329747,21.1719118828514,0.21540312608379,0.83042004914023,0.371659781679229,0.416189069870098,23
76.4182272344711,36.2474114616981,0.0435169700650977,0.370802140329033,0.525700456288144,0.130518415096374,27
79.7380995455623,41.7541395395706,0.714043788421595,0.470540657173842,0.570792658682364,0.948477262439388,25
91.3723342290977,34.1469096697211,0.233544605462208,0.656145861838013,0.507118390315173,0.447900914924743,29
58.7450610773789,7.63771498691117,0.677330081670905,0.0319248295854777,0.17519459128868,0.934515419800632,15
95.7117911787819,23.1395086517333,-0.0499573634478111,0.636974392924458,0.394827673590463,0.0279959871423291,22
82.804349004925,1.56542390268182,0.307916401656984,0.600244263187051,0.0491713728345466,0.572398935422329,17
73.2159373913651,50.0932820460648,0.104551174228399,0.282748406752944,0.630336638270424,0.224014918199254,21
108.344064988226,137.168568061568,0.718486622667719,0.81239304644987,0.916969123453854,0.949982770112856,42
208.407753715282,11.4355384078643,0.136080112437635,0.966376104624942,0.238397553069471,0.277107407265094,29
98.4113262944507,13.1623728119026,0.744554894151499,0.596286932239309,0.264690575559958,0.958086895385739,12
94.0056056010904,18.3962914511726,0.126473074807551,0.649499805876985,0.337055453232296,0.260691354247858,26
62.0025169801522,97.5728006325878,0.0454333491738269,0.139152222778648,0.837868006452791,0.133203513700829,22
85.3204719743869,24.9956951696549,0.415973491610223,0.471774936188012,0.415732606373627,0.726216466620761,30
60.7822035476766,87.1269516847368,0.264809229624616,0.150218645576388,0.806149693328649,0.50156104607943,25
73.5324124653969,108.317416146485,0.0217649854298476,0.360104666324332,0.864944162716323,0.101450673447793,21
94.860393466176,6.34334616999491,0.308560953440238,0.709544649813324,0.151577135251067,0.573423733362191,24
77.2692503122394,1.84295196587642,0.309633100885399,0.438063290435821,0.0561820203994087,0.575125910640815,29
56.9196633780209,36.5874234450408,0.370435130991081,0.0712824196089059,0.528633305411207,0.666092615346967,35
94.8770790635803,203.458894808135,0.557191991487951,0.628831916954368,0.972432899335881,0.865686858171287,31
98.9891593228438,3.05160716480827,0.109525102992248,0.701792723033577,0.0846003889692941,0.232227611573233,25
82.5842403152714,89.8209451278699,0.70637464472188,0.511300632264465,0.814899714276121,0.945788621906097,25
65.2885151201728,76.5357911358803,0.176744887389926,0.150399487698451,0.767358742592209,0.348048345358921,25
67.5507754277457,9.48319051427253,0.122866418921463,0.173654661281034,0.206925570598363,0.254577210167854,26
102.557860659906,17.3883436964054,0.369297081025459,0.725702812895179,0.323885723240747,0.664498056005057,27
65.2836522041603,163.516922970621,0.0970404308514475,0.206769903423265,0.946540194885199,0.21175162001047,19
62.3723858591798,3.97441533173155,0.15537310852606,0.145563405938447,0.10462225552845,0.310538688853907,35
81.3741724708125,13.5888444076202,0.0424187332846191,0.450698785483837,0.270981694474612,0.128988270967856,31
61.2930943496358,71.2681170803134,0.603828555818571,0.154331737430766,0.745124301522662,0.897131587592818,24
74.8727337052172,6.33575888600836,0.168939186480221,0.418981357244775,0.151434950361349,0.334309699953584,32
71.2752069365689,57.358786023823,0.0416703713743452,0.228287881473079,0.674947579843887,0.127949233413165,20
175.042618087413,65.0177684947499,0.355129472684496,0.937700232490897,0.715811499236785,0.644286211558061,45
87.9423616669728,7.71698249317792,0.0288301090948898,0.548165222629905,0.176601998953203,0.110596909500675,28
136.921805039584,56.4816807253862,0.554506157765577,0.890533196507022,0.669882861595201,0.863672205706252,33
135.567441663971,159.96817351468,0.0171198249825564,0.88134007086046,0.943284379314032,0.0956010261823289,12
65.0210196565994,10.4736341591289,0.187709678895604,0.296054621227086,0.223139060610556,0.36738739152668,32
84.5831801121486,41.1002051774728,0.134430342238691,0.495298642897978,0.565696132111025,0.274275828705033,30
111.292066243694,25.4282744353345,0.432997435790848,0.83583374787122,0.420478468519744,0.746798207123601,27
84.6434828360249,7.2428525908957,0.22651995834606,0.538732446497306,0.168119263367221,0.435659445549889,24
118.890493870258,6.63217483826394,0.619973972450689,0.788077370030805,0.156955843729834,0.906542125610159,15
59.0354296088724,14.5035543107369,0.192467776806954,0.10831641824916,0.284221702534554,0.375784964997772,29
179.586630117448,88.9152074920122,0.334022414808058,0.945844720350578,0.812004537835475,0.612974819663238,25
113.985322427541,33.5412220111043,0.379472594963548,0.799609664827585,0.501607720226454,0.678599314858855,22
58.0628593766062,6.08358587320292,0.147773126944899,0.0526877772063017,0.146682627363331,0.297306200676927,33
70.405890902817,54.4402024245236,0.442429303302695,0.232082749018446,0.65776441240561,0.757749617266467,19
64.7373180899421,22.2794282012756,0.245030771967609,0.286004432244226,0.384832471171312,0.467787690266893,35
61.0072174561152,1.85517764688021,0.244465243943885,0.116327207302675,0.0564858005038069,0.466812766685037,36
91.0103992927348,24.7883180945767,0.423152836177357,0.681287687271833,0.413440895725001,0.735023831653354,21
60.2259968990142,41.9586532929309,0.228456707117843,0.0265810559503734,0.572372956915779,0.439039838065817,23
56.2608433781899,17.6655998816838,0.0515528082807049,0.0379861281253397,0.32754207689809,0.1419029937673,30
77.1526345519272,75.1228518692857,0.458129464482973,0.377518150256947,0.761601891785072,0.775263720721751,27
60.2963775699087,94.1227117421809,0.419809488388318,0.0771587898489088,0.828032997507778,0.730945439087926,25
84.4484593916308,4.71327051279364,0.0842992542775676,0.501382135786116,0.11987298400854,0.191368474261677,26
57.7165553158112,98.0194117898284,0.315431856690954,0.0337428031489253,0.839097993467555,0.584277965610444,21
115.253587567427,47.8833005341947,0.42510548804066,0.784428713610396,0.615488651900465,0.737387115866205,40
102.496427256382,28.3592860266337,0.323719721972835,0.767198459012434,0.451452880488312,0.597195354836762,26
176.734785988771,96.5049743016235,0.185078307916388,0.965367136523128,0.834887665989483,0.362743893311493,29
89.6751231962179,51.0810714250374,0.379290245843007,0.675897686043754,0.636771228836332,0.678349724424545,19
69.167018471131,4.17008282446984,0.320412925934692,0.2534459233284,0.108722494049501,0.592064847741417,21
85.4235821923856,51.2814667323165,0.457098908213206,0.612308908021078,0.638061795277112,0.774141485382523,39
73.1895963532719,83.2629994862481,-0.0232836960022167,0.365566696273163,0.79284317296083,0.05079880579908,16
59.4271179735688,9.32069580237271,0.426829499741432,0.129005284979939,0.20421394754896,0.739462225338769,38
56.4316103844669,5.598810231575,0.0078811541684101,0.0528739085420966,0.137396061951513,0.0843700044987677,49
79.9128890210442,18.3844395704243,0.210144915297375,0.537238543620333,0.336902543325754,0.406946825667933,24
138.547993619287,52.6144892907823,0.140656889533876,0.864525039447471,0.646521635452766,0.284987577571973,35
130.667952674073,153.391384798641,0.779185944447573,0.872225522994995,0.936708325244693,0.967099690413495,54
87.602376560143,38.9784857474983,0.336799443434494,0.541486098431051,0.548692183066697,0.617173683077003,29
68.662912043383,19.7962645193293,0.110753281023602,0.349238419439644,0.354803397763105,0.234266087836327,26
89.9586858141862,114.698729867749,0.384046641787632,0.686835337430239,0.878779777068232,0.684822570089414,38
156.852641372252,31.4717927535897,0.0780112063664311,0.954437469132245,0.482241176968252,0.181523668472163,21
87.1066219200516,84.0172285666374,0.266149569239204,0.509914149995893,0.795513204007364,0.503824797510716,23
85.1134507471199,100.447346626938,0.445856250629825,0.591644562315196,0.845618274044424,0.761648751771881,30
110.331463365024,46.7501566011681,0.0736491617247444,0.715335989836603,0.607625088211015,0.174784487844341,26
189.532698353397,130.00692656625,0.572662778449252,0.955597731750458,0.906357625763743,0.87684897447093,46
108.865903352423,1.35931535250562,0.0849534792408617,0.819248773157597,0.0438064399847238,0.192401248408923,29
104.650080513805,92.119185523953,0.706066172276829,0.660316098248586,0.822040566592903,0.945678056453267,36
68.1041309128183,151.445456223836,0.509744419640745,0.360848947660998,0.934617859205183,0.826605781884497,29
60.9029082127733,2.36711911683051,0.2813265873269,0.110624610446393,0.0688758911720663,0.529204836108128,20
68.2157243643306,12.330190031842,0.297006714119241,0.280284163309261,0.252188307715635,0.554888023226516,30
68.7346518573781,60.0029851081741,0.0945981629907556,0.190633439458907,0.689720349790893,0.207801994019839,17
140.654645002642,138.241578828356,0.172486881940512,0.859636685345322,0.918449946605547,0.340549769981426,20
72.733308851254,150.195889671981,0.0630122439161893,0.408862242707983,0.933238612178539,0.158682152754518,19
75.7544982141871,24.3940524101391,0.221610321167409,0.461135585326701,0.409053934227591,0.427073732387271,27
118.694028473016,10.1761762776978,0.189890308420609,0.827127165859565,0.218325083418787,0.371235946538074,19
61.1852034982752,31.4597087623551,0.0567582597920889,0.180353232426569,0.48212558003052,0.149448364579629,29
71.1518734464759,6.37825769361077,0.504164026357684,0.238786444300786,0.152230778814998,0.821508724810284,20
69.75335458979,125.986288462458,0.222507628285575,0.268150071613491,0.899803399843376,0.428644565255852,19
166.541621174207,3.56581704781002,0.213173053301016,0.939277560450137,0.0959038598264228,0.41227148934018,18
84.0099703152817,7.80994223236242,0.101994796667962,0.558128419332206,0.178247119807065,0.219821713334521,42
98.9330444342818,20.5702273881901,0.0518287935157209,0.740930109517649,0.364356066720161,0.142299741382282,28
66.7346506297664,7.79920480082922,-0.106421111943719,0.224749573273584,0.178057393725699,0.0012450164767178,30
102.840607195168,90.5241894606069,0.155756015573518,0.638806008733809,0.817115738336997,0.311207205627073,19
77.055057417904,7.0400321044419,0.0904745829560872,0.341598027618602,0.164442141791735,0.201178083530402,26
66.4866988523206,61.0140136210161,0.428342181636379,0.322596723446622,0.695178312894058,0.741274114494218,27
91.9718846822647,55.4541481093961,0.156120832751794,0.550270958803594,0.663841856073928,0.311844289825016,21
100.496011631873,76.1895916239226,0.307858280314372,0.689188847085461,0.7659617816275,0.572306471379023,35
76.9249445205436,46.690738226378,-0.0200338219920656,0.520484071224928,0.60720793960032,0.0539677323893784,12
72.842106327686,81.9876706464395,0.12000779574841,0.365132801467553,0.788245557624172,0.249751828651463,26
91.5929524478191,31.8116873561711,0.169338356586754,0.632700997870415,0.485480510874985,0.335011408526854,34
76.2916959568756,13.5073794512052,0.483865694133389,0.422162417089567,0.269785882058788,0.802048292209498,17
59.1618231842731,183.646728913552,0.44229266713427,0.0519484914839268,0.961736957696705,0.757593271278576,10
67.0789636056692,46.0894094227941,0.483035024869342,0.201103117549792,0.602958945453021,0.801220864281895,25
131.046592521984,35.3558406332905,0.364842775756611,0.905694771092385,0.51791177688134,0.65821517224513,33
96.0937165171166,58.0865040410649,0.346887726967987,0.635897336062044,0.679086644958092,0.632226952712487,29
72.0406224726479,49.3253048472107,0.430887794049185,0.424938768148422,0.625248666667998,0.74430455385591,27
71.3286119210688,27.4890071723035,0.798215997592024,0.31050084088929,0.442465066607436,0.971299556202669,26
62.984767847239,95.4951464711894,0.641695948749307,0.175896446919069,0.832017144602287,0.918097786747258,25
77.237203695462,90.0596804532286,0.200614263299119,0.440442396560684,0.815655106066596,0.390157891901881,22
179.870006057229,37.2054020913327,0.455018567891058,0.942044890485704,0.533911723429989,0.771864363833398,22
55.9873078364022,2.49619425087027,-0.0078473240426035,0.013945487793535,0.0719081382584884,0.0665572779128581,41
61.7859674348281,1.35093120209421,0.0018252589841723,0.090795693686232,0.0435850011697738,0.0773109415165528,43
89.7650728879016,11.0972689660304,0.261608128564236,0.520083143841475,0.233084133514768,0.496140882799181,31
61.3763772477058,33.3097276310822,-0.0644896415058724,0.0641906089149415,0.499483014835987,0.0181447882966721,21
150.600716334276,203.104854094214,0.181184010878203,0.918466070666909,0.972271193477539,0.355874000820563,27
89.7232634157836,7.04505663814837,0.061051203174541,0.6127053424716,0.164533596432449,0.15576745420096,19
66.8154287250564,115.956520810055,0.40771746327844,0.336614019004628,0.881330626456697,0.71585927607938,19
75.6291422639295,55.2460136385395,0.215279976327227,0.471458342624828,0.662603837827869,0.41597282151487,28
115.577496572878,93.8033258444408,0.243228368657491,0.751228740205988,0.827091896566676,0.464678889177388,33
95.1785002339127,3.21085170274204,0.689822468389714,0.707396285608411,0.0881433818558085,0.939582483657321,21
78.5972570916461,1.1888888208683,0.605534925965877,0.387383567867801,0.0392508892625745,0.898160478835025,12
84.4960413319732,18.4233200976185,0.0929689913749494,0.450681760208681,0.337403999408035,0.205178158625538,27
156.463909115572,191.456717624762,0.356398591368207,0.956179245607927,0.966380738914489,0.64612371209923,28
132.199905949989,34.0558847844505,0.723972837940916,0.863458428531885,0.506294673397601,0.951790417231718,23
69.8851197778591,71.8515287864236,0.211848714420514,0.265160301467404,0.747693012277581,0.409943466635968,20
65.3251456029388,25.396714868515,-0.0163434109845082,0.266548100626096,0.420133794135959,0.0576637772350629,34
135.427200068271,39.5901179488176,0.231408243012842,0.85803832882084,0.5536686985823,0.444183767202842,25
121.937129761047,5.9894700221307,-0.019460951818172,0.820360423764214,0.144895489113716,0.0545347170362507,20
85.8200403369048,10.9857374502715,0.458470289528141,0.61983111104928,0.231319917855489,0.775634020236288,17
65.2311727651553,0.760828351050676,0.47682027165898,0.232756042620167,0.027196728890997,0.794952237509585,18
75.5580706913412,33.5479128448879,0.549939110157789,0.433579842094332,0.50166897697628,0.860193399695341,25
90.4533148626466,158.848227481591,0.387216783443405,0.612908829236403,0.942215653835583,0.689093250372435,31
86.1185366784957,71.3041556794966,0.480846814423595,0.541417612694204,0.74528376968871,0.799029418927325,36
72.137785857413,25.4828954163816,0.34851831777032,0.337411536369473,0.421074425622799,0.634630068037169,30
109.892558187067,6.79782425242277,0.074692764319202,0.730162657098845,0.160011453757539,0.176389876811864,32
162.44999004722,63.5119653844992,0.420754459203045,0.939566252985969,0.708230678063816,0.73210225180199,33
72.1797087454079,39.9909791294852,0.147349264355302,0.346983026713133,0.556897127362096,0.296570400800168,22
111.429374465539,9.47858699905885,0.22455471350024,0.810106210410595,0.206848955709112,0.432225464738859,27
70.9363066393916,150.96479894521,0.415793497732,0.300061290850863,0.934090779643257,0.725993271799178,24
64.2460231087259,15.6000692865439,0.103676188984041,0.113093002000824,0.299658790208536,0.222577513202543,43
69.9343134820845,7.20889021309956,-0.0359897350416921,0.381483979988843,0.167505592143921,0.0392061146386039,33
95.306698842247,43.4299087466168,0.403178125613991,0.588221648242325,0.583554036909486,0.710060853295291,31
100.496452735707,41.0984840422822,0.054394780955479,0.622402815613896,0.565682630116411,0.146006304262606,21
81.2210798291775,31.5054702382142,0.671577555291654,0.520554303890094,0.482563183056819,0.932066282102429,22
72.5819651892597,31.9092054131458,0.22371467508727,0.360354830976576,0.48640558833269,0.430756483812587,24
72.9116032562126,163.492867555789,0.325242252852057,0.326029421761632,0.946518775969933,0.599546944888706,25
62.4612460356432,17.7776100659884,0.484241811559652,0.0476862259674817,0.329011891388294,0.802422133834736,22
67.6308346904365,2.2048212875759,0.0392959846265997,0.295512102078646,0.0650136463545257,0.124672301034094,29
66.3284122951749,14.9689890206787,0.0801140856808035,0.179161012871191,0.290830611623705,0.18479928680173,28
59.6034087858024,26.8088705344255,0.414430905127957,0.157056258292869,0.435319836837768,0.724299861828968,17
88.7597084139326,7.74683101234749,0.659306605707928,0.498308361740783,0.177130864287045,0.926588461551793,15
62.1843378955867,2.03514351529822,0.25430913108289,0.0409328287933022,0.060912505114867,0.483713076084344,31
119.074322322179,34.8262694107621,0.0652392977772212,0.778500704094768,0.513217079818986,0.162013096081405,26
125.598111797264,42.9987474143168,0.351088629261938,0.817552598193288,0.580311095733754,0.63840091078858,33
62.7405922569176,1.74512605447295,0.612519201530434,0.13151041069068,0.0537364712370779,0.902286650439028,20
166.241719358537,21.2244254834534,0.576928947726184,0.936434232397005,0.372292241956812,0.879796559782381,21
61.127444037396,21.4421457114884,-0.0314987795687307,0.0370702953077853,0.374905960130833,0.0431559239111221,34
70.1065853617612,78.5041349989558,0.722802760174952,0.258458770578727,0.77513733086839,0.951409598609772,29
83.1995524832696,59.0614203244226,0.600610276968526,0.593509629834443,0.684543753426462,0.895168576957768,28
124.679592074887,104.132327661842,0.569925663410378,0.798708372982219,0.854998660911563,0.874928441504544,38
56.4818324007459,10.0775995460103,0.183838379912952,0.0173020055517554,0.216719430198922,0.360556191420311,26
57.3941067139104,37.5163674896573,0.628786879175862,0.0449690888635814,0.536542676645783,0.911379400791507,18
66.4244828029294,110.833407260856,0.714856890719979,0.291468385607004,0.870583142662143,0.948755613623206,20
107.796762285281,40.3638243907916,0.812769396392732,0.793147472431883,0.559876632253592,0.974189317442607,22
77.5208668889288,7.18294368745,0.418266779211263,0.436325171263888,0.167036204281698,0.729049973275515,30
67.7902105225944,26.2511601628494,0.237816422869449,0.173539537470788,0.429379641818444,0.455317204550084,38
98.0825707633311,27.8845777631336,0.273689833222784,0.750773092266172,0.446571644642339,0.5164939582071,21
71.1861170414352,73.3320445931707,0.337695389592327,0.293548163259402,0.754090350079547,0.618523332795721,29
95.2322440102336,23.9597949036392,0.2359321899927,0.668582332087681,0.404175991392729,0.452048776896189,28
68.7112021582125,8.3803484389133,0.810860431496211,0.244066983927041,0.188217613308672,0.973825343177388,19
81.6151201336128,23.5096133573585,0.134448147688476,0.397421229397878,0.399067495040634,0.274306362668326,34
79.8737315214865,25.0522970415779,0.0349914112945839,0.376263739075512,0.416356237452377,0.118809246157217,24
66.3961142354946,29.7569854135056,0.438949381596103,0.29083659267053,0.46553474924571,0.753746612890614,23
143.259708374082,99.914353818241,0.423202629815976,0.881494638742879,0.844210636070168,0.735084267733104,23
156.004244499374,46.8306324473626,0.0465742681760268,0.926146663026884,0.608189301140711,0.134811090590635,27
114.671227867112,83.92423755689,-0.0199800339501551,0.745688675669953,0.795185952210949,0.0540208615137221,14
106.101159701018,21.5096438599354,0.598649260062821,0.801291696028784,0.375713519273861,0.893957941269015,15
89.454016952883,6.67700592362276,0.15569191399778,0.617590180132538,0.157784877848821,0.311095279469767,24
59.3930965234224,25.7092022630891,0.291266848423351,0.137814968358725,0.423535802421521,0.545554278337984,24
164.957964854159,181.955790406657,0.442558226080233,0.950041850097477,0.960648914376265,0.757897075102659,32
64.8908047898153,44.3207114138121,0.218716514743785,0.180198096204549,0.590167193698691,0.422003098886713,28
57.3760176844507,11.5846955345761,0.0611627472051847,0.0237112850882113,0.240722874696762,0.155932775366325,25
66.7333066671145,1.76357146509058,0.129967776176917,0.23939436650835,0.0541996370799,0.266641987358722,38
59.9711855949407,3.36072993298195,-0.0240949423734441,0.131355084944516,0.0914424861580462,0.050020472594962,38
87.8110192399596,23.4370965462631,0.160539570640822,0.556907503865659,0.398239623650746,0.319571835271868,31
57.6190540860451,57.0855028448382,0.431088231795414,0.0639282716438174,0.673378516798453,0.744542169741537,27
89.5535162130041,2.0708671772232,0.179278843091347,0.587513897335157,0.0617815859833143,0.352514568607331,26
67.7842829789665,143.17789343489,0.516696220545352,0.26216541742906,0.924923556940504,0.832804928112498,23
89.9735852500316,141.38509114372,0.526470983090666,0.587128816638142,0.922635222571097,0.841241907137232,26
69.3618904055764,18.009604970411,0.512224722345765,0.232558521907777,0.332042867387829,0.828836640636354,20
79.6214807987958,30.4290868780426,0.153556165479829,0.451979691162705,0.472155985602752,0.307368753382974,29
100.968814233879,62.7175982407955,0.229877399517818,0.754038446117193,0.704145462737416,0.441517003967748,29
123.704758788906,78.069987524126,0.300564659771708,0.890223412774503,0.773445322326686,0.560632534246816,25
104.133835110348,83.1269366826128,0.367486670915142,0.741717024939135,0.792357650809151,0.661952453352705,34
85.3253135659673,52.7360645604157,0.286751159198232,0.611133174039423,0.647282517844025,0.538155395638399,36
89.8603943995934,99.7866206383607,0.0974479800024615,0.513985994504765,0.843871330690861,0.212412575140087,18
135.883848590463,2.40396132395767,0.306673634574969,0.921585285570472,0.069744848960822,0.570419879522184,22
62.5079450453139,63.1515199829417,0.023018601095808,0.148971464950591,0.706384466401518,0.103051890216057,20
92.4660684507098,44.4769846934407,0.567509356543382,0.582190293818712,0.591315402000591,0.873213765380547,29
102.857196689941,34.6550744474491,0.179361972338083,0.732363287592307,0.511688356412813,0.352661128154363,26
128.015167458305,68.6358058174302,0.497115356094768,0.811013345373794,0.733187842395561,0.81491542458438,28
79.2651113333753,17.8496892976233,0.384594955239844,0.53697235067375,0.329955509778464,0.685563729430336,29
57.5337215723888,20.1306890323751,0.260934266998453,0.0225891913287342,0.358953131457818,0.494997475008938,22
72.2175469204704,140.678356086117,0.296155142534121,0.421713230665773,0.921713744052062,0.553508388387531,21
81.6110893931941,14.8273827382403,0.648197499664455,0.517447137506679,0.288828808823674,0.921321104205214,20
83.97537279985,30.2589506805812,0.385870122420148,0.456165998242795,0.470488925433417,0.687283350141285,26
129.56094856574,24.1860239211355,0.350787916344852,0.849453059257939,0.406723243944734,0.637960833885728,30
109.292655141428,8.93676519164962,0.165121311258251,0.76016106409952,0.19774664924181,0.327603881275597,34
55.5356368077354,28.8528038599169,0.122462692531958,0.0275194614659995,0.456474057077355,0.253894584259884,14
161.703188774505,56.6595666881994,0.21889875953421,0.962906989268959,0.670916821528111,0.4223226393081,26
94.0424403137549,31.4194112146491,0.383051543744862,0.649859650526196,0.481739873750752,0.68347482960408,27
167.881731779949,25.6425582301567,-0.0169781308054288,0.929198079043999,0.422812266456347,0.0570207769661991,23
57.1039602120693,0.379930386246769,0.167433799561449,0.0484434433747083,0.0153375227202882,0.331664330743392,31
56.9896941020271,14.360460027113,0.742699685354045,0.0799787233117968,0.282172744992233,0.95754967233515,20
75.9149625146863,12.8006600499696,0.102620387061936,0.359628678765148,0.259293781685426,0.220846071314538,28
66.9225195208574,0.719412725388245,0.344632738434845,0.175981414504349,0.0259716147997582,0.628889753168881,20
83.2610513173433,92.1339022639858,0.498138363935562,0.446276272647083,0.822085362329399,0.815883136561887,20
77.7140262538813,72.3610326171476,0.363668684419185,0.386633158195764,0.749914075485079,0.656548060146765,30
100.603996210458,88.6661629755683,0.554217647389348,0.710438850568607,0.811200270904473,0.863454422942422,29
80.7100769719859,17.7037350701617,-0.023735578825173,0.493304647970945,0.328042964173034,0.0503646263216485,23
83.5720497622456,42.3092439623658,0.0833472302440889,0.443003090796992,0.575067072476779,0.189868396594283,27
115.116855160453,74.7760103537376,0.642123636518021,0.83811661740765,0.760166061338355,0.918313076915302,27
102.288084823862,3.15604304538211,0.522074665022126,0.631878480082378,0.086928436763151,0.83748744199629,14
85.7904302944043,1.82628671474431,0.0590061634805956,0.597070942865685,0.0557672756764189,0.152746563325495,25
59.3621226157068,6.71948698628204,0.399960798962804,0.0462459265254438,0.158569032766491,0.705906749374208,27
104.707727830071,187.00730899171,0.53388467237905,0.709470837842673,0.963809842392139,0.847425851298638,36
65.3944703604255,171.077256174665,0.350798450445213,0.155507907737046,0.952858864716774,0.637976254866869,22
128.909141099532,41.0284563437532,0.535869091667696,0.851402761414647,0.565132880869347,0.849049961213588,34
65.7036242690365,35.5632134377022,0.374966361478165,0.195967449806631,0.519736177577329,0.672398032403681,29
83.9264556501959,15.9373725440328,0.183018560167255,0.45042981300503,0.304316242950264,0.359109886482223,31
98.1722843044737,20.2672705474096,0.262318031276231,0.650664649903774,0.360638208195554,0.497344546039562,20
80.7226964652839,43.1173094273031,-0.0102674459577926,0.38164355349727,0.581205612146745,0.0639702448454413,23
89.0252616660955,18.4620730728341,0.338889631474156,0.618139552418143,0.33790332293318,0.620318503241907,28
147.208083396123,31.9402515073496,0.10708372175851,0.871168344747275,0.486699696922898,0.228187808861963,25
71.9904670352279,9.65599216957093,0.394427839143394,0.355316719738767,0.209792851676585,0.698677102637481,16
64.7169619165843,48.9638864801791,0.405311145124885,0.131936875637621,0.622827981211346,0.712794657512269,29
74.2137635231639,74.8165737561215,0.652766258281346,0.453946604859084,0.760334449510999,0.923523609732818,27
97.0141739944643,20.4866924447203,0.52144753519211,0.747169907204807,0.363333656164623,0.836946533283097,22
67.2695578058082,4.72040172573294,0.0770087009755262,0.139709351584315,0.120017222906495,0.179968144173581,45
74.2123233915537,10.0890204860982,0.0072834943289442,0.303326601861045,0.216905724366939,0.0836624748226578,42
88.8861019760998,17.9850035620522,0.0979313167210631,0.57731637568213,0.331722299782442,0.213197124766202,29
67.6251276273301,11.2815763456133,0.230797695494157,0.273786173667759,0.235986085800537,0.443120492094564,32
129.933157824058,27.989581312908,0.259086689528481,0.841996511444449,0.447655738052095,0.491858296524887,32
93.2734356538542,125.1860618699,0.0924366539481366,0.700274059548974,0.898443977689153,0.204322727353903,22
129.653693871087,117.002039620148,0.500637776716862,0.882818969199434,0.883409085989041,0.818232012433461,35
157.830194108593,23.0270496618894,0.0319035293325218,0.939043064136058,0.393532139687857,0.114666549182138,16
63.3978250121536,74.7941512530065,0.109925628545062,0.0676787467673421,0.760241383765672,0.232891937204919,21
165.451576916256,9.62884583515471,0.647735322841691,0.936839755624533,0.209343519954475,0.921095440802556,22
70.7929530221873,7.87995217086351,0.19696678475892,0.213900309754536,0.179482285427738,0.383724109061362,30
91.9627997109662,22.3864315831123,-0.0154893682052862,0.554952876409516,0.386086977309256,0.0585337189962771,27
62.1659124425697,23.8053280850411,0.193905744673478,0.222682373365387,0.402429129187731,0.378322723095287,36
126.967597431631,17.0358040176345,0.489726736628211,0.812597681069747,0.319198764881018,0.807816748128233,18
67.187309794302,21.3033232167477,0.302998959042383,0.311477975687012,0.373240974448597,0.564544234808467,27
73.9771532437206,4.74395926064509,0.284134430863374,0.421711070230231,0.120493326913909,0.533846142937013,31
86.7409363787652,3.1525897250471,0.389397788595674,0.536071009235457,0.0868517311403189,0.69201110258964,30
76.3056106634436,5.60507619519269,0.576894263988226,0.382655304856598,0.137517408772084,0.8797728199381,12
96.0325613135195,61.3097358407023,0.401821319258979,0.616479274118319,0.696755378293406,0.708313470521064,20
68.801684947986,15.5774207706395,0.282716058423949,0.378668481251225,0.299344553553172,0.531503820076456,27
108.315360829671,64.84126755162,0.582702423840316,0.774076261557639,0.714933810074743,0.883697572591709,29
70.9217557807365,33.0104619445572,0.479812903731085,0.387738950550556,0.496720946078172,0.797988035613789,25
82.9369038185261,21.3047413886606,0.328021185166117,0.496993833687156,0.373258011380292,0.6038216140506,25
86.4483572853052,176.27266375017,0.234852361364109,0.479043830418959,0.95675715486776,0.450173687260831,24
67.7656714630444,35.1869016693121,0.714151866381483,0.167870032833889,0.516419709305708,0.948514334306517,23
154.189870354813,22.8187517675783,0.695147519452624,0.917864056769758,0.391123554429887,0.941640749188148,30
82.1898735905819,42.1544561771722,0.376107341066768,0.492076088907197,0.573879923026299,0.673974762209349,31
92.8242192245735,27.5381538709673,0.504663753070715,0.576384356478229,0.442977228251816,0.821969579333435,30
80.1605817257417,6.52566960712166,0.0330204858593861,0.460053395479918,0.154980074975853,0.116158877004314,39
60.6741021408981,2.66811296980015,0.0746982810725927,0.0594517444260418,0.0758960970592867,0.176398375023738,38
78.7631784688573,52.3887538659721,0.150647502527718,0.433291889028624,0.645104168888921,0.302302318204315,22
84.1522929839649,56.3236954142173,0.397064717400962,0.448490852722898,0.668961658496109,0.702136062607472,29
107.45426489782,117.421738005867,0.462564441624333,0.71306907851249,0.88423290962436,0.780049406692886,27
118.742866778059,13.4542081511819,0.159670531448459,0.869125063065439,0.269003888777454,0.318050501758969,27
120.674391281981,42.6371363784387,0.627199053680856,0.778390715131536,0.577569815997249,0.910523118896066,27
109.061179416441,190.38737413435,0.650866908404092,0.760676660574973,0.965780239920211,0.92261418030568,33
99.6351273872339,20.6801821695585,0.138395201268978,0.755571295274422,0.365698695671373,0.281089022601422,24
104.319145721582,21.0520580093967,0.236505264744548,0.762394777266309,0.370213310701737,0.453043317722051,27
88.688458110043,70.7709146729565,0.389175793419224,0.514490561326966,0.742913476828231,0.691714865569031,37
107.173904015392,18.5116821211247,0.295375344767119,0.748189149191603,0.338541815650842,0.55224345284585,28
115.871105808216,11.3155645269415,-0.0015397391340278,0.784211806487292,0.236519422145773,0.0734958805822004,14
59.3578741219535,6.10949584467034,0.245498591439209,0.150112381670624,0.147173323643163,0.468593819677512,28
82.0298534587634,131.639943160536,0.636429597662238,0.484368372475728,0.908893136320832,0.915408766762714,28
108.586444520924,11.3706525459014,0.189519995457331,0.684865291696042,0.23738266196649,0.370582372868028,26
55.7105599198421,0.371332896016633,-0.0229364787935403,0.0331678439397365,0.0150502382324038,0.0511334946370786,48
76.2978817384246,52.8767032238512,-0.0003315487167533,0.479245881317183,0.648160508750238,0.07485670593931,18
93.5718718695453,30.4106426976749,-0.0094527073508872,0.589127948042005,0.471975556734993,0.0648364532025909,20
151.31205698565,88.7017214174977,0.61593746368592,0.892621006350964,0.811315321684525,0.904256790210412,32
57.3548382879068,20.7265887813403,0.379283077263945,0.0437951439525932,0.366264286367112,0.678339910095646,23
81.2840026688587,8.89620383857067,0.328903972480656,0.568332197610289,0.197058339655393,0.605174795059449,33
84.4701646202221,53.5022474978448,0.336996253855502,0.501670355210081,0.652037300687647,0.617470368179818,24
60.5181247176027,20.4800627039048,0.127864239388472,0.0499911673832685,0.363252424140927,0.263057160034403,20
95.3998454655259,13.2207549335295,0.342735070259893,0.716729926876724,0.265556357751514,0.626068966597848,22
86.6517930479038,68.9420958333287,0.169755439914267,0.618352780584246,0.734606492169804,0.335744719036484,23
85.2097297703403,14.9977804992486,0.390084605109442,0.590016255853698,0.291236673205734,0.692926520674674,23
87.6405715124481,181.935465114459,0.690214033355678,0.54195051221177,0.960635647241455,0.939735868578502,19
114.355966357481,2.28259841672475,0.300501001337299,0.834468679269776,0.0668716322506363,0.560530036398306,26
61.978838033182,54.0041187341287,0.520153815053375,0.0213743534404784,0.65511440814603,0.83582645546698,15
69.1779692873953,15.634960745625,0.200572174619579,0.294242071453482,0.300142518134977,0.390083671579662,30
85.90083098753,115.885183034375,0.165023644114227,0.546659942949191,0.881187432975191,0.327432480257952,21
109.187635904011,34.3348363575229,0.532192165030067,0.711296884343028,0.508814067961478,0.846030293297619,19
86.6087992519179,100.068749957843,0.0038910310253279,0.587650923291221,0.844619753332976,0.0796912789846783,23
96.4974554765209,4.08608673142662,0.0703038432104277,0.658678929787129,0.106968028220198,0.169668451462696,26
64.2254020807171,61.9244912806379,0.275973556444087,0.158905738266185,0.700006147194398,0.520308158204688,33
63.7254814511333,42.5180727224072,0.122874231637131,0.0606990756932646,0.576662910008997,0.254590423628158,27
63.8016710595554,40.3244502122526,0.572081839845577,0.146004016511142,0.559563036341076,0.876443279972081,13
77.4250647619242,34.8774553871579,0.278549886980974,0.403806013753638,0.513673101921838,0.524597763293546,23
62.1387930949775,0.823645080438118,0.54659145331842,0.0547922933474183,0.0290319183279295,0.857600682897811,24
82.5758943594846,1.92169945971478,0.527547657089845,0.508425576845184,0.0581317527954418,0.842151436389136,10
136.875251040254,15.650132576301,0.0643078606808207,0.856222951551899,0.300352716171112,0.160617296057225,16
61.534237174638,9.28402577696179,0.103472789357326,0.0397569213528186,0.203599935446103,0.222243695245474,33
60.6459361675944,0.593730159305409,-0.0484596203621927,0.130921008065343,0.0221706560083611,0.0291182312443214,41
161.799062417563,6.21694792993378,-0.0067142172527798,0.948100770357996,0.149202380455656,0.0677829970691645,16
65.0161821746317,12.8194953186426,-0.0508447649692297,0.194704264868051,0.259576209655595,0.027340309024047,40
67.3914804377328,60.9031775100843,0.255760400707554,0.26573082851246,0.694584987572047,0.486191479198373,19
95.3743649328205,42.6767155342529,0.18580567429992,0.619418004294857,0.577870815120194,0.36402736394028,25
80.7829926419902,34.3145580864446,0.242506527235412,0.558481220388785,0.508631414984588,0.463432551548146,25
105.38145950814,10.3136618043785,0.291208775001105,0.729339669691399,0.220555884759656,0.545459433584796,18
65.9803264259375,66.4767282710011,0.372187583848749,0.219672560226172,0.72295800409721,0.668539486167158,24
81.2705921566028,13.0352538665501,0.139700445685561,0.490123329218477,0.26280039891388,0.28333788747585,34
103.479775313481,73.990963365144,0.746668619535795,0.758738201810047,0.756882621481279,0.958691898770397,35
60.6307441321296,7.01505010398088,0.312365031659959,0.0371430658269674,0.16398715470246,0.579449144742478,32
69.4823186482794,1.11487213129227,0.049277220617543,0.234998618019745,0.0372342828531712,0.138646027778954,39
66.108352079558,16.5353310712727,0.420449901397767,0.310786361806095,0.312471052018068,0.731729770335215,26
79.5345222292442,96.1074268855472,0.387432349965318,0.412569544743747,0.833763698289527,0.689382383949169,27
76.6993157963365,54.8036641405015,0.0900594257160915,0.400328386109322,0.659956398234269,0.200514390793488,15
93.6433577295799,40.641179538529,0.480837003551602,0.648418425116688,0.562078619154842,0.799019555085157,26
100.896326236031,61.9981293321813,0.696315115614653,0.67681720899418,0.700393048857719,0.942084130703344,26
68.8137398958785,9.72697846302481,0.688955522610529,0.372192875947803,0.210965899055267,0.939241722477487,20
74.2590797725796,85.2125716404785,0.590104628669288,0.344722363632172,0.799671749424839,0.888553133340456,26
136.440230464704,108.933268029159,0.261138504925687,0.854711870430037,0.866347360513212,0.495344113158149,37
63.3197231811166,8.31843232185419,-0.0412142699663394,0.12603147001937,0.187145442593523,0.0348198836405988,48
97.853526367018,5.46835204040968,0.233747043587851,0.664006291888654,0.134861530455202,0.448252869464307,21
153.396927157356,77.7535194517066,0.226295668123334,0.8998173403088,0.772203571148974,0.435267723353925,30
65.1754387082652,36.7241850170142,0.192576684067811,0.213213955052197,0.529807210605545,0.375977172330528,31
65.7718206879463,148.358183182143,0.584960152747843,0.177754226373509,0.931156251694063,0.885195819255338,21
71.7482458716715,5.9557046935411,0.158180261694947,0.237316335085779,0.144252509432664,0.315443369477041,31
95.4763877966263,13.7542975655162,-0.0328007114025808,0.629924414213747,0.273401853119606,0.0419940117267177,25
76.1597533050386,5.91209894411703,0.365525856708723,0.331840505823493,0.14342070826676,0.659182978593116,23
68.5001161896993,19.9411543657541,0.0254001510827871,0.183213058393449,0.356605437412288,0.106119727414679,33
62.091956013786,78.2306307178299,0.367171803019677,0.0716611300595105,0.774072943534158,0.661508597545359,20
95.2787424533549,74.7573881438553,0.425127321596996,0.705806046258658,0.760088714693087,0.737413463031188,51
65.2308798734625,63.7696406920452,0.226808946997022,0.154495982686058,0.709542955331898,0.436164088794596,26
92.2471143082449,33.4137638284062,0.716489586481059,0.639438999816775,0.500439157571683,0.949310709676929,23
135.409757674377,8.63516488687843,0.417333502281151,0.852456157794222,0.192604988536647,0.727899132148519,16
69.669358167682,49.0385667803627,0.28389018220043,0.277859301073477,0.62332955751471,0.53344311169738,26
78.3494423323978,20.6342698087007,0.448524536536184,0.388764239614829,0.365138505310298,0.764655193994367,23
57.9887188538894,25.6069672597941,0.175287151533789,0.110277017112821,0.422425420035854,0.345480209678501,25
61.8909640462192,73.6296795298917,0.109348755283385,0.145277957664803,0.755355765250437,0.231935253843177,23
61.851283432715,2.39814046907494,0.294675795658749,0.204464653739706,0.0696077449159412,0.551107411256957,27
117.409499227467,21.2115569263987,0.30084472621315,0.858729971339926,0.372137329850575,0.561083352178683,21
58.6757973339038,22.9086164064649,0.427719557692637,0.117282548686489,0.392164109937164,0.740529338403703,21
82.1306126852083,6.17266875616484,-0.0412636647231758,0.54174543521367,0.14836739235663,0.0347795017733496,35
82.8269681702725,76.8619474013742,0.27673511068632,0.440174520714208,0.768666850136151,0.521577631756302,24
66.0318698322056,11.7317903155821,0.455039313324914,0.223787778289989,0.243005665489066,0.771887148948786,28
151.675164131354,21.364658490457,0.136018564266203,0.903218924533576,0.373977287038638,0.277001681411379,33
143.827932517409,65.8977599260048,0.0731297725975853,0.925903730560094,0.720145008133958,0.173987154617103,29
57.6408876796509,230.590415027628,-0.0101009470760123,0.0739644761197269,0.982374141537598,0.0641468709168112,14
78.2972695379558,31.1605959650149,0.080551817751622,0.37474904791452,0.479254724852225,0.185483274606073,26
60.9364462538841,57.825814392471,0.153058131144861,0.138675229623914,0.677610420407616,0.306500526151698,23
105.628750596401,25.4749721041248,0.0974215478632596,0.68487069895491,0.420988021713979,0.212369691993576,25
168.737042438992,56.3935015105883,0.274436697602463,0.933826775988564,0.669369032610772,0.517742550495991,23
76.4660514290926,13.4644034804752,0.230574128613345,0.355436766287312,0.269153924059694,0.442731043800477,29
171.811772549419,21.9545693642851,0.260984348331599,0.932962847640738,0.38100440119674,0.495082481422887,21
86.4471141750812,100.781959544849,0.256005461864432,0.632740336004645,0.846495284670407,0.486609629663515,22
82.9550955161582,54.8177025738316,0.44876260401573,0.513612486422062,0.660040759161863,0.764922177476973,30
66.5620963346638,1.00304844882212,-0.0418928744957006,0.259796083671972,0.0341386815209985,0.0342668995074274,49
67.176373370028,19.6546815590139,0.0099100853193507,0.334351506084204,0.353036298165017,0.0867894023807507,20
77.9427637959163,18.8048362897317,0.0446981577055371,0.523523445473984,0.342298695592878,0.132171163056626,29
69.5677915745832,44.0629204315665,0.36583964204853,0.261591546935961,0.588265343735596,0.65962703596401,24
75.7601781090464,52.0059814341029,0.290965200532865,0.332919006003067,0.642686591654357,0.54506154274333,29
67.5725000096088,72.2494661147742,0.172850302639105,0.284918915014714,0.749429488697099,0.341189413596206,23
144.296978222901,5.55085892615674,0.0556323108048674,0.899665281875059,0.136466264121576,0.147805267571565,23
60.2125026946201,10.6240922304217,0.305615670117798,0.137978865532205,0.22555649134217,0.568731881992492,32
76.3401771766075,70.6834375297058,0.30267883296699,0.489238170906901,0.742522426636341,0.564030695045991,30
105.337740115982,14.7312241456535,0.110568429752376,0.802885603159666,0.287465041182997,0.233959019192538,37
170.407583894931,80.7161868751651,-0.0405956824917721,0.933196562575176,0.783555923125713,0.0353273360316458,23
173.284132892397,190.550329841733,0.827798144035614,0.961521553341299,0.965872444860715,0.97690370923677,46
57.7096007166495,65.8942880480174,-0.0379666403997665,0.0423539727926254,0.720128048817681,0.0375197503517982,14
116.8567423804,47.1474912390538,0.339041007108791,0.747923517599702,0.610402201530869,0.620545735871186,27
108.290560974979,25.1238399529331,0.18934476748511,0.737356094876304,0.417143342214015,0.37027311040555,29
177.028315473489,109.369448087503,0.317667103434286,0.952853986760601,0.867332115991282,0.587780963705937,23
114.486330117377,98.2570008057798,0.0741923235238805,0.800484614213929,0.83974839669149,0.175619490651992,23
74.1164791898524,8.49658234494908,0.524406600883118,0.322980286320671,0.190223893873863,0.839487065018899,17
68.3391705894297,115.971489744539,-0.0421998884278638,0.230720049934462,0.881360650550853,0.0340179945328387,15
62.729752844968,35.4515272410205,0.307732211505167,0.230309250531718,0.518754569481937,0.57210588008468,25
57.6485355790722,36.2565768675174,0.50700817202021,0.0741930464282632,0.52577978363367,0.824120035668657,17
65.5578863443615,21.4926805292046,0.115649120876948,0.22802910185419,0.375510689257019,0.242431569783541,30
123.659176572724,76.9822689018818,0.16360513937238,0.800351023441181,0.769147477026928,0.324943947438532,24
84.5697740177224,73.9512580879999,0.22763082617723,0.554211762500927,0.756715308844746,0.437598822095831,28
105.517299336526,56.0505710303906,0.189763728415861,0.673555227462202,0.667362588179189,0.371012542281081,28
62.5712038985765,31.5844967166906,0.131336726016649,0.0861376200336963,0.483317886606239,0.268979694171726,24
62.6006166700237,34.0487069473287,0.5317746186261,0.145386666292325,0.506229651987165,0.845684535212929,22
73.8617061920017,43.6699573464374,0.213203027236841,0.360241278540343,0.585347583446413,0.412324166826949,32
60.5654160326048,118.845979574303,0.260350870529486,0.0354464689735323,0.886984374667823,0.494006902091191,14
191.937086132485,160.870803007632,0.26796959902812,0.953320926986635,0.94413111320103,0.506893168873483,28
87.3899673546431,192.864142408147,0.0808719751645171,0.521019428735599,0.967154883339363,0.185984006142729,9
66.3575624187031,111.808153017486,0.425347071235331,0.216413016198203,0.87270231483113,0.737678545156878,24
65.3911830682009,56.2304783299776,0.170751921679419,0.284451910294592,0.668416824554218,0.33749716991265,30
120.872498171049,3.80479568660127,0.0259989502657862,0.786331207724288,0.1010294490964,0.106896379668671,27
64.775811935784,32.5930248514212,0.256724456976573,0.197955216281116,0.492839054277131,0.487835865130673,30
70.2998771142424,9.69461040832772,0.114579894534012,0.388667268678546,0.210431363541296,0.240642994866022,26
68.130823230715,15.6977690365048,0.0847880616460911,0.281511236913502,0.301012140498882,0.192139968714377,34
102.588876362369,178.30882988239,0.410675734669685,0.68857764499262,0.95819441167925,0.719598504027714,37
83.59206602181,105.342860706032,0.527705878099563,0.508607061346993,0.857950473867137,0.842284765902222,26
79.2876234967174,1.37140926106051,0.0732980617146273,0.377386938547716,0.0441253964000993,0.174245380731728,36
92.7601705475544,15.9764295801538,0.215095993052998,0.6396066066809,0.304852838789729,0.415649730818925,27
119.925319546103,93.7978940702167,0.825459986366319,0.868957027792931,0.827075845355701,0.976498573066996,30
67.2328150355781,1.78400913725394,0.0729473688896859,0.166865378152579,0.0547117036593707,0.173707401708586,36
79.1096137554419,66.0471684140496,0.522929346654622,0.377186118625104,0.720873805992625,0.838222467313561,31
175.841251888236,76.5501222746137,0.76687896698096,0.954128865385428,0.767416382323142,0.964109463803853,33
120.935546189694,109.916330867437,0.326484387589787,0.795231227297336,0.868556283788368,0.601460448818647,26
59.9857235414932,13.1817198968359,0.165925893523795,0.161042553838342,0.264977646094879,0.329016168963635,31
82.6896828011025,146.982484690585,0.460857281936056,0.48010774422437,0.929554275302822,0.778215664805127,19
127.753452826588,15.1340935419753,0.391728980655709,0.797220589360222,0.293154852485231,0.695111508545597,19
73.9985194440695,41.1498286933577,0.527121470099419,0.283905586460605,0.566085219724977,0.841791878359165,35
120.185388147115,126.651674469825,0.0025519852038211,0.840692937606946,0.900919590983947,0.0781450351720033,20
62.8842623780757,88.4969710395253,0.220000494598428,0.0832928838208318,0.81065184615811,0.424253800541321,22
71.8226680236137,4.89916700121715,0.0670362617216019,0.300110338721424,0.123615688262476,0.164716669560424,26
69.0478510784203,88.1981328684563,0.215129213356268,0.344196553342044,0.809679141773321,0.415708070336814,21
87.3722126007986,90.1446438501755,0.0618418508501866,0.637631101533771,0.815923170812287,0.156940504863191,16
65.7258693543823,22.3137073752693,0.0889574880015857,0.136476040817797,0.38523470339263,0.198755667210753,24
61.4688003993946,1.80204037609116,0.0444063839528681,0.107943514827639,0.0551625059531804,0.131762231406504,47
105.584472085829,4.38948844121488,-0.0419701246096809,0.699193991720676,0.113266253119557,0.0342041957111795,20
67.4663597587722,29.8748434052902,0.118569477568829,0.156437462195754,0.466702776617892,0.247331139061592,32
64.5717585650568,19.4536096301027,0.390240252560673,0.155800353270024,0.350516130063223,0.693133744974488,35
83.3546640339804,11.0872630651341,0.315210265029162,0.494632413843647,0.232926110864795,0.583929934702228,31
76.8228397784152,162.312666017336,0.30786546795164,0.506278186105192,0.945457163582375,0.57231790653201,18
110.486387499213,71.9242928612077,0.191299235255377,0.736140303313732,0.748011473836688,0.373722603355801,21
105.686002417756,34.6030799693849,0.28813168545308,0.670732158934698,0.511222982489564,0.540422469039497,19
76.118182096293,5.04219128792905,0.128928671587239,0.336362096248195,0.126471225199481,0.264870032985554,29
171.065398262815,32.0129492578046,0.303346698723887,0.94337525498122,0.487387626667591,0.565101770093017,23
120.926701804862,177.15888844874,0.578937075575584,0.863339058123529,0.95738875999227,0.881164829430765,29
60.8995688252765,184.457714206896,0.566982244679757,0.0493158749304712,0.962247938327614,0.872837304565287,16
84.9848218580043,92.7546420915413,0.337367957847935,0.516358667751774,0.823964223000958,0.618030376059736,24
98.971438705696,61.3109045305739,0.126651371529042,0.641941515728831,0.696761593601152,0.260994337719782,28
84.4213615599282,108.493274479196,0.343846009345317,0.61452972330153,0.86534638692054,0.627721690414797,22
166.807108305015,63.7123883766269,0.604442448490884,0.937292010057718,0.709251924616173,0.897502694876266,38
106.775047898894,49.6059338104208,0.178624114792525,0.768289195373654,0.627116624121073,0.351360345799625,30
162.383653997519,136.165036519397,0.464683061073536,0.923212855122983,0.915559390370192,0.78231048160057,29
65.6158859814458,6.13051682251684,0.126119310358085,0.136609372682869,0.147571019979826,0.260090394048041,29
66.2535923195984,34.1091059351865,0.432132800472611,0.225799812935293,0.506776480665067,0.745778134757764,25
84.1926406933399,16.1823811278215,0.549733488146136,0.60595215880312,0.307673184896301,0.860035193748641,18
73.844452069587,65.2538147770089,0.488164720441714,0.463611434679478,0.716980825587984,0.806291324618375,23
121.554036164688,39.0655430953393,0.453736770321993,0.784736403962597,0.549404281514773,0.770453516938027,24
111.542450909607,70.9790233960582,0.265163214487998,0.774178489111364,0.743841280728345,0.502159238167076,22
113.398643588263,51.0141210166857,0.263542360511802,0.805727714905515,0.636338953870563,0.499418246865125,25
156.769469988238,47.3073380732296,0.560742647602641,0.953576420200989,0.611513378150538,0.868315022641296,32
70.3776009347182,54.4059228603117,0.361937931518642,0.327321892371401,0.657556895682829,0.65408219002847,28
157.666259601929,17.1476861623789,0.354293295111486,0.924591697985306,0.320690841237812,0.643072687987056,23
106.413569845138,42.4566477952301,0.511415080029386,0.726266714045778,0.576194197665406,0.828110758359653,30
84.6313361928964,6.44255662613243,0.170240711674679,0.530458080582321,0.153432094852181,0.336598058508557,27
66.4620086209764,16.9815220658921,0.310136630937679,0.12234048335813,0.318473294720718,0.575924262012182,35
107.1757445716,117.745115173746,0.594217173753375,0.694600268965587,0.884863596613596,0.891180978168804,43
68.2317130853465,1.36443278649966,0.242896047309449,0.286666329484433,0.0439414701766451,0.464105191478961,24
55.4832578714152,5.02897530304348,0.187999356187254,0.0322310484480113,0.126208220936583,0.367898621663051,38
163.275392793466,96.3375083952172,0.391860801784351,0.934256246546283,0.834415156956616,0.695286257731586,25
131.908393720459,66.9846074986067,0.352464105616012,0.823183873901144,0.725401022137734,0.640410142020292,27
159.548674341777,96.2377137501667,0.464392988967833,0.939221752574667,0.834132920228937,0.782001862344127,29
94.675653565339,35.591421823981,0.394183687588769,0.565467251464725,0.519983742483915,0.698355594933169,24
79.9753252458891,62.3193357800729,-0.0825080740215219,0.465648343786597,0.702074515162047,0.0086762157098228,17
117.125910303707,45.8692159523312,0.0954875947810587,0.791080655297264,0.601390519949931,0.209238141135441,25
58.0479745552361,3.42563512059452,0.0490065979995555,0.0233289324678481,0.0928608891140622,0.138260410424565,29
72.2810348827494,27.7378923992873,0.095768028043472,0.294928723713383,0.445053016891074,0.209691485237995,31
138.322169781233,45.9375654404081,0.288871490576243,0.857135551748797,0.601878092996364,0.541635523988015,29
77.5021455625637,44.733885164299,0.341846298474402,0.410596436820924,0.593195300594072,0.624743980431191,30
100.673626197374,82.7749077207041,0.383156956472998,0.624007966835052,0.791095978684061,0.683617760695301,31
69.6585085883131,148.247621859157,0.316205356692207,0.252257369225845,0.931028885206519,0.585491748887239,22
83.5691237524766,2.79190153524447,0.0596067444213243,0.450564427534118,0.0787336309015198,0.153631734990854,25
79.5901660400623,24.5075273958657,0.188451489531303,0.382077623158693,0.410320607955245,0.368696570917064,33
126.052576054896,16.4007044669191,-0.0399631668308954,0.890751197002828,0.310646241817034,0.0358495333313078,15
95.5246691530824,28.2447118156644,0.303367314284858,0.630395237589255,0.450279406460684,0.565134813396513,22
172.753929839165,1.17450838585006,0.621476479825461,0.955910367891192,0.0388609984248954,0.907381519005315,20
66.0964835584638,79.8271409478293,0.401300448734546,0.131865520728752,0.780212626355854,0.707640923305425,16
106.85446477348,101.596338755026,0.355567995151092,0.813911818200722,0.848608361862943,0.644921721044791,25
77.6036434736694,15.6847541954942,0.259242666262605,0.446283266646788,0.300832061488129,0.492123549423037,31
76.7382618391719,53.9480696458521,0.706602029674641,0.42948395665735,0.654772211811027,0.945870002140612,37
77.6380563241356,5.19704630592444,0.268982608623844,0.500388522865251,0.129540130240552,0.508598183514447,30
86.7821514613608,29.6416647540756,0.210665961374406,0.531392963137478,0.46438898643143,0.407863422186534,30
77.0033094490269,3.15287973243799,0.14774945077314,0.369686813792214,0.0868581735386599,0.297265093744466,31
168.853995432945,37.4248486092778,0.828717952487661,0.968010899843648,0.53577010673987,0.977061400487053,17
133.940772995884,10.6324937412769,0.285170632831029,0.870781182311475,0.225691136429117,0.535554451937523,14
163.430422267819,41.1312136432213,0.146188489266693,0.94802800565958,0.565939308283791,0.294556648763808,17
78.0901266230673,114.844154226529,0.758589213120836,0.400758632691577,0.879077554275592,0.961966026652482,28
67.4402003208944,55.2338908299694,0.671733532927141,0.18713297159411,0.662531578837405,0.932133674922986,20
88.767473430304,55.2193171250637,0.227073575299816,0.573364037554711,0.66244468910912,0.436626118920019,29
88.1918962986964,118.812732236105,0.264321079731587,0.525825073476881,0.886920914192543,0.500735741254702,24
61.5554492679324,25.8983176509347,0.350096347166607,0.124719907529652,0.425583080044858,0.636947660631353,18
67.6115041034673,82.8150019529162,0.513515536543754,0.267448442056775,0.791240078181034,0.829989245197018,25
119.073438318607,2.32430996374287,0.156228399515179,0.834009475307539,0.0678626427163794,0.312032162623434,24
61.6393309904184,22.476887186,0.761634940553328,0.166532033355907,0.387145020295211,0.962765972906918,18
123.371374915703,87.6832563738855,0.456665618273323,0.777254571206868,0.807991066075476,0.773668501935056,22
60.8307281954849,0.172673281092881,0.0830871542379314,0.0294896718114614,0.0079902357520105,0.189459184815238,37
90.7767360452488,171.720878804582,0.740695959974096,0.634439347311854,0.953360501133184,0.956962858873411,42
124.607253868923,158.849430778028,0.281197068039747,0.849700663471594,0.942216813001731,0.528990317196251,32
100.085820644751,159.242166732312,0.323636415405074,0.68802125309594,0.94259388733096,0.597066491378687,24
70.6185927697365,29.0255179965952,0.308963487852651,0.274113872321323,0.458218571971467,0.574063173178299,23
111.638428155603,3.30942782249627,0.42849381725784,0.755354997469112,0.090317002832732,0.741455286997087,18
102.355124000086,7.43772624613192,0.268371863946747,0.699869042728096,0.171624669894179,0.507570470497181,22
89.7644226090396,8.21430115674051,0.635789809909528,0.602773142512888,0.185336787083478,0.915077262492682,13
63.7124945002376,108.404930514401,0.171916047765533,0.119085327489302,0.865144480149211,0.339545214562664,10
58.4841700203758,78.644071554402,0.500552730287558,0.128269788343459,0.775679891133977,0.818152447832698,13
57.3756401924643,55.5322413615692,0.331290874226141,0.0566439009271562,0.664305110339114,0.60882196997698,16
75.9363440196563,32.7010965964078,0.0365029583768793,0.461059300461784,0.493847328558507,0.120856494885546,17
149.987266443791,22.3591520688659,0.485154612423635,0.904629901982844,0.385767452313502,0.803327318046419,24
81.6986481639606,14.4940250343381,0.466061071391178,0.485151810571551,0.284085505652087,0.783772455637353,25
121.260232943394,124.844429306812,0.444902023999748,0.825557111995295,0.897857886329689,0.760567325349807,45
67.1297041854168,141.521528415002,0.101852983575334,0.29734338959679,0.9228118409726,0.219589668223321,17
71.7232122475138,40.8013523779833,0.689030421540794,0.353283246513456,0.563344698598802,0.939271225306137,20
74.0437258919226,48.6448111435491,0.0515583343661838,0.316288112662733,0.620676789474777,0.141910934221239,24
61.2961545979366,117.231242648458,0.060879171974502,0.0490461871959269,0.883859728842552,0.155512595127692,19
145.835342174655,28.8230555185196,0.199277440617242,0.871969285886735,0.456172918513892,0.387800256733276,24
86.4566636486051,42.2036713902237,0.261241749881482,0.51699638273567,0.574257777118468,0.495519314414,27
87.4518036824716,28.8097068745369,0.582361904237054,0.482042970368639,0.456037728495953,0.883470277386222,16
61.7351292855209,38.3264802509755,0.0367127351310702,0.0575425252318382,0.543318893588862,0.121141612303904,30
64.7733791075315,20.5631945791533,0.222648787320539,0.112333956873044,0.364270069542504,0.428891613855021,37
138.817113304067,183.260788906717,0.421321907659071,0.882174216676503,0.961491334681588,0.732795362625671,23
85.4386761488569,36.7550210294413,-0.0251280275730539,0.522231667069718,0.530071439634179,0.0490367096419765,24
97.200822681774,89.6152870643716,0.284467668957269,0.611663388321176,0.814246411988086,0.534395795318983,20
62.7507559352434,2.65316717935618,0.703078041128866,0.0400590132921934,0.0755516181986823,0.944597185453915,12
75.7081929366844,106.037964379357,0.286806129077231,0.334669083356857,0.859617436798942,0.538245751067381,25
67.9692553961812,41.9459875513952,0.149850869078587,0.281122969463468,0.572275274480455,0.300916554227622,25
64.2400005448974,3.0878611311108,0.397221922762889,0.244287041015923,0.0854105093497968,0.702341504318262,25
99.8160477315574,32.7858160024672,0.0104962597044824,0.651780887739733,0.4946361283968,0.0874933831885239,19
81.5809647769668,85.3274578481761,0.159668825725405,0.464416026603431,0.800066776072601,0.318047516448514,22
127.314048593401,31.7984863763174,-0.001929034170227,0.829778404906392,0.485355136325097,0.0730595571178183,26
118.587376960319,12.4607855855123,0.605184621326523,0.784695100272074,0.254170583974077,0.897949926382069,20
86.0939590408553,39.1671651324832,0.229608806976872,0.47444619727321,0.550233929360592,0.441048843714844,31
95.5535635055666,106.878500336948,0.282795229565803,0.715595892863348,0.861606332581444,0.531634684325477,30
64.1094364387791,15.8659014745316,-0.0333215889418635,0.109898693161085,0.303332873629741,0.0415329929638306,33
69.6095574152794,11.8587384838008,0.354090382525826,0.394965330371633,0.244967594610021,0.642777864329117,24
119.259306541107,12.2410324872919,0.0309235077520341,0.770707851275802,0.250830582980135,0.113362996947939,25
80.6696615570695,60.4287970920933,0.695387112117004,0.568978467956185,0.69203163246534,0.941731962517267,24
61.5267763714139,11.925584900411,0.223968722787791,0.0653590504080057,0.245997647235899,0.431200808850631,35
75.9541988977599,113.636557807653,0.607316121717412,0.363012447953224,0.876581903763598,0.899225730832153,25
59.6400219217877,13.6483269775538,0.264353656926045,0.122178211575374,0.271853081540157,0.500790832870586,37
76.8547270976363,20.1675014142214,0.589617572329526,0.419866108335555,0.359407856110483,0.88823862931624,24
184.524349375826,10.640980628954,0.337968706503857,0.957678805571049,0.22582711310213,0.618934566416279,17
64.9371323466516,46.8344191366913,-0.0207977408011755,0.137005623430014,0.608215827659502,0.053215555482873,25
138.043894502188,73.1767212438204,0.514785053542796,0.903480245964602,0.753427258545974,0.831117242261265,18
90.9564024814922,4.08264955360901,0.470954142832314,0.560668686171994,0.106896053727663,0.78890838626573,20
108.378993465675,38.6807976097378,-0.0111330062610998,0.73796027735807,0.546247693562039,0.0630552837122439,18
97.9994411541239,39.0586947959411,0.720027781321775,0.688694414217025,0.549348310276107,0.950496256233323,27
134.859448804837,75.9174925798665,0.428223049812974,0.876469284761697,0.764857668525674,0.74113171879573,28
85.028707189326,24.6656836148063,-0.0377503519502157,0.51692984579131,0.412080575202515,0.0377026781241934,23
177.20003547819,53.421626354672,0.33108549579708,0.954982480267063,0.651540244367138,0.608508820788782,22
69.6115635387588,7.28562006622439,0.277437722244673,0.32117982301861,0.168890865798941,0.522747751734434,21
85.4902858761044,156.806769813259,0.472600362483018,0.56582961906679,0.940214670896021,0.790616948346573,31
95.8202549124553,17.1075236019261,0.461449707225118,0.635642992798239,0.320155724174053,0.778853210173206,27
104.58064536483,47.7480607150162,0.279207507120009,0.702108596917242,0.614559225504097,0.525690408239827,26
78.901368471479,54.1965659739091,0.136478212933019,0.361135150305927,0.65628658401372,0.277791416181199,22
77.454363218873,34.9564521499025,0.150357298715038,0.412614980479702,0.514375943698287,0.301797406757257,27
79.3960772978929,27.6912938486139,0.356327814187962,0.523756798589602,0.444569556853935,0.646021374984252,21
67.1364302922487,22.1081275405783,0.46172383510405,0.269339121412486,0.38281755521458,0.779147786894515,20
185.864581449207,153.289937345912,-0.0130793350058175,0.961817743722349,0.936601039425469,0.0610178605530569,15
88.2408673169175,10.0165181215988,0.0263814697912514,0.669195901369676,0.215721904686117,0.107393620085547,34
123.576325209098,2.23759151121757,0.207396015717554,0.783325873548165,0.0657981057962918,0.402108653482572,25
207.678631331277,161.5722807334,0.129931530611244,0.965850705513731,0.944780284786549,0.266580142429235,23
67.1801974630376,43.8219736965977,0.190284148473065,0.252140796277672,0.586478994813351,0.371931046446539,19
68.9420296738323,10.2166248941656,0.0593639187918593,0.26304422528483,0.218982428783243,0.153273643600615,35
62.5578977380811,64.0551961035241,0.782867389251641,0.0426799603737891,0.71098991867616,0.967951294800945,10
116.531783447454,29.6769364617489,0.149101510988281,0.800487310159951,0.464739729945489,0.299613780819367,25
66.1148494269203,4.96653957005708,0.223466169341373,0.205224913312122,0.124963367973969,0.430321793354178,25
62.0267484128842,8.47020024343625,0.0335234077623459,0.0832888416480273,0.189769258335386,0.116833108199963,32
98.2227396108296,152.846505559863,0.221951742128217,0.742415215121582,0.936129914604634,0.427671510836437,22
83.1757899601974,130.10606281919,0.162651753299483,0.427400723332539,0.906513583713179,0.323272336968887,18
91.5439716561727,1.19442979238544,-0.0121003538198771,0.531177127966657,0.0394008797653972,0.0620391913644843,28
61.6737315978123,28.8075249432953,0.227535267492869,0.0638104237150401,0.456015626982695,0.437432043350048,33
90.1962779373798,33.7327999772067,0.110884744484342,0.599828438833356,0.50335828780619,0.234484526304591,16
73.3767560764893,32.7894447157709,0.0980264375373185,0.455466468818486,0.49466988294208,0.213351611407892,22
70.0342710136233,18.3406766967933,-0.0382264962128865,0.270955482497811,0.336337530781137,0.037300488023023,30
60.250239643841,0.854651025930881,0.132531585041367,0.0272170838434249,0.0299281739971121,0.271023092533134,37
90.8063817957904,31.6443627792849,0.123658438208402,0.546757334610447,0.483888764232027,0.255917427938486,18
61.0924354352957,175.00660204596,0.236740879355594,0.191167342709377,0.955838355877071,0.453452095012751,17
73.8422630130098,66.3933786375227,-0.0251965974641945,0.281104617286474,0.722554885737253,0.04897170808917,18
74.0104520347385,65.7911110511635,0.0419229384341726,0.422293468611315,0.719623557166057,0.128299570855501,22
79.5957639419684,57.7035884451307,0.226308704739935,0.371977666858584,0.676915787737144,0.43529049314384,26
221.813530748472,164.713101897137,0.575635548257256,0.990582943195477,0.947594370356519,0.87890879418995,1
98.4248498250185,60.4208950879541,1.09680116716773,0.612046509282663,0.69198890809687,0.997560412976202,1
229.919804054422,88.1338365702726,0.272065304184067,0.990659923991188,0.809469183659817,0.51377411353044,1
66.9977774714611,370.334315833781,0.415899992448261,0.204890880966559,0.998202301344544,0.726125340744218,1
308.367720430229,38.2136461289463,0.524250000093803,0.996653466718271,0.542381770927538,0.839353357692426,1
95.8700892369828,304.79444654927,0.60496227520687,0.723216245882213,0.994773617961177,0.897816104415723,1
329.81192575367,5.3684729782707,0.210250879820988,0.997284145560116,0.132910534841174,0.407133245407935,1
65.1589693385026,9.82257127346734,1.06801014685801,0.192178416065872,0.212541176446594,0.996824031805964,1
57.3664398741889,319.461519545472,-0.0922584765581282,0.0091438475064933,0.995885780597293,0.0049036718465165,1
194.283617138556,371.999792218587,0.150885564530433,0.971954331034794,0.998250293595174,0.302716590872332,1
97.9755632688757,13.1594809628757,0.937090844085014,0.672092102235183,0.264647652764457,0.990171818169616,1
158.797469105035,81.5471089456464,1.13962321357575,0.908725690562278,0.786632728995307,0.998368786663976,2
74.1855219976692,80.203741707611,0.967032700913874,0.40709272143431,0.781635376750328,0.992332057044604,1
79.7717359270749,266.661860018597,0.247703424698298,0.451473032822832,0.990250310813614,0.47238873420903,1
77.5880145572837,294.299123281919,0.548760322017394,0.460615917341784,0.993796505562415,0.859284584058032,1
280.334748371936,61.4017163040354,0.064334443408884,0.994196658022702,0.697244133622483,0.160657078342562,1
131.142076342558,332.88988952946,0.342444035099395,0.905958668328822,0.996694380159146,0.625635361020976,1
222.831621638379,169.772298181193,0.996703449099526,0.984943789895624,0.951824938842244,0.994039604672313,1
290.988046628554,17.9233239664137,0.355196730537802,0.996306024491787,0.330917706190432,0.644383722617145,1
273.443501830318,16.4420660572695,0.794487849164654,0.994169249664992,0.311207568128342,0.970515516899924,1
74.41985423704,322.965506188913,-0.0280723979280113,0.387459480203688,0.996114203700866,0.0462787965490428,1
160.67770602789,41.446377324712,1.01478945824585,0.90387999964878,0.568402364660287,0.994902837805297,1
63.5991867579948,449.293997948281,0.126681090111681,0.164081727387384,0.999500305827265,0.261044845676963,1
89.6393509878356,272.238508586685,0.451176317869932,0.603973906254396,0.991101283312538,0.767617460375368,1
426.383815883981,17.1166443323658,0.109832397151102,0.999825439881533,0.320277295516403,0.232737261385389,2
63.4602932130968,34.8807484050188,1.03507031040386,0.0868055608589202,0.513702423235282,0.995734155068425,1
223.256095864555,67.2536206490615,0.409078872833006,0.991877708816901,0.726685817095101,0.717583972326988,1
117.162323798986,126.608825706031,1.03867486440639,0.816205442650244,0.900848095964014,0.995868219126428,1
82.0812319320711,7.34916784405564,1.28316193900614,0.44506584177725,0.170034988451131,0.999612454128823,1
85.6125391427095,127.411944094672,0.970403821498101,0.583823606139049,0.902179414218766,0.992546193736234,1
175.458815694105,303.136187484413,0.220795536310021,0.975793692516163,0.994630208039126,0.425646751532991,1
368.577664345823,278.720400563175,0.399954814255469,0.999595219269395,0.991996982956677,0.705898987910737,1
77.4451891897798,28.1474344446257,1.0510616244294,0.488252631155774,0.449280772975605,0.996300060107225,1
298.477513249135,54.0034063187066,0.328968050205321,0.997788931475952,0.655110060926356,0.605272926832873,1
118.203741292083,415.403012861887,0.270881945039011,0.80384809197858,0.999134852562588,0.511789488040221,1
74.3016449332893,120.96070222645,0.96466400191599,0.279089612420648,0.890946839395063,0.992178283524843,1
239.525685648378,1.61138242335745,0.0577085469443996,0.994357460411265,0.0503482949946153,0.150839774086207,1
99.7985495455291,61.4167902692358,1.00672992278204,0.738373481901363,0.697324152080575,0.994533308177374,1
327.405993714444,7.57603669760628,0.47779946373829,0.998615139629692,0.174096527670305,0.795949080068535,1
281.136880077807,53.5913321680611,0.213696984706777,0.995914726052433,0.652585650633767,0.413192184187413,1
75.240489281828,44.7447770181512,0.986865373827123,0.390056322095916,0.593274793156899,0.99351611532885,1
271.171361912424,71.2468283248192,0.656205209673773,0.997664725640789,0.745030051054224,0.925147941914666,1
123.643754871792,269.238866102709,0.621169684201543,0.875196780776605,0.990653280507061,0.907210618429509,1
279.354696061408,122.24603318241,0.0832231745969478,0.993098512059078,0.893285491764563,0.18967317222605,1
62.4609090676152,270.620441223586,0.24695639664993,0.147790562128648,0.990862373958782,0.471103780987023,1
154.980547476594,337.096984966894,0.472860897642662,0.89190210076049,0.996913276047618,0.790886457606569,1
61.4096593072437,320.709691250711,0.705709232541479,0.1268561698962,0.995968655438084,0.945549882549706,1
213.139512869754,0.0788288056469464,0.732018321749034,0.991406903602183,0.0041746250620158,0.954341115716171,1
85.830996725516,121.929191817684,1.18100082671167,0.471007299842313,0.892713807686961,0.998907040747275,1
84.0232164767336,272.333007507698,0.074943190137768,0.580883788177744,0.991115040315928,0.176775765636124,1
266.735259857822,19.709003420397,0.500403424733428,0.993917593499646,0.353715015986243,0.818012704831777,1
103.983350041169,107.820288200951,1.08524231754075,0.755757918581367,0.863800438322737,0.997286083347141,1
236.407498502865,29.019879295158,0.191736954930789,0.991486451588571,0.458161721203358,0.374495142151387,1
57.1983794351612,0.0196104946272547,1.00009422165128,0.0360918340738863,0.0013184179460688,0.99421092825356,1
317.271348534615,323.679291530892,0.480920174233836,0.998783878982067,0.996159149494901,0.799103163926768,2
158.679258923096,380.992305450969,0.795383247668379,0.955998898716643,0.998488065126751,0.970705498466791,1
194.668209409096,355.421642194654,0.268569537550013,0.985192665597424,0.997709160784628,0.507903180761512,1
68.9836890583793,61.5347122924342,0.972181939150903,0.314551849849522,0.697949353008672,0.992656947971306,1
267.768304138377,35.1504754938587,0.771148774260662,0.993549299426377,0.516097309071021,0.965172368486195,1
92.0944950004489,42.1269584499253,1.09537039849638,0.597805000841618,0.573668645578876,0.997527901214773,1
251.907821863041,105.287955245589,0.426667189921249,0.991416805190966,0.857817937833211,0.7392673190874,1
232.774411159447,105.524501471991,0.734881417108255,0.990329345921054,0.858388030817601,0.955220739032673,1
71.8288478458961,287.643230381336,0.517276331288273,0.303021801635623,0.99308364553926,0.833314728102575,1
113.316237135221,275.708115317962,0.346001441378199,0.735261731315404,0.991592603522318,0.630917236611323,1
69.343744095211,3.58851322069734,1.00771160879372,0.277033314341679,0.0963939536468819,0.994579587749489,1
238.429349534171,11.003300568037,0.0213287640477225,0.992551672970876,0.231598142476209,0.100895724292868,1
101.710935348028,33.6531057071181,1.01478026686986,0.73483597044833,0.502630924184813,0.994902429677283,1
136.316643962952,324.551424943206,0.162623295858908,0.871830039424822,0.99621335791757,0.323222453466721,1
67.4356762675758,400.482260452616,0.195254430909058,0.313607649179175,0.998898049699285,0.380702726493917,1
80.6971458099156,18.3349158917751,1.03674817928197,0.518913447158411,0.336263107959646,0.995797047370228,1
273.150734926421,23.3618167804424,0.287067866957374,0.993645455688238,0.397378738084678,0.538675880080205,1
108.488442213945,446.127119194616,0.218837424203024,0.716406238265336,0.999474025516132,0.422215099470964,1
144.735024301061,16.6912157108563,1.15325629086757,0.900770089356229,0.314575982301715,0.998568624536972,1
136.904703804045,152.598726444354,0.957838929895952,0.913627623580396,0.935865113697631,0.991719494909318,1
136.019674396256,51.0733603561293,1.04172117615092,0.847708036890253,0.636721469515171,0.995978502108324,1
73.8517433800609,425.032571018191,0.298302678598406,0.326430829241872,0.999259850626678,0.556984137791548,1
312.690444188977,39.9722528941868,-0.104980804337917,0.996589137939736,0.556746890956892,0.0015135003814729,1
248.528954650583,9.37680013279818,0.280166598331754,0.994407936464995,0.205151883378516,0.527282256645434,1
122.926495861359,436.478613490232,1.17664970986779,0.819982043933123,0.999385100843834,0.998859430260476,1
94.1215020803982,274.77736859442,0.563885869735104,0.575934998458251,0.991463546570126,0.870608393575435,1
68.5922039230594,374.969856774423,0.527741612113342,0.190283974865451,0.998332710319901,0.842314866541323,1
98.3953547707536,265.948544057995,0.881752370118301,0.713185578817502,0.990135710072288,0.984697305332959,1
81.5019262944474,272.190088361543,0.43565743591335,0.428867563139647,0.991094226070288,0.749919411739654,1
245.967231721664,97.6239041320914,0.221214017579296,0.994829917093739,0.838009238016222,0.426379734329915,1
167.368836140678,77.327639331298,1.40460550405901,0.964852986857295,0.770521277307721,0.999896567191408,1
375.805685740907,107.645272086157,0.315751248033156,0.998980647185817,0.863395420400652,0.584779359704581,1
77.9978046511948,197.825228531572,1.15050851757552,0.424091609893367,0.96974283211387,0.998530275417279,1
66.2184366649791,273.529893267726,0.0257800397146881,0.187750796787441,0.991287440353152,0.106612203702469,1
324.583684157869,202.310218581564,0.743660824776334,0.998964078957215,0.971904751061659,0.957828723233809,1
79.803728755761,65.9072212195409,1.06812709095125,0.451954143121839,0.720191218840267,0.996827397489487,1
264.032041834892,37.421971472088,0.322286729190063,0.994060187134892,0.535745795557227,0.594975922635186,1
92.1026713207521,309.628662028718,0.391472393276715,0.568544520298019,0.99517010163727,0.694771187847438,1
239.883330829488,162.513628578448,0.339049621928653,0.993712053867057,0.945639431782973,0.620558665604411,1
104.647249949448,317.612709471706,0.50386438812272,0.717555214185268,0.995759868880141,0.821231977343373,1
61.240490406654,400.333801233612,0.16319706055498,0.0031454407144337,0.998895392837381,0.324228350764504,1
56.1546829436809,314.897139832154,0.479878358338872,0.0473549603484571,0.995567872311344,0.798054076500828,1
84.2301779951583,301.645368230606,0.16876223527922,0.474996075965464,0.994497904812067,0.333998668204059,1
67.2944309548074,28.1519974232133,0.96304585261222,0.266661769477651,0.449327663378634,0.992071637961591,1
234.937289103758,35.9409083395212,0.109782752313135,0.993819239316508,0.523039010432166,0.232654907610453,1
60.3290962896371,97.0883141173039,1.26774610939988,0.131693083792925,0.836522730720095,0.999544835998467,1
305.104303882633,90.9442426444665,0.482954600570477,0.995790175162256,0.818426259198223,0.80114062329075,1
95.1915203154896,89.7108737603419,1.17300976571942,0.685331822372973,0.814550353510875,0.998818125177728,1
255.358402037,46.8664419438601,0.42386020101263,0.992043589241803,0.608440075546518,0.735881542437835,1
127.435525310068,90.9853968566583,1.15590190778843,0.863657731097192,0.818554131732218,0.998604667755645,1
60.3597243563112,306.712922478586,0.339788187120041,0.0326734841801226,0.994934736331918,0.621666305148695,1
163.748306090036,28.108731059125,0.999003502824591,0.94617864000611,0.448882857763929,0.994156313156373,2
112.145124884276,269.336239770172,0.332419079072641,0.828963179141283,0.990668173901231,0.610539937355965,1
86.892107831082,207.068431596971,0.952871220391734,0.561547352001071,0.974028157741914,0.99137043007595,1
138.932284887389,66.5891928651672,0.979323533960852,0.849845407763496,0.723500956179791,0.993086927743141,1
165.586892077896,10.7817834271866,0.985520781989592,0.935425374191254,0.228077693250279,0.993441415364178,1
211.010981015407,25.9331543007583,0.0400536756476472,0.990470201941207,0.425959257918922,0.125714729869601,1
296.30126363544,60.1768290218929,0.190602030451408,0.997956566745415,0.690666186731215,0.372492086555748,1
64.9668448263647,54.8834875998223,1.00624833180348,0.208378430455923,0.660435780913208,0.994510473258981,1
160.573455911966,349.269875818128,0.545259921618964,0.944825204089284,0.997468065341016,0.856559315051128,2
130.839612791722,305.965895932776,0.244724216310504,0.901241553248838,0.994872601301229,0.467259271327685,1
78.3840550769142,284.080494264506,0.0377217770406853,0.458510735537857,0.992668784542839,0.122516414165711,1
249.722484809587,50.2971216845859,0.70122924833961,0.994565094821155,0.631674507193532,0.943919444168914,1
80.3302341934325,51.7749728298824,1.06157315872557,0.540187653619796,0.641218958723676,0.996633632308519,2
116.661357673805,330.977392259513,0.471693823964982,0.774069941136986,0.996589781602425,0.78967728400266,1
335.855482842346,33.786510740674,0.411851176502008,0.99778013327159,0.503847818242911,0.721075557110886,1
249.170518253391,51.0658766201732,0.104524538868673,0.992528603877872,0.636673170123516,0.223971129224511,1
90.8949686431309,73.9666647064981,0.991224601612354,0.528493380639702,0.756780244563091,0.993753016649707,1
97.764133258744,69.1721819214678,1.02468176622995,0.660863245371729,0.735666960230732,0.995325211521505,1
150.349131411758,463.518665095116,0.392233889305222,0.946076621068642,0.999603034023944,0.695780512396743,2
258.464991524176,243.615152656338,0.0189461164159497,0.993818844202906,0.985771283217124,0.0978850496439709,1
252.315744138392,184.091295320644,0.110474847982461,0.996565440669656,0.962017928057516,0.233803599393481,1
303.365456566677,5.90156149721158,0.345704643463695,0.995009748730808,0.143219457637163,0.630478086145178,1
214.30229004621,0.530001665841221,0.136958751546268,0.990856708260253,0.0201886831631958,0.278617440698188,1
74.5406755469049,356.580632805129,0.343022087198508,0.280790193239227,0.997751933858924,0.626496326402245,1
132.11588180057,342.125549279586,1.11877960960635,0.895817019743845,0.997155904048403,0.99801273497555,1
348.735974143102,21.5809701534828,0.403729905319954,0.99900936987251,0.376565470136549,0.710769599290962,1
102.444255236225,114.902515036206,1.15308414381762,0.661239948589355,0.879196845461185,0.998566249537145,1
119.20455708444,293.676109855724,0.600712085207112,0.836304333759472,0.993733037542723,0.895231127682,1
81.9722169532811,4.53433322898271,1.12122922150598,0.448738941457123,0.116235948296324,0.998058025799734,1
184.997523879758,98.6699427451925,0.99503620899188,0.9627008093521,0.840872384683956,0.993953685828702,1
67.8825829815267,266.162943095979,0.736650798087191,0.238030065782368,0.990170297027406,0.95575710824079,1
119.335369751971,322.77634832888,0.0521332643009659,0.858506710734218,0.996102204448975,0.142737872382323,1
70.3511230085886,189.854487903619,0.991128169486924,0.357593215070665,0.965476955168182,0.993747862245661,2
110.469732620859,82.2626926490326,0.941721019265355,0.781361512839794,0.789245929355046,0.990538158218641,1
290.293122433593,64.6452108690356,0.453177537161299,0.997601703274995,0.71395551267575,0.769836116268398,1
84.6017497857609,289.991250407889,0.216788685009995,0.60521912924014,0.993344070965148,0.418621326925277,1
67.8932765121382,1.20469405318742,0.953173589975223,0.170557310339063,0.0396783777615951,0.991392050104755,1
81.027041290373,307.731167399883,0.420996170209337,0.475524416193366,0.995018213436654,0.732397632073678,1
153.579602568562,59.0271317964225,1.0033780212922,0.907528992276639,0.684353511552948,0.994372565135837,1
71.505539199895,113.505511915825,1.11501507703523,0.4020425605122,0.876307923060604,0.997941224516041,1
295.007024968037,160.089066445249,0.174432401965303,0.994451120728627,0.943398537012991,0.343974829109397,1
289.332000954683,282.268681850653,0.435290584129383,0.993794911773875,0.992448298900695,0.749490477994148,1
59.0514415933304,358.332569277433,0.0286884699366771,0.0003431518562138,0.997815072940081,0.110410667923036,1
97.0575096124699,313.396634320033,0.390367855883853,0.659113402012736,0.99545806060932,0.693303568964617,1
311.525502166384,5.88809374840144,0.0593833235610463,0.996135734952986,0.142962103765035,0.153302249526384,1
274.201998496967,38.9859904434767,0.255345228663363,0.995933023048565,0.548753618254407,0.485482833372522,1
83.6042062314521,106.21426568593,0.98970410033521,0.55285928142257,0.860037026791062,0.993671293143406,1
70.7397061533685,13.8015100510686,1.18361272298861,0.407051113434136,0.274090373890485,0.998934724231667,1
69.7632633641473,25.7776737770317,1.05732991605305,0.387997441226617,0.424278049511969,0.996502448832012,1
270.108158260655,89.1725920815844,0.315966661312327,0.992822045926005,0.812832006529162,0.585117364014039,1
63.7293728461871,396.895640753853,0.299304397564324,0.116801653290167,0.998832032280092,0.558601434275798,1
96.048183391259,146.292128630652,1.11154082509521,0.7442772150971,0.928736132610982,0.997873124114058,1
213.196543838919,98.7959930587654,0.585837416249574,0.991009332472458,0.841213858921239,0.885773875564727,1
173.74038642427,303.20298297875,0.641222341346585,0.957628215663135,0.994636060401112,0.917858842882603,1
135.877608062629,13.3984481881118,1.07098908682983,0.883594482205808,0.268182546721581,0.996908751613677,1
69.8536244367032,1.27281009321179,1.02376245618538,0.366875557694584,0.0415087209054873,0.995287351269697,1
212.064554516185,325.294032411764,0.794593213874197,0.984409317141399,0.996258909272946,0.970537928070633,2
160.553873260903,118.126253703175,0.978800635834863,0.906549747101963,0.885602420871048,0.99305623711533,1
112.33204455031,339.432870644869,0.29940117393337,0.742348110070452,0.997028465343949,0.558757547109203,1
101.435595318644,55.0481681683611,1.28319867280194,0.674677523085847,0.66142248624632,0.999612603332474,1
66.5228528522755,371.211400222281,0.454316794331804,0.330171705456451,0.998227737763086,0.771092674028544,1
263.73166313865,47.6102899059126,0.519915992525465,0.995608826400712,0.613609890345606,0.835619933353946,1
239.365956853698,127.106605043315,0.895405002359803,0.991894009755924,0.901675422577781,0.98625436346361,1
241.715344474611,16.0854495066832,0.26355909535342,0.990408150944859,0.30634769856741,0.499446572065961,1
253.681110021861,149.082081130534,0.687058958369992,0.994453806197271,0.931984293021851,0.938490671014204,1
313.775819881474,21.730616178601,0.564768660694288,0.997247893363237,0.378348217197568,0.871246919862906,1
68.1930100652265,26.2499680699962,0.963221777046638,0.181994289858267,0.429366865424112,0.992083295750505,1
154.121103062107,270.509932867463,0.457278181463973,0.93556241132319,0.990845823752087,0.77433698304974,1
109.225720916567,24.6543810516963,0.99591489176124,0.743672032374889,0.411955010411957,0.993999106785199,1
78.4583567950206,327.045355681245,0.666427956516955,0.500811056699604,0.996364167219986,0.929810055809436,1
84.2332857740601,147.983326606045,1.1437249918023,0.612235204549506,0.930723445551133,0.998431479160187,1
252.156276788614,49.4514603818219,0.154607733454664,0.990074170054868,0.626089651154306,0.309202914088418,1
68.948164712884,78.8491584849853,0.972214590915298,0.200201568892226,0.776472583610557,0.992658967760622,1
316.918910041113,72.3024229063355,0.239352088052115,0.998046037508175,0.749659628191019,0.457977625901638,1
234.350931552793,115.691063721802,0.280328638820738,0.991606199648231,0.880796887905446,0.527551003205319,1
169.766142783026,450.852727882888,0.114935076918953,0.946786815766245,0.9995127533468,0.241236814457654,1
95.8597481875042,280.625552436004,0.452494151214187,0.659916409756988,0.99224257800779,0.769080110887842,1
305.20839628176,71.6325432129445,0.167183185945861,0.998324162326753,0.746732040451028,0.331224090593237,1
193.229395936081,6.3181672387921,1.04672480911309,0.958010921720415,0.151105106744023,0.996153809688415,1
200.593974741024,67.9535815889214,0.95243304735972,0.962315802462399,0.729999173805358,0.991339012907176,1
283.013624902747,144.496012269044,0.216604900256146,0.997311410028487,0.926561962471904,0.418298786032404,1
170.069336108541,416.482743579875,0.279810229267792,0.961367071606219,0.999149861533905,0.526691009929602,1
236.72598400972,120.755132008889,0.409258526527654,0.991550580132753,0.890567970577226,0.71781107108184,1
243.826673135877,117.838087977103,0.007790011168888,0.993008908582851,0.885044270688082,0.0842619543192428,1
327.899514331598,80.8789466950506,0.741098097178112,0.997627381701022,0.78416222453958,0.957081180472404,1
112.000551841071,99.9632039810249,0.961386525451512,0.835655858274549,0.844340198672685,0.991960915546184,1
85.2835636814903,41.5620959544634,1.13100698012342,0.517600037623197,0.56930283864946,0.998229455212593,1
240.199489049072,64.4019015193649,0.584354844607568,0.99445138243027,0.71273648756108,0.884795625976085,1
91.3339298976434,266.097534923286,0.494700449117397,0.604610749986023,0.990159758307613,0.812616457453702,1
127.592985515613,41.4964948663452,1.26281040684604,0.841707468731329,0.568792613888677,0.999520942180767,1
112.519823407554,414.654770869697,0.739592615744346,0.732012901222333,0.999124295873834,0.9566367916399,1
143.440439714907,378.902974092763,0.381003787076926,0.885635131737217,0.998435887258661,0.680690623660518,1
166.372017542966,218.351214538615,1.28736820883524,0.954649570398033,0.978438647107822,0.999629192176026,1
231.257767744357,69.1848499335785,0.285347379395405,0.99057171237655,0.735725217419654,0.535845595396743,1
72.6914362550779,278.369370565998,0.0636323818865881,0.249906109413132,0.991950885146302,0.159607462812716,1
227.80602000993,155.642391924362,0.540816001099536,0.991531481500715,0.939042012811876,0.853041889960915,1
66.1030110692121,314.546751862772,0.451493712960552,0.23434462514706,0.995542470972981,0.76797030956215,1
271.165547139847,54.3790091630152,0.259851145956505,0.990612849127501,0.657393874690912,0.493157910885496,1
112.525622325389,125.237137129349,1.770344197727,0.716687181033194,0.898531304604383,0.999998905521787,1
220.7630210483,34.9175021324814,0.476952327436966,0.992100854637101,0.51402954562859,0.795086873913018,1
67.7079454053379,15.1170974891226,0.955926316112278,0.179607031866908,0.292916074124934,0.9915866396438,1
76.4841550538185,343.741601821408,0.0284064214907039,0.366478948388249,0.997229737995661,0.110040147969094,1
111.035698055674,302.930023968576,0.143860846177825,0.796376171987504,0.994612104284171,0.290524421322325,1
128.850264374789,29.1192650838028,1.09585032007266,0.862959822406992,0.459162732766851,0.99753885089034,1
85.4956703784077,268.871093320645,0.352947376956692,0.590720987180248,0.990596813204534,0.641114636179746,1
74.6347852591387,293.770808261256,0.0920712938335122,0.451697629876435,0.993742726632043,0.203736168951543,1
281.573945238268,86.3878306666126,0.446607867448085,0.996548102702945,0.803674801318597,0.762498234785059,1
103.130030441358,327.822657479956,0.268696537222061,0.684237925568596,0.996409926409472,0.508116896937892,1
87.3443257615386,2.47461772269272,0.947629669785398,0.510366802802309,0.0714035962668266,0.990987783281563,1
83.6077996665737,299.635778937963,0.290160345782409,0.469095753738657,0.99431436209665,0.543745762687593,1
161.774799032709,38.9760582027808,1.10217597187765,0.93520487495698,0.548672308623435,0.997679053609931,1
96.2341443995477,281.001718038888,0.856167119968672,0.590680700261146,0.992290166273025,0.981352565772978,1
266.049873327392,2.52383807174223,0.161798834311965,0.990789191797376,0.0725532159023386,0.321777552679722,1
244.519163547931,238.413035791821,0.95439546181031,0.992664033547044,0.98450165399287,0.991478919588626,3
252.312120848329,344.676441495722,0.643096122957632,0.990107324905694,0.997271566891921,0.918800894190393,2
138.23456039562,202.401140346179,1.15093379660138,0.863495649769902,0.971946925847353,0.998536272547907,1
76.6146874219355,58.3188166443396,1.01284541704241,0.365947322919965,0.680396096533908,0.99481584953927,1
83.9279050705816,103.956290107974,0.952543481607964,0.468312664190307,0.854564176922396,0.991346940792331,1
82.8562197261531,33.7057543879301,0.967451452114895,0.574514933396131,0.503111580707376,0.992358955788443,1
77.3016028686464,39.2170437796675,1.15074599379273,0.330332261044532,0.550640518112273,0.99853362702811,1
73.393069946628,92.6170856436287,0.999671561293683,0.272988497512415,0.82354964414593,0.99418981989899,1
235.14715230223,147.551702811483,0.252994634553502,0.994416563771665,0.930221667799968,0.481465206426172,1
97.9663951869793,105.024357522964,1.14959828349283,0.71906865015626,0.857179867033581,0.998517362868572,2
107.636125105085,331.829785678692,0.548727776941017,0.775884303962812,0.996636805325361,0.859259428878536,1
127.87745259308,296.537830816492,0.463522241875423,0.829069518949836,0.994019282529641,0.781073615991211,1
88.1278524408958,294.808456464951,0.706349869488905,0.667999491561204,0.9938479122655,0.945779748734331,1
232.931543100635,119.38573241365,0.590881384642443,0.993345317197964,0.888009536487122,0.889053260377426,1
73.1169475453087,273.350564680795,0.504689597991931,0.382064415374771,0.991261825748583,0.821993390209267,1
287.931832437351,114.496231715399,0.495061781725863,0.998694560490549,0.878363880477259,0.812961748070962,1
150.21832765491,51.1827308321896,0.939297149399618,0.922687837155536,0.637426546142902,0.990347943157944,1
218.083466682047,305.087037040548,0.297330304177729,0.976327035576105,0.994798519342528,0.555411797997106,1
223.294523058294,30.7173530735679,0.315716192542051,0.992777367355302,0.474966670292292,0.58472434199556,1
230.072360508288,176.378433379091,0.464786156455372,0.990498062456027,0.956833031567007,0.782420095754949,1
68.691024414366,72.3236822153472,1.03079329438916,0.330472645349801,0.749751954419573,0.995569924643538,1
259.816868534273,44.1033591887846,0.458536217590642,0.992638670140877,0.588564319993009,0.775705601235914,1
132.749801560227,100.197043598384,0.989654711968507,0.88850377057679,0.84495886190436,0.993668622426047,1
102.204192492559,219.464706647363,1.06672017112214,0.667928815819323,0.978830686063731,0.996786687593897,1
263.189902595331,240.992671710646,0.363689005533814,0.992157379863784,0.985144906908169,0.656576953412343,1
239.802349754121,24.2324419470004,0.465437202082186,0.991976993624121,0.407244260641275,0.783111421721454,1
78.443858128356,275.696809292721,0.4347745246504,0.509628151310608,0.991591047671534,0.748886260387873,1
89.9145125748887,9.92778423900891,1.13014373636337,0.630477739498019,0.214269202844953,0.998214904389606,1
98.0320103904821,14.876938346124,1.08411513487924,0.608302936889231,0.289530228403278,0.997257864034019,1
79.0789903718474,282.008806315288,0.43190288932758,0.374130518408492,0.992416131411333,0.745506436218474,1
178.61606066468,332.426243872143,0.480605321513929,0.974171632435173,0.996669322117637,0.798786522296722,2
212.697782977449,69.6041872792956,1.06126440092994,0.984647652832791,0.737646041373285,0.99662424139674,1
122.371171047816,156.541585948403,0.950910513693492,0.819062125636265,0.939949631662857,0.99122904308299,1
144.937451934392,334.391704504932,0.18222625157876,0.92094012349844,0.996774254151759,0.357712261077268,1
68.0601502305,267.809393508219,0.599755106968661,0.224858704023063,0.990431867771764,0.894641992129603,1
122.091208690707,79.2172221526082,1.09362008166319,0.860028338851407,0.777887882428188,0.997487584868179,1
85.3528546826577,17.850831769907,0.961587825215313,0.457249806495383,0.329970452414257,0.991974421789563,1
93.374985728427,284.324743745657,0.612558388410893,0.596683951560408,0.99269800863827,0.90230941841929,1
99.3827195360122,273.996880494237,0.0605140802766185,0.641158633399755,0.991353789057565,0.154972170026229,1
114.313565094599,299.421503094538,0.615379354492524,0.803240957669914,0.994294431943668,0.903937312064889,1
227.569968202052,23.1321023563698,1.15020325228131,0.98333908081986,0.394742456839688,0.998525956618497,1
148.264341873152,551.96758569252,0.210841179381352,0.876570727908984,0.999904848362261,0.408171621118417,1
76.984964013701,148.980299199759,1.15594906218303,0.518252610228956,0.931868482846476,0.998605302458005,1
63.1220863452896,271.378928891922,0.228611853292113,0.0969176068902016,0.990975158700395,0.439310460854756,1
105.271816618055,353.185631401758,0.300103281311722,0.796212129294872,0.997624317248458,0.55988942410651,1
240.913547737909,97.3381343169959,0.243058486794993,0.995297397254035,0.837217840265377,0.464385635817648,1
257.140652421042,29.7124645110667,0.226987839865865,0.993765015387908,0.465092752317052,0.436476436172397,1
160.960677534221,136.147463167454,1.15403794949625,0.958023175597191,0.915534487661097,0.998579362669587,1
106.950920063185,342.565688363002,0.94525722308081,0.783858934650198,0.99717620668091,0.990809615053456,1
82.8831402373019,289.386458891151,0.380021278366251,0.477469232399017,0.993277949886839,0.679349636285367,1
261.200992566783,25.0047535749964,0.0924781644685633,0.996427113423124,0.415832464385394,0.204389397837857,1
219.832676650645,0.0122591814610527,0.609786236241699,0.992459031986073,0.0008932672581654,0.900688273950585,1
240.32336691216,93.1063145142372,0.794713939450709,0.995105135720223,0.82501954712218,0.970563588336623,2
102.559840064544,53.559554970409,1.03063641734353,0.741170606808737,0.652390156642352,0.995563792380175,1
101.133744813321,38.331556036501,1.15617932999793,0.69445419521071,0.543360999103016,0.998608398031629,1
130.573167328055,46.4475539723033,1.37279096484039,0.878889814019203,0.605495606289272,0.999852446392021,1
82.3101278638701,311.802008044889,0.193442244132915,0.448337281122804,0.995338362303769,0.377504745506331,1
132.053950363382,338.403955224714,0.308079537465338,0.902106253197417,0.996978268268157,0.572658416543904,1
75.4419155027132,265.668710791506,0.582315832803663,0.327468319796026,0.990090382902569,0.883439498218187,1
148.76227107828,372.739178785394,0.661716774485329,0.91455519059673,0.998271185522987,0.927692127274549,1
55.7371974853463,32.8630251718168,1.0815765363449,0.0245176777243614,0.495353777247051,0.997193317079276,1
292.810725623888,109.73204017033,0.354568981459952,0.997494853567332,0.868145060054066,0.643473035216354,1
82.8570672674769,59.5431721803411,0.960355021369046,0.509530178271234,0.68720375913114,0.991891383851414,1
101.110363995594,60.3026140333767,0.996698760041631,0.647619033232331,0.69134863460084,0.994039364592779,1
244.667618461393,371.416301905666,0.247080380890251,0.9906701578293,0.998233627899958,0.471317103045895,1
251.433313303316,45.8334408023175,0.938491229652372,0.990283401915804,0.601135056659292,0.990283940047044,1
139.128558949321,347.062368092926,0.188175025301058,0.871607538545504,0.997375471826037,0.368208650287993,1
77.5733474189543,96.1352659726066,1.19897085280201,0.530434007290751,0.833842663148911,0.999084722439508,1
118.46553481594,284.04011875471,0.421425229059553,0.8051840250846,0.992663942354107,0.732921439732489,1
131.777161352611,77.1878959970602,1.2726947401915,0.821151227457449,0.76996644417301,0.999567665010378,1
124.282231628628,143.481218674824,1.08481382868019,0.854628929169849,0.925303852162974,0.997275387684398,1
288.389732436507,154.605006980601,0.404938005200531,0.99344148626551,0.937977582203378,0.712317588181785,1
232.116178941147,25.6196139555011,0.554845617149373,0.99255762854591,0.422562915397931,0.863928106514072,1
73.526467925839,266.429429563724,0.37765587162203,0.293662612559274,0.990213116669312,0.676107579601709,1
84.7144618409271,267.547318046861,0.530243792478749,0.5423728316091,0.990390705625279,0.844411915675874,1
76.8700504083486,77.729468290179,1.00964034601359,0.479192123981193,0.772108909428917,0.994669476391787,1
268.992433415956,35.1814275630634,0.643401986724134,0.993965585483238,0.51637127469956,0.9189538297338,1
63.2997158080721,56.2994607108716,1.10651241123058,0.254700685618445,0.66882010409312,0.997770866459496,1
91.478320544222,97.3871124153868,1.20416311944448,0.631506742211059,0.837353760777552,0.999130803310218,1
104.356577937264,341.386856702362,0.381964972229618,0.7239619276952,0.997121499805705,0.681999289011804,1
73.2660561766692,2.09294409742611,1.04047465921238,0.315852853003889,0.0623171404694476,0.995933705435278,1
335.553567117943,10.145143689442,-0.030533843875393,0.999357118271291,0.21782017229039,0.0440258911049917,1
87.0122618571267,292.882849923942,0.554105334322403,0.628038605442271,0.993651280242506,0.863369571111383,1
61.3356833267553,334.43808526291,0.391799036588974,0.164920209906995,0.996776689811588,0.695204386047027,1
75.0389859443596,265.649044822849,0.485850903057585,0.46793678891845,0.990087189551945,0.804015806211199,1
280.984939875747,95.7786637859912,0.292648690304573,0.997253656154498,0.832828233161509,0.547808685999493,1
176.86736788259,183.085512129366,1.01752986346281,0.941666293190792,0.961379257338613,0.995023200805798,1
67.8676473158383,275.627982350629,0.284074696495917,0.359251571586356,0.991581569970391,0.533747588640802,1
354.028211519118,43.756945436244,-0.0398886801548438,0.999571284279227,0.585995425185504,0.0359112490733099,1
71.4059571204665,294.645440103845,0.453526014348294,0.286609316244721,0.993831505893376,0.770220972649296,1
267.664253026779,1.82151787713052,0.862555701438922,0.993663360364735,0.0556484553781678,0.982243239362687,1
68.5128230296152,271.606619202074,-0.0337031787795854,0.333169071003795,0.991008741389194,0.0411966524458701,1
84.633008420793,60.8142000402958,1.0636666476813,0.582881698384881,0.694107786851213,0.996696675992307,1
261.242711131278,59.8017185081068,0.526477336398558,0.99717749026604,0.688621466272514,0.841247285604299,1
316.785876788735,17.3949480387993,0.395213486318766,0.996510670054704,0.323973121427354,0.699710248032299,1
76.5231932322211,287.903478148657,0.768454532780078,0.464515958912671,0.993113008132597,0.964504881791731,1
147.023338901783,315.548611232591,0.430070442300376,0.905240495456383,0.995614714684401,0.743334089593078,1
314.902744990916,81.3900067700005,0.522785800353633,0.997427442111075,0.78605451147079,0.838099190830328,1
122.670924962766,267.556760799856,0.347402461997705,0.870079695479944,0.990392191815074,0.632986465250432,1
248.970356655407,125.401491389822,0.661809994105205,0.993097729980946,0.89881179207893,0.92773453876655,1
59.0554793350166,268.938520384698,0.607735771405797,0.138135377084836,0.9906071914986,0.899475407046512,1
553.644071219388,35.1938535901277,0.565026146165101,0.999978345120326,0.516481211623557,0.871432700713149,1
305.414252878661,24.6205511426634,0.199582228015817,0.997512978268787,0.411578986777056,0.388337826288688,1
70.9179613362429,65.3899750680074,0.954826266044513,0.384462961228564,0.717653021684783,0.991509358678851,1
61.063629103808,382.158001149911,-0.1063739338387,0.0535400037188083,0.998516413770476,0.0012534243428521,1
161.99547227402,222.58320454731,0.946446113973161,0.917957844212651,0.979890803969871,0.990899292274945,2
257.321078010678,12.0075551433268,0.280797732117743,0.991113431751728,0.247257911885402,0.528328674659321,1
73.3554961651846,102.440367608092,1.04225769110585,0.438986574066803,0.850766768780485,0.995997643643136,1
91.9795387376639,75.0333391119012,1.26111829200899,0.574471166823059,0.76123219697083,0.999512482996986,1
254.174416878813,77.8634307072144,0.306175029635457,0.996977349044755,0.772635642644761,0.569624717273389,1
319.91872801134,146.920172252351,0.072691994984891,0.997164002852514,0.929480822539291,0.173315963495388,1
238.762552334393,197.128114514779,0.58151389177318,0.992611023597419,0.969392015212893,0.882902720811553,1
191.301474775051,114.00100470709,0.937476862586886,0.983078615972772,0.877340594203223,0.990202840327847,1
81.115519485866,303.125103893987,0.776870785969179,0.415422190446407,0.994629236317272,0.966554189069102,1
136.816149224828,37.7982990542711,1.05170480870401,0.872108758427203,0.538913596792666,0.996321310754163,1
139.12851831592,76.4241074475608,1.21600106291784,0.914389993296936,0.766909039488868,0.999227886044232,2
272.495351405543,205.405712471537,0.489256745002378,0.994287660345435,0.973305228442841,0.807358676092182,2
92.5083164399943,77.3691787595633,1.09710234710846,0.69571701111272,0.770685934521102,0.997567206317348,1
201.01324551852,356.528532521774,0.381992764491739,0.977310408605263,0.997750028397547,0.682037081112771,1
277.671063821644,92.5493437878789,0.635967624736467,0.996652669506148,0.823345107106831,0.915169502324685,1
174.487012475508,283.700268959802,0.57266823207342,0.963880211813375,0.992623056856213,0.87685277805846,1
286.159030426357,17.9633508560614,0.569315091268021,0.995728174690157,0.33143998956345,0.874496871318453,1
479.929621850751,293.483309711888,0.148691027082667,0.999794107628986,0.993713264505626,0.298900461765722,1
57.1554591102089,30.4390447765629,0.985543840876656,0.0785301218274981,0.47225336832908,0.993442702974281,1
59.5081546817407,338.546494790029,-0.022366701735025,0.0126863024197519,0.996985272752555,0.0516847318217582,1
155.580637218659,87.8545150624299,1.09418080401835,0.948042105417699,0.808554272656414,0.99750056593918,1
79.9345572585091,31.4203986109641,1.04462319849563,0.513791247271001,0.481749328528633,0.996081048343113,1
61.0609842979427,326.867563455691,0.113789108595383,0.126711282646284,0.996353618655973,0.239322057415663,1
170.975801359898,340.851451562993,0.204391696626602,0.971468469128013,0.997096302618222,0.396816718725371,2
333.788252948264,292.171488082982,0.688068210243168,0.998155576176941,0.993577052044183,0.938891298277038,1
119.65954536339,296.61715149915,0.306647130820735,0.861463492969051,0.994027026576315,0.570377628613993,1
333.288148879195,113.069877763361,0.216757944511314,0.998004181543365,0.875392640927906,0.418567379331808,1
221.194399055375,51.352949623709,0.306554558039453,0.992898018099368,0.63852095308145,0.570230039266279,1
98.0671272849185,152.07778251906,0.987055100771376,0.703388262540102,0.935304738132785,0.993526593381407,1
106.53608900416,340.416835912796,0.596307405423847,0.683579076780006,0.99707568598398,0.892497709210942,1
154.109816016656,287.261839038395,0.70769097783903,0.932841903762892,0.993040387259771,0.946258310991158,1
154.988583369329,141.7609066303,0.946172414310443,0.94219998177141,0.923120725375418,0.990878717436224,2
80.3039823678523,292.872025111505,0.555276311086459,0.426909555448219,0.993650157198109,0.864252254195901,1
99.9753375551446,38.7097666596146,1.09225462497011,0.626459802500904,0.546486223222394,0.997455713217415,1
94.9284720898695,371.531687441274,0.392006559303265,0.607858791947365,0.998236936140025,0.695479410825362,1
161.097112053034,24.5976414659125,1.12741688877576,0.930667050881311,0.411324178130485,0.998168209838312,1
276.919763629749,215.431356786036,0.214376347753654,0.992201171349734,0.977375467894652,0.414385743958735,1
64.7402096208939,288.007614364048,0.518679357177095,0.262688684044406,0.993124722210561,0.834542946617135,1
113.590378002118,211.511300999017,1.18655891024545,0.733227689983323,0.975864386731809,0.998965165949674,1
64.5799464916292,288.791948191376,0.151549906771199,0.161587849957868,0.993212309010712,0.30387304968239,1
63.4840584801367,7.98100231023684,1.24585470012365,0.2227349774912,0.181259369347675,0.999429580306858,1
110.932512268666,56.1726508908512,0.99838058931067,0.778280738275498,0.668078353048801,0.994124912457976,1
82.4525191734107,277.220608763439,0.227374513429304,0.447761389194056,0.99179815219071,0.437151457764541,1
203.906274056697,40.6694867846992,0.99836665216501,0.966805186355487,0.562302668500221,0.994124208143222,1
83.349280024656,283.201400284542,0.616205377259255,0.447507927194238,0.992562625146776,0.90440984903509,1
92.4879514639902,157.345578252667,1.27388761561994,0.659623808693141,0.940749532952423,0.999573004690707,1
263.497670464379,81.5775624471947,0.227424957202263,0.992356352275237,0.786744625177777,0.437239506895454,1
270.513122642518,7.59330392720821,0.516214076194157,0.995779243297875,0.17440419951018,0.832380343979316,1
416.476073246875,46.7491231249215,0.11626864690597,0.99955175165087,0.607617836789159,0.24346921127596,1
258.475075513837,120.455073570881,0.303268167742823,0.99014585535042,0.890012539465568,0.564975887904099,1
96.7395534088935,274.544733721705,0.468746901730082,0.732895837863907,0.991430979338259,0.786602264793128,1
252.125853999807,32.0881332200869,0.927994342558991,0.99095221539028,0.488097969120858,0.989414748641815,1
365.972670915833,137.035718196243,0.428001518811019,0.998746066354215,0.916783885768012,0.740866791036792,1
192.442733344231,320.230079687902,0.463157724405345,0.969740682747215,0.995937010960547,0.780684215147001,1
296.046518801601,63.2199375701107,0.685325929979906,0.997488932218403,0.706735853078574,0.937797634203429,1
174.885615996302,321.19455249612,1.01704154991273,0.97443198482506,0.996000394604249,0.995001944955483,3
300.266226913778,17.8589833528396,0.68967067847358,0.996300569502637,0.330077056084613,0.939522936575343,1
263.266060608226,33.3238194290559,0.451893031541138,0.993572318926454,0.499612647465031,0.768413714696944,1
240.885328570374,64.7542722808702,0.204718006930333,0.994675119640306,0.714500152606936,0.397391686314846,1
396.88399778861,44.2885677913532,0.557347776687309,0.999844829086214,0.589930581678169,0.865803007861694,1
117.220911307006,80.4698850021435,1.12026123481212,0.753714719088748,0.782635038469077,0.998040244090023,1
108.110788173031,311.2704626905,0.39202239266599,0.693415861111134,0.995297762197006,0.695500388193952,1
130.383467612505,56.4132132567417,0.994233326435855,0.885169369867072,0.669483969147688,0.993911910199124,1
103.587059987334,52.6185469815261,1.04516848941033,0.703021531924605,0.646547059135295,0.996100047405368,1
240.171789014059,111.234079237493,0.249673409742573,0.990633623441681,0.871458582961388,0.475773181305704,1
279.403909163265,260.475186647362,0.45475219316283,0.995373777812347,0.989210030100412,0.771571660771674,2
144.414007270152,374.637685960564,0.270232577251385,0.926076881121844,0.998323689821935,0.510699220437048,1
316.712560368284,20.0855403442499,0.464359114658453,0.997463628882542,0.358394875816005,0.781965802320317,1
405.007099899879,113.410238956029,0.459423403872903,0.999727490823716,0.876108342151457,0.776667329154063,1
295.810734965254,131.270586963365,0.166676124438562,0.994222200708464,0.908325852821809,0.330333501773938,1
108.036109087425,358.738738706193,0.203397697332972,0.73560948879458,0.997829455081042,0.395065003269396,1
155.85812142068,95.7557489734736,1.21408195393407,0.902338076848537,0.832762828812828,0.999212868722034,1
179.527806576694,301.365514425917,0.532598945625078,0.965603269636631,0.994472706206152,0.846366576659727,1
288.784055670584,195.312504519691,0.238949678600101,0.997759447898716,0.968458903139755,0.457280781139072,1
175.635646824986,35.0630054284218,0.965685327233255,0.948536823270842,0.51532213600631,0.992244925592142,1
84.4528756023445,173.871790767077,0.941801929370398,0.455109732458368,0.954998009601458,0.990544449103319,1
143.282716236347,296.611053504279,0.344442846160759,0.935921943513677,0.994026431589384,0.628607996603195,1
83.593500082659,321.792512103756,0.242038639043217,0.481963261729106,0.9960391917251,0.462624301413953,1
297.854692216117,91.4667980182901,0.207436193897788,0.997466103872284,0.820043013730295,0.40217939675541,1
273.107735328637,70.4849147015113,0.433736306256061,0.994590136688203,0.741632645674206,0.74766775913698,1
161.246331126343,344.433260631983,0.761764325254007,0.906060679117218,0.997260747315803,0.962799632974652,1
261.127084080771,89.3330119495298,0.683457105314041,0.994177633197978,0.813345831439651,0.937043022017937,1
134.579345768418,65.9164385376124,1.3260878010203,0.826680119847879,0.720236230171746,0.999754360470487,1
102.855687945396,354.657110314544,0.751752078635698,0.701642076484859,0.997680499088438,0.96011645774728,1
337.5037906639,61.1118047987441,0.428825002208454,0.999194384785369,0.695700788844248,0.741850693655693,1
67.8376848260317,381.257042020687,0.654965846364436,0.164285621372983,0.998494550613513,0.92456584121272,1
98.9281434441858,89.7814783085468,1.00146261604785,0.75489044515416,0.814774527151242,0.994278790511273,1
142.782583711078,46.6364198371258,1.07820277381479,0.929947895230725,0.60682617222813,0.997105369521446,1
254.86699227375,158.256310460273,0.491635581483775,0.991145569132641,0.941642573579339,0.809669146613953,1
256.626255021634,173.972794566175,0.527088973780975,0.993955672020093,0.955073456841428,0.841764437332783,1
95.6170814490101,129.314064493521,1.00874854147826,0.640831539873034,0.905260197404048,0.994628084064105,1
246.058520174052,83.43458269496,0.943710806146249,0.984425348462537,0.793453761450361,0.990691779221682,1
265.730739731997,21.7004711994897,0.307817290146895,0.992568699177355,0.377989606595967,0.572241255538563,1
252.126493605416,163.689195653851,0.684921190278173,0.994986347388476,0.946693332210981,0.937634846267928,1
132.691568539042,140.734042254766,0.950701397445117,0.905142471659929,0.921786754517931,0.991213841063504,2
146.672283280787,301.485490127645,0.153982656427297,0.898830494610593,0.994483523237636,0.308112490646165,1
140.970473000046,273.508935177048,0.499732631695325,0.865829792339355,0.991284450683162,0.817383911152867,1
254.864401437731,217.949199919206,0.306569072892444,0.996038208715618,0.978295312618379,0.57025318188788,1
94.3070415922101,51.4351962006928,1.04245833246831,0.647519050166011,0.639048471314952,0.996004780575031,1
148.360248683495,552.387748951879,0.613170323156496,0.908366235205904,0.999905490895515,0.902664408631627,1
113.669751633237,458.718407631621,0.334076880443477,0.803472004830837,0.999570981235211,0.613057396779901,1
63.5181804537765,38.5199409042201,0.974719355172671,0.0780209321528673,0.544920655771954,0.992812417853015,1
83.7462683509028,71.501738859808,1.1004461329594,0.468407101929188,0.746156200014279,0.997641464259196,1
220.387486185851,123.364209610139,0.54682610203564,0.991257638204843,0.89527826456716,0.85778359980132,1
115.631497389804,183.804124223214,0.966272918228244,0.7589403570164,0.961836672793569,0.992283033189288,1
241.969773752294,144.059925169231,0.993279802910823,0.984098439104855,0.926023978573284,0.993861955785504,1
245.749336074278,82.7440084113849,0.322946575747864,0.991245252778754,0.79098485529324,0.595998635528923,1
275.45622975991,218.306432323634,0.349799408469056,0.991823928663507,0.978422727820117,0.636512165237788,1
200.890215574482,312.650907698594,0.723646841775638,0.97646227106452,0.99540247308838,0.951684571805543,1
114.965526580695,300.109647936462,0.358551657857951,0.846236930927262,0.994358189276614,0.649229026587507,1
178.062547020902,272.055242676135,0.133044047426136,0.966534734237939,0.991074542632494,0.27190031979447,1
277.045544360656,270.670529962267,0.115107446051776,0.997550551313907,0.990869865543929,0.241525108872737,1
92.4298616232308,114.597030451772,1.2347095098154,0.608778377762064,0.878571086381885,0.999360885630666,1
111.990990296264,205.969607726916,0.992255776229147,0.788395712617785,0.973552652521013,0.993807893275933,1
266.87731463104,46.1577678400345,0.735169726134841,0.994059989927337,0.603444485786027,0.955308512022323,1
87.0831086722778,16.9895445842061,1.01098435598104,0.54289271007292,0.318580578756337,0.994731308718762,1
180.583055783288,330.840500707645,0.483802867466154,0.952948719030246,0.996582168441338,0.801985796601412,1
138.803419144215,277.070933725788,0.239662445201185,0.870581893483177,0.991778038709493,0.458514918986687,1
120.351338997217,284.361684644545,0.562514633849578,0.804279525531456,0.992702418351338,0.8696117274564,1
146.011696384008,75.2095571709237,1.06377187469922,0.883250224636868,0.761959420186904,0.996699816008882,1
190.821698483805,303.913995027151,0.262719982769183,0.956285742577165,0.994697960580016,0.498025656043549,1
227.991469274163,97.1673399143238,0.981143655578303,0.987589698517695,0.836742945900226,0.993192800288615,1
110.393707676601,366.920824811612,0.876922385996007,0.739473957102746,0.998099769199968,0.984110026450249,1
227.43844556353,41.7029418099757,0.518816501127429,0.99235721421428,0.570396039061097,0.834662642600081,1
139.174553949179,156.703987798262,0.976067552858351,0.881973184412345,0.940112086199909,0.992893804819095,1
163.451793095722,63.3850056963662,1.22770089391458,0.946535340743139,0.707581794527021,0.999313796684279,1
302.624896051218,78.8719950568075,0.177068999396736,0.998761066468433,0.776560669358577,0.348619468333947,1
227.983284099748,193.975997424731,0.380463779506112,0.993760334094986,0.967753690787627,0.679953999896887,1
68.5913722193335,283.752188757241,0.195745536358794,0.288145216880366,0.992629317847687,0.381569311943248,1
136.989386848216,11.8751936774049,1.02964163466786,0.880500789033249,0.245221349958665,0.995524725776387,1
116.722171860434,163.626959152524,0.93878386639592,0.787086310563609,0.946638060097427,0.990307224165239,1
133.876262096679,424.334920291188,0.576940961709005,0.891882829600945,0.999251437170162,0.879804782094001,1
320.608015861598,63.6020672705397,0.394014097629756,0.997491743648425,0.708690257732963,0.69813214927307,1
131.197877563501,108.697921558559,0.964796166305708,0.846892837202176,0.865812908002938,0.992186936391479,1
225.864390270168,50.8418776792705,0.421998300716848,0.993564659496769,0.635224282383782,0.733620026621019,1
75.3225231038139,48.8346833679918,1.11074561516293,0.388586335116997,0.621958499651638,0.997857246784377,1
156.334203046228,73.2863976199567,1.03003975597984,0.954521315637976,0.753895672665,0.995540398178287,2
165.802817258373,85.2187913348399,0.963413354690592,0.932477582246065,0.799693156076673,0.992095973190813,1
264.857982301309,180.744231607509,0.420911334916021,0.992716568056494,0.959850120076781,0.732293984035075,1
308.389685643014,29.1178467768057,0.298874770285144,0.999095450853929,0.459148462809892,0.557908102927267,1
404.772636253095,181.706548748623,0.778725997999633,0.999369990779087,0.960485911330098,0.966991932808571,1
82.0789220254987,382.362630217092,0.430894978075344,0.590875437948853,0.998521334843246,0.744313072923137,1
260.528544805441,4.84994390405046,0.196534158289035,0.995270901126787,0.122628142235294,0.382960803421032,1
301.84721073972,134.934612004568,0.589617677956929,0.996641712961718,0.91379757573404,0.888238697598093,1
270.610716660803,153.806930653285,0.321185227678323,0.992052131332457,0.937145864408988,0.593265887251215,1
354.508585729302,111.350581504637,0.393171591277929,0.998141010990366,0.871711990009597,0.697020594357403,1
235.342919180563,81.4922699711194,0.431862396859161,0.994971774285659,0.786431078297966,0.745458564227701,1
149.932880902591,212.553516360127,0.941773290816654,0.890241652494296,0.976275806477991,0.990542222842438,1
118.003475815751,297.330662133859,0.693695859569035,0.754695091629401,0.994096234723595,0.941085543564428,1
91.5966154276949,154.299803541329,1.06357858616768,0.548461403232068,0.937660841757242,0.996694046092425,1
118.071885312887,266.862858815725,0.664994554759853,0.801404590252787,0.99028236045678,0.929171147973144,1
231.970832672066,76.1489441211444,1.11813476938036,0.991480426397175,0.765797188940744,0.998000651111857,1
425.879619404102,231.411967949882,0.600395066077548,0.999533088644966,0.982610765141662,0.895036254403334,1
85.6971133856791,68.8579215972607,0.957979097563348,0.52029358362779,0.734217414087353,0.991729156436209,1
112.271241645987,299.516321754823,0.486399202289123,0.757381845731288,0.99430325983336,0.804556748579376,1
310.824411567903,23.0958119574201,0.417465935211124,0.997672775294632,0.394324687748255,0.72806262852317,1
85.8255078261722,273.705091269501,0.44675968255754,0.529805846279487,0.991312392002746,0.762669568624672,1
122.71773879836,176.03386124251,0.990008335311127,0.838629590114579,0.956585346294797,0.993687722358223,1
260.969700958913,215.040979915559,0.334392670576348,0.996223490219563,0.977229369476078,0.613535999461709,1
361.051836774584,194.942637448757,0.399497795364891,0.999416011851281,0.968265316447276,0.705305913274163,1
287.873657092414,82.3575755722231,0.264563614717517,0.995131064439192,0.789589916018873,0.501145846460871,1
374.842139866327,389.394701381533,0.788434711290744,0.999395898543298,0.998680854457735,0.969202924973028,3
142.189832995341,283.293927095485,0.415816562184863,0.926674892893061,0.992573871105105,0.726021878535755,1
125.869654611925,266.93144655632,0.840411358449399,0.859280141303316,0.990293272621935,0.978985333231482,1
124.304712035012,44.0098440914034,1.06910087196508,0.882015449926257,0.58787257171052,0.996855296146473,1
230.733539909355,122.284641552897,0.714620237954936,0.993597693741322,0.893354940442023,0.948674730864542,1
151.840504731553,97.1291025166908,1.19168286057952,0.924905569059774,0.836636430914093,0.999016185826163,1
101.135394270148,470.065633249079,0.444192552259783,0.685520731844008,0.999642916697973,0.759761139102336,1
257.783274639472,39.0698694924654,0.334938485406239,0.993723288178444,0.549439637217731,0.614362508446158,1
74.331108993454,66.1668059286068,0.972888471669683,0.42787042632699,0.721455938659591,0.992700540876473,1
183.655788218189,150.808178807042,0.984978390519869,0.965886774007231,0.933918101769511,0.993411061940793,1
89.4883460302877,16.6267438179529,0.950412825667791,0.516792310401797,0.313706450393705,0.991192823893799,1
277.436227459884,280.577061243082,0.288408209296921,0.994532449170947,0.992236421983355,0.54087603466345,1
86.2647992814099,280.136557913209,0.510519808928261,0.588981157401577,0.992180273903203,0.82730547266261,1
269.478010155501,209.681949940538,0.674115204349263,0.995168171590194,0.975124744576242,0.933155867907588,2
187.178482219284,277.518886302161,0.843015068067845,0.97117372462526,0.991838087532861,0.979393888133343,1
164.437064385372,594.382780544097,0.77868498619522,0.939331801375374,0.999951967744181,0.966982309661105,2
272.777757371726,24.4248485226499,0.529764767338939,0.9940860865172,0.409398023114803,0.844012076447729,1
270.377401506972,98.5041414503762,0.493018457888699,0.991717946482822,0.840422069952832,0.811003084861593,1
95.8232012291571,305.292974710466,0.488332877147847,0.630923347081989,0.99481597445983,0.806455957373177,1
94.8711379131755,412.913499087496,0.835763957946772,0.616797633701935,0.999099225945574,0.978238368502439,1
234.155157961367,68.6795999664333,0.620478823686743,0.99005589960143,0.733391173117819,0.906824845971084,1
269.173531455981,125.52781484911,0.0974481600017474,0.992109869839624,0.899026837467122,0.212412867176112,1
111.360342974121,127.072747185493,1.10296688033723,0.7418908320833,0.901619373794964,0.997696055106544,1
434.214842615716,82.7887868275541,0.663994807373241,0.999636804219335,0.791145872192613,0.928722701146431,1
287.239109964097,439.338434198591,1.06796773352599,0.99863171717152,0.99941292530993,0.996822810327826,2
145.069551947834,356.1979195238,0.371067986763331,0.86723094061017,0.997737899056037,0.666977440595089,1
126.953764317974,61.2832663028958,1.05827859325426,0.831361427204683,0.69661457215875,0.996532178692283,1
123.759801116686,125.976446653562,1.00326309542363,0.794221801217645,0.899786794049677,0.994366978273357,1
113.403456895809,380.981588824122,0.312925644095797,0.733922315994278,0.998487802002402,0.580333785385089,1
58.1194579243416,282.694193950668,0.28863648545987,0.104272199561819,0.992500672903659,0.541250326928391,1
80.8004680072569,44.625410033269,1.02996781119274,0.52038188232109,0.592402680744988,0.995537569725971,1
82.9030514933841,91.0643109548068,0.962770375568672,0.518424778943881,0.818799069314891,0.99205335206171,1
81.8532593999643,123.890776826931,1.34108855341909,0.413477684604004,0.896203474926764,0.999791132185814,1
390.800997707166,117.800525577184,1.12411014829717,0.99950522556901,0.884971310647628,0.998110068191344,1
215.261061089429,112.220805253877,0.267839485316467,0.990878493757918,0.873588693072701,0.506674025719436,1
217.681370492896,51.7629125700647,0.164279234295356,0.991240457165986,0.641142159606373,0.326126329914334,1
188.420727230764,283.018087516305,0.672172837258155,0.953282107366249,0.992540294206405,0.932323186857898,1
111.027602537604,298.43338471238,0.497839502290546,0.774950054008514,0.994201612824565,0.815600808966617,1
97.930216289151,319.114191505271,0.584526741981865,0.702227469766513,0.995862416102933,0.884909385272194,1
235.583259398718,205.007781580626,0.813232058416972,0.991135873831809,0.973129219890007,0.974276863471053,2
229.467732182777,90.5475691969938,0.432263986511212,0.991873426828533,0.817188937438788,0.745933078648744,1
201.71159782985,324.395261053792,0.591690944128633,0.962221634574234,0.99620370818338,0.889572624161557,2
63.9496550983716,297.390290402129,0.439017463972945,0.24712602281943,0.994101981835026,0.75382535033648,1
157.467683612398,274.223533041799,0.332365321908424,0.922361074248329,0.991385807962714,0.610458165637956,1
144.402134341607,113.202881715546,1.17255734752024,0.92605258943513,0.875672821020618,0.998812895065858,1
291.823573873755,324.887742128631,0.136075922014218,0.99645017227158,0.99623405615377,0.277100208850735,1
179.827272938662,312.357854522915,0.924388305359227,0.959563203854486,0.99538044182508,0.989100420416676,1
111.471709987057,325.837526620668,0.321607625362551,0.79308744519949,0.996291897848079,0.593922053822591,1
153.463459609155,15.8998365607036,1.06937922696916,0.916380477836356,0.303800019155953,0.996863229425269,1
279.978556239475,253.698605952614,0.746701671635777,0.995430461829528,0.987941804180615,0.958701299621982,3
499.672287582724,233.287048699266,0.506733631162598,0.999974571634084,0.983138901093884,0.8238691959133,1
119.015559684388,80.7414074347254,1.00729514607123,0.806218097219244,0.783649989083464,0.994559998221748,1
317.92225122691,68.5314471077252,0.587532978360123,0.996723671909422,0.732702659265306,0.886884653444323,1
80.5123335040883,205.40080301218,0.956397815813217,0.542756803333759,0.97330306405275,0.991619568744115,1
280.755785539764,91.2244407722797,0.505675532852381,0.997755592688918,0.819295036684837,0.822899994427893,1
142.231134511575,292.240588189347,0.492898018794956,0.890696632210165,0.993584300510192,0.810887176377036,1
84.191549535154,139.018374171065,0.954518621702908,0.577332602581009,0.91950516014503,0.991487631662114,1
135.225256482562,275.953173261884,0.655843914209832,0.872296518646181,0.991626255488183,0.924978631429957,1
303.224038420767,140.37833071173,0.832525626839187,0.99800737015903,0.921319183025362,0.977704187782971,1
91.5606235646002,150.010262589836,1.15993602379294,0.592054696753621,0.933031212283244,0.998658007396867,1
222.807870440523,318.252528425214,0.257856032120382,0.977963037788868,0.995803875424354,0.489763940486646,1
183.525907853422,82.606738851549,1.06651433855139,0.960787565680221,0.790490447541569,0.996780691643555,1
103.077508215403,108.50462528803,1.02743148616589,0.694672306301072,0.865372306238765,0.995436802270361,1
303.588280619296,114.448460583908,0.821031491213742,0.995308693032712,0.87826555366845,0.975714156680991,1
67.7936132619468,55.8174955373281,1.27245105777234,0.23613868211396,0.665991450902355,0.99956656652047,1
61.5294341705214,280.612304509561,0.530645381344473,0.173205813858658,0.992240896652738,0.844746526859746,1
92.5878326718295,326.731852914732,0.616763735274541,0.61539072683081,0.996345546149162,0.904728208167118,1
102.680097976619,99.0652301420065,0.978151989899496,0.700254622381181,0.841940701664539,0.993017994357043,1
231.670837738249,279.044796150192,0.599924123676926,0.98477952205576,0.992039346948985,0.894746232911482,1
171.552054429912,129.065707685393,1.00250494526324,0.925277677364647,0.90486363459712,0.99432999584641,1
157.208175740593,284.685337183256,0.919382013408165,0.910307885613292,0.992740939087028,0.988650158118675,1
278.409576799994,218.402358499567,0.478588102740242,0.994078203104436,0.97845681338924,0.796749440160966,2
122.950133191945,72.4330814415454,1.0931523419733,0.821732253069058,0.750226495236948,0.997476708870806,1
296.72607210773,39.2386860977064,0.506268695222044,0.996347391745076,0.550816809278706,0.823443800958681,1
227.238428045792,328.994298355022,0.540075360224601,0.981180623639375,0.996477809283168,0.852449365581725,1
304.037626797119,99.7295343130284,0.854474432330678,0.997061714297161,0.843719442576953,0.981110062203543,1
232.190838905859,223.202037733544,0.434635909742939,0.990392693551257,0.980094719342749,0.748723801498801,1
143.382801139529,130.281538144378,0.978021965623675,0.893805828643963,0.906788986208598,0.993010305481727,1
128.56049837178,54.2727736681611,1.08485896970276,0.898543394403532,0.656749573273796,0.997276516292518,1
77.250202212287,169.429856058794,1.033807522723,0.417753775138408,0.951549832752329,0.995686255016389,1
262.164845472662,133.031937199315,0.210939952202076,0.994188460288569,0.910999072754896,0.408345349210526,1
98.2366765796271,287.227251092466,0.511444962356153,0.610258008586243,0.993036450784266,0.828137589446455,1
160.477408717026,630.913900233242,0.445353365838171,0.910261833341792,0.999973325780202,0.761079243380981,1
312.571792000933,172.208614306278,0.910965662935698,0.997961246641353,0.953737034552435,0.987855531657086,2
516.712824901677,222.888484701246,0.155843448199911,0.99991870764643,0.97999166064348,0.311359876854659,1
165.424951859718,76.3089951411259,1.19224858662687,0.934354128316045,0.766444579222002,0.999021672685857,1
358.63842891337,70.3836603812837,0.403527984576054,0.998809265671298,0.741177578471332,0.710510363216218,1
172.444175702042,39.8060594288912,0.956713783280015,0.950854646740481,0.555411072890806,0.99164157047285,1
118.699530181765,82.9904728232244,1.01127654434885,0.862440192839131,0.791869508046106,0.994744664306587,2
120.70426748404,354.601480796426,0.598726376780853,0.856021236162633,0.997678399584801,0.894005757737351,1
74.0242976471812,108.279298106789,1.00716049703519,0.43182121636346,0.86485681626037,0.994553650836241,1
241.424524391603,1.15561978604094,0.0492590666890257,0.995239780750126,0.03834749916328,0.138620148290002,1
412.807172867642,68.6938962991588,1.21730828774505,0.999569439794868,0.733457513844666,0.999237961432563,1
157.950404740343,420.756135776341,0.388546923573128,0.928754369728267,0.999206746147139,0.690874748706692,1
294.612112346277,92.3935898570115,0.466145160657866,0.995671475073323,0.822873898954573,0.78386144686757,1
97.7662457437182,349.831640128883,0.524031786108581,0.715041231131181,0.997491100276113,0.839166906001044,1
80.4564193337972,76.7303468966292,0.98719574083554,0.415995225310326,0.768139970941941,0.993534350591332,1
215.330032126693,73.9323793370774,1.05065832372619,0.971766452072188,0.756635714029172,0.996286677802923,1
236.934236075774,129.841360995178,0.403771745388535,0.992279145168141,0.906096571006141,0.710823297549973,1
370.291613061453,201.255824206787,0.458381267929279,0.999726860085502,0.971410957783532,0.775537340617763,1
285.323160977262,43.2814552267609,0.471565844067303,0.99609875981696,0.582440581601305,0.789544389731264,1
100.452004825617,71.6684479491082,1.17090660619533,0.67080365982838,0.746889863869516,0.998793628653807,1
98.3414571231477,66.3636189493163,0.951013921947767,0.670685617020354,0.722410803739825,0.991236551734104,1
90.7199757455585,158.822282368337,1.32890269832118,0.623502964852378,0.942190654503992,0.999761696202254,1
134.954558800763,39.2344195687476,1.2330850773633,0.882070241263136,0.550782061646278,0.999350249032188,1
90.0827986562698,261.747408468315,1.14448576999761,0.593449985608459,0.989432709350463,0.998442858378468,1
309.453460593723,297.356182317132,0.387837829200654,0.996996372705325,0.994098695107153,0.689925803784885,1
258.543064185025,198.954815892069,0.932593507775795,0.990847222041339,0.970302682932984,0.989803827968787,1
302.416539834134,101.850045021819,0.699634112909726,0.997160473605618,0.849260515619137,0.943329117483331,1
68.6954563467479,340.549881906534,0.53427774148465,0.205520393559709,0.99708201278109,0.847748590972663,1
130.678598604563,40.3910171436589,0.943916855627172,0.853674150537699,0.560093064366692,0.990707558202783,1
158.665491893541,163.026024747971,1.03393111973389,0.957424649037421,0.946101371415617,0.995690964919243,1
277.935142166681,196.473318076044,0.609210623273771,0.994136488763615,0.969058750611139,0.900348979456857,1
99.3081052893029,277.876941516102,0.718342594023899,0.720638751983643,0.99188576804239,0.949934553372141,1
236.585751429816,95.965226912572,0.742830490574872,0.992381160613149,0.833359746665123,0.957587741770029,1
201.959006241469,352.876213185152,0.69962765836305,0.964392333291471,0.997612330742473,0.943326718254204,1
168.47974793384,326.093505385841,0.287943702676917,0.968251765472814,0.996307333659582,0.540114029526251,1
343.025497036298,23.8005553154692,0.295695803493197,0.997977560851723,0.402375055030488,0.552763461948992,1
163.221354960299,81.0094958345712,1.13164712658372,0.935833703260869,0.784647257556966,0.998240174466548,1
344.099441566371,67.6303017426542,0.453653680971527,0.997929784934968,0.728474182085144,0.770361856882652,1
256.443879227655,70.292333310951,0.899566748757739,0.996647129068151,0.740766404299491,0.986700067769765,1
304.628645252123,173.235792284472,0.488090951278731,0.996467681601644,0.954519977230942,0.806219069743151,1
89.0258386676469,112.786621006024,0.974867450893519,0.674655050970614,0.87479378478395,0.992821399071875,1
160.24908779169,332.310030752001,0.378138222401791,0.96267491672188,0.996663011453557,0.676770253558484,1
255.046534914072,33.5659785391447,0.798328727779395,0.994748112279922,0.501834331375866,0.971322978799275,1
171.616599026967,267.041873004496,0.480122438533422,0.940399323357269,0.99031081533289,0.798300207981612,1
240.427892703677,199.925157954057,0.220721065498666,0.995238962583244,0.970775243969855,0.425516297863807,1
63.5433580960109,10.7037323991463,1.03434542539302,0.186580968555063,0.226831378310762,0.995706718554442,1
252.161629090384,20.8991384988562,0.499777314618124,0.992574371863157,0.368361736332019,0.817425845391257,1
180.729580965307,377.475801630081,0.470922126371867,0.958665112266317,0.99839921071845,0.788875060780554,1
82.2356142980717,352.361891800067,0.35462056870637,0.601897545857355,0.997592272024556,0.643547922015369,1
176.539698644431,109.683971311125,1.04999633937979,0.972166649997234,0.868037582796724,0.996264615643491,1
263.457598829865,288.84291216476,0.275979911667275,0.993333671009168,0.993217961195651,0.520318757154681,1
120.41398998392,242.819213838247,0.963549478535417,0.859675130574033,0.985584039581391,0.992104969883746,1
267.931359718345,84.2385985363665,0.750653998368413,0.993177869124338,0.796290057914923,0.959812348153749,1
80.8115272639306,97.9445250115662,1.35286377631663,0.434472209541127,0.838892425812851,0.999816285048668,1
116.832040030456,136.059934182231,1.0419266418416,0.818097275681794,0.915410341226178,0.995985842500406,1
203.810896600533,94.7927120429653,0.965322206234177,0.974555520806462,0.829990051990966,0.992221290780028,1
116.352969484624,34.9481912983878,0.954687185776368,0.741221718490124,0.514302500029305,0.991499542504986,1
301.590347761434,166.484066178667,0.667681458120013,0.996002277825028,0.949116519915533,0.930364874504305,2
191.401440027399,301.577708250805,0.763994886429689,0.969934881431982,0.994491823174368,0.963375830077984,1
137.241569018185,105.675240402557,0.975665016064451,0.885120100108907,0.858750095279963,0.992869592636177,1
188.22630637872,28.9814549883315,1.01034096953269,0.956056016031653,0.45777413226751,0.994701791184266,1
153.553210366789,65.6532805382625,1.24365839047037,0.95237178565003,0.718948124629132,0.999416616397226,1
175.864415594654,202.161651325812,0.989859074858413,0.949496598681435,0.971835699067563,0.993679666881141,1
105.524352723683,124.33514051909,0.990930484710652,0.702945620985702,0.896977745385846,0.993737283697903,1
262.164248921212,147.747519557144,1.13021242882803,0.992136122426018,0.930449768044427,0.99821606631319,2
163.370291776738,303.781794802314,0.518618959713436,0.959404521156102,0.994686505915645,0.834490212780707,1
181.803331308527,248.52300302282,1.17886347329335,0.967001915443689,0.986872934510857,0.99888388981316,1
157.199596692206,78.0193518659,1.08853706775161,0.911274301353842,0.77324711526677,0.997367041623304,1
242.489073233758,151.089361832149,0.337245766226569,0.991978541715071,0.934227786085284,0.61784632929482,1
208.267810246209,140.372988393802,0.671134253745254,0.990203751251101,0.921312139064209,0.931874443886504,1
72.0863963008643,268.081034569592,0.286997476931578,0.348187085706741,0.990474345046713,0.538560219747315,1
82.2419583523649,102.492214926838,1.01064213608562,0.479217052692547,0.850898318511804,0.994715626927852,1
238.344606119085,282.275795824979,0.919666861906718,0.987531387712806,0.992449177538578,0.988676217586334,2
114.2508963108,267.430164054834,1.16735918142999,0.789922835538164,0.9903722475684,0.998751236584088,1
300.522071336257,32.850026867077,0.461323144965004,0.996319823665544,0.495233041425669,0.778717115257112,1
132.482073771061,44.1986915021849,0.992164129254957,0.870015415363014,0.589268198219722,0.993803033834865,1
95.8382840494646,63.5863263795472,1.01140255622919,0.742569366237149,0.708610024028809,0.994750414634572,1
358.244185981679,202.816486251668,0.706050295968543,0.998376291710883,0.972138775460928,0.945672360802491,1
122.805180581986,94.1029598414547,0.967841172840366,0.865949829807505,0.827974950566222,0.992383913037402,1
247.262482998776,84.4862413144264,0.317071285951298,0.990670655388385,0.797155475422819,0.586848588702226,1
79.9044233831819,46.2919528176555,0.955325797978083,0.389480013865978,0.604395697843438,0.99154453095539,1
141.561647105015,213.518646217195,0.945040946407424,0.879017396364361,0.976650481553409,0.990793216150953,1
264.254822703958,78.415067905079,0.761910006241443,0.992478518746793,0.774791287618029,0.962837501332356,1
289.656841208387,178.588982304551,0.6910580005433,0.996444495627657,0.958388339637264,0.94006536531627,1
177.820203354694,313.655144161377,0.111813065808306,0.956284640356898,0.995477172246347,0.236028330028263,1
171.044184605679,342.850270348115,0.450323713282285,0.93017631676048,0.997189256276844,0.76666780897192,1
183.694517053468,295.823184375171,0.916659430945158,0.948737761471421,0.993949055122467,0.988398357414188,1
259.08318410355,172.981305686068,0.80897936790004,0.992954557994381,0.954327260569031,0.973462318007646,1
216.28887444967,181.5285763832,1.0012916073304,0.977196514839306,0.960369100039588,0.994270349496544,1
183.920418213237,357.273828152896,0.669165829022285,0.943038504803553,0.997777132435469,0.931017194034574,1
135.319487468619,309.932474442689,0.156608991668596,0.876604549819604,0.995193984869911,0.312696993901413,1
227.178248509328,275.145000999016,0.292106715367785,0.98145518428646,0.991514758797583,0.546925030169273,1
89.3234882560194,284.616369097033,0.485102714982363,0.608283742330968,0.992732747771189,0.803275933122686,1
237.162629098526,308.921338288562,0.727612764096267,0.986507168971002,0.995114034511205,0.952958968044279,1
144.174019653031,188.602907550141,0.951549666497872,0.931676135864109,0.964753900670857,0.991275360344196,1
122.623893073708,120.233053731061,1.02609752537878,0.815272451145574,0.889599707474034,0.995382974206118,1
300.506483951177,212.134962386131,0.442476828906091,0.995390654308721,0.976111437675888,0.757803982580462,1
299.761229390257,245.847617936682,0.997802686758326,0.998822479741648,0.986283498508744,0.994095643613498,2
383.596636198524,210.318533696474,0.887808214009241,0.999815119197592,0.975384688699036,0.985406338129398,1
154.671737378142,532.544141430652,0.376983690257657,0.895415601553395,0.999869836710031,0.675182779869789,1
366.70869896976,197.381530830335,0.568509107243735,0.998579995939508,0.969520017966509,0.873925410792251,1
158.9141865315,201.717989632051,0.943068447320502,0.90002567647025,0.971628469086531,0.990642433323654,1
84.2907640967334,4.12168574506729,0.940757352472051,0.450385620817542,0.10771263344903,0.9904629414932,1
64.3695188464804,302.549311188339,0.45779767261756,0.240905973827466,0.994578511491264,0.774902831866847,1
242.770089456332,178.059904714727,0.752857677090757,0.991694810334593,0.958021332241989,0.960420658451614,1
187.007427703822,306.683127850407,0.453967536137789,0.971527903573588,0.994932272670936,0.770707955163605,1
313.852147631947,245.672402287537,0.671553732757027,0.998063451843336,0.986243977713614,0.93205598429732,1
118.883700430802,100.687895346703,1.23010036534731,0.831434570718557,0.84624926523689,0.999330272048253,1
197.595001809455,163.292143709677,0.966909795037829,0.984802865888923,0.946339711950388,0.992324145869122,2
112.114570045419,120.290694775809,1.06582369402635,0.717770627932623,0.889707039548644,0.996760497812639,1
284.261928422752,117.586803134427,0.923388967342262,0.995263973949477,0.884555279309349,0.989011841863869,1
86.6104868574976,61.0379505370202,0.952585234586416,0.590389420744032,0.695306290461414,0.991349936461465,1
262.509980789215,364.162390124535,0.704006762557454,0.991581998998299,0.998012639684551,0.944935040198701,1
163.803864651063,184.191320475758,0.997499596759778,0.948528066044673,0.962080856692953,0.994080240168126,2
138.727561063922,120.289686038829,1.03229519620328,0.899268190842122,0.889705162120849,0.995628242434896,1
134.179037502531,258.850489055138,1.04446365968003,0.910335391992703,0.988918773622993,0.996075473672159,1
93.3039761702922,61.7383681327777,1.05507016461393,0.640085894847289,0.699025870464523,0.996430687760024,1
211.897407740302,169.57360079143,0.965857227754236,0.97674357984215,0.951665505668533,0.992256091589397,1
166.254087351151,430.374798990022,0.707226048422298,0.938852103194222,0.999321210571043,0.946092808873703,1
262.98068486746,185.312345907497,0.587781514573292,0.994293349329382,0.962778950217648,0.887046755640604,1
135.416053725675,144.549265214869,1.14118011988837,0.845510548679158,0.926627385252853,0.998392851493617,1
159.23353397372,369.421486997081,0.778361572214589,0.948437442537397,0.998175439087831,0.966906337810318,1
89.446066607042,59.5624805278576,0.974906893456749,0.583729763748124,0.687309871285877,0.992823789339293,1
204.747344277546,218.387696155911,1.02320842005507,0.988729030359536,0.97845160691976,0.995264399220479,1
241.455611067941,187.32451262447,0.529609083719643,0.992919429438189,0.963999536029971,0.843881962677965,1
110.429886804804,288.22789953313,0.722466726370084,0.731809677090496,0.993149435676241,0.951299762317108,1
202.19021235015,268.384868697426,0.868713644534585,0.9786939304322,0.990521631640331,0.983065930470056,1
159.638768996145,265.204625714494,0.542479573609509,0.937686512246728,0.990014748171145,0.85436620395991,1
288.192416667202,64.1597232483757,0.459121146596719,0.994112290907651,0.711517667169198,0.776339995860857,1
115.196606020005,291.113899578883,0.330809494239147,0.822419711621478,0.993465079980038,0.608087790886556,1
145.401985455709,280.420322868023,0.477413570079494,0.88746994221583,0.992216490195913,0.795556640238042,1
149.003507174917,12.1471435887896,1.39319090607242,0.876302109099925,0.249396898022575,0.999882417631057,1
163.12959410848,403.045548854087,0.651495927985459,0.961144092259929,0.998942925178964,0.922916336537051,1
129.027946983658,105.673061425685,0.983480512664291,0.845903278328478,0.858744868315793,0.993326574260972,1
23.497111688828,15.8373318648068,0.564443221689632,0.339616524187026,0.46224527758328,0.795110705075786,30
19.5147115668331,14.6791597408182,0.425225898009086,0.278902601020373,0.437883743894947,0.221627032384276,23
61.9093413476838,29.4773842109892,0.511011043740843,0.747213294275819,0.658660842876641,0.605292840627953,28
8.29839489990009,3.05263239194611,0.444450296671862,0.100479462180277,0.0764550505488594,0.2253315418493,32
60.8329603345232,30.079509952321,0.413830565734749,0.739881244146902,0.664655349633344,0.11305174860172,33
13.0957096811477,5.31617472748255,0.539291236254074,0.17665649384401,0.163630484944564,0.679962039692327,30
65.7128423795747,68.2269485984395,0.717274028097077,0.771620373093276,0.861941195635486,0.901490667602047,32
37.0370748642853,12.6136290473127,0.455813127944116,0.520701003419564,0.390020528009015,0.345728155924007,27
43.6407032381797,4.22154616338682,0.685926166467726,0.593544649383206,0.121699624372529,0.897466444876045,13
66.2290865136867,72.3886833107211,0.496683025316833,0.774759241761988,0.87224723381965,0.520872121909633,19
30.2594426831792,43.3394188025186,0.526988008806417,0.435330592736342,0.764621916585981,0.650681236525998,19
43.1603099820751,7.72120319551563,0.421700032502824,0.588580698732798,0.249166276964914,0.164529764093459,26
35.8745331551909,35.6846448753898,0.426519277836621,0.506828503063005,0.713525940154403,0.115596801973879,25
6.19363709612759,8.38116066867372,0.464692867445473,0.068821577692386,0.270721247063597,0.465081311529502,20
61.5828393547633,14.379506074499,0.54492342698023,0.745009600187096,0.431303945964144,0.667343394597992,35
23.5271344942281,10.3122208452449,0.471094052023997,0.340063082511137,0.329041993342477,0.534956255927682,27
22.7985569247025,5.85806821029912,0.432145243410087,0.329176179877433,0.183803744369483,0.125554511323571,25
51.7527597162355,25.0036932581811,0.73283847466782,0.669856737906207,0.608490150348029,0.946984056849033,23
93.5369257359114,70.2525230553855,0.51584761564776,0.893383845662477,0.867102349021532,0.684266590513289,39
8.12803083205865,21.0581061825624,0.598358796566938,0.0978548577340685,0.554158411871212,0.794842976843938,20
61.3506738293009,19.6451364274127,0.42992779925834,0.743431872622998,0.531831122143688,0.265083130681887,24
22.0675264064167,3.42291097870115,0.478545311687964,0.318150080814932,0.0906890238397472,0.390612844377756,27
19.2724040766211,98.5503900654619,0.427167805393994,0.275122416375495,0.917304113962854,0.16845029569231,8
5.48835797941684,18.5533898411596,0.468573971714092,0.05868907823515,0.513372260021173,0.473850064910948,18
87.3633497931718,32.2760870893855,0.453314525312951,0.873445021693201,0.68521615590318,0.324292654171586,30
67.0932021511253,61.5795514030479,0.408077173101589,0.779923549019059,0.842789219751461,0.0470525717828423,25
112.238704568509,176.518270413449,0.692583056880838,0.936975763532569,0.968530988081106,0.924728353042156,54
39.8207190971699,34.9114991420181,0.468093658779257,0.55263076422532,0.70745306298347,0.526308492524549,18
38.3593812133012,8.172737596605,0.526813653464081,0.53609391827636,0.264005189110427,0.607629403704777,23
17.7235657602407,4.49912590107912,0.741852410083027,0.250765781844869,0.132444096902046,0.944900571601465,28
16.2968931013561,71.3444907005375,0.745789642511304,0.22807763900106,0.869769122188858,0.947946032742038,5
15.8477072139802,6.12722899092994,0.427923619848476,0.220894626020412,0.193643060369482,0.0608039631042629,28
7.88765101472365,10.7802419156223,0.444449442121314,0.0941673715434839,0.342157812907254,0.237738716416061,20
57.2261166969303,64.9556374427713,0.439317529841686,0.713866900677432,0.852969204495824,0.277406194247305,21
72.3718614489458,18.126501539723,0.652870402326023,0.809145158396718,0.505846998624322,0.853070218348876,22
24.2574494018346,25.1220569041399,0.473559644548077,0.350869971748838,0.609959782465889,0.509026773041114,24
35.7597720119082,22.3418978550213,0.577181876764442,0.505441786018031,0.573050027286128,0.767711829394102,23
75.328880954568,63.201360988035,0.435458128245958,0.823879798833234,0.847803885161287,0.265966773731634,19
81.1573607922126,9.46389850400806,0.427914405108791,0.849830266009452,0.304274246389017,0.188110722461715,16
30.9255752005379,6.05952863689416,0.564308673541,0.444200624161339,0.191180118680572,0.75149005651474,29
39.7073966006908,9.72691810835649,0.418165952020902,0.551366095132003,0.312093249380823,0.0418907387647778,21
33.1828402696888,16.2127322145085,0.586065603033922,0.473483374417704,0.469793557695231,0.83411365118809,24
49.887996664195,15.7492838872595,0.481545238817568,0.653531435605964,0.460450872343331,0.527321818983182,21
11.0882943221761,2.98650785872574,0.409795410800738,0.144424857549718,0.0739373418942179,0.131614134181291,27
8.98105193157143,1.74000713614827,0.460211597152227,0.111080014324024,0.0297162876584903,0.444090355187654,25
3.69769735373,7.66557475058216,0.538105133257556,0.0345675847680579,0.247310710707381,0.706510613672435,32
39.0040939691821,50.5994601386888,0.75548199476795,0.543450799140425,0.801445047436728,0.927403720561415,24
64.4014897845639,97.5265291825624,0.548270593164001,0.763463440956041,0.916006115904463,0.743292872561142,27
78.0934419037395,21.797522339447,0.504775742309325,0.836677919535966,0.56519315412262,0.55794220068492,26
89.8143890133737,35.5823489985744,0.52798417963596,0.881755808729303,0.712733440935496,0.704420167952776,26
66.2555026400599,22.1965759730898,0.419465680508696,0.774918772888238,0.570974197853211,0.0468457203824073,20
17.6649904833128,15.217437675227,0.42054175878763,0.249838600618275,0.449413026760533,0.0948271288070828,21
12.4892656536665,62.1219501388336,0.525510236189319,0.16689702892216,0.844492882977451,0.601303955772892,6
31.3104299775255,37.24688194325,0.430177594633549,0.449277956802992,0.725229309404459,0.301021812716499,20
74.1467783911433,6.90056253708561,0.484716054166343,0.818123027480306,0.221183910139665,0.546174148097634,27
9.93675880644987,10.3935453354587,0.736430344335103,0.126107588174853,0.33134852444778,0.925556287169456,23
3.29894879029419,3.08357254166182,0.636941624818134,0.0296024678949812,0.0776361388642722,0.873667100910097,20
130.401207205253,56.8957102484972,0.697360370312616,0.962452179588049,0.826868049386587,0.910814226604998,39
85.6046599865424,179.915543619747,0.476864557664151,0.867140142050906,0.969609258701137,0.565966817317531,16
41.0493926806035,19.5198323513361,0.471429989259227,0.566152766623297,0.529768024443136,0.471803464693949,30
54.2692816925112,40.9952326641478,0.558123729275169,0.690797519805737,0.750534982759657,0.729971693363041,23
85.9996590126213,61.4628632421559,0.4465530194952,0.868581844167712,0.842419135450351,0.382491140626371,21
36.6022298766189,12.9435861734641,0.419225111312749,0.515549312660789,0.398074672213613,0.150391389848664,24
47.0589493497502,11.9706329357325,0.653388941664158,0.62739987823534,0.373848513467235,0.860638592392206,19
10.1313274161736,7.67352357589201,0.533144117150612,0.129188716604763,0.247576223830158,0.687807369045913,29
25.6298600546678,6.95483403346321,0.431282328946139,0.370880402384231,0.223074574457122,0.292141155339777,19
16.2223650882325,26.558816569681,0.445684159027343,0.226886994174194,0.627143154784874,0.252562187146395,12
42.8694336873529,19.4694565826475,0.423110698328093,0.585549959481338,0.5289346364638,0.246886454056948,18
30.128564355566,16.3855009523571,0.508730377087414,0.433575698489275,0.473212660742606,0.590630396967754,29
50.2288782973784,91.8764357465658,0.416156270332916,0.656568233738699,0.908293853226077,0.130505944369361,19
66.8943897807355,41.3553038322759,0.485583896678345,0.778745228562658,0.752779622497346,0.456695693312213,19
15.4256065481772,1.9522427128247,0.529566984318032,0.214130921247881,0.0365914988818523,0.612417510943487,18
15.8761084194033,8.25979350880196,0.468963545018553,0.221349267615341,0.266820627484734,0.470328110503033,26
68.1672467498954,6.93599316742544,0.604712114086385,0.786188640403624,0.222418850037003,0.786409626947716,12
11.2352986356694,6.55052566447546,0.42798756456488,0.146775352775972,0.208855445287747,0.127883590757847,28
100.634394179041,117.756919520753,0.43662813221342,0.912576230049246,0.937176506848968,0.148226373596117,31
72.518023912824,30.647755472891,0.670762649091979,0.8098999542474,0.670166433993444,0.881837263470516,18
22.7638682573834,9.07371226534346,0.634063621214788,0.32865526372297,0.29243837482394,0.821992750745267,20
13.6702470043708,14.0858246248493,0.487219599145222,0.185907702580702,0.424739892474482,0.595937791047618,17
2.72327096496549,2.34489263896958,0.414356431869884,0.0227728033320742,0.0501773979188898,0.0166765123140067,45
28.1731798469592,17.5925731518086,0.426859899673636,0.406885855892641,0.496178670755009,0.0615751852747053,19
50.3950162367678,18.4759234212547,0.573305312149114,0.658039724592035,0.512019887024639,0.757177512394264,23
42.3073197659256,33.4884959696198,0.442351773050611,0.57963922814544,0.695753818953426,0.251084339106455,29
47.4076978373244,75.3284988690891,0.476817453751279,0.630712038077556,0.878868130260928,0.547620320925489,20
23.1225113777293,30.4267496271214,0.410381773780414,0.334029746884024,0.668039560848762,0.103156577097252,19
20.3033548101567,11.8354381197093,0.456588452084774,0.291143529877888,0.370365890085145,0.297642748104408,18
28.7248792061617,5.12508033462651,0.487622931722477,0.414505062825746,0.156410539215993,0.458723474293947,30
3.95457281899932,2.02335083568569,0.542349498941435,0.0378558783370921,0.0389766049147983,0.700908146100119,21
8.72226501854581,5.44341705995847,0.441758064292803,0.107046642300018,0.168408693694737,0.348607961786911,25
25.8862455874783,19.2093363187353,0.726703373130526,0.374574366050576,0.52459478318511,0.939021921949461,18
10.0601243924353,4.36409626320098,0.510063751324228,0.128060421682258,0.127223875363535,0.535289467312396,31
60.5862382645344,11.2191183916422,0.464654038541274,0.738173307854472,0.354114884896854,0.419866108335555,20
23.8507639662689,9.22930749728213,0.423370004055553,0.344865302653568,0.297192318390609,0.168083414202556,22
106.022124560709,36.2792602877828,0.43612861815965,0.924869409759849,0.718067698068676,0.153948720078915,35
7.2920135051445,27.6114831797148,0.423620689446801,0.0851177126552012,0.639006494584021,0.180636884178966,12
20.7126580029178,53.1995294054895,0.582588412527952,0.297457078951401,0.812571518111329,0.800484614213929,16
78.2603848632552,24.6033438756745,0.551388004589824,0.837421851221858,0.60345565552558,0.748510310426354,24
39.7433588328061,4.22041632739484,0.42132495797729,0.551767752001307,0.121655794343798,0.0602046966087073,11
34.7562357500696,78.7196926818067,0.492825421072976,0.493182952730153,0.885906462489286,0.610168514540419,20
52.3201743205448,32.7231329017523,0.456865536911189,0.674686293039541,0.689165308252763,0.443131296196952,29
46.2461462378981,7.42405204469379,0.436259000753631,0.619579627694362,0.239184589694177,0.268507761647925,22
24.1440523768521,4.4843870444145,0.5680598133252,0.349199061969118,0.131874979686977,0.730543073266745,24
36.4208910906374,4.73172090087617,0.455435059554049,0.513387804850461,0.141399520761256,0.278549261391163,25
5.26989878347893,7.26954467463389,0.400388605251126,0.0556130708860503,0.233926730215269,0.0263628200627863,31
103.591691720845,156.106069788298,0.550766983831002,0.919546678117822,0.960797380744723,0.771981904283166,44
56.6694110456302,7.02364980352181,0.427329249358382,0.709646572279363,0.225463817027158,0.0622994967270643,13
12.1856123572336,17.6614321479166,0.433206636901386,0.162015291001089,0.497441913889305,0.30946289608255,19
95.346239611235,35.7618145227547,0.50044735833639,0.898630356247874,0.714121596515336,0.608015365432948,20
48.5076073849672,16.2359576454344,0.444767836184513,0.640989779164377,0.4702551798484,0.17827662662603,25
69.722823439397,9.86602791008628,0.780938643483508,0.794967742345753,0.316177457287496,0.94068749062717,18
18.6961671847314,76.0742385789686,0.452920116245941,0.266098425605421,0.880468621580224,0.381756249582395,8
24.5943724384284,21.4117190214773,0.448105056915304,0.35581895438803,0.5594888985427,0.241676060250029,27
17.0962720445879,4.01107475504586,0.414915964143918,0.240816093656187,0.113525850838206,0.101093784673139,28
29.6656136514859,4.07940061315699,0.608620678355292,0.427336268532003,0.11618096592771,0.863188563613221,12
19.4218480929079,24.3202639043318,0.586081122207573,0.277454894206664,0.599835463865209,0.756349560571834,25
17.419273865482,5.84920734021677,0.502293773902873,0.245944835309117,0.183477710693879,0.532075647264719,30
126.142735697524,26.6451142186883,0.423409685270504,0.957580895172675,0.628138058905926,0.058268575463444,21
42.7321978564488,45.0690778693317,0.428138369128332,0.584113461089607,0.774266398502508,0.119085327489302,18
35.5491661928231,24.531500372062,0.549300023185386,0.5028888375641,0.602541666763734,0.659022268140689,25
45.2479063813777,5.70361721311282,0.456080838419369,0.609780256843099,0.178101929092381,0.435816906392574,18
35.2220464641293,57.3061436099319,0.45584412995001,0.498902734228856,0.828355677348203,0.399066833313555,19
12.409566805758,2.93075736585193,0.468824966638754,0.165615329068713,0.0718220698410108,0.39522772282362,19
46.9318389392988,57.9215577346943,0.58834605801273,0.626186235817579,0.830551283725861,0.8002894455567,18
25.523667857585,7.23988678028944,0.560923718324689,0.369346267808393,0.232912187999055,0.69249545969069,28
8.53297553230682,10.9048474541528,0.58446399364315,0.104107628463333,0.345585880358646,0.836984591092914,21
114.65426858082,13.3729038049871,0.488679321101234,0.941148683697085,0.408314196929392,0.451144155813381,11
19.5466279345302,5.38191317438686,0.439678133746531,0.279399865227143,0.166102113704392,0.238288470776752,40
4.89920755345664,36.4733489071997,0.591662634255109,0.0504692654265288,0.719526630349454,0.83691780269146,10
20.1854189746181,13.2225285960458,0.493292276481421,0.289319252905794,0.404758060003562,0.465003754245117,19
26.7270456659759,103.229188531551,0.706900601498815,0.386588379751429,0.922887094473376,0.939124173484743,16
9.71848489278552,12.4528416431323,0.501186723222438,0.122659056695129,0.386036342249689,0.494772035395727,21
8.89310976226696,11.2981846933959,0.409676345629576,0.109707465330765,0.35623458103589,0.0441008070483804,16
56.4456116812649,39.590186841266,0.504459061400767,0.707934088983,0.741476753658543,0.599844740470871,25
87.586381718296,132.058140258561,0.467815864374283,0.874223821659364,0.947855470419187,0.337002680171281,20
17.0394535410373,1.56871912051022,0.599491476362513,0.239912750581393,0.024477560436241,0.834009475307539,19
45.5552289023653,26.1662725026828,0.427433183853544,0.612820185232299,0.622565636358879,0.0964512773789465,19
74.9581641579672,172.217593566545,0.793967861532221,0.822093206742251,0.967089081478634,0.958428976126015,31
36.9677159887682,13.6151043449878,0.52735059026708,0.519882277461674,0.413974056403616,0.675525042461231,22
10.0946461437906,19.7169486906477,0.430087376582802,0.128607353705974,0.533007188830262,0.205358532024547,16
20.3253993740197,31.3330680631839,0.719160292876829,0.291484273223362,0.676631158822609,0.925137211801484,13
52.5665108498507,15.6228838247233,0.646295870553363,0.676763241877728,0.457858673364163,0.888228946831077,26
7.60115067828628,5.01674013822525,0.461462904415338,0.0897981558745248,0.152295133406212,0.465136423008516,27
21.0838159464911,32.5420056774196,0.477582968594163,0.303157870518197,0.687574378153653,0.527619585860521,19
18.5002826336365,10.7514524777533,0.533811663509876,0.263020285911991,0.341361991647482,0.658952176570892,25
49.904399176959,26.1313804890371,0.512572906778577,0.653678103194584,0.622154584361283,0.68280334607698,25
7.55656115808374,21.9006745892346,0.509913228243175,0.0891208108827067,0.566698983421869,0.642794315004721,17
52.8348160420179,20.4202409672508,0.457691764328027,0.679011895219874,0.544287535254911,0.360020716441795,27
36.7190151669606,10.4982259670146,0.514819622470794,0.516937260718789,0.334300362495043,0.548906259471551,21
82.3421199587805,17.7980992639468,0.421538288939301,0.854640777529582,0.499934661853454,0.121032525785267,18
21.3198168397103,2.58818325498028,0.437757434226753,0.306770352895446,0.059012648047617,0.208137184847146,24
42.7339328411611,132.8686920258,0.638915723948275,0.584131648234417,0.948382297934417,0.84579550800845,15
15.5583198103913,7.31674301823325,0.457374648767121,0.21625882316228,0.235537789214145,0.34641577093862,20
6.64139887356056,3.92527212247809,0.560267239790567,0.0753964331313986,0.110190325815704,0.751085442723706,40
25.341210602856,10.674045362278,0.429070771825292,0.366704724469108,0.339215160820871,0.0969471260905266,27
29.3939861610041,10.10282045979,0.664435543035407,0.423652309367363,0.323049007631132,0.911924396408722,13
38.0916786836077,31.9792070833767,0.583674417267986,0.533010654359684,0.682551228879068,0.768013672204688,22
13.6107695962386,19.9127638804791,0.624433258613518,0.184949983951234,0.536190936577496,0.854995609493926,20
30.6006794347631,17.5428316696291,0.451099304977743,0.439887341254197,0.495263088836486,0.3313309464138,27
69.3843555075886,80.4815306464389,0.503717948634052,0.79308676052724,0.889332172782401,0.630801918217912,25
27.7207885419027,41.983962245766,0.628709245125376,0.40058662409629,0.756626627250245,0.852318912278861,31
101.786421013955,50.1158746971506,0.485533660308148,0.915358428350354,0.799268093187131,0.461527333362028,29
96.2292539941419,22.043026466539,0.449278030089681,0.901099649256231,0.568763867876257,0.353283246513456,17
94.0058778956491,43.3690808188777,0.711724352247439,0.894768243557046,0.764792462087929,0.898407562170178,25
30.088126867785,4.07979858907815,0.418726915529197,0.433032683390703,0.116196427413047,0.0505381834227592,17
54.7349869019053,193.244169712547,0.648817006357463,0.694539123664372,0.973382705416039,0.89134614658542,26
31.0316477219739,117.490480378269,0.453873548469471,0.445603486926307,0.936949458684077,0.250660745659843,19
22.5305898435523,4.23327261063416,0.494841698669295,0.32514616698728,0.122154493533231,0.563440929166973,22
3.0696102383578,1.53912407586716,0.449576436979865,0.0268305815054696,0.0236044611526371,0.324640261940658,28
32.3730009971885,2.10305656565939,0.568715995086068,0.463115673037314,0.0416930416042223,0.717378533212468,12
30.380049459748,12.4053769626757,0.50064409185997,0.436944231021792,0.384852662979045,0.537099045002833,24
11.5353714049613,2.97885425671989,0.444839079003884,0.151579841930602,0.0736465320975871,0.302766386885196,22
2.61586976690623,1.64120669293642,0.422417899924371,0.0215482032643439,0.026657204023134,0.12516232393682,51
86.3938932746081,18.5039932443084,0.534482376941169,0.870005830799116,0.512510587775776,0.693314054980874,17
9.56983247299493,6.17151584158264,0.779438334372868,0.120315657640209,0.195249825107197,0.956191175151616,22
82.4756683685758,59.1233092952775,0.651654441535648,0.855173729557386,0.834721428779614,0.873513079248369,39
54.1111382841063,33.8794729114036,0.611254049633863,0.689517584514934,0.699037976745379,0.867285709129646,29
40.5117481022507,25.3730256421777,0.471938305047885,0.560278481254886,0.613047945914427,0.360350485425442,32
116.874166896953,62.8480848995853,0.416137978992304,0.944745472967559,0.846731682963105,0.0335662513971329,16
12.5932689661264,15.1920945208486,0.559090456186411,0.168569966316228,0.448878399017691,0.751852278830484,29
95.1246538922752,2.77859731914389,0.418538849248941,0.898001440855551,0.0660886272430911,0.133666302775964,8
49.1714021006246,113.468144342191,0.456055253138027,0.647069906806865,0.933376750636851,0.370792136061937,17
33.4623181109608,21.6709708125469,0.433035817794749,0.477025329894579,0.563334674173202,0.258061598753557,25
59.1217825976312,44.701858023402,0.463067247277553,0.727821970947608,0.772268802696301,0.308915701927617,34
34.119194516154,4.80086183330863,0.474832529753872,0.485277493082704,0.144051176482026,0.53348386590369,14
47.2863356926472,20.5042874783323,0.467520302794689,0.629562361927406,0.545607360728796,0.523577779298648,21
33.465088078186,78.5231747144627,0.429048501628913,0.477060342566079,0.88551491490927,0.0802663853392005,13
4.64291822371927,6.42047424100332,0.418330849537575,0.0469729386082185,0.204216521006496,0.131832467392087,28
58.4490277961483,10.2629487886833,0.442966865664844,0.72294220596858,0.327638850553596,0.31216942681931,16
49.3654157924577,9.76638056336302,0.447118569835284,0.648829759838942,0.313255433084281,0.204344342695549,23
28.9818720129899,20.2816402827352,0.647094191129589,0.418030523906709,0.542098035793648,0.85803832882084,27
113.656292201733,37.3247725754536,0.603008431089646,0.93945833729707,0.725793818074521,0.85768217407167,22
47.9614196504612,3.93373552853613,0.436692936644821,0.635917935280432,0.110519373536785,0.213076669024304,10
110.374470330473,10.9896521516262,0.867071603702721,0.933559781445129,0.347903830650501,0.96259440924041,12
91.8096963612878,11.9633106177324,0.501399039912431,0.888132180020066,0.373660634444394,0.597791587701067,10
22.7961301499033,63.143455557285,0.44219189777259,0.32913974477179,0.847628893410088,0.227915538009256,17
67.1983013905807,27.1236378479293,0.434804145724708,0.780544085317651,0.633581648329501,0.175961897941306,26
12.2511090905221,4.94778068402758,0.591814496389275,0.163067887490309,0.149667807588783,0.78811762179248,30
41.0044094936498,14.7081610345356,0.406872669463278,0.565663819661557,0.438514341826177,0.0350673012435436,16
55.0714206451689,3.03930085948719,0.532278836194961,0.697216644607762,0.0759467209826263,0.685443321242929,8
87.8628964108383,12.9472714189434,0.403197618979046,0.875183005169226,0.39816371311697,0.0594309414736927,15
21.7253967501267,11.9533860628606,0.408150150051756,0.312955590217238,0.373405850507304,0.0855423719622195,23
77.5561491177696,66.5749078307729,0.518032052695281,0.834261668225471,0.857513118608687,0.573613634798676,20
12.7700374380948,4.64278910670002,0.433213405127069,0.171414216917103,0.137981522585433,0.216203616932034,34
106.142335076688,83.236757749367,0.485421681514321,0.925123614124236,0.894399568751521,0.463541480479762,23
45.5652322594023,69.7993094745888,0.490113326700836,0.612918789377916,0.865972207846073,0.465285046026111,25
47.9722912270227,6.36037062097879,0.565836454051863,0.636019498418858,0.20206209630129,0.704200609354302,17
6.44553998801878,79.7457020330593,0.44839649428902,0.0725080131512732,0.88791969609442,0.243679750477895,8
20.1135046937335,47.0116260446011,0.460166177898187,0.288205753789861,0.78441101787494,0.319844248238951,14
28.6432489000734,35.1551857962853,0.45870549386093,0.413382085441271,0.709388032578595,0.459034950239584,20
10.6456814855955,2.04454832525593,0.476207120069591,0.137362591724596,0.0396947426829492,0.529221344040707,32
33.0054112970896,31.2984017580546,0.405774190128896,0.47122515015715,0.676308797207945,0.0315845627337694,9
26.4327723587288,21.0813546254645,0.559271110002299,0.38240114205552,0.554511920476781,0.768289195373654,24
26.1307593067143,9.6859362111205,0.471208589438104,0.378084060224787,0.310883304994139,0.427178724436089,26
14.701348216265,5.75537323857575,0.465222371072324,0.202500385673838,0.180017008904672,0.439804401248693,33
14.7010769313258,7.2742939264274,0.591530989712307,0.202496024394329,0.234089035363474,0.787638064939529,24
86.4662078608853,62.1393669995956,0.421335051189057,0.87026542634132,0.844547140517783,0.189760983688757,24
61.6183603451997,61.954688400439,0.477934585202978,0.745250200739307,0.843970410351962,0.421703280182555,18
34.5595396665656,20.0565319824062,0.431955640913772,0.490752270127658,0.538507140033361,0.143687110161409,33
2.91107555323262,20.915340927802,0.759832893451306,0.0249532110499813,0.551978032908602,0.945861191721633,11
13.0545334978575,32.3433120831169,0.47270094915216,0.17599357425031,0.685814871609666,0.413293987046927,15
1.49541685656209,4.1693833215418,0.489793635488912,0.0099283024878641,0.119675423092666,0.567256690468639,28
20.7681310032115,18.3597401456192,0.484273280859324,0.298310606038576,0.509980690035283,0.556814686860889,23
13.3253402318318,13.5102429979781,0.462352928548936,0.180353833986671,0.411533801477138,0.335872017079964,20
63.8204910111242,45.8236606643476,0.4311920483322,0.759763820631434,0.778289944620664,0.0883883745409548,20
66.2129210488911,105.543970401282,0.443079271053964,0.774661564104758,0.925452942073007,0.262487458530813,20
27.4073313508075,12.24961384655,0.423760628230578,0.396194930284454,0.380943859425244,0.237936710938811,22
65.0348699290808,41.3766021212824,0.513442129931892,0.767436397978939,0.752911443075389,0.622236196883023,32
22.0491782964375,8.4547020302887,0.780783157687269,0.317872049726152,0.273070959456627,0.956599854631349,15
13.1474544305176,2.19209026342688,0.415769886680029,0.177489598200028,0.0447767478712663,0.0336439930833876,32
38.8849520006641,8.06344045927248,0.458168900707676,0.542098548054084,0.260449659198807,0.459033684805036,25
122.376246182335,176.506276723194,0.549823035037184,0.952760980835587,0.968527088882005,0.685756684048101,19
28.7172691802714,9.71677798062369,0.423173492727019,0.414400437059742,0.31179415955109,0.155970383435488,33
12.5435943952434,13.1544364721476,0.412199791930161,0.167770878944388,0.403137058015599,0.0574268349446356,22
7.88266753202074,4.3086754730011,0.429697964121732,0.0940911268910205,0.125077591124934,0.122015841770917,28
31.8221170497544,41.8497712258945,0.430067705385265,0.455974747249396,0.755813031816432,0.198478216305375,19
73.4844519378425,3.43972156459616,0.437204883741998,0.814820418946774,0.0913393088946817,0.340729281306267,10
6.19235329156737,46.4217896827581,0.52276006834666,0.0688028754279884,0.781403754961695,0.579524272121489,13
46.514878476081,34.9542132252438,0.560256844333105,0.622180870062232,0.70779363760777,0.790477365488186,26
15.9742486254047,9.19275012515431,0.514980141858132,0.22291980518121,0.29607945688442,0.669335240963846,24
32.6946947613778,30.417980327063,0.820800005972639,0.467252592323308,0.667954737426933,0.95659336890094,18
114.661288296734,61.2495568173581,0.557064390730974,0.941160409156787,0.841739315130051,0.782885957043618,35
73.230261336373,37.8675041873017,0.626883429407406,0.813537988232053,0.729679112728151,0.840183509280905,24
26.7944334535889,13.6023383767839,0.465130646511859,0.387544563821003,0.413677803892702,0.475749184144661,22
62.2035418730102,60.0456066769492,0.527645547012635,0.749183925446358,0.837820480696587,0.730029787169769,23
26.958860908482,12.580296925161,0.533245133792111,0.389873459536957,0.389197811786134,0.743694072123617,20
48.4071455204421,10.2836388642569,0.533241706674717,0.640061590105779,0.328228574873432,0.65925180260092,14
50.8450586965984,16.6349353674311,0.443941418896843,0.661997680203739,0.478089263921663,0.315561136463657,26
17.7805754912753,9.26773123308698,0.4255257941834,0.251667791069584,0.298359297453524,0.16179341962561,23
85.374281960144,5.4142430566386,0.938199131326537,0.866292320387432,0.167315292667975,0.98119595553726,6
27.6355324425937,26.1626806750239,0.533076600221937,0.399394325948717,0.622523353864425,0.689529121154919,23
5.72241632344875,7.74428487386991,0.468392528942831,0.062018883066052,0.249934431862154,0.337565518682823,20
22.8286155845154,1.84586455943006,0.542922389919853,0.329627380590728,0.0330970733357202,0.723893779562786,24
53.224989785028,14.0737347050069,0.424198247525534,0.682256892663384,0.424467185619378,0.0282151356805116,16
6.50415838388516,70.927278481828,0.572592550722139,0.0733705082431741,0.868759463485381,0.719490096205845,8
35.9552970773564,33.8500046478888,0.553937989042709,0.507802550413014,0.698792325838621,0.674945951672271,28
64.1273349145938,18.6402172378654,0.509537488470644,0.76172433411172,0.514881175285616,0.643723859917372,20
34.5083501662874,3.10235960459194,0.442931225382063,0.490118191934785,0.0783541891200242,0.349944316316396,17
2.6156856504253,11.7489969540902,0.715243419540871,0.0215461183646715,0.368123858972936,0.910863263532519,13
37.9833109833662,2.26242179221645,0.417467731112117,0.531757766813145,0.0472465193241638,0.0884206248447299,12
113.017490808928,22.0761553265454,0.854309751074212,0.938351637716764,0.569242239405804,0.961624736897647,15
9.18869457679474,3.95120196880056,0.741371556000179,0.114328204437657,0.111198430090071,0.917636405443773,21
23.5313702832532,59.5187192248398,0.501186524393419,0.340126071080373,0.836060609906479,0.608408327912912,14
15.6478483927477,27.7970554491748,0.423034538954734,0.217693645647064,0.641037796693554,0.0651438422501087,23
94.7573603274685,62.54438753983,0.84957044783772,0.896950681305005,0.845801103128303,0.973592535126954,30
45.2470371288437,101.972177742454,0.425433565310908,0.609771629289525,0.92144104326575,0.209386808564886,18
36.9198489681189,10.6360935457786,0.444206601733028,0.519316585908206,0.33815881224838,0.264072741847485,23
8.60841456902453,4.54935028275867,0.494473333671035,0.105277759734976,0.134382063060009,0.630212833406404,21
3.55250859656992,2.58406800790663,0.472349936870219,0.0327393393334755,0.0588611301323642,0.389749203110114,39
81.3655068188497,98.0863007390815,0.596137995120156,0.850686238045838,0.916719326357534,0.793930190382525,33
127.45205300554,37.0703302467449,0.495029723063256,0.95914099584173,0.723943246908952,0.47038846090436,17
62.414504368009,12.5202214612081,0.649804309446125,0.750588273987471,0.38771074989386,0.864873804850504,14
49.2739324572631,41.1105517042625,0.457357375099057,0.648000903986504,0.751257185093144,0.311236957553774,29
20.5036940502541,2.23652226112562,0.490044570917408,0.294237252337965,0.0463337206126121,0.450056876754388,21
30.1076614892039,8.62884415619155,0.406219579444435,0.433295051638687,0.278593461179608,0.0896605676971376,26
56.3186240085624,30.9503151992507,0.408231708706496,0.706958322938837,0.673044620411589,0.0186671647243202,16
17.3180243312729,9.82021734278647,0.479142501794319,0.244338385554996,0.314836366860687,0.493144239997491,17
55.648932648387,21.2328969708993,0.490042119429292,0.701763365248849,0.556805651244136,0.482313586166129,24
69.4946166030131,15.233197658534,0.435264050533537,0.793701285908474,0.449745089727544,0.284327787812799,9
17.5461829953549,14.6396698624664,0.649740262540653,0.247956776637511,0.437023333103398,0.883948211092502,27
25.2368005755607,9.62532229820044,0.466361328579056,0.365189931265786,0.309088106327707,0.348071998450905,27
4.23158857239228,2.22093667895192,0.41584066354359,0.0414740509895256,0.0457862636542503,0.178879582090303,50
139.751708292428,109.334471343232,0.811593036354974,0.971305116358865,0.929400404432023,0.962755006738007,60
5.96177750713905,16.3809279664236,0.433247880859353,0.0654585321978357,0.47312260006939,0.30641006375663,20
44.988079038142,11.6571175026971,0.79386960433426,0.607194050868288,0.365727590815638,0.959973504301161,17
37.482088564269,140.153922696856,0.546421497427305,0.525927144183891,0.952800576615884,0.664036846254021,13
129.335079649243,18.9917894484668,0.489958473473222,0.961286674687621,0.5209175535095,0.528832161333412,12
4.62006413770715,8.28263630096653,0.504030453989495,0.0466636835035872,0.267556946995187,0.582451200345531,23
42.0702868472066,7.56473244156214,0.803908661818622,0.577125417658955,0.243931623442669,0.956499782856554,17
14.6554165090178,3.29254154337706,0.442270375446743,0.201761926743642,0.0856558760690949,0.237912157084793,28
63.8749979263754,30.5201470804215,0.480787265944921,0.760113168258848,0.668940925918467,0.423031458165497,17
14.6010873169654,23.6534361368856,0.723104932347935,0.200888348881318,0.591103791709496,0.925359866581857,22
27.9189495403596,87.1121554869347,0.462679493496843,0.403351565021387,0.900980495127011,0.431759596103802,11
35.966181007225,10.8975861957636,0.536126207396028,0.507933697526727,0.345386841240738,0.745099190389737,21
35.6929885088626,16.6393163674317,0.480700067901106,0.504633375609549,0.478174291550454,0.422593767987564,21
3.20060144679635,4.86493576441088,0.448023311174528,0.0284059238865887,0.146503781389858,0.27775767352432,35
38.6129746400064,22.2632604860569,0.483061505346318,0.538999251560226,0.571928672679347,0.533998786006123,26
36.0484851901108,18.9033793355479,0.530842858816044,0.508924525830754,0.519410559070164,0.632452314021066,31
46.6629347778119,60.5361631089924,0.882425251671747,0.623607378369961,0.839434212910693,0.967416235245764,28
71.7938564633426,36.7916900581351,0.494711479444095,0.806132594068234,0.721894969163119,0.541417612694204,31
58.0392679317474,16.1303140911793,0.442922744858874,0.719931020757208,0.468150418064297,0.173961714375764,18
33.5606202965322,53.2223777665062,0.607380257702284,0.478266769085196,0.812665166777882,0.852640706580132,22
37.3743869377922,21.0777432554937,0.641407534162039,0.524666585393342,0.554457035524346,0.872193893417716,28
82.0731279287236,109.440220633836,0.54339433919804,0.853561632992834,0.929506253959469,0.650056578218937,36
128.244504094102,111.368873571327,0.437552583368914,0.960057806593633,0.9313980437865,0.213048293022439,19
14.1964311611981,10.3347785846835,0.406495118966991,0.194378498060698,0.32968294712143,0.0237112850882113,21
75.5864639541361,76.5714349337247,0.435428019832833,0.825111173241611,0.881518771845666,0.151693359017372,24
110.022058454503,29.2119897947791,0.803365702254057,0.932894098739727,0.655966582790542,0.967444471316412,29
47.8810328417257,36.6507978680408,0.810674564687482,0.635166183042715,0.720850525340281,0.953236914938316,28
48.0680094412328,2.4382100517272,0.544376918127878,0.636912632603444,0.0535351125242565,0.725612673442811,13
53.3915382450309,41.5895617333988,0.415276196538173,0.683633051686441,0.754223727150255,0.155521013075486,32
4.78923449130737,3.58901388275236,0.755600467416777,0.0489627334336692,0.0971243041714189,0.924544682027772,25
4.64234802668242,33.99229701138,0.490738810762445,0.0469652177206124,0.699975687747816,0.463198037585244,10
14.0539987956945,10.7079320057621,0.555922373056221,0.192086031833483,0.340156254668241,0.794722110731527,18
77.1623531783372,12.4217880865044,0.4557664818919,0.832469267585996,0.38526231598196,0.425193661358207,15
32.5556828221055,19.8058665962776,0.414272055609371,0.465467922215168,0.534457074978496,0.0480851938482374,26
27.6496823979051,22.8898118994526,0.40639785838317,0.399592324739484,0.580738899373532,0.0914096073247492,27
29.4950840008795,27.4107824586107,0.498389817299105,0.425025443704733,0.636789702714893,0.537393185310066,25
34.9352545513224,15.0090769561868,0.40791296820502,0.495387231329899,0.444993711338348,0.0832378384657204,31
19.8516034620305,48.9875292457902,0.408470405605419,0.284143597226518,0.794048879691427,0.119099755305797,9
137.741403832423,92.5266985807329,0.623665004282287,0.969593809968331,0.909231674921752,0.838442232692614,46
47.1025516357418,25.8269317308804,0.586879460806792,0.627815396563286,0.618538607705344,0.792308692354709,32
29.6298370673901,2.98543977863535,0.443556035534132,0.426852021918016,0.0738967508520007,0.25954615464434,20
11.5553257303038,21.9116494457146,0.432329098797658,0.151899617615788,0.566858721683686,0.272887229919434,16
23.8745341427504,9.83101915153025,0.404312988607058,0.345217190224149,0.315152930007906,0.0320249272044748,20
72.9530298324603,13.9835705861228,0.529965165840367,0.812129779225259,0.422427132150894,0.726538078859448,17
10.7550375898323,4.97965662262565,0.416666623795962,0.13910523271606,0.150883004800313,0.0811182176694274,32
24.0536111540494,6.03678144863051,0.475147600248346,0.347864525142289,0.190350765093133,0.420677575748414,31
65.5159473328408,24.3007263049399,0.598204452156491,0.770412535686571,0.599583730556974,0.843314265366644,30
23.9475560027624,17.7221777862369,0.472807186289186,0.346297472984875,0.498552253952743,0.411150539526716,25
69.2427791835427,128.330657844012,0.478941030921787,0.79229519163462,0.945333392104335,0.44777737907134,23
42.9278771385157,14.5814462860367,0.461021252166311,0.586160424667499,0.43575105425761,0.454204468755051,33
39.9390954807482,17.8916299333489,0.562765738702836,0.553948666054579,0.501629619532839,0.717123386915773,22
73.2909136153408,40.5477424866837,0.446963470259836,0.813844745983628,0.747702491612387,0.206294726813212,20
28.6054188969845,53.4636396251924,0.596447115505628,0.412861147002157,0.813649823509374,0.79847810533829,13
24.2136753689259,9.60244414207054,0.496689206449877,0.350225271309552,0.308408771792621,0.591817694483325,21
23.4476191572282,11.243570691769,0.637682471501375,0.338879982811786,0.354771540673509,0.860233065439388,30
55.33187911638,45.8046847367329,0.614497339588101,0.699274926323382,0.778190077727771,0.852161458227783,28
52.3354297257561,36.7843848072931,0.48678259900415,0.674815262812656,0.721840960017566,0.512583018746227,18
50.6213219014562,6.63787694737946,0.471645020406459,0.66003511679086,0.211953603597122,0.516047348733991,14
102.415807831773,6.24775792163862,0.442143803557879,0.916842034364426,0.198007740685381,0.25276467599906,13
33.7133544415005,28.8782048041974,0.464381942152581,0.480191084151831,0.652531620574437,0.35346462787129,33
60.3640804136786,52.1641669668172,0.402326009242555,0.736626609529721,0.808254188691315,0.0270232793409377,14
113.154580600735,14.9058692843815,0.429872445309186,0.938590787985308,0.442784440791675,0.186847530538216,14
13.1196645440033,10.831325613142,0.435214063259228,0.1770421689792,0.343566408022822,0.182385580148548,26
4.42057711062289,2.05364798312888,0.50081415188573,0.0439825887347759,0.0400039949576089,0.495548831997439,30
81.2336754408961,115.871645055054,0.418619844576884,0.850144640300339,0.935544816524161,0.028668032027781,24
19.6732472162939,13.7780110626476,0.529113433279342,0.281371096679904,0.417734529970393,0.610968766734004,38
43.2117768329989,7.06228663363891,0.604722302690051,0.589114976096577,0.226801283461069,0.779711190145463,27
23.7232675087521,5.85494057117222,0.630544428595599,0.342975935487473,0.183688678778918,0.834583132760599,18
82.8051956188505,18.5135847020881,0.463909734612955,0.856480820515849,0.51267808529412,0.444064276991412,22
44.4241850943953,14.1178644791146,0.81542981358559,0.601530365588339,0.425461643875433,0.957798859570175,18
83.3288360782759,7.10643637467397,0.555779593500538,0.858534767999463,0.22832607433483,0.762785771628842,9
64.7448122706978,21.0862138674347,0.452278633642564,0.76562472062668,0.554585753880745,0.417025038972497,20
17.4646054591591,110.961483129294,0.421128270295614,0.246663705311891,0.931004464680026,0.0378442641813308,20
28.0140059219733,6.56533789936933,0.500718703134239,0.404674742935128,0.209381805932579,0.651803610147908,24
21.4494999913714,2.93221476212798,0.43273628386789,0.308751256079682,0.0718772738943881,0.133584637893364,23
49.9803295112227,2.69250398570096,0.496691782634466,0.654356338745798,0.0628742240930053,0.580124064814299,15
79.840135471825,27.1829294317558,0.522034243954822,0.844304166592325,0.634247618930024,0.604323163162917,24
9.824193231573,48.0537550667715,0.701429291498525,0.124328058466655,0.789575806910644,0.915546255419031,3
26.9935138163338,12.273938630818,0.416683304178814,0.390363508123902,0.38155675032693,0.149726584088057,27
70.1651032222624,39.2985660002461,0.693677677193843,0.797401513151622,0.739534793609935,0.909114317269996,22
5.62552816026742,6.62357940185242,0.428201489006488,0.0606363605877922,0.211447477787381,0.255351538071409,15
56.5152920186593,27.7900561764324,0.44271771323407,0.708468254518373,0.640961499689034,0.244235356571153,26
38.4146559555788,19.7816808144364,0.426755023265258,0.53672846066768,0.534063394026834,0.0906900190748274,22
105.959407128546,65.1278952371678,0.429813316638031,0.924736451591282,0.853462550093505,0.291508834576234,22
9.17937703037722,2.17682592836561,0.521777683931937,0.114182231581959,0.0442445609792364,0.701145154191181,20
76.7395636068306,34.7518875228679,0.412453198611249,0.830524474335542,0.706175086311654,0.067157544195652,27
43.7315403676479,98.7425227754628,0.398718013652953,0.594477494791894,0.917544507416682,0.0165163532365113,14
10.9975529973695,1.14224920182508,0.454451210029299,0.142975121713468,0.0130019231179416,0.304714521858841,17
161.641989905774,22.743054972439,0.437545268469103,0.984784664230124,0.578700535671178,0.193696390138939,9
109.315697483875,14.5236527722051,0.449744804270719,0.931540255192022,0.434483800120725,0.31050084088929,16
140.620677217139,62.5517641923823,0.475811766623073,0.972015230216489,0.845823804221988,0.532674443675205,18
71.5932082072876,22.4978558614224,0.862679373115395,0.805076405687806,0.575260592765448,0.980117844417691,20
42.4414269160621,49.6762091314487,0.440942639276844,0.581055855365544,0.797257993381968,0.34320574067533,22
31.0863387351386,4.11315277290546,0.77949530790364,0.446325773968535,0.117492067299007,0.949647148139775,12
6.05975651290524,21.2670643533447,0.491086859644625,0.0668760487817034,0.557320284970898,0.540928778005764,21
5.88150912355105,213.602583870293,0.54340869461727,0.0643013200911034,0.978006004404724,0.642561391694471,8
16.9582020072837,12.6794066408215,0.495844248487883,0.238620370068384,0.391639150251938,0.517354702809826,40
18.3512845413028,9.33911510678906,0.442512553224686,0.260675479211985,0.300519996395617,0.239638395607471,34
42.5287637306198,27.1736029761592,0.480772926315972,0.581976247677276,0.634142986061643,0.44894640496932,34
20.8826481165156,21.8711286553826,0.64265040516378,0.300070957825212,0.566268492111064,0.85320610832423,23
16.3333414061389,24.2310858948735,0.493630797666744,0.228659755586754,0.598684458423372,0.613158443011343,14
48.9898021463724,11.2553392603626,0.465459436809741,0.645415605059385,0.355087225221355,0.401785903144628,18
45.9819597394586,61.2187432049426,0.540411200446506,0.61700721519799,0.841640755445934,0.633845320902765,35
9.97205526451237,30.8207347372288,0.511934960010759,0.12666604932346,0.671816655366569,0.682970704976469,17
49.2671593800222,13.5370710488094,0.49314312781166,0.647939470000756,0.4121595998467,0.571012556320056,15
9.60960138328481,15.7901487996601,0.503607547416172,0.120942159052024,0.461284839717295,0.589966781670228,20
24.4938737088195,50.0342156795079,0.412931962582471,0.354345204611898,0.798896999306441,0.0498264548368752,21
38.0728075102194,10.7645610716827,0.421790174181624,0.532792673746066,0.341724526848952,0.119732917984948,25
46.3613371713596,27.9696031037684,0.493250021655048,0.620696541880173,0.642910863440957,0.583358167205006,24
18.5829989735019,6.79661710483674,0.436223501244552,0.264320728438669,0.217547076018653,0.190120092593133,30
8.67383691998465,2.09817971272266,0.436717984921052,0.106293791926436,0.0415255955552161,0.161723799770698,43
27.2521911483078,16.7172780174664,0.469052032555228,0.394013200486365,0.479683821582717,0.525406896369532,25
75.4553260905618,94.4625350320966,0.660112241569746,0.824485289248668,0.911943911355209,0.866449918597937,28
39.3754376160891,56.1603104301346,0.542277890351695,0.547644362872839,0.82415471688679,0.753874284215271,20
13.5586620478549,8.53542414805864,0.64523720611456,0.184110922053059,0.27563811317687,0.877879003528506,28
62.2095410457872,34.3660737398114,0.569843439563603,0.749223961677282,0.703050792021855,0.727964793564752,41
17.3530138479519,2.14824264208948,0.580860013692223,0.244893666648889,0.0432518477954402,0.759754511294886,29
67.8485983049876,34.0257075599095,0.710840236929052,0.784347492021693,0.700252521221068,0.939789642812684,21
66.1168713085979,124.54807987256,0.492782825166125,0.774080383235896,0.942595958841824,0.602929057553411,32
24.6352807750181,1.53262655540973,0.46769823186309,0.356418249325693,0.0234141242889907,0.361285055754706,21
24.0941401839403,13.1711238024196,0.400873928539567,0.348462771344217,0.403534938697123,0.0275194614659995,17
35.2273909896009,6.13931366056823,0.451643552238348,0.49896806296646,0.194081848520981,0.322711910121143,23
36.4272523669797,45.2488985461814,0.428897894833206,0.513463760619259,0.775235057240915,0.118730657733977,21
77.2863332901287,93.1401939680395,0.439430801018127,0.833035545899026,0.910103970584783,0.358949874993414,22
117.20970162096,24.7012953459569,0.527222385053919,0.945270138661366,0.604696586330739,0.692724517546594,27
61.2393802013881,13.1716165149301,0.501300183048018,0.742672372585028,0.403546680434817,0.588277334114537,19
37.4434753084739,78.6539142905958,0.749529784495754,0.525475520815272,0.885775619130754,0.935902054421604,16
33.8814048782187,7.41190027693109,0.418446403169468,0.482301994190506,0.238772744291158,0.118572170613334,27
118.451086471405,36.2419309857609,0.435282274625727,0.947169351162853,0.717785784900651,0.267974122194573,26
26.4755941325541,89.1765231342284,0.500167355054333,0.383011638412015,0.904248212465648,0.593250706559047,14
41.4968205925359,28.8714405881509,0.549957776119479,0.57099095276626,0.652461469092447,0.702108596917242,31
36.2882250488227,14.631408253254,0.44234339084563,0.511801554252191,0.436843072104794,0.282600217498839,25
29.3514615145286,10.491485867688,0.505946387106545,0.423074025385947,0.334110880087713,0.631767570506781,23
45.4122903573423,34.6205698306678,0.474511732778056,0.611408846377499,0.705117300010539,0.417381098261103,22
10.9869092452623,9.92256300023747,0.492168336108382,0.142805131123539,0.31782725805905,0.474636489292607,26
19.0562935727433,21.1243194508548,0.420618571824584,0.271743632258609,0.555164091544243,0.141155785415322,17
76.3235691673562,34.4263015824106,0.435825593454534,0.82859009804103,0.703541820323204,0.265360503690317,14
120.653088896937,83.7510463537229,0.531062069461026,0.950381257498951,0.895308384485025,0.706877353368327,30
2.32296135957929,11.2276060807112,0.430366231409269,0.0182967498423341,0.354342931036622,0.0684656247030944,21
28.6743663267476,44.4883196350997,0.551963970967169,0.413810343339776,0.771095040271974,0.737995917443186,24
14.8812821420801,3.5221045576654,0.418135603861502,0.205392362727111,0.0945296106467997,0.166075950721279,29
29.1865680507115,6.94359084190788,0.517934463737549,0.420827733309828,0.222683355883155,0.56465424480848,23
5.83472754634389,1.14895561092867,0.43223889047593,0.063628606415405,0.0131616358784702,0.225372241344303,33
15.1391467741519,11.2881567990217,0.473532788760459,0.209534155650081,0.355966317985896,0.414965280331671,30
19.5415225056252,7.96257501500154,0.546735262082666,0.279320331848614,0.257147845122262,0.688602469861507,26
4.81620390182005,4.83600900505851,0.403924594804498,0.0493313315616971,0.145397107827462,0.0241960117127746,31
24.2789789008161,16.0011183276317,0.419675036837232,0.351186912433287,0.465558832224533,0.172144868411124,17
28.1524236302125,15.7973678987594,0.735618848831784,0.406597852978055,0.461431959851637,0.940730225527659,19
8.75014482889774,9.04321078118635,0.429197749775762,0.107480337731446,0.291501113802914,0.242489799158648,26
46.8259160630772,178.648025563196,0.488262536314912,0.625172255548453,0.969212983948433,0.509132319828495,15
22.463191386292,25.5610425237575,0.411388873896847,0.324130396980671,0.615336929737241,0.027678768383339,16
86.982533383971,60.8393271538974,0.459029749851326,0.872104574214831,0.840419760306145,0.475232352502644,29
21.6919455342661,2.5805745772486,0.716466310428824,0.312446562812762,0.0587325574160324,0.933027806691825,20
29.7343359141545,3.6777343579109,0.53152386102202,0.428265613931111,0.100568616932932,0.630563889397308,15
112.301106148389,162.559516767902,0.876102372512047,0.937087100095834,0.96350165912843,0.975347640225664,35
40.8673251584124,112.332548182516,0.493958958639108,0.564170919746122,0.932316523935652,0.552733594551682,22
4.57751980755091,31.0981020953894,0.442027059132732,0.0460891177654155,0.674436589589289,0.359948781551793,12
37.0954756642764,19.839802437972,0.811019825790988,0.521389501070034,0.535008594724571,0.950845266925171,10
28.2218821321143,31.2589710142433,0.424395894345872,0.407561241020827,0.675941535662433,0.176619336474687,18
42.886357489895,11.4156868462011,0.439659528700009,0.585726814213161,0.359365554567939,0.165164364967495,22
54.1362361842109,19.0721520325863,0.545568979643171,0.689721032788957,0.522281042575707,0.674609222915024,22
3.09138331105291,0.897226818339851,0.553216602690305,0.0270909463508772,0.0077204138451383,0.781717971665785,28
9.88439328098036,15.0341938434668,0.469823044098176,0.125279466393814,0.445529326619011,0.389669624855742,21
4.86392585953738,6.31871358555985,0.565807214779253,0.0499849315815945,0.200565017182519,0.796066407114267,26
20.7651245168865,40.802291366157,0.483801327841085,0.298264360502315,0.749319601905458,0.445619415491819,15
68.8015607062238,25.692008335999,0.494367066083596,0.789810080225792,0.616919080488984,0.508673296542838,14
53.7160305561534,124.885367673269,0.543482242036678,0.686298897169369,0.942847756238931,0.747958379564807,20
56.411345112721,1.76385588670531,0.691145319348133,0.707671077593231,0.0304690064351948,0.919746053405106,7
5.45646392498527,15.7397929176198,0.603859091272309,0.0582380316671123,0.460256896671779,0.803524337243289,11
5.20341019812446,3.54412899617471,0.46707755928829,0.0546832722466752,0.0953833828026337,0.324391650734469,41
8.14285675691709,75.4221376041085,0.464680108639672,0.0980829045006145,0.879070790073371,0.453779245028272,9
29.8616356803749,9.786121826653,0.437553865539285,0.429984226207528,0.313835754380001,0.24859168403782,18
14.1590626601074,21.547488782833,0.41322863469093,0.193777093502588,0.56150942010005,0.0526496658567339,14
142.838020933055,19.395143898799,0.406310281062182,0.973749936145477,0.527701073299524,0.0790040271822363,13
16.7849732951326,13.7166513322588,0.569285113258085,0.235862769312139,0.416322470476644,0.800717383157462,14
51.2302027953449,21.3315982935436,0.43404030284657,0.665352467583575,0.558289788772446,0.196188135072589,35
61.5135025127079,8.30440917222297,0.547075483057054,0.744539345780899,0.268257839151637,0.70382608496584,16
46.208000669442,22.0970335559571,0.410491155617706,0.619209130585632,0.569543294562717,0.0446378469932824,28
51.7252287203911,29.6917181971009,0.439595532745679,0.669620786524258,0.660813284678788,0.327704909956083,27
55.3618004220553,10.5398589916009,0.414816099712215,0.699510568230319,0.335469020138452,0.0424583475105464,12
13.5284010647079,5.58390389057324,0.463964335256308,0.183623640504884,0.173655576044845,0.342556189047173,28
20.2108434266553,5.92241294800365,0.511780152328764,0.289712718403376,0.186167291187479,0.646711049135774,26
136.071679058641,31.5632461488028,0.548697812724629,0.968096603832488,0.678759233854291,0.686453507747501,15
44.3457164980683,42.3758311489722,0.585062352078487,0.600736688339168,0.758979397215931,0.841662776889279,23
12.0928460785259,4.14330531181096,0.437160004766716,0.160524841756307,0.118663003803874,0.314207581570372,32
28.556456472491,2.39867218140455,0.414952469650391,0.412186424562595,0.0521073850073324,0.148948964895681,23
34.2569219334576,32.6529172635043,0.642392157839314,0.486994778629727,0.688550034379704,0.888435687636957,26
25.6554509584634,22.3429379122316,0.47732864893914,0.371249747090508,0.573064827925819,0.418607925530523,24
54.2276979798211,10.8845351037075,0.495420127039722,0.690461423189191,0.345028870408438,0.525169812841341,26
29.8787879085304,13.2018689922492,0.542092362139735,0.430215503050601,0.404266947081686,0.667037050006911,25
63.1942769256366,1.8839591997478,0.426659366867082,0.755716351707486,0.0343378049960247,0.0598413865081966,9
118.425431904836,150.207076959994,0.423825219765194,0.947130760371135,0.958076659186401,0.0687112333253026,28
133.207924765226,34.4372952938053,0.556806896924573,0.965358629478841,0.703631317503899,0.760054710553959,19
59.0111473729638,15.2405821857487,0.56471950117185,0.727024926966324,0.449900575700696,0.786567258415744,19
21.521159480334,55.0240881721539,0.661495782744766,0.309844570696837,0.819837781367808,0.916879032272846,16
77.3156415437252,6.02876816044517,0.445521261463715,0.833169145983565,0.190058388018678,0.404173251241446,10
1.83654253139907,6.7379858187741,0.500217806911078,0.013215805934913,0.215486643944972,0.500105789396912,22
38.5872868555048,73.7086615445107,0.438661682257958,0.538705637958511,0.87528320319404,0.218059157021344,11
58.115795333391,103.877849403605,0.487450172220348,0.720495652649851,0.923618575190639,0.435262476094067,21
15.0660722999431,3.266146699264,0.438211707270669,0.208360791836827,0.0846393049755277,0.334517176728696,26
19.4980182549621,137.809244660461,0.712154574126746,0.278642454161912,0.951438185869343,0.903139783069491,10
5.2542150536583,81.980264648713,0.712979766260205,0.0553934700083028,0.892130940480675,0.901501755462959,5
4.27459952897764,2.18250499532842,0.530286947800313,0.0420421808316939,0.0444423955668169,0.628748538903892,24
87.6622448195275,61.8276241385442,0.594270730224084,0.874487678594783,0.843571783232572,0.801710654748604,32
2.55607402199625,51.9729047504573,0.41948912951011,0.0208737320276273,0.807440577832828,0.0889529141131788,8
15.7286164464981,3.54968665219248,0.481347068523263,0.218987590352277,0.0955988757051514,0.495644823415205,29
12.8020490879606,32.0660856137464,0.428984821925771,0.171929393033555,0.683334631120864,0.217012419598177,13
27.8326955421434,37.9246868759057,0.471719519627635,0.402149150422896,0.730083629380518,0.375455647706985,23
21.2364720564446,8.19197997136276,0.459027982428204,0.30549570055226,0.264628762213157,0.370849699480459,23
10.0949021433359,7.19814679995481,0.406670238350942,0.128611410280129,0.231481459268515,0.0481956729199737,43
136.357981556588,42.4539199762753,0.515524299938485,0.968358366078683,0.759444166965568,0.633354722522199,19
95.8869296280646,26.9385675186592,0.476867705023211,0.900149322737344,0.631490910596558,0.461246399208903,20
26.3525698152743,27.2539896509995,0.459575139070496,0.381256640062,0.63504333436153,0.313347950344905,34
7.19539764215227,3.20647591046407,0.424101171670282,0.0836626248248375,0.0823446793847973,0.0711303683929145,42
18.8097878038367,37.8546831303539,0.498972706780081,0.26788146093725,0.729588289702411,0.62553778057918,15
118.583805381625,7.39812956939873,0.433812883909799,0.947368554738303,0.238305683710325,0.11307173455134,7
129.948611691531,149.96612609456,0.658721680142728,0.961961654912745,0.957960031357198,0.87643624166958,52
9.43748287256298,14.4062357430032,0.422492470594508,0.118233002862515,0.431895668015554,0.174737891647965,22
48.2513328098639,19.1749865586294,0.616716993145365,0.638617826470585,0.524017071574902,0.86470222263597,24
40.7338100574066,9.46875541605135,0.622293544131123,0.562712753437186,0.304419787875236,0.872863308526576,22
23.1068461521793,2.88388940690018,0.426703656640403,0.333795515702616,0.0700495546120414,0.0568968085572124,24
19.2319633890254,2.70576092530738,0.488475929556515,0.274490663090949,0.0633676482145367,0.564340476179495,20
34.2724693042099,9.39819096905435,0.604359432011629,0.487188352595417,0.302300966409259,0.828370029106736,22
52.3418819237627,3.36643185871543,0.411475470080202,0.674869796168608,0.0885062553202482,0.0985314082354307,13
58.7395168155337,23.9168550273804,0.445602259814944,0.725058968724011,0.594587833089829,0.345295925857499,28
20.4916444109209,12.5313305961784,0.470586934864195,0.294051363483027,0.387986150313157,0.393828465370461,28
25.8920683199816,3.26102165872601,0.465720475845361,0.374658094621104,0.0844420263060172,0.417247267207131,23
92.4405378065026,90.104226000407,0.616380120094688,0.890078468252982,0.905666581402028,0.872888634447008,32
12.1003695609333,3.86478337228202,0.475711994940817,0.160645701382228,0.107838515047792,0.476781660923734,26
31.2142906858867,19.4692345145178,0.473487854029946,0.44801285761942,0.528930957640008,0.398549979552627,23
11.6605549230739,3.67976513050485,0.405747145554568,0.153586496951135,0.100647496356247,0.0313109143171459,30
35.7558943709143,13.1552957032742,0.458181314452312,0.505394876203344,0.403157554779588,0.383345206035301,20
24.9920078680937,10.4434981598303,0.518383533532903,0.36162940427359,0.33275951730806,0.685567710315809,24
41.0531640873367,25.9138853169015,0.494982191812439,0.566193739092859,0.619576771131455,0.611133174039423,32
2.45075986349024,3.1149291306465,0.424425452800902,0.0196989817095201,0.0788349629990204,0.0537173941265792,29
3.95001532583512,11.9025036218103,0.55834899411227,0.0377969621671885,0.372097136449856,0.732143348548561,20
55.4456145248833,65.3594655502371,0.410132746713297,0.700169747727034,0.854121970135991,0.0932908253744245,20
17.1735832932129,1.50328057559881,0.439519435951244,0.242044698644154,0.0225606524926927,0.285261503653601,24
67.0186995887045,27.9944798259402,0.425007539487459,0.779482674256816,0.643179674230446,0.0387351047247648,21
43.7454714278715,27.286460757485,0.446959096719675,0.594620396499198,0.635406054931235,0.279804915655404,30
59.9529916497268,73.557786762973,0.600263208230948,0.733742404769431,0.874941509888923,0.795231227297336,22
20.2562607573735,15.0029660608257,0.462980103355695,0.290415331160603,0.444863276667609,0.36801090836525,17
38.2520182362783,2.48639805036009,0.440139043005081,0.534859375812436,0.0552847809404472,0.257582323858514,18
90.6854338262162,27.2608554357765,0.423804301594762,0.884581181987574,0.635120075155083,0.213666697731242,23
36.2528030102899,26.0139885803467,0.433519320084139,0.511377321061753,0.620766567222013,0.16593517549336,24
34.9358459185801,11.0614695306439,0.692389939994683,0.495394500338976,0.349857268902977,0.932521362090483,19
126.77484836349,63.6987054663746,0.801753288231122,0.95834122340029,0.849294853680333,0.963183834217489,36
100.51225947315,50.1221178862526,0.439546492407576,0.912276135107888,0.799296423142926,0.139160553226247,16
13.6433461638171,46.186808378787,0.630570231910918,0.185474541809171,0.780188281913208,0.817341020563617,12
49.5525341659211,71.496065717495,0.687267965571939,0.650519716079642,0.870133146340214,0.883756213355809,23
39.1270476085418,18.7382533247113,0.440640158504838,0.544842853072919,0.516576198436603,0.283483828185126,22
9.66998254728684,3.85893427294516,0.544470855992569,0.121893976286138,0.107611102319994,0.667966090608388,32
57.502784785675,76.661257661634,0.638449594056704,0.715943463616741,0.881707068453146,0.887674522120506,30
29.7222839892887,16.8630663385694,0.446381171407796,0.428102712282797,0.482488604200432,0.245060095796362,33
69.2515765029486,75.1857142887787,0.433673703228698,0.792344460873618,0.878558159108892,0.216413016198203,24
96.0916873634354,154.602777469944,0.470946495164851,0.900718803403852,0.960127817895473,0.488389929290861,25
25.0431607315551,4.94632483417073,0.471931133265417,0.362374471064721,0.149612276779142,0.352169248973951,35
31.7711920203123,16.7125707501757,0.575600093706414,0.455311014903576,0.479592868687644,0.763185326941311,29
23.0615327688791,18.7754677562074,0.420682880572357,0.333117706746176,0.517217230590829,0.0544320831540972,28
5.60500512549316,10.4364432033865,0.466379676706639,0.0603442575289432,0.332560505174009,0.325859260046855,22
53.8930960740525,66.2165247231518,0.521276984376273,0.687745031160336,0.856525258600531,0.701729559106752,23
32.08448588103,2.99875935802744,0.61254071429232,0.459384663458004,0.0744031233357999,0.848633237648755,17
131.475659023622,22.3834475145622,0.632294710152702,0.963591993722069,0.573640688478004,0.864795275731012,19
57.9289893014158,14.7066161458635,0.824740949009469,0.719115536502326,0.438480777515729,0.962091950466856,19
22.9848545538744,6.14642168528631,0.698353065576484,0.331969824193473,0.194339816092571,0.897221454652026,15
3.66020022670945,18.5374607607437,0.418906046737969,0.0340932553674039,0.513094651276369,0.136893113609403,12
60.9919343517865,23.9509807708511,0.549163873243994,0.740976312325663,0.595035840424425,0.712491934886202,29
19.6001239475412,6.29971997500502,0.424624437006792,0.280232998805549,0.199881372487977,0.0186762071680278,27
28.7701049673771,7.74149325708626,0.4286779613818,0.415126572012656,0.249841582367963,0.207796181552112,25
80.3363042803294,69.6773326251868,0.55598397231132,0.846408041012102,0.865665660819187,0.733539242763072,32
36.8301070936569,6.07250536718642,0.460547176231656,0.518254565757627,0.191652838535245,0.468878092011437,24
15.1024784836037,8.86409049848102,0.40568882507255,0.208945405495542,0.285961532000909,0.0613075012806803,21
5.65454496129372,9.42093680447753,0.441707692159616,0.0610498022356863,0.302984959008712,0.168042238801718,35
79.6976881651396,56.0914724037962,0.714989966144824,0.843695114820611,0.823897533891294,0.934103173203766,34
61.5700369602494,43.3448782331783,0.505334594396622,0.744922832191668,0.764653320159018,0.539539095479995,25
50.7091972318445,28.8378614957901,0.488823164571376,0.660807142141353,0.652112900481925,0.501670355210081,27
8.46412404318455,2.14853787324796,0.46276024824821,0.103041073860712,0.0432620753771408,0.361044814577326,31
17.9901571374174,21.4095350165402,0.434871717100658,0.254980418686241,0.55945627879558,0.32792214746587,26
10.0172395795856,12.4797253164603,0.449235231660521,0.127381273007002,0.386705240201315,0.270648846169934,22
19.7625798865729,7.99290702330523,0.46996092989624,0.282760365059628,0.258142836617514,0.52156876353547,26
88.4173958953678,8.31726587182328,0.688636245086958,0.877085398049517,0.268671279823811,0.929852147586644,16
11.0225460079962,9.43701636767446,0.444741164486888,0.143374333441482,0.303467909980687,0.358527292264625,24
71.0476382996441,14.0498856034326,0.465421248661756,0.802177200706967,0.423928651023476,0.507879587588832,11
17.687685946896,4.38932917229334,0.639652691208364,0.250197892545236,0.128200395885816,0.879268304444849,27
104.8330734555,76.8227898555571,0.524488562247163,0.922309461032206,0.882044604998257,0.591690253932029,22
21.7821443202126,87.8462796319564,0.563484332641163,0.313818655156111,0.902160591528921,0.720415879739448,10
24.4915883398061,19.2857321144901,0.631763390962874,0.354311666821028,0.525875764982931,0.847174239112064,21
7.21083777255167,4.3548568277092,0.425978403178997,0.0838949063229631,0.126866198008415,0.172389520099387,35
39.49446030629,48.9827922606583,0.476293846251317,0.548981710724158,0.794026545835733,0.534852931043133,20
12.8237309510721,10.7772178733612,0.513258734130038,0.17227834342825,0.342074286808451,0.625908971298486,25
72.1963372199139,48.6476373299273,0.46179847522934,0.808235010951566,0.792437186879266,0.315444145118818,25
43.2895405643294,2.51473507446445,0.647186661847261,0.589921117600457,0.056318372721702,0.850958597380668,17
71.1571648428407,125.211462524091,0.515928095888778,0.802762462372897,0.943089727875662,0.690612477017567,35
72.6291995718829,19.8990661659091,0.710537410019304,0.810472193878455,0.53596931948812,0.900562823284417,26
9.31361996682003,14.44184236432,0.638450608158478,0.116287239532228,0.432682434912689,0.857957461383194,31
45.4235884857999,6.76885978911413,0.426353557694378,0.611520563142483,0.216572434059088,0.030676948139444,23
62.359012156892,114.751968631117,0.428976098247405,0.750219574743555,0.934547383046991,0.126034757355228,20
96.6191184713615,20.821518316123,0.558781664402172,0.90217132982156,0.550536143357581,0.789263314101845,19
21.7852648990104,19.7099604166813,0.539342486295593,0.313866098610181,0.532892942899824,0.685698397923261,19
26.3483906930193,13.0008534340124,0.446514158344939,0.381196964820375,0.399456071655928,0.385356930783018,32
61.3543777949673,49.3625833004288,0.416899086286181,0.743457114051428,0.795805829982503,0.195397579343989,29
36.8167076896054,2.42292160613475,0.465124121802919,0.518095832427864,0.0529821798547857,0.411178240319714,14
48.0346323246709,12.2470204107383,0.548067533666539,0.636601413840909,0.380878460654226,0.71158606512472,19
37.296899147928,2.69187848802443,0.534961100409792,0.523757970749408,0.0628509574137005,0.627228734781966,20
25.2445563537766,36.3474352083967,0.502549280721477,0.365302532553546,0.718581461832875,0.544683590298519,18
80.2754984734451,22.8499057646096,0.452888278984436,0.846151670211532,0.580186135952502,0.375558347674087,18
8.01619353687677,3.64000600344738,0.461155233769251,0.0961368869296106,0.0991034740048154,0.394697679206729,25
24.4158237265438,10.1559780161292,0.544063328003307,0.353199210373926,0.3245777590763,0.762899289373308,25
7.61926881230163,28.1852548381702,0.747323442788576,0.0900735923103841,0.645230874999023,0.935465394053608,12
87.579107810116,17.3252341066588,0.763273568497483,0.874198494629434,0.491227416169768,0.940687350230291,23
101.594730303512,68.5655507499436,0.723809872230922,0.914901503564887,0.862824007816221,0.911340934224427,47
9.58520873250514,8.24374958649817,0.581104797994875,0.120557850707998,0.266302860696496,0.79940998274833,17
76.7738268991149,48.2322265989433,0.530444100501,0.830682874665724,0.790441829804775,0.710913261631504,26
61.3374742991295,37.8671114367509,0.444581000329746,0.74334190314815,0.729676331207346,0.382647423772141,36
51.4469200344165,46.5808823125071,0.545164024114276,0.6672271082626,0.782221007236306,0.67536141956225,29
5.30181151603102,6.46588268721523,0.518535453724569,0.056060425949856,0.205839791443173,0.611570662120357,27
36.2692926736362,38.6249179783352,0.454640865656893,0.511574846853618,0.734964028755158,0.383089763810858,28
139.901673216027,119.685850195428,0.442448729921762,0.971428917285425,0.938786470838441,0.343601466855034,27
12.3249358309239,7.92235551760113,0.470767113839253,0.164254614367909,0.255825753284328,0.422133145853877,28
37.0375146950763,35.6390394375927,0.770370760566555,0.5207061916609,0.713173038168326,0.962906989268959,16
32.8267298575207,11.1047373346876,0.456278590890133,0.468943467231112,0.351029955150274,0.433985508047044,27
45.5775406824321,14.9449680628468,0.602229950624043,0.613040084943963,0.443622980901938,0.802307941019535,26
88.0526567066674,58.4954773637793,0.503710320751517,0.87583719357623,0.832561860209933,0.599393976386636,30
51.0239593468265,104.138272702378,0.502144778038151,0.663559694888766,0.923909483240869,0.616358313011006,25
35.2254993588449,27.8167416533649,0.540542202162653,0.498944941414629,0.641252257079744,0.744744005613029,15
20.2506252759134,26.9177469105528,0.422060950262231,0.290328167582921,0.631254555944859,0.195815490325913,16
23.0053916972714,7.69105746858599,0.42108285476505,0.332277379874872,0.248161470503646,0.0961274397559464,22
52.2484405712517,20.2012979259443,0.433732043922907,0.674079239396106,0.540821398767045,0.109198069898412,21
54.4279695785378,14.2505270796761,0.449897443363467,0.69207707941273,0.428435366669639,0.281130560906604,21
34.9243979726179,19.0884118608161,0.5121613404492,0.495253768984172,0.522556188429558,0.552204174222425,26
4.64620009934191,10.5726378062403,0.469548497657199,0.0470173827226848,0.336387009083605,0.511462206020951,20
51.510720056143,7.19863407104653,0.679494208824129,0.667777202400959,0.231498180962508,0.891678955638781,14
27.6090606722247,31.6064310755678,0.512881100875331,0.399023788584219,0.679156116699787,0.631083167158067,25
69.4112276059977,19.8412506038073,0.582701045700604,0.793236686255275,0.535032107599146,0.746802793582901,33
59.1030236546825,17.8602168647304,0.464319985891318,0.727686976894588,0.501061345615136,0.392631128197536,27
52.6496552048574,53.9585033270247,0.493644267027193,0.677461575568724,0.815645729130252,0.507990637328476,29
41.2928309002536,35.2395262992614,0.485154829362441,0.568790809132105,0.710053217560073,0.582831183448434,27
33.569879329308,116.272515988995,0.612039955865647,0.478383581828523,0.93589671905828,0.825513124233112,21
19.4490744041166,7.02965722539437,0.432771206911406,0.2778794763785,0.22567196028732,0.289554338902235,28
78.421085158363,35.7353402916887,0.483939130817902,0.838134928199981,0.713917458774276,0.474384998902678,30
6.79379390856834,25.0757446475442,0.421522486726791,0.0776565875660038,0.609385770153716,0.0516705305781215,11
4.1590681835696,2.89627377971773,0.58284401395877,0.0405199261217159,0.0705173909152725,0.793890500441194,28
17.8501627349146,1.70825893538073,0.416372240554057,0.252768273514455,0.0287226891681375,0.125197765184566,26
9.43369875307735,5.76367443656218,0.43093577091471,0.118173509470815,0.180323758642307,0.205282593611628,35
33.7977500765378,10.6486830455461,0.409941615875208,0.481252027233664,0.338509504061293,0.0318936638068408,23
119.53717349952,54.0916868853556,0.452756986847955,0.948778123158485,0.81617750127816,0.281907787080854,22
26.0814622268149,3.12028177293609,0.587155549797299,0.377377504296759,0.079039783084746,0.794168167049065,17
75.7977350030337,10.5117358601051,0.554769289492017,0.826115076253107,0.33467992298985,0.752494114916772,20
87.2089722477696,119.384690848548,0.443558372113277,0.87290325245682,0.938538961386477,0.259562468156219,31
17.4633640269874,6.63325247447231,0.452071924512924,0.246644021730263,0.211789941542919,0.37663068715483,23
21.6759246144298,13.149498241664,0.755734829570527,0.312202700780975,0.403019236844421,0.956096901325509,15
18.4701042839855,5.68164300939691,0.424188754077816,0.262545602217824,0.177287508595028,0.112780925584957,29
117.18694810849,9.05242309185577,0.435841800595511,0.9452347137279,0.291784378127032,0.255637794733047,10
50.29028739161,22.1925822336053,0.514396125840106,0.657112790072524,0.570916930068854,0.571425040252507,29
18.1378733034467,17.9740008777981,0.640769298697324,0.257311943229382,0.503114996352177,0.887907311553136,20
24.6006083749243,25.178291444798,0.681856248747809,0.355910331443066,0.610655033314711,0.884349223924801,21
74.9716949998798,24.0371876963354,0.458101090997933,0.822158715625578,0.596164186153402,0.283905586460605,22
3.29594050987908,13.4239237818419,0.425076263546442,0.0295656963469843,0.409513376907025,0.251889672363177,21
12.037490570351,4.68231519672529,0.435071543873357,0.159635694902183,0.139501650006736,0.110353066120297,40
42.1250162876637,35.8786138008378,0.416767041540368,0.577706969275281,0.71501958828619,0.172317841555923,29
49.4705608230217,26.6242065582778,0.431079785508494,0.649780262366811,0.627897393949964,0.156447716755792,23
98.6324550702748,5.55682103239856,0.476521077121335,0.907529761421002,0.172646490157645,0.504418735159561,8
15.3077674834785,23.9840290150934,0.55140718998195,0.212240571799495,0.595468975771793,0.696880286559463,13
80.048940532055,12.5768839006702,0.424034388770243,0.845192865948463,0.389113475214699,0.16319837863557,14
19.626980745002,20.8979320545402,0.471437775004882,0.280651095656155,0.551711029559264,0.439258383819833,22
18.2650366917595,6.78231361026129,0.723462255247247,0.259316850390995,0.217045020050854,0.914515465963632,18
20.5077599372622,11.5128763616766,0.438601709956735,0.294299971039235,0.361938087807441,0.179309979779646,22
8.1685296138965,17.3344087615224,0.547115084323012,0.0984779587195377,0.491398579574842,0.676892369519919,26
117.429073405341,43.182211781582,0.442746586837245,0.945610534352537,0.763714938798383,0.380507209571078,28
101.543242201628,17.3315650518416,0.622906539991386,0.914778367536711,0.491345536522591,0.86618161550723,11
21.4851179206039,4.15917353191871,0.460547481129833,0.309294796035899,0.119279084811713,0.471744207432494,31
7.8786945368698,1.73680505764398,0.566528845874,0.0940303482187762,0.0296156335458944,0.760757853277028,22
40.8537025924625,63.7908807828624,0.424137122332672,0.56402232990363,0.84956883693751,0.0646783309057355,19
55.4463541825916,9.92997686937288,0.440710412814531,0.700175559143023,0.318043179715669,0.148057813523337,13
38.4563904909222,7.84956177088808,0.572110673700627,0.537207091971694,0.253424885505454,0.728059146553278,26
66.0290350166083,55.7529349840016,0.468402166760222,0.773547680265421,0.822624641673301,0.434382160194218,26
49.5799903671605,15.1589826073798,0.516993558769351,0.650767080270441,0.448178680028844,0.69569252175279,25
36.3421877900668,86.783832949484,0.44980973657266,0.512447272157138,0.900446114875132,0.347474575741217,17
46.6386959252383,56.0419192527579,0.433865575392589,0.623374161201503,0.823712057352882,0.175189796835184,25
2.96949928276721,6.02992626398113,0.41171841292863,0.0256412509588186,0.190100650134143,0.0712009347043931,28
8.34651174455834,6.73593337244322,0.479598921236877,0.101222349329622,0.21541439868804,0.523754666326568,32
18.141306118286,13.4909808871493,0.404012437451904,0.257366093450838,0.411083860377911,0.0366639080457389,26
66.9623973841193,224.328043463569,0.620488135679013,0.779148955696003,0.980008209466731,0.816602765815333,21
19.2988553712956,31.3064166961558,0.566483842450676,0.275535501152218,0.676383371528384,0.752794376574457,19
74.9091336041109,32.9170719157969,0.560836760528055,0.8218556369115,0.690855159301627,0.780783927533776,26
18.7041349645037,16.4027515784488,0.455534291736684,0.26622352113498,0.47355218183679,0.299777937820181,23
24.2667522298218,26.4570490130379,0.581709566151926,0.351006932471095,0.625964643460108,0.808767481241375,22
20.4436913887813,9.05670948502242,0.486398484442145,0.293311358182314,0.291916123505965,0.45042981300503,30
21.0982762971085,100.839321656176,0.438538043858099,0.303379495242015,0.920104632303937,0.275103168096393,10
85.0854069557986,33.1430272334368,0.812847741875471,0.865221914075966,0.692806432816481,0.957078139763325,27
29.5195043955204,23.896509816387,0.418566064416699,0.425356773443274,0.594320375067385,0.19871486001648,23
43.2657163976198,3.87507812626116,0.562469918303324,0.589674286862119,0.108238777443034,0.763620352838188,12
77.4542822040595,26.9801138526376,0.606132908399241,0.833799760703015,0.631961848893764,0.795308439992368,31
9.79048270526566,21.1378585219851,0.47322787030236,0.12379558434318,0.555369297989294,0.370168538764119,17
49.9616586908569,9.07515888694601,0.444761567331852,0.654189673843881,0.292482783573293,0.336690623546019,19
27.0626333558688,19.5794034078994,0.483827055104219,0.39134017553487,0.530750595200463,0.534802288748324,18
63.3222072860254,40.5059054376354,0.540155302787472,0.756548307053791,0.747435208700182,0.676693358691409,33
12.2510596631379,5.74074433671731,0.516905415673921,0.163067093060696,0.179476157096129,0.597553343512118,25
51.4911461592574,31.4845157705246,0.551248316674565,0.667608519392579,0.67803375087406,0.732973331119865,27
69.9815259883498,15.224097555996,0.517542662545478,0.79639463113613,0.449553388127353,0.591194334439933,21
4.69367463435936,8.88490239831339,0.452857740136807,0.047661264835926,0.286608296713171,0.387380414875224,24
102.886160870445,7.66918326824202,0.52420867932887,0.917934293546539,0.247431260582594,0.636106838472188,10
13.0868216101672,17.3524579197578,0.471741003183603,0.17651339734561,0.491735047055726,0.51381564582698,20
40.1251968197097,21.2013906204822,0.543165744776396,0.556014021817983,0.556330278760495,0.70117371249944,27
33.2855786226248,12.9517000870406,0.623351341006695,0.47478757309435,0.398270689684094,0.838047752389684,24
29.5246889446693,55.8972599280403,0.463334350119532,0.425427098373097,0.823168951466729,0.338848622748628,20
129.471148971629,95.5508903275112,0.501928798070849,0.96143737683965,0.913418260849346,0.569968321826309,20
46.7445364376492,16.3932359473146,0.419882803549153,0.624391593728618,0.47336494013599,0.071499589830637,22
67.2954348020876,20.5704697848219,0.444906460129071,0.781116138423322,0.546642502049736,0.182351603172719,30
34.1862650842868,39.7443445539947,0.606856315900334,0.486114338383727,0.742494533182974,0.800351023441181,21
34.9314463161153,218.835412828912,0.412559418935408,0.495340419018749,0.979015328566716,0.0172847157809883,8
11.4854509179879,15.3588026216957,0.410360806553386,0.150779995515622,0.452380600586004,0.110479983966798,16
45.0755383966149,10.5396786000051,0.496722960687558,0.608066231154453,0.335463962991001,0.577892265981063,22
83.2694160842109,8.79877917660299,0.468858526087071,0.858303114364046,0.283926524292778,0.40093373763375,12
93.8183798781065,117.926067710706,0.473952329327694,0.894216817870098,0.937320051261693,0.398327970411628,30
35.9185011974114,7.77461233739494,0.427657831704726,0.507358967351425,0.250942149600136,0.0453420910052955,19
3.68178669125336,5.90192838329203,0.458182651749615,0.0343661375521902,0.18541560685361,0.418346812017262,20
19.2899945810394,8.44603817996181,0.547882169406828,0.275397135378719,0.272794683329366,0.775890598306432,29
7.81233637379264,7.97072488621759,0.416230674188103,0.0930160042616446,0.257415363862105,0.116682232590392,25
4.15454933110202,3.61585350482959,0.414630220708492,0.0404606325800328,0.0981658716763694,0.131355084944516,27
47.9394190854959,22.7725282346943,0.456983531995189,0.635712328133079,0.579111126175536,0.449646245222539,24
12.0031278509658,30.152752554639,0.496747796145888,0.159083836757786,0.665373542693693,0.535441930172965,12
76.4167617275789,44.3115826570655,0.604462470709395,0.829025250944858,0.770116717335569,0.779276567511261,27
19.3750355963128,8.09251016494682,0.615650605863372,0.276724615293029,0.261397583932845,0.864591259974986,27
5.17139443633529,15.8732530712558,0.423156218030444,0.0542366468806875,0.462974704859469,0.0054701271001249,15
103.55462574038,23.8167482822463,0.523359662532292,0.919462738551667,0.593269204325216,0.592052677180618,20
4.60171103860863,13.6266510775482,0.457221435095605,0.0464156415886553,0.414241817781574,0.407031799899414,21
23.284476558027,4.73222418743495,0.412687129071069,0.336448682519808,0.141418841010717,0.0584197270218283,26
22.9775359783583,82.8290476241208,0.467618007842131,0.331860204477503,0.893671015939513,0.474530308507383,9
38.6042174577036,24.841560044277,0.407130752912344,0.538899173485353,0.606463198519693,0.0225891913287342,17
45.9995181531635,33.1319839159418,0.658806213425665,0.617178651075688,0.692711501866457,0.874653242528439,25
14.7270969132888,7.21204477810107,0.527896834789841,0.202914317373441,0.231958216544966,0.635405260603875,26
21.6758744915347,9.2273938740631,0.450227051551765,0.312201937763912,0.297134126921221,0.310584302525967,22
65.4276155335198,102.382081168523,0.894497784799054,0.769868744789256,0.921916787074976,0.973705101525411,29
15.0924715856191,1.39762200514947,0.480381261972504,0.208784720939798,0.0195754855155562,0.457431449787691,24
15.6968105561352,6.38773087151761,0.552083021444815,0.218478099133649,0.203043650324735,0.721189406234771,24
28.6049618281274,63.8241248643187,0.695269505962204,0.412854850933634,0.849667473625542,0.930195813300088,19
31.3224695746435,11.4608684061577,0.436769062843759,0.449436233397951,0.360563404852781,0.311477975687012,20
26.1185976472574,14.4139570701483,0.415082192449943,0.377909800927611,0.432066421263187,0.0845053121447563,20
60.5086625177548,7.42267040045732,0.655435329584574,0.73763416358805,0.239137777711277,0.878033378394321,9
44.4258279952986,29.6039222493718,0.422382479497822,0.601546968329446,0.659934110736139,0.0559478106442839,17
78.4171152121978,42.6255227554964,0.522703331825913,0.838117348108294,0.760460809324498,0.606542524881661,29
58.2330407058743,43.3155324714575,0.484546420830907,0.721358693982025,0.764484444606655,0.487382347462699,26
38.8410899791997,92.7641290542296,0.538344404591904,0.541599886444456,0.909570691157467,0.74670791788958,23
79.6373323688867,28.3685864554555,0.430877995632532,0.843436373825978,0.64718508534503,0.118507043458521,28
46.9603247739894,138.74560044802,0.86208072616236,0.626458516560791,0.951988751706412,0.974372968543321,22
23.8442521890821,7.4834308276054,0.489870412130779,0.344768884087746,0.24119292089618,0.555394658120349,26
35.571392442639,38.2497672309147,0.470040160336762,0.503158757091108,0.732366037502206,0.459352245554328,35
57.1737893897358,67.6794566234844,0.435450857599074,0.713472601893883,0.860496180563658,0.20370566053316,34
49.6642100541993,7.29039131340617,0.518723639013712,0.651524884036829,0.234638837043448,0.584610210731626,15
13.2657934347509,6.13243968338852,0.442552876812156,0.179395007392227,0.193832289726884,0.252504918957129,28
57.9754089995235,22.7135237895803,0.507520184215298,0.719459062718824,0.578288518247849,0.626119808992371,26
106.834329943025,15.0854536217281,0.414413361772565,0.926570800042718,0.446619971751108,0.0350694137159735,15
46.4700990995726,25.3666791090123,0.621062644707811,0.621748498295344,0.612970315949314,0.87468690937385,25
123.495554498601,96.7560692598446,0.498289954604324,0.954246649861971,0.915010173139388,0.634512581164017,35
94.089324663805,143.25153280909,0.672503813617152,0.895012766999281,0.954520168827926,0.868983244989067,38
52.6168612570617,132.568484044972,0.437708175343348,0.677186299107813,0.948188045148749,0.262678521219641,18
46.3363438308359,47.2452777455741,0.727693904018807,0.620454444193122,0.785585271814398,0.933161292690784,28
40.6051880887993,16.0484833832279,0.418620979311956,0.561304161745528,0.466511203031946,0.130819955840707,30
55.956646100499,5.72616577343349,0.459818496742431,0.704160651245294,0.178936814730396,0.404385275905952,15
14.599095318223,6.85757900540389,0.429784700366151,0.200856316642702,0.219682498431545,0.16267889435403,24
79.3467180253911,17.5324555735895,0.440009271173382,0.842184825627676,0.495071773790563,0.33050917298533,24
37.5879875402268,23.8431309987322,0.443189636947238,0.527163951337431,0.593617363944599,0.235048868693411,20
33.109399130473,19.2945254548174,0.555904865441947,0.472549556061706,0.526022866440584,0.700957317370921,23
79.8826251083456,147.761408908844,0.537347301759668,0.844485399495057,0.956871661925666,0.737278499174863,32
96.6940604714807,91.3316001957719,0.574161099384084,0.902376047040612,0.907497392011215,0.808987648226321,34
54.9174135028536,36.498320478432,0.451682867117925,0.695993615394406,0.719713508839346,0.238968327874318,25
35.0278737569319,13.9195972690043,0.513254994712697,0.496524686517635,0.420972945955856,0.602192028425634,31
71.6182159691961,10.9687355997147,0.428141710249284,0.805208337820705,0.347333257357285,0.09909996134229,14
36.2490307429267,19.8044607847917,0.452829203308337,0.511332124948363,0.534434206144588,0.381209137383848,20
66.6004826727334,10.2696083965822,0.510047504089992,0.776992530674356,0.327828750582212,0.597529891645536,9
15.0514771177399,15.6165449876925,0.417655798132752,0.208126401331783,0.457728171974555,0.165520222857594,26
69.8991896350719,12.1748700676251,0.418940834593882,0.795941512492184,0.379054847776489,0.0281599864829332,23
45.3498097827402,48.252992051391,0.411353335973691,0.61079053135359,0.790542248764323,0.0603449132759124,23
41.2312153487816,25.3304833964734,0.827524275591605,0.568124385035343,0.61252711669267,0.965854331618175,27
27.9427652038404,23.0040456911988,0.519325281222948,0.40368326895311,0.582315028315159,0.620492653455585,28
126.961004781548,75.8163642956344,0.432027864245843,0.958562586361843,0.879918652016104,0.118075567530468,28
43.7510222338411,17.2648999479105,0.481252742130765,0.594677323406684,0.49009959408756,0.571801932062954,30
47.9142800474378,37.2215602167417,0.527954018523502,0.635477265515758,0.725045413553393,0.601112706353888,28
8.77921564177912,4.02888609133606,0.614799880445603,0.107932778363208,0.114218102375606,0.814684967044741,27
62.1754675198414,159.211497220926,0.702840104294548,0.748996489379554,0.962132076427905,0.924555922625586,31
34.7103843339293,5.46018049255778,0.446072886150415,0.492617159534505,0.16903637790903,0.187739335233346,16
16.5539841394295,20.8751203435068,0.441128076556177,0.232181122529759,0.55136078943702,0.226550581166521,18
59.5024379611531,55.9388441489598,0.528759963996129,0.730548063691228,0.823325326456418,0.65001285308972,27
52.6973805106175,52.39626655188,0.593199697822649,0.677861811918873,0.809234706298161,0.783531125867739,17
15.4604499579914,2.73294171643024,0.893063519995846,0.214689705335748,0.0643811074921763,0.979876151774079,19
3.39849632753948,11.115397022031,0.731756221283811,0.0308252569685855,0.351318380721351,0.939043064136058,18
93.8668800972341,133.691492561792,0.832473912144645,0.894359721581002,0.948909512522337,0.96257945545949,34
26.1834384215467,12.6205728303674,0.525066366937866,0.378838505770242,0.390191705520632,0.593628187663853,25
32.7591271397782,8.30435882943343,0.437777860928432,0.468078244000211,0.268256219620144,0.269673496717587,27
61.0853516462716,52.248099224226,0.821303000401904,0.74161782404602,0.80860962372042,0.961948761949316,24
61.6768802746964,3.65095602372397,0.499865674021136,0.745646128090783,0.0995286447057221,0.543336285976693,12
15.0908731896405,3.99201935655574,0.503130809931466,0.208759054389936,0.112785177284238,0.617590180132538,25
8.46048241911803,11.928887780384,0.574468125924461,0.102984700412294,0.372776259694337,0.748700575670227,22
15.8864773980434,11.7300508441144,0.622569951343891,0.221515237250084,0.367630848328539,0.843896954320371,27
88.6513905284011,17.3729049232528,0.510676022151539,0.877879828746367,0.492115799044822,0.628056422341615,17
28.3435094767894,50.2491083620918,0.494725466437003,0.409245572676841,0.799871388299742,0.469026591395959,18
27.8768171941431,6.00450353221577,0.608787925411053,0.402764433236865,0.189172372560743,0.841565060429275,15
113.657106493556,149.472645805543,0.476440309269408,0.939459735607993,0.957719762216096,0.424661339260638,21
13.4471975239216,2.12486903775447,0.672502227587429,0.182316044176879,0.0424438765093538,0.876252502668649,25
3.37888532933128,9.42083956527319,0.441685072525681,0.0305834560196214,0.302982036962036,0.236875199712813,17
10.8608939553553,8.52329598560053,0.491154421411853,0.140793545873128,0.275253209020271,0.603881945600733,22
30.3154190492713,4.84476605650583,0.44659325938443,0.436079940364778,0.145732234489982,0.317536714021116,17
29.7438859061087,31.3874317448014,0.427781868711406,0.42839467395062,0.67713570225913,0.086078938562423,19
16.7568896539817,10.3154549692701,0.452808055974158,0.235415429254339,0.329133942701833,0.312111639417708,27
3.11244065789501,15.4658342110867,0.513406505001478,0.0273433209066878,0.4546110855723,0.561248030746356,10
31.2199258101995,70.4510478226236,0.521942912600442,0.448087070150075,0.867593039447267,0.711378551088274,18
8.7071091168306,4.557264278696,0.44382259941268,0.106810965226449,0.134687235183884,0.280196682782844,36
27.2476692283721,5.12115657857795,0.516257255517478,0.393949528362671,0.156261762166513,0.578089183429256,29
18.7160411353055,4.53558783303171,0.415134627765901,0.266410433830334,0.13385123769299,0.150577751686797,28
14.8545505162272,12.9574581480712,0.42295680588578,0.204962813081013,0.39840973510568,0.242110754596069,30
54.7635734223871,25.2103351729653,0.580772209609103,0.694767459086632,0.611050351144294,0.762570430291817,24
41.3162629418836,169.742569352686,0.433056336273645,0.569044019085316,0.966217789884924,0.116659848485142,14
33.7843687687776,14.5090486920202,0.49589996549932,0.481083922344731,0.434162880634529,0.503185950685292,23
25.6634956253856,12.883453506325,0.461104422195912,0.371365823974078,0.396618943353512,0.311221429612488,21
30.1387645553887,19.5495245076481,0.498666852498371,0.433712611928875,0.530258167023313,0.503022316843271,19
57.4581532989297,13.1783545635019,0.418934023709095,0.715609408068414,0.403707218238058,0.115790483076125,19
47.8192707049135,5.44097204705404,0.458315029849557,0.634587678038227,0.168317107635653,0.322980286320671,16
5.6169472507512,7.67563558910301,0.694403639152835,0.060514197049337,0.247646750341366,0.922388080740348,18
7.62680437394989,2.78515190392704,0.472694342372829,0.0901881852682663,0.0663342863952072,0.547595356591046,22
3.12364810984599,1.7100817915254,0.4642781112528,0.0274778700426695,0.0287794720613641,0.412169463234022,35
72.1821925440603,117.408680829647,0.477568626029085,0.808161489005875,0.936879520944412,0.522347195073962,23
86.4686736364878,48.782591036823,0.431471280360902,0.870274269254744,0.793079342486694,0.293527055066079,30
17.6796085632946,17.3972643844547,0.598837379509322,0.250070026424229,0.492568831315865,0.779323344118893,20
73.4625601811997,25.1672129755226,0.474376578384091,0.814710299482551,0.610518216446407,0.400576575193554,23
70.8333417091328,11.9681534600902,0.451168092960196,0.801027376877056,0.373784903582933,0.28950430219993,15
30.9508438589215,2.46590905857552,0.491289283704452,0.444535053901958,0.054539588832039,0.527141387807205,20
20.546263588393,34.6202755715468,0.426229426805565,0.294893776658585,0.705114923227341,0.250448696315289,16
94.9592303639337,40.4296852614382,0.506688094860264,0.897529478400525,0.746947168998409,0.535715149715543,21
103.826106764466,21.3259265650389,0.451765213490031,0.920075574478646,0.558204713011468,0.426090009743348,18
34.1467057924862,33.4018687146152,0.434019902512631,0.485620882433659,0.695018800171924,0.222338220803067,27
33.4057481503526,14.0050794578425,0.778147783056552,0.476309882805679,0.422914796968808,0.942064993316308,24
69.0871927455994,3.20812100972055,0.58561692663283,0.791422023191268,0.0824078718200315,0.805453940061852,12
43.572809391607,4.2894535607312,0.421168396104611,0.592846219054798,0.124332734998452,0.149427767144516,11
2.07339016172429,3.82583769633414,0.516914610413036,0.0156366514379858,0.106324348955205,0.675156633136794,26
44.3516440782018,1.92527275360219,0.412575145521481,0.600796690797408,0.0356969195103259,0.0318958682473749,10
61.6103471882122,6.90228361088855,0.427264903456213,0.745195942088482,0.221243953794854,0.210249818162993,15
48.4890209516403,18.1130759496068,0.451030298107421,0.640818214022114,0.505607416863793,0.240523704793304,18
4.73691869010018,3.36201538855756,0.455760915876564,0.0482493333130603,0.0883357100987934,0.428111867280677,26
23.6905600161907,15.8160814410229,0.509400054950763,0.342490717472067,0.461813040299079,0.621579441474751,30
29.0198828626821,9.8401759004773,0.463319437465682,0.418550676761358,0.315421116144884,0.367121656658128,22
12.8403844421591,21.0250767478852,0.422211831498076,0.172546374878736,0.553655430715761,0.14781344588846,19
32.6570346638901,12.5190827826156,0.425963348286956,0.466769553064631,0.387682510927667,0.107513268478215,33
116.695384589503,17.5642502277614,0.529097669136749,0.944463917216748,0.495657651196565,0.73179823346436,16
65.0406085817282,147.658481667696,0.439448249037299,0.767472109699728,0.956819899999102,0.352585146203637,27
29.7080860477489,22.1706281326524,0.75656078353814,0.427910760547097,0.570601910863123,0.931333200074732,22
66.6253128514992,39.8570076925601,0.438675413269597,0.777141102548486,0.743234551384859,0.15767221734859,27
31.1550572976425,71.2429521874769,0.439872343715339,0.447232325142769,0.869524437893709,0.166774694342166,22
34.2535051916705,5.80569640170855,0.625028404227436,0.486952230506242,0.181874814138699,0.850204097339883,22
86.6647546223203,29.1232625275284,0.488817181660134,0.870975623432835,0.655058578235964,0.558398417197168,25
39.0101522833748,11.165996230278,0.470830568821635,0.543519472312387,0.352684871922478,0.427923779701814,29
27.1380668534121,2.1554302763962,0.657432526159441,0.392404849047298,0.0435010014582969,0.887134765274823,15
43.8013389454639,45.2840237804866,0.468446574065131,0.595193039620497,0.775423545725697,0.423567259451374,15
41.5989591453304,16.7274222305076,0.423250199852548,0.572089014105416,0.479879742630943,0.230309250531718,27
6.10191645864376,3.80490955362918,0.410581373199216,0.0674876508432933,0.10551074399934,0.0197863802313805,36
16.3790884734433,51.9143092098824,0.481440754009876,0.22939021837863,0.807190295952543,0.557414923561737,10
10.5505685470564,10.8636054500668,0.422999698953305,0.135848211419694,0.34445419629672,0.112864999100566,21
44.9873609237268,32.4692142058042,0.54357307150617,0.607186882606751,0.686931525382702,0.683988566277549,18
27.4781724594317,5.36079458020316,0.433648101119592,0.397189376579244,0.165308794761055,0.137631385819986,23
38.9714067947257,18.2967381835861,0.619871837309087,0.543080131059346,0.508869391769192,0.802225023508072,18
59.9008683077095,114.896674116189,0.407854638449414,0.733374644090027,0.934677508275902,0.029837217181921,26
14.7513505109368,18.7564945338071,0.521498990200692,0.203304188244258,0.51689057429278,0.623391856672242,16
91.7782823897153,44.1352511390942,0.477454168108065,0.888034399972447,0.769134400180303,0.400740187847987,24
49.5557671185476,77.2507839803148,0.461045079219821,0.650548851124914,0.882932244262883,0.42853025929071,24
13.6623001128434,3.59586806511145,0.498306954877136,0.185779741216496,0.0973902579484151,0.56996223772876,28
77.7797224093621,89.0242734967469,0.806950544681745,0.83527118319624,0.90401252749915,0.954975781496614,52
41.0947343630323,15.1565032178181,0.672366238686906,0.566645142112975,0.448126230692375,0.887563240714371,21
24.0792257597449,97.4296380903332,0.626445302972739,0.348242659441651,0.915881784494815,0.825870044762269,8
25.8800877814806,5.68703338204801,0.49583127376057,0.374485811291442,0.177487362632716,0.507696770131588,18
8.93623603980328,116.272000360516,0.907793398419992,0.110380314375007,0.935896268155806,0.975276866462082,11
35.5082017746933,23.2128393284737,0.477210072794781,0.502391052585284,0.585172323201786,0.428583590779454,20
17.181246218449,5.61345469285994,0.574430029729918,0.242166440642554,0.174755286174485,0.799461425282061,26
30.7943957568332,8.31475328301734,0.551393769360748,0.44246206881957,0.2685905060994,0.716104662744328,26
45.134336242584,21.3872258329764,0.549721715204848,0.608651646254086,0.559122860629389,0.712090118788183,28
27.0178026744914,19.208541752666,0.433925688537523,0.390706833429509,0.52458143202625,0.159345854073763,18
50.8425508372578,37.5882398554496,0.426858508996858,0.661975737837612,0.727690369180831,0.0949193346314132,22
72.1098579950116,44.4328561315877,0.836140309745791,0.807785090151295,0.770788694219084,0.962074813898653,28
54.0908045729182,9.3568911079965,0.78416002862434,0.689352667535244,0.301056575611272,0.962739506037906,15
12.9984693210341,9.61215352717385,0.557183874106065,0.175091009386855,0.308697195796822,0.712609346956015,23
85.2083541207387,24.2977859481616,0.705761183809177,0.865678483367115,0.59954582425617,0.90321472636424,24
72.2196740587762,35.0190877670742,0.513594515040291,0.808356254496496,0.7083097579506,0.671345466049388,29
40.0824327010295,10.294267461759,0.520016803041,0.555540131681325,0.328531224423822,0.629002951085567,17
67.3598868087983,46.5349020847731,0.673934137475037,0.781494951510272,0.781985276967934,0.866646736860275,26
72.4591067128037,29.1171276099556,0.499563914510205,0.809596039064655,0.654995660223609,0.528034721734002,21
89.6384784113661,49.6410476744611,0.568602577944643,0.881177213677077,0.797095951388574,0.731716862181202,25
31.2436485641137,41.5201754803087,0.407481823030355,0.44839940851385,0.753797310754714,0.0261118977796286,15
9.09177550885574,5.99085130555549,0.537208184279351,0.112810811318274,0.188673415168498,0.74937529489398,27
5.85909650421907,1.65633456132561,0.402728091352562,0.0639788691582099,0.0271191845110222,0.0350976679474115,38
59.6320247736019,71.0544197707389,0.489241292306009,0.731470389126792,0.869068346481018,0.577185690635815,28
49.3622236377389,64.288399172631,0.446748676433229,0.648800867393155,0.851035182487553,0.275293465470895,23
35.1207533739086,172.039892656765,0.741488413895773,0.497663302491083,0.967027562837186,0.950275588547811,19
19.5982125175801,17.0043442606846,0.545753946769409,0.280203238167488,0.485184391233992,0.732363287592307,24
39.6088499286691,17.6487434707373,0.425689635861249,0.550263909107896,0.497209503808596,0.0248254772741348,19
10.8049520450842,50.7996044270209,0.430889736195197,0.13990115054018,0.802335808828538,0.121898375218734,5
28.5409197089123,19.7461042694193,0.428450723215481,0.411972207256797,0.533483365155871,0.192406410817057,16
90.2019590609615,11.5831259020387,0.653854341591209,0.883021056796405,0.363787913917324,0.899056657683104,18
5.78907753553765,1.30091256862131,0.712471417648275,0.0629734086333707,0.0169726069908043,0.937637544702739,23
84.6615076656933,48.0035491435715,0.420444267710304,0.863636351726252,0.789331226620666,0.157361115561798,24
12.9238574478909,48.1738642113356,0.469824903354253,0.173889941440734,0.790159213584986,0.348498355131596,11
18.6836310323409,28.088526307271,0.488404199966675,0.265901588193119,0.644193118875801,0.442329783458263,18
98.9585376629294,10.8012558442786,0.508765539973789,0.908370513992869,0.34273779823939,0.541525286156684,14
9.29097213584819,1.95256072083765,0.494356866730873,0.115931825428165,0.0366020807991381,0.597070942865685,34
2.08672498708922,4.47957029238052,0.455821052382563,0.0157760430196704,0.131688950234566,0.390069104032591,22
33.0436520903857,25.0688405593036,0.4619648531224,0.471712488189417,0.609300086900211,0.316452091326937,27
100.223324396331,184.477791960623,0.515586032287657,0.911562227143893,0.970978992808951,0.618702512700111,35
63.4248306430956,25.2882913986385,0.438990325574391,0.757213791506826,0.612009510150187,0.147456781473011,17
26.0601820749693,7.940986751681,0.689528383267836,0.37707234109431,0.256438588542295,0.933575538685545,16
10.0761548201652,1.80714702981623,0.414681019415893,0.128314368726847,0.0318488290930242,0.0376070775091648,38
5.06797174428234,25.8163438274183,0.53303003923077,0.0527988276142963,0.618411898534445,0.646933496696874,13
60.6277910359247,15.4049314280815,0.490682242024016,0.738461677030221,0.453343621698956,0.462938131764531,15
43.4699545905995,21.2829445475368,0.476218759656813,0.591786185731246,0.557559160409973,0.375645350897685,31
9.9802339595758,12.4357972988072,0.479190483230963,0.126795483882555,0.385611685879532,0.438537447946146,15
31.7580662800121,1.47435604301252,0.423953561108495,0.455139841435737,0.0217295503270192,0.0529232772532851,11
14.1326839619651,17.9250972123833,0.464947165943502,0.19335253717326,0.5022339545168,0.370802140329033,27
26.1057888955383,16.1189994602702,0.662202156908375,0.377726234972861,0.467924229153213,0.878714179852977,18
15.8220332941346,70.276724497369,0.563948033016905,0.220483590294049,0.867162308490121,0.741085814544931,11
3.67377677326392,3.7187685825667,0.488520212479139,0.0342648238010265,0.102162754775266,0.482887835241854,30
20.0877616501937,1.60619245970213,0.407932751171812,0.287806954751445,0.0255972137257148,0.0569274183362722,16
63.5167419835529,13.6810260011568,0.443939606381375,0.75780838280325,0.415500226872472,0.369123428594321,17
58.9383656977447,22.0184564827134,0.416828767290906,0.726499425732061,0.568408554258575,0.0329781186301261,14
20.6097593063461,14.5542313433497,0.476275667756019,0.295872472998669,0.435154848703853,0.547825022600591,29
53.832287576362,101.502545376816,0.493854106649585,0.687249072246367,0.920890905356564,0.511320793768391,20
97.6055685618689,3.17542395162335,0.451174780952671,0.904833142527432,0.0811526773691635,0.307642282219604,7
58.1863382597069,25.8477645949847,0.454694921985703,0.721015209874184,0.618787733281864,0.442812680732459,27
32.4187847174397,27.1405806348801,0.486854958273979,0.463705933050572,0.633772141486636,0.570002727676183,30
3.21975164727183,8.57622888428764,0.642073603039307,0.0286380022360581,0.27693103372938,0.835453735897318,15
4.81793787525546,13.4183832963508,0.471717993715386,0.0493550494652222,0.409383332296259,0.481353759765625,25
4.52090214671564,1.53818524648557,0.514710678516426,0.0453268001063268,0.0235769289671713,0.579090508399531,22
2.75294263698713,4.45544325269785,0.436284621690963,0.023114037403421,0.130756852728266,0.203530103899539,37
16.6612269455392,4.69945125965062,0.469066338702104,0.233891057797746,0.140160198257891,0.40206188778393,32
2.92630888009654,2.906039369065,0.452412480812057,0.0251321739299871,0.0708865721117232,0.258764893747866,30
124.109231557997,46.302805659877,0.573691325055466,0.955041706630388,0.780789548921532,0.801069455221295,25
40.686879577835,27.6223784236769,0.60898686555932,0.562199238310443,0.639126241663485,0.813766578678042,25
50.2596195332608,15.6241907738414,0.448011219150688,0.656840933092932,0.457885574280262,0.397670767037198,12
75.1693783196804,37.0145480555362,0.449347405742334,0.823113196026853,0.723535020951305,0.372080318629742,28
41.8399251602787,22.6321712577326,0.4290122377027,0.574670170488302,0.57715027182456,0.169873814098537,22
124.864137883187,83.7763518564074,0.688763183947145,0.956001225987655,0.895352812285291,0.903459085617214,46
127.651309366922,69.8509311131177,0.483708822936353,0.959373441352171,0.86610163522583,0.437483274610713,17
32.9577232705613,9.30033533270463,0.468055487433511,0.470616933085173,0.299347361907664,0.338385676732287,12
2.87917681419104,15.8713414399509,0.71816399934518,0.0245794664682129,0.46293592512427,0.914041211595759,16
27.8224418225781,27.7572846223515,0.488940778077253,0.402006097973248,0.640603935993572,0.444870698731393,16
120.278738046845,50.9312462272135,0.549933133326767,0.94984899885232,0.80291846915564,0.70557824592106,24
96.3591655693077,45.4000124353749,0.603548569717124,0.90145800887746,0.776044289858929,0.843095078598708,30
45.8244525440364,92.9410742221657,0.524521419697488,0.615466371420806,0.909822169210124,0.675295827211812,24
35.5123703292198,4.85645320610439,0.467405993990204,0.502441725492451,0.146179357303724,0.370742876315489,19
41.4419798778331,108.652225919404,0.458710648020995,0.570400396652486,0.928712083100106,0.276197277707979,13
64.2497110476266,63.2355231464343,0.460035029361675,0.76250208833818,0.847906986385907,0.356524825328961,25
76.6927170576379,8.18166895196507,0.418647381241731,0.830307674220766,0.264294710017743,0.138193320482969,9
44.8993211502749,16.3617100963518,0.504362171636723,0.606307208118017,0.472743862173235,0.635222710203379,25
42.535151502627,46.75577593217,0.419815026900161,0.582043497253606,0.783114187914335,0.191252302378416,21
20.632340602007,3.22905483688864,0.573821637098922,0.296220369467372,0.0832123453670311,0.814063209109008,23
4.87816756711791,4.80901385821942,0.495515763997135,0.0501803228633578,0.144363474691999,0.508761454373598,20
23.7011024713771,84.5205272848625,0.468454834261112,0.342647138983088,0.896647319176963,0.348970875842497,12
19.4802306181604,38.7798152250462,0.439119746336312,0.278365207234279,0.736025653126385,0.176879214122891,14
15.3886683656013,2.21152286712091,0.562533823586457,0.213538459247393,0.045456277181135,0.696388004813343,23
87.601331769798,44.5802165679944,0.404433123433855,0.874275860930757,0.771601277605591,0.0602759369648993,23
38.4022849257993,52.0315568379705,0.540798040539712,0.536586505785766,0.807690620183312,0.638806008733809,22
140.685210308547,27.806495552947,0.502993786244127,0.972067272237466,0.641140661145384,0.555651813745499,15
97.5549580566666,23.9017781435596,0.429797105822366,0.904698294170467,0.594389658537938,0.142763437703252,14
19.1086836761677,2.25246685026615,0.442821936862794,0.272563348259502,0.0468952228293518,0.292222504736856,25
14.9790690084682,15.4552892021418,0.777109134822286,0.206963403659307,0.454391954880845,0.957990383030847,14
57.2437440254437,98.7218042366939,0.866909323376363,0.713999615586374,0.917518632531417,0.962557373335585,27
36.9355465921866,6.55962307741173,0.488874832909583,0.519502159515861,0.20917877512909,0.614368356065825,25
134.015568778627,183.465223012853,0.578535547111509,0.966153307419094,0.970682417384399,0.768771722912788,28
33.3531232265063,14.3922932922247,0.478402267315538,0.475643649597204,0.431587138093114,0.426708396989852,20
95.4718361264222,1.95316465846685,0.524773066903014,0.898985169299468,0.0366221793503366,0.681958209257573,3
28.4917166895997,6.94027253687802,0.45883881004042,0.411293444326265,0.222567845805596,0.343598548788577,25
42.3241503454011,26.4773534086266,0.488457791166935,0.579817239028262,0.626200233072956,0.532285819062963,30
5.30784832914353,5.6591286338341,0.504711956112375,0.056145128281454,0.17645225221828,0.669195901369676,32
31.374433019993,26.7261469413074,0.641975262395755,0.450118972163557,0.629068561403579,0.847187206381932,18
32.5277708530363,43.3344252213909,0.483580591821058,0.465109031518803,0.764593187168978,0.533729233779013,11
31.6795814806273,12.9563361906995,0.429468489391699,0.454115471603028,0.398382645960372,0.282098481198773,22
25.4565340055599,7.94899311719964,0.540516501049706,0.368375156146115,0.256701733794497,0.637983827618882,28
61.195532091683,17.4873133547608,0.672558268700666,0.742372572651553,0.494238132837892,0.878090529935434,20
43.9400418452111,13.3263018192146,0.424222898014626,0.596611749861564,0.407215606802756,0.113073626067489,31
61.9599739647173,21.5030041271269,0.490698252872181,0.747553458280042,0.560848980232992,0.573311666725203,16
22.9658007922139,11.8374439979111,0.435192791115169,0.331684409817771,0.370417774541469,0.250865206122398,18
47.6918667469108,54.5971209847447,0.525581224885786,0.633391786228466,0.818175127889358,0.722892751451582,19
13.6115578623621,26.7397353960031,0.60444498532483,0.184962676919626,0.629224248447525,0.777894624043256,20
117.379875112563,78.4937627234816,0.43642309070929,0.945534374183272,0.885456147067147,0.240301013691351,25
30.5749753320384,16.8027167759479,0.454053096467894,0.439545043728448,0.481330394673517,0.427283803233877,21
29.8850804186148,27.3201336197517,0.549703587788299,0.430300332761236,0.635781616410507,0.761553414864466,29
15.6054662574136,43.314085537661,0.665688661652995,0.217014480131003,0.764476113272217,0.918153600767255,15
56.8640396829924,5.60689032317391,0.533550784206213,0.71112842341413,0.174511118663365,0.735381732694805,12
50.4976631618227,64.9456142449893,0.446373736912292,0.658946072997021,0.852940423535089,0.340935289626941,20
60.7325062483739,109.804923877418,0.53749794903909,0.73918708905749,0.929869587713512,0.663692042930052,33
82.6551935186952,84.4410674951958,0.481762837622243,0.855887227819661,0.896510197087936,0.553717118687928,22
84.1370869604264,18.8232339265777,0.430812637984879,0.861650138208114,0.518038095579142,0.214386790525168,20
1.27394350981428,48.8609684019142,0.837464173943526,0.0079364048913575,0.793450934938738,0.965439202496782,8
56.6047179523344,10.8777700244159,0.558263373336048,0.709152488755206,0.344843200633089,0.799020983045921,20
4.97788288505179,5.21274653919636,0.675359742087934,0.0515526579767972,0.159729107582553,0.890873159281909,21
18.642192305186,1.91561376611871,0.539586587715702,0.265250781600943,0.0353779297690469,0.641014114953578,19
10.1773173888494,18.2858651139633,0.707590744782907,0.129917925104655,0.508677206201021,0.9158518796321,17
28.7568126642745,9.45319649817689,0.64536372811341,0.414943952788441,0.303953397498982,0.840456129983068,17
10.0247919436297,12.7279815638973,0.50873820573632,0.127500853877256,0.39283027608559,0.660469442140311,16
33.0200676827021,8.43741287305517,0.514553124218782,0.471411970966432,0.272519492656182,0.550107819261029,26
2.37062675291261,1.31807944414591,0.413516401131843,0.0188166869650968,0.0174250823387462,0.0553791411221027,39
55.0383158244365,3.79026077206818,0.434888714313594,0.696954122442955,0.104941292188764,0.3180748578161,11
93.351678487273,8.68583107535311,0.41986120454505,0.892832159802429,0.280388030875892,0.0400754897855222,8
66.434856705007,5.15129016694992,0.426559204961773,0.775999142870685,0.15740380427876,0.0324814221821725,8
45.498855288567,9.18041849220708,0.414468282190703,0.612264097599709,0.295703498217604,0.104269901290536,19
49.9547590305371,14.0294864690309,0.434358964725266,0.654128066072995,0.423467406921674,0.228199712699279,22
54.2268798763533,19.0415926636038,0.583671702008063,0.690454807640238,0.521763258489405,0.809179114177823,22
18.3189250868689,7.74648174549942,0.422499408094729,0.260165846871391,0.250007489402454,0.0740855885669589,27
26.9121358941685,17.0768498440004,0.547302710589317,0.389212270425873,0.48655948678605,0.670091158011928,19
43.0682389067566,31.9238136657471,0.469741399008518,0.587623429895554,0.682050193912945,0.35077535174787,22
4.46497193490937,6.81815816182289,0.445940486845106,0.0445763648371319,0.218302439918874,0.199006620561704,30
1.34166337458274,8.31811096304594,0.414991699237091,0.0085325427556138,0.268698444744974,0.109066899865866,16
10.6538813779944,37.5675763272426,0.415373670776267,0.137493206717045,0.727542340494665,0.0871946455445141,9
45.4713058244097,9.72175965731684,0.558529292337478,0.611992089178699,0.311941120915443,0.747397496597841,14
14.1069860872893,16.6035657931789,0.410411654832822,0.192938922868218,0.47747980917767,0.0364938634447753,18
89.1354448826479,72.4330272746617,0.406245977784525,0.879507637500528,0.872350954795522,0.0211921194568276,18
117.096689605694,69.9761317466261,0.478627243949949,0.945093969934949,0.866414789143891,0.521951654925942,25
44.0828943083817,11.6739763969267,0.462159660346966,0.598068442592563,0.366168301892411,0.320475812768564,22
14.687043410048,13.3189535627224,0.526142944201328,0.202270412000182,0.407042095749979,0.707169703673571,29
60.703602649996,31.7837005604095,0.467571720705367,0.738987045046909,0.680777481573896,0.50186399044469,35
33.5954754761239,7.71160794567011,0.699125882207752,0.478706399472114,0.248846643405745,0.926434312015772,19
12.6671894843059,7.82670599112981,0.423397805544646,0.169759245298772,0.252668935026086,0.185787793248892,29
27.5000865061389,40.3590631897247,0.429336018521946,0.397496771888365,0.746493708584336,0.13899914175272,17
18.3566268219749,5.85120594834743,0.471096426495558,0.260759602160245,0.183551260621126,0.480992343276739,34
9.84176632412594,1.49399924066785,0.44003136725018,0.124605717142874,0.0222928602432787,0.224920314969495,25
64.9496260616188,34.1275449147895,0.450275331561676,0.766905324371756,0.701093940195971,0.329117856919765,25
38.4733257910754,2.34137939972849,0.493672751988364,0.53740119807129,0.0500518180864819,0.498399402247742,17
36.4590227145265,3.23086519346727,0.846556863389028,0.513842966462109,0.0832819464100404,0.962846032576635,22
22.7561281874942,6.62215682157764,0.430829383532107,0.328539000357172,0.211397098218892,0.214516779640689,21
13.0418167987902,87.7468365516271,0.603769466974486,0.175788846128761,0.902001921119316,0.80338622443378,16
24.4726288251098,14.2363584933802,0.446553969909216,0.354033394309815,0.428118895224314,0.212540664244443,23
26.1791732845608,31.4585136381074,0.763022193312612,0.378777444939371,0.67779359879719,0.937464189715683,15
143.313065206771,25.480335255948,0.46066925035683,0.974107601303374,0.614356927402938,0.325771630508825,10
48.0589020685183,33.8812158304363,0.427113003835624,0.636827735816508,0.699052496401733,0.236574318027124,27
43.2130623087112,20.8295460715829,0.566122031068118,0.589128313034442,0.55065979628277,0.799589485162869,25
25.9294945056406,101.42996771987,0.404971211282466,0.375196093396762,0.920805398824705,0.0272504612803459,7
42.6859444316683,104.44471677148,0.480716887673862,0.583628355529406,0.924249792383643,0.433082712348551,16
42.1164120497008,1.37383035959013,0.882209779811198,0.577615586088295,0.0189232072804051,0.978195917559788,9
80.4862544119919,26.3392988889862,0.550708695434494,0.847038529553982,0.624593897640976,0.682662674458697,20
15.3902749812321,174.216976885517,0.490537895077779,0.213564229991796,0.967770489390544,0.49441958614625,7
34.381931528766,3.93042789835993,0.431112761934763,0.488549603032698,0.110390777210997,0.11386994086206,16
16.1554720254935,4.4148020701226,0.423211669211022,0.225817923109334,0.129185748503389,0.0193736385554075,32
73.5163891543399,13.1379151064961,0.623220672817037,0.814980958294414,0.402742735883864,0.807102492777631,15
25.2859917503422,1.58540652044291,0.496738525467807,0.365903891018805,0.024974236043343,0.549645422026515,12
37.4432689192672,14.5000767455501,0.54111810956393,0.525473105932685,0.433965586595421,0.742565965047106,13
13.8688441077351,8.51088968051297,0.459165209791819,0.189105334545984,0.274859185064445,0.284835037775338,25
155.295529228323,60.0599597205616,0.610924431431372,0.981700462112275,0.837868033379343,0.86361697060056,22
22.9694194864667,22.0958557740245,0.43475553742605,0.331738621190251,0.5695263200956,0.127072197850794,22
33.8732234638446,68.2373548105011,0.508050151556569,0.482199380788288,0.861968449884894,0.522885494399816,18
8.1293202256635,45.3411399471355,0.468132514867459,0.0978746879343241,0.775729538439313,0.496382536599413,9
109.552507678071,55.4205982786693,0.532705440228179,0.93199706765747,0.821361837208916,0.636138572124764,24
67.554868223837,38.4504229790706,0.405747014079246,0.782637224868402,0.733760365572989,0.0275093708187342,20
19.2986337614701,129.580232117219,0.507770512462317,0.27553204074258,0.946197528140711,0.635712688555941,6
45.5216409588853,39.2738557078499,0.482174161028552,0.612488946103847,0.739369235162523,0.532647438114509,27
7.24669901866345,2.03439789820809,0.443033853040315,0.084434779628664,0.0393504648864856,0.293672554660589,29
44.0264978080504,18.1365018038271,0.745891476391289,0.597493897458833,0.506025338254473,0.940273416927084,16
87.1417310909028,10.3266782949564,0.433983559424407,0.872666584228617,0.32945288960281,0.311667506117374,9
14.7429750691318,7.07095477663073,0.491427104520053,0.203169557854506,0.227100949151304,0.527725871652365,26
53.0832501137675,18.2467901829133,0.517160820291148,0.681081492648464,0.507985581316878,0.581282601458952,23
52.049578360818,9.29570803333277,0.479481085327711,0.672391047520207,0.299207252881437,0.453045384027064,23
59.3407095396532,27.4979173276557,0.47348135318351,0.729392902122688,0.637754685439448,0.543205059366301,27
18.4994469606863,11.2918711372412,0.577904059793079,0.263007143015939,0.356065702254189,0.792515375185758,28
48.686558634714,42.5073219648653,0.581511689180228,0.642637930631041,0.759761232862678,0.805677463766187,21
54.6308582886477,27.5433678700149,0.573728424507743,0.69370608981829,0.638256473040851,0.819491652306169,18
5.23163787740963,8.66933405962293,0.552289965982034,0.0550776449692602,0.279869164228705,0.775069778552279,20
24.9294182715858,3.65187384305103,0.530829789722432,0.360717007324293,0.0995642844848585,0.648267304059118,19
40.2209929700584,8.7629544064514,0.444704539187486,0.557074056569946,0.282806825058728,0.358291841577739,17
43.3440565133055,5.81646851057707,0.48249627258675,0.590485453985175,0.182271943683215,0.556842732010409,15
22.0271660507375,30.3281250833267,0.467692265489675,0.317538413581905,0.667083679757203,0.394558002240956,19
96.8596895953652,140.62141100746,0.527833231271115,0.902827027207844,0.95306583195655,0.70401643612422,32
21.0898914107685,14.2775613739152,0.411417169229768,0.303250989762421,0.429038463528078,0.139138740953058,26
36.610145381478,38.6162425818935,0.433401996873469,0.515643486836081,0.734904379844992,0.297476516338065,23
8.82420589482076,3.65298810869979,0.487001313942113,0.108633413909344,0.0996075529491517,0.478455377044156,28
30.1006277889423,15.1199511680534,0.422929694949182,0.433200592676455,0.447352112551322,0.160887452308089,23
75.1467747860592,17.6543049818695,0.418483750876338,0.823004304142755,0.497311390767708,0.0483087315224111,16
57.2014509798531,5.03055976617978,0.502486413881749,0.713681100156686,0.152820934680946,0.63549357582815,12
27.3095178794519,4.32850379960701,0.423110825435858,0.394820009731582,0.125845709809106,0.208011565962806,22
74.6755393752472,52.8754344834301,0.484713287816723,0.820719674968869,0.811235665884619,0.513463141396642,19
97.1390545523235,46.2619711190194,0.786746780773929,0.903583140647329,0.780578164637175,0.958763067843392,25
19.9257418365097,9.44101077904492,0.420778282612595,0.285294601585022,0.303587808080859,0.0209848543163389,26
105.154219400093,94.8218712480686,0.836870401750711,0.923009085017529,0.912434618889357,0.959049477009103,45
34.3937419298398,37.7556168590447,0.517045640114222,0.488696305368229,0.728884960521144,0.61082492955029,26
9.5012658827158,7.09248018679371,0.458663920748565,0.119236241863077,0.227844477552719,0.299032120965421,27
50.8726599335095,22.3871877513992,0.453846742638326,0.662239091887155,0.57369379701999,0.294913836754858,25
33.0965038846248,11.6109181820665,0.422419511024618,0.472385458927755,0.364517526297705,0.191731550963596,28
52.6946225110678,35.4034206588592,0.509993428685813,0.677838694767225,0.711339261439364,0.668664486613125,25
5.05416066865566,13.0339744577271,0.434683428414333,0.0526074002441119,0.400252814910891,0.142613567877561,15
69.491702310531,67.515646064139,0.526619813195641,0.793685065495201,0.860059551798035,0.694948263699189,30
8.67362423616586,6.27472812157396,0.460648591308835,0.106290486988611,0.198980833519026,0.414835005998611,23
7.54326769653703,10.8136693128597,0.497026747290889,0.088919017237407,0.343080054566042,0.564968087244779,27
147.932012915994,187.121070481841,0.787126271459246,0.977344774339738,0.971734054534271,0.962382448837161,66
29.2621789456329,14.3267687572261,0.401278268754276,0.421858534046332,0.430133707960219,0.0317608697805554,20
40.4176278104449,73.9073747492761,0.579062014394686,0.559243305531401,0.875731180113499,0.829093524487689,20
39.3808995188689,12.1935304720848,0.568249226692896,0.547705805090543,0.379527270321695,0.781016151187941,18
32.9554478868964,7.09007595331486,0.459202431097651,0.470587899220925,0.227761474993148,0.412478194572031,19
26.1804346944739,8.00175467801165,0.46638396989355,0.378795504030077,0.258432732545467,0.482128993608057,25
7.19877459777614,1.78035041704368,0.421941977351198,0.0837134194151578,0.0309927186214213,0.110610252711922,26
91.832200721872,37.1115155410159,0.60881235891663,0.888202177288771,0.724244065962761,0.79948508203961,27
54.3059347138363,17.8142843916397,0.791838523243148,0.691093491774402,0.500228604996599,0.953265830641612,21
15.5393710437177,29.2727660423383,0.633682489881069,0.215955072669897,0.656586439637364,0.869338307296857,14
131.194830387539,45.6497512026412,0.795184467447335,0.963297396163985,0.777372174885836,0.944140745792538,17
27.1987345589601,27.5137765069577,0.423721892857508,0.39326019894448,0.637929896624655,0.0306614553555846,18
72.7122074789216,75.3880019096198,0.456639910643241,0.810898392172257,0.878996967907198,0.430133346701041,27
18.4838428232843,9.52487682674204,0.491414905037129,0.262761714611418,0.306098347776526,0.592949375044554,20
30.2404205337773,3.43912908066513,0.576152262583344,0.43507577992598,0.0913163853984382,0.749006621772423,13
26.0560314635344,20.5400050174401,0.462462650948216,0.377012808739197,0.546166463286244,0.333679791307077,29
56.6382787743001,6.03996495664273,0.888931540613108,0.709408899613363,0.190466889089215,0.973570526577532,9
66.5690325360472,58.0013543777721,0.568552916679314,0.776804215766178,0.830832946492925,0.813911818200722,17
20.9841929843552,29.837674534049,0.534717029501602,0.301630029617791,0.662267204226879,0.659622473409399,16
53.56227626599,43.5774478392437,0.472524542196204,0.685038266890895,0.765985301561068,0.425900822039694,24
30.8132420286342,10.2352451159372,0.536208997205861,0.442712090897224,0.326848030428715,0.72004917729646,25
24.39424185048,1.31625612973278,0.419513053501179,0.352882105650283,0.0173768235681221,0.188694996293634,12
23.2460473461918,17.8578274160881,0.487593523934116,0.335875211429239,0.501018078614426,0.481167597463354,21
24.3509175784652,15.4102659574302,0.455849305020715,0.352245248093077,0.453454821219159,0.310590719804168,17
14.3718693399924,9.70044747586061,0.497933404623864,0.197201476736411,0.311312085165842,0.556775444652885,28
1.91861685681249,1.50368022303771,0.450676770129773,0.0140426390578652,0.0225722067106002,0.25915368180722,31
48.5081341058021,25.9923270305868,0.475596828378534,0.64099464009691,0.620509589878535,0.38297476596199,25
26.7152411394622,10.8166635308623,0.872292522558067,0.386420778945001,0.343162569714116,0.968962001614273,15
45.6996465836054,11.6856358816303,0.412474765730955,0.614241616117417,0.366472825397943,0.0273088414687663,17
13.5664776817242,7.93800809380848,0.430926625182854,0.184236773950409,0.256340657176889,0.105780984275043,32
40.3439802850788,40.5396911025063,0.413437734106347,0.558431877963778,0.747651087035377,0.0473860835190862,16
35.5028753818132,5.5805079911434,0.526097995026678,0.50232629903154,0.173529111221914,0.675873340340331,21
74.8149527241556,65.480884455679,0.564853647893851,0.821398457890771,0.854465994517837,0.782253895420581,21
55.6933253807817,127.534155136634,0.442193196021522,0.702110295984692,0.944772407214226,0.174768646480516,21
87.6935735135583,65.2419135225153,0.415846567010011,0.874596487145486,0.853787770897948,0.0771587898489088,23
69.3138945158615,82.2939626341478,0.647383118781436,0.792693158868588,0.892703843335254,0.84491230500862,27
17.8782599758227,4.9085935333219,0.45873450518167,0.253212449232826,0.14817218619155,0.311055906582624,38
56.2338592195539,38.7961833779622,0.688269739723227,0.706305349567307,0.736137461826209,0.912170362891629,34
60.871667832106,45.1792855564687,0.589056420237916,0.740148266106066,0.774860802921639,0.773468697443604,32
52.5467280331525,27.9195650288254,0.429576126021059,0.6765968856501,0.642369226089469,0.0585252337623388,22
128.091017198955,38.7145923511884,0.490951087697725,0.959881819519737,0.735579414939677,0.554956676904112,13
128.176820346567,28.6332688175284,0.460262519897658,0.959980294186484,0.649977520456487,0.412670854246244,19
12.2998792165021,23.1873175224335,0.462093636777466,0.163851812450963,0.58482468236031,0.425708933966234,11
13.4782929282936,5.92091342090716,0.632924442586801,0.182816764323283,0.186112290176391,0.851772537454963,25
62.0029807583972,16.5068350969842,0.501719887328504,0.747842058435369,0.475593569205158,0.525103715015575,20
3.91261896975788,5.76390955987621,0.445573062064524,0.0373142963015983,0.180332445363501,0.323258343385532,21
91.5709860338087,28.2888137329027,0.658889383900208,0.887387100869815,0.64633678370923,0.874731392366812,22
76.2690239534815,22.1639091741224,0.536387012018281,0.828334919072975,0.57050542923634,0.63738287682645,20
28.9695625493188,10.5106860999735,0.46544150882257,0.417862006135448,0.334650441403018,0.491283267503604,19
42.9529584676062,41.1937704027732,0.51877438572341,0.586422174124407,0.75177640695299,0.658204130828381,23
51.1607372512196,4.09824838956642,0.789755842023064,0.664749590383826,0.116913153321891,0.96117257187143,11
49.7442025538193,10.2570317491101,0.452987535696614,0.652243304028268,0.32747005902496,0.274473184952512,15
17.3013488300915,1.46683586066494,0.408142601282,0.244073699021226,0.0215151483441373,0.0177764864638448,17
37.3603357684581,47.0635543298274,0.534365349475568,0.524501927302623,0.784672817633709,0.728262205375358,24
91.919157311673,24.7168742045232,0.417789559969594,0.888472250539507,0.60489340140725,0.0070527920033782,18
35.2309771048132,30.7844341810886,0.464314020677186,0.499011894013227,0.671471393499884,0.47154488041997,27
30.1941024241945,53.6924131006663,0.436618611435325,0.434454969734158,0.814576467666487,0.258043901063502,20
112.204646900915,15.194819989769,0.804367899426748,0.936914917180283,0.44893593262175,0.949122930411249,11
72.8378306522935,198.151112546468,0.439436632906555,0.811541680632123,0.974610296128467,0.176106220809743,15
82.1396844700373,177.342423206637,0.704284017504664,0.853829353409701,0.968797340451617,0.940245607402176,19
20.133319619558,9.98222927140158,0.426663028103831,0.288512644999402,0.319562164210907,0.110060326522216,30
63.9988280472635,13.3103543045918,0.438272146318245,0.760905077218328,0.406838946947622,0.18637961987406,23
80.8988986586586,132.878638750201,0.632359622996047,0.84876087660059,0.948388716642571,0.871016166172922,23
16.9792735643265,16.3621490197408,0.469638375018496,0.238955597925324,0.472752516984408,0.427133522229269,23
16.7564282375712,9.07791311923209,0.808155520390043,0.235408078778052,0.292567322775327,0.954114532331005,19
55.2085091092723,8.81266889411454,0.510921414964668,0.698301573177826,0.284359987873416,0.628876672126353,14
130.181728260646,78.2347121292319,0.593573856068386,0.962215086196523,0.88493665644851,0.770151932258159,25
15.0340329496332,7.60924411807327,0.418281104443873,0.207846243020023,0.24542558706368,0.0185795337893069,24
63.3812799342242,36.863194787977,0.59299812465577,0.756931582801031,0.722422782411108,0.820911926217377,30
60.6368338324507,28.7173506222932,0.705103745152726,0.738524393831458,0.650857521368984,0.92968073906377,25
10.5323913492768,4.19900391892109,0.460103665699659,0.135558936562375,0.120825018914482,0.371358589967713,24
19.2928265154091,5.57788061851765,0.561728788136456,0.275441358741554,0.173431254125455,0.697858784580603,29
23.7287708498171,4.23121159564138,0.428069169266049,0.343057556859635,0.122074551785904,0.278444452211261,21
14.1946733410569,4.90431950128424,0.431878518599229,0.194350208679434,0.148008951259561,0.172741472255439,24
15.1010572235954,21.0641483047975,0.486105913438718,0.208922584113806,0.554250328180462,0.524622764671221,25
51.3951216153073,96.5336963672641,0.581719951447651,0.66677989660601,0.914719595521854,0.834337601670995,23
35.5968464272979,18.5800268434042,0.421936863230866,0.50346773143576,0.513835937622688,0.191246501170099,23
122.961615754801,5.65631113880668,0.70176737703989,0.953543732603928,0.176347668625476,0.910785638494417,8
70.280688442716,61.4450065165949,0.505540138922754,0.798033077502369,0.842362389148596,0.619313238887116,20
23.7250619821109,8.49123687052684,0.436315903307467,0.343002550420353,0.274234406462473,0.232998030493036,18
21.0922678026366,17.8972795491882,0.410553325617587,0.303287411216482,0.501731716969188,0.0195109590422362,18
41.0326336860537,13.6518704091483,0.490188301765061,0.56597065798834,0.414825988078041,0.54450401221402,22
16.1424410620494,11.2570917592897,0.421367603700087,0.225609621515521,0.355134215189526,0.112568237585947,19
36.2906205657993,8.88358470263167,0.433268814194426,0.511830233558639,0.286567371509877,0.173797993455082,22
117.74812262983,158.095667616784,0.498349300075642,0.946101915991477,0.961659840263957,0.54195051221177,24
27.7883188621564,10.3827820644873,0.421876179482802,0.401529868604919,0.331043925160184,0.041175878373906,26
15.4463699303649,29.1310761640539,0.437971584191034,0.214463913144971,0.655138687331465,0.326351227471605,13
16.1227092607887,8.996667005309,0.456792042392792,0.225294179495233,0.290067514160119,0.3869277338963,19
6.56413247646735,79.2035448301854,0.421055144520458,0.0742547104370904,0.886862313306731,0.0958828951697797,5
19.788341444635,31.3207342999747,0.423239774589698,0.283160770127935,0.67651652335323,0.0229831791948527,16
18.1602492193774,1.2113992544998,0.456166646611673,0.257664880509138,0.0146840562042584,0.397996579064056,17
19.5139735046827,3.82082724985643,0.526312164295714,0.278891100024094,0.106129557470184,0.709544649813324,23
22.4428682821142,24.6659390827702,0.484509056794956,0.323823936557222,0.604249353848037,0.577730656601489,19
98.5750042713029,68.0047943292248,0.645482944410628,0.90738086358026,0.861357493276637,0.83629600238055,29
5.52315782418134,4.42319514667521,0.506559550820926,0.0591819675962969,0.129510309345965,0.564724175492302,19
45.7115857920366,4.11666149469962,0.581695025126825,0.614358925033916,0.11762834137407,0.830357773927972,13
117.801498281485,42.5103444313615,0.425702036262512,0.946183698328181,0.759779159561956,0.0415202616713941,12
6.81747440539079,6.40718008247072,0.421674608082734,0.078008757074366,0.203740560326615,0.0736576982308179,31
13.8589771626605,1.42949363923543,0.457511462141209,0.188946476753955,0.020461017871136,0.361866032006219,15
5.34983828076806,11.3093646943749,0.497842012241899,0.0567349683326005,0.356533468095136,0.637495583156124,19
41.7422792033725,15.4133045805977,0.451242734517943,0.573625805512922,0.453518146459077,0.368547914549708,19
12.4135634761843,3.34499805579556,0.581496602935298,0.16567959628332,0.0876787746885197,0.769854375394061,32
36.1448193536063,27.2004760418958,0.4232900832387,0.510082225398158,0.634444348830844,0.0913078177254647,25
24.7648195706436,4.87579374694508,0.80637710880196,0.35831365774888,0.146918934097831,0.94537328183651,15
150.530446095653,16.9655791946545,0.458329944982379,0.978987303500026,0.484446861400302,0.308549478417262,9
91.6030274912663,16.6088451708094,0.477975395719204,0.887487387271299,0.477582454940962,0.513779653469101,15
62.2182764037649,3.51811234556794,0.668377993147846,0.7492822476431,0.0943748897185385,0.868784249061719,7
59.9488491281558,19.1030378197479,0.416288366954738,0.733713193880943,0.522803476917048,0.099171006353572,21
35.125021501312,176.133805402337,0.492625189823715,0.497715576656941,0.968405665454892,0.493816388770938,10
92.991034008307,40.3873373455701,0.435232673954,0.891750232697266,0.74667540179216,0.182528926525265,15
52.9536990590537,9.23986536874088,0.580824920526134,0.680003756930384,0.297513249995436,0.835653555812314,15
22.3221039960181,13.4285453885664,0.543216459431376,0.322001277571436,0.409621820432046,0.699485922465101,27
40.9746536405139,8.72618031890703,0.492593988756215,0.565340132642792,0.281654908395889,0.532642159145325,20
13.4302552804045,1.77103660440959,0.440565106103766,0.18204322863506,0.0306966897004809,0.19085677457042,32
30.9244799576463,6.51886089694943,0.403842102152264,0.444186125284681,0.207728851535795,0.0233468045480549,16
2.75945341242757,3.92800382052968,0.41066094413399,0.023189079579757,0.110296531726661,0.0908265330363065,31
24.8814925861566,44.394021550219,0.936040223660424,0.360017816980895,0.770573831362832,0.981534752761945,5
13.0397866629821,1.96731910250525,0.410348324007131,0.175756162906997,0.0370940285036483,0.0841141731943935,26
110.78831114891,72.9533173081837,0.462519468228331,0.934333305852044,0.873558857807419,0.373890848364681,32
22.6115205413073,18.9697577698793,0.438497998693994,0.326364744588639,0.520542696964324,0.22968471609056,26
44.4928491493551,21.6080182048996,0.52158785290999,0.602223759808494,0.562405607216298,0.623678650008515,24
33.725985579345,21.77415057497,0.49043456821038,0.480349978245554,0.564850847372692,0.484079958638176,28
5.70729983987025,24.5337954366665,0.454053081942101,0.0618028029948666,0.602570914552502,0.299203739035875,9
10.9991396758208,35.4146380095502,0.733775602407769,0.14300046353685,0.71142696571803,0.937156217638403,12
106.348708951692,26.0433000686949,0.575280656765059,0.925558080133911,0.621113872736024,0.764082799199969,29
16.5052477630479,2.10091035290452,0.507507132876869,0.231403689762074,0.0416193323377259,0.554755142191425,18
8.83127637862908,1.64243068216586,0.614491546479663,0.108743570500512,0.026694493691347,0.841832681791857,29
24.6588363292267,12.3645618883337,0.462386936588314,0.356763173441341,0.383832046529324,0.430164923425764,18
12.9175975362278,5.69231465640172,0.418290469547155,0.173789177488326,0.177683125769027,0.0186667290981859,24
23.9730123682876,7.64199480609721,0.42694392209443,0.346673819857596,0.246522351049616,0.0358470550272614,24
81.3526500242527,81.129752714593,0.43763557442181,0.850633501063283,0.890555348465337,0.317511718487367,17
27.9634686977078,10.710906134432,0.436209813961991,0.403971522595972,0.340238756997439,0.196481646038592,24
28.6590633853789,14.7977767580045,0.60253364289756,0.413599762123937,0.440456071629278,0.824559125583619,18
80.6688642896343,15.5430464577927,1.11024825104116,0.847803018191635,0.456211472459212,0.992638670140877,1
92.6226310120241,394.838569147741,0.562326476074253,0.890634184280208,0.994001066883132,0.775884303962812,2
210.613895357634,27.8024073871945,0.401710576216362,0.996388137924072,0.641096119834525,0.0245176777243614,1
12.1113319174189,20.8812871874866,1.17381208987171,0.160821809987355,0.551455513909967,0.994196658022702,1
180.906898852044,242.820287575371,0.841528175188849,0.991335247562323,0.982917889718128,0.975213446188718,1
68.5040191459009,330.488751080502,0.455960480056282,0.788118546217901,0.991057666121124,0.293662612559274,1
46.3349815049966,42.2100012161367,1.25116283274631,0.620441244176422,0.757987936729126,0.995235878741369,1
240.26028390235,61.6823315190388,0.456121387805304,0.99850153534353,0.843114140808935,0.438986574066803,1
17.3314625196597,368.85965309119,0.468801386084474,0.244551664642434,0.992995583638451,0.458510735537857,1
177.130260136405,33.1906631496432,0.858675896448123,0.990321139056296,0.693215412279644,0.962315802462399,1
188.213150995649,7.23250217247833,0.448544106653778,0.993008076051222,0.232659309617134,0.407051113434136,1
31.3197840800453,89.2835673532212,1.06703246820208,0.449400931929005,0.904413423363219,0.990074170054868,1
14.0242507730683,7.72492316972607,1.31243178435276,0.191607177700449,0.249290147237354,0.997512978268787,1
61.6351201872597,324.595109489279,0.610978626623714,0.745363650500901,0.990698976198638,0.861463492969051,1
252.893809222686,6.48818279951333,0.682545431589659,0.998971703986729,0.206635586765508,0.876302109099925,1
184.852680921552,36.0375487706342,0.530431795451822,0.992282589419643,0.716234697184994,0.660863245371729,1
198.291039217534,129.393818710151,0.446418404203183,0.994802934544417,0.946069833662537,0.190224123420194,1
42.956176745704,5.86846947166046,1.23907736063713,0.586455749950101,0.184186286723781,0.995009748730808,1
321.241552942361,116.153063080454,0.50739638274809,0.999867638566875,0.935792141453227,0.623502964852378,1
212.22367564974,86.5987639662605,0.616564113894636,0.996556099988315,0.900143072511754,0.854628929169849,1
64.3914159551948,90.1352623230345,1.10208395697326,0.763399746156304,0.905713512311751,0.995297397254035,1
28.1533876421767,467.081233148173,0.428109201614081,0.406611231289657,0.995956426334214,0.0722961688879877,1
47.1653992116214,18.0988742092249,1.16474746008009,0.628413604907579,0.505353789024482,0.994590136688203,1
0.364674579996152,348.127356727994,0.407347991346066,0.0013620485306956,0.992026913302836,0.0210224550683051,1
81.7400502645048,438.724252371486,0.519950081732281,0.852214813247426,0.995306655491381,0.607858791947365,1
12.7761728536832,62.4899111537997,1.06562010811399,0.171512954400364,0.845633304692957,0.993008908582851,1
208.839775771526,20.5112156200391,0.46714413223269,0.996193608745392,0.545715893217482,0.330332261044532,1
86.5844876530232,483.548087361226,0.700259532745691,0.87068895946703,0.99628016659506,0.935921943513677,1
119.420307728474,76.8824839438248,1.02445061421026,0.948607336925684,0.882168989506308,0.991873426828533,1
176.316697120708,19.9358453839752,0.719772825634331,0.990087777239323,0.536564005149717,0.90387999964878,1
152.433129313299,384.636814062248,0.477737425640201,0.980115137434983,0.993630571088262,0.415422190446407,1
56.7354180214459,398.346755507396,0.800414264973988,0.710149904320957,0.994121874216792,0.956284640356898,1
23.3771623670001,3.11418097953235,1.09662415651013,0.337830616450654,0.0788063388883349,0.994407936464995,1
80.7466637994718,41.144182619967,1.03828933534044,0.848127617627269,0.751467212679734,0.993564659496769,1
208.97832548964,59.4108581430433,0.532889921190523,0.996209167344184,0.835696887836139,0.71906865015626,1
93.9555007790623,340.073680492602,0.402400923837273,0.894620358542728,0.991602661988833,0.0473549603484571,1
181.925704879174,52.6794470783387,0.824337052840485,0.991590333850221,0.810421008560757,0.9627008093521,1
51.9429040535012,393.301241106582,0.487885758984943,0.671482244392853,0.993947093294455,0.474996075965464,1
50.2391654440038,350.039158019845,0.43005405837562,0.656659510355317,0.992123417337377,0.0821577487513423,1
41.393303453301,170.612625768932,1.11841182648158,0.569875647255447,0.966527661591488,0.992109869839624,1
170.565219897722,537.358015645361,0.567726103100444,0.988271734283485,0.997127794540354,0.739473957102746,1
242.277657882648,37.2111115509496,0.629922718384464,0.998588893774641,0.724969477287517,0.821151227457449,1
65.9445783889625,30.667786608884,1.08930761288216,0.773034372584658,0.670358177922215,0.994675119640306,1
241.773951646232,31.112784280767,0.429181793527654,0.998567567648891,0.674574384183572,0.208378430455923,1
95.0983840477681,1.59323104953669,1.0137634673984,0.897926631686236,0.0252081884409679,0.992459031986073,1
24.2252489681011,458.368384355726,0.457885066457099,0.350395764504762,0.995770100810267,0.387459480203688,1
38.1663769177673,12.9871981324299,1.18695579494324,0.533872675467201,0.3991271172031,0.995933023048565,1
26.2320640673481,20.9935717939393,1.29812131933574,0.379534363440847,0.55317484726981,0.997956566745415,1
96.2108806334596,501.882048717031,1.23955605467151,0.901048865221309,0.996601820159866,0.997550551313907,1
66.0481531785584,468.098980910795,0.562165587361173,0.773663726035231,0.995977483119217,0.73560948879458,1
6.55482214189652,4.95732498442347,1.08132596016161,0.0741173319417728,0.150031793662826,0.994357460411265,1
195.636048698227,18.6701163285157,0.541263313424662,0.994379994515186,0.515399097154151,0.69445419521071,1
117.839976593416,1382.22208413947,0.694772635990907,0.94624257983225,0.999790540137057,0.908366235205904,1
73.4393101518687,395.466229845803,0.47872619689074,0.814593280112905,0.994022920334741,0.475524416193366,1
192.443889487144,63.2466443224933,0.455937760576751,0.993826152111553,0.847940528017471,0.272988497512415,1
176.687816528082,40.24018185437,0.50659222075183,0.990194910640118,0.745727616144771,0.528493380639702,1
177.189673532731,77.9547932600014,0.421817813199217,0.990337966815393,0.884371489506742,0.0440693041309714,1
18.2200544886971,25.253641767882,1.07531606701762,0.258607880671532,0.611583637015565,0.992528603877872,1
55.4670133688101,578.415431900718,0.459437079929258,0.700337835104983,0.997611565521786,0.280790193239227,1
189.642263095592,8.64287388353216,0.424340201225727,0.993295756277613,0.27903584699706,0.186580968555063,1
194.506889181115,179.344717198829,0.71405252697801,0.994189948659699,0.969431669131894,0.90002567647025,1
45.2606330776174,0.683574238413653,0.983809974743586,0.609906553667936,0.004116846474526,0.991406903602183,1
112.907939419984,423.748136932863,0.429611232943247,0.938159876196352,0.99490752642455,0.262688684044406,1
43.1843851831211,347.326934129607,0.649908019096681,0.588830697159367,0.991986042706883,0.876604549819604,1
19.8875533325005,62.063659556349,1.77566945796185,0.284701829517759,0.844311092683575,0.99955175165087,1
177.780354162841,130.904407397137,0.797730903865503,0.990503701369332,0.947092540928034,0.960255736019462,1
119.087113203436,15.6042077870722,1.29153232236189,0.948117354025968,0.457474039869023,0.996653466718271,1
194.092561005826,85.9536229187665,0.481089843846891,0.994118629712386,0.899076282163592,0.563524428755045,1
3.84517621536858,19.6236322278371,1.62490828983966,0.0364473294012366,0.531478057471654,0.999571284279227,1
178.754053629503,18.4996655211811,0.405483052839036,0.990770791255225,0.512434982741844,0.0785301218274981,1
210.278620444459,5.07768680706733,0.481569052283917,0.996352146826547,0.154612144578179,0.44506584177725,1
24.5570632643607,29.0720307745325,1.33935714392893,0.355272083337273,0.654532620644373,0.998324162326753,1
202.796169232503,526.084729090232,1.19553363471155,0.995449653130206,0.996972963063101,0.995430461829528,1
67.870194232223,13.0109015276496,1.4278910830685,0.784472739172699,0.399697953898379,0.999095450853929,2
179.234802454168,7.61530421148245,0.528283784779504,0.990899910606258,0.245628686439952,0.608302936889231,1
119.480884759827,351.295084180744,0.797271137416919,0.948695932725845,0.992185970595896,0.963880211813375,2
18.7209927693963,481.789799288847,0.43549003808218,0.266488162843833,0.996247257605196,0.187750796787441,1
76.8932236794491,178.043942882834,1.12087372832122,0.831233755691812,0.969021623953,0.992716568056494,1
56.8380313572175,398.820641768304,0.526507663771696,0.710930801579286,0.994137945662614,0.635140085825697,1
79.1318383724972,412.382633218492,0.418834780100659,0.841253330793713,0.994574294971038,0.164920209906995,1
167.446662345467,154.295973926004,0.995438751537571,0.987153457107583,0.959989225128086,0.990582943195477,1
48.1578255003794,10.6399215585509,1.24069814126824,0.6377489436074,0.338265474036636,0.996306024491787,1
25.2089951466079,314.512940753171,0.488949490504756,0.364786136895068,0.990039540141375,0.580883788177744,1
3.49943569896976,12.1312513869466,1.127125603057,0.0320767478187957,0.377948438618759,0.993266509380192,1
189.281916497942,135.887121158448,0.581995865591764,0.993224342514379,0.950280091354886,0.7589403570164,1
94.6624586421415,19.383740436453,1.26286127322139,0.896677494336968,0.527511337968576,0.996300569502637,1
85.3703458427204,418.988468177293,0.452971363503283,0.866277790122758,0.99477135429243,0.382064415374771,1
197.050648455683,29.8993519318433,0.529450655783608,0.994609415515788,0.66287873450113,0.612046509282663,1
34.8773898130151,55.131052212504,0.995161072282046,0.494675565482858,0.820250798404505,0.991240457165986,1
119.816328459213,378.47809341882,0.514597391995643,0.949183838209335,0.993392152780428,0.61539072683081,1
105.066858089531,897.481075615751,0.442608881195307,0.922819373503595,0.999258028288526,0.190283974865451,1
54.8685698544876,23.7963014579767,1.01948272416634,0.695604798234747,0.592999061553024,0.992898018099368,1
19.8280233030018,14.4191854552679,1.03525749320936,0.283777333072844,0.432181999630799,0.991486451588571,1
114.24624603105,11.4950120257798,1.0395529622042,0.9404632140927,0.361466394370755,0.99255762854591,1
54.6849232879631,78.6754442621516,1.02937644486354,0.694138867976672,0.885818469365921,0.991606199648231,1
177.717878581768,75.6049721725005,0.678900962744958,0.990486305563681,0.879465083890837,0.926358682336286,1
9.90074214776686,330.695436912137,0.973947483512235,0.125537958949095,0.991069907830576,0.985104641178623,1
236.425272375274,40.3773880348141,0.674772504725754,0.998320388589721,0.746611488611077,0.914389993296936,1
181.999415424798,20.6172558504352,0.441906785227648,0.991608498549821,0.547372074111981,0.181994289858267,1
24.4767427193895,87.4603458477247,1.27031230416859,0.354093781052585,0.901542734006227,0.997494853567332,1
216.59436562378,93.3680925036222,0.988281289733493,0.996974062262388,0.910424961333159,0.987589698517695,1
187.850785620377,29.4200900707102,0.465574526707285,0.992933211148475,0.658081933371962,0.365947322919965,1
81.8585042329115,62.8981972991776,1.15428815878375,0.852695134967719,0.846884446189598,0.9940860865172,1
57.0993916633679,37.9292192356492,1.26394916180237,0.71291114602312,0.730115652748597,0.996319823665544,1
192.762993475822,214.732338066368,0.466521881635212,0.993883863937682,0.978229417290439,0.346209755167365,1
224.401221789197,15.6476577374853,0.650729602634753,0.997599232541093,0.458368244576664,0.882070241263136,1
36.7632274551286,3.33255635018202,1.42453003046721,0.517461868816521,0.0871986839330227,0.997977560851723,1
179.924407524695,12.4990756869976,0.445434609794055,0.991082012015333,0.387186017309638,0.387997441226617,1
104.608457632824,3.78187479107491,1.41952337753292,0.921816471484758,0.104615314267645,0.998615139629692,1
60.0903355804907,6.73320863326108,1.30541353263692,0.734709219634858,0.215318476709793,0.996510670054704,1
87.9911793002206,407.80645652723,0.530021968830268,0.875625614079877,0.994432005086497,0.702227469766513,1
47.0953006049866,1024.35176900006,0.425802531560146,0.627746324228011,0.999490062603401,0.164081727387384,1
105.117630945147,26.3735294597042,1.28335175152451,0.922929685585233,0.624993174539757,0.997488932218403,1
13.3811921653316,314.417957531333,0.440880880797668,0.181253184593291,0.990033035309469,0.333169071003795,1
95.5941936391239,434.327433561244,0.457182692303386,0.899329680893157,0.995193881817553,0.459504626924172,2
158.503436616813,394.24979644207,0.522336666963457,0.983329473106239,0.993980471303851,0.590680700261146,1
180.336227252487,40.2881140787436,0.428394031250354,0.991189036576153,0.74603691787081,0.0780209321528673,1
194.693336757175,93.7800867400314,0.468050310515015,0.994221762130861,0.911001111642113,0.396523430244997,1
32.4250623755496,336.390807703168,0.460022436578057,0.463786828308312,0.991398631097895,0.451697629876435,1
63.1420619440403,832.186862840154,0.581019963400915,0.755376033115233,0.999085178776307,0.803472004830837,1
19.9155406824061,215.563325209587,1.3297110699085,0.285136278992386,0.978391780676679,0.997164002852514,1
31.2027869987494,12.8582781605634,1.10837508868544,0.447861335146345,0.396007892368475,0.993765015387908,1
93.6142801906743,345.733715236727,0.595812418906221,0.893613405543349,0.991903858176352,0.846236930927262,1
182.954285806071,64.2025608237206,0.485705571923171,0.991840332100879,0.850783683548336,0.55285928142257,1
185.971518296678,44.1776324479247,0.44095636349164,0.992532043531369,0.7693710720598,0.330472645349801,1
116.895695440168,140.72185981775,1.45554563850761,0.944779283226305,0.953122556081369,0.998141010990366,1
182.832162264991,62.9104564081639,0.645569275182935,0.991811038672464,0.846921783112634,0.88850377057679,1
211.6419084502,28.7213262301628,0.474013998190112,0.996496312489255,0.650899046297387,0.542961158324033,1
106.543511175414,341.512417570987,0.461425095394359,0.925965940471166,0.991680617953421,0.327468319796026,1
32.9152233941531,36.8782219815018,1.20808989975653,0.470074433295344,0.722533513484643,0.995914726052433,1
197.63721015639,35.0378266850196,0.474994276170887,0.994701801359392,0.70845858158652,0.451954143121839,1
269.448900816502,75.4450565051697,0.415477616245162,0.99937298627158,0.87912031817822,0.131693083792925,1
65.1806642604023,811.17155842572,0.770114548521912,0.768342101765644,0.99901872972255,0.946786815766245,1
155.870620687614,377.184826050015,0.504335728352743,0.982003614840414,0.993340592299815,0.667999491561204,1
53.2689522659151,120.759369015465,1.24268551343109,0.682620667802954,0.939657441268407,0.997311410028487,1
179.989754757502,67.2023989314549,0.513580325255052,0.991099079982332,0.859219050780227,0.596822897205129,1
425.973135577638,76.7667780697674,0.569864430663712,0.999994447826211,0.881927720838512,0.716687181033194,1
8.62211316564901,18.1283326025827,0.973176312313806,0.105490407065268,0.505879660314784,0.990470201941207,1
193.440359454271,351.961104034835,0.803205782664626,0.994004605198125,0.992218874991708,0.948737761471421,1
61.7252510621593,19.4222817532816,1.14211979347604,0.745972961591796,0.52815213011638,0.993917593499646,1
236.009486664316,26.2665785591773,0.624462343566171,0.998299486814442,0.623743494186642,0.841707468731329,1
200.671110276283,92.6509418473113,0.590251666796215,0.99515519030806,0.909409302072036,0.818097275681794,1
38.9600686574925,16.6746540950481,1.13765508203177,0.542951500115251,0.478859354155775,0.994060187134892,1
74.3812260277911,103.918078404283,1.06220131136952,0.819278704227381,0.923663616163243,0.990670655388385,1
20.4843270637193,35.7561281387759,1.08756033408197,0.293938467610947,0.714077768480357,0.991113431751728,1
189.001084485357,8.44331783273664,1.11724495624452,0.993168165455085,0.272707906043874,0.994748112279922,1
45.4112461915566,411.155199905427,0.851051258558606,0.611398520181859,0.99453660507474,0.974929684074596,1
17.6611701067721,0.767511355829173,1.10335859906912,0.249778114270318,0.0054101225700936,0.990789191797376,1
25.9048402431325,49.0936547207081,1.15734327466899,0.374841724133246,0.794548297037779,0.993098512059078,1
7.32580587014338,6.88104582830485,1.10228292577509,0.0856275326177343,0.220502629230739,0.995239780750126,1
90.4696286979431,329.355457001381,0.42713759239126,0.883887284564576,0.990990143696278,0.24712602281943,1
117.926225288922,790.922259167498,0.440790843625497,0.946374333881376,0.998948726398504,0.164285621372983,1
162.993570577729,66.9438460017826,1.07394640973433,0.985372047011577,0.858519756577083,0.99095221539028,1
29.7607990137976,369.363572652437,0.465176090043301,0.428623188406406,0.993017131641238,0.366478948388249,1
48.6643749136831,404.741725150546,0.545058157784948,0.642433979736667,0.994333947651797,0.684237925568596,1
65.9312984227738,41.3396922153211,1.17011511655153,0.77295356167388,0.752682931171578,0.996977349044755,1
49.0559675533736,35.1082114335319,1.34849713264449,0.646019135738344,0.709016548208967,0.997491743648425,1
32.8151118937628,186.420155930447,1.20871605447692,0.468794849837183,0.97153648550797,0.994222200708464,1
52.0509277868188,320.043870140947,0.573481702648088,0.67240252943869,0.990408746484323,0.796376171987504,1
60.5465848424328,638.090098290225,0.486120128121207,0.737897847511286,0.99814190162043,0.481963261729106,1
48.899574170387,13.0542775944566,1.21618808132828,0.644591123722291,0.400740421940229,0.995728174690157,1
233.5455377084,140.543945399908,0.468693112853254,0.998170213598249,0.953022021303612,0.518252610228956,1
130.696277236373,524.314187848832,1.12464145325473,0.962768635553483,0.996947663519937,0.993333671009168,1
221.206572054641,67.0390130072153,0.540677623094347,0.997360622624502,0.858777736651201,0.661239948589355,1
132.669800059422,351.640392872991,0.464584183763311,0.964819020692751,0.992203053437918,0.464515958912671,1
56.8501518223633,401.897252205853,0.469968504126687,0.711022913088066,0.994240887150931,0.36302893073298,1
71.9537034708456,1247.00026804739,0.702244456264227,0.806970158574823,0.999713852780467,0.895415601553395,1
189.449340898622,43.8576748227469,0.519123850284188,0.993257615966098,0.767575305446377,0.69571701111272,1
83.7876676051795,369.17569899216,0.690206533962779,0.86031143428521,0.9930091083022,0.905240495456383,1
245.395398193816,163.079256965199,0.655215051597312,0.998714049834743,0.963708107483695,0.863495649769902,1
74.1811756350624,336.424322714074,0.438987831727083,0.81829301907245,0.99140051741822,0.359251571586356,1
126.136292547663,38.9292840934478,1.0205141131512,0.957573075651542,0.737044013728899,0.99005589960143,1
179.544196720394,17.4177780119821,0.743058499667223,0.990982061435329,0.492949855260569,0.93520487495698,1
7.85531852384428,3.00568594417044,1.28100880562545,0.0936728523025889,0.0746666043838509,0.996135734952986,1
20.3659185966425,8.1905320340236,1.16703987637873,0.292110372965685,0.264581864962462,0.996427113423124,1
62.7836455225688,353.162402635394,1.14307211218349,0.753028151448806,0.99227776060639,0.991909104399383,1
36.9646783247072,74.6821285608774,1.11384253851703,0.519846394416878,0.877455721359644,0.992356352275237,1
48.6248961951434,50.9208568420182,1.11194167511318,0.642070769915938,0.802872577195522,0.990612849127501,1
176.731123505632,433.518907438178,0.563269665503964,0.99020733753742,0.995172756954995,0.783858934650198,1
239.143279264157,51.4517926422445,0.597636444522894,0.998450876104824,0.805197720269893,0.831434570718557,1
240.41629532521,95.2372842665809,0.492452981483388,0.998508478648876,0.912997061816048,0.471007299842313,1
181.52828928493,23.9066592852727,0.965273276744829,0.991491725540349,0.594453833888899,0.980576641391963,1
181.099426196741,44.2844188171816,0.927808543183686,0.991384031458333,0.769965798948691,0.974202036624774,1
185.338967320432,52.3134883960689,0.443542512435217,0.992392007978795,0.808885857877936,0.200201568892226,1
77.6874840608285,437.882647311507,0.57288311721815,0.834855401488753,0.995285340834073,0.742348110070452,1
86.6871029365657,257.94920462217,1.07404886830944,0.871055329502923,0.984887216251374,0.994416563771665,2
68.1324296271076,545.053611319811,0.427864697484453,0.785988183890462,0.997227594920244,0.116801653290167,1
152.591107765243,80.4032263687028,1.08430101392544,0.980206055090073,0.889183084561419,0.99445138243027,2
49.4145042153374,63.7442162312344,1.28419470238793,0.649273798593874,0.849430221559758,0.997466103872284,1
41.5956118015071,2.97765019772794,1.17249019503748,0.572053065422274,0.0736007939565647,0.995779243297875,1
46.8286503562881,610.785393309183,0.437544551534925,0.625198460588823,0.997920528888818,0.313607649179175,1
40.6073290879547,362.776506590256,0.430478364644315,0.561327639767202,0.992728365760003,0.161587849957868,1
84.3950119776973,391.831458528025,0.51119261161618,0.862630441571968,0.993894889219068,0.568544520298019,1
135.699415116278,18.8011566678118,1.06692552608291,0.967753069379073,0.517658964834823,0.990283401915804,1
232.164931144255,60.3763454012984,0.708160727811612,0.998093560400987,0.838911072194677,0.924905569059774,2
99.1032809504649,102.721808171522,1.00375830157092,0.908741340868025,0.922307990941178,0.991257638204843,1
285.155737303457,33.7937494047758,0.439821718887901,0.999608328386219,0.69832253002399,0.23613868211396,1
196.570117182288,48.2390230546403,0.448352211196371,0.99453254228862,0.790474704434351,0.264698497951031,1
118.1071149356,470.542225256247,0.61017005135173,0.946649639897171,0.996027448855999,0.856021236162633,1
133.043391692733,28.4396888908816,1.10177115755117,0.965194509508092,0.647938565389226,0.994565094821155,1
99.3883466129034,419.934617167602,0.758897221365781,0.909467433116336,0.994798802040624,0.93017631676048,1
108.12425969146,50.3067171022649,1.02858114183435,0.929196334273712,0.800131414109191,0.99235721421428,1
182.313919994014,17.3695865982921,0.534064221997012,0.991685567824242,0.492054037136944,0.626459802500904,1
80.7223938927585,84.3925480832139,1.06140884655847,0.848026428099298,0.896426339724886,0.991245252778754,1
99.1915497643186,396.960026032549,0.523210018119347,0.908966770105464,0.994074508749431,0.630923347081989,1
86.0414851482967,344.127646279776,0.528487711684468,0.868733626004834,0.99181987255147,0.659113402012736,1
79.4685599802702,12.1364344533682,1.15288021174891,0.84271069764576,0.378080065447474,0.995608826400712,1
103.500387155182,537.346863703116,0.553148551048806,0.919339757010188,0.997127646544063,0.683579076780006,1
69.6600565069519,413.912375147794,0.573263782045024,0.794620138729708,0.994620788984689,0.79308744519949,1
86.3965548856869,475.949715164868,0.451858584447075,0.870015394276283,0.996135174777403,0.303021801635623,1
62.1221220094809,24.5435493403176,1.22220616861687,0.748639976573409,0.602695179165662,0.99609875981696,1
79.034059032603,19.4292915316279,1.32928387137957,0.840827735487712,0.528268531005907,0.997672775294632,1
28.8038399675125,519.59512853695,0.417349097394302,0.415589866247152,0.99687886959943,0.126711282646284,1
204.472480324372,36.9301705243029,0.58625146480322,0.995669360852857,0.722915793927812,0.753714719088748,1
70.913659300186,528.52378703457,0.485624952952378,0.801459059500787,0.997007368647715,0.601897545857355,1
57.3709605867149,47.0972865413522,1.15152332247457,0.714955759975709,0.784842627250682,0.993645455688238,1
183.836052142245,43.8245391467059,0.46580487848351,0.992048785251572,0.767388137583474,0.479192123981193,1
193.297614740924,83.1539112689158,0.664817451248865,0.99397935864366,0.894252109091358,0.899268190842122,1
245.88706931672,177.879044341267,0.470102120708614,0.998732753784511,0.968969103812612,0.424091609893367,1
105.499399010856,442.718434034207,0.582567854883261,0.923754254913961,0.995406102610678,0.803240957669914,1
239.894270148928,37.7583477392526,0.510998002907008,0.998485119571505,0.728904385589433,0.574471166823059,1
41.2679919982521,11.2871835433257,1.04500931723842,0.568522259696544,0.355940272867674,0.990408150944859,1
40.3659650412951,331.724582445063,0.686690279885766,0.558674230383643,0.991130531414894,0.898830494610593,1
66.6148488586292,1391.20226131712,0.681853475047267,0.777078502276245,0.999794655587537,0.876570727908984,1
0.263318164954286,17.6651736724511,1.29510836390852,0.0008587144938758,0.497510413204741,0.996589137939736,1
191.222057021898,178.071132106182,0.755937045466555,0.99360014923954,0.969030271977403,0.958336573792621,2
107.924559667605,355.197974001063,0.518241544773669,0.928795911080573,0.99237619668308,0.561451062327251,1
98.9438684957221,36.311561208038,1.41915558147802,0.908332850997645,0.718311293213299,0.997929784934968,1
149.075799751459,12.9427864375695,1.31652731915523,0.978082795977136,0.398055346781719,0.996723671909422,1
22.8250617637163,1.25923954234627,1.13662301970757,0.329574044413167,0.0158921239345721,0.995270901126787,1
60.165491133696,124.506177548627,1.03705251841702,0.735236903060722,0.942564568692409,0.990633623441681,1
73.5446120978829,672.042226081952,0.784771998085472,0.815122717895197,0.998376445111355,0.961367071606219,1
184.672725109626,41.6723887521461,0.620846099658408,0.992241704411459,0.754731295769974,0.831361427204683,1
161.918995244348,267.844404500628,1.12936947126339,0.984906913011138,0.986012464253134,0.994293349329382,1
43.9687769423382,33.0987386988744,1.01612874702131,0.59690513037074,0.69242544902162,0.991877708816901,1
30.5808620025711,66.9343391732647,1.12134424726974,0.439623449213514,0.858493947637629,0.992568699177355,1
120.169121009653,21.761634278332,1.26285622971423,0.949692091199176,0.564667360485461,0.995790175162256,1
214.067592463078,161.75009138329,0.432478535021637,0.996738991308493,0.963176900077513,0.233860968379304,1
84.4976274307005,338.341206325326,0.409990789949276,0.863018608167454,0.991507494832005,0.0103037427179515,1
229.750719928033,104.30011488442,0.415655218798355,0.997951780613467,0.924089479884609,0.0148819112218916,1
179.475177816007,181.334214592091,0.494965068460528,0.990963799204423,0.970044527068068,0.561547352001071,1
176.444577145535,63.9958767937383,0.408243498869512,0.990124823176897,0.850175567766827,0.0864475958514959,1
79.5034822621819,314.152869856579,0.479351108314451,0.84286111573682,0.990014851001495,0.428867563139647,1
36.9993364013202,135.332539460994,1.3761237891798,0.520255671381271,0.949938794970834,0.998761066468433,1
120.51962499464,199.030776311634,1.1806847052485,0.950192131830534,0.974822142209573,0.99344148626551,1
191.442023783997,64.8935361173607,0.607429426860145,0.993641432514144,0.852790752191308,0.815272451145574,1
197.352429159278,21.7773720969972,0.427476020451172,0.994657144750762,0.564898055041144,0.0868055608589202,1
176.41876639141,13.7877486797573,0.629628829105665,0.990117357022475,0.417958139281287,0.862959822406992,1
48.8693195050271,21.4546862969727,1.01353173563021,0.64431428569583,0.560129888992749,0.99057171237655,1
182.258495549262,124.821946346677,0.530597029382744,0.99167203707175,0.942800528332741,0.65545614878647,1
128.245547101621,450.839550782571,0.471469343469601,0.960058999910476,0.995599913560237,0.36591083323583,1
166.95805612338,106.15994185861,1.08098027504492,0.986968960601739,0.926115329025359,0.993097729980946,1
55.591991203053,431.453325576809,0.482240649835737,0.701317830252607,0.995118230320477,0.448337281122804,1
203.332445141507,61.919154153255,0.551655074092634,0.995521116340648,0.84385908186875,0.755757918581367,1
26.5415784738658,68.7395140299652,1.36706919386715,0.383951569107235,0.863274380234093,0.998046037508175,1
112.415775834135,352.90444100191,1.59755122030254,0.937291194379879,0.992265165812031,0.999416011851281,1
138.577951889026,33.823939358757,1.19608747333288,0.970317775682575,0.698574788887835,0.99717749026604,1
73.2814829432126,56.0896150028833,1.32033571604865,0.813797080209507,0.82389058685823,0.996546952752396,1
186.169001762614,106.144721023607,0.728915079151309,0.992575238231126,0.926099061838186,0.94219998177141,1
140.567825890603,707.227141683476,0.771139777781538,0.971972537908489,0.998580657697825,0.961144092259929,1
92.465380432057,2082.91618825899,0.72317237452792,0.890154443168541,0.999943370959686,0.910261833341792,1
98.4141358868878,392.048236402738,0.432103076181228,0.906962700689748,0.993902626112292,0.23434462514706,1
3.45018625388472,383.555415011859,0.420584048514336,0.031464693598858,0.993589541561501,0.0535400037188083,1
93.2556673220941,179.402462062398,1.12546954355234,0.89254514860765,0.969449698828516,0.992052131332457,1
179.29186112333,20.4809629387751,0.432140526322096,0.99091511635032,0.545241676456461,0.22795468964614,1
73.5218762381912,37.0996429700206,1.33219718785772,0.815008527108796,0.724157399010713,0.997427442111075,1
182.104281771258,191.189644477368,0.45014304493076,0.991634274212438,0.972844560222418,0.303974207257852,1
120.831892182862,335.236547437298,0.411308468936696,0.950633533042585,0.991333328418814,0.138135377084836,1
113.726322409648,454.200589761315,0.471274985859139,0.939578479083109,0.995676979908784,0.500811056699604,1
83.7459291642425,397.22713751242,0.57496460951108,0.860150700954616,0.994083671386422,0.757381845731288,1
177.563355336576,3.92479004103332,0.481261453114047,0.990443144441259,0.110171582880425,0.448738941457123,1
81.3195076788164,329.449913796359,0.4930726120286,0.850497473499089,0.990995797398854,0.529805846279487,1
190.946115966323,57.4723515341559,0.482237584299983,0.993547985358027,0.828952759273657,0.479217052692547,1
29.5582215353312,162.689904125841,1.15672079887463,0.425881795524579,0.963553602994844,0.996565440669656,1
71.8136203621447,439.58768374513,0.548847561571052,0.806236337438566,0.99532839136061,0.7239619276952,1
231.658698561162,45.6855019334241,0.708808725212249,0.998064661772922,0.777561303687121,0.902338076848537,1
250.256367730809,717.368472785068,0.608091049797076,0.998887529006796,0.998633291599894,0.819982043933123,1
190.076865055247,103.494620412733,0.531172882669101,0.993380895559962,0.923187611529425,0.703388262540102,1
200.676549450637,199.926798569479,0.729381271890073,0.995155967589456,0.975035452707625,0.917957844212651,1
322.811973481984,50.5328598993226,0.477853234306074,0.999873756266369,0.801147317354212,0.434472209541127,1
258.017878835737,18.3635801286598,0.637248790793348,0.999117559432562,0.51004829813683,0.878889814019203,1
229.200032184811,38.2210739542532,0.751217675066791,0.997918001443606,0.732165753088948,0.946535340743139,1
203.332254164358,40.6590994213295,0.614532344273472,0.995521091090385,0.748411847123053,0.860028338851407,1
80.9341288616419,381.54389517177,0.428109205765217,0.848907067152477,0.993512286858336,0.240905973827466,1
102.547979522388,409.581675876328,0.551274952873815,0.917150378764088,0.994487781058318,0.717555214185268,1
100.271610767263,76.178663400981,1.53177928849434,0.911681924002572,0.880690294021334,0.998746066354215,1
78.7629358134514,888.090077007973,0.539972478182068,0.839641970306204,0.999235911157673,0.685520731844008,1
60.0360670327266,859.743659885842,0.560993659007307,0.734327588682291,0.999163824119623,0.716406238265336,1
96.2237004652259,448.556044025622,0.941798094261261,0.901084301933183,0.995546521702526,0.977963037788868,1
178.59927700433,195.552319615179,1.05422019915429,0.990728837261983,0.973970026284128,0.991694810334593,1
41.0704314724743,107.068262715316,1.40209929828051,0.566381290014167,0.927076989879408,0.998004181543365,1
5.62775245707723,4.02369833822836,1.52506509055377,0.0606680346465399,0.114016483395263,0.999357118271291,1
72.8501743731242,323.592028840662,1.01239452952778,0.811604778842742,0.99063602751577,0.98969778418541,1
132.839570144026,345.787007585857,0.529389606656642,0.964990142536161,0.991906625277521,0.723216245882213,1
275.13612058685,59.0069906726497,0.509764750832669,0.999471142265226,0.834324422721335,0.631506742211059,1
84.8986428817808,396.04312744766,0.484052440386776,0.86452552010956,0.99404291364467,0.477469232399017,1
81.4552155862403,580.816039036012,0.437323836193376,0.851053719406261,0.997636448918704,0.204890880966559,1
82.1357629868591,115.329292968608,1.20991636033133,0.85381359237012,0.935064370650281,0.996652669506148,1
195.164980225389,82.2217590317004,0.523105825187823,0.994301470424393,0.892572367025674,0.640831539873034,1
69.4317771335343,404.885936126115,0.450407875021199,0.793351268267384,0.994338612635616,0.348187085706741,1
16.5656224940643,26.9185741816917,1.29587316034669,0.232366742693301,0.631263951526755,0.997788931475952,1
201.257072943673,75.8644600840678,0.591609047729978,0.995238220486796,0.880021503070871,0.816205442650244,1
131.430751372337,3.71704341816499,1.13873124477911,0.963545040371078,0.102095722712153,0.993663360364735,1
190.449470957558,70.7540607840603,0.822943642232959,0.993453037014738,0.868336936059231,0.972166649997234,1
85.8907875247692,492.647799730872,0.671629414185467,0.868185975722895,0.996444573407177,0.86723094061017,1
101.129131953246,327.707476220814,0.45026825471938,0.91378171630274,0.9908907380172,0.286609316244721,1
158.235538386063,495.033349363732,0.722030752493764,0.983199086943856,0.996486093193841,0.906060679117218,1
63.0379713324635,11.9379544317595,1.0892996787696,0.754696299814688,0.373009378130391,0.992574371863157,1
219.587060585802,99.6887300649701,0.531970686220256,0.997230817296679,0.91871401398373,0.7442772150971,1
107.13840720999,314.556506572929,0.471379497104431,0.927198106029749,0.990042521806673,0.36813540617004,1
59.3744566667094,343.071895718354,0.4479653808335,0.729634318139468,0.991764032418784,0.262074654223397,1
111.735689598199,359.176257175873,0.484724601920839,0.936071258887025,0.992563819555047,0.447507927194238,1
182.614051791666,150.09296174458,0.699260169630083,0.991758462139999,0.958021479849037,0.931676135864109,1
50.5237407330787,172.102561339421,1.21017031839717,0.659175991745747,0.967049276296996,0.994451120728627,1
103.732180549843,15.4493999983698,1.19129814029451,0.919864060195533,0.454269515173082,0.994112290907651,1
100.302333601754,17.5139522164172,1.01237692883864,0.911758001141654,0.494730329534958,0.992100854637101,1
206.579956271943,110.243630119986,0.508811637733133,0.995930716218703,0.930303151200852,0.548461403232068,1
126.643350289078,447.623232955248,0.74166386290079,0.958184159090402,0.995524466194477,0.944825204089284,1
69.0872222516716,46.5383844002603,1.51932480760479,0.791422189107707,0.782003143314414,0.998809265671298,1
178.043448192548,173.684453981659,0.487922575003617,0.990576613381069,0.967590912499736,0.455109732458368,1
144.036134904719,332.647608479352,0.439642472209798,0.974642833060258,0.991184438296196,0.238030065782368,1
238.715473853828,98.9132781769554,0.510366158660297,0.998431026518984,0.917757320942395,0.592054696753621,1
53.9195328079705,42.1317390416911,1.02314625753628,0.687960430373748,0.757517900687275,0.992777367355302,1
239.104870851166,57.2121966405943,0.470121216127159,0.998449104247233,0.828016827522802,0.530434007290751,1
178.161368880471,124.905952819816,0.651187531585274,0.990609113227689,0.942863073610268,0.860343158477917,1
193.111180989438,51.0324521596986,0.93801385951242,0.993946226446535,0.803364688917831,0.984647652832791,1
164.948516758743,527.603685390363,0.935513127926292,0.986182272662767,0.996994449875188,0.984409317141399,2
40.9665192415263,413.423457643011,0.608456217191807,0.565251610618124,0.994605986476938,0.858506710734218,1
178.390142452722,75.0872506049561,0.458711742987843,0.990671849313188,0.878343735759238,0.279089612420648,1
206.500453923064,169.432313392056,0.574738387182408,0.995921146789426,0.966106335718939,0.788395712617785,1
206.936042759301,26.7616073087925,0.460588358606985,0.995973304800574,0.629474631107213,0.388586335116997,1
215.908699165049,51.1544006863884,0.626409211254699,0.996911988127845,0.803900378224497,0.863657731097192,1
247.234344999939,184.195468641596,0.574537647049472,0.998782632331346,0.970896717396954,0.733227689983323,1
38.22559114442,15.0778756815713,1.04773425225818,0.534555083839292,0.446458945313351,0.991976993624121,1
210.059157801517,39.0171935675345,0.486461079375732,0.996328395606245,0.737640198213685,0.468407101929188,1
81.0814888994383,651.845502090184,0.905532409154483,0.849517093618115,0.998241891977072,0.985192665597424,1
182.875338252911,31.262422402756,0.514992811036168,0.991821407041219,0.675973707554536,0.640085894847289,1
65.3074212366173,833.94081403502,0.45697908747665,0.769126879286725,0.999090460080866,0.326430829241872,1
179.839139877513,69.9787854508647,0.628840840835342,0.991059692391982,0.86642141511799,0.845903278328478,1
249.899597033149,310.693343377547,0.946281913661854,0.998875628703172,0.989773420399936,0.988729030359536,1
176.597232725939,117.737661692453,0.588748317977206,0.990168867286531,0.937160134742386,0.787086310563609,1
12.2357352967025,7.83635907983107,0.983993620574305,0.162820795681988,0.252988333023494,0.990856708260253,1
125.149959879935,17.1958051845034,1.50058090401023,0.956359268111115,0.488803257591113,0.999194384785369,1
86.260467650611,333.74846243504,0.622667557615228,0.869525553519222,0.991248161589123,0.829069518949836,1
38.5659994060629,469.366295830168,0.659553198633033,0.538462204029522,0.996003502693241,0.871607538545504,1
68.5254075900878,440.425610870844,0.558483313441014,0.788240563397427,0.99534935874058,0.693415861111134,1
218.562568667294,173.452085675551,0.926117322756847,0.997145452711818,0.967512121819204,0.977196514839306,2
182.248616716688,30.7893819337963,0.490678574302157,0.991669623069802,0.671518485154961,0.582881698384881,1
187.143423705636,48.6413086550292,0.818167396546919,0.992784776847316,0.792407000256677,0.960787565680221,1
107.007189843877,318.935001405601,0.600268327613797,0.926928047512504,0.990336208755709,0.836304333759472,1
66.6749811040948,318.882070442046,0.486067324164544,0.777438017000073,0.990332727942598,0.469095753738657,1
226.609788538041,527.333327872429,0.8242022150868,0.997751547584934,0.996990640060132,0.97443198482506,2
58.6364629831024,359.846089214057,0.49276350579353,0.724309723638593,0.992594805077367,0.60521912924014,1
181.332868899739,72.7285522881531,0.456940305871642,0.991442818582493,0.873039084746783,0.43182121636346,1
150.669623541294,521.748016886613,0.545489896077574,0.979071894270514,0.996910502703666,0.701642076484859,1
130.311315881789,335.953314981423,0.58753754576886,0.962355250675426,0.991373957149709,0.754695091629401,1
94.6024945412147,566.609316156351,0.442560730756863,0.896504520295945,0.99748410244338,0.205520393559709,1
71.2627515764371,544.838821969589,0.693764363100274,0.803325132366258,0.997224871304685,0.926076881121844,1
144.859319681391,182.164163197779,1.27504092410183,0.975238941920292,0.970295205549572,0.996467681601644,1
179.787735444878,84.1520801434756,0.402625382453066,0.991046210114984,0.896009289726437,0.018479848280549,1
61.8677529338209,360.549733050769,0.82564636261597,0.746933575798658,0.992627170391429,0.975793692516163,1
157.032840057657,516.332989076955,0.797287634892658,0.982601239930946,0.996830126747103,0.943038504803553,1
67.3312454633646,272.352462171466,1.14186312953068,0.78132668912319,0.986487807271902,0.992201171349734,1
59.5354780591784,332.838424695639,0.482654030328599,0.730783499615856,0.991195527932478,0.447761389194056,1
180.181046343919,87.1222609715245,0.466430168898097,0.991148857774573,0.900996877640566,0.493456464726478,1
171.24844463845,844.085271865121,0.520115132681213,0.98850358495629,0.999120251058737,0.616797633701935,1
62.4523396835501,28.7340660542568,1.12713386438449,0.750839369958274,0.651032061934159,0.993572318926454,1
105.632762989624,471.22835610683,0.701722323735469,0.924040282429258,0.996041334047719,0.89190210076049,1
276.919152004192,88.8182898625385,0.480442148161047,0.999498645618322,0.903692338261378,0.413477684604004,1
179.517859807602,112.133259153126,0.606576530410596,0.990975097062881,0.932128010485215,0.819062125636265,1
208.131577416295,125.675404386259,0.467361465223449,0.996113086484117,0.943431517802399,0.417753775138408,1
81.3866872335981,54.616601691882,1.25300545856117,0.85077307884749,0.818251479466104,0.996347391745076,1
189.654359438872,222.566644054424,0.639933572481822,0.993298140572097,0.979696894547626,0.872697399230674,1
7.48464500258198,17.0645157791693,1.92722118095564,0.0880299217414884,0.486325967519107,0.999825439881533,1
256.36680463561,32.8534332877856,0.540101273970719,0.999072961373894,0.690302198281633,0.674677523085847,1
46.3001046097162,34.9662050093585,1.01310460938364,0.620103174570978,0.707889144417978,0.990659923991188,1
180.090722144232,26.3737440788139,0.478069987495441,0.991125388053274,0.624995675872436,0.540187653619796,1
32.6844650968326,13.6179205970979,1.06304381806694,0.467121416823151,0.414039380746963,0.993819239316508,1
302.181765344524,47.1864777569681,1.77905088199347,0.999765097088151,0.785290661124393,0.999569439794868,1
64.6169879048428,597.396003250164,0.638756064546119,0.764822191004545,0.997799426727058,0.828033396275714,1
179.067509897846,83.2848668621673,0.778213440839979,0.990855183108835,0.894485063320414,0.939105574274436,1
129.421622320235,31.0703470165772,1.12171520229121,0.961382590725091,0.674175860832284,0.991717946482822,1
177.188062938735,120.147472774445,0.748603147948067,0.99033751102561,0.939163146447987,0.925755901960656,1
212.36117058413,41.5822213522615,0.745678437006538,0.996570081701038,0.754178668913809,0.935833703260869,1
66.7164673870446,364.93386082765,0.650149555965878,0.777685737633145,0.992824656179041,0.901241553248838,1
177.160443962181,56.3193622727718,0.54494045586757,0.990329691690279,0.824746833260985,0.700254622381181,1
252.545843190365,61.0658985769152,1.02472862099397,0.998960971872952,0.841150538991811,0.991480426397175,1
180.178740149511,77.3906618428004,0.492755765579506,0.991148259300179,0.883220254170002,0.583823606139049,1
188.920173904865,128.808596656615,0.610175809589348,0.993151894903892,0.945666186081279,0.838629590114579,1
78.5767121631506,377.532263814795,0.827976451510464,0.838822665317986,0.993354496276837,0.956285742577165,1
204.830610622395,63.1382514870456,0.738176606866705,0.995714918706196,0.847613152171751,0.948042105417699,1
78.8157557663119,409.937457191534,0.689653690084567,0.839873635361283,0.994498870618971,0.92094012349844,1
103.267674044272,371.195547048048,0.503044865263565,0.918810031357557,0.993094731890378,0.608283742330968,1
183.081536109453,77.0018729603235,0.606275144785026,0.991870745014932,0.882417192840855,0.794221801217645,1
194.802458738251,39.5310622306082,0.678508597789267,0.99424030148191,0.741084795594629,0.883250224636868,1
178.206826361695,142.413362951657,0.654759183206808,0.990621612048865,0.954063592019107,0.878339502960443,1
58.8153206417359,25.0137211985367,1.10936940795963,0.725608906119885,0.608614989672233,0.993723288178444,1
225.81932692357,190.312424468068,0.541735456764322,0.997698168075404,0.972610247232916,0.667928815819323,1
105.921913039121,127.062091161015,1.5730979519782,0.924656856808918,0.944436117214181,0.998980647185817,1
45.9021023034105,16.9414476374944,1.33796664284803,0.616226666057422,0.48398691855268,0.997463628882542,1
245.156329125958,133.262059956636,1.70633317174019,0.998704856401775,0.948635294222384,0.999369990779087,1
232.342168342432,434.307170927762,0.649891339789029,0.998103576498689,0.995193353891404,0.895817019743845,1
148.865978495365,410.544226286901,1.27377056237332,0.977949205057053,0.994517715543579,0.997759447898716,2
129.776608159431,110.573654848643,1.23798784132258,0.96177359575487,0.930626816149397,0.997664725640789,1
131.143265461305,656.167854615229,0.649440919200043,0.963243049823857,0.998271867858607,0.891882829600945,1
98.7581030322413,493.186467704882,0.733905930277412,0.907854603607714,0.996454004670995,0.946375379804522,1
216.789770259995,47.9470304131801,0.523178329646769,0.996991524697819,0.789055387166511,0.685331822372973,1
111.34195706716,511.701490476515,0.830687418343046,0.935354463620853,0.99675919993317,0.974171632435173,1
77.4423674290726,516.057501585806,0.47246969337407,0.833745654499959,0.996825965003118,0.374130518408492,1
217.900386101973,83.2984224443316,0.570389571244739,0.997088893231852,0.894509134951445,0.7418908320833,1
125.773429402043,11.9313051061406,1.14813053158337,0.957130415443478,0.372838425859276,0.993965585483238,1
241.477528482418,38.6472461345512,0.538006933514078,0.998554868212336,0.735117456202528,0.67080365982838,1
84.2917767188732,93.840162125526,1.21657292183631,0.862238870797131,0.91108468180039,0.996548102702945,1
181.925604122839,55.7812408614492,0.540412219030787,0.991590308993957,0.822731589348491,0.75489044515416,1
7.72342034204717,6.2976882212053,1.04799271400382,0.0916592447176497,0.19980820396997,0.992551672970876,1
106.485715616519,385.845384752101,0.440894611760107,0.925845159795657,0.993676015448205,0.224858704023063,1
178.320165343605,173.494114215965,0.478650886973669,0.990652703750189,0.967526392233725,0.542756803333759,1
92.5937861046415,336.386438765188,0.673057658439824,0.890546335218096,0.991398385161027,0.890696632210165,1
81.5472006334055,20.4519908081799,1.26827268452989,0.85142963129929,0.544786814909268,0.997601703274995,1
181.026907239817,70.1914412807977,0.778654976251788,0.991365688074921,0.866950843079419,0.938779396237805,1
133.202746028951,335.060633386391,0.543810607686464,0.965353475326972,0.991323318106121,0.684614607132971,1
136.29968589948,90.097798402325,1.13338602585574,0.968305238605415,0.905656857873347,0.993177869124338,1
221.974844462826,96.7809351840652,0.763280930559001,0.997420070688824,0.915042578126647,0.958023175597191,1
49.4840131708693,353.247753144626,0.439193784059094,0.64990170624257,0.992281921785795,0.158465586602688,1
79.8205771042163,605.516563517413,0.484698808883618,0.844220676008143,0.997873932797893,0.590875437948853,1
112.622558795943,82.4661379316538,1.23821537651649,0.937657608775713,0.893016427202394,0.997061541071162,1
179.51288873021,119.455624101413,0.867743714974795,0.990973781945101,0.938597384737817,0.966554153943434,1
89.6551149677466,436.061860206877,0.924721856179027,0.881232049774209,0.995238789441854,0.976327035576105,1
188.357482107278,95.3237273462033,0.67693736487353,0.993037675899878,0.913113452979908,0.893805828643963,1
268.872350524436,77.936099906709,0.450764928070542,0.999362075947096,0.884333604388562,0.4020425605122,1
117.72184212399,387.612712112508,0.514785648813587,0.94606160440188,0.99374170082547,0.596683951560408,1
209.80342405606,180.746664351919,0.775401492709989,0.99630052546456,0.969865303751321,0.949604797875509,1
187.082316508698,62.0920706579572,0.5455823768652,0.992771810145368,0.84439973694012,0.694672306301072,1
85.53517632944,716.845942943466,0.67315446564222,0.866884975683349,0.998630641785904,0.885635131737217,1
158.317599345165,438.380642248275,0.866424677428179,0.983239132470163,0.99529796849992,0.964392333291471,1
223.993005857366,619.517723490509,1.79446413718872,0.997569978554186,0.997994877763488,0.999533088644966,7
193.184187266531,90.025157670939,0.755891945168459,0.993959222255381,0.905546868905681,0.925277677364647,1
115.644752218444,182.61906262174,1.0101741238119,0.942780850565893,0.970431383110143,0.990498062456027,2
57.2909213133917,358.517262579599,0.439931152772561,0.714354534471053,0.992533167181795,0.288145216880366,1
168.483386724219,44.6012417741594,1.14215551577938,0.987536424560265,0.771716865176691,0.994059989927337,1
220.577958767146,34.3614695732043,0.424094940364543,0.997310971652588,0.703013204242429,0.254700685618445,1
243.163389062151,45.878942092256,0.739271876713099,0.998625631946574,0.778580498996681,0.95237178565003,1
129.37669586499,811.307288734499,0.418172430098556,0.961332827402363,0.99901917842905,0.1268561698962,1
274.803121666619,39.4626525003941,0.788037340096336,0.999465841817024,0.740630166669913,0.964852986857295,1
101.239389558982,84.8975516772947,1.08082996258395,0.914048172524209,0.897294401563139,0.994971774285659,1
233.290312765583,261.850860262957,0.505179488425256,0.998156277513069,0.985344968368019,0.593449985608459,1
220.157684453732,102.450814101811,0.4921128207884,0.997277260482637,0.921996159817623,0.612235204549506,1
106.908808590658,682.03189820157,0.728439948712107,0.926724931508597,0.998438084071306,0.928754369728267,1
45.7395199974637,379.670965568909,1.11444544910294,0.614633272228171,0.9934392429768,0.993818844202906,1
189.908908538222,16.4914873398253,0.737079113753822,0.993348120208765,0.475293323004056,0.930667050881311,1
194.725909717946,305.62233614793,0.715470495734992,0.994227302313876,0.989405223951851,0.910307885613292,1
97.6863500122324,123.199064688756,1.0365744626561,0.905047997888332,0.94157316278848,0.991550580132753,1
177.414833915322,69.0090497791677,0.507820587263786,0.990401477344413,0.863967945313115,0.674655050970614,1
74.6287967303208,655.587786401115,0.574119814204601,0.82049154747766,0.998267883669901,0.733922315994278,1
261.28840693287,69.7196796883683,0.513913256258292,0.999199699654558,0.865772200956682,0.608778377762064,1
269.854204176803,107.862860796545,0.513855798965329,0.999380544711112,0.927903791641785,0.659623808693141,1
117.687171577361,862.048721171846,0.72536951581627,0.946008378368774,0.999170003056732,0.946076621068642,1
202.495654588657,46.3574949975071,0.706471847991456,0.995409114254741,0.781072179011093,0.917924311477691,1
158.917579062283,326.414457936845,0.90108589835173,0.983529076117567,0.990811717598456,0.976434467593208,1
85.7798440195885,405.463258720323,0.528891612042609,0.867781400359928,0.99435723735099,0.610258008586243,1
244.583937246596,249.826475734357,1.10845958805599,0.998682578760715,0.983870465963054,0.992136122426018,3
56.0737979113521,39.7286289998971,1.13230394549995,0.705068739511901,0.74239105209097,0.992822045926005,1
130.057070936651,501.992725508895,0.696454781314382,0.962079772145961,0.996603649087013,0.91455519059673,1
126.878008700916,320.010215457523,0.79022994916419,0.958464036312694,0.990406555642158,0.958957212977111,1
189.88033011309,245.794428838626,0.6113588835484,0.993342527391671,0.983331305307116,0.859675130574033,1
199.578370084746,77.0339488948392,0.888693935511344,0.994996500370603,0.882483748350953,0.983078615972772,1
208.312903096182,155.456088665688,0.779654426849336,0.996133862671749,0.960509806193171,0.941666293190792,1
211.745025898061,113.093419083663,1.0077296354603,0.996506984285797,0.933029501310979,0.984098439104855,1
84.3437661011491,351.304789065913,0.586994627118377,0.862436199249752,0.992186451387272,0.774069941136986,1
62.2814344404318,113.737059704919,1.07842779419276,0.749703292882869,0.933624385687957,0.99014585535042,1
130.712747188082,245.809555207762,1.06233997824655,0.962786222014475,0.983333373170311,0.990573076764122,1
194.226986763633,113.158308260039,1.36619115393343,0.994141863113364,0.933089815044403,0.997627381701022,1
190.051434621285,77.2709192249383,0.55243829141849,0.993375943305532,0.88297376604927,0.702945620985702,1
201.634907585884,63.8091621408047,1.85303767178657,0.995291009894732,0.849623090244645,0.999636804219335,1
240.628803723126,262.519752943139,0.580539131767031,0.998517884965968,0.985421561292761,0.789922835538164,1
107.45426323636,466.001971705945,1.11109000367519,0.927844202892226,0.995933938552099,0.992157379863784,1
192.928350503939,76.0856857517282,0.721697080811438,0.993913559297456,0.880492950597772,0.906549747101963,1
225.702865877648,93.7118486500731,0.643290949750244,0.997690197912093,0.910906050495926,0.845510548679158,1
72.0894718597325,101.891165457602,1.32298324061075,0.807678883846855,0.921346531944488,0.997247893363237,1
90.2850825869291,150.790025220295,1.05409641327718,0.883290721620654,0.958356974219442,0.991978541715071,1
51.0896146280638,64.0733768494992,1.10153691146536,0.664131329642361,0.850404015538058,0.994829917093739,1
24.1816437159304,2.86054432832241,1.3577786327775,0.349753263224308,0.0691687388205558,0.997284145560116,1
189.487082281794,120.775007281103,0.662800744711482,0.993265094216303,0.939669999935715,0.881973184412345,1
65.7329300422437,32.1913470254157,1.09145694207208,0.771743266759232,0.68445897260966,0.992043589241803,1
100.130067149694,341.056014526557,0.938721028449182,0.911330608069384,0.99165599306426,0.981060425052419,2
125.684658314623,83.8356940741798,0.984698089273689,0.957021436886744,0.895456890776162,0.991009332472458,1
148.959794122712,85.2510862592118,1.81232079694569,0.97800903518911,0.89789590067321,0.999727490823716,1
183.032576003552,97.7067568645048,1.1688243232596,0.991859056807117,0.91623669098756,0.996647129068151,1
161.498328060594,71.6993183477116,1.29321670574438,0.984720878955684,0.870618968250286,0.997061714297161,1
165.539620000826,529.296080795644,1.18742674203044,0.986418418279939,0.997018156204522,0.993794911773875,1
83.8977001017217,342.182828459122,0.867561513283426,0.860734321260818,0.991716614453741,0.981195990461856,1
176.130251580429,84.1027325156306,0.633379128506939,0.990033519065002,0.895923406764779,0.846892837202176,1
147.571760935012,100.86322110639,1.33423679205885,0.977107300867257,0.920133158153884,0.998694560490549,1
142.815865409736,363.238892614442,0.71852465715648,0.97373313708034,0.992749147380148,0.932841903762892,1
188.198833102809,157.010564262406,1.01750214041999,0.993005132914641,0.961192758448154,0.985824073897675,1
192.130200714745,163.056637378915,1.87944847410158,0.993768894241446,0.963699156267784,0.999844829086214,1
97.3982148149595,459.774386627305,0.532040437405237,0.904279491111178,0.995800920196503,0.715041231131181,1
139.585651687994,690.092883550054,0.57097727913743,0.971167416622022,0.998485633594825,0.732012901222333,1
60.3113806281417,617.897290538148,0.808514751467308,0.736258476218025,0.997981344829411,0.971468469128013,1
64.5973379136009,40.2162909977384,1.07745039719933,0.764698595188331,0.74557323948265,0.991416805190966,1
187.537399519967,180.770471625969,0.667567130977191,0.992867826102997,0.969872594385153,0.879017396364361,1
177.879269583448,127.511359003727,0.936944622453422,0.990531179270111,0.94475623324283,0.977327873930335,1
275.57646145916,226.09643559687,0.766308935102742,0.999478071039044,0.980314275521063,0.954649570398033,1
183.542783660705,125.916239792077,0.670265779319353,0.991980046739446,0.94360780969723,0.913627623580396,1
97.9501220278348,600.550795258609,0.810199290521253,0.905746299715769,0.997828768587164,0.958665112266317,1
237.114024399423,71.5838566830392,0.693721470602603,0.998354452521381,0.87034331152033,0.92605258943513,1
191.839903280429,171.635001102941,0.46497764816015,0.993715437786069,0.966886799907433,0.351280968869105,1
186.29768897163,193.3890007125,0.910616463074899,0.992603252309177,0.973420088620134,0.984802865888923,1
161.116369231785,642.637195104268,0.486097082570909,0.984550005394902,0.998175751713532,0.426186293596402,1
70.516584681106,675.998312441731,0.595617425877492,0.799316305626688,0.998401224811975,0.80384809197858,1
101.865149244963,396.079815824745,0.558436842780231,0.91554540081819,0.994044182147835,0.793231625342742,1
146.441827460965,520.247075073123,0.960453801646441,0.976346468002221,0.996888493348723,0.981180623639375,1
199.903327708288,71.9575231009774,0.569621172199309,0.995044221867422,0.871232347378336,0.717770627932623,1
95.4617337184492,413.618632351567,0.654043198476799,0.898956674085734,0.994611902038556,0.905958668328822,1
243.461588418924,296.01682631663,0.819298089967619,0.99863778549901,0.988657673491876,0.967001915443689,1
186.1947000953,46.3556698972547,0.909349186332665,0.99258084090866,0.781062755799573,0.971766452072188,1
67.6015579969808,464.086379972931,0.562556781664919,0.782909923075093,0.995893618930152,0.796212129294872,1
277.434424031443,222.469850150822,1.02101828571751,0.999506325279858,0.979679596580016,0.987345662666485,1
180.758209469022,54.7369298254393,0.756024780471466,0.9912973847983,0.818722040312974,0.955303553491831,1
198.253319621331,53.7913778448478,1.01689374102921,0.994797152472685,0.814975216045174,0.984425348462537,1
94.4532663101525,154.187088089275,1.23581487037259,0.896072840985883,0.959939877538459,0.997253656154498,1
155.164488676361,135.79860709926,0.962678920068726,0.981630684961798,0.95022583690227,0.990203751251101,1
192.874979226977,306.025930944253,1.254144530938,0.993903990342669,0.989435171313479,0.996002277825028,3
110.346464320706,706.682240718859,0.434242001682623,0.933507115603558,0.998577756188573,0.330171705456451,1
170.637577029942,176.531735435009,1.10955296628936,0.988296505496216,0.968535364824731,0.994453806197271,1
116.03798989624,398.430194669754,1.09514958640406,0.943416541376103,0.994124708203496,0.989969114307314,1
51.9767739209872,170.701491170002,1.12821780296715,0.671771039800682,0.966559090404468,0.994188460288569,1
125.802527533749,181.864600761072,1.27550063606147,0.957166078498809,0.970205058755248,0.996641712961718,1
124.181976643863,449.204820004239,0.855053042052663,0.955135052375233,0.995561777269248,0.969740682747215,1
189.768488951118,93.8775837623656,0.576064962783107,0.993320595217034,0.911136682041738,0.828596238978207,1
130.423842752323,334.531316779302,1.09988144777012,0.96247654871793,0.991293104551318,0.995238962583244,2
89.9464311008461,431.119051851074,0.653398124446609,0.882188336737682,0.995109330144807,0.902106253197417,1
225.028912919249,62.2161860684908,0.749772314202197,0.997643534206017,0.844786119476799,0.934354128316045,1
201.245449198909,41.1932965340915,0.609325719826479,0.995236587204649,0.75177345497593,0.821732253069058,1
217.708259360647,143.106335661296,0.75716459821068,0.997072275863791,0.954441528988942,0.957424649037421,1
181.715690733201,381.073327671853,0.848419838578897,0.99153836596963,0.993494036505224,0.969934881431982,1
136.583039864289,1179.85374922225,2.29084623858755,0.968562653380031,0.999662514337486,0.99991870764643,1
185.821643124589,426.601655658507,0.756418707104417,0.992499096131017,0.994986929371556,0.939414974302053,1
141.416127867833,263.486631719479,1.10962814009035,0.972650117951505,0.985531325499605,0.993955672020093,1
193.403610782715,150.340572229257,0.901219983448807,0.993998115678456,0.958141081936833,0.973260766593739,1
165.531996416128,86.8464001543517,1.12334165913505,0.986415398158213,0.900548267883426,0.994177633197978,1
186.473545754235,184.697711707219,0.689138004939863,0.992641365755465,0.971042861471675,0.890241652494296,1
168.599015810472,615.065223782854,0.755429902911273,0.987578433140004,0.997957407173684,0.955998898716643,1
207.97653273109,408.976962043921,0.807880303366621,0.996095233796962,0.994468864589313,0.959563203854486,1
73.8751517153296,95.9051139413585,0.988477481919922,0.816775367858226,0.913890527779712,0.990878493757918,1
67.7453127905968,395.017677741101,0.653868299002763,0.783747540297996,0.994007313714544,0.871830039424822,1
123.847267016055,79.3973172514548,1.23527383009381,0.954703980993354,0.887241876562104,0.995671475073323,1
206.54816811577,411.819255648556,1.05766092390463,0.995926892658851,0.994557038481666,0.99136405531317,1
156.191299886613,145.879405110111,1.31746451889532,0.982170502753179,0.955911403717346,0.99800737015903,1
189.431864667614,129.633749002287,1.24729626040939,0.993254150362501,0.946234109421183,0.995308693032712,1
134.490922056208,375.289733107154,0.782521341871787,0.966612644300939,0.993264071059587,0.944207754451782,1
107.852241625684,1006.32288852443,2.0489368993456,0.928650362850647,0.999463386876473,0.999794107628986,1
207.815896031922,39.3377719256161,0.718504239485465,0.996076651471575,0.739797147971734,0.908725690562278,1
194.73561432777,296.644927469893,1.01891703274144,0.994228951908429,0.988708675287063,0.984749767463654,1
189.34557000531,60.4247828462036,0.556921201842571,0.993237011937111,0.83906988883451,0.711990278214216,1
225.86131421567,93.1388947154385,2.66438485996979,0.997701034830279,0.910102135910981,0.999978345120326,1
177.08054913008,74.2687372143442,0.890296472272777,0.990307037066984,0.876539884621312,0.974555520806462,1
229.109594006576,370.191238590634,1.51388279656834,0.997912401336983,0.993052332984958,0.998579995939508,3
94.6576773512132,661.209787605979,1.05404163781568,0.896663712320566,0.998306003731698,0.9906701578293,1
88.3680120010244,315.070680729811,0.523375584037086,0.876917103889525,0.990077622241272,0.659916409756988,1
184.608410423123,144.333146626956,0.715976432093654,0.992227040542729,0.955100080117948,0.945946435909718,1
182.110748639744,70.2342686471211,0.515124792870156,0.991635861173169,0.867057097427116,0.600010194815695,1
195.375717918586,172.367050197411,0.789738556241116,0.9943367324577,0.96714069987967,0.967053719330579,1
214.06048722139,171.712750325782,0.979942805311116,0.996738305394004,0.966913893992773,0.982137847458944,1
198.163388041077,207.798948939373,0.850439290983956,0.994783341057062,0.976807679070138,0.971203758381307,1
226.915848988353,147.08904725696,0.90536929580913,0.997771884098444,0.956531967687878,0.983160763513297,1
49.4807861289803,13.2683539152161,1.51527598051199,0.649872576844154,0.405845202765941,0.99900936987251,1
132.991960368398,381.060587766749,0.974394727693831,0.96514305113166,0.99349354146004,0.984823393402621,1
258.83735792588,36.4840223709345,0.636803891106434,0.999138896022823,0.719606529844293,0.826680119847879,1
225.550722830521,190.185046334349,1.2693681437456,0.997679744523153,0.972575993475774,0.995822963071987,1
119.658928757455,506.830410832419,0.800282473195417,0.948955465675562,0.996682349002582,0.952948719030246,1
115.72976337903,350.424840046668,1.14776651941079,0.942918862821066,0.992142697378542,0.996038208715618,1
160.684565047722,1561.66554227667,0.751207579883152,0.984354562901017,0.999856528643253,0.939331801375374,1
210.687966515471,349.952599640776,0.894158304017315,0.996396041703513,0.992119081693091,0.9786939304322,1
35.1762382126724,53.6271005743892,1.208910381524,0.498342520657129,0.814312615307251,0.995131064439192,1
183.918451579986,140.63287325292,1.11690414347037,0.992067993571453,0.953072309593781,0.992478518746793,1
153.204534911593,180.454206151429,1.05247468007967,0.980555222271851,0.969775544608755,0.993597693741322,1
312.122746655681,256.685498628295,1.70472448966233,0.999825810100525,0.984734826530004,0.99950522556901,1
228.401759606618,388.581702195875,1.02541445115193,0.997868051178843,0.993777331998239,0.98513570940122,2
147.037158016294,510.531563114527,0.868683678848598,0.976750378143372,0.996740956174707,0.974149005720392,1
143.667652734457,82.7299888156581,1.13753274706421,0.97437144769088,0.893492913656186,0.993549299426377,1
161.447485561718,352.931865960809,1.25799413467538,0.984698241975212,0.992266506112076,0.995439237449318,2
173.924320173775,454.141099951411,0.883373596891902,0.989368851515448,0.995675631330272,0.97646227106452,1
166.560109144236,511.901468373763,0.744470007876527,0.986816766445627,0.996762305002638,0.948437442537397,1
189.59350333773,226.58510688524,1.24094731609717,0.993286136789292,0.980397730034592,0.996444495627657,1
110.163494980589,438.963005055981,0.796440577525932,0.933162038201152,0.99531267909545,0.968251765472814,1
141.251725537323,367.052496649657,0.787012973530302,0.972520071154477,0.99291757922578,0.957628215663135,1
168.147195639501,210.419224851881,1.11643514944907,0.987413486449483,0.977359448353728,0.994986347388476,1
177.784504466756,193.474891452112,0.816677292760188,0.990504855872595,0.973442224465626,0.955420128069818,1
125.158760199929,209.781314183785,1.07118360285101,0.956370246721254,0.977226780578272,0.993712053867057,1
112.312099130672,82.6134217982652,1.01728076437375,0.937106693879288,0.893282782980387,0.990329345921054,1
197.223492957976,112.497375719232,0.823239872538297,0.994636803804518,0.932471881592424,0.965886774007231,1
165.175236618839,362.479732644305,0.839472338242858,0.986273322356906,0.992714985805171,0.97117372462526,1
178.403503081284,81.9123528051145,0.674460122501575,0.990675500338289,0.892006334892192,0.904106618603691,1
158.084611344702,100.868022905149,1.25682932901649,0.983125188582671,0.920138887728975,0.997755592688918,1
117.585602195616,385.19466149462,0.769310774048295,0.945852154612508,0.993651600635468,0.959404521156102,1
154.901066733935,104.333117813396,1.04404738797795,0.981489622722891,0.924126110803383,0.992381160613149,1
154.539898743664,345.577948320206,1.16982035279457,0.981294481714384,0.991895763067529,0.994078203104436,1
187.941497676557,250.76050508841,1.03356226122752,0.992952026415701,0.983991993190142,0.988943549105898,1
261.744822328683,1234.15306931754,1.63916641184065,0.999210541100716,0.999704837891155,0.999395898543298,9
223.358899759506,221.351290444048,0.704295749819063,0.99752383348247,0.979478239014453,0.91521911136806,1
120.130712876903,414.030213032236,0.839786508869729,0.949636999868115,0.994624348638707,0.971527903573588,1
83.4035374315845,831.276323174598,0.592174467677733,0.858825484785998,0.999082421547046,0.756133707473055,1
45.8775144194333,564.213764807057,0.859158029820585,0.61598605919931,0.997457165818127,0.971954331034794,1
188.304892758956,527.157808200967,1.00960812644196,0.993026905109833,0.99698816330204,0.986507168971002,1
165.470979988414,329.303255976031,0.894605674341139,0.986391202300944,0.990987017178913,0.980923617258668,1
146.610210064421,298.416213895491,1.05846793519221,0.976461404213807,0.988850859401359,0.990896287607029,1
220.241597358934,662.364454025356,1.0763984394793,0.99728402466836,0.998313698217442,0.991561100585386,2
112.090824395615,194.748983837693,1.0480077616869,0.936711150503749,0.973767643157898,0.993760334094986,1
249.596549745277,550.822639139178,0.914787448669478,0.998865421055259,0.997299462689663,0.978987724054605,1
138.877541338447,174.88138738256,1.24384575529932,0.97057290941248,0.967992626954415,0.995390654308721,1
124.581434282689,173.427601916192,1.04173401360928,0.955644265437881,0.96750380459896,0.992279145168141,1
73.8643411927336,332.449113458705,1.01639151414127,0.816721537783523,0.991172882637991,0.990392693551257,1
148.306436888881,745.525415764208,1.30423602417132,0.977589021521097,0.998766811234115,0.996996372705325,1
206.317237887306,253.652183824904,0.66330125056988,0.9958990086711,0.984360483359916,0.910335391992703,1
161.705120069199,162.054977555399,1.05240490716425,0.984812610643447,0.963299693907758,0.993345317197964,1
178.049077453182,184.627488158199,0.879099524309882,0.990578167372454,0.971022488259213,0.981555274920538,1
120.667127105195,445.339860236889,0.765198587949973,0.950401109610488,0.995469868545008,0.96267491672188,1
97.760995689801,496.830329833656,1.1741650270164,0.905246117588706,0.996516950844636,0.994532449170947,1
172.624579328451,657.413524195288,1.06764943173355,0.98895691830747,0.99828038372007,0.990107324905694,1
175.30489088808,278.714487268172,1.28201965433781,0.989789781117863,0.987122391945453,0.996415606234223,1
187.552461281933,91.9571712233812,0.906244222035453,0.992870982247248,0.908411041582808,0.985085355117917,1
146.634615386549,193.285213039519,1.06119889207215,0.976478017394442,0.973393306658904,0.992919429438189,1
170.677863539818,300.633961752841,1.03030938153942,0.988310275044107,0.989025522340337,0.991135873831809,1
210.098206947128,235.577856586993,0.894641700688879,0.996332632863694,0.981851424658538,0.984473688527942,1
185.43550000715,377.472266571427,1.16093206785411,0.992413545372442,0.993352098018814,0.995168171590194,1
197.286430081952,40.4161906351512,0.715900879373059,0.994646742315626,0.746860614973483,0.911274301353842,1
187.646921789192,190.286018225754,0.786989784229397,0.992890744655972,0.972603151042625,0.949496598681435,1
226.264006363571,363.944864191475,1.09389233514342,0.997728349970702,0.99278072505318,0.992586334468797,2
171.657271633948,254.740801343007,1.05154252152986,0.988640148613188,0.984496240657812,0.992611023597419,1
229.639487906824,181.211121879466,0.970297775492407,0.997945001786647,0.970007100940531,0.984943789895624,1
192.666179629077,108.844996527789,1.20267111400692,0.9938664112583,0.928907528392454,0.995263973949477,1
185.905682212244,172.533585643961,0.75391815570893,0.992517588305926,0.967198085640909,0.948528066044673,1
151.459954454591,448.148364354281,0.859706072112257,0.979545932104445,0.995536900087529,0.962221634574234,1
187.513243712217,186.550212062806,0.762144548415844,0.992862761443239,0.971573287584465,0.959780967561528,1
186.74522998482,173.2358185153,1.09730615359269,0.992699866229086,0.967438553588201,0.995105135720223,1
176.050820581223,185.336340947466,1.29252475742163,0.990010314508866,0.971227241573272,0.997160473605618,1
187.781477544672,266.564471335204,0.970118138264114,0.992918801952294,0.985873411082123,0.982382446527481,1
215.093413503748,297.399058801735,1.15694489803986,0.99683653369855,0.988769505775265,0.992536065401509,1
150.652702064118,451.965885467606,0.988420251714962,0.979061627478226,0.995625939312235,0.98477952205576,1
159.441368390847,181.605449627563,1.01951599256639,0.983778154134081,0.970126769588251,0.991531481500715,1
179.136255223519,62.3914659028888,0.657183826248121,0.990873589168472,0.845329395051991,0.885120100108907,1
98.9664513917263,332.27446685002,0.499683039091223,0.908390826233937,0.991162698653942,0.628038605442271,1
177.571166193322,150.995476704392,1.04592600213805,0.990445330790996,0.958455147513567,0.991894009755924,1
176.244229268913,528.543618277795,1.19547316265361,0.990066722882577,0.997007646291314,0.995373777812347,1
193.02960445348,226.236456038597,1.06571227325015,0.993931672301735,0.980338237205782,0.992664033547044,1
298.450268006984,455.593109712725,1.22703440289057,0.999737219352209,0.995708389819188,0.996553821489215,1
110.603475741212,555.403901747295,0.887528307422307,0.93398891163687,0.997354812836217,0.977310408605263,1
168.563462167962,750.413918882509,0.755082502058522,0.987565531242221,0.998788254784043,0.938852103194222,1
137.538929393774,734.335541837015,1.24378800550839,0.969415995910583,0.998715854815885,0.99645017227158,1
27.7643011552714,94.6451095507125,0.102140058210063,0.160794874988593,0.730701566673815,0.177816084012715,21
78.5622138722818,78.71849769396,0.402736951307592,0.663064587877344,0.614753926638514,0.708180130134719,40
23.9594328251409,49.615189455125,0.249047930296122,0.123374847528638,0.221112499944866,0.450447311938049,36
73.2454740152052,58.2805025238892,0.0904668000069323,0.621837827409519,0.379018962616101,0.158589093046999,23
59.6421517724876,51.4755656030775,0.387233300233913,0.500290686695734,0.244235356571153,0.68597894673748,30
139.89350791818,113.873286707172,0.160787279385915,0.925299096463336,0.838723439956084,0.282569622832208,38
162.660552991789,146.747691029443,0.394274398902088,0.959570691241415,0.908419276122004,0.696184882152298,37
42.4878337294491,114.340076282111,0.524663468384444,0.320021667270699,0.819382644025609,0.84748133674637,24
24.6289035909833,51.3883928204709,0.0157572216459855,0.129755080467307,0.267569911200553,0.0558546200927726,46
28.0142118676924,47.2623337369647,0.451558472342114,0.163341540105412,0.179776547010988,0.771479970983761,24
72.8897089113809,104.025596059783,0.253806699549377,0.618951312460684,0.810386009048671,0.459397325114526,36
123.541637923964,48.7894449581123,0.492467228736217,0.885609034619076,0.202462248969823,0.816728842661437,18
93.7466969352723,63.5224428354781,0.246329273317415,0.7616473298762,0.43398401979357,0.445319395378048,28
122.197805608797,105.020338260737,0.503991158803885,0.881608209280021,0.825439651496708,0.828216919992576,41
34.5510004651138,44.2007761083518,0.175008378697903,0.232631603971266,0.134775871410966,0.309336861803045,33
52.3612474788048,108.803375034866,0.195863222172719,0.426611033255687,0.763211089419201,0.349045937752689,26
62.9700576756926,42.7813038595194,0.0265126446790293,0.532088749438053,0.0443535090889782,0.0680572614292875,25
42.6332661369963,71.1455856847701,0.243304111552562,0.321624483304179,0.499653592938557,0.439601641203332,23
63.1240963511858,40.1801391524569,0.218361720456227,0.533529548993034,0.0787157400045544,0.392107188020146,21
81.474557067644,118.162506287739,0.60404997373527,0.684137872468086,0.842301127268001,0.906580403316272,36
74.2026558198446,108.800329445676,0.173081474779426,0.629524274330574,0.803980299504474,0.305691413714572,29
33.1363119858172,77.2357840331343,0.493041135061512,0.217291002053227,0.530497835017741,0.81731385182389,26
25.9688676911205,69.849724425346,0.131332736015972,0.142800477494152,0.546185015002266,0.228537126539658,31
46.5630467797966,65.0125248792613,0.000119928487895,0.364670987454063,0.511462206020951,0.0399645040910918,26
154.711594090792,68.5608746479886,0.492419555363051,0.949784231323984,0.49954950902611,0.816680185908026,22
61.6676484150134,44.5842696599983,0.517570568410003,0.519795608473902,0.194174617296085,0.841063292892908,37
135.230455705261,46.1137353178172,0.228573707194942,0.915528945311131,0.161543088499457,0.411613186275451,18
49.9009728398594,51.327292742438,0.097751581084297,0.400619578364257,0.304725047433749,0.170508491972715,34
56.6555272727869,69.225227127285,0.17608242542664,0.47070946506034,0.562522893305868,0.311370990775053,30
115.536778877698,67.8123206346635,0.0987205103646172,0.859837264960523,0.481529481476173,0.172113929447753,27
80.6157667591486,147.601059828897,0.0454853949183333,0.67803388843059,0.94101576670073,0.0919090353542622,19
18.299429690125,37.9777996503415,0.162217290020151,0.0739191293868652,0.0424217272084206,0.285245418082363,33
55.4368126906629,141.201605592987,0.319130645381165,0.458372832668912,0.929833324626088,0.577344633515008,12
93.3443665670477,100.369255262026,0.282850827555171,0.759383537569583,0.720934688812122,0.513126962160579,25
32.7165352109202,97.2735917065055,0.24795047153985,0.212767462694166,0.701814472442493,0.448378533984001,32
49.7550576512519,99.8783665296851,0.0730505741222611,0.399063480392417,0.760264829499647,0.131262010715811,26
71.0756638787755,60.3889007524445,0.515952486271006,0.603983713213685,0.426902374252677,0.839571292523847,23
68.2420051147234,75.9999908301674,0.388344374006767,0.579773166511427,0.555734439287335,0.687602937379683,29
100.458308293044,47.320413688883,0.114334725064145,0.796829041564112,0.129193751839921,0.19858522022798,17
75.5200487585362,75.3043390037891,0.0992526160337937,0.639913294676892,0.538366028340533,0.17299753304425,23
32.740639730913,44.117705486457,0.313538995359933,0.213026824868967,0.150318794185296,0.567697329537107,33
36.5281870142057,43.4507937616599,-0.048090625157587,0.25426629332882,0.0612159890588373,0.0066357439087185,30
63.3317644971825,60.8970074973236,0.211659286048666,0.535467535102654,0.37629634514451,0.379280303535088,26
127.762939448178,160.581894245892,0.716447368058396,0.89738666328151,0.920001885620877,0.957322664316164,38
82.8426442860954,76.3772858059042,0.697857581747605,0.693673008030213,0.625547725241631,0.951069508880233,27
31.9593120826126,121.292132879913,0.493937707996499,0.204645531259893,0.883634341182187,0.818225053857366,20
99.2423493017677,48.5827142188662,0.479086131943221,0.790807445558458,0.255592639790848,0.802701861800964,22
31.7325732114566,65.3842663933006,0.32739270788613,0.202223745613678,0.465229387627915,0.591414979627846,23
80.90569160443,175.569128271436,0.401013438848032,0.680104829798078,0.967995930463076,0.705761290977547,29
48.1864898003541,41.3418618473833,0.37534953434457,0.382242593568898,0.114642922766507,0.668296107591932,29
15.9420542266839,41.4500315107231,0.322031965423369,0.056202334475507,0.0955926408059895,0.582311043621315,30
29.5351572955922,135.197034021007,0.183105678024819,0.179036233862194,0.876896722009405,0.324706593747307,23
54.4758306400096,93.5586476206642,0.522538421486368,0.448542542879398,0.693594584940001,0.84557926872848,25
162.499416840979,179.558547545479,0.248899514019634,0.959391675336055,0.963509574066848,0.450167638350176,24
88.8591017344695,37.8553790340689,0.415048728706858,0.73290459958979,0.01137167471461,0.725096623309764,12
155.790776502978,130.055704838884,0.0209863179679571,0.95123353617965,0.88134007086046,0.0616624961218474,19
24.9606761053156,70.3102177647679,-0.0153916247964931,0.132951876227532,0.45705972937867,0.0265305729877698,30
15.6762125189459,59.1307293432079,0.628613589637374,0.0543292529864448,0.375841506756842,0.920577675945638,17
40.8599382513092,40.6996075106479,0.567618468521765,0.302055359656547,0.0733340363949537,0.88224494882331,26
22.9162542464469,46.8093020258554,0.0463376346895267,0.11363161760878,0.128205916611478,0.0930459745332345,36
150.763990962974,81.6296065497356,0.218831108218628,0.94412844717683,0.660932757426053,0.393004957509828,20
34.3357384132835,54.9287576802769,0.278778731957215,0.23028870028574,0.327981166075915,0.505700895529872,30
150.338788857869,87.5568238023917,0.0359463172720794,0.943484630031002,0.645491182804108,0.0795603112153025,18
118.566543796601,57.7705246853231,0.42761165740043,0.8701526582401,0.367599303368479,0.741697819443149,33
60.7226275902374,123.191206501409,0.659799065309842,0.510753095546512,0.871055042603984,0.935831656444114,33
43.081987027676,52.3544386070323,0.645236121247969,0.326566683305265,0.318129136459902,0.929041105766328,25
101.458444560475,92.083220793045,0.365658601785337,0.801669027659351,0.671316375490278,0.653459109700726,26
58.7262624993887,103.465473177181,0.421124822336177,0.49132073669536,0.818395319161937,0.73320949626057,31
22.5210705340538,45.2559580816101,0.0955486985114059,0.110007366355474,0.207862831419334,0.166875740482354,37
14.0447561318443,194.960050737016,0.0192893906791698,0.0434305983226332,0.961815726943314,0.0597515085507223,14
22.005209374898,103.764623340848,0.362471089960221,0.105334341595942,0.771568010561168,0.648498711639821,19
84.1185336745657,47.7581970020623,0.248437896538925,0.702358054931715,0.13385758898221,0.449297571444888,20
59.8900845379685,45.0484503765916,0.139218389435839,0.502702988473169,0.167279788991436,0.242770816889358,31
59.4110973104817,91.3397357511275,0.338841178503837,0.498036482058528,0.71531857829541,0.610531633156425,21
142.231019156893,70.6280705252551,0.670819735199062,0.929790298284438,0.566147544654086,0.940604008807911,23
92.252402836682,147.157738667765,0.253010598665073,0.753148128297147,0.935065730009228,0.457902476019405,35
51.9790880315344,44.4706978582552,0.210228997923698,0.422605673186054,0.125368049368262,0.37654186290302,30
53.397404731043,61.9540808614376,0.386310643389431,0.437407670409937,0.454204468755051,0.684626523605564,29
22.7184626195255,59.8095412341072,0.257015902657548,0.111812929341662,0.389362773159519,0.465412940633449,22
93.3881493995915,172.001554398759,0.663018959912513,0.759630764529383,0.958763067843392,0.937257848820923,43
37.2105445226419,77.2301887620413,0.315555602177319,0.261770721985635,0.655397702241316,0.571187928242245,21
28.9223291926311,60.3537452161231,0.114502749643443,0.172673643044363,0.354097987525165,0.198875862472168,30
88.3089267733725,84.3598673390057,0.272974537635531,0.729496619350807,0.621455826796591,0.495050740501644,30
50.1817721065681,51.6899358020571,0.252552911925571,0.403609765831981,0.280595073476434,0.457042622738719,29
97.0936627593771,43.9781198246973,0.0542573180077821,0.779791299711528,0.183698326116428,0.103865246983002,23
57.6437703797188,68.3088999208514,0.0799419511684219,0.480602277033579,0.519267994910479,0.141867301303087,22
90.7032233160645,80.5889467388375,0.199862321662787,0.744070408124993,0.588841090910137,0.356695379372136,29
31.7028939515441,37.8789535506609,0.398854082814464,0.201907108606661,0.0497917078901082,0.702713301691223,37
14.8357566463966,46.1523953111227,0.451088208641985,0.0485843260912522,0.131411266745999,0.770918663625744,31
102.877503330446,150.256050350219,0.34720086032697,0.808364574418485,0.907236278057098,0.624199016371598,32
114.260581166514,43.1449851161047,0.632571380843805,0.85527572412613,0.0566895683296025,0.922664120964529,17
58.4056222827148,124.569562849811,0.0932351792612208,0.488158923320976,0.857957461383194,0.163086795645785,18
52.3847948221076,132.045869163071,0.215186732615609,0.42685742628979,0.883046995615587,0.386032513466404,18
17.6799563771786,68.9515010188497,0.661114761934301,0.0690777204317306,0.536169660976157,0.936417640395992,16
83.4723412477715,57.5711456574388,0.153891116129841,0.697984306978073,0.366591573227197,0.269724239778954,26
12.7261476523905,39.9324018752076,0.0336036664006635,0.0354104803636998,0.0308767794631422,0.0766363662728804,43
92.8555302472759,59.0761397572509,0.569397531492617,0.756608695216924,0.445381672820076,0.883538718298258,24
39.631599091505,81.4774184607616,0.159148675587119,0.288483777465867,0.621927286498249,0.279508442332689,18
155.664896916739,83.4181853106198,0.403142180261939,0.951066545964757,0.672005134169012,0.708747042233445,17
16.5647707717491,83.9146071141736,0.254210408824442,0.0606920558465991,0.644077798118815,0.460154992323464,27
58.3128666659518,77.3343831861021,0.611014388387445,0.4872422044464,0.531468420755118,0.910736993549393,27
103.620032951757,135.470067483835,0.128733339074951,0.811788991367679,0.89192717242986,0.223889117295614,30
83.1469210800075,61.9662477930327,0.367259350653238,0.695762354354492,0.47669153381139,0.655935313057147,31
48.619320407986,49.9042596475025,0.0060814577035986,0.386900557227135,0.245480915065855,0.0457543123721078,30
28.4385392473648,38.0621711633472,0.240612315441987,0.167687175397742,0.0254949266090989,0.434504296761492,37
51.1008132219824,45.630340673367,0.0782970108236096,0.413354973783672,0.124878564616665,0.139310299247005,21
41.5888133317003,75.8342761839573,0.424617818072877,0.310104338059698,0.603977332357317,0.737802477881388,27
37.3793742940501,53.3976695616092,0.353289898855267,0.263629714876988,0.35009188647382,0.633993527167464,28
22.2542410315764,87.8481358251676,-0.0163556881495326,0.10758191119827,0.654063681140542,0.0257762683856691,26
18.7948198664582,41.3869817973,0.528071193172581,0.0778809952725426,0.0505381834227592,0.85049460767833,24
76.4255213659074,54.1016758361948,0.330921161760125,0.646926344495729,0.346964044263586,0.597354806816854,22
64.2427251459346,75.8220611456807,0.230749312078671,0.543908187446417,0.592989245429635,0.41575991259075,22
67.3668381820334,170.029090490232,0.597962287428893,0.572092897973417,0.945613145828247,0.902820931897242,32
39.9699673890313,64.1121406481586,0.694002246035455,0.292222436354184,0.441597625613213,0.949679911508356,19
63.9948979107879,39.7235424019292,0.284078490360867,0.541621708887677,0.0531835360452533,0.515358055593102,21
115.507994623467,56.4156540075893,0.248235590450714,0.859735821485819,0.410529275657609,0.448916164994982,24
71.0124666333082,81.6604031552392,0.0228180087463816,0.603454774018039,0.657722427276894,0.063753175854044,22
162.315842485083,103.841510550193,0.313815973570996,0.959186813061924,0.742281215963885,0.568177507862087,22
100.133066816038,95.2764665286821,0.447584966190337,0.795233240506923,0.715339387301356,0.766707517165684,32
177.091850279868,102.107388262056,0.606874535814253,0.972882828661532,0.768265173770487,0.908284576471083,33
10.8330588992868,53.441716649594,0.0972050497754344,0.0252171834891161,0.29815354780294,0.169604967077679,24
59.9210435525779,45.1891990507705,0.452097881844573,0.503003729645564,0.0806380715221167,0.772122650428125,23
85.3990525197442,50.7315616060771,0.609012018157412,0.710875074178636,0.267974122194573,0.909557495968199,25
20.9730462580554,57.7753502406339,0.396965270349968,0.0961909224687479,0.403685233090073,0.70003129846404,21
74.9681523962795,104.695897700057,0.584389895595495,0.635587801167914,0.764349426841363,0.89400339108185,32
49.8093822488194,156.340089480101,0.425619722780168,0.399642999360568,0.943677058676258,0.739110321648978,24
46.2536456967361,61.9578964199389,0.149997815549878,0.361305593069396,0.43643291387707,0.262518893855133,30
28.8123571181387,143.412035887825,0.272458981389398,0.171537254042707,0.93015170446597,0.494101178262629,19
96.8437736752881,99.7532920784961,0.155925444259389,0.778478491101294,0.796205900143832,0.273503009288562,19
125.75403282833,81.4172455060234,0.177024423417082,0.891927699025598,0.667877631727606,0.313156261350992,29
151.569678168523,49.0561379304911,0.356448497718278,0.945329458000761,0.16761473659426,0.63901981632878,15
44.1580873808357,46.5973080621765,0.340934344446047,0.338395590413125,0.230309250531718,0.613977338942033,29
37.0347792513836,45.1943883944453,0.109173148690759,0.259836248597392,0.105921796523035,0.189714626452463,24
83.7887372999632,49.9347565411242,0.16429084433943,0.700132206915041,0.172775408718735,0.289132238553769,21
39.5918360624723,49.252981477307,0.0971065388581192,0.288044456908634,0.192436074605212,0.169442265776354,22
15.9008993842073,58.6268074278668,0.171958060692543,0.0559106366644997,0.340373624581844,0.303568475032858,25
74.6955988087884,100.520300895069,0.340864785081189,0.63343741408217,0.716258781496435,0.613863083011337,35
20.070615871845,103.413923393087,0.464266546622129,0.088435836344529,0.772443776484579,0.786292067879498,17
51.1945237242887,88.9438127089171,0.259644947190262,0.414344969422189,0.700342781376094,0.470328185065916,30
121.39966610595,59.4399176141688,0.051957284403409,0.879172105825243,0.376450991258025,0.10067654537556,20
57.0626846650161,63.3704629800979,0.296730722116995,0.474797550979979,0.484803728992119,0.538129834730013,28
67.3512403113975,54.9601874949596,0.179776374932181,0.571955152663433,0.257855776231736,0.318377976163474,25
14.6025497168653,45.2720832924194,0.194368805878974,0.047038919689836,0.0938280778937042,0.346189235267251,23
59.0995385408913,60.7930443514796,0.158665057713689,0.494987568545194,0.440508316038176,0.278605997844964,35
73.0749891858763,46.750406094591,0.0160239959878278,0.620456594045877,0.194877853617072,0.0561450930780301,19
69.199758490253,51.8194064385759,0.0323630302439837,0.588068836055578,0.282805579947308,0.0751057158461334,21
121.287583611836,56.740276998683,0.197351586324793,0.878826377943521,0.310497279977426,0.351892120482117,29
35.8439062206641,82.4133712662899,0.105226677217691,0.246757949686577,0.662200094433501,0.183010356530419,20
42.7410880121507,51.8730222118454,0.530003250645174,0.322812480484926,0.232558521907777,0.852182939157567,16
68.7845752286911,72.123687395298,-0.0187723578763061,0.584486763031068,0.540928778005764,0.0239281431637833,30
126.573685804275,49.4673411695089,0.305015805862218,0.894186384302096,0.222249756800011,0.552807260548717,21
82.7681315926337,39.7601689218057,0.296076913132436,0.693159624333544,0.059620150597766,0.536963417771699,26
43.3942608183195,137.124908473171,0.647517719012205,0.330002937411676,0.897681420436129,0.930142566175693,24
50.2980644861249,37.959955653854,0.268581704045341,0.404846439127331,0.0517709334380925,0.48694208104816,26
23.47760333107,44.7406300716662,0.68034963855686,0.118843605693508,0.121675895061344,0.944488321909059,16
49.3030784529988,87.3347925535516,0.124822783581973,0.394233758266848,0.637442425591871,0.216940518303761,21
128.033164813141,183.66666028424,0.573702456743527,0.898101336755758,0.959933117264882,0.88662325876509,45
77.7708915003462,43.4760439407971,0.539032939324637,0.657154960293751,0.154775275383145,0.859882718290127,23
88.9632257125742,90.5652299832951,-0.0018452011051127,0.733545587161176,0.710063804173842,0.0381305601766229,22
79.4105772126918,151.951959541881,0.110017726514742,0.669312738716715,0.931490113958716,0.191158324763138,14
77.5211806423042,70.0302751721343,0.526907659357064,0.655273728625305,0.480053115868941,0.849470850116433,26
53.6370839222591,55.0660122958718,0.0519956978271331,0.439891576805287,0.389664843678474,0.100729491628102,22
40.7919592012365,52.1762061210143,0.205972690835954,0.301304411198032,0.344637322006747,0.368392081314446,25
160.587985533962,62.9361354374724,0.525148415245727,0.957209850300382,0.400221527321264,0.847912917842078,14
24.9139453571217,51.3450462919551,0.527301156704906,0.132500238706423,0.313379930332303,0.849817666393997,37
31.0297661805016,60.0199746016128,0.0264773931765502,0.194749499982819,0.343990259803832,0.068015650658518,27
17.395850478759,132.041455125076,0.234517996575526,0.0669004212076765,0.907165062846616,0.422933540257915,22
71.0458205026328,49.3140666541698,0.381082365424999,0.60373399726611,0.240767953218892,0.67689760282445,29
103.811729947855,92.7678722377679,0.207824661670675,0.812664345810219,0.758538173744455,0.371938156341204,23
49.3232950676246,64.0923223045031,0.460340650235732,0.394450093851658,0.456596082774922,0.781789426891832,24
66.5305255820379,121.129099555102,0.172624287085831,0.564665003610442,0.814445547992364,0.304827237085233,28
37.6051304954817,126.164290841525,-0.0369336206678082,0.266116739232997,0.883836208144203,0.0120620355515632,9
11.5739810294105,45.9988215831116,0.299781272512376,0.0290151652380116,0.216465016826987,0.543556555757824,28
82.8824873910989,68.5473110675791,-0.0028206666958468,0.693947242094121,0.510631687240675,0.0372341506875466,17
17.0930867884105,82.0178701217534,0.356673774281468,0.0646106532085081,0.604827800067142,0.639376862781324,26
28.1942138698513,46.3468200486325,0.110403860972328,0.165181709782461,0.128115267725661,0.191819401279661,30
31.7382407988844,115.080047601668,0.622792442481476,0.202284220724918,0.79755070223473,0.917425654032903,20
112.266705021873,65.6922023082305,0.318798290664433,0.847882268214776,0.503831504611298,0.576773986771302,25
43.6113479863111,128.232782491273,0.440113680590871,0.332390098618242,0.852456157794222,0.757551596223909,26
156.121144934482,72.9356258647746,0.196670236056638,0.951669237360881,0.540434498572722,0.350589060165184,22
96.1871977414537,111.804429646332,0.508255834077375,0.77499727851809,0.840101810637861,0.832331225574009,34
71.0124722977431,67.7209769613926,0.256050116819389,0.603454821450007,0.516298391390592,0.46360436342597,31
36.0937482427963,89.010824262683,-0.0240810863179963,0.249497137927893,0.680163950659335,0.0200857981588254,30
125.69610138686,154.429268134485,0.269136844094567,0.891766400594077,0.925582232419401,0.48796900473366,32
50.8050573684614,125.523703186452,0.265406651305855,0.410225962277943,0.853849969804287,0.481056910561133,24
61.5787917469914,95.5464927506062,0.0641072726163001,0.518949733832377,0.708208689466119,0.11793489432928,29
108.03277196969,88.878251011764,0.531845271702879,0.831055860923945,0.741675691911951,0.853779122824519,27
127.773811383166,128.875460459876,0.229178263519726,0.897415505294817,0.857499749166891,0.412765851719081,33
152.28073484662,88.9139880558989,0.290923451544239,0.946369140076984,0.663692042930052,0.527729274844644,26
48.1881425632203,53.4583049844158,0.198569523294672,0.382260402686606,0.242670048493892,0.354221855216767,25
68.9614370520782,68.428523984774,0.123365035628095,0.586015309576224,0.447383069200441,0.214364259522668,20
26.33588069615,53.7449615977517,0.156305331576168,0.146433352924557,0.283943161601201,0.274209659340751,41
79.7211567816741,96.6696085318427,0.436347190468918,0.671577567210645,0.735814437502995,0.752845503509507,38
74.7382868834841,145.41339678607,0.278912681875473,0.633774835685204,0.930097782053053,0.505945788041235,41
106.074895023794,48.7601304935071,0.244529585242935,0.822732620529942,0.17816644650884,0.441919299894229,29
21.2481728111959,151.266067015075,0.335391202164064,0.0986003755359731,0.933027806691825,0.604818611849998,16
40.6626532101055,197.591943112997,0.144760320247884,0.29987591445064,0.966478164773434,0.252884730145214,16
23.4557377388056,39.1575456499164,0.0092512314253236,0.118639220116928,0.023916769772768,0.0489688087564252,29
33.0927826622318,58.634749826985,0.0067882045471395,0.216821271200954,0.426528567448258,0.0464629421389051,25
168.368182177828,138.504684968282,0.580155592112662,0.965448376931796,0.870509496191517,0.891126276516832,38
48.7553735547885,77.7899388048113,0.727673797291505,0.388362202828144,0.602710581384599,0.960758680286416,16
51.463440547378,59.108751055546,0.630907602861799,0.417182029299676,0.369798170402646,0.921792548088341,28
24.8238351877042,80.7239637795164,0.054666583355434,0.131630608106943,0.58505576569587,0.1044365611402,24
83.095839685837,68.1154114975636,0.449265140171803,0.695412393442502,0.54222395690158,0.768733736148371,30
120.787560847201,41.8295037570277,-0.0206920247343576,0.877273037432287,0.0378442641813308,0.0225039982277441,11
49.4481620912294,38.1762005766722,0.158618863096184,0.395785649958479,0.0570345977321267,0.278519822422551,28
124.062005805181,110.847643317735,0.384311792227081,0.887124850935969,0.795743401627988,0.681684731981231,22
71.6542969592709,51.73080985207,0.222794595727454,0.608803212971689,0.263758203014731,0.400581724625816,31
31.4531388505292,56.175448905113,0.185072334194478,0.199245997930722,0.365351554006338,0.328450256853609,37
15.6575232677961,74.9015476110087,-0.000650663651616,0.0541985684912837,0.596784140681848,0.0392408975951025,23
38.0284973137112,40.9419182387385,0.237346041366887,0.270784059255224,0.0824780152179301,0.428307808213667,33
41.5846900929634,101.994333504056,0.406039038261776,0.310058822684748,0.733229256700724,0.712779715822463,24
13.2960833550371,56.4583634075924,0.0415325126200262,0.0387873487207018,0.33431736798957,0.0867070342968446,26
38.723097711428,58.6304302458049,0.139082670908494,0.278449120545235,0.388052268652245,0.242524232988432,32
81.7424704189679,46.2266988364734,0.211713677834595,0.686023365658539,0.171275653410703,0.379384437453156,27
51.467760169793,38.3379850676195,0.468054977200896,0.41722755372046,0.0453176980372518,0.790575143227828,22
66.0069925814107,39.8979681125888,0.705865178602527,0.559971330456272,0.0741930464282632,0.953852232376844,18
31.9985845895995,57.545555988418,0.476686167935122,0.205065493536175,0.311691128183156,0.800107081293698,27
9.43559687938185,44.3263796110991,0.243633406459788,0.0187499113590623,0.131701407488436,0.440224602711107,31
166.331917195162,126.97938239226,0.344991330080144,0.963451667626014,0.887073707999662,0.620611154117436,25
62.914211936491,40.5362100560308,0.108069584747995,0.531565705941767,0.0715551779139787,0.18783291898204,20
140.70842457746,168.442803633897,0.194539199579135,0.926894447112373,0.951073003700003,0.346514899594172,24
51.5031541676669,73.5548331057324,0.344768213743278,0.417600513612507,0.523827797500417,0.620247867361476,31
67.8456335883911,148.299418539407,0.346502016053602,0.576306485952802,0.934230507817119,0.623066150004497,26
22.7534527414853,45.236527703514,0.129542137084512,0.112133976316593,0.127883590757847,0.225332893594933,35
34.3830027925687,125.706256520549,0.0935253297336952,0.230802878781644,0.873667100910097,0.163560491503113,23
70.4368829382479,118.791706956276,0.478479192567592,0.59861414049354,0.876007407205179,0.802047934426981,30
18.869599919793,104.105199941018,0.0501427965592819,0.0784858469768796,0.745080762309954,0.0981876595230999,21
61.0023482136253,96.800551362125,0.45135605206062,0.51344024828356,0.700229697860777,0.771238477403178,26
38.9191827800273,62.6862636159319,0.0311068411456506,0.280614268424399,0.488185548456386,0.0735685789216144,27
14.8753646341707,86.2829064190179,0.185749877847828,0.0488489268109261,0.723885566694662,0.329740840627431,17
17.2305700112605,73.2510530149084,0.451323247992679,0.0656464875164194,0.558221546700224,0.771199324705909,21
59.7978713467032,69.3515220911361,0.455434258356973,0.501806582164132,0.472287706099451,0.776070237022325,19
101.162837990955,60.1354167592853,0.0858716417493255,0.800248996286737,0.388205343391746,0.151213168922613,20
41.2982432560401,42.996001710371,0.168157113793823,0.30689626456699,0.0374099023174495,0.296399847407828,28
55.9368751660601,60.5457691525997,0.219662525177278,0.463452711976134,0.417184154968709,0.394594935374903,31
11.9690194703275,67.135546638268,0.17459170137264,0.0311417458224523,0.479057693853974,0.308548132077124,26
162.369653887952,59.8027420922474,0.691067310284458,0.959246966201126,0.339121965458617,0.948599850484303,12
73.9971182049514,93.9052122316129,0.709149680035202,0.627883545632102,0.688457555836067,0.954954159741683,28
37.3719246230703,45.4232452980927,0.530861574005834,0.263547669323561,0.1243893627543,0.852928342891824,31
96.8190086796673,83.3819899111155,0.117463820612401,0.778348023598835,0.648069033399224,0.204016623105271,28
79.6260934407092,80.1949866894888,0.556740553591089,0.670885623068556,0.573601722717285,0.874088343216369,38
37.2970245901737,62.2578225620935,0.220848477721888,0.262722857402443,0.432651356561109,0.396862387627351,34
30.3693654272557,47.159009852766,0.377810321749833,0.187774237679775,0.141677811043337,0.672004392498267,36
34.1915112126321,55.90979669372,0.142708839406152,0.228720558391248,0.277936665574089,0.249130799407942,31
97.9294685887075,114.742373330326,0.754314146922897,0.784134068948674,0.804430788382888,0.967977259794347,25
12.4172080040728,40.936408791359,0.24869465394934,0.0336383666645138,0.0272170838434249,0.449781551027264,48
29.0629854718151,40.9883432609439,0.314537741167811,0.17412953282175,0.110740008065477,0.569427668720623,29
147.838371162611,50.0093423709609,0.0196949871818044,0.939555058065737,0.186222217278555,0.0602059931117361,16
49.1624604034923,52.0146466869423,0.749100622125488,0.392728239567292,0.208333804737777,0.966662522928466,25
99.4151695264152,178.75993261168,0.503051202023442,0.791672540413273,0.966538990149274,0.827300196062622,40
82.6154643077518,58.9952501016233,0.354167705299059,0.692105630201311,0.371978644281626,0.635394146959772,29
67.8670663738329,78.2939734113685,0.315614919570226,0.5764944376095,0.565935015445575,0.571290410082661,25
28.6462394431486,176.901406281249,0.673372147676706,0.169823895442029,0.963740981649607,0.941665980766837,18
56.2343659714116,44.1559478205007,0.260910234897339,0.466462997661505,0.179121633525938,0.472689452212776,31
59.2163663392521,52.8605756021401,0.011275790710625,0.496132091882836,0.236440323293209,0.0510704236025889,29
11.3362480488102,46.143100401323,0.14759690144239,0.0277692516020019,0.15652694622986,0.258093796245486,27
54.6982710946166,55.730030539702,0.325852433339807,0.450825828536934,0.284101305995136,0.588808937752278,24
45.0177577119026,74.6831527250345,0.0038966137685175,0.347816642221309,0.618799442891032,0.0435932724141386,32
21.4885789975026,41.8216558906023,0.121626199131971,0.100722476567969,0.0511757074855268,0.211301484852848,42
24.2988406189449,44.0772757870584,0.15731392641933,0.126597501908528,0.189950942061841,0.276087308037095,35
53.6873613751381,115.236731554346,0.602814310660617,0.440411966752555,0.788699539378285,0.90582691883734,23
61.4084025660866,55.4695247593924,0.475681589418026,0.517325165879776,0.294621613109484,0.799013784097222,23
52.8066699254525,63.6410848530217,0.133527864852628,0.431263759423156,0.504535502754152,0.232479691738988,28
101.749042742032,50.0382484481893,0.333093517120002,0.803056460075216,0.30524662300013,0.600990683287813,19
77.7493564407262,134.529594248826,0.220044492942369,0.656993032814766,0.884180820081383,0.395325299269032,36
76.6524584101827,83.1392881414167,0.177765271760142,0.648667746836211,0.619418004294857,0.314561095537873,22
57.1540248994017,77.4199418649166,0.341684169230629,0.475712314739261,0.564406661549583,0.615207878478334,27
24.7339832925827,62.4553712979828,0.319518163333025,0.130765126314884,0.418048318009824,0.578009547644537,36
166.157809678297,108.404060414099,0.49426450069586,0.963275928780587,0.772754509467632,0.818556355751217,32
81.3343395624135,72.9049809132322,0.18992617114598,0.683147515631933,0.511697947746143,0.337704313623528,14
9.43463965800651,40.7748540911688,-0.0042169539392209,0.0187458001883518,0.105931983562186,0.0359672300444554,31
50.1578603130281,50.3451197425379,0.407574424694267,0.403355359052705,0.249400455271825,0.714902845133669,30
43.1214190368372,117.417020138601,0.13640974365396,0.327000740744898,0.829324820078909,0.237679050899113,23
13.8444567026999,50.583218903077,0.386971406262337,0.0421656469016005,0.287602165713906,0.685595417572511,28
27.2890571465436,60.7788333077674,0.228777067872811,0.155979075247848,0.462806440889835,0.412000951160032,29
103.686131321667,139.723446083103,0.19646560509155,0.812091221786717,0.88081559818238,0.350197749420806,26
78.6916701947644,88.8761730261163,0.145636291646157,0.664023871600547,0.703062110813335,0.254491100176888,26
79.9811101718099,49.2910198087501,0.403659095603695,0.673463933966212,0.182351138442755,0.70946920659973,20
58.1367890400243,76.2976146269726,0.449455635918489,0.485499469019516,0.570898192469031,0.768962706145456,31
157.703856891619,63.511260113149,0.153165202911353,0.953705935252403,0.402324343565851,0.268378104553627,14
127.431639820821,126.905306919263,0.450740210620309,0.896504183676487,0.886869488516822,0.770502685936551,35
71.1493243180748,44.5696323653231,0.0193622349324068,0.604599589247091,0.12370122759603,0.0598330273376121,25
13.691078279723,120.337869462935,0.14831449303835,0.0412081609256428,0.881807301426306,0.259414868694987,15
96.6579732831903,57.4554964302957,0.40552582035629,0.777498053593617,0.380705113057047,0.712067834140965,24
46.3631881075869,58.0382663922723,0.318109240509299,0.362497661304862,0.339153874898329,0.575589776501976,29
116.507334898985,153.741146877311,0.071286673208528,0.863219369775108,0.920305284904316,0.128593607739239,26
140.150354727717,55.6095351660269,0.277524084555614,0.925805393674694,0.350574406562373,0.50340510863802,14
84.8415101321619,93.7845650347513,0.216570722234355,0.70719118378251,0.754038446117193,0.388680896484808,26
44.3218995532646,53.8028048275185,0.446234345976196,0.340192945899936,0.325819723075256,0.765069995860744,23
50.5439307756642,75.4980486411584,0.23264699963437,0.407457683368378,0.564798250095919,0.419373721838602,21
66.4894066263226,53.4105612003449,0.586634439864855,0.564297573695384,0.363064429257065,0.895503886213308,23
43.0528845015608,50.4805447114064,0.220548627358858,0.326246303564751,0.228896364104003,0.396289157783491,24
112.893495388419,62.561304102767,0.687937504134346,0.85024205526427,0.400758632691577,0.947426605942237,28
106.545892049422,59.356844065525,0.182457834583239,0.824767215265898,0.42860757233575,0.323474206694771,27
80.3693413545871,64.016281308552,0.200814573818951,0.676265429797797,0.444151600124314,0.358517673168989,30
108.009458289176,40.3998631957563,0.246599965051815,0.830958815585538,0.0647751290816814,0.445830430915308,16
6.70572481689995,52.9965930958739,0.241945241223284,0.0088593280189161,0.339263473870233,0.437029499381369,22
11.4741825677442,52.4782930720085,0.0635500780668446,0.0284890236062318,0.224803046323359,0.117121577084807,37
50.8663998156355,173.628181745557,0.0007272036612399,0.410875508816567,0.939334387890995,0.0405387855464387,9
85.9892724431029,68.1998665708268,0.073563719270419,0.714733987827938,0.527619585860521,0.132041878230156,29
102.514219126648,78.1591026950438,0.4211079540523,0.806669486331271,0.602616745978594,0.733187190202598,36
82.0080358046751,114.969989778728,0.325300357109446,0.687883561448495,0.805403104284778,0.587872937426383,29
62.8587307406428,48.9371012380078,0.317498807009904,0.531045713170835,0.237865554401651,0.574539414788229,24
33.6446822165846,47.6546601985869,-0.0013519124888262,0.222787570629052,0.194704264868051,0.0385873992654856,26
81.017330211227,50.6326660330319,0.306863838003303,0.680899477494315,0.207731965696439,0.556054240085027,20
150.74893072873,90.5155699958681,0.466273129433212,0.944105762372622,0.672329330118373,0.788568208589939,31
41.6738751419792,63.2903606852518,0.307687165175103,0.311043259693557,0.427178724436089,0.557497574355492,22
50.3659057483364,51.1426285545141,0.0984690493189573,0.405567408177565,0.21652197255753,0.17169683776709,33
37.1727160239528,40.3424780518583,0.0462624546982986,0.261354303002486,0.0616340928245336,0.0929454625805419,27
46.1968540946787,42.5741709168802,0.313875641917941,0.36068733403618,0.0954550534952432,0.568280919697815,20
74.2554477305792,55.064757096791,0.257026400526576,0.629944827147223,0.372713817283511,0.465432590874928,28
11.0044745635383,68.3437795329187,0.0970478739360504,0.0260735077581941,0.529268719954416,0.169345397201444,13
19.4458347198237,60.8247401132437,0.0963608409662594,0.0832051223323256,0.390228543663397,0.168212226846793,25
84.0530586690413,122.333253028528,0.0616588339606893,0.701917209763047,0.858977140160277,0.11437629676744,26
40.4207674483978,122.709099751045,0.244731328374086,0.297203467213372,0.853905580705032,0.442300658944678,29
68.2950556116525,55.9000194395575,0.311229872783723,0.580235664203268,0.394142671255395,0.563684959126182,29
34.6271954366067,91.3931008666126,0.195831584449482,0.233461581494872,0.734376225620508,0.348985448173733,22
44.0044465412039,39.0252983880448,0.029783026909536,0.336708976991176,0.0371093018911779,0.0719626287946975,24
56.4708739579972,179.071703681103,0.468240616432598,0.46884986119955,0.96797970472835,0.790783460817152,17
89.1986402945796,44.1878164327191,0.699129562614477,0.734990128191824,0.0809862106107175,0.951520796138296,16
71.5935081337042,120.304075850468,-0.0001870229353018,0.608298885619444,0.85320564894937,0.0396755814127485,17
70.7649065582695,87.6835275444641,0.462271995343136,0.601377926084549,0.624521108577028,0.784012670840985,40
59.5736786889826,103.925951908736,0.270768925543195,0.499623266656273,0.731972028035671,0.490984454812685,25
64.0848546119935,56.9087804451305,0.375873655062854,0.542452508399862,0.411610597511753,0.669087958326019,22
96.9705893289652,85.729250523194,0.337425193979752,0.779145557774778,0.623037565266714,0.608191880804334,39
49.0405121580692,169.932603707262,0.212510798154801,0.391421509874125,0.956191175151616,0.380910484802299,15
73.6004564418659,42.1626633006662,0.126513407669931,0.624701995780675,0.0652922058943659,0.219937943847454,19
102.426034477249,39.296932758363,0.167072343501796,0.806256053335643,0.0288844304159284,0.294358181367047,12
135.611629914744,48.6216440228413,0.693432207041981,0.916370097492367,0.228133105207235,0.949471648569074,14
27.1730378263368,109.656978493452,0.305323435515259,0.154808958389148,0.817824930185452,0.553348459072209,28
81.0408864278596,178.034749652932,0.341111675617589,0.681066953456686,0.968742254888639,0.614268539122219,17
98.7097302606364,54.0437287146116,0.0177359949857805,0.788121820157691,0.313820067793131,0.0580241801711103,17
38.7311878307451,72.5321640717085,0.129908192102508,0.278538441111311,0.543429794022813,0.225987064893089,27
38.5318552971308,74.6699286700934,0.229270245631186,0.276337935553321,0.537124041933566,0.412941202887761,26
17.7356138559113,47.3559439100718,0.0019393241752218,0.0695074707854898,0.172258824575692,0.0416956369959643,48
141.854365107165,68.0429646011157,0.398094866590389,0.929084083144568,0.491662468761206,0.701637039359334,24
138.559439797313,98.8253177162246,0.0668409855211112,0.922617158817111,0.734322648029774,0.121954548375947,25
97.0722765374548,116.854275367227,0.357841438006984,0.779679206299429,0.817907189484686,0.641224441120503,47
34.7762053211402,112.706397786301,0.368151915147298,0.235085707060155,0.859919350594282,0.657311681485776,26
124.902861364722,154.79145106243,0.527711221660415,0.889535505327461,0.908120139501989,0.850178442991121,37
87.9060367296715,43.3712320148033,0.482765332368959,0.726978390098794,0.164732352131978,0.806632922788016,27
113.765247926048,85.6765549920352,0.263546199059878,0.853469667608099,0.65001285308972,0.477599343958648,38
57.8541620344673,53.5003970090782,0.191321145355411,0.482695258018828,0.310898297000676,0.34036720713307,23
124.117578192585,101.836330684073,0.245219735693091,0.887285643009043,0.721311586676165,0.443223685407957,33
165.542377371843,161.719168900132,0.616500473655596,0.962648253388563,0.950035638874397,0.913905042133506,36
46.7155337670382,84.3790308191948,0.31734503824281,0.366327772668495,0.699852826539427,0.574274641134544,21
32.791994989702,53.3928244025236,0.723606304947712,0.213579563435478,0.243380651110783,0.95954215337266,19
68.5467167986959,107.916323952432,0.105215465322405,0.582424882508184,0.79735108371824,0.182991409378745,32
30.353311663085,81.748198735623,0.626614416154303,0.187605289777536,0.620886885328218,0.919506424846134,20
41.1344366206646,58.2672667910812,0.0357036583195763,0.30508730040713,0.361394267529249,0.0792554097542027,16
128.171285718786,39.2301026604142,0.464155345931335,0.898464860595708,0.0511563271284103,0.786165430207973,17
125.916079657342,77.7872694017848,0.0026584010971133,0.892377717450597,0.620446490589529,0.0423885642668157,23
63.0500014355408,58.1442913281516,0.0515360619965925,0.532836852122207,0.436216821661219,0.100096656195023,22
76.5657345283462,76.482344024973,0.277211099357147,0.648003039930404,0.590373155660927,0.50283184297628,34
153.640008436428,78.792886097072,0.673359739732199,0.948304899236077,0.656355364248157,0.941660856901535,39
166.38856904907,174.910012086812,0.129717036053205,0.963508677232294,0.960641457699239,0.225645396318247,24
40.7909657244832,68.7237208901484,0.506655209976693,0.301293436256344,0.472165460465476,0.83079565977855,29
39.574412947373,44.0722840435466,0.317041983610127,0.287851960432332,0.0753225234802812,0.573752593591752,30
150.899206038455,78.3043979501799,0.344634157893593,0.944331729479948,0.554236339405179,0.620029505534438,25
25.3647380502117,50.4128150360365,0.352721571463898,0.1368752585975,0.244786429451779,0.633085170826039,29
116.83811093936,126.26642983623,0.279542957998866,0.864355123797576,0.866377657745034,0.507097528905319,24
153.755779986475,101.086368718065,0.366829275470672,0.9484666850267,0.772477014688775,0.655271009662014,29
57.9723581862654,72.9285348080885,0.223594555774626,0.483869025300042,0.531392963137478,0.402109983234311,30
102.56944808487,80.9883635656897,0.161887150087809,0.806928023298792,0.597431412898004,0.284627321083333,26
32.2530299824198,79.4896084232305,0.401677914411049,0.207789867191098,0.628673327155411,0.706695307911604,26
55.7019298179302,116.88776741306,0.143200851816295,0.461069092889453,0.83755933213979,0.25003006508857,19
17.0625439822616,45.3305838109274,0.60314713440918,0.0643814302292939,0.117283572209999,0.906030347216654,26
28.1208457187778,47.9496454156803,0.281843896720601,0.164431074745824,0.237636929377913,0.511294313110242,32
21.6289864768505,38.6194330957522,0.19471366608212,0.101968976253261,0.0313109143171459,0.34684836386619,29
39.3817814017033,92.1651353194,0.483833152138771,0.285723809944531,0.730076373089105,0.807763260033531,27
44.4008901344198,47.5809877247449,0.181927773933887,0.341059287350026,0.199057917343453,0.322466195273795,25
86.7259120598161,58.1691627856621,0.311151967839564,0.719491513858445,0.419780192431062,0.563549305295716,20
92.5462260911505,51.8286159494617,0.174345788116777,0.75483911505893,0.309205343481153,0.308082752330742,20
43.1853899841993,41.6771656282248,0.206197740851765,0.327704827112374,0.1161082345061,0.36882298860244,42
70.9672109617983,42.2583556965054,0.392061731151564,0.603075689792398,0.0552363784518093,0.692999616515607,16
33.868364534443,99.3508079919114,0.122476001779897,0.225212012312663,0.768658292945474,0.212796914390263,26
98.8954673583387,129.002344952816,0.4271326564622,0.789061708655358,0.876469284761697,0.741077145813059,34
22.0336522123217,69.410677597846,0.591658116636573,0.105590248994183,0.4873144577723,0.898801134287287,11
65.6006970392019,172.647407270392,0.0236819793288289,0.556305619502269,0.948711140546948,0.0647492884422557,17
89.5779022626386,62.5520891622513,0.168501246966816,0.737303745930584,0.484388587763533,0.29704795086847,22
45.1639390760121,88.8824427997818,0.1743540254173,0.349415700531909,0.636965927202255,0.308098339717548,31
62.0053420688628,152.566012597131,0.410998905749207,0.523001980334765,0.931160868844017,0.719602522726553,24
31.9435600535939,52.1796477023199,0.218818337532936,0.204477126876236,0.245031725848094,0.392980532966098,27
61.1631451905853,75.6697004688196,0.527956722774898,0.514980924022863,0.641236283117905,0.850394122459698,19
16.7948806402914,42.7643502138095,0.382364423305148,0.0623866477189607,0.110624610446393,0.67880310801184,19
15.1563608871791,105.090608898282,0.274809986430384,0.050743703887736,0.759754511294886,0.498426664155561,26
67.974398957761,60.8408203894136,0.748989491026585,0.577434816031955,0.384813575539738,0.966633998256254,19
69.2552290879258,96.3265205415774,0.407938548445494,0.588545784825151,0.692805747501552,0.715404902947015,43
34.6541575217464,66.0482156027662,0.591142189092497,0.233755357080177,0.516047348733991,0.898466375919922,14
85.2924711115032,143.391932530979,0.660125137424735,0.710173757596329,0.906845930265263,0.935977298653145,24
51.00734713967,59.5402769927548,-0.0162571478867168,0.412366869744976,0.407031799899414,0.0258529241703423,26
55.4829772425108,51.2115114273242,0.558616611504666,0.458842825028196,0.284327787812799,0.875525527115367,25
52.989215057757,97.5894939538942,0.385232161170783,0.433165596427122,0.706698806490749,0.683041295632452,20
13.8122352329645,44.7748352393,0.0395676333748672,0.0419636950819106,0.104620333062485,0.0841655821192994,33
33.8038961114147,60.3714166014176,0.420346689149297,0.22451289493311,0.391511462628841,0.732179261617294,19
68.4687646445947,75.3887287496096,0.0706494084057095,0.581747615780678,0.623660701792687,0.127634299716304,23
52.0956618141033,74.6674839279401,0.280294954780342,0.423828767197999,0.537099045002833,0.50847049312783,27
58.6611693881774,59.2957801137729,0.147752098085064,0.490679754551839,0.333679791307077,0.258379399527254,31
95.9162777141733,100.878136002029,0.61986985895406,0.773547326790684,0.786666938569397,0.915805186310595,24
93.4319765494444,91.8448656332608,0.387865244040116,0.75987802767252,0.732640105532482,0.686903240159175,35
43.448587647446,39.9725291070234,0.485547148779347,0.330600465086147,0.0424109376035631,0.809567676207392,25
66.9363695486674,75.6484773672073,0.151017040886261,0.568280373416064,0.517954562557861,0.26440170979541,23
116.472807427438,47.7729953853665,0.413695006650362,0.863100323585242,0.252908818423748,0.723267831232764,17
93.3807860026234,66.8979949531529,0.754145830095352,0.759589200851614,0.512436809018254,0.967935524832558,22
25.6906274519042,75.2119459627196,0.183331067584937,0.140062909443069,0.588865691330284,0.325135448839065,25
65.1248059974348,65.5062330136219,0.702810550537662,0.551986431380906,0.470540657173842,0.952806977693422,29
145.85792506708,52.1062354123186,0.246322082110529,0.936261845009577,0.262487458530813,0.445305817835697,28
98.2375567522842,82.9761230434624,0.0202140041001057,0.785716264949198,0.603246332146227,0.060789657613321,29
49.7389610908059,41.2151560524517,0.206130132985187,0.398891726203349,0.034875676734373,0.368693538236981,29
129.116492602454,96.0574564871609,0.432199264815364,0.900920752332348,0.733539242763072,0.747592777123786,34
11.0144270906643,94.8286578738015,-0.0108724412789593,0.0261236426313572,0.773779113311321,0.0301944806246456,32
65.5077842667523,130.920091217855,0.16414785736128,0.555464506221941,0.908878721995279,0.288863960155024,23
28.3121228636051,113.711858182855,0.0112701881090092,0.166389724935228,0.820360423764214,0.0510645560721912,22
51.9776861212574,40.0936633864834,0.670796877808387,0.422590957423536,0.0223659016191959,0.940594426159664,25
43.7063221268798,147.147788373097,0.347923530635593,0.333434012071272,0.943534911843017,0.625368625466002,18
12.0678521541386,53.598997376576,-0.0191743693912433,0.0316846711457673,0.262979999417439,0.0236266705477495,41
154.278737417592,81.8925467071601,0.108651650593267,0.949191552367676,0.654477988602594,0.188824744137529,18
89.0050004792928,111.38573534154,0.496512090869252,0.733802396305224,0.777097907848656,0.820823065971651,39
28.6772932780804,97.8537936710321,0.437949556818328,0.17014389266908,0.728486221749336,0.754855002506095,26
59.8506752113006,162.008881587682,0.22990025763689,0.502320005258293,0.931245155166835,0.414142054613295,18
111.025704421452,58.6940110686706,0.313375821966842,0.843111941783032,0.385041458997875,0.567414335723853,19
16.4122269026983,65.7919336018172,0.0079555700392673,0.0595791590430676,0.48555637197569,0.0476436061280782,32
49.5662118107496,59.540056100162,0.314960859202162,0.397047283420967,0.415000912267715,0.570159789977921,25
61.0261855841947,49.0454765603319,0.117316272350673,0.513668832085359,0.231971663655713,0.203759629094564,24
74.1553052858026,56.1122119214124,0.438795199101537,0.629146768063689,0.327096413820982,0.75591108965163,25
61.0520048890152,185.357532541194,0.700764446874275,0.513916348223546,0.956727686570957,0.952095660933385,31
95.1857324202537,56.6058217428877,0.242561654101007,0.769597855847139,0.290374336764216,0.43819656002371,21
22.013348975867,50.0607528561959,0.207757669729584,0.105407554556102,0.290799948619679,0.371809881302736,32
50.6286553141969,113.944882687751,0.107894671548728,0.408356445938081,0.858636932913214,0.187535163358122,25
46.1202354101356,54.5003332632718,0.382066598985489,0.359852973233781,0.325107336509973,0.678361047966611,29
46.4236141459498,77.8159934333574,0.289979108910875,0.363154970855522,0.615356291644275,0.526029588546972,27
112.537977013273,90.0579347201912,0.708770235960182,0.848907619979612,0.722381413681433,0.954828012096169,26
26.0907451465223,149.837751298351,0.425450671932872,0.144004153092085,0.932044733082876,0.738889949349829,16
41.2464101920781,47.3691864500573,-0.0296347759090152,0.306323888166322,0.191236463142559,0.0163927770601494,18
140.921143414935,195.507916375174,0.438451571368037,0.927305618591218,0.965672692749649,0.755482315552734,46
18.6877970138307,71.6614667349018,0.421080779516137,0.0770184297261313,0.505321785574779,0.733151252958712,15
140.909414523709,47.5951701426607,0.156810969180513,0.927283003778084,0.218877951381728,0.275150707207398,14
53.7223435764731,60.4102392343929,0.593306851846136,0.4407739098607,0.457759335171431,0.899865019411948,18
129.301814589779,133.434589815889,0.372991460628229,0.901395811449327,0.872020206181332,0.664719968165268,36
56.0107440468637,48.8614148193385,0.463468021273601,0.464201010390824,0.162395671475679,0.785381527728024,21
35.6880554891819,51.129901747489,0.245957112540729,0.245050653106373,0.193398180883378,0.444616636200366,27
81.7338800770885,118.579140829722,0.280171339789901,0.685963047451506,0.832634625956416,0.508244892453446,33
67.3362949705189,95.024205418445,0.150975353605078,0.571823141612042,0.731583565240726,0.264324651695661,22
80.1025839264841,179.392363768413,0.756998376529828,0.674342518522841,0.974166907835752,0.96863650643958,21
21.7579855814199,93.3489325493252,0.199051088582182,0.103118756492106,0.763581298291683,0.355143172246223,20
86.2015482287745,64.8733911629165,0.0388484900771276,0.716111622552057,0.393212514929473,0.0832428762909042,22
67.9168723663307,38.2599302085351,0.341271098155903,0.576930983464836,0.028352779103443,0.614530235138226,17
26.8255416215646,46.3384298203321,0.49959400132811,0.151317698194149,0.117620893288404,0.823897519519865,22
67.1507136617563,42.3493768738358,0.168238290326446,0.570181614111648,0.0306614553555846,0.296552709210243,21
117.674869894687,37.3437649783609,0.352159852214677,0.867190352829486,0.0327099778223783,0.632186190788278,10
9.7664748157426,37.8346301986286,0.133490983808116,0.0201974077113437,0.0350976679474115,0.232413322596807,32
44.1019792221578,69.9487447493615,0.0642505562540444,0.337779750152874,0.570434821071103,0.118144369956762,31
78.4457003080989,43.3021024470268,0.544535961946027,0.662199409161661,0.075066325487569,0.864422851961668,18
21.6107471263938,43.114590481695,0.221884894330819,0.101806758768249,0.155206360155717,0.398843386268452,24
27.6588854635746,46.5689462423779,-0.0075283603123112,0.159723563878968,0.177889637183398,0.0330396192154627,36
9.17815604241238,61.7172696472486,0.2955635924561,0.0176601923986352,0.473385741235688,0.536046821176793,17
149.527244384449,82.6450633267733,0.240952263478154,0.9422363894146,0.595483646495268,0.435148521691421,35
82.3101790696665,56.6602900968309,0.357502185957489,0.689989368609151,0.277101038955152,0.640688180221325,22
96.0973138671884,156.443781021995,-0.0051212814363438,0.774517102040951,0.937156217638403,0.0351569241178956,18
121.81166748951,98.8401752226839,0.335401347159158,0.880435264210212,0.718750976026058,0.604835472686421,28
39.7627666361273,47.889852861342,0.37325420412673,0.289933021775561,0.148243385367095,0.665119525087834,21
70.793847009413,122.037294910101,0.385689011390924,0.601621114484966,0.820168593898416,0.683713383853177,28
15.1818215798094,41.6432732840244,-0.012241044314579,0.0509169015667681,0.0224764428567141,0.0290627638089043,48
35.0697741400247,105.657063359967,0.262631903853511,0.238289136774779,0.810106210410595,0.475897776695613,22
26.9044057558643,55.8964398301501,0.421612620112607,0.15210825055216,0.299408737337217,0.733854021242702,28
67.3843316473386,43.981301906308,0.328120062524109,0.572247347508747,0.111829440342262,0.5926428542658,26
100.147316806891,161.476465738755,0.211700688892313,0.795303384294448,0.949741042219102,0.379359569959992,29
154.394069621437,89.3083915450577,0.342685379139477,0.949350111291107,0.680751414969563,0.616847825686088,27
42.0488166631985,85.6830137927112,0.347683813954477,0.315180563690234,0.617878587683663,0.624980867154674,27
53.9763532818915,43.2492088735842,0.302788494331547,0.44339866945495,0.0425023911520839,0.548880651840789,22
35.6776443921254,48.0688564334742,0.677869605561337,0.244936642514004,0.153253520606086,0.943498577150205,26
70.9664525249416,114.828432869548,0.550381213370789,0.603069334541736,0.862884229514748,0.869120834638498,35
49.7233566757139,96.5448577160912,0.458023208424171,0.398725205568756,0.757059252355248,0.779100827667724,24
92.2951052438417,71.1828129714332,0.281964142538182,0.753394490491194,0.505417323438451,0.511513291791862,35
50.5411075396801,101.112620520867,0.349336975460787,0.40742772490394,0.76288231392391,0.627650674796945,17
102.676216571762,50.5882965986443,0.128300407467851,0.807426973518272,0.253675356507301,0.223117215939243,19
94.2067258153966,73.6944897942551,0.500620176547054,0.764213756262888,0.582962454063818,0.824912594365889,26
23.0624433234334,54.0797350385171,0.33270234582315,0.114981832223608,0.348673600004986,0.600337175416762,27
47.281585027097,65.4636331850038,0.195497025369697,0.372466913180943,0.400697697186843,0.348345818975716,26
99.6595025168393,149.70234294641,0.166896741262709,0.792890352382852,0.944095322629437,0.294027861645457,21
56.0506996306181,40.9332669537192,0.388474451576641,0.46460553736695,0.0321967219933867,0.687792734070249,21
41.3369615940871,58.9945231894866,0.431023160649116,0.307323799248865,0.42140122782439,0.746090063857828,30
24.5047276617726,42.547867927826,0.431053443769587,0.128564443870179,0.0461415376048535,0.746128830698836,24
106.079805581377,137.552572864668,0.551177699351588,0.822753939671466,0.904562964104116,0.869751155945531,36
12.335188069417,41.7859637675229,0.324790880984148,0.0331748725812091,0.0385979206766933,0.587008265360472,29
88.1709273553961,57.7521676554123,0.713314906436693,0.728636220675523,0.395183234475553,0.956319333351075,25
11.8617804282648,54.2005507548765,0.144626269004204,0.030557552442617,0.238847922533751,0.252639085658025,37
159.010294680546,93.2900992516272,0.19410083204266,0.955325564717895,0.747958379564807,0.345677102629363,19
54.1444342898912,43.9970061612636,0.632331443188159,0.445132241633583,0.140108502237126,0.922538921755679,19
15.524978563901,49.1948865815306,0.570069667635284,0.0532755361136718,0.240579079836607,0.884024600268424,16
74.2949745099311,65.0447178553629,0.427728187517306,0.630259475363085,0.493916441453621,0.741848667575966,33
11.8799244744481,64.6231624491475,-0.0316428058180875,0.0306560334948082,0.420326785417274,0.015141399688982,30
32.0181020390042,73.7245137113366,0.16811591245538,0.205274257829522,0.548643199261278,0.296322266158579,26
62.4982307671184,59.0757570875509,0.339961475975443,0.527658153096071,0.326935543911532,0.612377770275045,20
60.0311710018843,73.9844505658486,-0.0013986244241785,0.504072661095953,0.556700419168919,0.038544037551181,24
31.8815230976375,45.7500282592556,0.135573747810556,0.203814119483151,0.195172519190237,0.236168110343814,31
52.834938888402,50.2491420938611,0.477700555995634,0.431558468593858,0.298364663030952,0.801206757668865,26
37.5373989864439,66.9095236393961,0.284496066615926,0.265370441435622,0.480087425326928,0.516116104964272,22
98.8816280202148,60.4798241220975,0.547181692170983,0.788991800981752,0.368650153279305,0.866565083293016,23
86.2120070336341,139.245756341345,0.485314521773024,0.716179358687918,0.922475625062361,0.809323494270306,35
74.8152205067264,72.6040204451707,0.128996864884504,0.634382362616365,0.508477083640173,0.224359289146711,30
28.1170049712902,63.8176909470232,0.60240231566742,0.164391802004264,0.390163024421781,0.905574609798303,30
16.9173477106839,113.987213357647,0.115519589300728,0.0632962090575896,0.804774444084615,0.20063721697447,25
162.372110543193,112.493474331308,0.733584826385722,0.959249710363101,0.810413231374696,0.962470676609383,35
76.8783183493591,55.9356579229921,0.0709371054197837,0.65039441659398,0.271274411585182,0.128067072026957,22
102.987590920515,46.3918495839088,0.410959113585723,0.808875682730396,0.118631863500923,0.719548196339615,25
68.6510254842555,100.141952546336,0.201298215477007,0.58332995442817,0.747659296263009,0.35944330042917,22
73.1249046496786,52.9927148545355,0.52516160852871,0.620861380504479,0.288815699284896,0.847924646416179,23
105.950251881182,49.2691059744301,0.654227303808464,0.822190728236175,0.249884229153395,0.933300183437872,31
28.3483551413611,43.5170922915392,0.166621765757755,0.166761348710436,0.107789609581232,0.293510718723227,35
56.9115140569846,81.9017920900144,0.262039458598663,0.47328170034967,0.622208004118875,0.474794367930864,26
41.7356440144914,55.6615587148373,-0.0009682442495864,0.311725004896665,0.27587925712578,0.0389443516898707,29
75.0721758038361,103.514489696851,0.0817807072748471,0.636406038956647,0.751299848314375,0.144744104699931,34
97.0469813084899,60.5019634298962,0.349401550291081,0.779546561388438,0.434487411053851,0.627754756986319,23
64.6060808321,46.2728197934505,0.234543595314395,0.547247219847028,0.183690414065495,0.422982222402773,24
118.535193029693,199.831131067031,0.312882342646565,0.870049526887839,0.965215107658878,0.566557987282324,29
27.3445937175409,41.8377202199973,0.274711478901879,0.156539971995476,0.0297838447149843,0.49824566607688,27
79.6668508865283,83.1430981972735,0.230972050555719,0.671182425666869,0.631053678458557,0.416184238287155,27
138.226768847783,95.5804676175102,-0.0095674476314258,0.921934541698713,0.720231556566432,0.031291338273424,22
133.019261637896,61.0761079162371,-0.0071196570195553,0.91049268458946,0.473077965434641,0.033395053301024,6
155.415247118033,55.7088675261397,0.249377274546635,0.950733761927958,0.38278255937621,0.451067810465082,15
73.9288773263164,53.8696628995981,0.738048070799933,0.627337619687496,0.301255100406706,0.963720513226696,20
44.0061299474361,67.6574471212455,0.412094807397744,0.336727461212248,0.53697235067375,0.721096083219294,32
126.108027779853,53.7926243855423,0.493482303898556,0.892908553450193,0.313691052375361,0.81776263279648,19
70.7527890179662,60.525059344459,0.150478124006159,0.601276070263136,0.347507760860026,0.2634058549853,35
19.8503102120053,105.954169132304,0.656915901423954,0.0865781803449037,0.819245673250407,0.934531862681247,12
117.552750026819,79.431792216162,0.50209602898552,0.866779929864782,0.674434085376561,0.826364953822747,25
43.2065547424209,55.0837782153241,0.262814718835303,0.327937749101128,0.281253084074706,0.476238132504538,26
113.717943696139,39.7575667406683,0.0858757764151955,0.853296137617893,0.0576877817511559,0.151219754233076,16
41.2332641339107,52.9923558766984,0.110302890662349,0.306178715624288,0.306496555218473,0.191646474290629,21
68.31272826375,100.405532468512,0.319800786764177,0.580389657661565,0.777201279066503,0.578494176853881,29
88.3058389806399,84.1608426022893,0.182261422731231,0.729477392107124,0.699906350579113,0.323100658289144,18
22.480734053654,68.1378449568952,0.177377365109066,0.109639579536505,0.458112935069948,0.313825442710575,30
102.118123281335,38.9234780043667,0.505425078380727,0.804806449717334,0.0440075218211859,0.829608492465682,25
89.0601234706515,43.435049492708,0.15422503620875,0.734140951080449,0.0777737144380808,0.270343863967501,17
58.2654624168012,43.564781179057,0.246901095483643,0.486773344779093,0.0735739006195217,0.446398814181183,30
116.143798442142,71.806243449418,0.674951195845218,0.861961253637859,0.556012598797679,0.942314984917728,20
119.209782559721,81.1009782131957,0.371014966021537,0.872252372540226,0.573613634798676,0.661705535007472,19
34.556746668127,177.750368526872,0.480139174619782,0.232694184171658,0.96693069813773,0.803832770391202,20
23.0890920396596,46.3566345032625,0.329368322517427,0.115228507352955,0.166242734761909,0.59474593574296,33
49.9687245120793,40.0153377534704,0.124951882907243,0.401341584340314,0.0223401407711208,0.217169046159467,24
19.9048560081693,46.9338554508996,0.270146382767832,0.0870367898150181,0.149813161930069,0.489834885618169,29
60.1301340216758,106.467843201258,0.0342024716225888,0.505032072482199,0.796971945092082,0.0773795831326742,25
12.020031968072,44.9787058916481,0.11043179187608,0.0314214357204314,0.122798358323053,0.191867244943522,31
76.0444931564026,71.9562298519107,0.644664043056591,0.64398786488044,0.578283528797328,0.928762697293782,31
13.2752626773314,50.1233452621029,0.244705403471122,0.038661558194703,0.235847707139328,0.442251655542264,22
15.9007116431272,44.4852154500936,0.145374578112447,0.0559093074348098,0.0902774233836681,0.254010952088168,24
153.052822249295,43.8983276132155,0.22708090246898,0.947476917131113,0.0668657396454364,0.408765791534355,11
63.0772482507301,116.745771367792,0.247576959256357,0.533091651854126,0.840433160541579,0.447674052645893,30
45.6217827008862,80.4637272705768,0.508035499935065,0.354417983748426,0.574404704617336,0.832120460625222,30
143.973039562328,115.783556632648,0.325500922834094,0.932971799964478,0.842530892929062,0.588213097336695,37
58.2602597961067,58.8006876818278,0.448528493485062,0.486721872752268,0.371080381562933,0.767846853426421,25
34.5530010171842,82.2192624127901,-0.0008509371668416,0.232653391167867,0.585235940758139,0.039053775272468,23
32.7514190338062,45.1204342713544,0.0582754653990077,0.213142824745438,0.160961577901617,0.109524907035273,29
155.011971636725,176.146838475692,0.514978353781342,0.950191667815952,0.948645319323987,0.838668042616178,44
114.614965420524,178.349206899632,0.408157544861817,0.856555585011134,0.967010994674638,0.715706589363026,46
40.0343963038049,58.9078314806159,0.26951453059163,0.292934340277912,0.36311123217456,0.488667308509546,32
86.1500572261657,52.2162733299701,0.262784593417374,0.715777951306814,0.270061837043613,0.4761820507655,13
63.8456582299415,38.7207371693719,0.529949993314479,0.540241265385622,0.0602759369648993,0.852136594269065,23
29.5914913073088,78.8134344498774,0.06006817592531,0.179623589480529,0.669195901369676,0.112085823573612,23
132.373352916771,68.6553012202031,0.349513949461847,0.908969930097647,0.444815806346014,0.627935886086054,33
25.1519080009,133.022192128172,0.0842706833555383,0.134804658825308,0.907713216962293,0.148670406660838,12
117.880500726538,53.348893049688,0.093688685376033,0.867878861844648,0.258901987457648,0.163827373604976,10
172.964961818239,43.2412652197127,0.661513040700226,0.969579952906285,0.0687112333253026,0.936594146143353,15
37.4266850446091,156.854194475641,0.27699980485178,0.26415079827031,0.9249773172196,0.502444709715464,22
64.7172452169432,67.3063222338441,0.335461420830563,0.54826558324466,0.482962450711057,0.604935306914756,28
51.0214904803017,79.3714072828633,0.0924945580258599,0.412516434329693,0.625874696532264,0.161879630618188,28
38.6545922316105,95.1557558769292,0.0702771256674263,0.277692807565917,0.689458788605407,0.127075054944968,24
45.1371282215079,150.385320805146,0.511813680639534,0.349122487838333,0.920584228122607,0.835707508532145,22
20.6474700102989,37.3856613826241,0.707961513651678,0.0933665430692546,0.0298714346718043,0.954558147303207,13
145.71626776267,135.265766193145,0.287226184447978,0.936019946465459,0.909411991247907,0.521061662722681,24
82.550300724614,84.2085782692379,0.31076216589632,0.691654875572184,0.607247699052095,0.562870275831016,24
63.8169207743295,53.4360198885899,0.272115935300254,0.539975143192271,0.284592734416947,0.49346903542567,34
48.2683986097051,63.6939120933147,0.153737695437328,0.383124983607792,0.37972511886619,0.269439635987409,28
158.926220515048,132.764957601105,0.762738701350743,0.955222974470415,0.884970302926376,0.970007010958335,33
130.209492591466,73.572660007631,0.144877007022812,0.90369242950793,0.600414296612144,0.253098594050268,23
43.9505649579945,85.4974918088377,0.223058064023711,0.336117293073003,0.713221051031724,0.401085099252729,28
21.9429540099399,40.7619536429661,0.0633209937810826,0.104774936056737,0.0251301240641624,0.116787783621177,35
87.8907105248712,74.7989907848146,0.11620811574643,0.726882216838477,0.556036616908386,0.201832257598093,17
136.178130913243,57.5717723980342,0.581000357556434,0.917605863781393,0.423595973057672,0.891705150903743,29
50.0898401044589,101.241062066842,0.725355577389711,0.402631434561239,0.727483416674659,0.960069231080953,18
33.8844388351147,52.6019644113113,0.408600071319305,0.225386372067627,0.212911442387849,0.716315592531262,23
25.7795941768018,57.6039926858829,0.458133214517367,0.140936658669297,0.417750708991662,0.77922896806417,19
9.12162320680327,41.5651617078335,0.418570629484227,0.0174251978765471,0.0526152630336583,0.729818167173723,19
27.8343787076893,40.036049615671,0.0732964350167165,0.161508014267151,0.0331908403895795,0.131635464298866,42
46.5308937582904,120.059639222004,0.300391249634565,0.364321485398521,0.860983445076272,0.544638552169277,27
82.6592046152611,132.936819836812,0.184486803794281,0.692407900661762,0.879922745749354,0.327335276767751,35
138.466758589303,46.3226666677267,0.176226459464009,0.922427544238482,0.159994441317394,0.311643890162977,17
112.036438647734,70.8471369676611,0.256859805887139,0.847007039177003,0.519806288648397,0.465120731924526,22
57.0468570762417,51.574408814966,0.199845006592075,0.474638951551293,0.22931503597647,0.356662246618012,41
44.0938771236611,53.485294387629,0.414038942795128,0.337690812868784,0.268492923118174,0.723733200738338,17
73.8274196011808,63.8996301314728,0.370558975281966,0.626524867535156,0.420188627904281,0.661007895198111,28
104.059202762249,171.622615222672,0.765628871816756,0.813789132249721,0.961148688569665,0.970677165538526,40
18.7967255533266,53.0236065700816,0.276757149444492,0.0778963873198592,0.249923090450466,0.501999993252262,17
71.786529466655,97.1135588841086,0.25255452016243,0.609898650267276,0.700791264884174,0.457045644692509,37
33.7131938222295,70.0185441239034,0.355432243082181,0.223529778617929,0.546133198076859,0.637406745101258,32
55.0576047432614,41.872458329433,0.340275439972299,0.454504345245459,0.120390029391274,0.612894351416693,28
116.395544851769,106.368384036984,0.182077637762895,0.862833594191399,0.774268760811538,0.322751160459655,27
22.4649812414863,63.5075988426475,0.293311610340199,0.109496054776954,0.494664596626535,0.532017238808246,22
40.3357333742024,73.719389429094,0.277380072596592,0.296263924803905,0.579519746825099,0.503141362906571,26
95.0078851030568,51.6631116815948,0.308238372255443,0.768627585067779,0.209396911086515,0.558462741633081,19
112.039111170701,38.8844993228956,-0.0049204260564213,0.84701722300382,0.0760833232197911,0.0353361993734002,14
52.3210313167876,86.5412597574083,0.320050471772473,0.426190113250561,0.627997303614393,0.578922111130835,24
32.5545387562938,54.1863767885578,0.0590243710450716,0.211025667482896,0.279845266370103,0.11059207195095,34
114.342948134354,80.8252548921305,0.210422938349911,0.85557410315161,0.5694700316526,0.376913195668601,33
107.761559359145,62.270163382153,0.553872092393053,0.829923863498402,0.476598835084587,0.8718660809368,22
34.4644937017588,68.4701820232517,0.152162825537581,0.231689725766582,0.449634678894654,0.26652128822331,25
52.2469290247697,60.2504696754642,0.118717679516345,0.425414167086423,0.399420083733276,0.206204015082946,17
47.6127697235443,106.219316871659,-0.0017494956281077,0.376050377599561,0.755109424237162,0.0382190088896308,31
173.032694872408,114.37523057272,0.215714817870045,0.969637145486529,0.817154527176172,0.387043117106767,20
50.3491682137156,46.0993923364767,0.148170894477188,0.405389565554477,0.170701814582571,0.259150402129735,40
138.619737031206,101.53750617723,-0.0006112717712758,0.922740287834195,0.816075718728825,0.0392777484499265,20
86.0279783071476,57.0208311162428,0.49900242349655,0.714985585792899,0.368207901716232,0.82331038688036,24
39.8836011586273,100.099754818749,0.323961832414245,0.291268143781471,0.730543073266745,0.585599387956212,29
18.4887099528097,171.51826116127,0.560886087078579,0.0754235789508436,0.955910367891192,0.877247029535205,21
48.4556836689945,65.3685724919608,0.625734211970788,0.38514097333996,0.505823758197948,0.919031049381695,19
23.6415803495353,53.4107049601461,0.26007841907884,0.120379828304826,0.319410388590768,0.471137446517797,39
57.9446842320731,60.3007404256268,0.258108721037398,0.483594336974453,0.362462686141953,0.467457510625904,26
86.9765821491211,150.844597946861,0.318095979827798,0.721095650423662,0.921412235125899,0.575566971681783,33
133.302288673844,117.243264906683,0.106991864237831,0.911152478133859,0.850141861243173,0.186000468259351,22
77.5914573860735,96.4357803702987,0.515768052963593,0.655803963723572,0.693519504042342,0.839400569458598,29
80.1656109436524,73.295710477498,0.242847197940517,0.674797648218024,0.542404781328514,0.438737025156351,33
58.0919648681474,48.4543664972648,0.0541952476774009,0.485055291905185,0.215318192960694,0.103778702779406,18
63.7429900552792,75.5231628264267,0.707795855719266,0.539290057866232,0.593711473746225,0.954502699779171,24
102.439886835243,116.465414573246,0.0687289736574639,0.806321047724238,0.811672351090237,0.124758746627159,22
104.139543524855,186.222736240401,0.295740893685732,0.814153017132693,0.956228827824816,0.536363494982412,36
86.3154197099291,97.537196179687,0.327376274517032,0.716848401860737,0.696320746093988,0.591387217326982,29
87.5533911770236,53.4148098972248,0.127758525252628,0.724758474432297,0.301617480348796,0.222151971034746,25
46.7177804767346,88.5322493169277,0.103121680175428,0.366352174140315,0.687807369045913,0.179463200928085,22
81.4420999584126,44.9757895066542,0.104575481835091,0.683908844762841,0.110330936033279,0.18191084274986,24
76.0662276247381,64.0183666164158,0.0094345910518513,0.644155974848839,0.438508190913126,0.0491575994166518,24
147.01295325535,56.4143188236933,0.33855154516371,0.938202416894488,0.326029421761632,0.610053623114361,16
88.2099593557517,47.4804519113696,-0.0066329295233178,0.728879804844379,0.257928148377687,0.0338205181112088,15
73.5050489174705,105.23143942323,0.75190049170493,0.623933772539865,0.805500833084807,0.967374268145797,25
53.054999300361,86.6003611782041,0.201711574723948,0.433850250139717,0.645993962651119,0.360234464146033,22
28.5996824135697,85.0633554231283,0.115111580654326,0.169344400976776,0.645128055475652,0.199929963655555,26
26.0839093717078,53.9752602740223,0.0015203671030139,0.143936569859564,0.372265701880679,0.0412941916499808,20
80.3061148927692,60.9577537718794,0.283678601638813,0.675810467420537,0.465239453362301,0.514631717892761,26
81.6080859078188,89.613468830354,0.0159987290784147,0.685078720148879,0.653330469503999,0.0561175544955771,33
38.4234610551654,43.4066835078017,0.412170346229251,0.275141580199938,0.122205054853112,0.721198845514286,31
84.4148903002171,60.8379418408895,0.455818140035259,0.704346899744951,0.463611434679478,0.776521404250663,27
28.4473404671106,89.5173454711401,0.309667470434473,0.167777591889472,0.651065047364682,0.560960866093132,19
49.1418934646322,39.1723552695668,0.355318540274857,0.392507926859468,0.024255997268483,0.637226025575178,18
63.4436620781542,79.6739927165197,0.176423122192455,0.536509661051168,0.621579441474751,0.31201654745735,32
18.6992181967988,45.725798694739,0.363325396682865,0.0771103069445689,0.15398238110356,0.649832036543273,34
38.6857377180645,41.7008641219219,0.696294515710169,0.278036651482115,0.0351414748001844,0.950510086467244,11
69.6319577101208,156.800325865602,0.398791509831422,0.591774774396798,0.940730225527659,0.70262468900907,35
16.5071685234417,71.9090913407347,0.350134528544697,0.0602708269807108,0.500958803808317,0.628935096930736,16
39.2460678004076,50.8641206574486,0.0472016867203622,0.284224620527743,0.246921895537525,0.0942041772809061,31
53.794740841203,67.8130638145194,0.0073235009062064,0.441522613859096,0.527033698977903,0.0470027642136015,29
53.1953778146973,41.3047203591166,0.130309062103288,0.435309971801091,0.123877127887681,0.226703971968891,22
114.850802104252,100.317674879287,0.279899916981275,0.857401672748178,0.751470738090575,0.507749413599585,37
32.3559155238731,39.4541590363256,0.479695701967628,0.208893137989107,0.0149464695714414,0.80335707126082,20
49.3074206670248,43.4234843369735,0.009899905804248,0.394280226173789,0.0792636424303055,0.0496380836423354,24
78.3483100709211,53.2971838505579,0.188744646692525,0.661474921423764,0.252598146209493,0.335449959070586,25
86.5998081251798,96.4790756091297,0.105299058586724,0.718681689716977,0.701057232916355,0.183132688676315,19
18.2190578883227,60.6269861326209,0.0532416626190757,0.0732838367247844,0.408540281001478,0.1024525439692,31
72.4346970492099,38.1258333904087,0.0687952427314666,0.615236174540538,0.0251581794582307,0.124857587106997,19
49.2893672709129,84.3885837606935,0.466122754573822,0.394087020406217,0.647924620425329,0.78839822361689,26
70.7363591918884,118.937410693886,0.145264456207013,0.601137937288311,0.859360972652212,0.253808973168831,34
82.3462742309632,102.5866245644,0.590543505902706,0.690240182340478,0.724319907603785,0.898076816811111,32
57.2234672766081,48.9475797437078,0.403010753054157,0.47640719566157,0.170913869980723,0.708563251789436,22
33.0117198095058,47.3504035614195,0.518571224988469,0.215946909117178,0.226294933352619,0.841980777026834,28
78.0595229170374,52.9272119340281,0.221444248644527,0.659319608863052,0.357237663818523,0.398001205286911,25
63.3471754863691,87.8409779017459,0.66318451398471,0.535611149038161,0.726538078859448,0.937330459466573,26
36.3251428811353,47.9554601617544,0.349922541946426,0.252036405811437,0.190879044588655,0.628593931814116,28
43.193732137328,71.1044075466719,0.0888634663072945,0.327796635489338,0.474636489292607,0.156002614082013,26
146.799561174193,76.9882848949221,0.439326561013986,0.937848125794551,0.611271212110296,0.756573123692725,34
9.7143469503178,58.1689670384883,0.292705150671248,0.0199658771026003,0.361866032006219,0.530929756771124,31
88.0829775633947,62.5707222983567,0.101381193354252,0.728086700662514,0.395364079857245,0.176545847184663,14
135.763325546555,105.642062300828,0.4453330038972,0.916702682638137,0.796948147006333,0.763972859093988,39
30.378507814431,61.7459671102515,0.305185650310258,0.18787046447204,0.40284776664339,0.553106094178782,25
23.9373997655701,58.8109275762652,0.198258390482979,0.123166513702771,0.380878521827981,0.35362664947344,27
49.909474308946,52.7522459274611,0.227038665027259,0.400710193897083,0.341511823935434,0.408685203925907,28
59.4683365244317,83.0648748531446,0.126860816842559,0.498595465727706,0.693210012977943,0.220555148318912,26
14.2755372372636,63.7315532815096,0.122268725084441,0.0449083109751889,0.408836165675893,0.212431912640856,25
88.4925745918569,155.543316918159,0.143110610884073,0.730638151216674,0.952946644742042,0.249865078980947,18
157.530294821823,67.9996689674449,0.0542016620854957,0.953486623161555,0.444057603133842,0.103787645084235,11
66.7575184913612,67.2087062335921,0.224613854977027,0.566689619114053,0.472503198310733,0.404056731111019,27
70.9607003504563,114.444296628975,0.476107734282268,0.60302113237028,0.795965623110533,0.799478081055353,34
19.9207967517761,55.7096593734217,0.132261376135894,0.0871709820520735,0.322777950437739,0.230203096842266,33
124.270583098021,191.194203675963,0.134385630855121,0.887727264110387,0.961084364680573,0.234024505408052,22
64.4043579522507,79.456671485466,0.28942495712658,0.545395460598138,0.635411631781608,0.525031120471368,24
13.7065571211082,80.2178250657452,0.163064283641745,0.0413043489688868,0.59389167604968,0.286832122943044,24
27.7144491068277,50.9527723853897,0.106984022374792,0.160288024999997,0.261986762052402,0.185987153667651,26
51.337877228176,89.0771466713664,0.132861587349355,0.415858063021174,0.734943997347727,0.231281368554824,23
30.6257115639682,41.7653754726878,-0.016021788732524,0.190476013740118,0.0837104774545878,0.0260364229930353,50
50.4145034069978,65.3253796979479,0.260656392180328,0.406083657231835,0.409495423315093,0.472215962506343,22
62.8196794443032,45.1821341906652,0.187319843613457,0.530679491117492,0.179828983964399,0.332732847189068,23
14.3425271311427,138.15929421382,0.444097226158584,0.0453412849938102,0.91082035866566,0.762463003768346,9
43.4848370902304,46.6170416500663,0.0690978606906271,0.33099911542956,0.138501530513167,0.125309295669884,25
34.3540580249127,51.1536152027049,0.391326262019714,0.230487978612102,0.273341710213572,0.691936400046104,33
39.6475647315829,51.2876670551639,0.173359105183396,0.288660175238387,0.314489011885598,0.306216336044455,35
70.4479236498183,76.3999671188584,0.537704739272459,0.59870738533826,0.55794220068492,0.858769726549303,30
47.8053600080778,48.9599854850771,0.245928109972113,0.378131256662771,0.150482505327091,0.444561862215396,39
38.6601978229221,91.1531414505914,0.161712682402382,0.277754691897361,0.706277878722176,0.284300761820759,19
111.274525807677,82.0938607606649,0.620719303257855,0.844078942514209,0.64929096121341,0.916278812799877,29
32.1346092465301,107.14523275801,0.0784433549850052,0.206521186545292,0.761232249205932,0.139537146023554,19
50.714808336607,123.239956623051,0.494000712757861,0.409269798565401,0.830112353432924,0.818288962177952,25
59.0064454345656,53.596020670025,0.799568431716181,0.494074498701605,0.32446132786572,0.977624632139252,18
54.5291929509012,140.718271410405,0.170265986979397,0.449090717060346,0.915378710022196,0.300374444868134,20
29.4082679829422,112.546187943634,0.41282065888894,0.177714746205955,0.846525675617158,0.722082528887888,27
49.7121292642305,42.2296855582528,0.501118622451256,0.398605382799563,0.138189915334806,0.825404098401535,24
34.6806700585459,61.8253219820991,0.490456608345199,0.234044276196605,0.415299464948475,0.814668603297112,23
36.9083264625626,105.472146067852,0.0036464817265996,0.258445101008448,0.823557415045798,0.0433487368075176,20
11.6286122541869,59.8182007434415,0.435567646425315,0.0293050868176898,0.341133672278374,0.75186392919914,18
82.739797103107,161.508856859304,0.579075577305604,0.692964223736977,0.954049362801015,0.890382640133399,29
47.9534174210002,128.223104055686,0.0239735160345227,0.37972944905438,0.846353532979265,0.0650868507756838,15
144.159949029599,47.6210316070875,0.288216425422928,0.933305020706982,0.133039030479267,0.522850868442697,20
59.6465580928791,128.766800449621,-0.0118682951665123,0.500333618174408,0.896503402385861,0.0293691009050572,26
39.6105874744177,54.727738022884,0.519745459906625,0.288251630416622,0.336690623546019,0.843052354992901,28
72.1941651310715,144.019872297382,0.681222922012158,0.613261651604035,0.924767247866839,0.944833355702179,36
62.484008347469,62.0085234014605,0.117664328358241,0.527524195105743,0.415861854096875,0.204365998263464,27
67.1489824907855,78.4173354427391,0.33468335971564,0.570166281288808,0.626165293157101,0.603641303075102,24
50.6171027815992,64.9074298641311,0.0537021343749945,0.408233928314259,0.480445208959281,0.103092123623421,33
81.0402602678894,122.212042400493,0.444918908736195,0.681062502584247,0.861730586038902,0.763467649640611,32
92.949995921275,69.2286914824754,0.410032327888071,0.757147007575836,0.543124125571921,0.71828101228889,33
155.477597760496,68.048250157265,0.219462257565485,0.950817075577114,0.462433592882007,0.394211976255187,20
122.815566347138,74.457942754549,0.333473651368309,0.883462964938332,0.631742815952748,0.601625246641104,27
43.865430106984,44.2986365022768,0.685474443609014,0.335182212928305,0.102154568536207,0.946487516605281,26
45.2156250886413,43.4472958770289,0.102868880450027,0.34998086975459,0.172535816440359,0.179038583757153,22
54.104957395421,157.203262051848,0.106476525830932,0.444725315159414,0.925556287169456,0.185126067680384,12
82.0785825219892,44.25007159067,0.372159958477837,0.688376250776478,0.0755110948812217,0.663453691954866,18
145.622325548923,182.445868015195,0.0088366898865354,0.935859053014648,0.961817743722349,0.0485431297460113,22
77.9140451884357,72.5935071404199,0.318273376526191,0.658229882255593,0.515400593634695,0.575872000118339,23
67.0580440834878,47.3553572171602,0.100899927165137,0.569360327508409,0.174090444110334,0.175741686125169,20
156.696763965655,97.6417937924898,0.125331368273824,0.95241959310079,0.741658889688551,0.217841147832895,25
31.0905788119903,40.0404463468505,0.137685911899766,0.195394217989515,0.0852469236124307,0.239989665143692,27
36.3233087087772,42.7901754614406,0.287762975214964,0.252016269627843,0.0364440907724202,0.522031864083748,22
26.4459965300836,64.6756863622748,0.0591260243039153,0.147528078171286,0.481455355882645,0.110737219145531,34
21.6883539795665,38.4619884399228,0.279978646418607,0.102497584002662,0.0425510928034782,0.507893150834556,31
21.0847055639989,52.4265713202444,0.696164591241412,0.0971663071221754,0.336051376070827,0.950463344038539,16
95.4755620698258,47.0767230489981,0.644014399294494,0.771171670581138,0.134931162931025,0.92844545011537,16
50.222688352189,66.1443053491428,0.173952918710147,0.404044991097372,0.503425631206483,0.30733943627672,30
43.6783653734408,43.9044115781269,0.596681232771512,0.333126753237927,0.186336904298514,0.902014591674824,22
102.305120819802,82.9880743615672,0.233390735427145,0.805687928305204,0.696066575823352,0.420789166032468,23
15.176946890631,61.5246878793489,0.485431726411563,0.0508837218594523,0.466699963668361,0.809446548767981,17
115.204411663156,80.5325702131452,0.498358524329664,0.858661887480786,0.596721876179799,0.822669700029611,31
58.6428323221257,81.6710068563423,0.127333612740988,0.490499103900239,0.596815727418289,0.221395795472614,28
57.5643183374077,59.9254774141602,0.523960797884407,0.479810675054109,0.360856500919908,0.846854357156756,20
35.2126350240375,49.4621838625241,0.183292658762099,0.239849735741311,0.214609145885333,0.325062363734588,35
52.5352596949484,134.268075186914,0.382881454260444,0.428430733241983,0.86784657696262,0.679569683870187,21
155.508876241148,42.8779206234072,0.111285447885228,0.950858820021502,0.0479629922192544,0.193331111305082,10
53.6027262597198,178.618316985453,0.365541564174419,0.43953583070482,0.948428474366665,0.653277672499578,24
152.060561724577,137.247560179343,0.203420417718839,0.946049221418451,0.909656742122024,0.363505571674725,22
38.7124160133175,181.498765646684,0.189157449243526,0.278331188470918,0.949146766681224,0.336237471082603,12
39.3918330530979,83.9871529938131,0.665429434276245,0.28583485285205,0.674811361124739,0.938308179949671,19
18.9298285978074,70.2840508052893,0.0768692992565564,0.0789742816768247,0.539584649959579,0.137103831640827,14
106.831961553559,173.318390362804,0.249154410573757,0.825992910375392,0.951480303192511,0.45064794240501,24
53.2536197527171,63.7827998273366,0.358736418044587,0.435915086263904,0.386168525088578,0.642637050323281,21
43.2595951894538,42.556236838729,0.235664267929795,0.328521414207332,0.046313721453771,0.42511282422162,23
147.40029440712,67.5693169505871,0.161288798322996,0.938840670102795,0.489828482735902,0.283507601780514,17
112.405234237003,47.9951289885096,0.582760834076664,0.848406653650485,0.150170870823786,0.892903693741558,18
142.558433840833,48.0777203493769,0.528745927814312,0.930398843323067,0.148226373596117,0.851085872743445,14
57.9554723015257,59.50765738861,0.328681337655095,0.483701427703669,0.426662812940776,0.59358914724266,31
33.3442457619659,83.9850581749764,0.363715980372113,0.219536867338881,0.705407215747982,0.650440685736638,24
36.468417088773,37.6605982777459,0.127839348960655,0.253609721301966,0.0385696657467633,0.222295876271611,29
44.1187592818304,44.5101293576885,0.437561736910504,0.337963938747959,0.164242164930329,0.754369649637627,31
32.9993586764485,55.3705150517018,0.232673174870338,0.215813625042415,0.321322044590488,0.419423545871323,29
93.8552234496496,133.597856615899,0.0231063879929166,0.762254894638702,0.918153600767255,0.0640849532950206,19
85.394949832024,61.2335254920326,0.136271234204401,0.710848103460682,0.450556094059721,0.237428566318973,19
101.704080543061,41.3769937447681,0.295827612686865,0.802842344689756,0.0845463515724987,0.536518350818622,16
65.1185869642879,57.5691335700902,-0.0050248529878103,0.551929805405858,0.332199451746419,0.0352429424139501,22
57.8508812049626,54.9852828044005,0.0770872488576358,0.48266265608985,0.338774163508788,0.137439884427537,26
45.8019607947835,65.512045891468,0.554835555031922,0.356383959262817,0.413620946696028,0.872615856863123,30
97.9332494281637,70.9422318487319,0.0632980340296525,0.784153546064204,0.476288876961917,0.116754348576317,16
13.4714960386817,86.7851734751275,0.603909381463347,0.0398543579876895,0.719148442847654,0.90649491777217,12
157.467656849778,158.149382983658,0.0711189375013805,0.953407232673729,0.941421738825738,0.128340861379174,28
10.6864257453594,60.2404927445778,0.34690042609648,0.0244954504606045,0.387775463517755,0.623712214216051,22
54.191657177628,48.2003745273314,0.345946080044425,0.445618823743752,0.201069453032687,0.62216367222797,25
50.8274059949807,145.539421456672,0.600161740334671,0.410462642545278,0.932398077566177,0.904192949259337,28
49.516484335512,75.1922854968869,0.13071356793519,0.396515950475284,0.568869990529492,0.227427927677249,29
37.2239845605051,143.711951874083,0.75787348467722,0.261918681050268,0.921997932717204,0.968848878529175,16
88.1462139045209,109.429848716366,0.196640465719597,0.728481900419408,0.795493503334001,0.350532129929959,29
66.1669691910068,47.302325905394,0.639701778194636,0.561409147125109,0.169415900716558,0.926309809271941,25
14.3041743558943,74.7424891224262,0.0949458390091509,0.0450931794193824,0.597070942865685,0.165885797902847,18
19.0273331489073,77.1301686959714,0.251485444080049,0.0797674218019202,0.554755142191425,0.455035923354793,27
77.635633423956,130.742471254276,0.369313342991877,0.656136951113382,0.878537752665579,0.659097977526381,29
83.009182838201,97.4311610200008,0.369293243183468,0.69481797059195,0.796923840884119,0.659067108662123,27
62.9954217012509,146.759373909464,0.528697577060775,0.532326184085768,0.90382745070383,0.851043562182753,19
40.76171227106,38.9508463702954,0.359209467724576,0.30097027028063,0.0372166854795069,0.643382465351309,23
95.2163687620913,70.3485155499316,0.216015360191648,0.769764648011375,0.547850488452241,0.387618232726921,23
85.734356910657,81.0316873456062,0.152037636506964,0.713072472784489,0.623165996978059,0.26628955100676,21
46.5735804581607,65.788785757228,0.275320036493701,0.364785476333325,0.495208336273208,0.499363491439629,27
41.0929043431007,70.7183590669861,0.321383045369494,0.304628603620976,0.507476530969143,0.581202602209504,20
37.5969614447887,76.1436105246391,0.49842159442381,0.266026722627898,0.645597313763574,0.822732530394461,22
53.2385441840548,47.6281024993899,0.302189843727433,0.435758485013267,0.248066345462576,0.547822829976256,22
13.0433240724699,40.4496642434674,0.183165282324685,0.0372726690866489,0.0336439930833876,0.324819999640359,35
98.7144697504754,87.1916050107112,0.140403441811524,0.788145848136416,0.697424814570695,0.244926197917017,21
30.6779617873087,83.1400398403159,0.218466235065023,0.191027623831068,0.601391920121387,0.392307094351702,28
26.4379044622945,40.1243226685039,0.145120236400226,0.147447556761813,0.0386838335543871,0.25354450271638,29
112.424738793586,77.469421898674,0.0812809070911307,0.84848035597973,0.585659284610301,0.143960229731926,23
19.3641833794855,43.4433471862114,0.0839370415720984,0.0825301917265442,0.0831284755840898,0.148142284100723,40
39.3646603047274,62.6942565829026,-0.0557609500971995,0.285534670798799,0.370037296786904,0.0037821507303916,23
157.539349536085,74.8752112636314,0.529336498854041,0.953498088948438,0.603897149441764,0.851601934379235,22
111.010779915678,57.5990505189334,0.258759655650091,0.84305377092755,0.328935695579275,0.468674382528902,17
78.7501888135827,98.9762910728975,0.285694561746012,0.664456808739158,0.712487320881337,0.518289428257139,29
16.2599584450628,47.9195752479192,0.478379265549627,0.058476682911506,0.222997051896527,0.801940123347089,36
107.73262668513,124.397400038266,0.746557139208874,0.829802708675083,0.881715251831338,0.966004375153803,43
101.674472559828,92.7697330647684,0.0795840120623646,0.802701237645428,0.69276145612821,0.141309557282173,23
22.1355628432608,40.410739051266,0.371209831939631,0.106508854801964,0.0540167314466089,0.662003418742908,23
75.6568351759679,53.2754358690667,0.155727478949909,0.640979389526992,0.25042935484089,0.27313488694025,30
43.2550160602066,117.289017785953,0.0713633218830025,0.328471027875255,0.797626331681386,0.128709161135581,21
147.287324339298,99.4363673095494,0.26347270032379,0.938655162902283,0.722366004018113,0.477462615338604,28
70.5046082836903,75.4974188119408,0.198603269002046,0.599185876184294,0.557739066425711,0.354286413840236,24
31.716824524116,67.1066012184448,0.405348831580364,0.202055718053684,0.476848298683763,0.711822078011146,27
62.2790937949342,126.27256549391,0.340089905975052,0.525591525480144,0.867397986585274,0.612589125169114,18
23.4540460391996,42.1229114209563,0.238586705249239,0.11862341175114,0.0768333964515477,0.430662877994953,28
84.6123248706576,53.6806633049513,0.420291720595661,0.705665948549311,0.269825243158266,0.732106387045803,25
32.6748593307372,101.828202308302,0.181010509534867,0.212319149241587,0.798395573627204,0.320722538573084,25
187.44808938899,115.76363225664,0.0829190813985117,0.979724975576523,0.822813377249986,0.146534805653743,17
63.9148852205995,173.737078485391,0.280294066042722,0.540881934866693,0.957689037080854,0.508468871285113,16
152.412728852162,65.9161899121882,0.277238028697453,0.94656007243704,0.492874815827236,0.502881175620054,18
100.508724557176,48.0619438011751,0.189097436685458,0.797075445159268,0.156620077323169,0.336122975930582,33
48.984929253637,60.177548169126,0.223097667447685,0.390825578903096,0.45454880502075,0.401160761016747,26
85.7106394732267,43.2797918630292,0.217004975740721,0.712917487209353,0.0577651790808886,0.389511754295787,24
26.5861624523266,101.524633462348,0.152905978847978,0.148924656696883,0.720853058621287,0.267897691430542,21
61.1050235949242,87.9398069802717,0.231230740983877,0.514424372495312,0.691520793130621,0.416677001560995,17
106.196045827779,86.1041215933207,0.200451801082791,0.823257937888492,0.666392723331228,0.357823415474868,23
54.8359638992796,90.0414522053709,0.163966942779855,0.452236854475,0.64576465729624,0.288524573339382,21
84.2165123001022,42.0385647989728,0.0283982819048528,0.70301677173807,0.0438935675192624,0.0702981852811927,24
10.0670130013878,38.0956087877541,0.662859557757617,0.0215575544635177,0.0337907122448087,0.93718787023558,17
18.9240309726979,84.0522563133449,0.395164996687281,0.0789272152878092,0.665225928416476,0.697461247175581,19
162.82788114511,137.690002404969,0.47900200992498,0.959755791810484,0.878164361929521,0.802611319310555,32
75.2492334195681,61.0026496546662,0.246782490483776,0.637795601574632,0.437358108814806,0.446174962186157,28
125.614213241973,57.1056351958501,0.117042597160451,0.891538023533157,0.351836425019428,0.203283180984274,19
16.9515259431926,125.530288065471,0.509666219046565,0.0635509959692715,0.846630981424823,0.83367572424082,15
29.5752028405326,44.4531754552873,0.207728203050422,0.179453719162398,0.153297622688115,0.371753459011585,32
27.4035674375932,73.30586192208,-0.0222344726381468,0.15713613174626,0.524729682365432,0.0213881258993804,32
125.810291344376,81.8162866566511,0.287932396361929,0.892084128831937,0.604729488492012,0.522337926892517,17
107.200334522561,67.6582540645729,-0.0048017085759163,0.827560115439409,0.448837347328663,0.0354423491749529,11
28.7763236935334,43.8343588968723,0.627408653593826,0.171165271231733,0.0622994967270643,0.919933416685123,22
38.6347742185286,67.4357512129714,0.190788865984984,0.27747402517024,0.490123329218477,0.339350972041737,26
72.8871891707379,42.8239381445157,0.473902989418238,0.618930811215012,0.0387351047247648,0.79706771102641,23
91.9175869461817,65.6469315985457,0.192436870528114,0.751209334293387,0.41353877983056,0.342497960750097,25
92.9089858970057,69.0446883406334,0.340384696674944,0.756913434979137,0.518201224505901,0.613074034789315,27
28.7618350966232,68.5705283973358,0.297012015882115,0.171015752762035,0.559185050195083,0.538631312677229,26
71.670179141513,41.9700020356673,0.214750656381473,0.608934900628592,0.0881143570877612,0.385197930960182,21
43.3532858041714,39.8028979741319,0.417331427285859,0.329552206100175,0.0193284708075225,0.728162851613917,17
59.5164301866674,119.663875666022,0.186724432873973,0.499064857163832,0.833351521287113,0.331597879896769,24
18.0870116850943,68.6867571247898,0.216890010358877,0.0722446845565543,0.52169398451224,0.389291797007893,19
59.7697108332282,64.8416018948147,-0.0120174138745114,0.501532644962932,0.439648736501113,0.0292463799220187,25
93.0653818307233,115.152024704816,0.295374433894454,0.757803177134913,0.815635249949992,0.535708875353654,32
76.112785920318,74.9670546731279,0.361767136574218,0.644515888796088,0.563060225686058,0.64739793115509,28
121.933196587077,92.8505642344657,0.380753438324034,0.880805560174087,0.666217820486054,0.676407653379994,22
52.4128593294435,165.474889738219,0.25687135720883,0.427151024059786,0.937464189715683,0.465142357072277,14
34.6611344147938,37.1675465464338,0.261934962427195,0.233831383437596,0.0322310484480113,0.474599680550376,20
38.1029332990367,44.8902778573189,0.0314625657136184,0.271605065407586,0.143055278109387,0.074002558896011,29
140.937109465513,47.4682995102194,0.409850397150601,0.927336392639573,0.174365573329851,0.718031835679979,11
11.6281730273403,47.8826578020825,0.202962593536272,0.0293027505313467,0.191400503972545,0.362629135871012,22
56.4709583269668,53.2673454698863,0.375543341670381,0.468850711651674,0.333349932916462,0.668589042688166,23
32.2824429460301,41.0268735835624,0.348079233080787,0.208105174275844,0.0410478636622429,0.625620371937443,34
53.4974666063408,74.8435701981274,0.521143705854515,0.438445287177397,0.565391124924645,0.844321252752766,26
11.5132850193363,46.7667773263355,0.0571441023290681,0.0286946371270791,0.179782273247838,0.107920040224434,28
68.4934847825383,70.414777887952,0.074788043629987,0.581962472282448,0.520534230396152,0.133909054960754,24
107.258539943251,96.8224194109154,0.103716486155429,0.827806602708987,0.738201708067209,0.180463444031754,28
69.957859939622,52.2794326837892,0.463201876545897,0.59455374953158,0.232164134271443,0.785077448557951,18
50.8584037881324,45.1198950711601,0.0223460440532482,0.410790856565833,0.168713451363146,0.0632117210524596,24
130.752600756339,116.136411592095,0.623032678370844,0.905042931196576,0.856262980261818,0.917557720206473,42
35.5238582471667,49.0564572682347,0.473345216984521,0.243253145876738,0.234128189971671,0.796454678898142,23
32.2430533948293,49.2756998841219,0.327678204930516,0.207682935772612,0.24601366952993,0.591897149724837,25
160.752770744904,49.0240945023113,0.43777997243054,0.957402247017848,0.243426988832653,0.754642848262369,18
165.787773548787,99.9213518574388,0.415299976660099,0.962899747045396,0.743578459369019,0.725435191051908,35
30.9997823512417,188.182226719494,0.34647977323203,0.194431765256624,0.958886089036241,0.623030063815252,10
46.3409855412305,114.934576421028,0.180394656056859,0.362256096625336,0.820635647978634,0.319552352337658,21
97.7042886803751,177.830793282003,0.418646025572028,0.782971329834597,0.950505910441279,0.729918670614133,27
21.3871602394076,50.5623096519246,0.182723092598836,0.0998253552460301,0.234076555352658,0.323978753559994,19
31.0902558979297,123.772197310459,0.237750499368142,0.195390793510041,0.853256565053016,0.429075745796703,17
101.929061606084,98.3686964979575,0.401381233912487,0.803911711117809,0.767486039549112,0.706278507892867,27
51.179098889725,74.0942463750486,0.398691351630952,0.414182063070428,0.590670872712508,0.70248281617815,28
72.8041073406117,43.0952322317816,0.265242144316798,0.618254385746459,0.125196236884221,0.480751448167394,25
77.9511415067099,189.330211187491,0.217890762155419,0.658508012110953,0.961128681432456,0.391206328168154,17
42.0625105670389,39.8653942506135,0.0941150617094176,0.315331624437391,0.0364292017184198,0.164524607958695,27
51.0405436788227,58.3774372943866,0.020127782465761,0.412717895387861,0.315006508026272,0.0606925342494063,32
97.7025658767429,82.4361351866468,0.764316998757346,0.782962413338626,0.665821371600032,0.970374604789646,26
91.10270598924,84.0285246068452,0.424901985467556,0.746437454861241,0.67682406376116,0.738173851705396,21
75.3923457914306,86.8303857678134,0.106796084773878,0.638915854786041,0.639815985457972,0.185668139261133,28
103.92685477383,67.8145129797224,0.145173890513713,0.813188334820835,0.534852931043133,0.253642887225191,21
154.663832323003,191.188467660576,0.755107230578139,0.949719156890761,0.958623114041984,0.9681732771375,45
100.842010629107,145.398386147496,0.094481417910016,0.798697851902346,0.922213070094585,0.165124433861238,25
60.1405916240087,91.0175350859772,0.381759482151047,0.505133391276094,0.651492840144783,0.677904819554268,29
86.1558649240795,81.8743340051642,0.235833591453012,0.715815602181033,0.666410828009248,0.425434630857312,30
65.1358188043377,52.9185255763572,0.410300106014808,0.552086694458817,0.346399031579494,0.718647514011292,20
44.3495442192618,48.0898194923969,0.316859199042915,0.3404961691052,0.153636453906074,0.573437584997345,22
20.0944160913465,95.4797210221531,0.109992416875883,0.0886373752499863,0.691610364476219,0.191115016197962,13
82.791141197185,111.194696058564,-0.0056214171956393,0.693318230708041,0.794842976843938,0.0347122580926644,26
69.1480188280741,57.2174283844878,0.0883222464512103,0.587623619221456,0.314042113954201,0.155132619367437,26
163.61317190945,63.3523716347118,0.442705194618563,0.960613774025648,0.409378218697384,0.760754434053614,17
67.3596626185014,44.5800973136245,0.168615686833052,0.572029534075993,0.123910958413035,0.297263517161738,20
65.9456156548715,47.3190601587504,0.399537104903188,0.559418863725904,0.141179417725652,0.703679504178523,22
40.6324119953756,90.4818311046328,0.256088778452229,0.299541813028955,0.655163755873218,0.46367679288815,24
89.1593145086552,54.184156300228,0.297481327568,0.734749269238349,0.320030579576269,0.539467497257224,17
139.957292715127,70.2257050294682,0.576302458506797,0.92542512915958,0.53143586916849,0.888454859467615,27
97.3026712298455,108.368381628128,0.238689205418598,0.78088423164025,0.812155550112948,0.430857372511315,39
41.8832138025866,46.9577991025441,0.139150408529942,0.313353498282968,0.150264483410865,0.242647297158666,23
124.484089330347,94.715729824348,0.58598660824363,0.888340869670306,0.756632341537625,0.895072547130026,35
52.7738453370887,51.8679104913168,0.566651099769176,0.430921469764282,0.225257625570521,0.881536754378533,18
69.7364631527173,99.1925414869718,0.0214898505153506,0.592667348047868,0.757827609078959,0.0622343467200711,20
92.1449830508862,76.6384017281211,0.570828765983863,0.75252748230509,0.538026680238545,0.884571434086183,21
159.939615482049,118.67531662499,0.252362597309064,0.956444798808658,0.849700663471594,0.456684984279326,23
62.0541707119204,46.2985836287295,0.295330910689637,0.523464511330484,0.135978332255036,0.535631104212836,24
56.8758824055469,115.103087151032,0.529946463657804,0.47292406454113,0.836490217363462,0.852133522349655,27
13.6634387149161,49.4812869363155,0.39119191272471,0.0410366509158932,0.194705713773146,0.691741940366281,27
50.4226947002192,55.4925489826641,0.141013549909182,0.406170655162174,0.266178929246962,0.246037450068177,34
44.3087407217739,41.6791054672107,-0.0324076804364914,0.340048602189519,0.0264676453080028,0.0146766148533415,17
170.925240356476,79.3806929854509,0.0707303260760161,0.967808561356807,0.559420133009553,0.127755969110418,9
57.804300860489,41.5681329540222,0.0620704331399836,0.482199659893048,0.0373432936612517,0.114971740703737,22
89.9405828749706,78.417391005968,0.0835249374201456,0.739500572595237,0.627943766536191,0.147490822498825,20
181.655175779818,53.2893718457653,0.0481017054277875,0.976134258605228,0.311404885258526,0.0954164514489919,13
52.8148916185506,120.86739021453,0.294903026207413,0.431349479271513,0.83229164336808,0.534866249691086,23
15.2603756477335,134.33444355335,0.3041652416772,0.051452845641494,0.859572062501684,0.55130946644079,12
84.3524336512992,141.233738563336,0.125717994047126,0.703928643517021,0.902145493077114,0.218526427399932,21
12.3540913794233,38.1605281181958,0.0909824745275002,0.0332814339963318,0.015015272423625,0.159423862998393,34
33.1334101755141,147.386053374918,0.0492391186459717,0.217259683606809,0.933415220817551,0.0969569822703469,12
70.5182912478632,86.3497978987519,0.210987881439677,0.599301317241754,0.669915980193764,0.377994856414905,22
86.4959184887011,106.931738600073,0.116814452866677,0.718013095183342,0.775786709971726,0.202886226831828,27
45.7794416063819,166.745653445858,0.733136312311425,0.356138328880039,0.95526676136069,0.962343060173048,17
60.6547533001136,93.201714410654,0.185654581856627,0.510099719391272,0.703255518339574,0.329559296179484,20
28.2252330311544,78.6181353336571,0.42733361838944,0.165499310992105,0.558898258954287,0.741337664612477,25
70.6797763306092,51.3363953578546,0.293728465606337,0.600661959060543,0.282475770218298,0.532764162597713,27
32.3362236357052,71.7803908841275,0.25808195750885,0.208681903374455,0.473551389062777,0.467407462663422,30
46.9822236150144,59.2884226635601,0.0792640530261928,0.369222379646351,0.372377603081986,0.140811623480998,27
181.340798806607,50.2035613773792,0.599472387080365,0.975922834243605,0.233452066779137,0.903764611589816,13
43.3578825587327,136.723160956133,0.0869628325773812,0.329602773512647,0.922931240405887,0.152954365102421,16
48.1628094749868,84.636461566967,0.534897024836864,0.381987410670499,0.664836208336055,0.856394785908839,35
39.6122124975303,44.1300858870287,0.270295814063378,0.288269584431387,0.129583931760862,0.490110894227374,33
140.244179815616,101.150912966647,0.765885257669558,0.925989542339324,0.726955500431359,0.970735982105675,19
110.716489585604,51.4083768321259,0.340861563990938,0.841902795105169,0.205085186520591,0.613857791735662,22
93.9554732256048,114.260893339546,0.625108158928854,0.762814963225011,0.846018602605909,0.918691544128298,26
27.1985232820458,69.1078397516939,0.128633332162183,0.155065802852513,0.453600655077025,0.223710751377825,17
71.9769863741592,168.566466244411,0.492857072511679,0.611472540784011,0.948618499562144,0.817126376280591,20
47.1163828966896,95.9450304626944,0.263896463842877,0.370677044817316,0.752047995338216,0.478250796987904,21
25.162098336975,56.4374907993494,0.0630832729970833,0.134903595117796,0.341700955992565,0.11644177224156,34
60.3042517707507,74.5538221667659,0.0699669331495103,0.506717421756534,0.619430842343718,0.126609744750564,27
39.9567261060829,75.6575418126919,0.654284849797397,0.292076127889647,0.573468285147101,0.933326745531121,27
26.3048230876232,63.8030089176,0.367379364238743,0.146124983108874,0.474359691608697,0.656120559764781,33
62.7868874350173,66.03895666869,0.409950208022583,0.53037183003283,0.492427241057158,0.718168556244804,27
31.7827723614665,44.666829391243,0.264259089374985,0.202759495951481,0.104232002515346,0.478924995842406,35
27.0241535946116,46.8491340319865,0.698745420746523,0.153310647338696,0.220741410274059,0.951384878795472,18
31.5724739139575,49.9126081732394,0.0903100421219528,0.200516727214252,0.21332606417127,0.158335612122369,24
41.4124601481422,78.5944460085982,0.194883606985511,0.308157416495689,0.577271483140066,0.347173193375961,30
72.0356370698656,51.5671442712842,0.187557239092121,0.611956291635355,0.332080936990678,0.33318545011239,23
129.815456573711,51.1487203150784,0.591067979294211,0.902701555634043,0.316302371444181,0.89841815259119,13
11.349462300808,41.9499911462643,0.291926614221754,0.0278378322628107,0.120104533154517,0.529532288823811,24
7.15121011426309,52.1642690863882,0.176586098698282,0.0102192850054753,0.271108742803335,0.312325409965933,27
102.686230317122,70.9888693511129,0.393493679708555,0.807473712116301,0.490826343651861,0.695063295765035,15
65.1146011414416,72.8407815793061,0.286656344482992,0.551893510948399,0.54667458916083,0.520030936498436,20
80.2290987317944,140.619395074393,0.0038526036009084,0.675255603609562,0.930968592409045,0.0435502040016534,18
27.0805434607762,77.4993716158571,0.533054171187431,0.153877697427343,0.577242071041837,0.854819559983196,22
35.4250235443076,72.1661560107379,0.0696415243824859,0.242171804543038,0.541380415437743,0.126122257971787,22
65.8801755915708,102.462964596056,0.511983182023814,0.558829316530928,0.727698219707236,0.835867091550708,31
166.073249361026,37.8137416323636,0.321190806531692,0.963190285870025,0.0251148208044469,0.580873970205258,6
69.3864418474939,137.54552277089,0.102929760486224,0.589672446721854,0.925301646115258,0.179140814176635,25
87.5237494323008,93.1065935269806,0.720794520436492,0.724571207797004,0.759062241297215,0.958682465688991,27
55.9174688560394,80.1844917450057,0.0048168042813007,0.46325603422527,0.669994338881224,0.0444979622529492,33
105.620160979983,123.595411664171,0.460601184755702,0.820748604472369,0.847398489946499,0.782090261753893,30
154.367502121512,85.1345806580343,0.538506125507109,0.949313627760614,0.670399069786072,0.859442067693865,31
42.0423002420488,52.8555785168535,0.1349322016323,0.315108678295843,0.250792283099145,0.235010080575361,24
71.1776319067646,85.7845932516559,0.572600176047671,0.604836087142548,0.64924333197996,0.885839642289542,29
60.4181451481215,99.3089499143834,0.345822706672375,0.507817996793149,0.762747415574268,0.621963241500543,28
70.8353629931677,56.9212493135099,0.0171155135111345,0.601969791348689,0.37670742161572,0.057340148420356,27
43.1093398935032,63.1952660704756,0.373397362165113,0.326867781065976,0.416567394277081,0.665337111905659,27
64.914730845063,70.372273410855,0.165506417254381,0.550071047235078,0.471617452800274,0.291414424567003,22
108.221098372992,51.7139759755911,0.0249698361418913,0.83183798329198,0.275103168096393,0.0662459094856364,16
41.9363212940601,112.8929439687,0.623735534223514,0.313939474621665,0.790252340491861,0.917943118449298,25
74.2731522525503,62.1654408996763,0.65928702961408,0.630085786387748,0.42948395665735,0.935602397174806,22
15.5617754001506,114.45969736181,0.0388108584769662,0.0535311201065104,0.853645846946165,0.0831947033205895,16
155.095706402198,164.707781725923,0.338433585609447,0.950304688434708,0.954038031166419,0.609858858000491,32
10.4314642149017,139.560155199028,0.0708288643479041,0.0232643548161362,0.929065940203145,0.127904188325089,14
91.4081900396052,50.9762223187829,0.388954760246976,0.748235210804936,0.304869138635695,0.688492954509723,14
32.0630224935687,67.857352514288,0.682062444789227,0.205754874536658,0.54914698167704,0.945163351877242,17
122.689602594264,189.388134581132,0.754718120738737,0.883086935927311,0.97345485072583,0.968077235410709,44
112.417418854401,67.93713881312,0.447642186301734,0.848452699704679,0.470165393780917,0.766776720247517,33
62.3777127306062,43.1069252431257,0.049161529984996,0.526522270432853,0.127361308317631,0.0968515946362053,21
15.292295705864,68.3546156757689,0.231550582700286,0.0516713025035514,0.437783426837996,0.417286169514875,22
42.1281458949907,49.0408386385925,0.283302262752656,0.316055616026828,0.216459919698536,0.513947801182692,19
89.3384398142644,79.5464895698973,0.496441663406144,0.735844899015757,0.66461957199499,0.820752354198693,27
19.212840067482,94.7381851143346,0.329023854482622,0.0812845778718118,0.701462028315291,0.594166098143604,18
114.647616750009,105.83105669859,0.323725190984994,0.856672993020052,0.809605360962451,0.585196826167079,24
33.5798437887519,40.8088236431397,0.0763183812518825,0.22208546457624,0.0929166323039681,0.136255638940098,31
34.4480548661566,61.3584281532182,0.0908440929164748,0.23151079270846,0.418591665802523,0.159199714670102,26
36.1502252725946,58.4508425102914,0.660523731138933,0.250116701993238,0.337807114236057,0.936154960015544,14
42.7133396091601,139.091896864695,0.0085709440117475,0.322506770590181,0.930421034106985,0.0482710776159436,10
63.8194475989157,62.0296773247944,0.278500615055416,0.539998546711933,0.425730455899611,0.505192299798524,33
32.5927332067378,41.3842071016299,0.197120282625916,0.211436135650396,0.0384859729092568,0.351449737511135,38
30.1509593262814,61.2201714060536,0.368414974423776,0.185478352887632,0.3518141573295,0.657716734276877,32
18.8089365406215,149.260510152758,0.185213418092306,0.0779950415280182,0.946545336628333,0.32871895906485,13
21.9023086472066,44.5410228309417,-0.0196925858014369,0.104410246933066,0.105235188733786,0.0232405768816602,42
149.077350960946,56.8870072758365,0.3877066478655,0.941533268290213,0.305423182668164,0.68667142760491,21
35.4358708075329,54.9659940338769,0.107114999580172,0.242290459980328,0.332515547284856,0.186209574087245,20
21.0858890962271,49.2068820192272,0.182087588188075,0.0971766639558025,0.154866492608562,0.322770081960918,31
145.080044281225,66.2620689508897,0.804635834776318,0.934922852467065,0.440870241262019,0.978527112739662,12
66.7188032418396,62.6925887014575,0.447212679008836,0.566344755203185,0.396988398628309,0.766256924986175,24
19.7101768306409,56.1968433078167,-0.0288954612020656,0.0854040137682311,0.369727968936786,0.0168648165860893,23
103.503275375132,100.468724843137,0.311991549900392,0.811254088313322,0.725719161098823,0.565010271109704,27
86.2495624150428,100.179202841759,0.158521768621157,0.716422476872616,0.759123580995947,0.278338708308708,21
113.85146377571,108.943688232203,0.0195547663638242,0.853785467398868,0.820971815148368,0.0600487088130525,25
39.4246391324034,53.127114960606,0.326678819867516,0.286197273725038,0.285248306812719,0.590208113744977,27
59.3292396997384,61.3090352974506,0.524262779024076,0.49723645498853,0.433579842094332,0.847124046295745,21
52.3551105216054,222.918110502531,1.01591613543929,0.426546810049478,0.987796114990488,0.996783562579914,1
254.277488821993,94.230010687183,0.467833597253391,0.997089174174932,0.717555214185268,0.790326528326247,1
221.047641060679,96.6636025332998,0.0469821145913869,0.992264083112711,0.788470308529213,0.0939093322101487,1
57.4145200918775,67.1773798087428,0.911930630019864,0.478316396429407,0.513791247271001,0.991442042920153,1
95.1819672736848,162.623559503751,0.945193558518673,0.769577350350489,0.955303553491831,0.993683957578805,1
59.9060586636084,394.269698239719,0.13990699830709,0.502858177187585,0.99955175165087,0.244022766026947,1
243.445461977488,66.6862713474052,0.440740534645814,0.995987706258265,0.475524416193366,0.758328950119909,1
230.047726242419,46.5984436531993,0.175027466795261,0.994050623458782,0.161587849957868,0.309372999302098,1
45.2390738722543,39.2934948479008,0.896519109874121,0.350237236465845,0.0341926685068756,0.990177885478842,1
220.305565827917,183.107534104909,0.293113048367074,0.992095379189703,0.974171632435173,0.531661291831893,1
128.227086165122,236.862357181481,1.18294186994974,0.898611384873333,0.987345662666485,0.999440175054892,1
176.405151669957,69.2375921186916,0.942802373905994,0.972358169440632,0.455109732458368,0.993542634067495,1
43.1944084225913,261.402996541614,0.342920143089647,0.327804078166426,0.992568699177355,0.617231839613801,1
103.696660257415,83.8353066669825,0.993777806004922,0.81213932550719,0.69571701111272,0.996010229520923,1
232.716043459795,116.670655080578,0.189674497684878,0.994497995537961,0.861463492969051,0.337224033713975,1
310.958595694716,50.4432893914102,0.536080637501518,0.999473006427162,0.190283974865451,0.857399635770002,1
84.6218531491099,281.035429514407,0.365070591068741,0.705729486589505,0.997253656154498,0.652547009860231,1
19.6259022009408,52.6320327458532,0.950408590056691,0.0847007042911293,0.277033314341679,0.99398248071439,1
16.3338934102054,318.676831876851,0.178358176909194,0.0590109436461441,0.997284145560116,0.315685875330376,1
219.083134319448,75.9878708776761,0.266728984354396,0.991809627545916,0.569628263125196,0.483510357924495,1
38.828184153264,262.928045041332,0.980130406186284,0.279609413905277,0.993663360364735,0.995452206627146,1
230.828408560917,177.565502439273,0.962548843432924,0.99418506503472,0.959563203854486,0.99462836815529,1
72.0494045860409,280.982982565201,0.862262309328888,0.612069782986285,0.995728174690157,0.986748303543766,1
96.3292511621554,51.0189644326053,0.93237501909819,0.775754379944732,0.200201568892226,0.992892208061141,1
168.629113511741,244.82502578317,0.413420064238048,0.965696586376885,0.990573076764122,0.722895455717135,1
96.2883905765174,259.457480131362,0.21602450302134,0.775536827996251,0.992356352275237,0.387635727954359,1
241.701897840834,76.8438183920656,0.563997105731148,0.995775831287492,0.628038605442271,0.879576707206212,1
230.173038229424,72.7562667318283,0.128298638412582,0.994072406098816,0.580883788177744,0.223114063101458,1
85.9650793127375,71.7230224121866,0.905864841943258,0.714576634910853,0.52029358362779,0.99096313103981,1
184.262001096907,131.155209540968,1.08435734862985,0.977819949731338,0.863495649769902,0.998387180609124,1
45.6046339561026,405.002268963938,0.0165535228682448,0.354230790377479,0.999825439881533,0.0567235315255283,1
262.43780824987,62.8689113337539,0.330923831180891,0.997717359136828,0.374130518408492,0.597359284550452,1
78.0511534815974,128.016883205202,0.957058476136577,0.659256988426614,0.847708036890253,0.99434452045175,1
130.368176922167,287.478942241018,0.103499436655083,0.904088836315269,0.994451120728627,0.180098257025499,1
253.569061318118,102.883961408442,0.377935975795761,0.997027246042223,0.757381845731288,0.672193097013415,1
57.1895860487562,50.0672058125907,0.948831119804536,0.476068222778897,0.181994289858267,0.993893563608323,1
22.8761136698451,320.650082208718,0.904401346374902,0.113261766245023,0.998615139629692,0.99084402586249,1
61.6448228221899,248.39898955439,0.254903597255045,0.519578406154285,0.990074170054868,0.461455335138027,1
239.874871671509,91.5927002529826,0.703182829483232,0.995542071598639,0.684614607132971,0.952935431167691,1
268.111232141925,101.902918209348,0.284399140411579,0.998073551051589,0.742348110070452,0.515940187326755,1
17.4726390918189,302.219922861902,0.0288383944903959,0.0674861904416967,0.996135734952986,0.0708254771269609,1
34.4478746076245,78.8988478677044,0.992121118823179,0.23150883072648,0.630477739498019,0.995946004756331,1
7.84670375871568,260.23264314009,0.376712894438026,0.0125422327447013,0.995270901126787,0.670353613126925,1
245.079479800923,59.2683551401136,0.0382763657716472,0.996176807317996,0.387459480203688,0.0825116805540738,1
74.5984445973299,310.2584436005,0.160243667182911,0.632668611360448,0.998046037508175,0.281553474002745,1
103.525687429647,127.038351913392,0.932636427501303,0.811356867723876,0.867741958471015,0.992909213907611,1
76.6837875794673,351.073451646657,0.476493354613334,0.648907639584352,0.998746066354215,0.799897568287234,1
217.33325536149,142.969657669544,0.189322292892781,0.991383009955298,0.933617636561394,0.336551982335847,1
235.731602214816,136.381845852205,0.50621260591751,0.994964090354107,0.890696632210165,0.830369219322814,1
217.359221259494,82.3558572678232,0.384940328446101,0.991389495710718,0.651465824106708,0.682611526010882,1
45.7939017382435,294.832195319946,0.493728649180424,0.35629605701644,0.997956566745415,0.818012879839494,1
216.714859105667,38.6462280401907,-0.0718638076992729,0.991227134610126,0.0210224550683051,0.0003090004642032,1
145.059068300974,73.8138402792451,1.05411190382651,0.934886383142878,0.612235204549506,0.997802030952898,1
76.8625642955023,248.175882472077,0.100134143887059,0.650274188162866,0.992528603877872,0.174464394347016,1
21.9268621683129,66.9057759058022,1.04794337593347,0.104630501801575,0.448738941457123,0.99766083804213,1
155.060525594842,269.631447631897,0.513459318302943,0.950257232877457,0.994287660345435,0.837251989004736,1
43.0281772970077,70.1761940110051,0.948731357137315,0.32597429285159,0.457249806495383,0.993887900355755,1
297.748286650476,51.45635775691,0.439645031902591,0.999212038926,0.330171705456451,0.756969335086302,1
79.6747091934342,82.9056751185644,0.973467708624563,0.67123962726839,0.647519050166011,0.995154643385345,1
218.932456609088,43.7581573653442,0.278587767726124,0.991773716784263,0.0690520077478141,0.505351696006824,1
43.5509423940498,299.845107503797,0.203139613647259,0.331726001805118,0.997512978268787,0.362968009782355,1
82.1879675005872,44.4618309393411,0.914826725777051,0.689138965346123,0.0780209321528673,0.991662519413318,1
104.676926717701,227.54426453605,0.297535712539994,0.816571018052222,0.991257638204843,0.539564357183267,1
129.852129120463,101.004828973533,0.967467556376763,0.902794170150732,0.717770627932623,0.99487157516305,1
67.634623827597,312.567959549409,0.374672276285179,0.574453021370424,0.997491743648425,0.667271273554769,1
293.526060260343,49.5481406839303,0.742702453998432,0.999104348141284,0.164285621372983,0.964985594076295,1
106.981764093396,244.942845357924,0.419364454832342,0.826631737777717,0.993712053867057,0.730875132281962,1
380.683542958388,140.781036984375,0.330654524998298,0.999938878200647,0.876570727908984,0.596907423124896,1
59.9420219159414,158.051630215721,1.03400737260751,0.503207456411467,0.93520487495698,0.997310494771262,1
69.2098020210042,59.8908799293686,0.988325460406609,0.588155221193853,0.388586335116997,0.995795274919553,1
122.088246974155,295.472579137353,0.721932280431475,0.881276479420341,0.996641712961718,0.959032190688963,1
243.119013873016,53.1789397961953,0.262788645236979,0.995948844548283,0.359251571586356,0.476189593765916,1
108.152425746443,65.7452969411608,1.26993945406622,0.831553156385117,0.434472209541127,0.999793174546441,1
215.294027591292,116.513438985796,0.601691022453862,0.990858529340513,0.839561663335189,0.90513773119583,1
23.8109768130662,37.9507751302339,1.11821793374093,0.12197319424634,0.0265472335740924,0.998869097754012,1
35.004499748632,46.2210729409756,0.918985602798097,0.237576449107634,0.186580968555063,0.991970164985429,1
105.874294664711,255.621942125331,0.776776367469806,0.821859787059377,0.994986347388476,0.973141663723156,1
238.793250335409,140.854093296949,0.143561715141345,0.995397769030579,0.898830494610593,0.250690049731978,1
262.079036735282,91.976235829399,0.215712206983705,0.997692777879734,0.684237925568596,0.387038120816053,1
62.3319619173215,217.561206654296,0.023002038839893,0.526090624840383,0.990470201941207,0.0639648185494332,1
88.8785085560957,224.825396019346,0.94276822870968,0.733024164247115,0.988515677396208,0.993540595398841,1
32.7158792455087,248.136303164479,0.0258677162927902,0.212760405251749,0.995239780750126,0.0672976394861405,1
121.447381685249,241.865509708365,0.207825597394535,0.879319016196101,0.994416563771665,0.371939948049623,1
61.3126009623929,227.539059053993,0.591394052633115,0.516410285894348,0.992100854637101,0.898629907013113,1
248.395940559321,61.3178441847155,0.126001916630788,0.996534172295386,0.451697629876435,0.219030009563344,1
253.758530611348,62.5178446005186,0.754154795064104,0.997043934180426,0.36591083323583,0.967937748924662,1
227.673131823652,64.8890839809369,0.221558203011663,0.993622774584687,0.451473032822832,0.398219009256597,1
221.207315466685,175.131827573562,0.0561195298098823,0.992299922376258,0.956284640356898,0.106474277103009,1
74.2025342734045,93.9105698685633,0.927086464775204,0.629523305655052,0.741170606808737,0.992540132525245,1
244.857373948335,119.710947980211,0.398622153388032,0.996151625432421,0.829069518949836,0.70238477338571,1
50.8709401916725,302.998624926627,0.424472359397837,0.410923574603836,0.998324162326753,0.737612247371396,1
260.459452037005,161.863442570203,0.721773904237395,0.997578538413932,0.955998898716643,0.958983660989365,1
108.118955233409,37.6167016509038,0.898654682398362,0.831414179417399,0.018479848280549,0.990362541889809,1
155.185184801035,209.002006946673,0.931019992462141,0.95042519339041,0.97674357984215,0.992803463634341,1
243.62559516274,61.7800846545455,0.177486559623876,0.996008993572931,0.36302893073298,0.314032507991815,1
215.348254179908,69.7105177909972,0.542014512902163,0.990872869807318,0.505298219621181,0.862356792445474,1
86.2127094914618,283.52649359999,0.479476487621481,0.716183907664822,0.997311410028487,0.80312162306488,1
70.2150852319582,47.7684818412635,0.971160705377972,0.596737685072901,0.208378430455923,0.995047537902244,1
186.43700970894,68.6789970880305,0.921287524964745,0.979138182557059,0.542756803333759,0.992136000768226,1
44.7892883813839,130.878017259396,0.978107199964714,0.345315674098256,0.883594482205808,0.995363662621788,1
222.085367243538,161.325846014665,0.225156614110609,0.992494131136406,0.935735194943845,0.40509308159136,1
288.017256780417,100.427506855237,0.864419645384893,0.998941789471158,0.739473957102746,0.986992309697907,1
61.2208564943083,40.5865527141723,0.93915875259385,0.515533164940249,0.0401263642124832,0.993321764499586,1
91.288758744553,88.2812927295978,0.90481417293747,0.747533633331346,0.742569366237149,0.990877765733723,1
5.89114776980555,260.306543745317,0.281962791622272,0.0066324851805665,0.990789191797376,0.511510831840766,1
219.478505524315,82.30471959321,-0.068385684682147,0.991903131515681,0.651042383629829,0.0007518768388043,1
46.1661148794577,241.402304970569,0.253076082196406,0.360352625739603,0.993819239316508,0.45802547285974,1
224.592224725346,89.1543749713337,0.143169304507959,0.993022703555576,0.722617518622428,0.249972385079263,1
153.71039349479,259.660323670835,0.325603309418038,0.948403316436283,0.992157379863784,0.588386693735208,1
17.1096755544618,331.575667620356,0.502005540235511,0.0647352880486843,0.997977560851723,0.826276160773578,1
245.985954338498,48.3419088105611,0.463018764385822,0.99627791899812,0.240905973827466,0.784868062484058,1
70.7625808370302,79.1475470334198,0.968432748469564,0.601358378318561,0.597805000841618,0.994918104448319,1
86.6279648995838,53.7159796645457,0.916771139447455,0.718862673849361,0.330472645349801,0.991807654640715,1
233.121627145957,80.4501912108991,0.425199272152864,0.994563053950435,0.575934998458251,0.73856200328861,1
120.068225120973,144.327660034525,1.07582418734181,0.8750066639215,0.92605258943513,0.998238726754826,2
216.354735788172,197.749769752584,0.598398876694004,0.99113509998544,0.964392333291471,0.903094519870396,1
245.731287313928,68.9215172148445,0.32377642288702,0.996249779992385,0.469095753738657,0.585283994772168,1
37.7207543753731,307.761020357015,0.439115395279527,0.267391000707459,0.996510670054704,0.756310172540242,1
274.419849145183,99.2079727883791,0.250579334678064,0.99840568824848,0.796212129294872,0.453331201640772,1
139.81769307611,127.352328025554,0.978071319645742,0.925149035156269,0.845510548679158,0.995362078234616,1
60.5009598063063,408.051378782464,0.968303836065387,0.508617335359287,0.999636804219335,0.994911912285561,1
234.929603644758,111.647619202179,0.449509715218173,0.994844039400879,0.804279525531456,0.769027679593364,1
83.7744791960994,251.449218049317,0.318827078073839,0.700035677178275,0.994829917093739,0.576823428186139,1
113.899851085019,238.625564905193,0.557283004963269,0.853962437868378,0.992279145168141,0.874505212884332,1
215.97201458143,48.3898517393144,0.0897623489967932,0.9910362605505,0.187750796787441,0.157451000048771,1
33.5915506806351,38.7007334521676,0.985577313171404,0.222212210813824,0.0444175601005554,0.995682961562167,1
100.183161575908,248.933829288838,0.347238927086113,0.79547973395288,0.991416805190966,0.624260673446543,1
84.1875177159706,273.73594486203,0.157366961551149,0.70282196110525,0.993098512059078,0.276186100650011,1
46.7398445404547,252.320703533891,0.884007144235864,0.366591797165068,0.994565094821155,0.989030662804144,1
76.9176828432604,68.4519436451491,0.924575930936377,0.650694693012764,0.540187653619796,0.992367536651874,1
227.159539215373,55.1743626156002,0.544421095373768,0.993526362514708,0.303021801635623,0.864329251041135,1
81.2722455921637,207.247821267632,0.967079220025396,0.682708166022711,0.979164677672088,0.994852745197638,1
162.789675783433,269.213058107916,0.370873187600313,0.95971359968279,0.991823928663507,0.661488709900438,1
245.013538860715,49.1760732136272,0.385596948221321,0.996169347962595,0.23434462514706,0.683578014858234,1
48.0522555238312,220.48358907896,0.105997715552507,0.380795600264048,0.990856708260253,0.184314715531013,1
4.08253971858249,219.573607033829,0.85939039822491,0.0028875642520626,0.991406903602183,0.986417140191428,1
87.0870053661114,229.677061112182,0.269042707719126,0.721799915921576,0.992777367355302,0.487794910940568,1
189.844795283637,286.022888598841,0.171467618713251,0.981053085418754,0.99645017227158,0.302642254107646,1
405.092581610674,154.409595306176,0.567498637713768,0.999971541746073,0.910261833341792,0.882157402858874,1
240.627875779504,156.165514853844,0.45104685009912,0.995639909410702,0.946375379804522,0.770869252925731,1
225.549759683271,63.6121898984068,0.593799318374524,0.993214869754334,0.438939172774553,0.900181058713589,1
15.3577314611145,49.8079861002911,0.902722705091402,0.0521203590042068,0.170557310339063,0.990705671433004,1
308.226316471382,45.9545333628575,0.238532343781563,0.999427184607068,0.164081727387384,0.430559722188444,1
80.1546649060422,252.255957274671,0.431398388883372,0.674718640471488,0.992043589241803,0.74657013519573,1
171.815436468896,383.802759138391,0.966686811701005,0.96859345345817,0.999600154114887,0.994833653781774,1
194.384632030053,260.004000457179,0.212623829607095,0.983342398362253,0.993333671009168,0.381126869432004,1
139.152333662238,252.206212714132,0.594688619051157,0.923819970460561,0.991145569132641,0.900749748450026,1
233.288375534251,74.2857421853426,0.392760998319201,0.994589583012305,0.590720987180248,0.694008433854446,1
27.9582901387794,49.8689780596761,0.927701496777655,0.162770847752419,0.25669659813866,0.992581872909036,1
328.034479228392,82.4421962276739,0.803598575441102,0.999687638754859,0.616797633701935,0.978345029734469,1
134.490701033749,44.6854097310288,0.948588978456314,0.913874062352161,0.187972079962492,0.993879809642748,1
68.403121709239,122.912869368136,1.01536922812193,0.58117670643862,0.862959822406992,0.996766247302039,1
216.561378458813,83.7166071296564,0.519371889205341,0.99118802469904,0.590216367971152,0.842712035175244,2
67.3406829752174,71.143789115031,0.992711731306887,0.571861903388564,0.517600037623197,0.995969008802854,1
130.049039828087,261.444857230342,0.39037224005158,0.903290070095966,0.996038208715618,0.690553924510418,1
80.4925892039496,244.088429549061,0.0335479474465296,0.677150857903699,0.993008908582851,0.0765673562278297,1
82.4761647737148,148.172301496247,0.90076086807849,0.691141420221884,0.907528992276639,0.990541592022696,1
108.039647869636,221.893225207068,0.242091032052452,0.831084473087023,0.990878493757918,0.437305568383955,1
256.941964209774,98.3642162578394,0.553877722228711,0.997310967103573,0.793231625342742,0.871870472022795,1
51.2811366481583,44.5673927294952,1.00495196403964,0.415259363315441,0.0868055608589202,0.996419645629946,1
252.989122532471,87.5982721742157,0.648798286806531,0.99697558982453,0.723216245882213,0.930754565194432,1
35.1585315077124,56.8860940918865,1.0715900330948,0.239258586907975,0.407051113434136,0.998160453442186,1
238.73671016437,49.1929263381116,0.65853667225077,0.995390101476833,0.262688684044406,0.935265203357624,1
91.8044542136577,89.9828139958332,1.12952425351229,0.7505513541068,0.674677523085847,0.998997482831185,1
81.7158951474621,282.591671620239,0.207357357593559,0.685836734320757,0.995131064439192,0.371043371409419,1
93.104169111838,290.95640889493,0.689090706495897,0.758023415547025,0.996347391745076,0.947861494774588,1
244.940651544435,74.2491418307244,0.185924361301025,0.996161086240053,0.60521912924014,0.330073262625429,1
261.318127683746,176.95171449413,0.50101887739622,0.997639780859486,0.952948719030246,0.825305823559033,1
110.707021074321,65.5743483099701,1.10063928000218,0.841865639176147,0.530434007290751,0.998638748034479,1
56.2136609798852,231.725469080021,0.469917400790741,0.466253772436243,0.99057171237655,0.792658492284936,1
32.0375996717354,338.612078787407,0.373658354164064,0.205482845551749,0.99900936987251,0.665733586118302,1
97.3136042188801,114.625530899746,0.959467005416649,0.780941273841911,0.821732253069058,0.994470679334071,1
48.9626373171381,49.0389762370802,0.929874653298867,0.390586517685043,0.22795468964614,0.992727670953935,1
134.556139634221,66.2065470279528,1.23845853775052,0.914021655996375,0.413477684604004,0.999701469298602,1
260.927806474013,144.354565697853,0.325510418215186,0.997612133221906,0.935921943513677,0.588229198214517,1
259.139058875351,178.033130818897,0.375085222441981,0.997481309845994,0.958665112266317,0.66789636531619,1
72.7505708083458,261.204443583633,0.328606420367846,0.617818045045843,0.996977349044755,0.593462900367818,1
100.8863350823,40.0927800757516,0.939370539494347,0.798912771685848,0.0864475958514959,0.993334787860003,1
108.807278488509,56.0471069209339,0.975728938929625,0.834251943145559,0.272988497512415,0.995257568123419,1
60.5375682735686,87.3367899762585,1.0122713490901,0.508970439013847,0.626459802500904,0.996666540342042,1
206.863756268047,134.18178172184,0.925632791349418,0.988341272807635,0.910335391992703,0.992440629923739,1
90.682007461901,39.9089678732988,0.972730695748237,0.743944186207467,0.0148819112218916,0.995120658682719,1
242.000796052608,44.2555207812174,0.223128730569135,0.995812914747976,0.0722961688879877,0.401220106040203,1
51.4916825515141,240.420959122062,0.662710955721031,0.4174796439658,0.991976993624121,0.937122574510232,1
226.068721412829,52.2506305277093,0.14645324514639,0.993316852566673,0.288145216880366,0.25599106954841,1
69.6313551846112,346.176370645355,0.516987342123434,0.591769624292099,0.998809265671298,0.840526710885742,1
214.421971994412,62.882496530857,0.26619730644375,0.990624877865158,0.450644392287359,0.482524296229245,1
215.02005224671,90.1302115944973,0.255703832281726,0.990785739580061,0.745075999293476,0.462955517152437,1
212.595606561106,69.2151036577639,0.654221131406248,0.990116568146661,0.525794565910473,0.933297333858479,1
301.128613659104,57.4311507837133,0.286097789589013,0.999288963938763,0.326430829241872,0.519019836050049,1
217.31481622949,56.5871051984592,0.347683901144079,0.991378401346919,0.293662612559274,0.624981008228214,1
266.565457202205,100.341121741341,0.962323040830003,0.997982311116998,0.783858934650198,0.994616955079521,1
254.112227070671,130.047692698705,0.279761058438232,0.997074841722139,0.905958668328822,0.507495862854881,1
215.646476799045,119.585402977345,0.430280920480737,0.990951345889626,0.870079695479944,0.745138665316501,1
97.8330123243395,147.010303139683,1.04420848890093,0.78363666207622,0.917924311477691,0.997571327299111,1
124.927249975389,90.4738930864801,1.03127532416223,0.889604717550486,0.661239948589355,0.997236383224321,1
114.319004965568,197.039376529368,0.934191894620008,0.855487424589426,0.983078615972772,0.993009644344067,1
38.2047610900002,139.533404798403,1.10110193495734,0.272728370590357,0.900770089356229,0.998645332279646,1
359.120659988577,147.577974854289,0.389317414793322,0.999880405913155,0.895415601553395,0.689021026479892,1
92.5403060409167,76.6962316011564,0.92180120384587,0.754805140542375,0.528493380639702,0.992172582225448,1
67.9154448472549,90.3474134017563,1.0512565431405,0.57691847565714,0.69445419521071,0.997737682426741,1
32.2822511927165,240.101882035987,0.0756476419838342,0.208103118428555,0.992551672970876,0.135225413553527,1
262.423133528329,43.16732683752,0.156717450547345,0.997716358759958,0.126711282646284,0.274976617314601,1
263.933194703472,175.518893763329,0.127775601888673,0.997817075306471,0.971468469128013,0.222182373804206,1
144.077901625808,267.45382473597,0.689683035431473,0.933158938770291,0.995168171590194,0.948083689750329,1
79.0482039653275,60.812334891786,0.948031090244256,0.666654933874846,0.365947322919965,0.993848013612773,1
117.797378335472,259.400251583493,0.0522398210213656,0.867600934179965,0.996565440669656,0.101066219653784,1
233.530365660804,108.990004467676,0.345802174733561,0.99462785797815,0.822419711621478,0.621929880206663,1
79.3563610411235,50.5721603074521,1.25830760501846,0.668916141068283,0.23613868211396,0.999762929747326,1
262.355561421852,44.4465023211818,0.454914378534253,0.997711746806913,0.164920209906995,0.775458234563449,1
89.6602553552651,68.8623258937675,1.00250439705257,0.73780391423086,0.468407101929188,0.99633341350511,1
130.374697401498,114.320909846795,0.907369975599516,0.904105092803649,0.794221801217645,0.991084166859797,1
268.54827734834,60.5878610113124,0.0981877883692832,0.998098604227293,0.366478948388249,0.171230683554169,1
221.715882193775,64.0914717954583,0.0113326221495077,0.992412996546516,0.458510735537857,0.0511299585712924,1
65.2265202155504,143.702467449421,0.957473787912462,0.552911901231604,0.929947895230725,0.994366459714392,1
213.444132906274,119.150438297182,0.0564893194657841,0.990355974949963,0.850280335871503,0.106995244625269,1
43.7729206949912,67.7803278412913,0.923371504858999,0.334165863973217,0.518913447158411,0.992283458665691,1
164.074059823765,256.949340422373,0.0169957445676966,0.961109189757723,0.993818844202906,0.0572085036712608,1
41.2716830235891,268.431572016628,0.57214682271828,0.306602971923371,0.993645455688238,0.885516119138698,1
97.0109858201403,264.54961580187,0.870102422030746,0.77935768815713,0.993177869124338,0.987615970409656,1
64.9769222359601,273.28391847135,0.328716618862948,0.55063864094326,0.995933023048565,0.593648594813936,1
212.258157212998,82.5212332821957,0.240212690444544,0.990019761868937,0.644334450829774,0.433746807737095,1
52.6548936433875,294.475860793363,0.534990647169231,0.429680277082438,0.996319823665544,0.856474463850243,1
77.2043180946957,185.190212185449,0.940072975564556,0.652875271841971,0.978359801229089,0.993377817836977,1
14.8247303394384,227.314069824369,0.671667052007301,0.0485107745344002,0.992459031986073,0.940958324904535,1
57.4421399001531,285.834420089594,0.291027838576018,0.478592087987679,0.996306024491787,0.527917015131196,1
246.291759884278,80.5283380898333,0.641684671438653,0.996311435351262,0.596683951560408,0.927298169402123,1
57.9603724735682,47.3119657203002,1.03970206215978,0.483750066530807,0.254700685618445,0.997459121877562,1
39.5526151247103,254.030708770609,0.271200093744201,0.287611132750014,0.991113431751728,0.491780165232124,1
331.349170912869,97.7624244862314,0.337669408082195,0.99971790107602,0.716406238265336,0.608595921177869,1
133.980848840898,137.293407438557,0.898778125351667,0.912716048372288,0.893805828643963,0.990373119509067,1
112.73069675692,253.918340541974,0.355993833482612,0.849632304901416,0.99014585535042,0.638298623171613,1
29.5007533422903,67.0483891627269,1.10767811936933,0.178677728300233,0.44506584177725,0.998735776135926,1
254.710435642949,116.13844953883,0.101462795846653,0.997126396089613,0.858506710734218,0.176682308072632,1
85.6936325839301,274.648911868539,0.0895419529968988,0.712806311134529,0.994196658022702,0.157095473893659,1
104.867987942151,172.051923352992,0.900109609975387,0.817424053685774,0.948536823270842,0.990486549980572,1
281.763612852561,71.4474962884063,0.34439644529581,0.998721856402793,0.601897545857355,0.61964213841887,1
50.2564242346126,261.495598951549,0.391719510344792,0.404403745313366,0.994060187134892,0.692505168519069,1
119.967206273912,96.1363217235274,0.903534622370366,0.874685366278005,0.711990278214216,0.990772823426461,1
112.706583634448,293.986654035343,0.452221929726212,0.849541802540654,0.995390654308721,0.772270271938306,1
52.0357523952386,237.278863136661,0.23090241365038,0.423200338329633,0.991486451588571,0.416051581659957,1
307.52220449417,109.882661496475,0.203634798276957,0.999414752525719,0.80384809197858,0.363915983916086,1
45.8253679540394,55.6390887481471,1.02169669834292,0.356639249885407,0.387997441226617,0.996961438536083,1
109.406767452412,323.729933952566,0.180239356535789,0.836688925919825,0.998004181543365,0.31925733292699,1
54.965431709091,37.3239738492294,1.05984773374393,0.453561943508341,0.0245176777243614,0.997926213259033,1
229.249082917771,71.9347967837884,0.387867415173426,0.993909950207048,0.529805846279487,0.686906412889254,1
225.058569602248,87.4059305767773,0.122224235490512,0.993116947344711,0.641158633399755,0.212353590055792,1
57.798699699592,228.264096452791,0.409693586092349,0.482143970417418,0.992898018099368,0.717816951781483,1
27.8345689179882,269.448834382145,0.683195904656844,0.161509950966087,0.995779243297875,0.945606256623498,1
113.333462123862,119.13378721367,0.899883796157,0.851878871757641,0.831361427204683,0.990467397788418,1
217.011657721691,47.6245803630262,0.154976113059475,0.991302286226455,0.219433596823364,0.271738481428964,1
84.1914951389982,73.3188091979469,0.940131450263932,0.702848690927161,0.582881698384881,0.993381388504461,1
118.798405613937,91.9244750432803,0.894840167208788,0.870913094179909,0.75489044515416,0.990030485010967,1
85.3845041966907,293.508889645614,0.618058775160906,0.710779425573979,0.998694560490549,0.914788112366812,1
223.021529145321,67.1573776119969,0.296806471152647,0.992695935091357,0.511620393488556,0.538264898045566,1
33.112057490487,255.903837914337,1.0748392880707,0.217029250165635,0.994748112279922,0.998220800203531,1
242.396229256217,129.384937408854,0.237250473000046,0.995861485860505,0.876604549819604,0.42812632883082,1
229.385948455897,44.9277010845844,0.174189518631075,0.993934286131584,0.0821577487513423,0.307787062240134,1
102.745378061024,265.026330488991,0.397687194384057,0.807749579559935,0.992822045926005,0.701058136784344,1
17.7324551514591,245.759103941709,0.071211749180604,0.0694830533947849,0.994357460411265,0.128480689629682,1
248.913653908535,65.5141981026523,0.697957346801849,0.996586922107697,0.415422190446407,0.951105032567482,1
145.111704533878,247.388952664365,0.136411834253538,0.934977861446026,0.995238962583244,0.237682832052428,1
194.960931667157,90.3345663087308,0.981783287976069,0.983613153993189,0.667928815819323,0.995523393958101,1
77.113554296448,256.345834146969,0.717050664301169,0.652185909007735,0.992638670140877,0.95751362773749,1
79.8749378316707,306.378059285474,0.130822634715945,0.672694509399316,0.998761066468433,0.227623221171588,1
138.732418226112,69.4944970861565,0.930433743252127,0.922969897706089,0.563524428755045,0.992764758500571,1
230.655539355059,53.6317007703336,0.021246024813913,0.994155553248596,0.333169071003795,0.061957166040293,1
218.381239367341,71.5710968421004,0.474200570923673,0.991641035335232,0.5423728316091,0.797394239185317,1
90.3477697792898,294.136446745026,0.182099310764236,0.741948833699524,0.997466103872284,0.322792373475762,1
221.180029440831,66.1638551424064,0.430832645606639,0.992293809448636,0.428867563139647,0.745846086965694,1
250.388425334318,57.9507002533435,0.476939693568905,0.996732911785246,0.382064415374771,0.800382327543905,1
29.4287663980116,47.6211475644781,1.06229209642994,0.177928085266747,0.192178416065872,0.99797713608299,1
96.1425712547377,247.132711858907,0.259346112523377,0.774758984339674,0.995297397254035,0.469770088926883,1
174.65352120871,275.248835185092,0.463569762511232,0.970975439951839,0.995373777812347,0.785497691138881,1
77.3837620519174,269.146194352106,0.389430397945392,0.654235110077626,0.994590136688203,0.689185434507505,1
61.6671612099889,331.333818326346,0.496225931863219,0.519790972986772,0.997929784934968,0.820535625130073,1
305.367400420706,129.819834169138,0.634460815283583,0.999375028408305,0.891882829600945,0.92364425078754,1
233.907869019003,45.2160338683271,0.29573479256929,0.99468703911308,0.116801653290167,0.536352599329586,1
161.070018201241,168.068926104685,0.91830811647375,0.957770341480676,0.949604797875509,0.991920759013153,1
262.071086868545,99.6369909452936,0.502231053646795,0.997692230261151,0.775884303962812,0.826497386250712,1
242.962599101898,67.3191413605303,0.295703271134005,0.995930093983506,0.448337281122804,0.536296305299843,1
227.27166801196,110.180278367008,0.299570816533806,0.993547532026164,0.8051840250846,0.543182999960289,1
44.0860796051207,304.142925233728,-0.067692360385956,0.33760521682994,0.996589137939736,0.0008613988125763,1
127.524861544706,242.453388087895,0.312298356521037,0.896753199388174,0.991978541715071,0.565543610369727,1
65.5944142227873,262.918658338915,1.00817092990782,0.556248776070676,0.994059989927337,0.996530223386188,1
83.3605192692884,92.4882639536893,0.924245245234573,0.697222256332285,0.703021531924605,0.992344535217786,1
14.0702500380037,251.154088480189,0.211898328877363,0.043592775983601,0.994407936464995,0.379737951535894,1
210.308989384244,295.954609736836,0.85353003298953,0.989442297670779,0.998831811361015,0.985718393705861,1
116.911726097734,128.54670787108,0.923433366629108,0.864606729775185,0.88850377057679,0.992287797403647,1
227.641871194601,102.349607103363,0.212459877391062,0.993616946566285,0.735261731315404,0.380813002618216,1
73.3648781226025,230.485587834856,0.191673977656548,0.622803020616384,0.991877708816901,0.341040942215959,1
258.47786974257,88.0808568801123,0.517234655015498,0.997431192966275,0.702227469766513,0.840754409517286,1
69.4736784885842,293.703137668361,0.668753775037554,0.590420311618619,0.997488932218403,0.939732652936328,1
158.74967541859,232.903289104049,0.204345942732977,0.95500682021975,0.990392693551257,0.365277458308589,1
226.964909369447,68.2474866244825,0.246565885595639,0.993489456118291,0.477469232399017,0.445766098206172,1
232.791384513948,62.2302814304799,0.509753357679143,0.994510137995269,0.46793678891845,0.833758529575503,1
121.217808668736,57.6641414056108,1.18573292282063,0.878610697364972,0.4020425605122,0.999457288473068,1
68.0242672568881,260.260854215633,0.0354709950591449,0.577871242326936,0.993266509380192,0.0789635068587263,1
216.408855259301,152.794809890394,0.0839555981437571,0.991148990722122,0.913646708941087,0.148171641025313,1
230.677669812627,81.2870960117042,0.159540459206345,0.994159339449573,0.603426749352366,0.280239869889919,1
40.988188153315,324.747686026658,0.478179643502133,0.303472010426442,0.99778013327159,0.801724626222059,1
254.180392895624,49.2321435073546,0.549437953611787,0.997080761821878,0.204890880966559,0.868371320581167,1
38.5745906599871,85.2922119859398,1.05960866256336,0.27680965884837,0.608302936889231,0.997921169627813,1
140.625291479469,255.77702560985,0.367860853428064,0.926733167083568,0.993955672020093,0.65686319551716,1
214.423470517323,186.28305651567,0.201874945743324,0.990625284305607,0.956285742577165,0.360547165459768,1
115.868271027121,80.0103575592198,1.0417293968542,0.861000786632945,0.631506742211059,0.997510179216054,1
164.532387631572,60.2817287276845,0.93551021842164,0.961595967811249,0.351280968869105,0.993093752196994,1
253.46835027398,96.8644874844425,0.379173052158364,0.997018338016375,0.693415861111134,0.674047530736262,1
146.413330546887,245.526536240125,0.911139981091122,0.937202018279584,0.992664033547044,0.991380944498869,1
89.8646117367289,234.501778438893,0.550668835702645,0.739041663827697,0.991873426828533,0.869348723358275,1
95.6663406779804,78.6591121691214,1.08645167288248,0.772202638464843,0.574471166823059,0.998421797932807,1
139.322246807987,70.9345224549888,1.03748027823299,0.92416145018348,0.471007299842313,0.99740205982031,1
147.857482223161,243.057626938681,0.397842429019353,0.9395860439154,0.990896287607029,0.70127865436626,2
120.466662258046,471.683735622294,0.231403242616636,0.876266648103567,0.99991870764643,0.417005557638755,1
236.586974371578,48.1280805109443,0.533627490231825,0.995089119917713,0.24712602281943,0.855311017922649,1
57.6069567059632,263.307121541501,0.617484419040932,0.480235574905276,0.993917593499646,0.914463490399066,1
66.1367517566752,92.6649367906947,0.919665694284385,0.561137802916951,0.73483597044833,0.992019486224561,1
215.544085204344,163.103060264176,0.347142882400384,0.990924476231085,0.96267491672188,0.624105098804659,1
227.223736772188,131.938387344613,0.218340746146713,0.993538491058566,0.870581893483177,0.392067069694236,1
87.2688335001036,127.050554410195,1.00316800379816,0.72295643143435,0.898543394403532,0.996356979811209,1
222.125458170742,62.5520239114268,0.624785632138335,0.992502883625018,0.36813540617004,0.918516187522097,1
119.568528849532,300.100942513457,0.977582057673253,0.873410021636281,0.99800737015903,0.995340424217316,2
55.8382169958443,199.040503880047,0.966770571204456,0.462452449541236,0.966805186355487,0.994837734252348,1
39.8489531897939,240.148794500609,0.321409134707399,0.290885308859706,0.990408150944859,0.581247192654019,1
182.773854154599,62.9112600083306,1.07299925786707,0.976872212629088,0.424091609893367,0.998186855363267,1
246.377862376725,142.762823691275,0.245583953091543,0.996320818757257,0.92094012349844,0.443911804964591,1
14.090226839044,56.7289163796513,0.946351663996245,0.0437200418500682,0.315852853003889,0.993751389114507,1
149.640251824932,88.5381668629755,0.993266263106307,0.942411749315422,0.7442772150971,0.995990498676815,1
101.575280516558,289.413028941129,0.660281990573402,0.802227865134533,0.995671475073323,0.936047260250023,1
120.710502776655,400.614738130324,0.629597554394624,0.877032051448778,0.999533088644966,0.921100641429107,1
99.7700431824671,295.724881864233,0.923564040767181,0.793439293859005,0.997160473605618,0.992296955115619,1
81.4755342860328,295.752078881132,0.234931828726594,0.684144766005916,0.997788931475952,0.42372046376134,1
39.5041276436797,266.379363770115,0.209566594829761,0.287075439824974,0.996427113423124,0.37527355356057,1
115.281343408839,311.036219755277,0.0836938144465644,0.858934732642602,0.997164002852514,0.147757671278712,1
221.690604451357,128.894856298273,0.563604680463877,0.992407414728329,0.872296518646181,0.879284755485946,1
22.4687225998768,335.492873191839,0.0178236015744508,0.109530136957672,0.999357118271291,0.0581210327006169,1
46.8278489433175,39.3256600322143,1.01897270163954,0.367547293601357,0.0785301218274981,0.996878775776947,1
64.3771861631817,59.8586102071096,0.920918908491258,0.545145657244485,0.390056322095916,0.992109654714015,1
73.054235940734,232.114186749931,0.559099523017882,0.620288203877622,0.990659923991188,0.875893399676699,1
111.312218794934,239.206791164073,0.217707510964501,0.844224965795768,0.990633623441681,0.3908557784928,1
105.488763254381,151.929277965299,1.00730978434224,0.820171693506651,0.911274301353842,0.996500952602462,1
87.579955457844,81.8111223437246,0.968438315521166,0.724926210199105,0.640085894847289,0.994918371700549,1
54.7973913001536,308.797633842975,0.733693168532849,0.451841758455072,0.997463628882542,0.962501447660545,1
118.667374224553,60.309490774206,0.897682054032538,0.870483847832643,0.43182121636346,0.99027883253872,1
243.901307838456,159.531696086826,0.856234051331135,0.996041362096466,0.948437442537397,0.986044683533296,1
240.895851453278,68.1417072653205,0.46511734989187,0.995674218142913,0.447507927194238,0.787259246993582,1
220.079685075466,77.2280103386404,0.364679541990354,0.992043319688417,0.651692938990891,0.651939686219189,1
221.112305751516,127.996433067213,0.20217634503301,0.992278616777564,0.902758642099798,0.361124076946075,1
101.610368780096,43.0370440077798,1.16482075015178,0.802395428752184,0.131693083792925,0.999316149890284,1
214.815849400727,70.1992978501105,0.244918935258046,0.990731120628808,0.548116618767381,0.442655248496619,1
263.792217438785,107.109769482642,0.424126083583279,0.997807860232483,0.774069941136986,0.737159026628483,1
76.9522691392258,129.979339115352,1.14488012368957,0.650958359197528,0.882070241263136,0.999150177300342,1
223.246412448797,78.9467351965478,0.493767944178908,0.992743618756246,0.604610749986023,0.81805277410698,1
108.637004958069,182.501346510643,0.939027508544769,0.833553916533007,0.9627008093521,0.993313682361496,1
90.8882477407262,189.899801800013,0.929735105784121,0.745169004373075,0.966681643389165,0.992718387186556,1
103.294815588059,237.593317138871,0.476358060354802,0.810295770016926,0.991550580132753,0.79975046296005,1
69.0055255863484,169.152496722664,0.929461846471108,0.586395739981354,0.950854646740481,0.992700176801843,1
96.9853586042637,63.8714427357247,0.897143039561544,0.779223134493246,0.479192123981193,0.990232161067762,1
116.356741280067,263.44929569131,0.116635843309622,0.862699458229329,0.992109869839624,0.202575604562674,1
45.9673923932611,250.49042366182,0.702495883888328,0.358187681941046,0.992574371863157,0.952698171518082,1
63.8404868004691,125.800879427204,1.21955377457291,0.540193382814242,0.878889814019203,0.999629213617373,1
75.4517762688161,161.720581395484,0.961198633767285,0.639380301037539,0.94617864000611,0.994559792963332,1
246.840879475316,69.5871152002098,0.143918794253225,0.996370878651677,0.474996075965464,0.251343464234563,1
109.603561380053,290.529942567737,0.279972991129962,0.837481958956467,0.997494853567332,0.507882826389981,1
242.31549882925,103.610609274027,0.0717324071272351,0.995851614737066,0.796376171987504,0.129266093781513,1
131.743811526984,352.320861900678,0.618307977174807,0.907462750525705,0.999416011851281,0.914928648424821,1
127.645268000073,351.559645708881,0.813715843558422,0.897074017357342,0.998579995939508,0.980064437300037,1
219.304879519421,58.3963461926227,0.276729043406989,0.991862198253255,0.410731925163418,0.501948474558312,1
42.1730208969368,309.923681577108,0.81809867812562,0.316550564366847,0.996723671909422,0.980771160499085,1
216.379406417075,179.102381572819,0.44691721257335,0.9911414347752,0.965603269636631,0.765898890813054,1
88.8762649203558,102.70855700311,0.917756019100328,0.733010343550166,0.778280738275498,0.991880294178919,1
144.851650600725,270.084771922213,0.113437190284085,0.934524728932997,0.992201171349734,0.197034673367333,1
220.808906603262,120.190496039288,0.522014385193757,0.992210195368823,0.859280141303316,0.845107492641028,1
113.688601861244,248.775080269186,0.813199423914258,0.853188408082336,0.993097729980946,0.979979676580619,1
81.3304339292399,85.7459563604731,0.996268577610125,0.683119895198249,0.612046509282663,0.996105037222917,1
217.921734118991,166.025939352757,0.387851687194903,0.991528839381244,0.959404521156102,0.686883428774813,1
295.619789967525,71.1368205104564,0.366729264949322,0.99915944975228,0.590875437948853,0.655116427835903,1
127.728137175461,289.373403562857,0.352436019860802,0.897294286702278,0.997759447898716,0.632628318858467,1
214.522499744862,90.3958117190847,0.297387620993585,0.99065210579549,0.707331509562209,0.539300586245282,1
40.2185784444605,75.0382071307163,0.915106498145249,0.294969449873361,0.516792310401797,0.99168354419869,1
221.856846326227,199.801174117702,0.737587411200603,0.992444050934789,0.97646227106452,0.963593192991505,1
111.823111017239,121.837316575371,1.00647887730695,0.846192186359293,0.863657731097192,0.996472495000912,1
154.669647032072,82.0990897643669,1.19381576902429,0.949727083573644,0.659623808693141,0.999504121287646,1
124.889456113741,79.9816682068861,1.13560941115013,0.889497445786349,0.608778377762064,0.999060821404005,1
95.1249961846443,242.320114159822,0.389612099617446,0.769266889286344,0.994971774285659,0.689449728938695,1
73.2994166034383,265.252848672816,0.731504347494388,0.622274091743503,0.991717946482822,0.961875567510212,1
235.017306684116,151.561131059121,0.631963979689483,0.994857302642151,0.932841903762892,0.922346858334061,1
239.104159339546,66.1714429975363,0.413479827944701,0.995439709836238,0.509628151310608,0.722976425423775,1
85.4929467707249,388.506824992528,0.44679613617747,0.711491771638552,0.999727490823716,0.765752067799169,1
96.9035199692904,118.174443861888,0.994353547601734,0.778792978182889,0.860028338851407,0.996032330209104,1
54.3834758487969,64.5894289268002,0.915556185813632,0.447593178909406,0.488252631155774,0.991717237768573,1
218.913899122342,78.7693150759173,0.590262285280619,0.991769283421416,0.657954275608063,0.897893418133029,1
223.132124302826,107.862794414465,0.467919610093139,0.992719423437772,0.791966935386881,0.790423147376268,1
23.8565129050604,188.620185210282,1.0352997710755,0.122402606012502,0.958010921720415,0.997344911447196,1
214.729190650914,124.651066403937,0.312530384892374,0.990707846616643,0.857190505135804,0.565946766469689,1
80.675695133484,69.10558163316,0.895724824219154,0.67846281683306,0.509530178271234,0.990108398292616,1
254.26435079681,84.8372981145682,0.222780310655581,0.997088037293822,0.635140085825697,0.400554430895835,1
338.421000036084,114.486053055539,1.12779789323319,0.999773110341176,0.819982043933123,0.998978801165178,1
289.620471800925,82.3672557778718,0.426393428528524,0.998991884177397,0.607858791947365,0.740117361608948,1
187.593183826478,273.734476039957,0.314823834927706,0.979807867087352,0.994532449170947,0.569922757982045,1
213.306685120482,54.4843243287685,0.417162907875285,0.990317581169549,0.330804397817701,0.72793724238767,1
226.662239773488,171.495137996958,0.525963093596094,0.993431654715018,0.944207754451782,0.848635874604543,2
246.652843123393,130.649152112436,0.313082752646094,0.996350629740763,0.902106253197417,0.566905854997832,1
249.253715577831,192.817794183411,0.146244049942569,0.996621142103238,0.971954331034794,0.255606809672413,1
134.525497274223,83.5185858413647,0.912251043881646,0.913952572825192,0.640831539873034,0.991466691848364,1
215.606349106059,212.689060923179,0.59034135315594,0.990940824792161,0.984409317141399,0.897945008956651,1
66.2226852572425,256.294786397775,0.399166141334421,0.561909168660226,0.993723288178444,0.703154980122092,1
71.4689916763519,122.453550028065,0.967602473324047,0.60726439061706,0.882015449926257,0.994878102410202,1
162.666737993072,64.9064602365894,1.10963757135321,0.959577547556354,0.518252610228956,0.998761618657081,1
47.3782612008663,312.319712606161,0.38540686323753,0.373513621140117,0.999095450853929,0.683298406187987,1
105.899836409059,227.183129319304,1.01381707774324,0.821971131298862,0.987589698517695,0.996716638150472,1
59.9964366124358,255.874095351899,0.250452313776182,0.503735664235129,0.993765015387908,0.453092131068422,1
240.337797375564,107.390908304739,0.636512879549157,0.995602470822551,0.754695091629401,0.924697193949177,1
47.6466060450748,238.082571385213,0.800353143968292,0.376416129151286,0.99255762854591,0.977766528013286,1
307.237101283939,43.4483764338944,0.741243210301845,0.999409643222772,0.1268561698962,0.964593116694382,1
315.378470370283,137.15674977078,0.452816691766384,0.999539584720789,0.885635131737217,0.772977149801242,1
131.513566766439,161.212747556418,1.01911189674653,0.906905790632304,0.934354128316045,0.996883049435655,1
98.5486553865399,89.2387193172315,1.00439232214836,0.787303819833476,0.67080365982838,0.996400094151774,1
285.835236991385,153.92998926807,0.262357183286188,0.998869649845713,0.928754369728267,0.475386199492638,1
80.7924172356274,130.155242197635,0.926036087058748,0.679296953608724,0.872108758427203,0.992468354808597,1
237.047296519302,100.075782394203,0.705615111989219,0.995155143901603,0.731809677090496,0.953767407485188,1
252.655803139761,63.1920828638401,0.837673270143278,0.996945503254126,0.464515958912671,0.983664698269049,1
348.499803477621,89.7515336712565,0.465650304014361,0.999833801089063,0.685520731844008,0.78786353904299,1
54.9983156936965,45.3658961331574,0.929137447894242,0.453898251815282,0.207987332018092,0.992678504900428,1
237.475995093722,102.786187704631,0.416323445962826,0.995215851236854,0.815229486208409,0.726811602233097,1
125.880508041508,265.67507171692,0.411934212873689,0.892279079190427,0.996223490219563,0.720877532014352,1
292.540489261063,69.1021958292247,0.220433817521926,0.999077192655843,0.481963261729106,0.396069662307604,1
63.94605282158,247.355560853702,0.366334202626906,0.541170192367562,0.994675119640306,0.65450541630337,1
79.2558658296443,248.053751137592,1.01804480448229,0.668180032190894,0.990283401915804,0.996850148950529,1
85.7227598460684,318.377987967073,1.003884402415,0.712996698282524,0.997627381701022,0.996382264897023,1
95.9048877685208,279.452403445495,0.33496278932308,0.773486194686847,0.996548102702945,0.604106268619604,1
188.505500963505,282.213642846526,0.493135927714377,0.980321633906845,0.993794911773875,0.817410347710312,1
49.4184076270456,389.056955975063,1.10653532409208,0.395467500235309,0.999844829086214,0.998720473500286,1
282.458186739045,97.8388175211867,0.240241194641938,0.998748349534165,0.73560948879458,0.433800843552085,1
58.7741285725179,259.493676916455,0.762386597177297,0.491791788981589,0.993572318926454,0.969924466421884,1
222.110650478028,77.5523815127091,1.08069558216379,0.992499652028452,0.593449985608459,0.998324957423381,1
276.10235629137,94.718431368057,0.649038829307676,0.998484308855863,0.683579076780006,0.930869028092183,1
162.491346713698,272.10361528975,0.951551391849722,0.959382689952681,0.996037755394354,0.994046160012182,1
69.7152769075828,265.07351011227,0.918067849434832,0.59248650867066,0.993965585483238,0.99190317158034,2
54.8545478002735,298.220859045121,0.629425204240508,0.452427157206425,0.995790175162256,0.921009243084621,1
246.694920026255,110.929794158836,0.339706179076758,0.996355170428532,0.846236930927262,0.611957458682384,1
307.38839366218,52.2085449269323,0.301788278659781,0.999412359974396,0.313607649179175,0.54711268598234,1
226.882500054994,183.269469758761,1.06035297140794,0.993473767593891,0.973586330655962,0.997936834942831,1
93.7754187837793,366.597254821994,0.828057955007603,0.761808250784656,0.999726860085502,0.982295468198319,1
28.6680045439655,47.1641227535951,1.00674624522373,0.170048161676028,0.2227349774912,0.996481675131887,1
270.598133690727,94.2920669380256,0.376675837962015,0.998211901776726,0.7239619276952,0.670297787712478,1
86.2928177795671,64.9272906651187,0.985011244677414,0.716702284887582,0.451954143121839,0.995659488979436,1
262.950055545355,65.9281759578607,0.692436058793225,0.997752010690333,0.500811056699604,0.949105960609073,1
220.954873698842,114.644882658541,0.657617155652021,0.992243186706144,0.830039424356073,0.934849996329048,1
245.22097374312,82.8404102896729,0.727095575812646,0.996192765393888,0.590680700261146,0.960587675663269,1
60.8491066361794,276.883044919151,0.237908677581057,0.511969224413382,0.995914726052433,0.429376028586622,1
273.822055177944,89.2172392275548,0.611856711749907,0.998376799682686,0.715041231131181,0.911229439540196,1
232.454212317705,44.6571923218273,0.547842569904199,0.994455592782208,0.173205813858658,0.867096108056135,1
155.793067378524,281.617787857063,0.192213914257518,0.951236570223052,0.997550551313907,0.342072107942913,1
111.982123843755,279.40414137587,1.01002467120225,0.846799937883804,0.995263973949477,0.996592471907693,1
70.0602534215733,67.9068956901992,0.932071979640773,0.595424104456279,0.52038188232109,0.992872447682326,1
240.916139921508,141.906455820672,0.333434230635042,0.995676804878631,0.905240495456383,0.601559464251429,1
243.232241933451,78.5699206777961,0.464256699541868,0.995962365227487,0.568544520298019,0.786280855932733,1
152.479699405277,77.7040327338493,0.974712308711217,0.946656701385125,0.548461403232068,0.995211543543833,1
225.399870645169,89.1799719466434,0.886135760061613,0.993185133183866,0.713185578817502,0.989233943993206,1
105.233268477105,238.589404042473,0.680718646401193,0.819045259807625,0.993597693741322,0.944634336966384,1
269.486785306005,132.296406475661,0.145405225451176,0.998151326175416,0.871607538545504,0.254067169304431,1
50.8122678117935,281.83566071136,0.72807677139482,0.410302327784118,0.994112290907651,0.960877480816719,1
237.118002514941,50.6805086285017,0.688705455663462,0.995165208073478,0.238030065782368,0.947716549582081,1
243.763566198507,83.5257617933595,0.396015106658831,0.996025223553178,0.630923347081989,0.698676527276629,1
46.5378833352008,180.730815341348,0.939817031556651,0.364397466421268,0.967705468880013,0.993362168435914,1
63.724105292763,234.278310811139,0.821694982868345,0.53911495616186,0.99235721421428,0.981334453140518,1
75.1130975377095,120.132969668423,1.08978645836988,0.636727549214537,0.841707468731329,0.998475499040976,1
137.02078202914,273.467310707883,0.656563115832882,0.919412677984908,0.994136488763615,0.934371330204904,1
226.547594600411,58.8648697289573,0.532038047446624,0.993409630244892,0.327468319796026,0.85394541263027,1
103.286092535104,378.686279788031,0.864786050320274,0.810255576608431,0.999815119197592,0.98703335119318,1
73.8739085133306,175.373750805079,0.895772576481462,0.626897440513604,0.963254813570529,0.990112588300909,1
73.6202938687565,359.679321289035,0.470947826719385,0.624861582149356,0.998980647185817,0.793804859209453,1
155.290902901576,62.149392590888,0.988027365163667,0.950567212958967,0.417753775138408,0.995783222719298,1
39.4978291071158,131.111824121814,0.964101785957926,0.287005854090665,0.880500789033249,0.994706265603282,1
237.331362247023,60.5373107595872,0.578961806869548,0.995195453603547,0.459504626924172,0.890304071423641,1
236.954620374401,196.909082678406,0.64452475675437,0.995141921515289,0.962221634574234,0.928694775951966,1
214.20425777089,106.767616444947,0.355516703340291,0.990565645355601,0.80098570487462,0.637540954902921,1
254.482400874385,103.489462103369,0.262278594222914,0.997106849725157,0.79308744519949,0.475239827478395,1
89.2784418428033,234.707237748757,0.681640372069251,0.735478334845068,0.99005589960143,0.944997653026454,1
84.91353266271,146.836732587514,0.90645407378065,0.707669180186297,0.922687837155536,0.991010689577887,1
87.4139778994871,244.082840190545,0.321617756740898,0.723876800587739,0.991245252778754,0.58160367833344,1
258.671779655954,63.4988264023918,0.424338835413882,0.997445991520095,0.460615917341784,0.737437545813512,1
54.0831970456438,289.058415143037,0.846756443134838,0.444500948544484,0.997601703274995,0.984871027131445,1
220.996839329027,108.181024598413,0.203611189143418,0.992252646518789,0.828963179141283,0.363870785978926,1
64.1716605319347,184.184309570643,0.999893761401561,0.543253290510534,0.956056016031653,0.996239340369941,1
188.093814502833,102.473381114518,1.03655712890847,0.980091374193711,0.733227689983323,0.9973780050584,1
222.4793938881,152.556802051226,0.213932741161839,0.992579723210308,0.922361074248329,0.383632438162718,1
243.459102785826,77.4357890156241,0.398912208436968,0.995989322148407,0.608283742330968,0.702795601665933,1
34.9783247502301,199.425825519739,0.999744929194244,0.237290726913286,0.979977099224925,0.996233911179681,1
58.2668119692745,148.124895182341,0.982584303905812,0.486786696077642,0.916380477836356,0.995557524943854,1
247.761898572478,201.071321633714,0.163961654921017,0.996468480839584,0.985192665597424,0.288514654470483,1
82.9934178488561,284.313221051682,0.802982290029917,0.694709731428313,0.997755592688918,0.978236204290849,1
99.0947352431776,158.706671937667,0.935742212892892,0.790066080031795,0.954521315637976,0.99310845795832,1
304.386931332997,161.836235927123,0.801211989923882,0.999356083650038,0.938852103194222,0.977920923314322,2
263.0516861148,80.3395329274457,0.595383786564974,0.997758823942518,0.61539072683081,0.901192489894632,1
89.3224093415452,235.860430709603,0.474310252834625,0.735747000160228,0.991606199648231,0.797514496259065,1
100.540928595947,276.8370972983,0.75030932771128,0.797232703410688,0.996652669506148,0.966971411492186,1
233.171760527129,56.4800016671878,0.288956532459638,0.994571043319331,0.348187085706741,0.524186500879957,1
117.243726950229,231.403688292013,0.600230999931649,0.865736239780923,0.990498062456027,0.904235899905107,1
225.900688809198,113.253037350114,0.560599872219229,0.993283996704954,0.836304333759472,0.877030948546367,1
129.60027287247,164.682602922495,0.996494897667379,0.902156481270245,0.958023175597191,0.996113548676108,1
134.576577974592,73.7800399885915,0.909959237504668,0.914067705630341,0.583823606139049,0.991288968242767,1
33.0888254885353,40.1672606517361,0.934849554203743,0.21677857617817,0.0222826423123479,0.993051717768396,1
62.3963130119168,391.959963619424,1.35488375914239,0.526697688825099,0.999569439794868,0.999926001582413,1
101.913331877198,244.623719430355,0.309131352052167,0.803837109582066,0.990670655388385,0.560024427300574,1
212.426036860891,101.90960305517,0.520359774474012,0.990068037221974,0.785095608327538,0.843610791381814,1
238.517235583792,165.779016423853,0.553551918445932,0.995360219437235,0.93017631676048,0.871616164238563,1
129.531428817391,300.850106460049,0.953354243623246,0.901981501900187,0.995822963071987,0.994145373879039,1
215.975420675253,67.271363211535,0.308759278313516,0.991037144899492,0.447761389194056,0.559374017458084,1
242.280030631704,102.593060670918,0.46051661599596,0.995847270664771,0.774950054008514,0.781992643208648,1
219.09753305069,142.046212493579,0.72478803961322,0.991813051170464,0.932035399833694,0.959898872275735,1
181.481644179316,73.9289451097598,0.917740647589251,0.976017776988513,0.561547352001071,0.991879164940941,1
37.1546427556331,500.623347456219,1.16623664451779,0.261155366043136,0.999978345120326,0.999326698188559,1
149.659667902387,161.306344167511,0.949915834807983,0.942441827813152,0.957424649037421,0.99395483284033,1
235.136999634233,89.0122124697237,0.454555312175731,0.994875349896494,0.732895837863907,0.775034870030954,1
116.607485173111,265.141425164379,0.239597216401561,0.8635641473531,0.992052131332457,0.432579817693335,1
268.265343216057,117.016550135233,0.586373968220151,0.998082422120119,0.856021236162633,0.895330628565719,1
258.084018588594,129.727656078524,0.181611623896728,0.997400876090893,0.871830039424822,0.321865114912501,1
147.125409161166,78.5228260486615,1.08269540101424,0.938388361281828,0.592054696753621,0.998359210271947,1
109.911338906089,260.29584263899,0.231224622969191,0.838715380254375,0.994188460288569,0.416665348389582,1
62.187038159016,280.392907715464,0.623506716247473,0.524721700859978,0.99609875981696,0.917817811559285,1
128.257350793242,344.395895918504,0.687173670162366,0.898690774302962,0.998376291710883,0.947136875123412,1
122.235784980571,241.114852998953,0.78661511024687,0.881723008961817,0.992611023597419,0.975164864686591,1
100.014098409336,158.892883174984,1.03301014576843,0.794646823403447,0.935833703260869,0.997283658108633,1
279.560967196099,91.833727851664,0.683428359247571,0.998634137057619,0.701642076484859,0.945696716990997,1
221.230359757089,78.5269662142263,0.555654370119479,0.992305081342163,0.606001452775672,0.873250393099813,1
74.4030894743464,214.386208864629,0.898427741008717,0.631119099287127,0.982799373334274,0.990343068376484,1
40.430512625394,294.240642908471,0.851251022322531,0.297311140348434,0.996300569502637,0.985438131612962,1
213.523233818991,59.5799376426629,0.330502098579238,0.990378003348198,0.391902187373489,0.596651561469799,1
112.482762872457,155.979225589369,1.11958352390853,0.848699423756655,0.95237178565003,0.998885379644422,1
138.080258197111,101.091758980975,0.979295019953167,0.921632137670779,0.7418908320833,0.995415835579572,1
232.931149901539,172.360803590457,0.207635531537616,0.994532594219811,0.968251765472814,0.371576013239769,1
132.11025614911,113.922944471475,0.910112273273094,0.908342832905966,0.815272451145574,0.991300938975277,1
57.9314852048786,171.324413087447,0.977570012447627,0.483463296437582,0.943997535156086,0.995339889950597,1
179.436488619388,314.377702904601,0.776953175883598,0.974603169507606,0.998783878982067,0.973179252810782,1
225.520779658934,223.605756781611,0.561158703397681,0.993209130275696,0.981180623639375,0.877452569328564,1
167.026209675298,302.039450665836,0.426370274875057,0.96414452519637,0.996996372705325,0.740087262254739,1
155.640681495306,79.1052024068366,1.18856836305319,0.951034360109596,0.623502964852378,0.999474170641149,1
75.4410938637952,278.580805359308,0.676662372078873,0.639296851569901,0.997664725640789,0.943011461795299,1
220.990177458338,121.20833165709,0.623970008620102,0.992251145563312,0.875196780776605,0.918071361595525,1
55.7833294942961,50.0765890403092,0.941786727427861,0.461895545488081,0.171831459738314,0.993481743679573,1
76.609522975886,264.250785043092,0.964220002103952,0.64833878130746,0.996647129068151,0.994712153098492,1
221.583483738907,109.620359892544,0.572043912294386,0.992383715951216,0.801404590252787,0.885442579773133,1
218.474286301378,138.923633558683,0.395910059805796,0.99166357754886,0.88746994221583,0.698526518833806,1
20.019022448614,68.9817386787222,0.934177407813075,0.087999514037534,0.450385620817542,0.993008714964949,1
270.893164506195,144.509079740101,0.630510368578359,0.998227652360042,0.91455519059673,0.92158327326873,1
234.242526900658,195.78704559545,0.370414797463517,0.994738970400169,0.974149005720392,0.66078714091284,1
114.479827781387,59.9485365344446,1.0945058271051,0.856068737298498,0.438986574066803,0.998548602392959,1
133.025845411429,261.075044704851,0.766823751423019,0.910508084066439,0.994293349329382,0.970950405796205,1
141.465305655838,302.940629607221,0.821809740534109,0.928347641440321,0.998822479741648,0.981352185307704,1
121.442615205002,91.9371928579626,0.911599423836802,0.879304348097472,0.694672306301072,0.991416496252273,1
149.300816713861,236.262343753655,0.729680609377736,0.94188351523101,0.991135873831809,0.961347259543632,1
98.912915693245,110.69197654351,0.901127663858772,0.789149818348382,0.806218097219244,0.990572465966957,1
219.103765826157,173.144692239373,0.398834297747178,0.991814532721872,0.958957212977111,0.702685284842706,1
118.144383786584,154.844605962884,0.908844255512411,0.868757691005329,0.94219998177141,0.991201302975198,1
188.801368533752,181.33416113148,0.935884257045879,0.980485527448712,0.967001915443689,0.993117447895515,1
133.232284474275,235.377937209062,0.371982115854674,0.910989704350955,0.993760334094986,0.663182504264955,1
295.717168927354,166.600802419013,0.0494299392871056,0.999161929526874,0.946786815766245,0.097216357873806,1
102.54126872115,148.97820916183,1.07752890077969,0.806796148094077,0.902338076848537,0.998269359921109,1
243.853865358578,200.826763268967,0.199796786070589,0.996035810738166,0.977310408605263,0.35656997612741,1
213.431884549694,167.219939751452,0.437792719127584,0.990352559588629,0.940399323357269,0.754658798960475,1
206.999747392411,248.339023564929,0.914665446719064,0.988386771218689,0.991561100585386,0.991650377562258,1
89.0690726716019,137.449046277095,0.916853310669368,0.734195881843775,0.910909467376769,0.99181373752157,1
70.7435892030925,225.546564458763,0.929026087781316,0.601198727455792,0.980576641391963,0.992671051912595,1
144.434468062259,206.954102165736,0.906870149800983,0.933791618600067,0.973260766593739,0.99104413622961,1
47.9937827919264,306.763583934312,0.741242734516713,0.38016493680176,0.997247893363237,0.964592988112503,1
255.285698180786,130.282931540809,1.08300237518436,0.997175131987121,0.895817019743845,0.998364410239724,1
95.4539787848887,239.845122608988,0.882521887101232,0.771054785505297,0.993345317197964,0.988886789816263,2
63.4039268003922,156.741115887017,0.982883157348939,0.536139767937057,0.930667050881311,0.995570197929314,1
103.077981732808,372.477554845253,1.29416572715868,0.809294455712297,0.99950522556901,0.999844862162946,1
93.2688961369927,171.810382378494,1.23734205749863,0.758956879311364,0.964852986857295,0.999697600290481,1
106.680119947768,85.3473146271633,1.05459062247154,0.825343272318864,0.685331822372973,0.997812652378151,1
207.445179747917,249.197639220727,0.713937044934633,0.988534595836359,0.990107324905694,0.9565201880179,1
280.179459217713,165.388293979445,0.517948915647423,0.998659349538596,0.961144092259929,0.841410659449277,1
212.477056123491,113.442916322143,0.40584794486504,0.990082663265568,0.815654825884849,0.712514780259366,1
103.313042354511,139.312868795427,0.979833020287402,0.810379729937556,0.883250224636868,0.995439289372187,1
110.507377959628,112.328228814239,1.0656287652834,0.841080397659653,0.831434570718557,0.9980447823663,1
231.201835447989,90.2685924166168,0.742052135914539,0.994248319749125,0.720638751983643,0.964811150046749,1
108.464494564994,115.34557781642,0.90675254837769,0.832844068100046,0.862440192839131,0.991034694120624,1
89.6555711917244,106.952702977181,0.992235851607225,0.737775486278658,0.753714719088748,0.995950482922188,1
79.0664994285854,200.456555898389,0.912828735934963,0.666789515740341,0.971857099793851,0.991510970968147,1
80.0485043239504,232.770139629885,0.421774895601881,0.673951604133997,0.993564659496769,0.734068211141654,1
45.2719379844439,351.774329945424,0.0034810531623896,0.350596501401313,0.999571284279227,0.0431873350281377,1
72.245930397284,267.860332499551,0.69343265522177,0.613687210674243,0.99717749026604,0.949471812596282,1
92.696975359089,86.2315485076093,0.932913550677301,0.755702919704561,0.660863245371729,0.992927201815071,1
51.2233889120413,225.105095062917,1.07713750307248,0.414649772639848,0.98333908081986,0.998262370619409,1
220.119238641883,84.7148533536512,0.747104047002746,0.99205245978639,0.613093981286511,0.966146830185577,1
92.7602313165093,157.445700534694,1.01669564096918,0.756064620097674,0.948042105417699,0.996808094774595,1
238.658483665771,65.1419256879769,0.589470623447631,0.995379472383239,0.426909555448219,0.897375723216939,1
222.104062712678,190.573703443238,0.437156023704428,0.992498213893593,0.969740682747215,0.753861216442809,1
180.004251374399,55.5435199091433,0.948470183393519,0.975003721733588,0.357593215070665,0.9938730516303,1
218.503367370904,75.5921414055775,0.638680532326615,0.991670610789623,0.610803863033652,0.925796485108665,1
239.518261817316,78.6735709015668,0.647709743296211,0.995494991099723,0.667999491561204,0.930234620382748,1
334.606296721341,106.190620446887,0.25822035593908,0.999744809214372,0.803472004830837,0.467666255315662,1
77.0826265024773,126.476276540282,0.938621546085714,0.651950770661338,0.870015415363014,0.993288626596816,1
95.3055555155096,268.808184455881,0.700985819723091,0.770249621110821,0.9940860865172,0.952173055460061,1
86.0949478800444,213.332647358743,1.03563657986073,0.715420480074978,0.984647652832791,0.997353813782973,1
112.50784691357,233.281922595819,0.750839810537068,0.848794040013884,0.990329345921054,0.967106195802582,1
147.676534616641,281.857701655654,1.19515188909455,0.93929206370652,0.996553821489215,0.999511487498365,1
215.642699141685,74.6740012499874,0.429723414532609,0.990950355931018,0.596399508183822,0.744422513634907,1
90.5877339021709,239.172017722829,0.867867596340021,0.743382687950966,0.992381160613149,0.987373969331789,1
88.9513903920897,196.061851957746,0.906971229051859,0.733472792780491,0.962315802462399,0.991052244625353,1
102.886021159303,161.561651899576,1.09185304361133,0.808404162951157,0.946535340743139,0.99850792142866,1
59.5714692319821,301.889464350124,0.861704075892062,0.499601722032822,0.996653466718271,0.986684502833766,1
202.733012628524,117.113013923485,0.908539317489596,0.986873834156476,0.859675130574033,0.991177189145819,1
101.335896134859,295.384582895266,0.882706484550305,0.801081396258576,0.995308693032712,0.988904762889995,2
134.206124417266,101.287132217011,1.61299570546732,0.913229478349505,0.716687181033194,0.999997664496553,1
298.697686168943,102.595146330887,0.289608718007824,0.999234436699137,0.733922315994278,0.525362307420255,1
138.879754716345,134.550349865623,0.895662312671108,0.923269165611663,0.899268190842122,0.990102910822103,1
221.025434388528,242.654859647116,0.208472174663024,0.992259085924086,0.9906701578293,0.373178002551903,1
231.601409725985,84.8541224202182,0.371208791442744,0.994315259470489,0.659916409756988,0.662001828574675,1
168.437890557215,166.178397912544,1.17167398952245,0.965514853910441,0.954649570398033,0.999365806599895,1
120.467277947596,131.78780011859,0.896801629208384,0.876268586156741,0.885120100108907,0.990202495323237,1
131.274542174627,221.307249804535,0.973221907735631,0.90632431930963,0.984943789895624,0.995143333244754,1
39.7435555298675,333.123808958713,1.0360402758655,0.289720758374153,0.999194384785369,0.997364447795773,1
159.930576154227,254.018326921925,1.00589899218494,0.956434041534518,0.990847222041339,0.996452508953895,2
136.774283822782,118.513177565125,0.964831384092731,0.918887983280073,0.854628929169849,0.994742506522247,1
221.221314105626,133.567656593315,0.513033072478221,0.992303056677808,0.865829792339355,0.836852984319168,1
80.1731433695938,384.721556429106,1.11281614458252,0.674852008057874,0.999369990779087,0.998802496652756,1
92.755439359574,307.34823482556,0.731635965775174,0.756037235210385,0.997427442111075,0.961913454520885,1
117.606562981551,236.644065331663,0.938923744025086,0.86696092646452,0.984098439104855,0.993307286160975,1
136.286036104456,243.002193303332,0.641682367213328,0.917839317219733,0.991694810334593,0.927297027234612,1
168.512307906419,275.786612771002,0.892187640489667,0.965585686844839,0.995430461829528,0.989793554462217,1
107.173827952898,181.169969301305,0.90564504014774,0.827447762831325,0.972166649997234,0.990945332243472,1
196.160240931073,360.839444932509,0.970966289156214,0.984163041484803,0.999395898543298,0.995038413927927,1
268.692827580425,144.341115285254,0.322203367478138,0.998106819748414,0.926076881121844,0.582603592259768,1
234.238297998479,215.266163248811,0.762857446518971,0.994738317275198,0.984917079797015,0.970034804303914,1
149.608614360799,359.292661815479,0.709109975785216,0.942362706297924,0.999595219269395,0.954940973950582,1
315.627717604629,151.992639074376,0.323282171718297,0.999543081184039,0.946076621068642,0.584442690601195,1
266.568699531114,106.696643536159,0.441286456165103,0.997982506870271,0.803240957669914,0.759004574137801,1
97.5960437930396,180.325900624283,1.00389306332649,0.782410491219142,0.960787565680221,0.996382569594254,1
112.737073290932,220.479994238827,0.544434606775027,0.849656229435123,0.991009332472458,0.864340263600699,1
97.6923247858789,152.494255097272,1.01995101492279,0.782909403353531,0.908725690562278,0.996908698824033,1
311.886596108033,101.783005376018,0.640284019371087,0.999487730809871,0.732012901222333,0.926601161826864,1
77.9801632443486,67.1466016697711,1.03979767868881,0.658725481834745,0.542961158324033,0.997461551460048,1
212.605817763517,87.65254153387,0.622254723353888,0.990119483228157,0.715424773981795,0.917129427125027,1
222.370771525876,292.593862958049,1.19495549403641,0.992556223241006,0.99863171717152,0.999510411224967,1
154.720868202763,148.830899892913,0.900500625272532,0.949796857876218,0.945946435909718,0.990519631696266,1
119.053660191952,89.5704634846895,1.02494935273322,0.871745589008408,0.71906865015626,0.997057504635788,1
122.064575685763,258.185147028975,1.10157894109655,0.881204694655172,0.992136122426018,0.998652089759088,1
104.878506719208,264.249957137022,0.872583407530936,0.81747091603511,0.993549299426377,0.98787976290734,1
106.690103655487,232.823415901695,0.700660115700824,0.825386052048347,0.991531481500715,0.952059148785326,1
190.392230601873,145.991267991213,0.967219590334517,0.98134445410864,0.91521911136806,0.994859558848013,1
102.841555625009,249.263008116059,0.965746334693735,0.808197420858343,0.99095221539028,0.994787634747486,1
115.719234135076,243.562909868091,0.799421496219366,0.860478753485229,0.992919429438189,0.977597974323236,2
262.825909536872,171.374874233685,0.384606886320488,0.997743660415749,0.961367071606219,0.682120056248537,1
254.099060808253,85.5883607740728,0.36554945719752,0.997073696896138,0.659113402012736,0.653289910309042,1
114.6059225482,201.252502223819,0.925133519129096,0.856523053293327,0.974555520806462,0.992406179163109,1
223.424090459361,105.818349377847,1.04917787690958,0.992781078446493,0.789922835538164,0.997689747962458,1
152.226411228296,308.094212705286,0.991518070466617,0.946290372873608,0.998063451843336,0.995922392386406,1
118.136709354615,301.083815296192,0.873616639532555,0.868732207044731,0.996415606234223,0.987988131397214,1
94.2989685730573,270.15040073747,0.952069050824271,0.764725546885909,0.994169249664992,0.99407480292926,1
236.083866539381,257.809408582754,0.868921990981042,0.995015953127596,0.991581998998299,0.987488667504404,1
162.672913251494,172.045990126675,0.950367676500258,0.959584391967828,0.941666293190792,0.993980189489543,1
140.77499369769,214.543963935131,0.818195012121601,0.92702335365817,0.990203751251101,0.980786442726576,1
161.774667578298,213.155684278579,0.96675632135958,0.958577148664964,0.977196514839306,0.994837040257122,1
223.90576810335,172.270134686963,0.599105997978484,0.99288168448849,0.957628215663135,0.903536327791433,1
80.4599477101213,234.580672079589,1.21413181931251,0.676916541742331,0.991480426397175,0.999605630771897,1
244.324569288711,162.241197084663,0.849133948251265,0.996090553301573,0.939414974302053,0.985173409414127,1
260.181607657017,50.9179438866493,0.559183875677142,0.997558389993088,0.205520393559709,0.875957571138959,1
220.993900684544,48.9307195506935,0.171284134635699,0.992251984461216,0.158465586602688,0.302295828276145,1
149.303684915021,273.020904204141,0.513358079823521,0.94188799781571,0.994078203104436,0.837157286391248,1
59.1921056513066,161.112817505734,0.970339337108679,0.495894540792514,0.935425374191254,0.995008886441889,1
46.5153861502657,264.04123847258,0.824140358345888,0.364152899001327,0.995608826400712,0.981709103603621,1
127.224668957698,320.933659007449,0.972005603424886,0.895949346943898,0.998964078957215,0.995087011518568,1
93.2148699049151,259.50051400797,0.819362265096561,0.758651061352276,0.994177633197978,0.980970763600194,1
112.051930059772,239.991791458339,0.899419949366296,0.847066061826114,0.991894009755924,0.990427948165802,1
246.650207967731,85.5286366329833,0.49547647606838,0.996350345186246,0.610258008586243,0.819781219363249,1
235.298566193883,74.4815563907349,0.526352536976849,0.99489961270857,0.588981157401577,0.848980555908037,1
191.023496019231,235.664796341767,0.934268935304331,0.981675075578951,0.987531387712806,0.99301458489167,1
120.273665053932,95.822070532262,0.977045140391822,0.875657776322599,0.755757918581367,0.995316554811692,1
373.042030021033,143.368576390419,0.576245140514883,0.999922428403716,0.908366235205904,0.888414733935933,1
161.743091808906,383.926611436707,1.20852657320671,0.958541310807952,0.999496724689379,0.999579772144107,1
129.620328864716,294.549569356095,0.834547239989267,0.902207402996387,0.996002277825028,0.983230219813325,1
160.412643566164,325.586123082998,0.865402146235477,0.957004221868369,0.998155576176941,0.987102100297014,1
131.856751765767,254.491467062275,0.919906991244176,0.907734825413266,0.994565366767347,0.992036919534347,1
85.0740869986984,223.482305567524,0.155798242352741,0.708732478878611,0.991240457165986,0.273266463773243,1
227.80386074567,206.881651867342,0.971803514653194,0.99364709058947,0.978987724054605,0.995077596144664,1
91.2966737481091,210.68912164936,0.965547969402533,0.747580178947333,0.971766452072188,0.994777880833347,1
47.4965980940472,303.53932980652,0.80991251614472,0.374794112882478,0.997672775294632,0.979432712863122,1
96.6309184334839,122.584808923705,1.13880625359487,0.777354981538692,0.821151227457449,0.99909258046752,1
110.572449867874,297.434015146623,1.02105322910344,0.841336720261324,0.997061714297161,0.996942095420615,1
212.869956695484,178.897303957959,0.871874597135175,0.990194599546996,0.948737761471421,0.987804915809691,1
137.232915834347,297.101664186688,0.636818036393306,0.919861696820659,0.996467681601644,0.924852752499887,1
86.4465420363912,468.960540258376,0.958918602859166,0.717694874335867,0.999974571634084,0.994442181391543,1
123.810836987187,227.190652513528,0.781071157011264,0.886395507979751,0.990582943195477,0.974041851824302,1
225.917022724675,151.431505421905,0.912780112549715,0.993287197418718,0.910307885613292,0.991507252074878,1
226.87467814199,77.54547696159,0.399056976069338,0.993472276596471,0.603973906254396,0.703000516867993,1
233.572952368312,129.568211872082,0.14613925935227,0.994634566382876,0.901241553248838,0.25541436821567,1
126.156016502445,284.404281892521,0.821321089498683,0.893040891775977,0.996444495627657,0.981276576416429,1
168.5222786064,243.341255471775,0.870237781639806,0.965595166736399,0.99136405531317,0.987630493930349,1
97.2869292276109,138.329030667091,1.09927240750726,0.780802076409038,0.914389993296936,0.998619121312186,1
88.5586311462445,260.179132669523,0.982098356309476,0.731047781214776,0.992478518746793,0.995536847393512,1
162.070290256559,242.102615289877,1.04819703729226,0.958911249172152,0.992905758321285,0.997666805483597,1
245.033257594129,179.794421578486,0.962475151388255,0.996171580072686,0.97443198482506,0.994624645854343,1
130.501209389178,255.509416001255,0.983186572530048,0.90442000294398,0.992954557994381,0.995583030541398,1
130.160000200202,204.807152319241,1.0095593683106,0.903568484748678,0.983160763513297,0.996576944181788,1
170.353343485138,346.196438438798,0.91229545502933,0.967294461446702,0.99929160089232,0.991470103267815,1
148.502968893795,251.927465578605,0.898446543234225,0.940623879787409,0.992586334468797,0.99034468311231,1
