Original_Row,Cluster_ID,Year,Time,U_NTR,U_RD,U_RF,C12,C13,C23,C123,ReturnPeriod_Trivariate,ReturnPeriod_Bivariate,Density,t,mu_sim,sigma_sim,Sim_RF,Sim_NTR,Sim_RD,Weight,Probability
5492,0,1967,55,0.268243387092171,0.508221505101562,0.755943002179265,0.197213854528915,0.222546756558695,0.41954619841926,0.172,1.48259161166361,1.00826592900167,0.222546756558695,14.0616016427105,55.8306154669468,31.7489787001496,102.15604246548,0.130905780696554,34.2690807480858,19,0.0007063197026022305
7337,1,1974,74,0.881812301727568,0.792055503883124,0.843095078598708,0.72382322039503,0.746095191494306,0.702815402285168,0.612,4.56924264938945,9.43938939298136,0.746095191494306,21.0622861054073,56.4911680264343,32.778302307281,119.976579919149,0.579893633332963,83.0424299969668,19,0.0007063197026022305
1759,2,1956,18,0.628607996603195,0.994026431589384,0.935921943513677,0.626687775955098,0.59963388455472,0.932633609823023,0.61,,5.69736544433343,0.59963388455472,3.06091718001369,54.7926412064773,30.1315276819821,143.282716236347,0.344442846160759,296.611053504279,2,7.434944237918216e-05
22624,3,2013,227,0.285228523588547,0.374307117459292,0.297642748104408,0.169210977081754,0.119897915191359,0.16224225733187,0.083,0.48641354495318,0.372421000747972,0.119897915191359,60.062970568104,60.1710941937784,38.5126452027004,73.8939838673541,0.140796511079451,21.3921627002047,30,0.0011152416356877324
19760,4,2004,198,0.788000492858032,0.76307154815715,0.970538130030036,0.64370862385265,0.775139544383864,0.748311716449798,0.645,363.825790464301,12.0475239914027,0.775139544383864,51.0609171800137,59.3217016182622,37.189056614414,202.123375376599,0.470083173687316,75.4801369046592,6,0.00022304832713754646
543,5,1953,6,0.795652399079428,0.483296284030521,0.644469383638352,0.434179091649058,0.535004037617788,0.365709802878171,0.312,2.01055813649386,2.10787570563928,0.535004037617788,0.0629705681040383,54.5097686790472,29.6907340371605,85.9879605714777,0.477507683275759,31.582232821182,36,0.0013382899628252788
4671,6,1964,47,0.717051274704914,0.915613543568068,0.658353741280735,0.678740159152222,0.516600711457759,0.621204227755184,0.5,7.83498309258827,1.41647377656428,0.516600711457759,11.0609171800137,55.5474846084415,31.3077825040541,90.0518645572873,0.408657823132108,136.203269606227,16,0.0005947955390334573
12655,7,1988,127,0.339505115353556,0.711470963964526,0.881846852600574,0.295295674922701,0.313762607747271,0.656849693205562,0.257,2.62863750349348,2.16425295234071,0.313762607747271,35.0609171800137,57.8120148143339,34.8365469702701,136.156628706794,0.17189325937839,64.1504649352492,16,0.0005947955390334573
11956,8,1985,120,0.927859122867432,0.930638640200382,0.806739014340565,0.87074521908099,0.761325076084746,0.77088358245524,0.747,,7.48308666855927,0.761325076084746,32.062970568104,57.5291422869038,34.3957533254484,116.352682224236,0.662084088055508,147.910155155441,11,0.00040892193308550185
25861,9,2021,259,0.986090989186835,0.42893348685895,0.198809616500512,0.42672573543266,0.1970146434368,0.125809630525128,0.108,7.21607014102184,16.5097718974033,0.1970146434368,68.062970568104,60.9259375957425,39.6889000247724,69.7701453433551,0.893909591311907,26.2095507919698,12,0.0004460966542750929
20473,10,2005,205,0.938891298277038,0.993577052044183,0.998155576176941,0.933512569762691,0.937585081585133,0.991989070418774,0.932,432.15653581768,371.604143503777,0.937585081585133,52.062970568104,59.4162507918142,37.3363903806284,333.788252948264,0.688068210243168,292.171488082982,1,3.717472118959108e-05
19969,11,2004,200,0.532598250959127,0.73982556570826,0.464862935710698,0.454497475352948,0.311786193060973,0.386048458894843,0.277,1.44879899163904,0.636284087913512,0.311786193060973,51.0609171800137,59.3217016182622,37.189056614414,82.9254136491975,0.28337843809727,70.0839328291429,25,0.0009293680297397769
3490,12,1960,35,0.306714745941573,0.73507857576133,0.568689295090735,0.272625236551879,0.235782031536192,0.459945184513296,0.216,1.40974294402547,0.554972848703545,0.235782031536192,7.06091718001369,55.1700629074594,30.7196550930181,81.530717656883,0.153181028044167,69.0444023933773,26,0.000966542750929368
6187,13,1969,62,0.391771679324924,0.871844310727593,0.978179860394448,0.371722402592301,0.385329388565301,0.860068688646618,0.376,,13.0057202410953,0.385329388565301,16.062970568104,56.0194554829755,32.0432436813045,190.536400537716,0.201529481847208,111.411508999798,4,0.00014869888475836432
20266,14,2005,203,0.480988620172871,0.272594734925042,0.0845046164467931,0.193291153743246,0.0589852020956621,0.0405171836117749,0.034,0.475391854202171,0.405275088535818,0.0589852020956621,52.062970568104,59.4162507918142,37.3363903806284,62.7196638803359,0.252716153160379,13.6990329321019,62,0.0023048327137546467
404,15,1953,5,0.857881183096901,0.367904572868951,0.865843179402873,0.347405714626553,0.749984418573295,0.343329542225822,0.345,48.8909090325823,7.61612996712788,0.749984418573295,0.0629705681040383,54.5097686790472,29.6907340371605,117.116460997704,0.546951377423503,20.8614681807509,13,0.000483271375464684
14086,16,1991,141,0.499446572065961,0.30634769856741,0.990408150944859,0.219490004992032,0.496445449470999,0.305580438843618,0.242,,30.3456684492064,0.496445449470999,38.0616016427105,58.0951456728393,35.2777431663655,241.715344474611,0.26355909535342,16.0854495066832,5,0.0001858736059479554
17313,17,1998,174,0.0546571644096,0.265604448337653,0.399057834874839,0.029071413316872,0.040404832899454,0.153444209092186,0.032,0.424087304183593,0.340895629241872,0.040404832899454,45.0622861054073,58.7556982323268,36.3070667734969,77.4728152192069,-0.0193375635618935,13.2240006975225,49,0.0018215613382899629
355,18,1953,4,0.0949617879551709,0.961631845915518,0.803708267631009,0.0941201536378584,0.0849170385491951,0.782313017941864,0.092,22.1035784962454,1.0738428983825,0.0849170385491951,0.0629705681040383,54.5097686790472,29.6907340371605,104.787109641375,0.0166057052364259,183.481263958874,3,0.00011152416356877323
12266,19,1987,123,0.92191695202512,0.776113126379594,0.465589280705899,0.734064072265446,0.438456348194231,0.40376165541948,0.381,6.31657736327566,3.92540817977942,0.438456348194231,34.0616016427105,57.7177239718572,34.6896157553295,79.7836044868584,0.649423069662166,78.7560650877001,13,0.000483271375464684
868,20,1954,9,0.923054652882196,0.93702826809621,0.975764479488134,0.871961824407092,0.904259933178228,0.918620227577796,0.846,15.3910266984299,36.7592946445846,0.904259933178228,1.06228610540726,54.6040595215239,29.837665252101,176.108637031189,0.651784544067911,153.694957340738,5,0.0001858736059479554
15409,21,1994,155,0.762669568624672,0.991312392002746,0.529805846279487,0.758376463043084,0.437735035472504,0.527900356598203,0.428,16.3611920220773,1.37684512197868,0.437735035472504,41.0622861054073,58.3782765313447,35.718939362461,85.8255078261722,0.44675968255754,273.705091269501,13,0.000483271375464684
7771,22,1975,78,0.238658230936538,0.114892030049381,0.908085686387494,0.0542162401878596,0.225002012543574,0.112187379556862,0.056,2.71114076508211,2.55564615314146,0.225002012543574,22.0616016427105,56.585458868911,32.9252335222215,139.846639040455,0.113391341907894,4.46864367016656,16,0.0005947955390334573
5352,23,1967,54,0.479628849918321,0.182014520071156,0.63357745599933,0.133507376354082,0.333796524503245,0.139623965296936,0.1,0.944701696474968,0.906658514971257,0.333796524503245,14.0616016427105,55.8306154669468,31.7489787001496,88.4849561094091,0.251922011249898,8.02405810449971,52,0.001933085501858736
15867,24,1995,159,0.955308512022323,0.603444485786027,0.994059989927337,0.589738128436008,0.950060703834059,0.601870053145269,0.554,5.73790988940058,288.933047579504,0.950060703834059,42.0616016427105,58.4725673738214,35.8658705774015,266.87731463104,0.735169726134841,46.1577678400345,5,0.0001858736059479554
6858,25,1972,69,0.695629021878632,0.38123366735685,0.270124472677708,0.324883170331559,0.227880923979122,0.165930074799591,0.155,0.922905090088347,0.762987682900677,0.227880923979122,19.0609171800137,56.3023280104056,32.4840373261261,66.6085204205997,0.392119497707546,21.9739554521201,45,0.0016728624535315986
20035,26,2005,201,0.973944057907685,0.810433758407588,0.928690739441663,0.795380768708205,0.906744278618376,0.768940488822444,0.748,20.0060410399795,48.6679429609064,0.906744278618376,52.062970568104,59.4162507918142,37.3363903806284,164.523056857179,0.811480505400393,88.4298309938799,3,0.00011152416356877323
5885,27,1968,59,0.548342006021723,0.795638630308972,0.802182466024533,0.487259366815634,0.457996926989824,0.671937829551371,0.423,4.16397561054001,1.86094195117267,0.457996926989824,15.0609171800137,55.9249063094235,31.8959099150901,109.669453357796,0.292976004529145,84.0529104082226,17,0.0006319702602230483
21642,28,2009,217,0.813693503947811,0.980874805760134,0.98564684856683,0.802580003721141,0.803816986150887,0.968738790448318,0.781,14.3671740634344,44.6764279258102,0.803816986150887,56.062970568104,59.7936724927963,37.9245177916644,238.274442714516,0.495829130004819,225.629920999561,6,0.00022304832713754646
13013,29,1989,131,0.51048811733265,0.926856789445215,0.86402505543083,0.493682244526978,0.460920087985897,0.818823235467142,0.447,7.98224564296585,2.3146295581226,0.460920087985897,36.062970568104,57.9065639878859,34.9838807364844,131.156175914756,0.2701069017634,144.736378511333,10,0.0003717472118959108
14631,30,1992,147,0.925914093358951,0.0691305949218025,0.126572627574205,0.0679321978712838,0.124120625219722,0.0234487202425093,0.026,2.9461924725177,2.79197402391914,0.124120625219722,39.0609171800137,58.189436515316,35.4246743813061,62.9990501494919,0.657848548750912,2.37790575982679,18,0.0006691449814126394
7948,31,1975,80,0.993671293143406,0.860037026791062,0.55285928142257,0.855839321085782,0.550292296111142,0.516319542616784,0.514,106.181997851855,53.1671463713204,0.550292296111142,22.0616016427105,56.585458868911,32.9252335222215,83.6042062314521,0.98970410033521,106.21426568593,5,0.0001858736059479554
4848,32,1964,49,0.656439898278489,0.899817818295968,0.240785001078621,0.61816214430458,0.191716086605783,0.226621899108168,0.18,3.36375217223895,0.679137470525109,0.191716086605783,11.0609171800137,55.5474846084415,31.3077825040541,64.2290354034911,0.363592620938856,125.994835244715,12,0.0004460966542750929
23980,33,2015,240,0.787129248728993,0.35470626442957,0.880502860760316,0.323033142682436,0.703355602726192,0.343690740444307,0.296,3.86539818191191,5.59855663257227,0.703355602726192,62.0616016427105,60.3596758787318,38.8065076325815,147.1463004179,0.469249814034478,19.7884692577639,12,0.0004460966542750929
15315,34,1994,154,0.0790581361119767,0.111417773046747,0.0162406098097563,0.0204512282073054,0.0035602950569722,0.0061531447346092,0.001,0.243176424235111,0.220200888378927,0.0035602950569722,41.0622861054073,58.3782765313447,35.718939362461,58.96336565024,0.0033439966243726,4.29990611791905,64,0.002379182156133829
21938,35,2011,220,0.102484566002043,0.89334957931303,0.451612790348008,0.0996836698169893,0.0539678515053312,0.430044715032362,0.042,2.12203165999535,0.400103630717136,0.0539678515053312,58.0616016427105,59.9822541777497,38.2183802215455,83.27662764,0.0225752823063887,122.281660242653,8,0.00029739776951672863
14655,36,1992,147,0.710769599290962,0.376565470136549,0.99900936987251,0.324935095617413,0.710484142062532,0.376491140067587,0.329,,283.618386734127,0.710484142062532,39.0609171800137,58.189436515316,35.4246743813061,348.735974143102,0.403729905319954,21.5809701534828,2,7.434944237918216e-05
19071,37,2003,191,0.94325189314765,0.925809335165782,0.369526427704841,0.879485259204434,0.364548160167083,0.356723363203909,0.337,7.94624317001452,3.86325325030765,0.364548160167083,50.0616016427105,59.2274107757855,37.0421253994735,76.5046454572626,0.699426474280059,143.886836258333,12,0.0004460966542750929
6186,38,1969,62,0.997487584868179,0.777887882428188,0.860028338851407,0.776592014638724,0.85808828157876,0.702574031323158,0.694,25.4760149028722,349.431735398742,0.85808828157876,16.062970568104,56.0194554829755,32.0432436813045,122.091208690707,1.09362008166319,79.2172221526082,4,0.00014869888475836432
10719,39,1983,108,0.457234174543606,0.294524785993291,0.829651438165456,0.200134008781119,0.416328041385018,0.273650529251794,0.181,1.56614396777958,1.54508843851096,0.416328041385018,30.0616016427105,57.3403022708751,34.1014883442935,120.330889655299,0.23892276891899,15.231756113054,18,0.0006691449814126394
16301,40,1996,164,0.946092808873703,0.999321210571043,0.938852103194222,0.945512942630109,0.892667411960648,0.938475863991922,0.883,21.2990369000375,25.8983493400191,0.892667411960648,43.0609171800137,58.5668582162981,36.012801792342,166.254087351151,0.707226048422298,430.374798990022,1,3.717472118959108e-05
26010,41,2021,261,0.821441067177984,0.973072443816951,0.143420500913635,0.805357072331541,0.126271364944173,0.142148659725896,0.139,,1.23908216167757,0.126271364944173,68.062970568104,60.9259375957425,39.6889000247724,67.0929542290315,0.504090741233539,204.879980137018,8,0.00029739776951672863
26568,42,2024,266,0.971906229456411,0.970386618764866,0.992536065401509,0.944538142273946,0.965020267594518,0.96470286217184,0.933,31.0927947446664,346.037083301633,0.965020267594518,71.0609171800137,61.2088101231726,40.129693669594,282.73622537027,0.801161978367806,199.12602241841,1,3.717472118959108e-05
12958,43,1988,130,0.464972264513524,0.642612585809758,0.965854331618175,0.369951861018906,0.453885713551991,0.632833924617701,0.367,12.3210997514992,8.67335884347439,0.453885713551991,35.0609171800137,57.8120148143339,34.8365469702701,185.516084143486,0.243398344900011,51.9943082645335,5,0.0001858736059479554
21210,44,2008,213,0.594461640366031,0.759775626271398,0.126928511308506,0.508679956676925,0.0966467039263008,0.11647160979409,0.103,1.45314523073577,0.532968708473925,0.0966467039263008,55.0609171800137,59.6991233192443,37.77718402545,64.8436335983132,0.32195522350461,74.6820722268659,30,0.0011152416356877324
16450,45,1996,165,0.668255821522631,0.70030179842601,0.911157187074423,0.529521874991642,0.630174855195713,0.658313575283895,0.484,3.68354662386721,3.93996699098188,0.630174855195713,43.0609171800137,58.5668582162981,36.012801792342,151.009350733884,0.371984040966762,61.9807527649199,13,0.000483271375464684
25423,46,2020,255,0.0297204559870573,0.412285168367984,0.668149858014658,0.0211953700917673,0.026131906288747,0.331233248333197,0.025,0.821675664867016,0.609270181767473,0.026131906288747,67.0609171800137,60.8313884221905,39.541566258558,105.622211041429,-0.047666435015055,24.6841060594083,24,0.0008921933085501858
26828,47,2024,269,0.689868504240722,0.965301270038742,0.518450700910762,0.675931159192251,0.398205064607475,0.50865183150637,0.395,14.1167368290352,1.05326431664256,0.398205064607475,71.0609171800137,61.2088101231726,40.129693669594,91.0530500763591,0.387795054290968,189.547961839753,4,0.00014869888475836432
26318,48,2023,264,0.239860361752269,0.94013582094003,0.980203258572146,0.235656813964959,0.238385906038605,0.925417265191586,0.228,17.7611313654799,10.9156686627318,0.238385906038605,70.0616016427105,61.1145192806959,39.9827624546534,233.646209099624,0.11411148296493,156.727752286496,4,0.00014869888475836432
19995,49,2004,200,0.787756833865695,0.750103898991356,0.571133825927973,0.634649791322951,0.496801884107508,0.471137735923671,0.409,2.36421004264558,1.45020828431533,0.496801884107508,51.0609171800137,59.3217016182622,37.189056614414,91.4538737919238,0.469849868859109,72.4047975821885,22,0.0008178438661710037
10421,50,1982,105,0.108102969929831,0.540413435059209,0.0454170389566571,0.0866361506257861,0.0080410833207237,0.0370483962013242,0.012,0.46971270605951,0.234049230596702,0.0080410833207237,29.0622861054073,57.2460114283984,33.954557129353,58.826003167282,0.0269260209724413,37.9774883727996,35,0.0013011152416356876
19285,51,2003,193,0.942481735801845,0.575919353444304,0.758572289720178,0.559624985390309,0.731518396186592,0.481297941988106,0.457,5.19913403449328,6.56504617154643,0.731518396186592,50.0616016427105,59.2274107757855,37.0421253994735,113.70555154884,0.697368541120783,42.4206642084406,14,0.0005204460966542751
19332,52,2003,194,0.75864408319648,0.947606138780166,0.877434990368783,0.732295912446542,0.688354563619492,0.843653425682464,0.673,26.2512342240208,3.82588474622679,0.688354563619492,50.0616016427105,59.2274107757855,37.0421253994735,141.02917531837,0.443212149087588,164.7265929154,7,0.00026022304832713756
9988,53,1980,100,0.946258310991158,0.993040387259771,0.932841903762892,0.940302721115331,0.892450344955,0.928331771257483,0.894,,14.9811272990997,0.892450344955,27.0609171800137,57.0571714123698,33.6602921481981,154.109816016656,0.70769097783903,287.261839038395,2,7.434944237918216e-05
7171,54,1973,72,0.41845673338429,0.887806780478604,0.472190604079515,0.39930871410507,0.234487308466982,0.452544414203936,0.223,2.35609227432871,0.58166594016538,0.234487308466982,20.062970568104,56.3968771839576,32.6313710923404,77.5715996995812,0.216694897330324,119.278580194374,11,0.00040892193308550185
10539,55,1982,106,0.993807893275933,0.973552652521013,0.788395712617785,0.96781658493874,0.786460395571906,0.775959255204185,0.778,,46.983763615286,0.786460395571906,29.0622861054073,57.2460114283984,33.954557129353,111.990990296264,0.992255776229147,205.969607726916,3,0.00011152416356877323
20704,56,2007,208,0.944311062158768,0.253036080176853,0.934003298403695,0.248852401943429,0.886275018897233,0.247677518625494,0.231,9.77780011482637,25.1235502881058,0.886275018897233,54.0616016427105,59.6048324767676,37.6302528105095,168.851537832715,0.70229523198413,12.3859807472426,6,0.00022304832713754646
23884,57,2015,239,0.792071783006809,0.402987829480618,0.0082310733851045,0.365612890751066,0.0078398855877135,0.0065751759229581,0.006,1.17139043062859,0.963683448563344,0.0078398855877135,62.0616016427105,60.3596758787318,38.8065076325815,60.6804804706707,0.474009563197388,23.8546716186188,27,0.001003717472118959
5035,58,1965,51,0.45055020803446,0.508912419501429,0.219313589856029,0.307430161701576,0.127250355887174,0.143497009208215,0.085,0.63612966618513,0.437266894934523,0.127250355887174,12.062970568104,55.6420337819934,31.4551162702685,63.4761368583334,0.235069126525292,34.3457589687886,39,0.0014498141263940521
6976,59,1973,70,0.447974453186875,0.978512068496792,0.930982909863815,0.44426984641635,0.428632701258191,0.916964446554567,0.402,6.57947487746755,4.02614269407832,0.428632701258191,20.062970568104,56.3968771839576,32.6313710923404,149.469376965892,0.233586901083129,218.558187398277,2,7.434944237918216e-05
6743,60,1971,68,0.143688770571419,0.302489555420436,0.309712705900893,0.0793408288173305,0.0618291376142429,0.156057783425223,0.055,0.41123771373311,0.328716152754509,0.0618291376142429,18.0616016427105,56.2080371679289,32.3371061111855,68.3007998970682,0.05279299216307,15.8047174685843,47,0.0017472118959107807
18820,61,2002,189,0.468968081926757,0.16051225509145,0.916085544507951,0.117142954483146,0.454911457770357,0.140439098333259,0.095,2.78057267578619,2.86295746913543,0.454911457770357,49.0622861054073,59.1331199333088,36.8951941845329,156.208597302895,0.245715849743501,6.82508164548371,19,0.0007063197026022305
23638,62,2015,237,0.272384989100496,0.0866490335644805,0.126833194168285,0.0459780551529151,0.0577526019354262,0.0296701928172101,0.014,0.315689632814141,0.303704702944678,0.0577526019354262,62.0616016427105,60.3596758787318,38.8065076325815,65.6400957197969,0.133327059594463,3.14346821875067,75,0.0027881040892193307
24622,63,2017,247,0.560538951666743,0.595155190815872,0.633874613791704,0.409227048309273,0.377193473724161,0.447425999879781,0.305,1.43597938323149,1.09421216969456,0.377193473724161,64.062970568104,60.5485158947604,39.1007726137364,100.797582989018,0.300506538095743,45.0031065993192,28,0.0010408921933085502
16904,64,1997,170,0.769338841471549,0.809336324829426,0.196139074629173,0.661522560849031,0.178425145009645,0.186748589909759,0.181,2.8215886299612,0.939199824410671,0.178425145009645,44.062970568104,58.66140738985,36.1601355585564,66.5976665128462,0.452727856858579,88.0931886435733,18,0.0006691449814126394
6965,65,1973,70,0.697870167919242,0.247480485343778,0.720744658261538,0.2169933617001,0.530769561601663,0.221814170981626,0.194,1.82678793640549,1.78325060684652,0.530769561601663,20.062970568104,56.3968771839576,32.6313710923404,99.3212582289898,0.39381535767072,12.0220528436974,31,0.0011524163568773233
11135,66,1983,112,0.15503865002217,0.338196326776562,0.631931412266567,0.0920180562767062,0.120174817390919,0.279487558873859,0.061,0.654634391677615,0.600231530125276,0.120174817390919,30.0616016427105,57.3403022708751,34.1014883442935,92.2538718392904,0.0605590139624509,18.4848309577828,34,0.0012639405204460967
1158,67,1955,12,0.192442347927501,0.46639794893175,0.989456312498078,0.13827209206307,0.191659592442547,0.46403873022591,0.134,17.1323740279272,20.4898466306633,0.191659592442547,2.06160164271047,54.6983503640006,29.9845964670416,207.2311015399,0.0849794938204285,29.8440563140717,11,0.00040892193308550185
12121,68,1986,122,0.718103077585212,0.900982228393114,0.956240530358627,0.672517503523921,0.69777553575217,0.87087802876059,0.642,8.38742112127566,8.53536258885623,0.69777553575217,33.0622861054073,57.6234331293805,34.542684540389,174.235204579072,0.409489661874262,126.689240610745,11,0.00040892193308550185
25634,69,2021,257,0.81621793268187,0.173523326593837,0.415469562169164,0.163499149415145,0.347237148511946,0.110411040325616,0.097,1.68156933940768,1.73085763274475,0.347237148511946,68.062970568104,60.9259375957425,39.6889000247724,82.5133485983007,0.498493197633033,7.54389792504768,28,0.0010408921933085502
22390,70,2012,224,0.914009344621181,0.648968219621688,0.553747887490317,0.617257762912118,0.513608817252312,0.425422122063772,0.43,20.9133913311419,4.36189936260183,0.513608817252312,59.0609171800137,60.0765450202264,38.365311436486,91.6387951506298,0.633742455985028,53.0064184545926,18,0.0006691449814126394
16410,71,1996,165,0.144052471793515,0.859151358367209,0.773815184365958,0.138279845722421,0.131131814391424,0.69031900477169,0.114,2.91071454339231,0.937804090748693,0.131131814391424,43.0609171800137,58.5668582162981,36.012801792342,114.049332018393,0.053044937685763,105.842763896406,14,0.0005204460966542751
2968,72,1959,30,0.22110267760157,0.986618140251202,0.0914181149564683,0.22030920010745,0.0337655805277503,0.0904191584774659,0.028,11.5240522822806,0.27729836435005,0.0337655805277503,6.06160164271047,55.0757720649827,30.5727238780776,58.0135316788363,0.10277698842406,247.351967275139,2,7.434944237918216e-05
6113,73,1969,62,0.103395877572408,0.784489420957015,0.283483549021184,0.0967309174319316,0.0362112271133921,0.2590928443124,0.032,1.06007362324983,0.30800894063697,0.0362112271133921,16.062970568104,56.0194554829755,32.0432436813045,66.7869935849728,0.023286951605686,80.9669796931905,16,0.0005947955390334573
26285,74,2023,263,0.298900461765722,0.993713264505626,0.999794107628986,0.298338702979954,0.298871304772656,0.993553644114002,0.33,,1131.63534275264,0.298871304772656,70.0616016427105,61.1145192806959,39.9827624546534,479.929621850751,0.148691027082667,293.483309711888,1,3.717472118959108e-05
3357,75,1960,34,0.144153533281727,0.671168781518702,0.827798125799745,0.126553370395916,0.143718235731835,0.584872160354162,0.115,2.06135996867166,1.16437087994777,0.143718235731835,7.06091718001369,55.1700629074594,30.7196550930181,111.552147992357,0.0531149077425988,56.7030053662028,14,0.0005204460966542751
21684,76,2009,217,0.758813638392627,0.807126914300086,0.835595563054085,0.652660154964846,0.647110849146814,0.708510863870128,0.554,3.79177453207937,3.79494776212876,0.647110849146814,56.062970568104,59.7936724927963,37.9245177916644,131.31344871837,0.443360765302413,87.4214976626576,19,0.0007063197026022305
13126,77,1989,132,0.963375830077984,0.994491823174368,0.969934881431982,0.958422408127433,0.935071404720235,0.965993031543248,0.926,35.184571271412,113.591623363731,0.935071404720235,36.062970568104,57.9065639878859,34.9838807364844,191.401440027399,0.763994886429689,301.577708250805,2,7.434944237918216e-05
25822,78,2021,259,0.773910322844175,0.641839571828979,0.979933156631887,0.550033295554039,0.760106571498318,0.635854288185825,0.521,6.82335269446719,31.9331089642804,0.760106571498318,68.062970568104,60.9259375957425,39.6889000247724,231.540690585475,0.456887067421606,51.8725340368248,8,0.00029739776951672863
20832,79,2007,209,0.501145846460871,0.789589916018873,0.995131064439192,0.447023543348048,0.500264809384109,0.787876137229619,0.443,31.7578121661193,50.1517279840896,0.500264809384109,54.0616016427105,59.6048324767676,37.6302528105095,287.873657092414,0.264563614717517,82.3575755722231,4,0.00014869888475836432
10032,80,1981,101,0.556074661063727,0.540730336211835,0.471803464693949,0.378459987046318,0.346311993440642,0.287748496770026,0.244,1.00044011718054,0.628073896332914,0.346311993440642,28.062970568104,57.1517205859217,33.8076259144124,79.0641642258418,0.2977400561685,38.0154331198413,32,0.0011895910780669145
20777,81,2007,208,0.558757547109203,0.997028465343949,0.742348110070452,0.558005854391431,0.444549429319584,0.741482818104313,0.43,12.5754690905606,1.39427454406944,0.444549429319584,54.0616016427105,59.6048324767676,37.6302528105095,112.33204455031,0.29940117393337,339.432870644869,5,0.0001858736059479554
5383,82,1967,54,0.413525967625081,0.830862004553144,0.375690990360454,0.383263996861586,0.185097348103529,0.335518314382712,0.185,2.02427722130681,0.505203099199707,0.185097348103529,14.0616016427105,55.8306154669468,31.7489787001496,70.9580219072896,0.213886953322992,95.0937973365745,21,0.0007806691449814126
9675,83,1980,97,0.779498782125444,0.437312139338099,0.823481402825564,0.39153256493374,0.684971947996622,0.392269251437456,0.36,2.92049933193762,2.43926941647463,0.684971947996622,27.0609171800137,57.0571714123698,33.6602921481981,117.930264841046,0.462050795426757,26.9974843388811,18,0.0006691449814126394
23313,84,2014,234,0.556487489798054,0.465851768647173,0.952024994650856,0.336548157608506,0.539326390496796,0.456861216914767,0.336,8.93994114834782,6.49057603048423,0.539326390496796,61.0622861054073,60.2653850362551,38.6595764176409,186.653430023477,0.297995380069303,29.7889441255614,10,0.0003717472118959108
23063,85,2013,231,0.310240965514885,0.230208761402422,0.800979920197278,0.122723456101062,0.267162733046815,0.211638909051041,0.113,1.35966135271808,1.28252937500989,0.267162733046815,60.062970568104,60.1710941937784,38.5126452027004,124.812600863206,0.155202551112989,10.9156915404131,28,0.0010408921933085502
3427,86,1960,35,0.948674730864542,0.893354940442023,0.993597693741322,0.855162472301429,0.944418397593043,0.889700862475883,0.862,,93.1978180502815,0.944418397593043,7.06091718001369,55.1700629074594,30.7196550930181,230.733539909355,0.714620237954936,122.284641552897,4,0.00014869888475836432
19892,87,2004,199,0.167977170215472,0.752724275931735,0.934323669411242,0.15382159119578,0.162442960887157,0.720417168593903,0.144,5.31115323251277,3.32545636582901,0.162442960887157,51.0609171800137,59.3217016182622,37.189056614414,167.493717279697,0.069191167529916,73.0125314561083,7,0.00026022304832713756
13670,88,1990,137,0.908441343731186,0.980056955790198,0.661626339191571,0.8931038024967,0.611778604119062,0.656063063755587,0.578,6.09369080228194,4.79490728720028,0.611778604119062,37.0622861054073,58.0008548303626,35.130811951425,97.0746853976519,0.623389282117418,223.086953569269,4,0.00014869888475836432
17249,89,1998,173,0.909428959540092,0.966425815350421,0.909135472262278,0.883425567861687,0.834150378473791,0.886743935990979,0.822,,12.83207264957,0.834150378473791,45.0622861054073,58.7556982323268,36.3070667734969,151.036584650178,0.625187874609778,191.537765608119,7,0.00026022304832713756
3322,90,1960,34,0.536926205057915,0.258065273298812,0.31703317631036,0.196795510401853,0.275675824372527,0.117645198680741,0.116,0.552345997566764,0.474252316497851,0.275675824372527,7.06091718001369,55.1700629074594,30.7196550930181,66.9914409842389,0.286003774871199,12.7188506784651,55,0.0020446096654275093
12074,91,1986,121,0.835327668740036,0.860698308701197,0.818121565040201,0.743781197461852,0.694787093853147,0.733043116358013,0.627,6.5651551023568,4.83817981016065,0.694787093853147,33.0622861054073,57.6234331293805,34.542684540389,118.970283734285,0.519579811001721,106.493226062256,13,0.000483271375464684
26355,92,2023,264,0.373961545805204,0.526618584641887,0.305193938082084,0.269946060260391,0.152839490135515,0.197381694167171,0.106,0.648522780471684,0.422222404307214,0.152839490135515,70.0616016427105,61.1145192806959,39.9827624546534,75.8009292768522,0.191434619456987,36.3535969860133,41,0.0015241635687732343
15834,93,1995,159,0.854284935312508,0.855596818550011,0.681818082928658,0.75425852198227,0.598259760725787,0.612207974541106,0.56,15.3534119864356,3.21767184066128,0.598259760725787,42.0616016427105,58.4725673738214,35.8658705774015,100.691768613231,0.54237715635921,104.375570088248,9,0.0003345724907063197
16844,94,1997,169,0.432361592132151,0.972017882275257,0.0704329248983413,0.427786711332031,0.0480331270102735,0.0697646040493229,0.048,8.7826989983183,0.36681188077898,0.0480331270102735,44.062970568104,58.66140738985,36.1601355585564,61.3070383884438,0.2246325774637,202.554422545908,7,0.00026022304832713756
4854,95,1964,49,0.775537340617763,0.971410957783532,0.999726860085502,0.760645327924411,0.77544273937878,0.971251610171396,0.766,,1120.20546486137,0.77544273937878,11.0609171800137,55.5474846084415,31.3077825040541,370.291613061453,0.458381267929279,201.255824206787,3,0.00011152416356877323
25962,96,2021,260,0.408171621118417,0.999904848362261,0.876570727908984,0.408157939815302,0.379569987203293,0.87653600813756,0.366,14.6878058041288,2.10908975323238,0.379569987203293,68.062970568104,60.9259375957425,39.6889000247724,148.264341873152,0.210841179381352,551.96758569252,1,3.717472118959108e-05
10142,97,1981,102,0.946931720194328,0.906300050132455,0.925803865073249,0.865319150522128,0.890943033005996,0.853635532703108,0.83,231.996806751084,10.9845159449765,0.890943033005996,28.062970568104,57.1517205859217,33.8076259144124,150.803321991693,0.709595226916578,129.970370617263,6,0.00022304832713754646
6572,98,1970,66,0.0672597319146403,0.506230497309869,0.900558184599504,0.0527935236872117,0.0651112655464457,0.485133410587619,0.054,2.66702988067335,2.05563897213159,0.0651112655464457,17.0622861054073,56.1137463254522,32.190174896245,134.68046236542,-0.0071969086581589,34.0488002572099,14,0.0005204460966542751
2446,99,1958,25,0.442576264375998,0.797886950413305,0.881469695363194,0.400675989084822,0.402754181272409,0.729917290289795,0.379,6.17006859415671,2.54103060778212,0.402754181272409,5.06228610540726,54.981481222506,30.425792663137,123.299248876909,0.230485284697535,84.6964139994205,17,0.0006319702602230483
10747,100,1983,108,0.979336829199253,0.958234906219822,0.566004211781546,0.939886514009971,0.561558359534323,0.555858597449916,0.541,15.7139757303581,12.3324950015582,0.561558359534323,30.0616016427105,57.3403022708751,34.1014883442935,86.3826119581557,0.842648719055237,178.367220301224,6,0.00022304832713754646
21953,101,2011,220,0.180534161615613,0.631028862693706,0.517944510560483,0.153129982156063,0.10478341847158,0.387298419608919,0.083,0.85945989213213,0.492241357807203,0.10478341847158,58.0616016427105,59.9822541777497,38.2183802215455,88.3634773082765,0.0773737828721474,50.1986504623886,37,0.00137546468401487
12367,102,1987,124,0.890023956506136,0.897556448542907,0.310068735387176,0.813177187705311,0.287102658031682,0.299402561006166,0.289,15.3453474585638,2.29858726392266,0.287102658031682,34.0616016427105,57.7177239718572,34.6896157553295,70.7084471291965,0.592396901536261,124.669500635166,16,0.0005947955390334573
20813,103,2007,209,0.999237961432563,0.733457513844666,0.999569439794868,0.73311566258463,0.99881370288884,0.733367467121979,0.73,65.9648550660337,31737.6620273724,0.99881370288884,54.0616016427105,59.6048324767676,37.6302528105095,412.807172867642,1.21730828774505,68.6938962991588,1,3.717472118959108e-05
592,104,1953,6,0.784791305028866,0.648291096992434,0.849961611907929,0.560028152359001,0.68209211457591,0.584964740106061,0.48,3.12299966446536,4.2248286826633,0.68209211457591,0.0629705681040383,54.5097686790472,29.6907340371605,113.468665505328,0.4670252440087,52.8976534443277,26,0.000966542750929368
18422,105,2001,185,0.932594102928595,0.300877195093384,0.517721087438986,0.294314055524682,0.502885806978854,0.168402287191163,0.173,4.8297787659721,3.80440658474435,0.502885806978854,48.062970568104,59.0388290908321,36.7482629695924,86.3106993391247,0.672802613329276,15.6880157086133,22,0.0008178438661710037
5915,106,1968,60,0.969447441575663,0.834030426282283,0.722381413681433,0.815050587422471,0.704000127215944,0.64124583392985,0.648,,16.4321363187196,0.704000127215944,15.0609171800137,55.9249063094235,31.8959099150901,98.0811836555838,0.789545147713549,96.2015168363682,8,0.00029739776951672863
14263,107,1991,143,0.881547147913061,0.581110433943231,0.298286642413586,0.544887607024665,0.274117163732695,0.22471548594354,0.213,2.86631373312483,2.12126478693826,0.274117163732695,38.0616016427105,58.0951456728393,35.2777431663655,70.6982791303122,0.579501408344545,43.1046809562091,19,0.0007063197026022305
17758,108,1999,178,0.993441415364178,0.228077693250279,0.935425374191254,0.227675869914845,0.931608163696904,0.218859570948418,0.207,14.0853781986366,72.9561124015825,0.931608163696904,46.0616016427105,58.8499890748034,36.4539979884375,165.586892077896,0.985520781989592,10.7817834271866,1,3.717472118959108e-05
11837,109,1985,119,0.364444174463073,0.952934282246034,0.427151140756905,0.358481108977887,0.171659119288187,0.419454204547646,0.16,4.4380501660964,0.526227433023605,0.171659119288187,32.062970568104,57.5291422869038,34.3957533254484,76.9503200398744,0.186041878995777,171.173575793082,8,0.00029739776951672863
7071,110,1973,71,0.366207208925388,0.184738657576179,0.351776513736695,0.113970566624836,0.171936209219777,0.115402801193434,0.078,0.475525649667381,0.440574742781107,0.171936209219777,20.062970568104,56.3968771839576,32.6313710923404,70.6912174978295,0.187040938436588,8.17995178113395,50,0.0018587360594795538
19679,111,2004,197,0.397342088389049,0.871366895487371,0.670385960256681,0.376750883352273,0.309666007743831,0.60989515988006,0.311,4.32740198730157,0.826658209177105,0.309666007743831,51.0609171800137,59.3217016182622,37.189056614414,101.712845397646,0.204689857730978,111.191984570577,10,0.0003717472118959108
16850,112,1997,169,0.391324377132923,0.67592915008007,0.795315888011828,0.327474194911763,0.345429055219356,0.574060037339642,0.272,1.77945644191669,1.25953475623835,0.345429055219356,44.062970568104,58.66140738985,36.1601355585564,118.258718224659,0.201275790907752,57.5304636663634,17,0.0006319702602230483
15338,113,1994,154,0.736670408921416,0.252032544589909,0.104422506410629,0.226191241514205,0.0908382435146072,0.0483217020714764,0.036,0.846647832939098,0.800815780841357,0.0908382435146072,41.0622861054073,58.3782765313447,35.718939362461,62.3280244343269,0.424512108794346,12.3199495291457,51,0.001895910780669145
243,114,1953,3,0.0785847364248193,0.988201619469045,0.98665275122039,0.0783827814625433,0.0779536726638793,0.976354364326397,0.07,21.617622154542,15.7279875769629,0.0779536726638793,0.0629705681040383,54.5097686790472,29.6907340371605,196.889162295867,0.0029338356154149,255.026486645372,2,7.434944237918216e-05
21995,115,2011,220,0.903519444343448,0.850861992943214,0.891938824672252,0.785970152451183,0.809606742843276,0.781259603194513,0.717,14.7970183530924,14.1358002592609,0.809606742843276,58.0616016427105,59.9822541777497,38.2183802215455,149.720555988581,0.614651604799784,102.477893328107,8,0.00029739776951672863
13914,116,1991,140,0.841241907137232,0.922635222571097,0.587128816638142,0.791025936808742,0.516101177912685,0.562730094378981,0.473,4.36193003174859,2.27971007293509,0.516101177912685,38.0616016427105,58.0951456728393,35.2777431663655,89.9735852500316,0.526470983090666,141.38509114372,6,0.00022304832713754646
2338,117,1957,24,0.0032243975254977,0.077182196500423,0.195249967975542,0.0006507089961571,0.0014902787541847,0.036678267539,0.002,0.262755915080507,0.249061066784802,0.0014902787541847,4.06297056810404,54.8871903800293,30.2788614481965,61.4988321960557,-0.0977367907543166,2.72407036421665,58,0.0021561338289962824
21351,118,2008,214,0.0480773017228362,0.589563403103433,0.314952879445627,0.0407001078370741,0.0254530311488758,0.237720699301837,0.02,0.603718445562429,0.301921952127578,0.0254530311488758,55.0609171800137,59.6991233192443,37.77718402545,74.1193390966506,-0.026144077097486,44.2387270584636,24,0.0008921933085501858
718,119,1954,8,0.355115940297467,0.714605874670522,0.175248389132321,0.308614955025545,0.0832053030056638,0.153367980834364,0.074,0.884102809077674,0.361767686476571,0.0832053030056638,1.06228610540726,54.6040595215239,29.837665252101,60.3795998811615,0.180754162545928,64.7754681064004,21,0.0007806691449814126
8944,120,1978,90,0.813070237613578,0.675749802852947,0.265360503690317,0.594550071074709,0.240494713548967,0.219463371420888,0.227,2.7274855249103,1.23408057466074,0.240494713548967,25.0622861054073,56.8685897274164,33.366429718317,67.234393259964,0.495175411070376,57.4990541980854,30,0.0011152416356877324
7571,121,1975,76,0.985469433526407,0.983201714945435,0.992905758321285,0.969352234727829,0.978602159380017,0.977284054170257,0.966,,881.183303850305,0.978602159380017,22.0616016427105,56.585458868911,32.9252335222215,240.45989369067,0.888359714229555,233.513990827766,4,0.00014869888475836432
3575,122,1960,36,0.984761960115987,0.197920375238859,0.771808151621372,0.197136965836066,0.769573053515512,0.173710625119337,0.165,9.55558982538314,15.3811347779798,0.769573053515512,7.06091718001369,55.1700629074594,30.7196550930181,102.206381124378,0.88229413102865,8.94701179416184,7,0.00026022304832713756
9822,123,1980,99,0.563540448939905,0.362127372417628,0.91220057150349,0.274313938981061,0.54611451104561,0.340219226401629,0.253,2.86618018666198,2.84197924940936,0.54611451104561,27.0609171800137,57.0571714123698,33.6602921481981,143.907629626122,0.302373381910022,20.3883510466684,15,0.0005576208178438662
1127,124,1955,12,0.688110030853876,0.571851436382007,0.411610597511753,0.460881469705873,0.311527859883196,0.27967505329271,0.207,1.15265591602194,0.944254823440308,0.311527859883196,2.06160164271047,54.6983503640006,29.9845964670416,70.8050253363406,0.386484634277369,41.8910686738111,38,0.001412639405204461
2739,125,1958,28,0.657408482150761,0.782531539670039,0.55546379997395,0.565661204856464,0.415623609198421,0.479807517518997,0.359,1.8746161176498,0.986430041601107,0.415623609198421,5.06228610540726,54.981481222506,30.425792663137,80.1339247528911,0.364274247662068,80.4422710075777,21,0.0007806691449814126
21170,126,2008,212,0.975347295429229,0.714042303001557,0.804430788382888,0.703444877770361,0.788492174762204,0.617730854945923,0.593,8.75368504679829,22.9513326341843,0.788492174762204,55.0609171800137,59.6991233192443,37.77718402545,123.820429467628,0.819003153520404,64.6625754706131,6,0.00022304832713754646
20335,127,2005,204,0.806893819533014,0.546179838905438,0.920208706287667,0.489497110576162,0.760596916946393,0.517851977116715,0.471,8.45178513255069,5.97114899773399,0.760596916946393,52.062970568104,59.4162507918142,37.3363903806284,159.773496436559,0.488780611023927,38.6725598759826,8,0.00029739776951672863
24060,128,2015,241,0.0489552279473332,0.287568783979482,0.129084260202944,0.0276194912230384,0.0147522973997317,0.0790944526707541,0.011,0.310145814371116,0.239030642042403,0.0147522973997317,62.0616016427105,60.3596758787318,38.8065076325815,65.7409295164498,-0.0252139884649375,14.7385300898947,50,0.0018587360594795538
23060,129,2013,231,0.957571287753479,0.909864902943417,0.836114316713065,0.876874882243202,0.805785503079227,0.781184615583154,0.737,8.58572005601193,16.5290641187989,0.805785503079227,60.062970568104,60.1710941937784,38.5126452027004,132.932712496847,0.742773942882482,132.278143227228,10,0.0003717472118959108
23414,130,2014,235,0.640449862560957,0.333282052738793,0.340741628082469,0.274657053559581,0.266742566078499,0.163698076621544,0.145,0.814252172097356,0.700400093732005,0.266742566078499,61.0622861054073,60.2653850362551,38.6595764176409,76.5344058824915,0.352491339517243,18.1048486015357,55,0.0020446096654275093
6373,131,1970,64,0.599125655120494,0.926830974661577,0.983698566909879,0.576397078242745,0.593723354934399,0.916446277369725,0.584,,18.350083604002,0.593723354934399,17.0622861054073,56.1137463254522,32.190174896245,202.601266978212,0.324969168529028,144.715292914886,8,0.00029739776951672863
12189,132,1986,122,0.682037081112771,0.997750028397547,0.977310408605263,0.681178956863387,0.673209869154995,0.975602061051799,0.65,8.73615414125462,14.4275375601637,0.673209869154995,33.0622861054073,57.6234331293805,34.542684540389,201.01324551852,0.381992764491739,356.528532521774,1,3.717472118959108e-05
7361,133,1974,74,0.998000651111857,0.765797188940744,0.991480426397175,0.764804134679852,0.989507620838347,0.763099090953957,0.745,11.6736650136024,7534.84981578727,0.989507620838347,21.0622861054073,56.4911680264343,32.778302307281,231.970832672066,1.11813476938036,76.1489441211444,1,3.717472118959108e-05
14397,134,1991,144,0.871432700713149,0.516481211623557,0.999978345120326,0.484496271152596,0.871419281601186,0.516479707832843,0.463,9.30102640987632,24284.3177474985,0.871419281601186,38.0616016427105,58.0951456728393,35.2777431663655,553.644071219388,0.565026146165101,35.1938535901277,1,3.717472118959108e-05
7476,135,1974,75,0.474580330243383,0.808369079441078,0.949741042219102,0.430517208286187,0.462219528321379,0.783281664165781,0.436,27.2927668511336,5.27730163822914,0.462219528321379,21.0622861054073,56.4911680264343,32.778302307281,161.890431069487,0.248978688080528,87.7981442789647,11,0.00040892193308550185
40,136,1952,1,0.997873124114058,0.928736132610982,0.7442772150971,0.927009113706356,0.743345943427714,0.710008809631471,0.692,11.4433530081387,167.279436815736,0.743345943427714,-0.939082819986311,54.4152195054952,29.5434002709461,96.048183391259,1.11154082509521,146.292128630652,2,7.434944237918216e-05
25064,137,2018,251,0.783968531487625,0.915780856161077,0.726233235094696,0.737391664417765,0.582917696284679,0.687841649816867,0.584,,2.75042897503539,0.582917696284679,65.0622861054073,60.6428067372371,39.2477038286769,113.099112817747,0.466246378612954,136.321553349971,12,0.0004460966542750929
6844,138,1972,69,0.40018739822163,0.602114618204046,0.86004267912358,0.31192116851735,0.373693765450399,0.560294052014104,0.295,2.25824651248366,1.76267846867966,0.373693765450399,19.0609171800137,56.3023280104056,32.4840373261261,123.286635384789,0.206305019631653,45.9707552377363,17,0.0006319702602230483
326,139,1953,4,0.885951343873055,0.769026311471999,0.952966777840629,0.70748988978833,0.849096225584798,0.744307146865866,0.681,16.738041786996,19.6500254401613,0.849096225584798,0.0629705681040383,54.5097686790472,29.6907340371605,152.257583867344,0.586107443095264,76.9519113011392,13,0.000483271375464684
4751,140,1964,48,0.380702726493917,0.998898049699285,0.313607649179175,0.380561116208265,0.139884424144772,0.313451299043046,0.14,290.522843976178,0.448859175452431,0.139884424144772,11.0609171800137,55.5474846084415,31.3077825040541,67.4356762675758,0.195254430909058,400.482260452616,2,7.434944237918216e-05
21453,141,2008,215,0.733728411665387,0.859831473761577,0.98710049316287,0.664184137354905,0.725966456420007,0.853260889311317,0.658,42.0954748841554,38.9290494563892,0.725966456420007,55.0609171800137,59.6991233192443,37.77718402545,242.442975604187,0.422087299401593,106.12782959788,3,0.00011152416356877323
3799,142,1961,38,0.296697362918909,0.347169036622705,0.156936809653416,0.16530353019068,0.092717360047148,0.0860180721073904,0.058,0.412170782349784,0.312948304570881,0.092717360047148,8.06297056810404,55.2646120810114,30.8669888592325,60.5556367951815,0.147422411966594,19.1880932519976,52,0.001933085501858736
4736,143,1964,48,0.999429580306858,0.181259369347675,0.2227349774912,0.18123365575092,0.222680094377389,0.0675918781116233,0.063,39.3568996469149,387.945313714921,0.222680094377389,11.0609171800137,55.5474846084415,31.3077825040541,63.4840584801367,1.24585470012365,7.98100231023684,3,0.00011152416356877323
12844,144,1988,129,0.43415873633224,0.289560101041177,0.69213155284524,0.190410647945975,0.340260072113633,0.247531365864544,0.159,0.983517739088104,0.934711421657511,0.340260072113633,35.0609171800137,57.8120148143339,34.8365469702701,100.033169190621,0.225660845628424,14.8790503541455,27,0.001003717472118959
4010,145,1961,41,0.998579362669587,0.915534487661097,0.958023175597191,0.914425242532957,0.957314784775629,0.886275493180976,0.876,20.2459999093072,280.801657171603,0.957314784775629,8.06297056810404,55.2646120810114,30.8669888592325,160.960677534221,1.15403794949625,136.147463167454,1,3.717472118959108e-05
6446,146,1970,65,0.964504881791731,0.993113008132597,0.464515958912671,0.958289994661678,0.454685111704969,0.463897442303873,0.461,,7.79293516638666,0.454685111704969,17.0622861054073,56.1137463254522,32.190174896245,76.5231932322211,0.768454532780078,287.903478148657,4,0.00014869888475836432
2693,147,1958,27,0.610030697731022,0.872068373000203,0.731158587150276,0.566717578970544,0.468489409975587,0.668629729927277,0.449,4.81011343760087,1.57109036500839,0.468489409975587,5.06228610540726,54.981481222506,30.425792663137,96.234927550879,0.332084395093587,111.514826548673,19,0.0007063197026022305
4058,148,1961,41,0.251477560150639,0.931296255187872,0.61580348899588,0.246273381873413,0.216857280953711,0.59481270352745,0.194,3.05969173939602,0.572121276569826,0.216857280953711,8.06297056810404,55.2646120810114,30.8669888592325,85.479398225113,0.121031423778059,148.479954364424,8,0.00029739776951672863
21806,149,2010,219,0.847748590972663,0.99708201278109,0.205520393559709,0.845886215614225,0.182715801844014,0.205439057621468,0.155,6.97105116373403,1.54503605537479,0.182715801844014,57.0622861054073,59.887963335273,38.0714490066049,68.6954563467479,0.53427774148465,340.549881906534,1,3.717472118959108e-05
11003,150,1983,111,0.974020246082607,0.75238514482548,0.554956676904112,0.739796891333982,0.546038018866775,0.474775950935619,0.477,88.9365856123391,11.722576404591,0.546038018866775,30.0616016427105,57.3403022708751,34.1014883442935,85.4909558686879,0.811879753033318,72.9334984234669,8,0.00029739776951672863
21481,151,2008,215,0.324672873523274,0.736959845332149,0.978577952366322,0.288065033743688,0.320163380959515,0.729073108209983,0.278,10.4762219744064,11.8255342952719,0.320163380959515,55.0609171800137,59.6991233192443,37.77718402545,219.122953226339,0.163450565250395,69.4540130565611,9,0.0003345724907063197
13953,152,1991,140,0.993229198071397,0.964550037564221,0.949604797875509,0.958439293587581,0.943868270331002,0.921596338953568,0.909,26.5962067155865,193.372284062462,0.943868270331002,38.0616016427105,58.0951456728393,35.2777431663655,171.421193793467,0.981775324461271,188.254718989288,5,0.0001858736059479554
8181,153,1976,82,0.0781450351720033,0.900919590983947,0.840692937606946,0.0762462163875021,0.070217256512725,0.782731873861909,0.083,7.56493084180868,1.32118474250236,0.070217256512725,23.0609171800137,56.6797497113877,33.0721647371621,120.185388147115,0.0025519852038211,126.651674469825,7,0.00026022304832713756
5825,154,1968,59,0.206529295527915,0.675122318493386,0.111429715529084,0.179739395740175,0.0325587530736373,0.0960691409431679,0.036,0.716111901407628,0.279876955224738,0.0325587530736373,15.0609171800137,55.9249063094235,31.8959099150901,59.7038270922513,0.0938086107362241,57.3893074240862,22,0.0008178438661710037
5121,155,1965,52,0.518831488396787,0.98797173024645,0.861401757691056,0.51616341638248,0.466737181232284,0.854581450648498,0.453,12.2872222272384,2.3120335469831,0.466737181232284,12.062970568104,55.6420337819934,31.4551162702685,120.841994404857,0.275088632793567,253.850078119856,6,0.00022304832713754646
17806,156,1999,179,0.299397103416169,0.930753735337591,0.953912489581853,0.292687290924718,0.297415513291694,0.895314892925118,0.283,10.8965882790543,4.53453864398101,0.297415513291694,46.0616016427105,58.8499890748034,36.4539979884375,179.721539488657,0.148976836295191,148.009483210303,2,7.434944237918216e-05
3724,157,1961,38,0.768249307795541,0.868057526878743,0.94897756818682,0.696425235324085,0.748639024655955,0.834815854704858,0.664,6.53686376547901,6.36696337070765,0.748639024655955,8.06297056810404,55.2646120810114,30.8669888592325,153.981111569207,0.45174491044216,109.692888199393,10,0.0003717472118959108
8046,158,1976,81,0.0677829970691645,0.149202380455656,0.948100770357996,0.0227787471741028,0.0661612588375318,0.148167385131831,0.022,3.99830126088325,3.97792320956461,0.0661612588375318,23.0609171800137,56.6797497113877,33.0721647371621,161.799062417563,-0.0067142172527798,6.21694792993378,10,0.0003717472118959108
16323,159,1996,164,0.715611495827889,0.607858334346543,0.59475255315192,0.498047363367702,0.459334291124295,0.410197266646814,0.312,1.45606465615108,1.34255000945773,0.459334291124295,43.0609171800137,58.5668582162981,36.012801792342,91.8101100600162,0.40752230332191,46.7834100741497,24,0.0008921933085501858
25918,160,2021,260,0.975714156680991,0.87826555366845,0.995308693032712,0.861134169297367,0.971581374218275,0.875776837660098,0.867,,358.086347802196,0.971581374218275,68.062970568104,60.9259375957425,39.6889000247724,303.588280619296,0.821031491213742,114.448460583908,5,0.0001858736059479554
7158,161,1973,72,0.224045931088555,0.412766988491964,0.543605342507362,0.146920296467083,0.149481802195944,0.298042873916035,0.094,0.624947835426107,0.523792586028404,0.149481802195944,20.062970568104,56.3968771839576,32.6313710923404,82.4800886639931,0.104570037564883,24.7275217719201,39,0.0014498141263940521
9283,162,1979,93,0.242241095729572,0.556559995479583,0.963743598898873,0.189536210465086,0.239749995799028,0.547917900100718,0.2,13.6431080539893,5.92324051811632,0.239749995799028,26.0616016427105,56.9628805698931,33.5133609332575,177.456468954019,0.11553533566621,39.9489671321457,4,0.00014869888475836432
10027,163,1981,101,0.999313796684279,0.707581794527021,0.946535340743139,0.707298161823358,0.946242518185258,0.680887858483836,0.694,,508.413276487757,0.946242518185258,28.062970568104,57.1517205859217,33.8076259144124,163.451793095722,1.22770089391458,63.3850056963662,3,0.00011152416356877323
17519,164,1998,176,0.197471824310495,0.412103331121848,0.820134939160198,0.130994651792532,0.187927087586525,0.374959324600771,0.124,1.42682897089345,1.17425798147251,0.187927087586525,45.0622861054073,58.7556982323268,36.3070667734969,123.67471944227,0.0881514074394991,24.6677322730486,21,0.0007806691449814126
15136,165,1993,152,0.570020704673963,0.507330735022591,0.762305305805057,0.366644645746141,0.466057281256383,0.434745265323191,0.308,1.66958221880308,1.49553652513302,0.466057281256383,40.062970568104,58.283985688868,35.5720081475204,111.193630505216,0.306423281105733,34.1704028844034,23,0.0008550185873605948
4512,166,1963,46,0.613847982651984,0.941369650622529,0.267110846238211,0.594996143692452,0.181716188203709,0.258363670783114,0.178,5.75580593302627,0.664987884108655,0.181716188203709,10.0616016427105,55.4531937659648,31.1608512891136,65.2092430219548,0.334598629758641,157.976487849572,22,0.0008178438661710037
22016,167,2011,221,0.24346921127596,0.607617836789159,0.99955175165087,0.199676281216673,0.243443865834846,0.607553770886371,0.199,193.214645214844,472.921789396373,0.243443865834846,58.0616016427105,59.9822541777497,38.2183802215455,416.476073246875,0.11626864690597,46.7491231249215,1,3.717472118959108e-05
1077,168,1955,11,0.897749675112274,0.984545892927553,0.967045193305239,0.886246560965534,0.872747927101201,0.954567432714581,0.867,,25.1475574309813,0.872747927101201,2.06160164271047,54.6983503640006,29.9845964670416,165.868603037948,0.604851988519968,238.586961242336,7,0.00026022304832713756
23427,169,2014,235,0.0219413390630242,0.146044231540012,0.70321155525744,0.0075454471063178,0.0204066860074981,0.126590912021203,0.009,0.72900665163478,0.677383341488118,0.0204066860074981,61.0622861054073,60.2653850362551,38.6595764176409,108.62059126553,-0.0585487464737901,6.04992115571628,21,0.0007806691449814126
11227,170,1984,113,0.417075070116282,0.125790851051532,0.486138446489349,0.0868234542291769,0.24268746899003,0.0885712723999819,0.067,0.620967923391427,0.589146821413658,0.24268746899003,31.0609171800137,57.4345931133518,34.2484195592341,80.6049835732572,0.215907752579084,5.00802031016274,46,0.0017100371747211895
13918,171,1991,140,0.940744974191365,0.367984397206657,0.839285160414875,0.360249914375308,0.797336029113913,0.33888062446619,0.317,6.35888878843207,11.5567559891988,0.797336029113913,38.0616016427105,58.0951456728393,35.2777431663655,125.497096519892,0.692811042161695,20.8680432562579,9,0.0003345724907063197
6689,172,1970,67,0.293743939597234,0.153560809020396,0.700306393671781,0.0824982229472745,0.240986031889947,0.138649700860246,0.08,0.85279550033374,0.809927447173271,0.240986031889947,17.0622861054073,56.1137463254522,32.190174896245,96.0447695114714,0.14571971176909,6.44945632363031,39,0.0014498141263940521
15962,173,1995,160,0.920706940365658,0.997355765546956,0.991561100585386,0.918609767115551,0.913700756372444,0.989437938889458,0.915,,139.595063341028,0.913700756372444,42.0616016427105,58.4725673738214,35.8658705774015,250.910527273172,0.646942165148663,346.602655444403,3,0.00011152416356877323
25830,174,2021,259,0.636512165237788,0.978422727820117,0.991823928663507,0.629291060704102,0.632258888532947,0.971679651368218,0.647,,50.9840607984639,0.632258888532947,68.062970568104,60.9259375957425,39.6889000247724,275.45622975991,0.349799408469056,218.306432323634,1,3.717472118959108e-05
22673,175,2013,227,0.988805945893556,0.564018343590966,0.420884938444942,0.56111049614521,0.419050858525365,0.294559169233477,0.306,,21.3675802953223,0.419050858525365,60.062970568104,60.1710941937784,38.5126452027004,81.4866122416044,0.921093685696567,40.8867858646955,13,0.000483271375464684
1963,176,1957,20,0.680966984526276,0.12294727922544,0.977292484138161,0.108966062877201,0.6720776520739,0.116749139381512,0.119,,14.4736825437585,0.6720776520739,4.06297056810404,54.8871903800293,30.2788614481965,180.548819656357,0.381206573169419,4.86583741327593,13,0.000483271375464684
6541,177,1970,66,0.911688058437789,0.673264001900822,0.795834749704227,0.638069578772109,0.739314820051573,0.584619952198464,0.552,6.84520302860657,6.29088843351476,0.739314820051573,17.0622861054073,56.1137463254522,32.190174896245,109.256131757221,0.629362269818709,57.0656128076463,17,0.0006319702602230483
3266,178,1959,33,0.43136717820735,0.61826294129633,0.744050863897428,0.338442746641298,0.346713437094907,0.495751276786003,0.269,1.69166843900068,1.16757371096593,0.346713437094907,6.06160164271047,55.0757720649827,30.5727238780776,98.1303971806098,0.224063855188174,48.2891091247793,29,0.0010780669144981412
14735,179,1992,148,0.77435290735287,0.967447413681708,0.968013385310769,0.757413354262247,0.754222122545256,0.940822349213463,0.749,,16.8693378698109,0.754222122545256,39.0609171800137,58.189436515316,35.4246743813061,190.774166589089,0.457292788903369,193.404724026758,4,0.00014869888475836432
26284,180,2023,263,0.178625301411606,0.124032230896584,0.743598022032529,0.0461161606625212,0.144220082267927,0.108130586841753,0.037,0.929319337934388,0.900914054149539,0.144220082267927,70.0616016427105,61.1145192806959,39.9827624546534,117.345566706736,0.0761412030910869,4.91996609857202,21,0.0007806691449814126
20518,181,2006,206,0.88953501155967,0.9592522395716,0.425573276821524,0.859652758196503,0.400734115339124,0.41763706201089,0.363,4.91842695521827,2.33574386497037,0.400734115339124,53.0622861054073,59.5105416342909,37.4833215955689,80.5691942366471,0.591632214680501,179.853265920494,9,0.0003345724907063197
14443,182,1992,145,0.966982309661105,0.999951967744181,0.939331801375374,0.966938688948291,0.910652015893969,0.93931264523322,0.901,20.7527622582853,46.1052066770594,0.910652015893969,39.0609171800137,58.189436515316,35.4246743813061,164.437064385372,0.77868498619522,594.382780544097,1,3.717472118959108e-05
22921,183,2013,230,0.494819260752009,0.853737208874043,0.0105568007566035,0.460433737201805,0.0083360776578377,0.0101812183677752,0.009,1.80443916285209,0.397645923290771,0.0083360776578377,60.062970568104,60.1710941937784,38.5126452027004,60.5799297564144,0.260829281186094,103.622722333598,15,0.0005576208178438662
17097,184,1997,171,0.94430842491438,0.622721715768774,0.165173761779442,0.60433985800327,0.159369277625436,0.138482077399107,0.142,7.14609571126744,4.00905316916889,0.159369277625436,44.062970568104,58.66140738985,36.1601355585564,65.2177825062149,0.702288032413168,48.9480783278933,19,0.0007063197026022305
12304,185,1987,124,0.296146609502248,0.255551609842531,0.483720277436078,0.129307289374736,0.167911326052367,0.176955865183192,0.087,0.568575970826917,0.515404886246089,0.167911326052367,34.0616016427105,57.7177239718572,34.6896157553295,81.0184764860444,0.147105071375919,12.5520690896255,36,0.0013382899628252788
1297,186,1955,13,0.799576014939535,0.304496599874467,0.66691476572305,0.280993838876304,0.564683659151413,0.238264239991764,0.223,2.22334976978815,2.0368075880651,0.564683659151413,2.06160164271047,54.6983503640006,29.9845964670416,88.5460600432173,0.481391010287962,15.9504956052829,30,0.0011152416356877324
24174,187,2016,242,0.453536788411428,0.930593412758323,0.60438711498864,0.440635281367532,0.30584800108657,0.589134133293243,0.294,3.76647127873944,0.806698509206226,0.30584800108657,63.0609171800137,60.4539667212085,38.953438847522,97.391027212778,0.236789700715801,147.871169362938,11,0.00040892193308550185
11708,188,1985,118,0.30627063079881,0.573950548771565,0.305179121671245,0.239019289584887,0.130985420585291,0.219961549624776,0.12,0.70282475464301,0.384959132306656,0.130985420585291,32.062970568104,57.5291422869038,34.3957533254484,70.1625938592422,0.152926229739289,42.1636514649047,32,0.0011895910780669145
18989,189,2002,190,0.984110026450249,0.998099769199968,0.739473957102746,0.98229553625082,0.733160524666845,0.738910203112736,0.739,,20.8843670822588,0.733160524666845,49.0622861054073,59.1331199333088,36.8951941845329,110.393707676601,0.876922385996007,366.920824811612,2,7.434944237918216e-05
26711,190,2024,268,0.982043071071931,0.825637251378068,0.84678090759553,0.814828970312321,0.833501402729936,0.723483656785346,0.724,,42.7585776548481,0.833501402729936,71.0609171800137,61.2088101231726,40.129693669594,139.975564782084,0.861095664756584,93.3131754061273,10,0.0003717472118959108
21535,191,2009,216,0.694613447138981,0.744057967762436,0.942839950323105,0.571268879713123,0.663596877590874,0.720516181786574,0.559,13.4493800845572,7.65009092189545,0.663596877590874,56.062970568104,59.7936724927963,37.9245177916644,176.126351132045,0.391353522426062,71.0277409586289,11,0.00040892193308550185
12225,192,1987,123,0.132731681232162,0.105232906048856,0.477610607864335,0.0309300686691198,0.0772353583458844,0.076152025771675,0.018,0.44371255769666,0.428363608655693,0.0772353583458844,34.0616016427105,57.7177239718572,34.6896157553295,80.5973484069683,0.0450975789318229,4.00341551039241,34,0.0012639405204460967
17683,193,1999,177,0.959871633496656,0.156780400163839,0.970590382115915,0.155190039439079,0.937756385773829,0.153942230857446,0.156,54.8510201953093,27.418405644159,0.937756385773829,46.0616016427105,58.8499890748034,36.4539979884375,198.905746258745,0.75086750716817,6.62269821539379,7,0.00026022304832713756
5510,194,1967,56,0.87890879418995,0.947594370356519,0.990582943195477,0.841463553740062,0.871353920247493,0.941137886109798,0.853,,107.400838056326,0.871353920247493,14.0616016427105,55.8306154669468,31.7489787001496,221.813530748472,0.575635548257256,164.713101897137,3,0.00011152416356877323
24944,195,2017,250,0.411146623977988,0.977905383149555,0.461804472841322,0.407848046244203,0.23001686156712,0.458424453447297,0.239,31.0902674853583,0.560120906974259,0.23001686156712,64.062970568104,60.5485158947604,39.1007726137364,85.1360010458773,0.212533074021823,216.868962859725,13,0.000483271375464684
1713,196,1956,18,0.708170730777792,0.861007218553927,0.461243577767164,0.644177206329662,0.357688100520326,0.40288206103077,0.328,4.31724490315661,1.06228274207258,0.357688100520326,3.06091718001369,54.7926412064773,30.1315276819821,73.7077230557742,0.401710708629805,106.624005926082,21,0.0007806691449814126
18887,197,2002,189,0.116111856676866,0.893399631462293,0.0042316769249737,0.11287993948207,0.0022922787409686,0.0027544164195037,0.002,1.95726374163222,0.226770547724346,0.0022922787409686,49.0622861054073,59.1331199333088,36.8951941845329,59.2895956547847,0.0329853729124355,122.309500082368,7,0.00026022304832713756
21201,198,2008,213,0.870993581410452,0.920924750132577,0.884913585381582,0.815160687986898,0.784115174875238,0.831004009109685,0.751,81.7008466834513,7.09018514919843,0.784115174875238,55.0609171800137,59.6991233192443,37.77718402545,145.758256823193,0.564418005157657,140.079930287283,17,0.0006319702602230483
12645,199,1988,127,0.812239892208555,0.934362111853277,0.259681224590167,0.773262553372903,0.228143513988089,0.254343694726196,0.21,5.06758467470775,1.28022616217807,0.228143513988089,35.0609171800137,57.8120148143339,34.8365469702701,68.3623134613316,0.494306936380047,151.211743802675,12,0.0004460966542750929
18944,200,2002,190,0.503301736717131,0.734713170598944,0.555704258847982,0.4305314012485,0.336757832832043,0.454920218260325,0.328,1.9902421180103,0.720067244083761,0.336757832832043,49.0622861054073,59.1331199333088,36.8951941845329,89.6544528270448,0.265839690370148,68.9651976451422,23,0.0008550185873605948
12211,201,1987,123,0.923525177696371,0.822445053635078,0.646146465791389,0.775408841635916,0.605689431855296,0.569389205586109,0.531,7.30706197333316,5.55281179286024,0.605689431855296,34.0616016427105,57.7177239718572,34.6896157553295,94.6681199447976,0.652769548912942,92.2522108214079,8,0.00029739776951672863
9908,202,1980,100,0.656979235134842,0.725881052826111,0.887796167749912,0.536272949175363,0.616425113875506,0.664065234416402,0.491,3.62931341418681,2.79135808413536,0.616425113875506,27.0609171800137,57.0571714123698,33.6602921481981,134.685366985534,0.363972037268173,67.0849616461936,19,0.0007063197026022305
23642,203,2015,237,0.6164037199038,0.179485515059941,0.479138465132564,0.150599650077529,0.342131279982897,0.128527004370541,0.096,0.799263928005263,0.811065874763705,0.342131279982897,62.0616016427105,60.3596758787318,38.8065076325815,86.0718739169706,0.336289043021721,7.88013547040249,34,0.0012639405204460967
7579,204,1975,76,0.919864400882046,0.634245795319531,0.980122450273484,0.606183551576656,0.902629825591363,0.629136697022128,0.583,9.65370811234238,75.6723172530432,0.902629825591363,22.0616016427105,56.585458868911,32.9252335222215,198.500991153805,0.645232885047743,50.6911464401648,8,0.00029739776951672863
21117,205,2008,212,0.744076106356004,0.976356339002732,0.903293265029788,0.732927359434485,0.684619238636789,0.888639460839569,0.671,17.4514762452918,5.36914665097632,0.684619238636789,55.0609171800137,59.6991233192443,37.77718402545,153.07971361568,0.430695205788525,212.759656587272,5,0.0001858736059479554
13254,206,1989,133,0.997857246784377,0.621958499651638,0.388586335116997,0.621287129029267,0.388254214511674,0.308314539072575,0.307,81.5062000009196,110.458631343681,0.388254214511674,36.062970568104,57.9065639878859,34.9838807364844,75.3225231038139,1.11074561516293,48.8346833679918,10,0.0003717472118959108
24546,207,2017,246,0.0748670143721611,0.969992487519484,0.903139783069491,0.0743681162832909,0.0714919568323342,0.885744090681375,0.081,76.7790030178851,2.13937700169269,0.0714919568323342,64.062970568104,60.5485158947604,39.1007726137364,157.131504684926,-0.0003224305252169,198.326315815417,4,0.00014869888475836432
9977,208,1980,100,0.863062830254153,0.864187133420749,0.319898092420772,0.76710792979124,0.305604526301668,0.290132253156671,0.266,4.02441587727495,1.63074138467656,0.305604526301668,27.0609171800137,57.0571714123698,33.6602921481981,70.1542700054733,0.553699765742388,107.987886441509,16,0.0005947955390334573
26660,209,2024,267,0.630478086145178,0.143219457637163,0.995009748730808,0.122394109449168,0.628635691128945,0.143004480391512,0.117,24.0182871689293,63.5353027356292,0.628635691128945,71.0609171800137,61.2088101231726,40.129693669594,303.365456566677,0.345704643463695,5.90156149721158,2,7.434944237918216e-05
24327,210,2016,244,0.966991932808571,0.960485911330098,0.999369990779087,0.930934485485619,0.966450035653494,0.960168642725953,0.932,,2269.8366915343,0.966450035653494,63.0609171800137,60.4539667212085,38.953438847522,404.772636253095,0.778725997999633,181.706548748623,1,3.717472118959108e-05
4521,211,1963,46,0.897417224257857,0.892718434754747,0.986678729299456,0.815204082287986,0.886515482388045,0.884142688990801,0.825,,82.6607219800978,0.886515482388045,10.0616016427105,55.4531937659648,31.1608512891136,204.957075194935,0.604300904871073,121.93174931435,7,0.00026022304832713756
20403,212,2005,205,0.0614510138843416,0.115829254472066,0.482887835241854,0.0167331439917653,0.0449663690709743,0.0815470583130373,0.013,0.425460883042741,0.39949861330448,0.0449663690709743,52.062970568104,59.4162507918142,37.3363903806284,84.4327354233939,-0.0126633177750492,4.5144298590638,34,0.0012639405204460967
12235,213,1987,123,0.0588074149395003,0.446805130893216,0.256717883050442,0.0433632441735602,0.0216730031420022,0.162288253387285,0.014,0.443464809178159,0.283226863927756,0.0216730031420022,34.0616016427105,57.7177239718572,34.6896157553295,68.0829480333841,-0.0152217735811728,27.9071724031596,31,0.0011524163568773233
4801,214,1964,49,0.991719494909318,0.935865113697631,0.913627623580396,0.928989011038204,0.907748830150417,0.864958345695181,0.862,,83.2739430267347,0.907748830150417,11.0609171800137,55.5474846084415,31.3077825040541,136.904703804045,0.957838929895952,152.598726444354,3,0.00011152416356877323
10946,215,1983,110,0.793919751231612,0.978128437697966,0.820780703565106,0.781926131482384,0.681435929817738,0.810790173020516,0.669,16.2293639845952,2.99690681660695,0.681435929817738,30.0616016427105,57.3403022708751,34.1014883442935,118.448805798,0.47580960410553,217.484521979984,5,0.0001858736059479554
18273,216,2001,183,0.743744028408568,0.750462363575464,0.476238358067349,0.607217230433643,0.408686520930872,0.365795297304467,0.326,2.34592276569042,1.05986019107462,0.408686520930872,48.062970568104,59.0388290908321,36.7482629695924,83.1767917146429,0.430415455572456,72.48753901509,23,0.0008550185873605948
5103,217,1965,52,0.885393393199655,0.658064636093899,0.544108701404184,0.613517279162293,0.499141788941809,0.396561444690717,0.378,4.58150452016328,2.87192529923202,0.499141788941809,12.062970568104,55.6420337819934,31.4551162702685,80.821072199401,0.585259601893699,54.4898357254901,24,0.0008921933085501858
1236,218,1955,13,0.531911271541342,0.673592550730487,0.956442750990391,0.427629483652465,0.519354272751175,0.655532435138307,0.431,20.899475209338,6.45156082884026,0.519354272751175,2.06160164271047,54.6983503640006,29.9845964670416,156.083964334542,0.28296258928307,57.1226982949654,13,0.000483271375464684
8340,219,1977,84,0.999852446392021,0.605495606289272,0.878889814019203,0.605451935380956,0.878797042099106,0.569631954891014,0.567,75.6697051557213,3650.85501619589,0.878797042099106,24.062970568104,56.7742988849397,33.2194985033764,130.573167328055,1.37279096484039,46.4475539723033,2,7.434944237918216e-05
18305,220,2001,184,0.0516847318217582,0.996985272752555,0.0126863024197519,0.0516524265728882,0.0032363340959512,0.0118931641664788,0.002,58.3836286673632,0.213023103560231,0.0032363340959512,48.062970568104,59.0388290908321,36.7482629695924,59.5081546817407,-0.022366701735025,338.546494790029,6,0.00022304832713754646
4421,221,1963,45,0.283721395840997,0.191635443401196,0.151666877791286,0.0978824656827411,0.0828859781537882,0.0585098826862954,0.041,0.350106584135546,0.308881403908293,0.0828859781537882,10.0616016427105,55.4531937659648,31.1608512891136,60.5988462546835,0.139922870502766,8.57865314565441,56,0.0020817843866171005
22396,222,2012,224,0.642594541224035,0.24674990273689,0.0081316207069903,0.208041888713463,0.0061552233130389,0.0057918679321257,0.006,0.631885747272911,0.562700188955683,0.0061552233130389,59.0609171800137,60.0765450202264,38.365311436486,60.3898538216054,0.353964256510846,11.9744887929658,42,0.0015613382899628252
9439,223,1979,95,0.721581947928212,0.0903916893050889,0.848633237648755,0.0822818850425882,0.668026942061742,0.0840925761463789,0.08,2.13232054660922,2.04474397749039,0.668026942061742,26.0616016427105,56.9628805698931,33.5133609332575,123.189170760208,0.412255072859153,3.31282672176792,8,0.00029739776951672863
12616,224,1988,127,0.614362508446158,0.549439637217731,0.993723288178444,0.412202783331495,0.611981144281115,0.54837019109622,0.42,,51.3432991444524,0.611981144281115,35.0609171800137,57.8120148143339,34.8365469702701,257.783274639472,0.334938485406239,39.0698694924654,4,0.00014869888475836432
21680,225,2009,217,0.953683769249177,0.820537458969694,0.0809862106107175,0.792654888373005,0.0791448866738041,0.0776914299846938,0.068,7.60925958873572,4.49691779764337,0.0791448866738041,56.062970568104,59.7936724927963,37.9245177916644,63.0030467968135,0.729909142507324,91.6275799049145,12,0.0004460966542750929
5650,226,1967,57,0.0359112490733099,0.585995425185504,0.999571284279227,0.0304003578552802,0.035907686301587,0.585927143873381,0.034,,470.418940870484,0.035907686301587,14.0616016427105,55.8306154669468,31.7489787001496,354.028211519118,-0.0398886801548438,43.756945436244,1,3.717472118959108e-05
22651,227,2013,227,0.626118490072811,0.49905686665078,0.92387305595912,0.3861386525174,0.594614180740556,0.480999028537274,0.372,4.91358851303082,4.4820302814021,0.594614180740556,60.062970568104,60.1710941937784,38.5126452027004,165.736147327329,0.34276832161391,33.2634322663587,19,0.0007063197026022305
20079,228,2005,201,0.689925803784885,0.994098695107153,0.996996372705325,0.68761036460915,0.688590398395185,0.99142084386422,0.678,23.2538258292743,119.888127235105,0.688590398395185,52.062970568104,59.4162507918142,37.3363903806284,309.453460593723,0.387837829200654,297.356182317132,2,7.434944237918216e-05
3339,229,1960,34,0.820716744161969,0.967508728518101,0.771981904283166,0.801292416194303,0.707572427649046,0.755467558776317,0.675,6.86694674055482,1.74104135326637,0.707572427649046,7.06091718001369,55.1700629074594,30.7196550930181,102.231498726082,0.503307438310582,193.51865327458,10,0.0003717472118959108
16822,230,1997,169,0.814965796790283,0.685475063561083,0.837306396337226,0.602926879452352,0.706896825425604,0.605701360469296,0.53,4.18604380600343,3.66135187709038,0.706896825425604,44.062970568104,58.66140738985,36.1601355585564,127.266389069624,0.497168510918193,59.2295950983783,14,0.0005204460966542751
19870,231,2004,199,0.848210409280152,0.339882551689552,0.498992785578594,0.320232399016679,0.442063407044591,0.220452752860378,0.202,2.13531918305824,2.10836551375375,0.442063407044591,51.0609171800137,59.3217016182622,37.189056614414,85.4548131055252,0.534841288487904,18.6160548149419,22,0.0008178438661710037
6134,232,1969,62,0.429561667556826,0.357808180313446,0.413044773973525,0.22575381825909,0.194177556951475,0.211624920313156,0.138,0.682263962981857,0.568874947990061,0.194177556951475,16.062970568104,56.0194554829755,32.0432436813045,73.3121812181988,0.223031695662887,20.0381450692025,47,0.0017472118959107807
22353,233,2012,224,0.702177329644816,0.899521407114425,0.869119402952492,0.658023408445684,0.619383524409817,0.804132475421651,0.598,15.7217025150844,4.15914625329563,0.619383524409817,59.0609171800137,60.0765450202264,38.365311436486,142.019717981982,0.397096289854149,125.819384642308,15,0.0005576208178438662
12227,234,1987,123,0.636101458129446,0.460373228355955,0.493188731838018,0.364439718041332,0.337955164101145,0.285789367278056,0.21,1.06089071873958,0.958474228031532,0.337955164101145,34.0616016427105,57.7177239718572,34.6896157553295,81.6815489975321,0.349519547351632,29.2397369039727,41,0.0015241635687732343
24040,235,2015,241,0.498315483010805,0.668514025332692,0.0384806243237108,0.402595781169955,0.0289985370867833,0.0366664728460987,0.026,0.844057582791365,0.406336880743687,0.0289985370867833,62.0616016427105,60.3596758787318,38.8065076325815,61.8838980249889,0.262891075367837,56.247096645106,33,0.0012267657992565055
7424,236,1974,75,0.391400666062977,0.994218219127458,0.974929684074596,0.390619380585153,0.38737306509787,0.97048634770009,0.393,,9.50447698300104,0.38737306509787,21.0622861054073,56.4911680264343,32.778302307281,188.644943880249,0.201319057947803,298.608995996795,4,0.00014869888475836432
3958,237,1961,40,0.418621326925277,0.993344070965148,0.60521912924014,0.417615596120444,0.326719617133441,0.604209307256668,0.307,8.21018285515263,0.66032935168199,0.326719617133441,8.06297056810404,55.2646120810114,30.8669888592325,84.6017497857609,0.216788685009995,289.991250407889,3,0.00011152416356877323
12416,238,1987,125,0.164731535459928,0.373992774396952,0.166003592312336,0.104154751037854,0.040968806746786,0.0989238891977484,0.03,0.392680787605281,0.281597459992001,0.040968806746786,34.0616016427105,57.7177239718572,34.6896157553295,64.0422716093016,0.0670461168009226,21.3659495611696,50,0.0018587360594795538
4045,239,1961,41,0.563732249879726,0.966929074929228,0.879470726009458,0.554958936054805,0.538965167089444,0.859557641132097,0.503,4.95666714812867,2.0885069304832,0.538965167089444,8.06297056810404,55.2646120810114,30.8669888592325,124.001489641315,0.302492866816888,192.450178189127,4,0.00014869888475836432
15920,240,1995,160,0.0696823449737638,0.42610437279433,0.50242753396742,0.049839484817565,0.0441183286047961,0.24560747398952,0.025,0.632209088781374,0.423721228174061,0.0441183286047961,42.0616016427105,58.4725673738214,35.8658705774015,83.9309473987143,-0.0049748207060076,25.9466002182741,32,0.0011895910780669145
1482,241,1955,15,0.538752945221301,0.868646407746975,0.888061124831438,0.503395300033691,0.50194631580591,0.788444712372501,0.437,3.26126745336742,2.6619728719018,0.50194631580591,2.06160164271047,54.6983503640006,29.9845964670416,123.928295495898,0.287114772133096,109.95679917689,16,0.0005947955390334573
6388,242,1970,64,0.168560114055898,0.196887890846447,0.0582662343513221,0.0654776060616267,0.0193305615006074,0.029890190679784,0.016,0.296303267549102,0.252364588977185,0.0193305615006074,17.0622861054073,56.1137463254522,32.190174896245,58.0489914198626,0.0695750687038263,8.88616837772732,51,0.001895910780669145
20425,243,2005,205,0.992215768659651,0.997118422006693,0.999496724689379,0.989398499029168,0.991757373126374,0.996682529713322,0.985,49.9065934081723,4456.35009437323,0.991757373126374,52.062970568104,59.4162507918142,37.3363903806284,401.444339590198,0.965237509143947,341.321205971987,1,3.717472118959108e-05
22952,244,2013,230,0.995978502108324,0.636721469515171,0.847708036890253,0.635396015488441,0.845450140874366,0.572889461591092,0.568,37.5402893636911,113.40427947239,0.845450140874366,60.062970568104,60.1710941937784,38.5126452027004,136.019674396256,1.04172117615092,51.0733603561293,8,0.00029739776951672863
18157,245,2000,182,0.0794087493984516,0.0788031934734961,0.0867283826228231,0.0150409276702372,0.0263624322684558,0.0118172457647273,0.006,0.249289437785989,0.232497230600554,0.0263624322684558,47.0609171800137,58.9442799172801,36.600929203378,62.2720171992249,0.0036471411620983,2.79495130604453,74,0.00275092936802974
25053,246,2018,251,0.961532070277768,0.576197869553644,0.492663243087009,0.565492963489356,0.478158304265745,0.343979875532024,0.351,32.0617618866906,8.34620356142273,0.478158304265745,65.0622861054073,60.6428067372371,39.2477038286769,87.7133716455825,0.756959879097915,42.457128706227,9,0.0003345724907063197
13445,247,1989,135,0.656873542040217,0.834372702406176,0.969851766014472,0.589958040524334,0.642315932473949,0.819120341081714,0.596,,12.8282225664365,0.642315932473949,36.062970568104,57.9065639878859,34.9838807364844,191.287203255147,0.363897657062204,96.3224858882289,9,0.0003345724907063197
1177,248,1955,12,0.778707593184958,0.472839663377775,0.465178294107318,0.420607590072612,0.386564082015861,0.266686876534325,0.214,1.39730183019032,1.40175589120304,0.386564082015861,2.06160164271047,54.6983503640006,29.9845964670416,73.7476400505004,0.461314291872801,30.4990415720758,37,0.00137546468401487
6068,249,1969,61,0.229152509669803,0.822320395362951,0.388630868168548,0.215448089967275,0.112811257056332,0.35685078192242,0.12,1.59991865060381,0.404017649098773,0.112811257056332,16.062970568104,56.0194554829755,32.0432436813045,71.9738725104516,0.107667633075705,92.2111805448083,15,0.0005576208178438662
4853,250,1964,49,0.150174790618378,0.9008762019104,0.950606827624142,0.14614010690649,0.148154909407409,0.865391856935468,0.145,15.3503096901595,4.22178816548494,0.148154909407409,11.0609171800137,55.5474846084415,31.3077825040541,156.846392985736,0.0572547465145468,126.625666540438,6,0.00022304832713754646
8325,251,1977,84,0.859284584058032,0.993796505562415,0.460615917341784,0.855179412620718,0.415010362961778,0.460170113881277,0.436,,2.10283136486014,0.415010362961778,24.062970568104,56.7742988849397,33.2194985033764,77.5880145572837,0.548760322017394,294.299123281919,5,0.0001858736059479554
17380,252,1998,174,0.291702713406605,0.59824006249739,0.89283966133371,0.234130266866265,0.282614289987283,0.56082254174709,0.233,3.23704938391044,2.03931981440713,0.282614289987283,45.0622861054073,58.7556982323268,36.3070667734969,144.344370131357,0.144541503271017,45.4297674389361,19,0.0007063197026022305
7152,253,1973,72,0.22155563376134,0.748030314982595,0.751570667838678,0.200997957714449,0.187279513652254,0.615484818008971,0.154,1.55514135307095,0.933910811252349,0.187279513652254,20.062970568104,56.3968771839576,32.6313710923404,103.390134245576,0.10305330926339,71.9286008282615,14,0.0005204460966542751
2894,254,1959,29,0.609648744788936,0.108400177442627,0.863188563613221,0.0919305379129464,0.545573006570299,0.0989067734139776,0.093,3.21683914657949,2.74968144992109,0.545573006570299,6.06160164271047,55.0757720649827,30.5727238780776,118.882969732233,0.331833511813471,4.15462141776887,26,0.000966542750929368
4384,255,1963,44,0.847893282574302,0.291853091572802,0.219249970046803,0.276066964670008,0.184707470132325,0.106061082796302,0.092,1.72653165696568,1.70119790046587,0.184707470132325,10.0616016427105,55.4531937659648,31.1608512891136,63.2114386496933,0.534454166970849,15.0415303909688,48,0.0017843866171003717
22528,256,2012,226,0.655430493951017,0.62572803101592,0.846216742647812,0.478753078139157,0.571056526345978,0.568091659063196,0.428,3.19866956157644,2.88145867402734,0.571056526345978,59.0609171800137,60.0765450202264,38.365311436486,135.225905126975,0.362883419871723,49.3971763110296,18,0.0006691449814126394
6932,257,1973,70,0.95839888719958,0.886343349623165,0.961148688569665,0.856103624376377,0.923527524603318,0.863588124903959,0.84,,50.2519023078285,0.923527524603318,20.062970568104,56.3968771839576,32.6313710923404,171.079352470098,0.74564163672617,118.511017710126,9,0.0003345724907063197
24683,258,2017,247,0.927098202926999,0.867104130915075,0.724973706761375,0.816311592823572,0.679306503412504,0.666836680050839,0.627,12.2859664220201,7.34360137793421,0.679306503412504,64.062970568104,60.5485158947604,39.1007726137364,112.617485361618,0.660416042360215,109.268171014469,14,0.0005204460966542751
7962,259,1975,80,0.964601724494711,0.304401816379732,0.762785771628842,0.301033710748672,0.739206160271815,0.276557464421499,0.276,22.2024301404405,16.9223862774204,0.739206160271815,22.0616016427105,56.585458868911,32.9252335222215,105.62967703179,0.768842709302057,15.9435984342759,13,0.000483271375464684
9944,260,1980,100,0.588111463420656,0.0429855144932487,0.983715100679547,0.0363904788132193,0.585252837772055,0.0420814827274217,0.04,22.4398369813354,14.8961658974153,0.585252837772055,27.0609171800137,57.0571714123698,33.6602921481981,210.27634927814,0.31787845670967,1.32828367148971,7,0.00026022304832713756
9922,261,1980,100,0.277840333746463,0.951474208418596,0.859668871387839,0.273724452579342,0.266148190043974,0.827908944151807,0.251,7.19471737948915,1.55473863650616,0.266148190043974,27.0609171800137,57.0571714123698,33.6602921481981,126.368346827321,0.136506677234565,169.336066935457,9,0.0003345724907063197
11358,262,1984,114,0.0627324507112035,0.957096167989659,0.460454714018852,0.0621343515927186,0.0414359271040835,0.452240321815595,0.047,7.01083613942513,0.385915055703803,0.0414359271040835,31.0609171800137,57.4345931133518,34.2484195592341,78.8824390670757,-0.0114396473200964,176.746701201241,5,0.0001858736059479554
23345,263,2014,234,0.983174400860882,0.918171065544654,0.726955500431359,0.904872141783005,0.718477428884169,0.689681588278605,0.662,8.79886976062246,23.9591900472893,0.718477428884169,61.0622861054073,60.2653850362551,38.6595764176409,112.044310432703,0.869545228169309,138.037991032521,3,0.00011152416356877323
24885,264,2017,249,0.984710330415575,0.612511763982721,0.671453337417915,0.607811882426675,0.663761123218836,0.481367326769771,0.473,17.7542622982848,26.3246034173189,0.663761123218836,64.062970568104,60.5485158947604,39.1007726137364,105.252554270509,0.881861347184976,47.4513849515819,10,0.0003717472118959108
23994,265,2015,240,0.562944996974541,0.348018156486221,0.617878587683663,0.264753552220079,0.37279163934411,0.284821247227942,0.205,1.06086896038279,1.04184000992892,0.37279163934411,62.0616016427105,60.3596758787318,38.8065076325815,98.566279693449,0.302002583771699,19.2552869857674,18,0.0006691449814126394
24083,266,2015,241,0.133095245261562,0.105491125655669,0.16857871087268,0.0310719940458649,0.0417088750689641,0.0485191358721775,0.024,0.289798405032869,0.270257517426204,0.0417088750689641,62.0616016427105,60.3596758787318,38.8065076325815,67.5558730878638,0.0453563386357693,4.01569338241756,87,0.0032342007434944236
8694,267,1978,87,0.0353701015720086,0.662327838203652,0.679821176221594,0.0314420305871674,0.0297858792241805,0.513939654065544,0.023,1.14515761478645,0.635738817800834,0.0297858792241805,25.0622861054073,56.8685897274164,33.366429718317,95.9250975770223,-0.0405437293101161,55.1997244808342,12,0.0004460966542750929
20952,268,2007,210,0.710510363216218,0.741177578471332,0.998809265671298,0.580055562059015,0.710013748438204,0.740888724771381,0.581,,288.134803005907,0.710013748438204,54.0616016427105,59.6048324767676,37.6302528105095,358.63842891337,0.403527984576054,70.3836603812837,2,7.434944237918216e-05
4385,269,1963,44,0.6785260036604,0.812834579615341,0.825703089125454,0.596552592577576,0.558696969913876,0.702309833988761,0.5,4.93879303429047,3.67188902056745,0.558696969913876,10.0616016427105,55.4531937659648,31.1608512891136,112.235188334581,0.379419025629759,89.1733942799491,14,0.0005204460966542751
21008,270,2007,211,0.422215099470964,0.999474025516132,0.716406238265336,0.422135044291947,0.339832270885732,0.716290504859604,0.354,,0.993981772608084,0.339832270885732,54.0616016427105,59.6048324767676,37.6302528105095,108.488442213945,0.218837424203024,446.127119194616,2,7.434944237918216e-05
8209,271,1976,83,0.418298786032404,0.926561962471904,0.997311410028487,0.40632455521928,0.417635433440945,0.925199686052258,0.389,11.1188225212468,98.7538557058818,0.417635433440945,23.0609171800137,56.6797497113877,33.0721647371621,283.013624902747,0.216604900256146,144.496012269044,3,0.00011152416356877323
12546,272,1988,126,0.122492602010597,0.143378934585609,0.751085442723706,0.0378736681108009,0.102324837169912,0.129368820602482,0.039,0.936284235374099,0.874329199856645,0.102324837169912,35.0609171800137,57.8120148143339,34.8365469702701,107.9083369576,0.0377043346478065,5.90991127226838,33,0.0012267657992565055
11508,273,1985,116,0.921330361474155,0.482295362111997,0.290710042463616,0.465860817326594,0.2791608862588,0.194612023158828,0.177,2.92834512138285,2.97971637097936,0.2791608862588,32.062970568104,57.5291422869038,34.3957533254484,69.4415621602265,0.648216482403373,31.4774580983345,20,0.0007434944237918215
26319,274,2023,264,0.790886457606569,0.996913276047618,0.89190210076049,0.789228807956022,0.722599359180465,0.890227682658756,0.728,,5.02376229348922,0.722599359180465,70.0616016427105,61.1145192806959,39.9827624546534,154.980547476594,0.472860897642662,337.096984966894,5,0.0001858736059479554
8529,275,1978,86,0.0787707520202034,0.235171170536122,0.882244950858876,0.0377129215640992,0.0741461812278206,0.229632267680659,0.044,1.97424601877964,1.76787018776206,0.0741461812278206,25.0622861054073,56.8685897274164,33.366429718317,132.031788847393,0.0030951199925393,11.229712978901,12,0.0004460966542750929
17678,276,1999,177,0.739543547196338,0.308913954199407,0.432167477440089,0.275252728625901,0.383655548807478,0.168830492329857,0.168,1.11660860375103,0.943643157482989,0.383655548807478,46.0616016427105,58.8499890748034,36.4539979884375,79.7627055582241,0.426897244670009,16.2733430234343,39,0.0014498141263940521
20275,277,2005,203,0.3717735585576,0.809961127696086,0.637895455816761,0.342253220819105,0.279168299823636,0.546912255691157,0.286,3.18960778508772,0.742116995473977,0.279168299823636,52.062970568104,59.4162507918142,37.3363903806284,98.2818786579534,0.190194916729518,88.284602379762,18,0.0006691449814126394
26358,278,2023,264,0.509258642009824,0.959779876690541,0.91698430525139,0.500375235244991,0.484043157956524,0.887296114398837,0.495,,3.4601949991893,0.484043157956524,70.0616016427105,61.1145192806959,39.9827624546534,166.798706279839,0.269375335038399,180.638860654124,6,0.00022304832713754646
1097,279,1955,11,0.996822810327826,0.99941292530993,0.99863171717152,0.996241133052997,0.995491466017839,0.998105174065792,0.991,50.3737692453229,5414.40231394056,0.995491466017839,2.06160164271047,54.6983503640006,29.9845964670416,287.239109964097,1.06796773352599,439.338434198591,1,3.717472118959108e-05
26368,280,2023,264,0.168070590411405,0.832488431400202,0.808993264101446,0.159481367871574,0.152910662256364,0.696997444263446,0.138,3.23429969766625,1.13735360093495,0.152910662256364,70.0616016427105,61.1145192806959,39.9827624546534,130.000657280094,0.0692527176431833,95.6597129485679,12,0.0004460966542750929
4939,281,1964,50,0.112447941660947,0.987652574241528,0.722617518622428,0.112130463044016,0.0917181018936109,0.7171083359759,0.088,19.5334124314993,0.779263360568599,0.0917181018936109,11.0609171800137,55.5474846084415,31.3077825040541,96.9547695897632,0.0302330899702234,252.253865431834,6,0.00022304832713754646
21479,282,2008,215,0.78386144686757,0.822873898954573,0.995671475073323,0.680511792431411,0.781074721134883,0.821193798529112,0.68,535.487850938919,129.718578644766,0.781074721134883,55.0609171800137,59.6991233192443,37.77718402545,294.612112346277,0.466145160657866,92.3935898570115,4,0.00014869888475836432
18786,283,2002,188,0.685279805809615,0.858865343742604,0.643197262426838,0.624433497410466,0.491700386096621,0.573384075906579,0.445,3.49799886444014,1.22531512422348,0.491700386096621,49.0622861054073,59.1331199333088,36.8951941845329,98.1110353966874,0.384384816008473,105.723305383489,18,0.0006691449814126394
730,284,1954,8,0.978789933593786,0.976388217849405,0.984473688527942,0.956551700203899,0.964239043491235,0.963363981912129,0.946,,205.039592377432,0.964239043491235,1.06228610540726,54.6040595215239,29.837665252101,192.158761556459,0.839181786525027,212.841453186113,5,0.0001858736059479554
10252,285,1982,103,0.606041977055434,0.424044787952506,0.204589074710384,0.329296233946693,0.171782000680422,0.122926845343438,0.114,0.726403050459805,0.553785060238872,0.171782000680422,29.0622861054073,57.2460114283984,33.954557129353,65.0608784582028,0.329470497454219,25.7561442774123,45,0.0016728624535315986
19183,286,2003,192,0.538175117543916,0.761128803695662,0.271797698922455,0.466692511557499,0.193415655956125,0.237493672330712,0.148,1.12044680032306,0.521590128703771,0.193415655956125,50.0616016427105,59.2274107757855,37.0421253994735,71.0660587071004,0.28676315712511,75.008330870532,26,0.000966542750929368
14303,287,1991,144,0.996012397548653,0.98286166329611,0.91521911136806,0.979067275750594,0.912059675652619,0.904207101410602,0.892,21.6429590031205,241.497262965046,0.912059675652619,38.0616016427105,58.0951456728393,35.2777431663655,150.506942358711,1.04267283166999,232.295485071586,1,3.717472118959108e-05
5775,288,1967,58,0.950839442867345,0.554273597117792,0.949119652388617,0.54144122513653,0.904862416070487,0.540228758828818,0.54,,40.7886833363211,0.904862416070487,14.0616016427105,55.8306154669468,31.7489787001496,157.469943384202,0.72106535740524,39.6649796812002,6,0.00022304832713754646
21773,289,2009,218,0.937396390836971,0.846857582842126,0.782622875878587,0.805853237979436,0.737132482154637,0.697611738638309,0.682,,11.6868744340875,0.737132482154637,56.062970568104,59.7936724927963,37.9245177916644,119.840481517972,0.684329902602147,100.920765518965,7,0.00026022304832713756
6588,290,1970,66,0.630990685765027,0.942719423803068,0.781403986969963,0.611543267037268,0.523650148103696,0.75537834615778,0.523,16.0543732587158,1.79766433370753,0.523650148103696,17.0622861054073,56.1137463254522,32.190174896245,106.887602977575,0.346051100021783,159.373498535505,14,0.0005204460966542751
21337,291,2008,214,0.994270349496544,0.960369100039588,0.977196514839306,0.955261254237833,0.972038809053541,0.942292270680564,0.941,,349.684145711559,0.972038809053541,55.0609171800137,59.6991233192443,37.77718402545,216.28887444967,1.0012916073304,181.5285763832,3,0.00011152416356877323
16728,292,1997,168,0.807604760380084,0.44876433024036,0.963942739181221,0.408408818522866,0.786566347316729,0.441446844072022,0.394,9.04560700118301,13.3166007976723,0.786566347316729,44.062970568104,58.66140738985,36.1601355585564,188.904692493261,0.48950913291257,28.097208779411,6,0.00022304832713754646
5800,293,1968,59,0.510699220437048,0.998323689821935,0.926076881121844,0.510342072870288,0.482031177415591,0.925156633883142,0.485,,4.41939376332727,0.482031177415591,15.0609171800137,55.9249063094235,31.8959099150901,144.414007270152,0.270232577251385,374.637685960564,1,3.717472118959108e-05
9756,294,1980,98,0.448360790771162,0.299898588010883,0.898938929429278,0.200612775828756,0.431196147661752,0.284485923389318,0.189,2.49698680273493,2.3838917347491,0.431196147661752,27.0609171800137,57.0571714123698,33.6602921481981,138.604950387174,0.233809123648467,15.6173619039487,14,0.0005204460966542751
3385,295,1960,34,0.911652032467436,0.567552268173145,0.767354710260406,0.542464764354584,0.746643753914822,0.470667862601658,0.438,2.658960291746,2.95696093736474,0.746643753914822,7.06091718001369,55.1700629074594,30.7196550930181,101.569344890045,0.629295027567349,41.3373775540194,17,0.0006319702602230483
299,296,1953,3,0.953286166048116,0.976767920682774,0.632966119563207,0.932938168561735,0.607072242107507,0.627019838915709,0.593,18.1652328439206,9.60616800696297,0.607072242107507,0.0629705681040383,54.5097686790472,29.6907340371605,84.9952388401887,0.728645679038007,213.824379097504,3,0.00011152416356877323
17311,297,1998,174,0.904086054678938,0.843111444418083,0.341320898151025,0.779987319885235,0.331127862330323,0.315678772799272,0.34,,2.33315303309002,0.331127862330323,45.0622861054073,58.7556982323268,36.3070667734969,74.0672782191579,0.615639013596841,99.5015928779388,11,0.00040892193308550185
15037,298,1993,151,0.993953685828702,0.840872384683956,0.9627008093521,0.837086515492277,0.957676025993663,0.820455980160746,0.813,42.6290005282177,195.784598449704,0.957676025993663,40.062970568104,58.283985688868,35.5720081475204,184.997523879758,0.99503620899188,98.6699427451925,4,0.00014869888475836432
1535,299,1956,16,0.853741796374218,0.939449939082184,0.751437906408682,0.813333177510678,0.658986072911413,0.717581468954266,0.611,5.83582468144501,3.71703200796327,0.658986072911413,3.06091718001369,54.7926412064773,30.1315276819821,98.1686019334394,0.541693785398609,156.044837767268,12,0.0004460966542750929
5546,300,1967,56,0.406652116602219,0.064636719542924,0.170972239691764,0.0450962415235676,0.0816363508900506,0.0281705077772476,0.02,0.405974297995134,0.39681595308121,0.0816363508900506,14.0616016427105,55.8306154669468,31.7489787001496,61.8104313234199,0.209977404434311,2.18911101043978,79,0.002936802973977695
22767,301,2013,228,0.883490086718969,0.296659774474979,0.883355292025954,0.284832786979798,0.793415908346229,0.282621568883013,0.285,16.174541431586,7.52713638008029,0.793415908346229,60.062970568104,60.1710941937784,38.5126452027004,147.331318938182,0.582391560644286,15.3844761201027,16,0.0005947955390334573
8554,302,1978,86,0.351301808075439,0.523502951902245,0.553831900237128,0.254879014959932,0.222480044729402,0.369538242966296,0.181,0.842954810972864,0.630226276623213,0.222480044729402,25.0622861054073,56.8685897274164,33.366429718317,84.3249060423221,0.178590907187193,35.9941987257118,38,0.001412639405204461
25893,303,2021,259,0.999998905521787,0.898531304604383,0.716687181033194,0.898530492439176,0.716686618872976,0.668830401060102,0.639,6.7046324945397,375715.27185038,0.716686618872976,68.062970568104,60.9259375957425,39.6889000247724,112.525622325389,1.770344197727,125.237137129349,1,3.717472118959108e-05
19298,304,2003,193,0.658699144652428,0.738761934992908,0.677215357543901,0.54424352724345,0.499730708816458,0.544532356391189,0.4,1.75700366515278,1.22088042524252,0.499730708816458,50.0616016427105,59.2274107757855,37.0421253994735,102.269405701066,0.365184227873805,69.8492858647269,21,0.0007806691449814126
4394,305,1963,44,0.232654907610453,0.523039010432166,0.993819239316508,0.176257384958466,0.231124616312937,0.522051328886259,0.167,15.4796691281605,43.0064114824861,0.231124616312937,10.0616016427105,55.4531937659648,31.1608512891136,234.937289103758,0.109782752313135,35.9409083395212,3,0.00011152416356877323
20664,306,2006,207,0.602446688031297,0.962829339338199,0.22093495959416,0.591165446681867,0.166400212867232,0.217962135895203,0.176,15.0186135282086,0.583058820326623,0.166400212867232,53.0622861054073,59.5105416342909,37.4833215955689,68.9248712352108,0.327125745342479,185.394084114322,10,0.0003717472118959108
18673,307,2002,187,0.842549605289598,0.831893649480655,0.590322277508676,0.72851238822017,0.526538388309626,0.516149645100001,0.481,7.86321486368801,2.13523499043916,0.526538388309626,49.0622861054073,59.1331199333088,36.8951941845329,92.7721045958378,0.528020457704864,95.4521026395236,15,0.0005576208178438662
20312,308,2005,204,0.0261145042635396,0.422374452157846,0.467761762207374,0.0189006255697198,0.0206745162952231,0.239142356715924,0.016,0.577255920546398,0.379651982645541,0.0206745162952231,52.062970568104,59.4162507918142,37.3363903806284,83.3224717596237,-0.0525295462140364,25.6022801970281,25,0.0009293680297397769
5022,309,1965,51,0.795373711408978,0.905910418807001,0.454910726752132,0.741289974613661,0.388514585743327,0.428444828169821,0.356,4.34267797828076,1.44686237769545,0.388514585743327,12.062970568104,55.6420337819934,31.4551162702685,75.009459727804,0.477233871487217,129.723586662249,18,0.0006691449814126394
14353,310,1991,144,0.271512647625706,0.473023404898759,0.939960063435137,0.190560125884014,0.262111742633464,0.461461197969892,0.166,3.14282815787547,3.94952260714507,0.262111742633464,38.0616016427105,58.0951456728393,35.2777431663655,164.322216740636,0.13281761122939,30.5178601353219,6,0.00022304832713754646
13421,311,1989,135,0.968739765434009,0.0958280127183988,0.0916530443355441,0.0951418064471256,0.0905428294835824,0.0254587892462407,0.036,10.5693705716445,6.6334948334027,0.0905428294835824,36.062970568104,57.9065639878859,34.9838807364844,61.2772840723979,0.786352107585387,3.56230751297517,8,0.00029739776951672863
1996,312,1957,20,0.982601263953952,0.830063197230066,0.851496170042083,0.819454413245749,0.840802410076544,0.730478349038447,0.737,,29.8285926151721,0.840802410076544,4.06297056810404,54.8871903800293,30.2788614481965,115.354962778085,0.865203846024941,94.817907713431,6,0.00022304832713754646
19287,313,2003,193,0.597074285566753,0.854410106898572,0.403344811871648,0.548990983106166,0.299169053062963,0.372935075806718,0.281,2.34560336643643,0.669456166384637,0.299169053062963,50.0616016427105,59.2274107757855,37.0421253994735,78.5952633246133,0.323641453757199,103.893996337882,16,0.0005947955390334573
26075,314,2021,261,0.0709378511654897,0.530075852272472,0.677283092867583,0.0568960552631236,0.0551711516427742,0.407311811200102,0.042,1.0046100459963,0.651571476551361,0.0551711516427742,68.062970568104,60.9259375957425,39.6889000247724,107.052209823564,-0.0038356596944668,36.755536157981,16,0.0005947955390334573
10629,315,1982,107,0.261993031606912,0.493687101920294,0.0428450417239219,0.189653075346689,0.0175616921712249,0.0333653247715262,0.022,0.476128220114987,0.280613683499646,0.0175616921712249,29.0622861054073,57.2460114283984,33.954557129353,58.7344422760246,0.12723879443267,32.6839062574511,35,0.0013011152416356876
1501,316,1956,16,0.46777651486919,0.353545466209059,0.638047522865236,0.237523213906045,0.331740100278678,0.234119028344073,0.15,1.03085961454069,0.885284551030204,0.331740100278678,3.06091718001369,54.7926412064773,30.1315276819821,86.1715950941728,0.245024287877415,19.6954265464975,50,0.0018587360594795538
18929,317,2002,190,0.98536791288609,0.527506452215251,0.971857099793851,0.524149619659148,0.959296714037524,0.52091534278638,0.549,,96.5390109283919,0.959296714037524,49.0622861054073,59.1331199333088,36.8951941845329,202.809476588385,0.887473387732201,36.4565036229312,4,0.00014869888475836432
6138,318,1969,62,0.991487631662114,0.91950516014503,0.577332602581009,0.9127666009828,0.573422586752671,0.555942381577545,0.539,13.5078776939317,43.4560367953328,0.573422586752671,16.062970568104,56.0194554829755,32.0432436813045,84.191549535154,0.954518621702908,139.018374171065,5,0.0001858736059479554
9376,319,1979,94,0.133203513700829,0.837868006452791,0.139152222778648,0.126968704716606,0.0362012950165393,0.130563158505465,0.041,1.4034160449685,0.261833033870152,0.0362012950165393,26.0616016427105,56.9628805698931,33.5133609332575,62.0025169801522,0.0454333491738269,97.5728006325878,20,0.0007434944237918215
14476,320,1992,145,0.229611647930254,0.901551883211355,0.592767094261944,0.222756561563197,0.159466789731684,0.561553239931568,0.151,2.90503586680005,0.59331679500316,0.159466789731684,39.0609171800137,58.189436515316,35.4246743813061,90.7090165682217,0.107945336054842,127.032003720148,19,0.0007063197026022305
15863,321,1995,159,0.0997477581397294,0.0949613032114356,0.282781707355753,0.021911131943326,0.0398967736177605,0.0481892209989428,0.014,0.323359650973059,0.304243909803311,0.0398967736177605,42.0616016427105,58.4725673738214,35.8658705774015,70.4889495540779,0.0204234979496356,3.52225977902281,71,0.0026394052044609664
12971,322,1988,130,0.731790919128704,0.686336291331372,0.0964624951593578,0.558859417010473,0.07914737951077,0.086192542710885,0.065,1.38303372329714,0.797149504263557,0.07914737951077,35.0609171800137,57.8120148143339,34.8365469702701,61.3543570233062,0.420499880680162,59.3855874955852,23,0.0008550185873605948
12014,323,1986,121,0.815600808966617,0.994201612824565,0.774950054008514,0.812237552076935,0.645732123318591,0.773017038189974,0.638,24.2888297863853,3.62441884718032,0.645732123318591,33.0622861054073,57.6234331293805,34.542684540389,111.027602537604,0.497839502290546,298.43338471238,5,0.0001858736059479554
23840,324,2015,239,0.739433857704788,0.661315242404561,0.423031458165497,0.546373718950801,0.349209185356307,0.334973846725214,0.29,1.71267786076368,1.07098562619733,0.349209185356307,62.0616016427105,60.3596758787318,38.8065076325815,81.9857789535038,0.426805871421529,55.0302443063107,29,0.0010780669144981412
2961,325,1959,30,0.670339304000406,0.683332799182799,0.41325510898605,0.521116330062874,0.31167828994492,0.317117577507044,0.225,1.26594308669593,0.876870398149279,0.31167828994492,6.06160164271047,55.0757720649827,30.5727238780776,71.5861459595886,0.37348139441262,58.8435376299601,28,0.0010408921933085502
19715,326,2004,198,0.99821606631319,0.930449768044427,0.992136122426018,0.928994011831041,0.990564471310073,0.925239548137025,0.932,,942.140464877684,0.990564471310073,51.0609171800137,59.3217016182622,37.189056614414,262.164248921212,1.13021242882803,147.747519557144,1,3.717472118959108e-05
8693,327,1978,87,0.750796038442352,0.975601748405076,0.652583254268393,0.739044686274,0.518169887365971,0.646931094441705,0.518,27.91492159371,1.74230302230511,0.518169887365971,25.0622861054073,56.8685897274164,33.366429718317,93.0536635753339,0.436408485304183,210.855318250777,10,0.0003717472118959108
9364,328,1979,94,0.217617836349926,0.881753703509404,0.89241135166958,0.209744581196418,0.208444676228541,0.804387050578345,0.216,13.5195274429111,2.0322004558388,0.208444676228541,26.0616016427105,56.9628805698931,33.5133609332575,135.817020695693,0.100646404961008,116.16781063802,12,0.0004460966542750929
26017,329,2021,261,0.96833129117941,0.942874675323012,0.932024610694498,0.915905899168616,0.904286242728004,0.887395300659394,0.859,37.3352672865826,50.8861718167709,0.904286242728004,68.062970568104,60.9259375957425,39.6889000247724,174.814578657277,0.784537446289189,159.536321821773,4,0.00014869888475836432
17709,330,1999,178,0.480275243890917,0.0860091439780444,0.300423165084794,0.0653150370027152,0.212618799026601,0.0430466546399796,0.029,0.47028621448228,0.463048294562883,0.212618799026601,46.0616016427105,58.8499890748034,36.4539979884375,71.9864182640374,0.252299447755325,3.11471120964102,48,0.0017843866171003717
18357,331,2001,184,0.395014511809867,0.933899102390618,0.157203872920945,0.385280035302052,0.100629666459115,0.139583461353169,0.089,3.97017004850053,0.3646897988125,0.100629666459115,48.062970568104,59.0388290908321,36.7482629695924,65.3497233565519,0.203369049499616,150.790971634546,21,0.0007806691449814126
24639,332,2017,247,0.803489294323034,0.541188682863352,0.588987668044865,0.484246046907376,0.48926445815964,0.39216967929667,0.362,2.8565495463977,2.06638262891256,0.48926445815964,64.062970568104,60.5485158947604,39.1007726137364,96.0657052995643,0.485318267617699,38.0703659884282,27,0.001003717472118959
14125,333,1991,142,0.60512244577169,0.634489224089826,0.792308692354709,0.455336693224892,0.502713907768383,0.546535755618872,0.398,2.67859554564405,1.89964607390273,0.502713907768383,38.0616016427105,58.0951456728393,35.2777431663655,115.68316374701,0.328869792884809,50.7286046927633,28,0.0010408921933085502
25904,334,2021,260,0.0782016986750938,0.969644667575184,0.26739109819755,0.0776718314189565,0.0364106830556373,0.26438512561683,0.029,5.84279794770546,0.289511901761937,0.0364106830556373,68.062970568104,60.9259375957425,39.6889000247724,73.3674134142779,0.0026012417600099,197.629344459649,5,0.0001858736059479554
15263,335,1993,153,0.999360885630666,0.878571086381885,0.608778377762064,0.87812412615922,0.608676235875466,0.560543538172031,0.567,,372.458564321968,0.608676235875466,40.062970568104,58.283985688868,35.5720081475204,92.4298616232308,1.2347095098154,114.597030451772,2,7.434944237918216e-05
20503,336,2006,206,0.0141803013452372,0.100905309359663,0.390581416897476,0.0035882828402024,0.0100369682709331,0.0627897290266579,0.003,0.352268993849914,0.330428181212887,0.0100369682709331,53.0622861054073,59.5105416342909,37.4833215955689,78.2962362011312,-0.0713312141857884,3.79896578809696,27,0.001003717472118959
21573,337,2009,216,0.511861032687537,0.974460168115022,0.955696697346866,0.506255729926284,0.496638781774637,0.936197078991329,0.491,32.9288976334938,6.87733035883616,0.496638781774637,56.062970568104,59.7936724927963,37.9245177916644,187.278044058076,0.270924575047088,208.084503290742,4,0.00014869888475836432
14483,338,1992,145,0.595366884498276,0.644536174521014,0.989400703925639,0.45477629839241,0.591304715416699,0.641936328114723,0.425,5.93232774619247,30.5944798411878,0.591304715416699,39.0609171800137,58.189436515316,35.4246743813061,238.164316654965,0.322538879212419,52.298571790658,5,0.0001858736059479554
9279,339,1979,93,0.0248228325434193,0.658985542899038,0.132074469234794,0.0220601901211374,0.0088127295445262,0.112759861125583,0.004,0.617760739664141,0.234765087567896,0.0088127295445262,26.0616016427105,56.9628805698931,33.5133609332575,61.7261783486339,-0.0543434165444543,54.6423734334119,19,0.0007063197026022305
7809,340,1975,79,0.363884576238139,0.445684069106479,0.671500103082508,0.235071823943744,0.267743662449132,0.353851361565989,0.178,1.01215548365066,0.860737111633028,0.267743662449132,22.0616016427105,56.585458868911,32.9252335222215,94.2339274549094,0.185724756113603,27.7987887160241,30,0.0011152416356877324
25151,341,2019,252,0.330145366142293,0.667116059355094,0.540681152837351,0.278342644330374,0.21244243638897,0.417411983451734,0.191,1.11573218972384,0.585452813547793,0.21244243638897,66.0616016427105,60.7370975797138,39.3946350436175,91.9651824526853,0.16656899455914,56.0085885423626,38,0.001412639405204461
8277,342,1976,83,0.843881962677965,0.963999536029971,0.992919429438189,0.820797613749701,0.838762285205625,0.958992934660531,0.82,,101.994341799582,0.838762285205625,23.0609171800137,56.6797497113877,33.0721647371621,241.455611067941,0.529609083719643,187.32451262447,4,0.00014869888475836432
13327,343,1989,134,0.33975847198763,0.963800276469454,0.686014053644612,0.335696303888889,0.262147428800401,0.674186439154087,0.277,36.6476910062527,0.846113514249516,0.262147428800401,36.062970568104,57.9065639878859,34.9838807364844,99.5783103960375,0.172037239147934,186.99135753762,13,0.000483271375464684
10827,344,1983,109,0.0235202570126854,0.114801808148501,0.11065364535898,0.0065946042524937,0.0058499891426766,0.0344947273357312,0.004,0.251900713619502,0.229443027100662,0.0058499891426766,30.0616016427105,57.3403022708751,34.1014883442935,61.3505932118606,-0.0562157806920032,4.46424203520428,65,0.0024163568773234202
19656,345,2004,197,0.439310460854756,0.990975158700395,0.0969176068902016,0.437826907747878,0.0641137708466691,0.0965104547260556,0.065,32.0107203889772,0.378869893283441,0.0641137708466691,51.0609171800137,59.3217016182622,37.189056614414,63.1220863452896,0.228611853292113,271.378928891922,5,0.0001858736059479554
9650,346,1980,97,0.970537928070633,0.996258909272946,0.984409317141399,0.967103486496486,0.958303076334884,0.981354001028103,0.957,,59.5977546778224,0.958303076334884,27.0609171800137,57.0571714123698,33.6602921481981,212.064554516185,0.794593213874197,325.294032411764,2,7.434944237918216e-05
4796,347,1964,48,0.884795625976085,0.71273648756108,0.99445138243027,0.659911592949531,0.880455729806386,0.71066954747198,0.645,14.2314576053587,165.464101152531,0.880455729806386,11.0609171800137,55.5474846084415,31.3077825040541,240.199489049072,0.584354844607568,64.4019015193649,5,0.0001858736059479554
10186,348,1981,102,0.694137376005761,0.612772632336994,0.762165592983365,0.490811818787039,0.595376941458537,0.488067764110262,0.413,2.16964631538264,1.43808360722556,0.595376941458537,28.062970568104,57.1517205859217,33.8076259144124,107.415749545075,0.39099498882122,47.4890895948633,16,0.0005947955390334573
4701,349,1964,48,0.781858981832872,0.204934209167485,0.833013766910881,0.189560738701014,0.662957451210688,0.185906342630171,0.17,4.11373873582701,4.1593269738443,0.662957451210688,11.0609171800137,55.5474846084415,31.3077825040541,114.057389646001,0.464258791724552,9.36376997384222,34,0.0012639405204460967
18380,350,2001,184,0.823411783738409,0.162427580147227,0.945613145828247,0.153635109395765,0.793192173162668,0.147055117188515,0.156,31.1047310251874,8.27566450453633,0.793192173162668,48.062970568104,59.0388290908321,36.7482629695924,173.8621676258,0.506233735135484,6.92960892578243,11,0.00040892193308550185
19912,351,2004,200,0.404342663774383,0.514565274476793,0.762598920613527,0.283756165396953,0.354534142708832,0.433462406120315,0.244,1.36756012336738,1.06614037246537,0.354534142708832,51.0609171800137,59.3217016182622,37.189056614414,114.685782113349,0.208665029724993,34.9777543679323,20,0.0007434944237918215
12364,352,1987,124,0.485179032094698,0.0724883367853202,0.0921239834278822,0.0555877878818438,0.0564214089252205,0.0209126556036548,0.016,0.428145882052186,0.417433358338895,0.0564214089252205,34.0616016427105,57.7177239718572,34.6896157553295,61.0781644823787,0.255167294030856,2.52105487217763,60,0.0022304832713754648
23798,353,2015,238,0.928722701146431,0.791145872192613,0.999636804219335,0.751206862626926,0.928459738014002,0.791055902567103,0.746,38.3352852568048,1995.3578352012,0.928459738014002,62.0616016427105,60.3596758787318,38.8065076325815,434.214842615716,0.663994807373241,82.7887868275541,1,3.717472118959108e-05
13876,354,1990,139,0.989100420416676,0.99538044182508,0.959563203854486,0.984624287354474,0.949661684254352,0.9562458466448,0.936,19.0698633032806,200.388757558237,0.949661684254352,37.0622861054073,58.0008548303626,35.130811951425,179.827272938662,0.924388305359227,312.357854522915,3,0.00011152416356877323
26523,355,2024,266,0.197524507712307,0.760676123125823,0.208788479445502,0.180954265404128,0.056903621573491,0.17657961106034,0.047,0.997763076274392,0.307412971260533,0.056903621573491,71.0609171800137,61.2088101231726,40.129693669594,70.659724163002,0.0881845137571265,74.8989720786277,25,0.0009293680297397769
24411,356,2016,245,0.209457514027063,0.244683032137778,0.379044076194987,0.0941112916163378,0.0918623546807168,0.157162632765898,0.043,0.428309862764134,0.397329339355815,0.0918623546807168,63.0609171800137,60.4539667212085,38.953438847522,79.2286720251937,0.0956233159487642,11.8402952987807,41,0.0015241635687732343
18233,357,2001,183,0.511664900180318,0.319483494286471,0.938667240785435,0.231269575507635,0.499925174328827,0.298163880258059,0.208,3.88025570908186,4.03282450048548,0.499925174328827,48.062970568104,59.0388290908321,36.7482629695924,168.798450326138,0.270807714361271,17.0571292368864,15,0.0005576208178438662
20174,358,2005,202,0.963189278508188,0.978887431662672,0.76954837096855,0.944173203080412,0.751818966661671,0.759222408821289,0.738,35.7813922845083,10.4814567077125,0.751818966661671,52.062970568104,59.4162507918142,37.3363903806284,116.188934405702,0.763269432875676,219.627600380336,7,0.00026022304832713756
17736,359,1999,178,0.333117478796165,0.728362702923692,0.323058681795374,0.293466103952391,0.174718418140153,0.26214437497757,0.149,1.01631163116917,0.385696627591146,0.174718418140153,46.0616016427105,58.8499890748034,36.4539979884375,73.2070996291338,0.168260846005576,67.6067446481789,26,0.000966542750929368
19977,360,2004,200,0.880802155207527,0.728545169789577,0.679146021138877,0.671126110154597,0.629408151859562,0.537224393824755,0.501,4.14376290613219,2.87935603953837,0.629408151859562,51.0609171800137,59.3217016182622,37.189056614414,102.769992280885,0.57840304894182,67.6453077463568,15,0.0005576208178438662
26474,361,2023,265,0.862237410636109,0.893618686127873,0.936512055108324,0.788110606844025,0.809923448892376,0.847608352693851,0.73,8.5931853291237,17.8987203893191,0.809923448892376,70.0616016427105,61.1145192806959,39.9827624546534,178.957718592387,0.552611850619623,122.431499432766,7,0.00026022304832713756
7516,362,1975,76,0.859270744587892,0.986311148243663,0.684032097924501,0.850181450098702,0.59789130556607,0.680157842967234,0.588,18.8384088719206,3.66377781699663,0.59789130556607,22.0616016427105,56.585458868911,32.9252335222215,95.5860321626584,0.548742416344326,245.970505812371,10,0.0003717472118959108
18660,363,2002,187,0.131875377563679,0.475574723152539,0.593265942763537,0.0980437764461111,0.102050048185815,0.318541355298308,0.08,0.840621746463126,0.530632445516178,0.102050048185815,49.0622861054073,59.1331199333088,36.8951941845329,93.0498403756595,0.0444871455400301,30.7799505050473,26,0.000966542750929368
18281,364,2001,183,0.335161866031881,0.787148393290942,0.825313437031582,0.306038068932425,0.312609382142052,0.664361068653666,0.275,3.31209050264411,1.31462983975263,0.312609382142052,48.062970568104,59.0388290908321,36.7482629695924,125.913105232848,0.169423937219153,81.68758995459,16,0.0005947955390334573
4412,365,1963,45,0.834490212780707,0.994686505915645,0.959404521156102,0.831227790125937,0.81368582653389,0.955620134096775,0.793,10.5526914619121,10.1055562758318,0.81368582653389,10.0616016427105,55.4531937659648,31.1608512891136,163.370291776738,0.518618959713436,303.781794802314,1,3.717472118959108e-05
25231,366,2019,253,0.792590817118447,0.176267443563726,0.15140094072558,0.16435021401812,0.133758286769512,0.0566381594897956,0.049,1.07824001266048,1.05392663886756,0.133758286769512,66.0616016427105,60.7370975797138,39.3946350436175,67.2299657231401,0.47451399457588,7.69811806918091,44,0.0016356877323420074
21731,367,2009,218,0.136213674617436,0.800774454330509,0.96478005964309,0.127927877778106,0.132832933863798,0.784662706576916,0.122,9.23560174043213,6.2815649417093,0.132832933863798,56.062970568104,59.7936724927963,37.9245177916644,197.437483496649,0.0475658676208485,85.5338639813992,3,0.00011152416356877323
11663,368,1985,117,0.949530187251285,0.927037724047052,0.788597094127908,0.885760879567106,0.75655613274078,0.750712717080127,0.722,34.1022017922426,10.8525483263102,0.75655613274078,32.062970568104,57.5291422869038,34.3957533254484,113.020743697655,0.717139296298845,144.884379328737,8,0.00029739776951672863
5840,369,1968,59,0.504169960914456,0.167294758744487,0.782926199957728,0.126927345496645,0.413878289923642,0.152505390178913,0.123,1.72532623486511,1.5775093973917,0.413878289923642,15.0609171800137,55.9249063094235,31.8959099150901,106.474393883493,0.26635411568591,7.19723259647418,35,0.0013011152416356876
16775,370,1997,168,0.520318757154681,0.993217961195651,0.993333671009168,0.518814733773362,0.518974466757789,0.987147186967971,0.503,13.2749253084013,37.5795846778956,0.518974466757789,44.062970568104,58.66140738985,36.1601355585564,263.457598829865,0.275979911667275,288.84291216476,2,7.434944237918216e-05
1590,371,1956,16,0.042109912915536,0.0981557697759218,0.404262913390994,0.0101089719580254,0.0250017472485035,0.0497566078481422,0.009,0.376407719486304,0.345644665797921,0.0250017472485035,3.06091718001369,54.7926412064773,30.1315276819821,70.5947824687134,-0.0326701508882993,3.67037301745645,71,0.0026394052044609664
19237,372,2003,193,0.626037514967979,0.578080882962155,0.131575715262443,0.435017384279921,0.11099409007384,0.102922899385574,0.097,0.924897146786197,0.565961608924205,0.11099409007384,50.0616016427105,59.2274107757855,37.0421253994735,64.4708316157082,0.342713954018424,42.7043563417175,29,0.0010780669144981412
17787,373,1999,178,0.874496871318453,0.33143998956345,0.995728174690157,0.316292837421973,0.872833371876153,0.330601197428485,0.295,8.67213517030449,76.6775357668039,0.872833371876153,46.0616016427105,58.8499890748034,36.4539979884375,286.159030426357,0.569315091268021,17.9633508560614,1,3.717472118959108e-05
2633,374,1958,27,0.857834599860296,0.77588380119653,0.492821032414213,0.69633450630161,0.438352397446803,0.428511767615184,0.396,4.91893135155404,2.28058583012802,0.438352397446803,5.06228610540726,54.981481222506,30.425792663137,75.9770313242945,0.546891566675813,78.6967551968882,21,0.0007806691449814126
21863,375,2010,219,0.993856969929628,0.966497105175588,0.351280968869105,0.960921928763789,0.349921518913807,0.347896113791887,0.33,11.6928174125103,41.809689644328,0.349921518913807,57.0622861054073,59.887963335273,38.0714490066049,76.5356543029022,0.99318502089192,191.666170467476,7,0.00026022304832713756
15386,376,1994,154,0.59303521362961,0.844371177912743,0.926882368978113,0.541815223392078,0.564419606698004,0.797353858862815,0.508,6.38979096810868,4.49417760401772,0.564419606698004,41.0622861054073,58.3782765313447,35.718939362461,157.917136138635,0.321036813008387,99.974890574348,5,0.0001858736059479554
15512,377,1994,156,0.8694554573901,0.759365701311086,0.964729921426624,0.690125424000453,0.844313758465044,0.742054658855329,0.664,10.558122860871,19.7464951892057,0.844313758465044,41.0622861054073,58.3782765313447,35.718939362461,187.957478511536,0.562300368049767,74.5836167935503,9,0.0003345724907063197
14535,378,1992,146,0.601089086694834,0.16612102315,0.441989878658205,0.138148350807517,0.299161769111172,0.113005715075183,0.105,0.84704183549055,0.780997384693185,0.299161769111172,39.0609171800137,58.189436515316,35.4246743813061,79.1470591155282,0.326243091630444,7.13243162661752,54,0.002007434944237918
14643,379,1992,147,0.749020082854864,0.863687334649683,0.986382451141253,0.678552921592124,0.743083367305341,0.856419061205417,0.666,15.4255744888486,26.0388413532974,0.743083367305341,39.0609171800137,58.189436515316,35.4246743813061,227.192397937957,0.434888750747256,107.771360140435,4,0.00014869888475836432
25026,380,2018,251,0.953161502207768,0.769357846428217,0.291114023886621,0.745123229351954,0.281702273876185,0.259172387298268,0.277,,5.34377181704457,0.281702273876185,65.0622861054073,60.6428067372371,39.2477038286769,74.258353866688,0.728251412868727,77.0350157967553,12,0.0004460966542750929
24808,381,2017,249,0.404018197743901,0.496485596132512,0.867783817229792,0.276575108110348,0.364606810685858,0.470437522069656,0.239,1.91696053314438,2.15506104469324,0.364606810685858,64.062970568104,60.5485158947604,39.1007726137364,143.625014968598,0.208480689973742,32.9850489725205,15,0.0005576208178438662
20878,382,2007,209,0.836623179896491,0.571314589676759,0.761450706981122,0.520779561285036,0.662657025532084,0.483881675283579,0.443,3.64101184832279,3.09678352843815,0.662657025532084,54.0616016427105,59.6048324767676,37.6302528105095,115.43123366732,0.521073377269775,41.8215928796307,20,0.0007434944237918215
883,383,1954,9,0.0241002621449201,0.830132313891525,0.603163188090548,0.0230677122622212,0.0202850100295616,0.530517687615468,0.019,2.05181561214256,0.508877935614477,0.0202850100295616,1.06228610540726,54.6040595215239,29.837665252101,82.8008639719291,-0.0553764870398725,94.8417259974381,9,0.0003345724907063197
24741,384,2017,248,0.543450043173089,0.98794318534898,0.9861687454395,0.540531774452665,0.539175881630076,0.975936599679727,0.534,48.9922082194061,20.92686548452,0.539175881630076,64.062970568104,60.5485158947604,39.1007726137364,246.34148941052,0.289979586026815,253.705588463672,1,3.717472118959108e-05
21151,385,2008,212,0.248510693730097,0.633715956107683,0.637933965306729,0.20798862376128,0.182762526483386,0.465115186607816,0.153,1.0946564679549,0.674950861800697,0.182762526483386,55.0609171800137,59.6991233192443,37.77718402545,99.0278172736507,0.119270706509175,50.609709141735,41,0.0015241635687732343
7181,386,1973,72,0.887172337544978,0.228183372183657,0.684144359547645,0.220243270546304,0.624003640219117,0.201303809550942,0.167,2.5300234390048,3.79600690667947,0.624003640219117,20.062970568104,56.3968771839576,32.6313710923404,95.0616190276767,0.587974250522542,10.7884105245835,27,0.001003717472118959
15453,387,1994,155,0.943128837448978,0.428157616873462,0.491819166345522,0.41870233614853,0.475871580227908,0.262532407876866,0.268,7.69209953659654,4.88715839206875,0.475871580227908,41.0622861054073,58.3782765313447,35.718939362461,82.9535863681279,0.699096094125633,26.1372836416229,17,0.0006319702602230483
23740,388,2015,238,0.974566403236436,0.933906738492757,0.977327873930335,0.912823045376844,0.953690481091483,0.917856372992557,0.898,351.565644026834,111.345931967128,0.953690481091483,62.0616016427105,60.3596758787318,38.8065076325815,221.484833269741,0.814772066725255,150.797886820924,2,7.434944237918216e-05
5284,389,1965,53,0.718615829956512,0.771835675595142,0.717848528409377,0.603449206807919,0.540676725687311,0.586142866101569,0.472,4.00250039115102,1.91915801493252,0.540676725687311,12.062970568104,55.6420337819934,31.4551162702685,96.6742157764602,0.409895893362152,77.6601049476231,28,0.0010408921933085502
14064,390,1991,141,0.134811090590635,0.608189301140711,0.926146663026884,0.113549606330453,0.129511215216572,0.583807437246528,0.117,4.91144613078042,2.91743108713806,0.129511215216572,38.0616016427105,58.0951456728393,35.2777431663655,156.004244499374,0.0465742681760268,46.8306324473626,14,0.0005204460966542751
2816,391,1959,29,0.611243144781954,0.725366168979888,0.675928378477693,0.505030868707857,0.444466795842951,0.522279580808632,0.359,1.9952203873132,1.27149402976544,0.444466795842951,6.06160164271047,55.0757720649827,30.5727238780776,90.4720713931096,0.332881607514338,66.977328385431,28,0.0010408921933085502
26531,392,2024,266,0.583985072850366,0.636898372003954,0.304394313367084,0.444027491508784,0.202760377703576,0.22569060939026,0.167,1.10987347651496,0.636170778184044,0.202760377703576,71.0609171800137,61.2088101231726,40.129693669594,75.9022222215179,0.315245365750778,51.1007796476436,30,0.0011152416356877324
25746,393,2021,258,0.530109615426274,0.823707295855106,0.62642287206836,0.481853153411661,0.373861365502331,0.555327659002101,0.336,2.10965135337398,0.920264264157832,0.373861365502331,68.062970568104,60.9259375957425,39.6889000247724,100.941677563129,0.28187311093877,92.6693547311694,26,0.000966542750929368
4969,394,1964,50,0.394197675429909,0.833823870849396,0.608214868232608,0.366732362037369,0.265539719114039,0.53121978891044,0.239,2.2661488601896,0.760088727653476,0.265539719114039,11.0609171800137,55.5474846084415,31.3077825040541,85.5529592763851,0.202905617120375,96.1286395024946,17,0.0006319702602230483
16523,395,1996,166,0.0727497769520214,0.938109345169219,0.975464939139783,0.0717085787124917,0.0723570535001433,0.919666607975545,0.084,,8.28420200651004,0.0723570535001433,43.0609171800137,58.5668582162981,36.012801792342,204.689189110418,-0.002205996976859,154.732437162023,3,0.00011152416356877323
16035,396,1995,161,0.414802662833409,0.41589745687387,0.165289166849107,0.247809562460355,0.104003134626589,0.0974791196231683,0.066,0.516392185510941,0.381744005354779,0.104003134626589,42.0616016427105,58.4725673738214,35.8658705774015,64.9805893261739,0.214613696120282,25.0106502296713,51,0.001895910780669145
22187,397,2012,222,0.311359876854659,0.97999166064348,0.99991870764643,0.309428988329402,0.311349582862309,0.979943102754576,0.295,13.8394620175009,2816.96642801054,0.311349582862309,59.0609171800137,60.0765450202264,38.365311436486,516.712824901677,0.155843448199911,222.888484701246,1,3.717472118959108e-05
21236,398,2008,213,0.828821687970867,0.955243920953393,0.847710051573813,0.801239521715415,0.721284421623659,0.822135214907797,0.72,,4.4690058943739,0.721284421623659,55.0609171800137,59.6991233192443,37.77718402545,134.099799286606,0.512208018816238,174.201634842338,8,0.00029739776951672863
16870,399,1997,169,0.129521208481319,0.964927964230283,0.863481482025236,0.128424236047265,0.123767150092188,0.841765033858911,0.112,8.32439665596304,1.52946756812792,0.123767150092188,44.062970568104,58.66140738985,36.1601355585564,134.215145245817,0.0428017565638212,188.901815813158,7,0.00026022304832713756
22426,400,2012,225,0.760045618130928,0.981740898659979,0.940861184382811,0.751036191561297,0.725170614693614,0.92803864055153,0.711,18.8719381396048,8.24272783342306,0.725170614693614,59.0609171800137,60.0765450202264,38.365311436486,176.264944839445,0.444442720217834,228.445343726394,2,7.434944237918216e-05
4971,401,1964,50,0.277709892521688,0.0324243481763713,0.977785676484928,0.0180381995111009,0.274291338905795,0.0314448529965517,0.017,10.6075617678527,10.6406920851234,0.274291338905795,11.0609171800137,55.5474846084415,31.3077825040541,186.303948499972,0.136430773851244,0.942096313806743,6,0.00022304832713754646
21439,402,2008,215,0.116972842867539,0.989435248025596,0.913646708941087,0.116689115594247,0.110787206704025,0.907225405706,0.109,35.4174861052377,2.49477174130835,0.110787206704025,55.0609171800137,59.6991233192443,37.77718402545,157.877286112675,0.0336275062925226,261.762067627029,1,3.717472118959108e-05
14553,403,1992,146,0.690874748706692,0.999206746147139,0.928754369728267,0.690563874068963,0.652931523503868,0.928362926028792,0.628,7.99281956437388,6.00557225780424,0.652931523503868,39.0609171800137,58.189436515316,35.4246743813061,157.950404740343,0.388546923573128,420.756135776341,2,7.434944237918216e-05
1608,404,1956,17,0.996502448832012,0.424278049511969,0.387997441226617,0.423739489275875,0.387605480834996,0.181617046206721,0.183,168.907970287935,64.3999851886209,0.387605480834996,3.06091718001369,54.7926412064773,30.1315276819821,69.7632633641473,1.05732991605305,25.7776737770317,6,0.00022304832713754646
21743,405,2009,218,0.882543699048564,0.703287943532292,0.858875269303098,0.650829905191076,0.762280975865873,0.640758578918438,0.599,19.6801036709103,9.58680509839551,0.762280975865873,56.062970568104,59.7936724927963,37.9245177916644,137.650532501727,0.580979121022776,62.5523316201426,22,0.0008178438661710037
14805,406,1992,149,0.798382401237868,0.385403711803263,0.955647022929043,0.351841421616735,0.772503881905826,0.380516596786497,0.352,14.8934030676885,10.8257575310972,0.772503881905826,39.0609171800137,58.189436515316,35.4246743813061,177.224419688968,0.48020399381824,22.3281189188873,8,0.00029739776951672863
2842,407,1959,29,0.331067435857371,0.939836847194215,0.749562334269285,0.324382048877737,0.273052001185131,0.71675891356582,0.29,53.6718768141321,1.03938094314696,0.273052001185131,6.06160164271047,55.0757720649827,30.5727238780776,98.8412187848488,0.167094001519459,156.429100223579,8,0.00029739776951672863
1639,408,1956,17,0.804347704026541,0.41258240402435,0.898825775366277,0.376607902790169,0.739652525039251,0.372329300973457,0.355,11.2146312628839,5.48259957068141,0.739652525039251,3.06091718001369,54.7926412064773,30.1315276819821,127.753755913311,0.486187186322417,24.7108842133875,18,0.0006691449814126394
23209,409,2014,233,0.965231999585914,0.558334264346305,0.121112402528524,0.549264489321709,0.119293357088833,0.0969044265174704,0.105,12.6713752281363,6.06999524432336,0.119293357088833,61.0622861054073,60.2653850362551,38.6595764176409,65.2717424187568,0.771391626983831,40.1704687161092,13,0.000483271375464684
12446,410,1987,125,0.191231729034962,0.55310016713901,0.395685131661594,0.151444930730781,0.0972987593704476,0.27501001058306,0.079,0.65630433688985,0.391863427209416,0.0972987593704476,34.0616016427105,57.7177239718572,34.6896157553295,75.4020914117507,0.0842125566175266,39.5198598741935,33,0.0012267657992565055
19272,411,2003,193,0.34653799672652,0.254781772124595,0.744698319351301,0.145336571021062,0.30179584317262,0.221613158224642,0.114,0.958187182446559,0.94985015762291,0.30179584317262,50.0616016427105,59.2274107757855,37.0421253994735,111.492855129283,0.175887642283873,12.5011537455522,26,0.000966542750929368
26384,412,2023,264,0.761609210843729,0.689015019364991,0.948033640626818,0.577281366862831,0.732750335336721,0.665207203994404,0.559,11.3758943044401,8.65520457174349,0.732750335336721,70.0616016427105,61.1145192806959,39.9827624546534,188.139494521544,0.445821309187427,59.8737128838076,12,0.0004460966542750929
13858,413,1990,139,0.684677664501553,0.128089416431426,0.868673225166276,0.113677928221571,0.607667140106916,0.122220505566063,0.112,3.99000362086391,3.68213929318059,0.607667140106916,37.0622861054073,58.0008548303626,35.130811951425,132.903781822037,0.383939529863651,5.12369690084043,13,0.000483271375464684
26892,414,2024,269,0.990691779221682,0.793453761450361,0.984425348462537,0.788395982433625,0.975809394472682,0.785743014505714,0.786,,288.905958414992,0.975809394472682,71.0609171800137,61.2088101231726,40.129693669594,246.058520174052,0.943710806146249,83.43458269496,2,7.434944237918216e-05
960,415,1954,10,0.875657766680463,0.485077667844036,0.462568672373891,0.457497769076697,0.422670573382108,0.274210477413909,0.277,3.69858643715709,2.36842975053468,0.422670573382108,1.06228610540726,54.6040595215239,29.837665252101,73.4103617973669,0.570961216590155,31.7692842180748,23,0.0008550185873605948
5782,416,1967,58,0.620644316241804,0.894321704594764,0.41904562804848,0.584381523089064,0.286717853199369,0.397215360473284,0.262,2.76613358949691,0.809625118405577,0.286717853199369,14.0616016427105,55.8306154669468,31.7489787001496,73.2993201748422,0.339106693067846,122.824777989958,20,0.0007434944237918215
26149,417,2023,262,0.931017194034574,0.997777132435469,0.943038504803553,0.929200019144104,0.883523912879635,0.941643552775288,0.873,20.976116171034,21.1233078512187,0.883523912879635,70.0616016427105,61.1145192806959,39.9827624546534,183.920418213237,0.669165829022285,357.273828152896,2,7.434944237918216e-05
21476,418,2008,215,0.34154840683394,0.892982893290404,0.156620077323169,0.328344207095259,0.0664637406275822,0.151944965341703,0.065,2.20746810347002,0.35192973673957,0.0664637406275822,55.0609171800137,59.6991233192443,37.77718402545,66.1603437559638,0.173054250686825,122.078110008389,13,0.000483271375464684
19569,419,2004,196,0.373493019253029,0.0955697489848775,0.563849407248199,0.0624622647650119,0.262847300823335,0.0716128166782251,0.059,0.655715761485815,0.614430123101897,0.262847300823335,51.0609171800137,59.3217016182622,37.189056614414,90.8018347350293,0.191169153702139,3.55036324990339,42,0.0015613382899628252
7164,420,1973,72,0.0457810371667763,0.434862778473349,0.633043883834034,0.0334209616504428,0.0367764536204101,0.345071689108064,0.027,0.728381443271342,0.558734861494623,0.0367764536204101,20.062970568104,56.3968771839576,32.6313710923404,89.9089515862785,-0.0286117252033507,26.7657114870224,17,0.0006319702602230483
19293,421,2003,193,0.745083193212977,0.746618977810601,0.777879440225661,0.605646691414443,0.620509430894592,0.618560839287725,0.507,2.93533384623275,2.05029796175839,0.620509430894592,50.0616016427105,59.2274107757855,37.0421253994735,117.017257149012,0.431545063675903,71.6068359726902,14,0.0005204460966542751
7110,422,1973,72,0.808253111214033,0.574411597582865,0.266756349476054,0.512868966391104,0.235317439723111,0.21204680571602,0.172,1.44079603172115,1.24759853630742,0.235317439723111,20.062970568104,56.3968771839576,32.6313710923404,66.597310170206,0.490175202651816,42.2237202057721,36,0.0013382899628252788
4395,423,1963,44,0.49239763641503,0.906151467165135,0.679334713611752,0.471724899430049,0.332069748744263,0.640700308451082,0.349,11.3564486134179,1.24736961931387,0.332069748744263,10.0616016427105,55.4531937659648,31.1608512891136,91.8780386372635,0.259403864464989,129.876138072625,12,0.0004460966542750929
52,424,1952,1,0.643547922015369,0.997592272024556,0.601897545857355,0.642737512546611,0.425043296835824,0.601366706653246,0.422,48.66445111967,1.1135992074887,0.425043296835824,-0.939082819986311,54.4152195054952,29.5434002709461,82.2356142980717,0.35462056870637,352.361891800067,2,7.434944237918216e-05
13139,425,1989,132,0.960557649161638,0.950473128747527,0.694520770572126,0.916106757835676,0.670307367550429,0.67861246130039,0.644,12.9240391750849,13.1328836639085,0.670307367550429,36.062970568104,57.9065639878859,34.9838807364844,100.594722318433,0.753357937483948,168.108305507688,7,0.00026022304832713756
22059,426,2011,221,0.0616661494436238,0.450180740895248,0.971343372948468,0.0456107990348412,0.0611966768817179,0.445686782464438,0.046,8.58221945190979,7.09543065347748,0.0611966768817179,58.0616016427105,59.9822541777497,38.2183802215455,207.991286855703,-0.0124571461095735,28.2350915177121,3,0.00011152416356877323
3977,427,1961,40,0.724989208766129,0.944132155795329,0.866221890551969,0.699552290304572,0.668111373929796,0.833474985212612,0.634,6.29021920287828,2.60077094665638,0.668111373929796,8.06297056810404,55.2646120810114,30.8669888592325,120.447670509458,0.414984936639943,160.871922963549,11,0.00040892193308550185
1934,428,1957,20,0.343113609161297,0.356851625233677,0.912213321775198,0.189841611702031,0.329331052225969,0.327306472374787,0.177,3.49036605802462,2.70255218919067,0.329331052225969,4.06297056810404,54.8871903800293,30.2788614481965,133.017805062976,0.173943312721724,19.9609885765434,23,0.0008550185873605948
3097,429,1959,31,0.0915823932946031,0.830500647677807,0.784014090197161,0.0873023357402042,0.0812529883830777,0.675848303149053,0.099,5.08821746606757,0.97249537575141,0.0812529883830777,6.06160164271047,55.0757720649827,30.5727238780776,103.693531058482,0.0138652482461293,94.9688265952957,13,0.000483271375464684
13778,430,1990,138,0.956089897117737,0.830467769380872,0.964286492438987,0.803288244384777,0.924619326524291,0.811349307288843,0.805,,47.1371603040057,0.924619326524291,37.0622861054073,58.0008548303626,35.130811951425,184.931389665198,0.737757799226271,94.9574697159199,7,0.00026022304832713756
39,431,1952,1,0.566419933595901,0.106864273966511,0.279156222939491,0.0876478760806979,0.191823027542958,0.055208974644989,0.052,0.60562116776935,0.577622548380024,0.191823027542958,-0.939082819986311,54.4152195054952,29.5434002709461,64.1620048984211,0.304169631781659,4.08113211245407,57,0.0021189591078066916
4956,432,1964,50,0.922838936791455,0.899305720676124,0.637891178485006,0.840427965622345,0.598522706683197,0.591079515512961,0.545,8.00180781133681,5.29204250239248,0.598522706683197,11.0609171800137,55.5474846084415,31.3077825040541,88.1371944091461,0.651334607642416,125.692048426503,12,0.0004460966542750929
18435,433,2001,185,0.831847112183094,0.220379744478909,0.688168224878609,0.208214162882206,0.611091743040781,0.151640573760607,0.131,2.00901246723575,2.19595841370754,0.611091743040781,48.062970568104,59.0388290908321,36.7482629695924,103.079731286222,0.515609832170824,10.3027837970376,18,0.0006691449814126394
13381,434,1989,134,0.998442858378468,0.989432709350463,0.593449985608459,0.987922649054475,0.592977582213236,0.591466105856623,0.601,,184.376280976471,0.592977582213236,36.062970568104,57.9065639878859,34.9838807364844,90.0827986562698,1.14448576999761,261.747408468315,1,3.717472118959108e-05
7945,435,1975,80,0.959145632161778,0.756080269587863,0.756060162326321,0.735852894271035,0.729057640795537,0.622620684089289,0.614,89.0807061795567,14.4385084530285,0.729057640795537,22.0616016427105,56.585458868911,32.9252335222215,104.644093010654,0.748271261448006,73.8008157577912,11,0.00040892193308550185
9276,436,1979,93,0.699330394701622,0.752198027377294,0.333271129988134,0.57904962634362,0.273141702283417,0.29093253587206,0.254,1.91709866413232,0.831461928733815,0.273141702283417,26.0616016427105,56.9628805698931,33.5133609332575,70.6810916335418,0.394924437758959,72.8899401105914,35,0.0013011152416356876
6042,437,1969,61,0.204157963258799,0.541373840192029,0.896759112365544,0.159192093927654,0.192162883924865,0.514207619330201,0.168,3.61848952403627,2.1918815091351,0.192162883924865,16.062970568104,56.0194554829755,32.0432436813045,132.886844314948,0.0923340526846409,38.0925745237745,17,0.0006319702602230483
8467,438,1977,85,0.31366350358253,0.833494554171816,0.910505611682311,0.294149373929505,0.294141371212994,0.784188606780892,0.271,4.56457571009091,2.85827571642386,0.294141371212994,24.062970568104,56.7742988849397,33.2194985033764,141.774003842512,0.157162125329764,96.0126425409829,12,0.0004460966542750929
4329,439,1963,44,0.031569791905352,0.317149026103392,0.869867774890736,0.0191989859400045,0.0272009330669539,0.299893688736207,0.013,1.74357252930473,1.59028822088974,0.0272009330669539,10.0616016427105,55.4531937659648,31.1608512891136,122.205611993699,-0.0452740258897192,16.8826327790992,17,0.0006319702602230483
24074,440,2015,241,0.348300369873171,0.633400076296607,0.139357683714479,0.284130344904903,0.0751716651730213,0.124870097507333,0.068,0.677704260428606,0.340417644895599,0.0751716651730213,62.0616016427105,60.3596758787318,38.8065076325815,66.2046094341826,0.176887914246294,50.5612184153164,31,0.0011524163568773233
21215,441,2008,213,0.93846872055153,0.566119208635333,0.823393188882619,0.549187216992821,0.78306687336745,0.507293250577145,0.485,7.52835662767107,9.43175383976549,0.78306687336745,55.0609171800137,59.6991233192443,37.77718402545,127.996916804713,0.687003819635757,41.1541659170258,12,0.0004460966542750929
4630,442,1964,47,0.869249067251015,0.912185813614542,0.808987648226321,0.807332395718677,0.726275335608018,0.755128182057995,0.683,13.0604702511051,4.16331691992675,0.726275335608018,11.0609171800137,55.5474846084415,31.3077825040541,109.486538617802,0.562017684312013,133.831233525633,13,0.000483271375464684
15111,443,1993,152,0.543872307234723,0.728287895349003,0.777372826589271,0.458383358503995,0.453286674592307,0.608866487553939,0.372,2.02013077534715,1.51467484275219,0.453286674592307,40.062970568104,58.283985688868,35.5720081475204,113.693189553427,0.290237711197258,67.5909424850862,16,0.0005947955390334573
22415,444,2012,225,0.142873726973024,0.505906656660413,0.350077455863357,0.109492124113551,0.0714240270258289,0.239224608093657,0.056,0.547520809744985,0.345737923584362,0.0714240270258289,59.0609171800137,60.0765450202264,38.365311436486,76.7801375605244,0.0522276098394875,34.0130668114311,28,0.0010408921933085502
7165,445,1973,72,0.930565676809958,0.876921632737246,0.29088450060226,0.827263949374207,0.280306752917586,0.281402492499604,0.248,4.69468308790936,3.39809100823003,0.280306752917586,20.062970568104,56.3968771839576,32.6313710923404,67.7063917987783,0.66813716199648,113.799466232564,11,0.00040892193308550185
18961,446,2002,190,0.449219123457758,0.435235110381715,0.966677970951423,0.272773862852159,0.443701814518907,0.429185245402169,0.281,14.7833667802897,7.19302331441373,0.443701814518907,49.0622861054073,59.1331199333088,36.8951941845329,195.443571746531,0.234302960414051,26.8008668678061,12,0.0004460966542750929
7917,447,1975,80,0.696525436562363,0.927367722657796,0.492874815827236,0.665822067969341,0.361634317645106,0.480478115922899,0.35,4.85831613820557,1.16121047078174,0.361634317645106,22.0616016427105,56.585458868911,32.9252335222215,79.3093743982243,0.392796892160239,145.155275638344,16,0.0005947955390334573
15937,448,1995,160,0.125389252749038,0.176352301696669,0.658524036407471,0.0460756769913195,0.0950311758904097,0.130280753011436,0.026,0.70145407737789,0.64284314251292,0.0950311758904097,42.0616016427105,58.4725673738214,35.8658705774015,98.0192535902891,0.0398173424983786,7.70290164449667,33,0.0012267657992565055
3758,449,1961,38,0.257882180643084,0.973059552192524,0.204309751978144,0.255879395618948,0.104030094147995,0.202295072203365,0.114,15.4403465356317,0.311605030657965,0.104030094147995,8.06297056810404,55.2646120810114,30.8669888592325,62.357897694964,0.124818054946186,204.850999345384,9,0.0003345724907063197
1450,450,1955,15,0.758160053631822,0.981123003117359,0.180548515403643,0.748895623767608,0.159568554765558,0.173939464786521,0.162,349.606852408379,0.905551086308659,0.159568554765558,2.06160164271047,54.6983503640006,29.9845964670416,60.6974679144838,0.442788279874915,226.423379624173,6,0.00022304832713754646
26105,451,2023,262,0.41140007905522,0.703340866845518,0.369968441780657,0.350342563825827,0.192962060477531,0.301254789247496,0.156,0.981113439387417,0.485916275979758,0.192962060477531,70.0616016427105,61.1145192806959,39.9827624546534,79.7919980100519,0.212677261377247,62.5625166617741,27,0.001003717472118959
16127,452,1996,162,0.998859430260476,0.999385100843834,0.819982043933123,0.998246566068219,0.819362839034553,0.819730644048337,0.827,,383.608529555578,0.819362839034553,43.0609171800137,58.5668582162981,36.012801792342,122.926495861359,1.17664970986779,436.478613490232,1,3.717472118959108e-05
23200,453,2014,233,0.51535111427283,0.741287716400193,0.848915763199329,0.442010487006777,0.455574898551893,0.664113007208326,0.408,4.154221407365,2.19038806925136,0.455574898551893,61.0622861054073,60.2653850362551,38.6595764176409,136.740264095272,0.273006830805667,70.408149341019,17,0.0006319702602230483
8553,454,1978,86,0.627760088499789,0.626320493088135,0.633963911561295,0.463844148879759,0.425502709320441,0.470637995419412,0.343,1.55110470662849,1.22115994749528,0.425502709320441,25.0622861054073,56.8685897274164,33.366429718317,91.2234509013888,0.343871850950157,49.4861426520856,26,0.000966542750929368
19991,455,2004,200,0.894746232911482,0.992039346948985,0.98477952205576,0.888888405712662,0.88548605568971,0.977948155525536,0.885,,33.5553538844224,0.88548605568971,51.0609171800137,59.3217016182622,37.189056614414,231.670837738249,0.599924123676926,279.044796150192,2,7.434944237918216e-05
19805,456,2004,199,0.870117311281617,0.983494145362305,0.967981938272715,0.858785717925273,0.845957667156564,0.954625394521247,0.828,20.4595528887246,25.4504163717619,0.845957667156564,51.0609171800137,59.3217016182622,37.189056614414,198.466926595985,0.563209212628923,234.581908978561,4,0.00014869888475836432
11396,457,1984,114,0.688752117575355,0.986231582465443,0.799542218213901,0.683335084733241,0.577409120340685,0.793415541340416,0.584,,2.24429651046934,0.577409120340685,31.0609171800137,57.4345931133518,34.2484195592341,114.652510749029,0.386962603326512,245.617552344122,7,0.00026022304832713756
13312,458,1989,134,0.85821739742308,0.598552175451943,0.884230716619641,0.551671813713643,0.77031944649865,0.561568726583923,0.518,8.14342284207876,7.17583202440167,0.77031944649865,36.062970568104,57.9065639878859,34.9838807364844,137.372821970679,0.547383504488453,45.4731346711378,9,0.0003345724907063197
10920,459,1983,110,0.943876300795426,0.962111298719247,0.852512934245169,0.911479459029714,0.816525818735611,0.831678666858267,0.785,12.3583342030817,9.93217136676,0.816525818735611,30.0616016427105,57.3403022708751,34.1014883442935,125.698726727927,0.701112194145706,184.239768418261,9,0.0003345724907063197
22788,460,2013,228,0.925123655239311,0.945353953430776,0.996415606234223,0.880623564278648,0.922494138689543,0.943044745856743,0.889,,209.451012807405,0.922494138689543,60.062970568104,60.1710941937784,38.5126452027004,309.130476199342,0.656153342633111,162.199172032985,3,0.00011152416356877323
25228,461,2019,253,0.45972452655441,0.492295800029224,0.638333394890651,0.304856665545319,0.327351358965603,0.374861553739938,0.231,1.07691396669811,0.872244762705355,0.327351358965603,66.0616016427105,60.7370975797138,39.3946350436175,101.795326304788,0.240361424174229,32.5348981942745,19,0.0007063197026022305
8926,462,1978,90,0.950226409168283,0.914325055160704,0.228133105207235,0.875049724218713,0.224415342878497,0.221577258358224,0.241,,4.34255568732331,0.224415342878497,25.0622861054073,56.8685897274164,33.366429718317,65.5624380501704,0.719216197383842,135.300286710791,10,0.0003717472118959108
3447,463,1960,35,0.355320971784908,0.73718502199668,0.968022962100804,0.313634087077687,0.35319580148121,0.722822925452769,0.309,9.93845209577677,6.69974832764422,0.35319580148121,7.06091718001369,55.1700629074594,30.7196550930181,170.156059980461,0.180870425991821,69.503247542034,9,0.0003345724907063197
16417,464,1996,165,0.209238141135441,0.601390519949931,0.791080655297264,0.172206516110288,0.190078923785539,0.51220413558395,0.133,1.43081720760734,1.05396219316467,0.190078923785539,43.0609171800137,58.5668582162981,36.012801792342,117.125910303707,0.0954875947810587,45.8692159523312,29,0.0010780669144981412
17977,465,2000,180,0.081427222221007,0.91431536174884,0.0520070036873221,0.0797400219799389,0.0166463579695027,0.0427662001382454,0.015,2.61769851726533,0.226446164788583,0.0166463579695027,47.0609171800137,58.9442799172801,36.600929203378,60.9015725315681,0.0053820651152078,135.293546081,6,0.00022304832713754646
22367,466,2012,224,0.933761531228364,0.615163961037877,0.939327398780733,0.593622871258364,0.879219428272696,0.598757477491169,0.579,46.0099485329351,32.6237756541845,0.879219428272696,59.0609171800137,60.0765450202264,38.365311436486,175.140708735513,0.675540636581139,47.836014732423,10,0.0003717472118959108
7271,467,1973,73,0.521655225405891,0.43682874625435,0.541239406447858,0.305225882899208,0.332149590642758,0.305642581927831,0.209,0.853625879393089,0.742790405419132,0.332149590642758,20.062970568104,56.3968771839576,32.6313710923404,82.3049230850679,0.276781683009561,26.9516482687518,38,0.001412639405204461
8087,468,1976,81,0.567183689074187,0.490806450147252,0.693372096167877,0.355789656767237,0.416925420188569,0.404364868023215,0.264,1.2367229322467,1.2790207003324,0.416925420188569,23.0609171800137,56.6797497113877,33.0721647371621,96.9038131749427,0.304646952879881,32.3759068902029,40,0.001486988847583643
13122,469,1989,132,0.87643700760854,0.55383300532986,0.504596787970513,0.519122244294511,0.450565325898946,0.352764351463279,0.33,3.47311939964215,2.87639289801133,0.450565325898946,36.062970568104,57.9065639878859,34.9838807364844,82.8969570066153,0.572072869714913,39.6104412358501,17,0.0006319702602230483
24349,470,2016,244,0.990113877215763,0.918447079635937,0.938779396237805,0.910642220461751,0.930538369115305,0.876498490090971,0.866,46.0964747099086,121.57347724628,0.930538369115305,63.0609171800137,60.4539667212085,38.953438847522,176.881509217496,0.936372791559017,138.239482286612,5,0.0001858736059479554
19758,471,2004,198,0.997696055106544,0.901619373794964,0.7418908320833,0.899892587407591,0.741342762115729,0.687934228240401,0.705,,113.903329361119,0.741342762115729,51.0609171800137,59.3217016182622,37.189056614414,111.360342974121,1.10296688033723,127.072747185493,4,0.00014869888475836432
21932,472,2011,220,0.877284729594887,0.981956504398492,0.879952148767188,0.864625022102092,0.776678157583489,0.869742681272166,0.764,25.4696663878469,10.2873888966993,0.776678157583489,58.0616016427105,59.9822541777497,38.2183802215455,145.25905135861,0.573288422766718,229.167156202061,5,0.0001858736059479554
10690,473,1982,107,0.801084571524541,0.987605237529558,0.9129521723371,0.794178435098699,0.740896088097988,0.905109687815629,0.728,18.9713188943791,7.44619817371966,0.740896088097988,29.0622861054073,57.2460114283984,33.954557129353,145.183819817646,0.4828984344558,252.020662221288,8,0.00029739776951672863
13007,474,1989,131,0.959706959574621,0.852301985956202,0.914801605278626,0.825768598459341,0.881908365788252,0.800361414971428,0.767,14.0569589569586,27.0277540918569,0.881908365788252,36.062970568104,57.9065639878859,34.9838807364844,149.3551620818,0.75027511852521,103.048389436843,7,0.00026022304832713756
15978,475,1995,160,0.50621481226017,0.646379349711215,0.736673613777384,0.399150607554155,0.395373670492586,0.503622706005292,0.288,1.65454425791934,1.31160231742279,0.395373670492586,42.0616016427105,58.4725673738214,35.8658705774015,107.894168554108,0.267566896490679,52.5917858920483,26,0.000966542750929368
2566,476,1958,26,0.977061400487053,0.53577010673987,0.968010899843648,0.53030443386069,0.946998515018119,0.529091368890108,0.5,7.82720331019903,103.830586126466,0.946998515018119,5.06228610540726,54.981481222506,30.425792663137,168.853995432945,0.828717952487661,37.4248486092778,3,0.00011152416356877323
2534,477,1958,26,0.425516297863807,0.970775243969855,0.995238962583244,0.420858203684902,0.424533950614088,0.967209692327481,0.412,22.04745399078,52.9283934800098,0.424533950614088,5.06228610540726,54.981481222506,30.425792663137,240.427892703677,0.220721065498666,199.925157954057,5,0.0001858736059479554
23185,478,2014,232,0.900125725622397,0.106269511040697,0.157088881358504,0.103560895701634,0.149971741803864,0.0393203066335813,0.032,2.05404550896698,2.1561683678751,0.149971741803864,61.0622861054073,60.2653850362551,38.6595764176409,66.8991973736838,0.608832725862207,4.05275754125815,22,0.0008178438661710037
10996,479,1983,110,0.124550996192452,0.374153193093812,0.0933871401939541,0.0803639679634083,0.026994313958236,0.0629760623355124,0.014,0.354457201528788,0.247201622760298,0.026994313958236,30.0616016427105,57.3403022708751,34.1014883442935,60.6914714732489,0.0392076680239664,21.3793248646305,47,0.0017472118959107807
9353,480,1979,94,0.0582989410310864,0.51088129853301,0.959375439211726,0.0460888798586132,0.057904876692946,0.501382813535879,0.049,7.18884228976849,4.97135301941662,0.057904876692946,26.0616016427105,56.9628805698931,33.5133609332575,172.999270022854,-0.015719329332579,34.5649406602132,6,0.00022304832713754646
1954,481,1957,20,0.527491669139615,0.879920097755486,0.857179627288133,0.496739470255161,0.480178531370162,0.775540741323765,0.458,6.69627564093184,2.09408219304632,0.480178531370162,4.06297056810404,54.8871903800293,30.2788614481965,116.650846827763,0.280292860399002,115.257621348871,17,0.0006319702602230483
22299,482,2012,223,0.133527206450748,0.695446228537726,0.134119482478127,0.119143989633358,0.0297806065700084,0.118556072449331,0.029,0.72624871345439,0.262421072426505,0.0297806065700084,59.0609171800137,60.0765450202264,38.365311436486,65.6205818910579,0.0456634600276061,61.0641367823812,28,0.0010408921933085502
22960,483,2013,230,0.725635944835351,0.940049425504702,0.576208219164982,0.69820362249523,0.45791944129079,0.558099574527043,0.453,10.3471206465649,1.28143293077608,0.45791944129079,60.062970568104,60.1710941937784,38.5126452027004,93.9243998325328,0.415505529264978,156.641294490063,15,0.0005576208178438662
10007,484,1981,101,0.845735707175837,0.80932954368348,0.733163134427741,0.714104646419406,0.667160619256793,0.618220991159576,0.596,13.1079881857323,2.26598653820243,0.667160619256793,28.062970568104,57.1517205859217,33.8076259144124,103.260010284489,0.531836370891465,88.0911147519655,17,0.0006319702602230483
11267,485,1984,113,0.052782274561376,0.7181384725417,0.769155965419486,0.0481884573975073,0.0475815431018994,0.590565084633638,0.047,2.01494337192949,0.886354690051306,0.0475815431018994,31.0609171800137,57.4345931133518,34.2484195592341,109.449281998458,-0.0212398561764624,65.4885214852007,10,0.0003717472118959108
18687,486,2002,187,0.982077629996302,0.642705333072411,0.804939871188253,0.636604958388526,0.795092724814757,0.54563147729318,0.522,7.81056986189241,24.7671159535423,0.795092724814757,49.0622861054073,59.1331199333088,36.8951941845329,121.86137251643,0.861346707882539,52.0089379894937,6,0.00022304832713754646
6643,487,1970,67,0.8238691959133,0.983138901093884,0.999974571634084,0.813780124946815,0.823860416122257,0.983125897196561,0.806,25.6944911850862,12013.0402463735,0.823860416122257,17.0622861054073,56.1137463254522,32.190174896245,499.672287582724,0.506733631162598,233.287048699266,1,3.717472118959108e-05
15294,488,1993,153,0.225826172115016,0.302425380802821,0.13419445627369,0.1184108480905,0.0562810735701821,0.0673926899059935,0.046,0.374785480491533,0.287248832508173,0.0562810735701821,40.062970568104,58.283985688868,35.5720081475204,63.4274736178433,0.105651804793305,15.8000655879831,53,0.001970260223048327
3561,489,1960,36,0.466743949438272,0.4537169949528,0.327440365450457,0.289958543519315,0.250295847051438,0.193568594736866,0.154,0.602551790928255,0.438489241987974,0.250295847051438,7.06091718001369,55.1700629074594,30.7196550930181,67.4720340475489,0.244425335001254,28.5811616620302,38,0.001412639405204461
19241,490,2003,193,0.732293984035075,0.959850120076781,0.992716568056494,0.713815832202372,0.729998554667926,0.954481988259383,0.702,17.4890866504911,40.0962102441546,0.729998554667926,50.0616016427105,59.2274107757855,37.0421253994735,264.857982301309,0.420911334916021,180.744231607509,1,3.717472118959108e-05
8608,491,1978,87,0.976651562289628,0.888150219363905,0.328225087607279,0.871203992358615,0.324625397692844,0.317526307421855,0.305,13.0473117205978,10.1272243722284,0.324625397692844,25.0622861054073,56.8685897274164,33.366429718317,70.2701888101009,0.826338751059578,119.460197065413,7,0.00026022304832713756
7349,492,1974,74,0.836734091584871,0.95072557434212,0.940750613808632,0.805587681126288,0.788789448173059,0.903263777592441,0.756,14.8913373645532,17.6916895766681,0.788789448173059,21.0622861054073,56.4911680264343,32.778302307281,155.689336277238,0.521201653095175,168.415525965841,9,0.0003345724907063197
3422,493,1960,35,0.506729993765895,0.742855784887375,0.98810247075744,0.435984124791481,0.505485030513731,0.738031013169607,0.433,22.6965316572861,18.7748191543995,0.505485030513731,7.06091718001369,55.1700629074594,30.7196550930181,206.839536656997,0.267872713821758,70.7580003090258,4,0.00014869888475836432
8549,494,1978,86,0.315699007523706,0.453023458450301,0.78343426482752,0.211123738593975,0.26650387457197,0.410198226520362,0.198,1.45275873157127,1.19495298066874,0.26650387457197,25.0622861054073,56.8685897274164,33.366429718317,109.832726378241,0.158326444035228,28.513083024633,17,0.0006319702602230483
8601,495,1978,87,0.898327595516316,0.499865719954982,0.777091605123132,0.476670825955724,0.71177726544412,0.442791141181908,0.445,18.257650524423,5.50084282742967,0.71177726544412,25.0622861054073,56.8685897274164,33.366429718317,108.796980361825,0.605813375420291,33.3513418489973,19,0.0007063197026022305
7616,496,1975,77,0.859259428878536,0.996636805325361,0.775884303962812,0.857036901157236,0.687002976957394,0.774849329745103,0.71,,3.8565930415888,0.687002976957394,22.0616016427105,56.585458868911,32.9252335222215,107.636125105085,0.548727776941017,331.829785678692,5,0.0001858736059479554
4390,497,1963,44,0.926001463143693,0.987413262412306,0.715424773981795,0.915835263468037,0.661680099805875,0.711272497495356,0.658,102.650369330499,9.87465962202222,0.661680099805875,10.0616016427105,55.4531937659648,31.1608512891136,95.8183730507479,0.658036835513707,251.084007685868,4,0.00014869888475836432
2757,498,1958,28,0.832010059490424,0.965694248109248,0.679559657350183,0.810784396008916,0.598285070308594,0.667775149899382,0.588,17.270185880586,2.30639664144173,0.598285070308594,5.06228610540726,54.981481222506,30.425792663137,90.5696417505796,0.515794329283997,190.235798683203,10,0.0003717472118959108
15241,499,1993,153,0.500144878829885,0.877407478621936,0.883374407188967,0.471515129349718,0.468746110771559,0.792218209322306,0.463,23.3844698608113,2.34667900136273,0.468746110771559,40.062970568104,58.283985688868,35.5720081475204,138.795544612134,0.263971760819855,114.033244311064,11,0.00040892193308550185
4537,500,1963,46,0.142737872382323,0.996102204448975,0.858506710734218,0.142606486864094,0.129161420038977,0.856444076397283,0.122,22.5601335810401,1.56351583428594,0.129161420038977,10.0616016427105,55.4531937659648,31.1608512891136,119.335369751971,0.0521332643009659,322.77634832888,2,7.434944237918216e-05
26207,501,2023,263,0.818039589771938,0.0371114110613031,0.0323839464690536,0.0353481765408786,0.0288770220528847,0.0052808986889098,0.003,1.11749854667597,1.1207402258918,0.0288770220528847,70.0616016427105,61.1145192806959,39.9827624546534,62.4317871641725,0.500432142924314,1.11039161312252,54,0.002007434944237918
5652,502,1967,57,0.994533308177374,0.697324152080575,0.738373481901363,0.695128745093504,0.735229993709787,0.558677433898701,0.575,,86.088019718513,0.735229993709787,14.0616016427105,55.8306154669468,31.7489787001496,99.7985495455291,1.00672992278204,61.4167902692358,9,0.0003345724907063197
8489,503,1977,85,0.932342369609326,0.979823113214216,0.994565366767347,0.91571187045848,0.927701234275418,0.975674792811508,0.905,27.1848166868649,252.048556544947,0.927701234275418,24.062970568104,56.7742988849397,33.2194985033764,253.586420544908,0.672217361141308,222.379178261954,2,7.434944237918216e-05
21208,504,2008,213,0.679222162280576,0.13997853356284,0.699397173244506,0.123586147094489,0.510678424357899,0.123516552786857,0.108,1.52458482425441,1.51447357215372,0.510678424357899,55.0609171800137,59.6991233192443,37.77718402545,106.4394456905,0.379928007762051,5.73255367147541,33,0.0012267657992565055
22449,505,2012,225,0.950607147821729,0.180771658948064,0.432817745953798,0.178406329434055,0.42073262297733,0.122364318557275,0.116,4.84182739508428,5.36081944087714,0.42073262297733,59.0609171800137,60.0765450202264,38.365311436486,82.13090286229,0.720362379641925,7.95323162581224,15,0.0005576208178438662
13643,506,1990,137,0.672398032403681,0.519736177577329,0.195967449806631,0.418855011749473,0.148271060533853,0.145089510606532,0.109,0.929739912302018,0.714526667163527,0.148271060533853,37.0622861054073,58.0008548303626,35.130811951425,65.7036242690365,0.374966361478165,35.5632134377022,38,0.001412639405204461
25118,507,2019,252,0.153302249526384,0.142962103765035,0.996135734952986,0.0459600573353758,0.153153540637091,0.142881764905043,0.039,18.8763393989918,53.82774247252,0.153153540637091,66.0616016427105,60.7370975797138,39.3946350436175,311.525502166384,0.0593833235610463,5.88809374840144,1,3.717472118959108e-05
2559,508,1958,26,0.142446660440429,0.891821249464231,0.810212861280888,0.13826380435318,0.127015989301313,0.747292872438248,0.124,4.53598105549711,1.14707531516282,0.127015989301313,5.06228610540726,54.981481222506,30.425792663137,107.612976385797,0.0519309273021584,121.437950728172,12,0.0004460966542750929
12836,509,1988,129,0.927692127274549,0.998271185522987,0.91455519059673,0.926292789290239,0.856506146439673,0.913735126436028,0.845,18.1561375274286,14.026397683419,0.856506146439673,35.0609171800137,57.8120148143339,34.8365469702701,148.76227107828,0.661716774485329,372.739178785394,1,3.717472118959108e-05
7377,510,1974,74,0.573985821837775,0.939429127316012,0.933119149180129,0.556886478521379,0.538354308179869,0.887453240439362,0.523,15.1976506056974,6.40013575210896,0.538354308179869,21.0622861054073,56.4911680264343,32.778302307281,151.155125063961,0.308914779753221,156.024239038006,7,0.00026022304832713756
20969,511,2007,210,0.223395949762654,0.0726706590361497,0.269171873340383,0.0336123943410547,0.0839855056873373,0.040623830208296,0.014,0.345433137585908,0.338170477294602,0.0839855056873373,54.0616016427105,59.6048324767676,37.6302528105095,71.4939357647897,0.104174559581806,2.52887782377579,58,0.0021561338289962824
21096,512,2007,211,0.946520653815043,0.637675060478796,0.593166321283206,0.619186146142718,0.57383520054869,0.4342079934283,0.414,5.57610900930976,5.85681971352389,0.57383520054869,54.0616016427105,59.6048324767676,37.6302528105095,94.1876501043187,0.708430424965074,51.22133480253,17,0.0006319702602230483
25967,513,2021,260,0.678675413226511,0.410772851447791,0.764684897381812,0.342892667125451,0.552450661603614,0.351665382537698,0.307,2.32895162637514,1.83334271248824,0.552450661603614,68.062970568104,60.9259375957425,39.6889000247724,120.386934098704,0.379528208535976,24.5481129827623,13,0.000483271375464684
9400,514,1979,95,0.830818090789103,0.463979574289684,0.988000600831583,0.427436461111,0.827866109907547,0.461447789443838,0.44,,22.1057536701344,0.827866109907547,26.0616016427105,56.9628805698931,33.5133609332575,222.072201353786,0.514447762125539,29.6005271678204,8,0.00029739776951672863
24557,515,2017,246,0.537564341451778,0.92520745516882,0.981500177411363,0.518642082834825,0.531113179025564,0.914109013329658,0.501,10.7571407271987,16.5993560531939,0.531113179025564,64.062970568104,60.5485158947604,39.1007726137364,232.476758139876,0.286391682507894,143.404183529026,6,0.00022304832713754646
4659,516,1964,47,0.204761224455791,0.698333440885789,0.563684599706903,0.180934495655066,0.152760428014223,0.434310817237941,0.145,1.28019273878284,0.520406973858494,0.152760428014223,11.0609171800137,55.5474846084415,31.3077825040541,82.0368751996867,0.0927096058820062,61.6072855342177,23,0.0008550185873605948
7560,517,1975,76,0.0865543474361709,0.94386496577526,0.648938306840137,0.0854180463484098,0.0631441623192486,0.630535623543429,0.064,5.59593768238813,0.61040463752051,0.0631441623192486,22.0616016427105,56.585458868911,32.9252335222215,91.930656560401,0.0097139501830861,160.585598710392,8,0.00029739776951672863
17463,518,1998,175,0.775705601235914,0.588564319993009,0.992638670140877,0.511019171279627,0.772028116971478,0.586980109104435,0.497,12.4078669460341,54.2910919742256,0.772028116971478,45.0622861054073,58.7556982323268,36.3070667734969,259.816868534273,0.458536217590642,44.1033591887846,5,0.0001858736059479554
26387,519,2023,264,0.489888878865356,0.798320212881346,0.951186148216948,0.440433866005452,0.477019654777969,0.770407264079273,0.44,23.6251773967429,5.56411382789533,0.477019654777969,70.0616016427105,61.1145192806959,39.9827624546534,191.027069881808,0.257929402850695,84.8212753115086,13,0.000483271375464684
15772,520,1995,158,0.478038038303975,0.986314139789418,0.0026918076910078,0.475417537116816,0.001904749637005,0.0026710540555007,0.001,16.7373050330234,0.383748332090398,0.001904749637005,42.0616016427105,58.4725673738214,35.8658705774015,58.5692478178655,0.250993690194113,245.983816576779,5,0.0001858736059479554
13329,521,1989,134,0.686047548546015,0.919768397556394,0.822479296475649,0.653006883334748,0.586400184157698,0.7772386445968,0.563,7.88940023030892,2.56827307290148,0.586400184157698,36.062970568104,57.9065639878859,34.9838807364844,120.95812535493,0.384953303684597,139.213773130932,10,0.0003717472118959108
13724,522,1990,138,0.789139495274223,0.638128285829848,0.921460816869512,0.554487719149759,0.739479307842868,0.610493896254328,0.521,5.75832451256372,6.9254485884356,0.739479307842868,37.0622861054073,58.0008548303626,35.130811951425,153.057161590985,0.471176271376206,51.291812088797,7,0.00026022304832713756
5953,523,1968,60,0.873882244336223,0.758394230702068,0.204653839813545,0.691873899429597,0.1869349902803,0.185662650573743,0.18,4.20687515274285,1.84503706853983,0.1869349902803,15.0609171800137,55.9249063094235,31.8959099150901,63.268587835367,0.568448340702015,74.3509896268891,15,0.0005576208178438662
3163,524,1959,32,0.145682299333274,0.505788675356334,0.81486847368069,0.111527524981066,0.133826015819672,0.4407019362784,0.087,1.50697697893577,1.15423298078571,0.133826015819672,6.06160164271047,55.0757720649827,30.5727238780776,108.784202558506,0.0541713555209377,34.0000550602881,23,0.0008550185873605948
3394,525,1960,34,0.994095643613498,0.986283498508744,0.998822479741648,0.980608584440358,0.99339922825631,0.985394290528028,0.979,166.599837806484,415.709753769556,0.99339922825631,7.06091718001369,55.1700629074594,30.7196550930181,299.761229390257,0.997802686758326,245.847617936682,1,3.717472118959108e-05
4988,526,1964,50,0.991509358678851,0.717653021684783,0.384462961228564,0.714007528947145,0.382614719032821,0.302960022884071,0.272,5.88981407591135,30.1096029046271,0.382614719032821,11.0609171800137,55.5474846084415,31.3077825040541,70.9179613362429,0.954826266044513,65.3899750680074,7,0.00026022304832713756
25490,527,2020,255,0.547074798273649,0.796673198405874,0.49619404412806,0.486611515524238,0.32007052319943,0.440092148210758,0.308,2.0236330772714,0.722538965166742,0.32007052319943,67.0609171800137,60.8313884221905,39.541566258558,88.3899689667447,0.292198542336861,84.3481005595745,23,0.0008550185873605948
2333,528,1957,24,0.595608701951116,0.100486612269563,0.90394347649999,0.0844822114674664,0.55567113522642,0.0984959655670225,0.093,4.38495314778529,3.56385812374864,0.55567113522642,4.06297056810404,54.8871903800293,30.2788614481965,129.961349074446,0.32269489803408,3.77931803961132,26,0.000966542750929368
4862,529,1964,49,0.865803007861694,0.589930581678169,0.999844829086214,0.547068060088604,0.865730020006842,0.589890945625144,0.555,,2433.5915770964,0.865730020006842,11.0609171800137,55.5474846084415,31.3077825040541,396.88399778861,0.557347776687309,44.2885677913532,1,3.717472118959108e-05
12612,530,1988,127,0.475773181305704,0.871458582961388,0.990633623441681,0.44807172542567,0.473320030509873,0.866617802794871,0.429,9.45887165759766,28.9300547777898,0.473320030509873,35.0609171800137,57.8120148143339,34.8365469702701,240.171789014059,0.249673409742573,111.234079237493,6,0.00022304832713754646
25352,531,2019,254,0.138069767396635,0.709572414737235,0.894411370623857,0.124093152823321,0.131298169755741,0.662276895929269,0.107,2.91482874414851,2.02394259863868,0.131298169755741,66.0616016427105,60.7370975797138,39.3946350436175,154.252340450781,0.0488727112775494,63.7754394093054,14,0.0005204460966542751
9060,532,1979,91,0.946886702168996,0.644079695930829,0.434142380254343,0.625341779279553,0.421030238253632,0.33403857877597,0.316,5.08882312337466,4.99985552538819,0.421030238253632,26.0616016427105,56.9628805698931,33.5133609332575,76.308611674344,0.709467294022328,52.2262079154349,19,0.0007063197026022305
23982,533,2015,240,0.258990319181926,0.914035741081732,0.814112692372873,0.25205722964873,0.224448012306513,0.772017008872739,0.206,3.61118395426448,1.32148401999817,0.224448012306513,62.0616016427105,60.3596758787318,38.8065076325815,128.361354548481,0.125471326965952,135.099436669143,8,0.00029739776951672863
11965,534,1985,120,0.0072314486684289,0.399032458688216,0.0488168969750404,0.0051091966229314,0.0013434069801152,0.036369582996651,0.0,0.34028572095473,0.211574150950498,0.0013434069801152,32.062970568104,57.5291422869038,34.3957533254484,59.2526713812492,-0.0859522234612624,23.5065419059985,15,0.0005576208178438662
6853,535,1972,69,0.818232012433461,0.883409085989041,0.882818969199434,0.745892572494068,0.745117236937678,0.804806873678509,0.703,23.9331342072101,4.53862028022813,0.745117236937678,19.0609171800137,56.3023280104056,32.4840373261261,129.653693871087,0.500637776716862,117.002039620148,18,0.0006691449814126394
6808,536,1972,69,0.844289960175169,0.753828431237459,0.582962454063818,0.671211906049289,0.527514689260555,0.49999131983355,0.479,5.1763759965235,1.99476822121756,0.527514689260555,19.0609171800137,56.3023280104056,32.4840373261261,85.3160539129738,0.530097586677971,73.2706399888296,15,0.0005576208178438662
15951,537,1995,160,0.309583693530486,0.43332428886169,0.280173234874383,0.201348740294933,0.107699345709084,0.149228869373656,0.074,0.553716389473217,0.38614331114443,0.107699345709084,42.0616016427105,58.4725673738214,35.8658705774015,70.3566651389794,0.15482595194714,26.6207389879117,37,0.00137546468401487
22110,538,2012,222,0.212412867176112,0.899026837467122,0.992109869839624,0.206046506944922,0.211577087236023,0.894595410734941,0.194,13.6337945030033,28.3513000849922,0.211577087236023,59.0609171800137,60.0765450202264,38.365311436486,269.173531455981,0.0974481600017474,125.52781484911,2,7.434944237918216e-05
17604,539,1999,177,0.231436576877233,0.32044256444835,0.993266509380192,0.126320437139866,0.231389697294548,0.319222869701364,0.131,254.015531499362,29.9105180321711,0.231389697294548,46.0616016427105,58.8499890748034,36.4539979884375,264.84598214139,0.109047838963896,17.1290468664872,5,0.0001858736059479554
13794,540,1990,138,0.7333793727128,0.742242984945706,0.901443550596014,0.595441901527044,0.67706809626321,0.694306206630935,0.557,6.10681500350981,4.73426869895648,0.67706809626321,37.0622861054073,58.0008548303626,35.130811951425,144.09581075905,0.421800775366114,70.6210125075605,14,0.0005204460966542751
3049,541,1959,31,0.19837137486232,0.978695753625297,0.557854166952893,0.197264189090999,0.134888357126971,0.55103948547909,0.133,13.0969454674608,0.528174386057256,0.134888357126971,6.06160164271047,55.0757720649827,30.5727238780776,80.5210743147157,0.0887163541270463,219.079132514452,7,0.00026022304832713756
13390,542,1989,134,0.0924066419024069,0.374356450677349,0.182046741014346,0.0605734185418675,0.0281638926700775,0.1119545885684,0.017,0.373914200238603,0.265353869173798,0.0281638926700775,36.062970568104,57.9065639878859,34.9838807364844,64.9705422057404,0.0145372131973516,21.3962780967011,49,0.0018215613382899629
14908,543,1993,150,0.111884725241608,0.0817918797442966,0.1075324928388,0.02117919399418,0.0202599185825723,0.0260502903041403,0.006,0.26306087198355,0.249736933201228,0.0202599185825723,40.062970568104,58.283985688868,35.5720081475204,62.3418948686515,0.0298071103517572,2.92665543523398,68,0.0025278810408921933
5564,544,1967,56,0.706403697835064,0.850340073296473,0.603021152084693,0.637314105522463,0.442231794983284,0.549934349898762,0.431,5.16591268949798,1.50594533971346,0.442231794983284,14.0616016427105,55.8306154669468,31.7489787001496,85.8217485331579,0.400344189780197,102.272518681615,25,0.0009293680297397769
26649,545,2024,267,0.290044009357411,0.815181764078659,0.469026591395959,0.270214099423615,0.167410614842202,0.417148062057679,0.155,1.59336635072772,0.489787904930843,0.167410614842202,71.0609171800137,61.2088101231726,40.129693669594,87.0019779148901,0.143583213984706,89.9099663370162,15,0.0005576208178438662
21827,546,2010,219,0.179753806359855,0.110501449506563,0.501877720933408,0.0417690371251988,0.104265569374996,0.0840573237863146,0.027,0.486666608193222,0.473222646748655,0.104265569374996,57.0622861054073,59.887963335273,38.0714490066049,86.8684365000265,0.0768703642903178,4.25566326053112,42,0.0015613382899628252
8874,547,1978,89,0.140174187489012,0.456847686070338,0.857476640492678,0.101537079737642,0.129974196392813,0.430624637218158,0.089,1.68580903817703,1.51144882722913,0.129974196392813,25.0622861054073,56.8685897274164,33.366429718317,125.006610209224,0.0503471556975353,28.8897400681437,17,0.0006319702602230483
18131,548,2000,182,0.624158614135026,0.175139687036176,0.966390408342704,0.147970206866677,0.618731120279528,0.166465586153557,0.133,5.80076622442976,7.09670378005872,0.618731120279528,47.0609171800137,58.9442799172801,36.600929203378,193.79744011227,0.341454172451407,7.63462754700969,11,0.00040892193308550185
22316,549,2012,224,0.951607934339548,0.0549350584098598,0.0523615984711796,0.054346219453002,0.0509139462907647,0.0120230861019713,0.015,4.6105619011215,4.26035783970436,0.0509139462907647,59.0609171800137,60.0765450202264,38.365311436486,62.1425808338981,0.723411181017503,1.79293838030146,12,0.0004460966542750929
10388,550,1982,104,0.67305788712445,0.248869343717871,0.213834315305576,0.214505050237071,0.191594866740997,0.0870598733904789,0.091,0.750755698803879,0.656377588467312,0.191594866740997,29.0622861054073,57.2460114283984,33.954557129353,65.4623431998326,0.375443465827209,12.1126614770179,36,0.0013382899628252788
16969,551,1997,170,0.978821105120552,0.923186549928569,0.848764239111915,0.906181305246073,0.83694453516216,0.805926772447722,0.803,,21.3693685172599,0.83694453516216,44.062970568104,58.66140738985,36.1601355585564,130.152306141679,0.839377267040907,141.81204568099,3,0.00011152416356877323
8411,552,1977,85,0.402508378871447,0.520555033823062,0.959517846582457,0.28494958801445,0.391299985571886,0.514456008916772,0.248,3.32644076920012,6.83205707753107,0.391299985571886,24.062970568104,56.7742988849397,33.2194985033764,171.929246071838,0.207623043077796,35.6565794893878,11,0.00040892193308550185
15004,553,1993,151,0.503056782161415,0.947458197768593,0.540434498572722,0.491556243976346,0.321110514315074,0.528189762233485,0.324,7.71990873480691,0.720411181243652,0.321110514315074,40.062970568104,58.283985688868,35.5720081475204,86.4620559528182,0.265694608569682,164.557220244725,11,0.00040892193308550185
5897,554,1968,59,0.971828954113564,0.251673932683273,0.857277727918699,0.24964583578368,0.835898244249572,0.23695495663973,0.239,73.5720955506212,29.4483056476036,0.835898244249572,15.0609171800137,55.9249063094235,31.8959099150901,121.011122192186,0.800783676464876,12.2963847728291,12,0.0004460966542750929
25860,555,2021,259,0.785573456045998,0.84568359007002,0.127289835130796,0.696261236733147,0.106314241281567,0.120449348854346,0.098,3.00851655579852,1.03385380062326,0.106314241281567,68.062970568104,60.9259375957425,39.6889000247724,66.3473222301013,0.467767580859978,100.472199574983,20,0.0007434944237918215
22547,556,2012,226,0.941607678224247,0.807406257403219,0.981001804349944,0.77335293000552,0.925013644463588,0.799057605531199,0.785,,83.1890734488511,0.925013644463588,59.0609171800137,60.0765450202264,38.365311436486,227.536910678301,0.695060728339251,87.5059796600319,4,0.00014869888475836432
18725,557,2002,188,0.469652268299851,0.677650047519985,0.238217217614874,0.385761644647628,0.157927849643486,0.178575515995519,0.132,0.976822555863567,0.444386808730734,0.157927849643486,49.0622861054073,59.1331199333088,36.8951941845329,69.2378223572388,0.246113122917277,57.8327955657789,30,0.0011152416356877324
24614,558,2017,247,0.761079243380981,0.999973325780202,0.910261833341792,0.761066204972969,0.700646409993096,0.910255701501922,0.718,,6.82469631568854,0.700646409993096,64.062970568104,60.5485158947604,39.1007726137364,160.477408717026,0.445353365838171,630.913900233242,1,3.717472118959108e-05
19793,559,2004,198,0.0186076442624012,0.141049415592578,0.524929834064096,0.0062363951793912,0.0163813839157693,0.0964795923332469,0.006,0.466733045041226,0.422972565863473,0.0163813839157693,51.0609171800137,59.3217016182622,37.189056614414,87.5008987642448,-0.0637371947668935,5.78825496401111,28,0.0010408921933085502
17428,560,1998,175,0.734435100305386,0.530641790296854,0.588261739350855,0.450997887493437,0.467996484010757,0.369725496279654,0.304,1.5222873775755,1.37646586052214,0.467996484010757,45.0622861054073,58.7556982323268,36.3070667734969,91.66836928835,0.42266816224567,36.8216485275784,29,0.0010780669144981412
3800,561,1961,39,0.804015806211199,0.990087189551945,0.46793678891845,0.798451454533404,0.430402131006993,0.466983153257032,0.43,52.6737995505081,1.26223152937993,0.430402131006993,8.06297056810404,55.2646120810114,30.8669888592325,75.0389859443596,0.485850903057585,265.649044822849,5,0.0001858736059479554
21550,562,2009,216,0.877016795515489,0.255026276729479,0.707264196127653,0.244838342798494,0.635257300545787,0.222873972285588,0.255,23.0884301980222,3.92339116553069,0.635257300545787,56.062970568104,59.7936724927963,37.9245177916644,107.782340352526,0.572903526756724,12.5173164426029,17,0.0006319702602230483
17064,563,1997,171,0.106612203702469,0.991287440353152,0.187750796787441,0.106402581901251,0.027258282805905,0.187550133384379,0.028,26.4530765956959,0.272890281634762,0.027258282805905,44.062970568104,58.66140738985,36.1601355585564,66.2184366649791,0.0257800397146881,273.529893267726,3,0.00011152416356877323
17630,564,1999,177,0.103589367982086,0.45437807196631,0.901213592616841,0.0758446823671131,0.102860260336797,0.424860133203074,0.073,2.80174658981578,2.0396237764516,0.102860260336797,46.0616016427105,58.8499890748034,36.4539979884375,148.092740538796,0.0234377489887734,28.646148368668,15,0.0005576208178438662
23160,565,2014,232,0.529358726356271,0.734066103434322,0.0893734691198915,0.449902141785253,0.062508779551229,0.0816718990586727,0.051,1.05105763957849,0.450677226282335,0.062508779551229,61.0622861054073,60.2653850362551,38.6595764176409,63.8929211779529,0.281419514948634,68.825221673411,29,0.0010780669144981412
13880,566,1990,139,0.509921604720093,0.42957038206358,0.857825038721785,0.296292098891855,0.452097929574406,0.397334668444669,0.277,2.80081952069753,2.37103675794307,0.452097929574406,37.0622861054073,58.0008548303626,35.130811951425,129.836347109378,0.269769734346697,26.2689608329775,17,0.0006319702602230483
18468,567,2001,185,0.713199228819565,0.258588282201259,0.322233170736581,0.228534941883423,0.27597606343839,0.103284305107218,0.097,0.922617195681897,0.83144987804754,0.27597606343839,48.062970568104,59.0388290908321,36.7482629695924,73.4662032320607,0.405627885173736,12.7536551772843,38,0.001412639405204461
1443,568,1955,15,0.580094501823457,0.750274357118916,0.971249347086996,0.493994202308299,0.571451454354577,0.735221967542185,0.456,4.64582353201068,9.94648520211759,0.571451454354577,2.06160164271047,54.6983503640006,29.9845964670416,170.703810282998,0.312773951919633,72.4441274859686,13,0.000483271375464684
26168,569,2023,262,0.697020594357403,0.871711990009597,0.998141010990366,0.640317248057564,0.696354974176334,0.870837897990728,0.64,314.206106134689,167.592780381615,0.696354974176334,70.0616016427105,61.1145192806959,39.9827624546534,354.508585729302,0.393171591277929,111.350581504637,2,7.434944237918216e-05
1340,570,1955,14,0.262316036839554,0.867882078298348,0.206151484046131,0.250803947567975,0.0735831396612858,0.171900747516931,0.064,2.08467457034291,0.330515349123995,0.0735831396612858,2.06160164271047,54.6983503640006,29.9845964670416,61.6591137940691,0.127428692354978,109.614493537451,16,0.0005947955390334573
23646,571,2015,237,0.895388207085072,0.955083229984221,0.964141624746844,0.861844615845025,0.869207546106097,0.926775060541745,0.807,5.52270151406591,20.6660368692209,0.869207546106097,62.0616016427105,60.3596758787318,38.8065076325815,200.386520514856,0.600967962179656,173.985890775853,2,7.434944237918216e-05
13651,572,1990,137,0.607647264775599,0.831324092010314,0.07481136941351,0.54883034256593,0.0543714779080818,0.07176705004347,0.055,1.88348490553476,0.537760401066238,0.0543714779080818,37.0622861054073,58.0008548303626,35.130811951425,60.7376405740331,0.330520871704602,95.2540070527331,17,0.0006319702602230483
25170,573,2019,252,0.895036254403334,0.982610765141662,0.999533088644966,0.882186494013502,0.894726250027332,0.982281812440609,0.874,24.9549304863046,1274.64056241353,0.894726250027332,66.0616016427105,60.7370975797138,39.3946350436175,425.879619404102,0.600395066077548,231.411967949882,1,3.717472118959108e-05
9480,574,1979,95,0.746833267315099,0.0377802482797561,0.947231415659189,0.0350043101816342,0.732963481136657,0.0369134694548075,0.036,5.40010315809255,5.14154702582777,0.732963481136657,26.0616016427105,56.9628805698931,33.5133609332575,162.84324113519,0.433027194435768,1.1348218154483,8,0.00029739776951672863
18134,575,2000,182,0.628767220727086,0.750148692432473,0.405780152184889,0.529173061616824,0.333989582195005,0.30449038959943,0.249,1.49301677162661,0.667908510556579,0.333989582195005,47.0609171800137,58.9442799172801,36.600929203378,78.2349132424257,0.344550147250229,72.4151300711105,33,0.0012267657992565055
4678,576,1964,47,0.262331944771249,0.230114789998241,0.371740895789117,0.107690837787457,0.141470877661192,0.120971265666826,0.065,0.453570946484459,0.3941678630504,0.141470877661192,11.0609171800137,55.5474846084415,31.3077825040541,70.2627307334356,0.127438043641288,10.9097747827288,53,0.001970260223048327
22417,577,2012,225,0.763994060491035,0.880364551771794,0.662909529637545,0.700140655166437,0.53504772574939,0.61674034103132,0.502,4.68816879143971,1.84938368457877,0.53504772574939,59.0609171800137,60.0765450202264,38.365311436486,102.9014609072,0.447935795021041,115.476930921107,20,0.0007434944237918215
14546,578,1992,146,0.241236814457654,0.9995127533468,0.946786815766245,0.241204858897862,0.234829271600836,0.946532255068267,0.246,,4.27298919780528,0.234829271600836,39.0609171800137,58.189436515316,35.4246743813061,169.766142783026,0.114935076918953,450.852727882888,1,3.717472118959108e-05
24681,579,2017,247,0.710713822027982,0.316072734813731,0.963830863591284,0.276009523363824,0.689250943145254,0.314013792883737,0.276,15.8017338005914,13.5996530488168,0.689250943145254,64.062970568104,60.5485158947604,39.1007726137364,201.241494159871,0.403686450490724,16.8024478645601,6,0.00022304832713754646
6061,580,1969,61,0.525659655054027,0.628237662505988,0.573112979531288,0.403991812763865,0.332686122254597,0.422194602911025,0.286,1.37115677676909,0.855016963719379,0.332686122254597,16.062970568104,56.0194554829755,32.0432436813045,83.8599031452881,0.279188990220135,49.7750835145717,37,0.00137546468401487
26893,581,2024,269,0.872161646364774,0.539496104720671,0.559353726217523,0.505121544068994,0.511789255304092,0.34799301680049,0.333,3.28448543297023,2.49147036643462,0.511789255304092,71.0609171800137,61.2088101231726,40.129693669594,94.7500441610851,0.566039225297439,37.8678150487755,25,0.0009293680297397769
7715,582,1975,78,0.951217440544435,0.886299686194761,0.817929865093902,0.850750865620874,0.78339226092678,0.74924247853948,0.697,6.46441384937968,14.0400581083083,0.78339226092678,22.0616016427105,56.585458868911,32.9252335222215,115.022124788651,0.722215290704709,118.488272187485,10,0.0003717472118959108
8484,583,1977,85,0.36985677153142,0.527462268338343,0.263919025659561,0.267702677510365,0.117437415659344,0.200197858579885,0.1,0.617093706302857,0.413512241540586,0.117437415659344,24.062970568104,56.7742988849397,33.2194985033764,67.0283713982371,0.189108869090321,36.4513774253557,38,0.001412639405204461
1436,584,1955,15,0.396816718725371,0.997096302618222,0.971468469128013,0.396416823926419,0.392346176459398,0.969818983522324,0.369,8.26429430145648,8.31221041142119,0.392346176459398,2.06160164271047,54.6983503640006,29.9845964670416,170.975801359898,0.204391696626602,340.851451562993,2,7.434944237918216e-05
20557,585,2006,206,0.952690388940441,0.933890276905292,0.986592543777078,0.894478658687856,0.941727963450933,0.924489338111873,0.88,26.5860201798488,81.7985628020076,0.941727963450933,53.0622861054073,59.5105416342909,37.4833215955689,239.051172353798,0.726769441524996,150.782980364736,3,0.00011152416356877323
18986,586,2002,190,0.131277665712407,0.646790871516941,0.374554075999185,0.11372001238443,0.0795279489640273,0.290257536685444,0.07,0.766627523876128,0.348616563037512,0.0795279489640273,49.0622861054073,59.1331199333088,36.8951941845329,76.6438809916177,0.0440602362544679,52.6574760942837,30,0.0011152416356877324
25990,587,2021,260,0.892127597989228,0.944336001959401,0.0516502596437931,0.850788211890965,0.0501583176588092,0.0507533093671887,0.045,10.7607996601999,1.88004451147811,0.0501583176588092,68.062970568104,60.9259375957425,39.6889000247724,63.0333934752386,0.595717839902242,161.091303194171,13,0.000483271375464684
26058,588,2021,261,0.112460373720674,0.220689275189869,0.396236556349322,0.0500381855686808,0.0562464101962619,0.1273340975267,0.025,0.417333976712235,0.365263793061916,0.0562464101962619,68.062970568104,60.9259375957425,39.6889000247724,81.19600064702,0.0302424838854908,10.3219022375686,36,0.0013382899628252788
24227,589,2016,243,0.509196224265312,0.877849250751433,0.958870620699599,0.479765104448278,0.496098422766646,0.855158976093642,0.452,6.04112661402124,7.13481065584635,0.496098422766646,63.0609171800137,60.4539667212085,38.953438847522,194.765298317435,0.269338211960682,114.246641167636,8,0.00029739776951672863
3326,590,1960,34,0.94594488856299,0.76272335784241,0.725173651007935,0.735174516100524,0.718046434431943,0.586252612971533,0.547,3.41112598933707,4.26185748566653,0.718046434431943,7.06091718001369,55.1700629074594,30.7196550930181,96.1019937305493,0.70681152416649,75.3952797978757,11,0.00040892193308550185
18226,591,2001,183,0.713164683363289,0.0747532896674238,0.604659068398178,0.0678950354787689,0.489580375133778,0.0456656683111491,0.042,1.18649270017731,1.16443835511639,0.489580375133778,48.062970568104,59.0388290908321,36.7482629695924,93.9112812580805,0.405600828501703,2.6185993644956,19,0.0007063197026022305
1693,592,1956,17,0.98804874454083,0.968326097215239,0.959780967561528,0.957414320916662,0.949657288035891,0.936199032992629,0.924,64.2089074798988,109.434577425939,0.949657288035891,3.06091718001369,54.7926412064773,30.1315276819821,159.472345304209,0.912965703300058,195.058519103731,6,0.00022304832713754646
25985,593,2021,260,0.319648108282095,0.856705824345401,0.301170912804082,0.302884201410117,0.133718814893996,0.279822870724937,0.12,1.6820710509592,0.389939716128915,0.133718814893996,68.062970568104,60.9259375957425,39.6889000247724,75.2712629008251,0.16058312964006,104.829305703236,16,0.0005947955390334573
8383,594,1977,84,0.540120585113886,0.373062697474087,0.0488698501139879,0.273917939525615,0.0349350084103249,0.0367365610019896,0.028,0.562530343919749,0.448486229068143,0.0349350084103249,24.062970568104,56.7742988849397,33.2194985033764,58.4407411423791,0.287947697546077,21.2884861364753,41,0.0015241635687732343
23712,595,2015,238,0.484870481681375,0.849864434872178,0.415284643648192,0.450648335824722,0.239730822574907,0.385952175787652,0.236,2.21455067455579,0.588970299177511,0.239730822574907,62.0616016427105,60.3596758787318,38.8065076325815,81.4545453538175,0.254986609938721,102.085997008561,21,0.0007806691449814126
7546,596,1975,76,0.705898987910737,0.991996982956677,0.999595219269395,0.70258943881333,0.705681056260402,0.991678851899295,0.703,,1070.38257672944,0.705681056260402,22.0616016427105,56.585458868911,32.9252335222215,368.577664345823,0.399954814255469,278.720400563175,1,3.717472118959108e-05
22555,597,2012,226,0.325898990844182,0.647642300425451,0.956313430564478,0.270722559704093,0.317234013018546,0.634254078543719,0.268,8.21155277840493,5.71076272682996,0.317234013018546,59.0609171800137,60.0765450202264,38.365311436486,189.667346132452,0.164149641406069,52.7936497383778,7,0.00026022304832713756
4749,598,1964,48,0.799695479164534,0.860276116098841,0.641291905427352,0.7163133067992,0.528882776442572,0.577747461786909,0.486,5.60537420036922,2.2754321448359,0.528882776442572,11.0609171800137,55.5474846084415,31.3077825040541,88.4474186371545,0.481510090243685,106.314968301733,9,0.0003345724907063197
2724,599,1958,28,0.784704483272912,0.637079918821979,0.714721375377849,0.551629783854779,0.59733855029928,0.506405085025911,0.44,2.53589426120325,2.04263611420209,0.59733855029928,5.06228610540726,54.981481222506,30.425792663137,94.3147083924267,0.466942957802383,51.1289338074553,16,0.0005947955390334573
3300,600,1960,34,0.944543010564502,0.404155349796548,0.94558524992317,0.395785790830844,0.912582941176799,0.391891801733112,0.355,3.92334386696614,8.90682894889009,0.912582941176799,7.06091718001369,55.1700629074594,30.7196550930181,151.138348331496,0.702929563344872,23.9579664556525,9,0.0003345724907063197
1697,601,1956,17,0.76465014053816,0.645985886322963,0.41918460582383,0.548535484015858,0.35524466325581,0.281958163745385,0.255,1.98181332850166,1.16679363495573,0.35524466325581,3.06091718001369,54.7926412064773,30.1315276819821,71.3788023223006,0.448520032167876,52.5290552928677,28,0.0010408921933085502
12298,602,1987,123,0.92261418030568,0.965780239920211,0.760676660574973,0.895088265843795,0.709645143594186,0.745403364398888,0.697,49.1921053136014,7.5888936305378,0.709645143594186,34.0616016427105,57.7177239718572,34.6896157553295,109.061179416441,0.650866908404092,190.38737413435,9,0.0003345724907063197
481,603,1953,5,0.597992365715997,0.917250776873423,0.939269994618371,0.572149695486071,0.568182640702676,0.871889540922746,0.562,,6.46824665293103,0.568182640702676,0.0629705681040383,54.5097686790472,29.6907340371605,143.525270106537,0.324235256192902,137.371145783333,8,0.00029739776951672863
8291,604,1976,83,0.546315839976724,0.125290587476718,0.386638541240245,0.100474818087012,0.234428332917994,0.0858021782819121,0.062,0.665645210586576,0.663407232603439,0.234428332917994,23.0609171800137,56.6797497113877,33.0721647371621,73.0363098294101,0.29173333266004,4.98293237318599,55,0.0020446096654275093
5730,605,1967,58,0.966554100073378,0.978719233003234,0.943330636247993,0.947201139983327,0.91372565956493,0.927393290977653,0.897,73.6344165731037,52.0708140511193,0.91372565956493,14.0616016427105,55.8306154669468,31.7489787001496,153.533987548816,0.776870410930438,219.146048269239,5,0.0001858736059479554
10348,606,1982,104,0.12941327110336,0.861871625371757,0.313820067793131,0.124447736296652,0.0831737138931847,0.291370252236634,0.095,2.02251589773331,0.312529116483755,0.0831737138931847,29.0622861054073,57.2460114283984,33.954557129353,70.1499373273588,0.0427242264913012,106.991554623004,15,0.0005576208178438662
2863,607,1959,29,0.44317996647173,0.749144922000981,0.492145002586767,0.388123261088639,0.25346222299023,0.399118739876175,0.223,1.50111458250606,0.628659478034337,0.25346222299023,6.06160164271047,55.0757720649827,30.5727238780776,76.1306436605048,0.230831840193693,72.1840557766138,30,0.0011152416356877324
246,608,1953,3,0.629920660279786,0.989358631803194,0.987833857536316,0.626470293406946,0.623455322981661,0.978505161192086,0.606,13.0568519162385,35.0827636082455,0.623455322981661,0.0629705681040383,54.5097686790472,29.6907340371605,200.279932699958,0.345328179841019,261.321213694107,2,7.434944237918216e-05
26101,609,2023,262,0.584377878958376,0.62105448576302,0.963942767353728,0.436180686267823,0.571903025558606,0.609078847249339,0.434,14.5059698224098,8.48090847447754,0.571903025558606,70.0616016427105,61.1145192806959,39.9827624546534,205.12635922023,0.315495487711219,48.7006904849779,5,0.0001858736059479554
20280,610,2005,203,0.0243070823539894,0.887606296720469,0.0321139739826322,0.0236724050611516,0.0028061857672371,0.0298746124622161,0.002,1.8128117714632,0.211330454991752,0.0028061857672371,52.062970568104,59.4162507918142,37.3363903806284,60.6358995080783,-0.0550793966668083,119.172823537133,12,0.0004460966542750929
3202,611,1959,33,0.660827321769416,0.383874317052963,0.946103833848611,0.317759954341994,0.633927789078816,0.371926860457779,0.292,4.9008639508296,7.4083311273047,0.633927789078816,6.06160164271047,55.0757720649827,30.5727238780776,150.921719867263,0.366688968697817,22.1978832885536,11,0.00040892193308550185
9581,612,1980,96,0.76797030956215,0.995542470972981,0.23434462514706,0.765737626821647,0.212496351977834,0.233890130581215,0.208,31.9147050223002,0.951558908485175,0.212496351977834,27.0609171800137,57.0571714123698,33.6602921481981,66.1030110692121,0.451493712960552,314.546751862772,7,0.00026022304832713756
20195,613,2005,202,0.954680308405755,0.354910937260821,0.875040865968913,0.34941249534817,0.844940042367537,0.328521104530605,0.317,9.41551734968244,13.1415818899095,0.844940042367537,52.062970568104,59.4162507918142,37.3363903806284,141.069493322308,0.73311676644245,19.8048966454156,8,0.00029739776951672863
14852,614,1992,149,0.358651095143511,0.879497428729297,0.945403781486675,0.342370382372815,0.350117369027858,0.84538647536868,0.36,,4.34192744659444,0.350117369027858,39.0609171800137,58.189436515316,35.4246743813061,168.720623980857,0.182758482427954,115.04983169631,7,0.00026022304832713756
1304,615,1955,14,0.211442637969983,0.334431476052249,0.963825175305828,0.120544815899515,0.207690530336546,0.320571094985051,0.119,9.94670956204013,6.16851449017562,0.207690530336546,2.06160164271047,54.6983503640006,29.9845964670416,162.583840323838,0.0968497984344696,18.1933988008816,9,0.0003345724907063197
1101,616,1955,12,0.303858738814686,0.680107964424895,0.952946644742042,0.260258391122243,0.295968422577307,0.659939919591973,0.231,4.14478691423471,5.10685597956032,0.295968422577307,2.06160164271047,54.6983503640006,29.9845964670416,153.39876196966,0.151541687653539,58.267611440848,10,0.0003717472118959108
13477,617,1989,135,0.994579587749489,0.0963939536468819,0.277033314341679,0.096278243876047,0.276385221513805,0.0540377620348179,0.074,,41.9083431530812,0.276385221513805,36.062970568104,57.9065639878859,34.9838807364844,69.343744095211,1.00771160879372,3.58851322069734,7,0.00026022304832713756
22978,618,2013,230,0.9566367916399,0.999124295873834,0.732012901222333,0.955865166736539,0.710518944662579,0.731776136586428,0.723,,9.14526028717792,0.710518944662579,60.062970568104,60.1710941937784,38.5126452027004,112.519823407554,0.739592615744346,414.654770869697,1,3.717472118959108e-05
7653,619,1975,77,0.957828723233809,0.971904751061659,0.998964078957215,0.932881726727987,0.957000594080181,0.971212206324871,0.935,,962.501475930582,0.957000594080181,22.0616016427105,56.585458868911,32.9252335222215,324.583684157869,0.743660824776334,202.310218581564,1,3.717472118959108e-05
17175,620,1998,172,0.985090781354154,0.766424235170647,0.626098366687074,0.758939239835265,0.620979968286867,0.535978118340191,0.518,9.86001575386916,20.4272977117627,0.620979968286867,45.0622861054073,58.7556982323268,36.3070667734969,95.3287084472554,0.885081448443847,76.3039585255578,11,0.00040892193308550185
11992,621,1985,120,0.78760306149649,0.755439797287429,0.360723943216726,0.638230128732527,0.314121424518149,0.318958436341154,0.293,2.683008420526,1.20631321750944,0.314121424518149,32.062970568104,57.5291422869038,34.3957533254484,73.0846513796009,0.469702727389141,73.6495016025421,24,0.0008921933085501858
5042,622,1965,51,0.974481812919897,0.517732625515427,0.734825923340395,0.512013245668526,0.721335786914398,0.416705379635831,0.41,15.3680055932954,16.6277982818214,0.721335786914398,12.062970568104,55.6420337819934,31.4551162702685,98.7513799876644,0.814320570623605,35.3355250353121,10,0.0003717472118959108
12511,623,1988,126,0.750765101445847,0.11876568249914,0.0372902618255466,0.109282658851392,0.031959583317984,0.0137638603405991,0.015,0.857687893026004,0.819994012247087,0.031959583317984,35.0609171800137,57.8120148143339,34.8365469702701,59.1371259899848,0.436381950190757,4.65861359705913,35,0.0013011152416356876
20865,624,2007,209,0.78231048160057,0.915559390370192,0.923212855122983,0.735828656602147,0.737158394073805,0.858460744088865,0.701,21.3559588701945,6.3221001241019,0.737158394073805,54.0616016427105,59.6048324767676,37.6302528105095,162.383653997519,0.464683061073536,136.165036519397,12,0.0004460966542750929
12579,625,1988,126,0.937043022017937,0.813345831439651,0.994177633197978,0.775895456145162,0.932069686464726,0.810984047962105,0.767,27.0903455243563,235.562590046207,0.932069686464726,35.0609171800137,57.8120148143339,34.8365469702701,261.127084080771,0.683457105314041,89.3330119495298,5,0.0001858736059479554
15197,626,1993,152,0.886276913955833,0.855333654552308,0.882485902868211,0.777329190365699,0.793571221945186,0.777555016859374,0.706,10.8938645779981,8.06178386008214,0.793571221945186,40.062970568104,58.283985688868,35.5720081475204,138.49633518738,0.586603673510281,104.268426245047,9,0.0003345724907063197
15528,627,1994,156,0.135703877854063,0.782376741404758,0.521275371080264,0.126455904046644,0.0933116187239887,0.44340900031217,0.078,1.37154895978542,0.458366176445749,0.0933116187239887,41.0622861054073,58.3782765313447,35.718939362461,85.1599200834441,0.0472058600781077,80.4009956219143,25,0.0009293680297397769
118,628,1953,2,0.805858719282035,0.997832910746967,0.998831811361015,0.804641047469066,0.805101625876469,0.996762539069929,0.804,,486.505276007821,0.805101625876469,0.0629705681040383,54.5097686790472,29.6907340371605,291.235067834356,0.487723342530847,358.836733529459,1,3.717472118959108e-05
19702,629,2004,198,0.689656238575475,0.640950945157715,0.468610572861508,0.506542784627399,0.382441050507967,0.340079002791221,0.316,1.75677330684973,0.892163171062091,0.382441050507967,51.0609171800137,59.3217016182622,37.189056614414,83.1947660562406,0.387636636462008,51.7328970314182,37,0.00137546468401487
20577,630,2006,206,0.651732396242155,0.188529603730177,0.583049490349367,0.162041557369066,0.426623378782756,0.142169386117289,0.118,1.05528182512329,1.04252733710304,0.426623378782756,53.0622861054073,59.5105416342909,37.4833215955689,92.9976304554794,0.360295083023686,8.39839155683027,45,0.0016728624535315986
24765,631,2017,248,0.668015666320934,0.962747408347576,0.82454667147249,0.654023051201804,0.573752310532913,0.807700613614047,0.569,17.9111494380685,2.46335838345125,0.573752310532913,64.062970568104,60.5485158947604,39.1007726137364,131.517705104616,0.371811796791949,185.261237535167,8,0.00029739776951672863
3763,632,1961,38,0.687044949381897,0.955397005912991,0.318905476713553,0.669143652742123,0.277982643723211,0.312869102659227,0.281,11.3327500376693,0.735207034461164,0.277982643723211,8.06297056810404,55.2646120810114,30.8669888592325,67.2289906035841,0.385693088557894,174.407898162226,10,0.0003717472118959108
19847,633,2004,199,0.134640583089366,0.307076889767008,0.394561896333471,0.0755614671856555,0.0703570444408681,0.169765860516295,0.051,0.466847956072898,0.369580177140954,0.0703570444408681,51.0609171800137,59.3217016182622,37.189056614414,78.2095121596126,0.0464534806943978,16.138743840125,32,0.0011895910780669145
11059,634,1983,111,0.309717268010586,0.291067211541074,0.575046178651974,0.148998857192446,0.209617065884167,0.225994054150602,0.111,0.671638314762086,0.615661910983865,0.209617065884167,30.0616016427105,57.3403022708751,34.1014883442935,87.1302809143754,0.15490249396127,14.9857622038941,42,0.0015613382899628252
612,635,1954,7,0.40621571748035,0.296649691078989,0.363596866838634,0.185549628718026,0.170150287385995,0.158999577081733,0.106,0.584389977492215,0.499578227251113,0.170150287385995,1.06228610540726,54.6040595215239,29.837665252101,68.2354908603778,0.209729374237404,15.3837533518669,55,0.0020446096654275093
4287,636,1962,43,0.839720023847856,0.977204593700678,0.989168541505933,0.825375099804736,0.836079564104866,0.968326277519098,0.826,,27.8125482875448,0.836079564104866,9.06228610540725,55.3589029234881,31.013920074173,212.089783117314,0.524679679550807,214.97502948739,4,0.00014869888475836432
5977,637,1968,60,0.99801273497555,0.997155904048403,0.895817019743845,0.995184970545642,0.894252853472599,0.894484459952484,0.895,,472.702881975533,0.894252853472599,15.0609171800137,55.9249063094235,31.8959099150901,132.11588180057,1.11877960960635,342.125549279586,1,3.717472118959108e-05
14666,638,1992,147,0.369138016588582,0.642403083174886,0.735128547297791,0.301846418508308,0.310141920707061,0.52059982942552,0.274,1.78701431342354,0.971461582816804,0.310141920707061,39.0609171800137,58.189436515316,35.4246743813061,106.782184970099,0.188701617933168,51.9612769032253,23,0.0008550185873605948
11871,639,1985,119,0.533106190913108,0.86151537151601,0.95845453441143,0.49626540614601,0.514785859730151,0.836632514556745,0.484,18.8542576952513,8.61136028352392,0.514785859730151,32.062970568104,57.5291422869038,34.3957533254484,175.722251486885,0.283686061399576,106.839788638817,9,0.0003345724907063197
19239,640,2003,193,0.282478487053137,0.803198686251095,0.711297207511961,0.261811928358633,0.242923619235337,0.608493400520166,0.215,1.9752195415689,0.80273596605194,0.242923619235337,50.0616016427105,59.2274107757855,37.0421253994735,106.644747096083,0.139201843523643,86.2467499050338,18,0.0006691449814126394
20248,641,2005,203,0.0945577959110581,0.763793424162379,0.975276866462082,0.0877542723679239,0.0941127341605601,0.751684245977226,0.088,16.7740682718013,8.23788650726499,0.0941127341605601,52.062970568104,59.4162507918142,37.3363903806284,210.568561484026,0.0162800999898613,75.6564811615569,3,0.00011152416356877323
18860,642,2002,189,0.985968144149986,0.914332125338731,0.914198807440698,0.90337361923984,0.905657001983497,0.850965595613359,0.855,,36.4295381080323,0.905657001983497,49.0622861054073,59.1331199333088,36.8951941845329,155.285266944531,0.892795430439697,135.305203679822,5,0.0001858736059479554
11706,643,1985,118,0.865531488631371,0.919529917915062,0.977174172643572,0.809539724940502,0.850308789100193,0.903488708512099,0.786,13.2435917863612,26.3049635093329,0.850308789100193,32.062970568104,57.5291422869038,34.3957533254484,200.062191035413,0.556983764543803,139.036723908814,5,0.0001858736059479554
17158,644,1998,172,0.550796808007745,0.591252373528013,0.86412814212963,0.40171968518662,0.500647206738554,0.550931311552207,0.378,2.89348168808027,2.33311636825539,0.500647206738554,45.0622861054073,58.7556982323268,36.3070667734969,134.806110710586,0.294484662266908,44.4683939107974,16,0.0005947955390334573
11737,645,1985,118,0.173930141566154,0.755317608811494,0.827071792678908,0.159365038753698,0.160446704392961,0.655655838802811,0.132,2.29494550354434,1.25435283838086,0.160446704392961,32.062970568104,57.5291422869038,34.3957533254484,120.500752675786,0.0730926063151555,73.6206812748927,16,0.0005947955390334573
7537,646,1975,76,0.416325857294127,0.0915328156688391,0.783104617381468,0.064028201823554,0.340042665569678,0.0857979776057053,0.058,1.41939045973309,1.42235177994383,0.340042665569678,22.0616016427105,56.585458868911,32.9252335222215,108.795376062323,0.215481027361593,3.36485501714615,30,0.0011152416356877324
21759,647,2009,218,0.839353357692426,0.542381770927538,0.996653466718271,0.497295126805593,0.836798211177299,0.541985146903821,0.495,74.3524952960161,252.720930448364,0.836798211177299,56.062970568104,59.7936724927963,37.9245177916644,308.367720430229,0.524250000093803,38.2136461289463,4,0.00014869888475836432
18534,648,2001,186,0.970515516899924,0.311207568128342,0.994169249664992,0.308330713313826,0.965746047636355,0.308833371793821,0.302,39.8581206292929,188.451490733513,0.965746047636355,48.062970568104,59.0388290908321,36.7482629695924,273.443501830318,0.794487849164654,16.4420660572695,2,7.434944237918216e-05
16612,649,1997,167,0.110750099103631,0.188132370421652,0.890873159281909,0.0434422867226986,0.107167070767811,0.179344273965262,0.043,2.05765545124526,1.89494765714562,0.107167070767811,44.062970568104,58.66140738985,36.1601355585564,143.172170948271,0.0289465456955483,8.37542070110148,13,0.000483271375464684
22781,650,2013,228,0.0667782523549047,0.789236176895859,0.843951556365937,0.0627940144501027,0.0631891292801547,0.696577315502917,0.071,3.87638415475844,1.31182533981051,0.0631891292801547,60.062970568104,60.1710941937784,38.5126452027004,134.993250231438,-0.0076424171160078,82.2600049486548,11,0.00040892193308550185
4605,651,1964,47,0.348619468333947,0.776560669358577,0.998761066468433,0.315793339015872,0.348552001647481,0.776101251252077,0.312,44.3912956884555,170.726129242405,0.348552001647481,11.0609171800137,55.5474846084415,31.3077825040541,302.624896051218,0.177068999396736,78.8719950568075,5,0.0001858736059479554
22720,652,2013,228,0.555411797997106,0.994798519342528,0.976327035576105,0.554108279176754,0.548443574937762,0.972225588073563,0.58,,11.9726487010704,0.548443574937762,60.062970568104,60.1710941937784,38.5126452027004,218.083466682047,0.297330304177729,305.087037040548,3,0.00011152416356877323
22577,653,2012,226,0.529982704819779,0.86282104158691,0.554788333596662,0.493921416791161,0.322715543047811,0.514126590635096,0.34,4.63268908423361,0.840532124538223,0.322715543047811,59.0609171800137,60.0765450202264,38.365311436486,91.7318855708362,0.281796427485742,107.397984035776,17,0.0006319702602230483
65,654,1952,1,0.877797326841321,0.886721720404606,0.821851178305224,0.795259730079438,0.736859160659967,0.751734576076464,0.669,7.02167278440077,5.37480453489599,0.736859160659967,-0.939082819986311,54.4152195054952,29.5434002709461,107.548032358684,0.574026611176143,118.708497316985,14,0.0005204460966542751
7139,655,1973,72,0.984697305332959,0.990135710072288,0.713185578817502,0.975257585872856,0.705712093293312,0.710950241769503,0.705,,25.5453643338451,0.705712093293312,20.062970568104,56.3968771839576,32.6313710923404,98.3953547707536,0.881752370118301,265.948544057995,3,0.00011152416356877323
3692,656,1961,37,0.798786522296722,0.996669322117637,0.974171632435173,0.79695377058587,0.790032899227164,0.971635699720064,0.803,,11.7132060193008,0.790032899227164,8.06297056810404,55.2646120810114,30.8669888592325,178.61606066468,0.480605321513929,332.426243872143,3,0.00011152416356877323
10217,657,1982,103,0.939217625615372,0.829670136061215,0.741522690281272,0.791808626698081,0.718036974595023,0.64553806147089,0.619,7.70024166410539,5.36241065499761,0.718036974595023,29.0622861054073,57.2460114283984,33.954557129353,104.706979103428,0.688894370319065,94.6826450274008,13,0.000483271375464684
1378,658,1955,14,0.453452095012751,0.955838355877071,0.191167342709377,0.445475995254535,0.108438022946082,0.177383168572146,0.103,7.18406463650659,0.431203074588808,0.108438022946082,2.06160164271047,54.6983503640006,29.9845964670416,61.0924354352957,0.236740879355594,175.00660204596,12,0.0004460966542750929
6476,659,1970,65,0.0693779275444998,0.138541935046085,0.824890818679705,0.0218712512271089,0.0636865716114505,0.13255570894212,0.015,1.17437846401637,1.18051332286229,0.0636865716114505,17.0622861054073,56.1137463254522,32.190174896245,114.608677006543,-0.005252285703158,5.65805207307806,30,0.0011152416356877324
7785,660,1975,78,0.185749683427313,0.0821951028697981,0.0564165124669671,0.0326605504015763,0.0165336124024908,0.0150567442127731,0.01,0.27401403957342,0.258275329948467,0.0165336124024908,22.0616016427105,56.585458868911,32.9252335222215,58.5001047103485,0.080722185098679,2.94452468108537,86,0.003197026022304833
1756,661,1956,18,0.881488880359852,0.334634965571173,0.981440629111603,0.320251328093596,0.867776689065548,0.327282501683277,0.319,,41.2611078499647,0.867776689065548,3.06091718001369,54.7926412064773,30.1315276819821,187.165389084979,0.579415308899971,18.2090960545662,9,0.0003345724907063197
11889,662,1985,119,0.699389847527999,0.451420138021328,0.46279170550406,0.379634557980242,0.338571834240142,0.269434870216407,0.234,1.42816775304484,1.13384931771873,0.338571834240142,32.062970568104,57.5291422869038,34.3957533254484,79.2230583164669,0.394969663484314,28.3560852577218,40,0.001486988847583643
14570,663,1992,146,0.375455072512234,0.653499147073827,0.979197181062773,0.309503361993372,0.371418541239337,0.647693485229875,0.3,9.77326617960618,11.9286990658936,0.371418541239337,39.0609171800137,58.189436515316,35.4246743813061,208.935558376466,0.192280856190768,53.7400746967991,7,0.00026022304832713756
3289,664,1959,33,0.0910586288280593,0.552529762217149,0.356910403817892,0.074105480518485,0.0456216876490761,0.236989021592734,0.037,0.626532272980961,0.3346425358036,0.0456216876490761,6.06160164271047,55.0757720649827,30.5727238780776,68.7165608489311,0.0134370322842411,39.4494702289623,44,0.0016356877323420074
15262,665,1993,153,0.899040557888468,0.918800480561911,0.666619367897511,0.837047447101349,0.623630192750044,0.631608895597696,0.611,,3.45004448787472,0.623630192750044,40.062970568104,58.283985688868,35.5720081475204,98.4057315159608,0.607005422465167,138.498482864287,10,0.0003717472118959108
17347,666,1998,174,0.884654869386827,0.128539576709455,0.0897053745575249,0.124553305424051,0.0881786084101329,0.0283759847395817,0.041,2.05744218257951,1.75718567859169,0.0881786084101329,45.0622861054073,58.7556982323268,36.3070667734969,62.1757870829855,0.584142336856546,5.14642918425649,34,0.0012639405204460967
15422,667,1994,155,0.993017994357043,0.841940701664539,0.700254622381181,0.837552811213263,0.697412883576758,0.620497982362782,0.628,,48.3060652368045,0.697412883576758,41.0622861054073,58.3782765313447,35.718939362461,102.680097976619,0.978151989899496,99.0652301420065,5,0.0001858736059479554
14901,668,1993,150,0.182746051150698,0.342847588901915,0.708264418877661,0.107817046170644,0.146894636739539,0.29366320855089,0.095,0.911091863408421,0.781603655163795,0.146894636739539,40.062970568104,58.283985688868,35.5720081475204,103.424996680087,0.078797236970012,18.8478475225611,17,0.0006319702602230483
15152,669,1993,152,0.471317103045895,0.998233627899958,0.9906701578293,0.470991602385942,0.469280419609428,0.989193530565497,0.471,,27.4229599667438,0.469280419609428,40.062970568104,58.283985688868,35.5720081475204,244.667618461393,0.247080380890251,371.416301905666,1,3.717472118959108e-05
8220,670,1976,83,0.979357510080801,0.879110258201724,0.877470413222909,0.864534009040824,0.861185763195862,0.796024869317442,0.762,8.40108103392571,45.8942973926587,0.861185763195862,23.0609171800137,56.6797497113877,33.0721647371621,129.725046062859,0.842781398452398,114.860148089814,7,0.00026022304832713756
12961,671,1988,130,0.435689049911497,0.934621751186243,0.971097868634388,0.42438739543602,0.427177202295938,0.91383133308874,0.42,50.1597451376587,9.80859327175765,0.427177202295938,35.0609171800137,57.8120148143339,34.8365469702701,192.371891009417,0.226536910229092,151.449020048487,7,0.00026022304832713756
21612,672,2009,217,0.997367041623304,0.77324711526677,0.911274301353842,0.771908281632812,0.909151388101556,0.729374248583787,0.72,23.4042401769476,392.122168075869,0.909151388101556,56.062970568104,59.7936724927963,37.9245177916644,157.199596692206,1.08853706775161,78.0193518659,6,0.00022304832713754646
18205,673,2001,183,0.274275828705033,0.565696132111025,0.495298642897978,0.214424010161901,0.193097590924114,0.292098766088567,0.128,0.846203512420216,0.472229238206867,0.193097590924114,48.062970568104,59.0388290908321,36.7482629695924,84.5831801121486,0.134430342238691,41.1002051774728,36,0.0013382899628252788
3801,674,1961,39,0.68940542131478,0.517434556854519,0.782706886529922,0.424060954046828,0.59767648490969,0.457346412540926,0.382,1.85982521878982,1.59281098060705,0.59767648490969,8.06297056810404,55.2646120810114,30.8669888592325,104.149901548177,0.387449530902072,35.3017432391071,29,0.0010780669144981412
9664,675,1980,97,0.965412588570861,0.906501283287371,0.682939753634855,0.879928583185248,0.673807687643112,0.641542001850885,0.638,82.486227745551,7.85689593142131,0.673807687643112,27.0609171800137,57.0571714123698,33.6602921481981,96.805683006635,0.772129285935204,130.098237799197,7,0.00026022304832713756
2869,676,1959,29,0.870260681024143,0.379587446039964,0.0855432173702866,0.360236741345081,0.0805395959278438,0.048264645755785,0.041,1.7754162596141,1.60339023996258,0.0805395959278438,6.06160164271047,55.0757720649827,30.5727238780776,57.8156076079853,0.563406555849313,21.8349525687242,21,0.0007806691449814126
14967,677,1993,150,0.950239968065129,0.817247352425667,0.541496739955619,0.78752358784093,0.522841858747317,0.487947879892523,0.473,12.2479479224124,6.42980327464427,0.522841858747317,40.062970568104,58.283985688868,35.5720081475204,86.5475025187355,0.719256887906518,90.5662338563694,11,0.00040892193308550185
16114,678,1996,162,0.277100208850735,0.99623405615377,0.99645017227158,0.27679942444355,0.276791077901528,0.993039764690606,0.267,20.3131686087713,61.7151228966707,0.276791077901528,43.0609171800137,58.5668582162981,36.012801792342,291.823573873755,0.136075922014218,324.887742128631,1,3.717472118959108e-05
3243,679,1959,33,0.55034010752523,0.300479207147826,0.699852826539427,0.2291754917724,0.413758621899397,0.239769609845803,0.176,1.28179178244123,1.22275033747953,0.413758621899397,6.06160164271047,55.0757720649827,30.5727238780776,92.9514098307373,0.294203726501139,15.6592655089042,44,0.0016356877323420074
5330,680,1967,54,0.814633510495869,0.724423200699405,0.784858463099226,0.632046270359203,0.656008028312927,0.599824891756835,0.507,3.51098840236083,3.53881743866487,0.656008028312927,14.0616016427105,55.8306154669468,31.7489787001496,106.452747823373,0.496818061894962,66.7807577969346,20,0.0007434944237918215
25056,681,2018,251,0.768107452855485,0.175376424360692,0.296817585360259,0.161677799673148,0.241842802713455,0.0897581071924429,0.093,1.25017778307398,1.13046872691288,0.241842802713455,65.0622861054073,60.6428067372371,39.2477038286769,74.5807449919961,0.451617164891677,7.64794264052595,32,0.0011895910780669145
12788,682,1988,128,0.0978850496439709,0.985771283217124,0.993818844202906,0.0975723048185609,0.097625562701116,0.9806393461545,0.085,14.9677781789408,33.77426278351,0.097625562701116,35.0609171800137,57.8120148143339,34.8365469702701,258.464991524176,0.0189461164159497,243.615152656338,1,3.717472118959108e-05
6985,683,1973,70,0.994748116979072,0.786521851444432,0.910909467376769,0.783735155758358,0.906915197731561,0.743499710511116,0.724,11.1292714848733,159.031387436858,0.906915197731561,20.062970568104,56.3968771839576,32.6313710923404,140.057428357721,1.01135219064753,81.5169490800071,3,0.00011152416356877323
15095,684,1993,151,0.969202924973028,0.998680854457735,0.999395898543298,0.967996946092535,0.968720881676979,0.998119014017353,0.969,,1638.56311556997,0.968720881676979,40.062970568104,58.283985688868,35.5720081475204,374.842139866327,0.788434711290744,389.394701381533,1,3.717472118959108e-05
26290,685,2023,263,0.176839477754074,0.936233279501111,0.862838470144197,0.173812089425575,0.160063079370836,0.820324182328363,0.177,155.264588375897,1.66133473090553,0.160063079370836,70.0616016427105,61.1145192806959,39.9827624546534,144.448661200845,0.0749845209009248,152.943509363298,8,0.00029739776951672863
15498,686,1994,155,0.922453418313977,0.768839974673586,0.949957123957574,0.727973607849477,0.881714226489985,0.743494876443704,0.722,,21.4968603087076,0.881714226489985,41.0622861054073,58.3782765313447,35.718939362461,173.410852404568,0.650533057467949,76.9052577497709,9,0.0003345724907063197
10327,687,1982,104,0.741834670947032,0.959780486680686,0.958107310347259,0.722774854915942,0.728462840296437,0.924767169149499,0.735,,7.01241151204287,0.728462840296437,29.0622861054073,57.2460114283984,33.954557129353,173.593969065483,0.428811575432151,180.639774888288,5,0.0001858736059479554
5519,688,1967,56,0.0144646315271234,0.321870723955162,0.713414816651493,0.0089604188427013,0.0117118848213807,0.274416815054261,0.009,0.846242241874587,0.704641098690645,0.0117118848213807,14.0616016427105,55.8306154669468,31.7489787001496,96.7203548100066,-0.0708137432776251,17.2363882573371,19,0.0007063197026022305
19688,689,2004,197,0.771983422869726,0.935293863229103,0.45446945540607,0.737848470956765,0.387968212134512,0.438443175048484,0.397,36.2771211360405,1.23827252324505,0.387968212134512,51.0609171800137,59.3217016182622,37.189056614414,82.188626402908,0.455126984652295,152.067718257627,22,0.0008178438661710037
13568,690,1990,136,0.965306389984025,0.977579978432208,0.100864712381735,0.944986907815409,0.0994185964015899,0.100582938906612,0.111,,6.01549096555868,0.0994185964015899,37.0622861054073,58.0008548303626,35.130811951425,61.7455584640146,0.771695091670526,215.982106155155,1,3.717472118959108e-05
9847,691,1980,99,0.0111138804105666,0.327495144138961,0.332795927301049,0.0069722113159132,0.0093819157905068,0.141625515509816,0.006,0.416168399716091,0.300538516298402,0.0093819157905068,27.0609171800137,57.0571714123698,33.6602921481981,70.8110741305487,-0.0772469207634316,17.6620285450822,34,0.0012639405204460967
3333,692,1960,34,0.929690746387296,0.394299579156404,0.989970775786787,0.38392395545161,0.926789729162376,0.392339476550579,0.347,4.75148996719047,28.0575466352871,0.926789729162376,7.06091718001369,55.1700629074594,30.7196550930181,213.355792890791,0.666159469045823,23.0936318216364,5,0.0001858736059479554
19705,693,2004,198,0.845805913395006,0.128957393797819,0.858198024565354,0.123312794380511,0.753440903823491,0.118172752968878,0.107,3.63867125423743,4.04555571945314,0.753440903823491,51.0609171800137,59.3217016182622,37.189056614414,135.473165421139,0.531921117961644,5.16755093075225,10,0.0003717472118959108
6460,694,1970,65,0.0626427886194404,0.618432955580777,0.657722427276894,0.0539501446851129,0.0504723362496997,0.470716805768204,0.045,1.04525365478231,0.605863938305569,0.0504723362496997,17.0622861054073,56.1137463254522,32.190174896245,91.5280484860609,-0.0115249282223888,48.3140821259881,21,0.0007806691449814126
5737,695,1967,58,0.158682152754518,0.933238612178539,0.408862242707983,0.155899930825827,0.0820942908160241,0.396709820904597,0.081,3.77921558710037,0.388689224905175,0.0820942908160241,14.0616016427105,55.8306154669468,31.7489787001496,72.733308851254,0.0630122439161893,150.195889671981,10,0.0003717472118959108
6977,696,1973,70,0.914540300448479,0.460110944724298,0.594845177372918,0.443533116715524,0.558230014737867,0.345760694315911,0.376,98.6483584869238,4.09462373124805,0.558230014737867,20.062970568104,56.3968771839576,32.6313710923404,86.5265351058307,0.634757783089194,29.2136069690876,26,0.000966542750929368
8420,697,1977,85,0.14942107849856,0.192128425468882,0.881913970923051,0.0577758046159829,0.138321550606986,0.187678508237993,0.049,1.79674520121706,1.86939471600684,0.138321550606986,24.062970568104,56.7742988849397,33.2194985033764,131.503210914756,0.0567395952329361,8.6073732598983,29,0.0010780669144981412
18726,698,2002,188,0.495519314414,0.574257777118468,0.51699638273567,0.361692592590315,0.315736456916351,0.329818795185754,0.247,1.15290806077487,0.659585445778492,0.315736456916351,49.0622861054073,59.1331199333088,36.8951941845329,86.4566636486051,0.261241749881482,42.2036713902237,29,0.0010780669144981412
25653,699,2021,257,0.987569230845725,0.799778846441974,0.928582625696436,0.79287990109891,0.917432916555059,0.760718864983204,0.744,18.0164279415856,156.120710962984,0.917432916555059,68.062970568104,60.9259375957425,39.6889000247724,172.587126576839,0.908053736773483,85.2436955554449,6,0.00022304832713754646
12973,700,1988,130,0.801254453382375,0.568497665333298,0.427340333815664,0.505476174801757,0.360035912876099,0.305925852479399,0.256,1.68996726459218,1.52159378556954,0.360035912876099,35.0609171800137,57.8120148143339,34.8365469702701,77.4939005555611,0.483068697563364,41.4586116319057,28,0.0010408921933085502
16401,701,1996,165,0.998168209838312,0.411324178130485,0.930667050881311,0.411056876975486,0.929444447932608,0.396717325458838,0.399,,328.306300160139,0.929444447932608,43.0609171800137,58.5668582162981,36.012801792342,161.097112053034,1.12741688877576,24.5976414659125,4,0.00014869888475836432
12725,702,1988,128,0.298211346055866,0.0512763219521939,0.0594733639154583,0.0296131912947488,0.0241422738179247,0.01239496200681,0.006,0.307130308748061,0.300094125791983,0.0241422738179247,35.0609171800137,57.8120148143339,34.8365469702701,59.9511703036564,0.148294347576923,1.64780471621297,63,0.002342007434944238
6285,703,1969,63,0.910562229540304,0.969363553423497,0.962382448837161,0.886778016743083,0.879498595263405,0.938135774242728,0.872,,30.5161025811985,0.879498595263405,16.062970568104,56.0194554829755,32.0432436813045,169.844162721114,0.627271309609214,197.071912214712,5,0.0001858736059479554
18967,704,2002,190,0.317010564483472,0.612854922038338,0.0461907153949142,0.256052085609837,0.0282188162868578,0.0386955417313806,0.029,0.629108388969713,0.300743948919198,0.0282188162868578,49.0622861054073,59.1331199333088,36.8951941845329,60.8799294579685,0.159076241755134,47.5009890875796,29,0.0010780669144981412
4527,705,1963,46,0.306157911839823,0.131274155141509,0.909504871582612,0.0736638584912248,0.28620060779229,0.124686340579493,0.068,2.87299075438237,2.83535821790209,0.28620060779229,10.0616016427105,55.4531937659648,31.1608512891136,134.796472860192,0.152861553385838,5.28506576070799,15,0.0005576208178438662
11120,706,1983,112,0.76990409330807,0.817381796784484,0.983233084902167,0.666962909078763,0.760867861060079,0.811312389862034,0.645,8.46590051457379,25.8709358390099,0.760867861060079,30.0616016427105,57.3403022708751,34.1014883442935,211.356876299514,0.453239059598965,90.6092147824783,7,0.00026022304832713756
5338,707,1967,54,0.906147707888508,0.733801544590226,0.267267897957936,0.688700715601371,0.25219954630331,0.221989456447589,0.225,6.52048438038591,2.53858843363514,0.25219954630331,14.0616016427105,55.8306154669468,31.7489787001496,65.7777060153814,0.619271710339838,68.7680946087453,21,0.0007806691449814126
22211,708,2012,223,0.966680578553049,0.861230961601493,0.963464766740799,0.838782523066287,0.933238224246415,0.840193985618546,0.826,,64.6646710289139,0.933238224246415,59.0609171800137,60.0765450202264,38.365311436486,197.67027526625,0.777404277673992,106.718916358447,2,7.434944237918216e-05
22945,709,2013,230,0.692747014182034,0.086374205906438,0.0090610878542065,0.0774948250207527,0.0082736611989262,0.0033869824649975,0.005,0.675736946886011,0.652601879788493,0.0082736611989262,60.062970568104,60.1710941937784,38.5126452027004,60.5217277615939,0.389949828078277,3.13111015589325,54,0.002007434944237918
6731,710,1971,68,0.966906337810318,0.998175439087831,0.948437442537397,0.965249355583607,0.919193381254339,0.947464915694871,0.923,,51.9534374734371,0.919193381254339,18.0616016427105,56.2080371679289,32.3371061111855,159.23353397372,0.778361572214589,369.421486997081,2,7.434944237918216e-05
24590,711,2017,246,0.991192823893799,0.313706450393705,0.516792310401797,0.312858811442942,0.514053920905704,0.232260001422862,0.252,,32.9555169507672,0.514053920905704,64.062970568104,60.5485158947604,39.1007726137364,89.4883460302877,0.950412825667791,16.6267438179529,9,0.0003345724907063197
18443,712,2001,185,0.999612603332474,0.66142248624632,0.674677523085847,0.661284492302334,0.674621245800107,0.465598603839622,0.456,20.4254013089578,604.011758302547,0.674621245800107,48.062970568104,59.0388290908321,36.7482629695924,101.435595318644,1.28319867280194,55.0481681683611,2,7.434944237918216e-05
14432,713,1992,145,0.68146593590084,0.306114652706309,0.532642159145325,0.262328197772166,0.391831160135206,0.21731110220035,0.174,1.12836435146283,1.12534633532118,0.391831160135206,39.0609171800137,58.189436515316,35.4246743813061,85.632810903958,0.381572953844158,16.0684327521956,34,0.0012639405204460967
21177,714,2008,212,0.806219069743151,0.954519977230942,0.996467681601644,0.779981370037746,0.804113926031737,0.952235714809538,0.783,,140.137014641469,0.804113926031737,55.0609171800137,59.6991233192443,37.77718402545,304.628645252123,0.488090951278731,173.235792284472,1,3.717472118959108e-05
10534,715,1982,106,0.758075984160963,0.503258245690821,0.884894497692585,0.438489424193176,0.702625517943496,0.472340576600936,0.393,2.69444491382266,3.35260881744231,0.702625517943496,29.0622861054073,57.2460114283984,33.954557129353,134.590680907814,0.442714717578178,33.7218308843441,19,0.0007063197026022305
20111,716,2005,202,0.821107106082165,0.240122556207426,0.780920624034479,0.22541784009255,0.67254835677346,0.208522266745348,0.201,3.15765322852354,2.83604967059195,0.67254835677346,52.062970568104,59.4162507918142,37.3363903806284,118.218582429797,0.503729299100278,11.54612280532,22,0.0008178438661710037
14913,717,1993,150,0.932279318693941,0.508090568780802,0.051707828650251,0.492751291782184,0.0503600319465684,0.0427100573826818,0.04,3.72136883575879,3.01327870858938,0.0503600319465684,40.062970568104,58.283985688868,35.5720081475204,60.1750021152751,0.672071056823449,34.2545631321366,17,0.0006319702602230483
23121,718,2014,232,0.885361223881896,0.689589137608007,0.968570381868631,0.640549075014334,0.861766413084915,0.6789998507691,0.63,25.6588041994162,25.5271114481872,0.861766413084915,61.0622861054073,60.2653850362551,38.6595764176409,205.758748857439,0.585210817483505,59.9789130032734,9,0.0003345724907063197
23374,719,2014,234,0.301678353865359,0.483001844649725,0.116039244225249,0.211909258146432,0.0524838746933243,0.0848291999821637,0.04,0.489592619430563,0.31507659964295,0.0524838746933243,61.0622861054073,60.2653850362551,38.6595764176409,65.0478810469816,0.150288862615469,31.5513871786487,51,0.001895910780669145
7797,720,1975,78,0.371576910215013,0.0670347497361073,0.926141795003787,0.0442631840939913,0.353064732914617,0.0660035268097358,0.043,3.59854690840695,3.61362880637434,0.353064732914617,22.0616016427105,56.585458868911,32.9252335222215,147.962993539658,0.190083496834579,2.2894532222286,19,0.0007063197026022305
14817,721,1992,149,0.498355233851925,0.949300936518182,0.979142226977274,0.487465876264103,0.493670112318919,0.934049362445535,0.486,83.7888064511589,12.3665559804537,0.493670112318919,39.0609171800137,58.189436515316,35.4246743813061,208.823046878474,0.262914543852962,166.702267885743,2,7.434944237918216e-05
9178,722,1979,92,0.770019884198654,0.615401051549711,0.067157544195652,0.52873153214199,0.060803771880127,0.0576693230357234,0.051,1.39250410888973,0.894349014890013,0.060803771880127,26.0616016427105,56.9628805698931,33.5133609332575,59.2965801320393,0.453343884424102,47.8705387277486,23,0.0008550185873605948
23288,723,2014,233,0.220850152404715,0.42656316106551,0.595342964399606,0.148220880098629,0.153318621052042,0.31468090036346,0.12,0.789066306996058,0.593250873873485,0.153318621052042,61.0622861054073,60.2653850362551,38.6595764176409,96.010723074504,0.102622878013884,25.989136900034,26,0.000966542750929368
18265,724,2001,183,0.877859515468366,0.838296598966769,0.959933117264882,0.758012341778397,0.853410536476589,0.812027347399573,0.733,13.9266126448525,12.8058158948036,0.853410536476589,48.062970568104,59.0388290908321,36.7482629695924,186.868172335546,0.574116332504813,97.7280254763865,4,0.00014869888475836432
25812,725,2021,259,0.227051021270061,0.186692366375056,0.977122835349292,0.0803365901730099,0.22349399936961,0.185574980239577,0.062,5.47355159799528,10.3518903863863,0.22349399936961,68.062970568104,60.9259375957425,39.6889000247724,225.286464218257,0.106394901787672,8.2923097894414,4,0.00014869888475836432
25788,726,2021,258,0.98722589593131,0.946805522803665,0.995822963071987,0.935844519591339,0.983339650510123,0.944078559809907,0.933,489.778201100932,687.777996621995,0.983339650510123,68.062970568104,60.9259375957425,39.6889000247724,309.56359815994,0.90463975148277,163.815723999605,2,7.434944237918216e-05
18713,727,2002,188,0.90230941841929,0.99269800863827,0.596683951560408,0.8968161870861,0.563922775401543,0.593953819525109,0.58,,3.08026846542954,0.563922775401543,49.0622861054073,59.1331199333088,36.8951941845329,93.374985728427,0.612558388410893,284.324743745657,2,7.434944237918216e-05
15079,728,1993,151,0.686633988881354,0.531126326245815,0.0651317108422518,0.432501580200556,0.0567023295098504,0.052675574470381,0.043,0.92597969185914,0.65587397663638,0.0567023295098504,40.062970568104,58.283985688868,35.5720081475204,60.6836182296955,0.38538810323056,36.8783228481498,31,0.0011524163568773233
14709,729,1992,148,0.99515589164031,0.997572297684964,0.978987724054605,0.992762058855765,0.974464639723742,0.977150130273518,0.979,,623.006323641537,0.974464639723742,39.0609171800137,58.189436515316,35.4246743813061,208.50837854575,1.02062191146832,351.853991048698,1,3.717472118959108e-05
15824,730,1995,159,0.884936714722732,0.883036588293478,0.640249133342877,0.797962186897059,0.580529485581614,0.590722249741865,0.561,,3.61378487169668,0.580529485581614,42.0616016427105,58.4725673738214,35.8658705774015,96.0530422949527,0.584568058340074,116.813266300964,10,0.0003717472118959108
14843,731,1992,149,0.849049961213588,0.565132880869347,0.851402761414647,0.519914356006884,0.741872887544087,0.52054344354198,0.492,8.08241359255044,4.82856599934634,0.741872887544087,39.0609171800137,58.189436515316,35.4246743813061,128.909141099532,0.535869091667696,41.0284563437532,16,0.0005947955390334573
19934,732,2004,200,0.999816285048668,0.838892425812851,0.434472209541127,0.838778421042449,0.434465810906012,0.39438552474206,0.39,44.9555764830251,1127.9277861559,0.434465810906012,51.0609171800137,59.3217016182622,37.189056614414,80.8115272639306,1.35286377631663,97.9445250115662,2,7.434944237918216e-05
17026,733,1997,171,0.64415968841954,0.721465860154261,0.778738259337842,0.525423531623932,0.516997168085953,0.607974830357486,0.447,3.38800889922184,2.1254161224891,0.516997168085953,44.062970568104,58.66140738985,36.1601355585564,115.225822751428,0.355042218965175,66.1688472419496,23,0.0008550185873605948
14611,734,1992,147,0.652755643448198,0.939437676654918,0.591509519610554,0.630646195624056,0.433771607988192,0.573443398948605,0.409,4.42885851900343,1.05537307754608,0.433771607988192,39.0609171800137,58.189436515316,35.4246743813061,90.5949927683579,0.361009716895723,156.032699992756,15,0.0005576208178438662
25111,735,2019,252,0.63512905282019,0.816182957853103,0.829774957615882,0.564485689268825,0.550351486529057,0.708448973996546,0.516,7.63382626895787,2.34061916331335,0.550351486529057,66.0616016427105,60.7370975797138,39.3946350436175,133.536030301799,0.348857615879408,90.2271060213346,22,0.0008178438661710037
13484,736,1989,135,0.358829091750128,0.247916099330796,0.660680439323187,0.145647216727949,0.263732763097592,0.207941950808976,0.114,0.847830168615003,0.818922910577645,0.263732763097592,36.062970568104,57.9065639878859,34.9838807364844,96.7141141556443,0.182859385464003,12.0504456104848,28,0.0010408921933085502
19625,737,2004,197,0.104957992374759,0.629095209681654,0.0651438422501087,0.0903020367075664,0.0162963719709797,0.0526451974940658,0.014,0.577956905340948,0.23635227027966,0.0162963719709797,51.0609171800137,59.3217016182622,37.189056614414,61.8309018936086,0.0245013818802726,49.9048494401345,36,0.0013382899628252788
25977,738,2021,260,0.923539560833442,0.989844054770656,0.948067629011348,0.915400674922692,0.881558655737112,0.94065489351629,0.89,,20.0975416249294,0.881558655737112,68.062970568104,60.9259375957425,39.6889000247724,187.047235262415,0.652799736889853,264.170144739564,4,0.00014869888475836432
8705,739,1978,88,0.797320635880939,0.809349877417885,0.932625772897154,0.681185770533192,0.752190458214819,0.776469702041825,0.664,30.5360080434868,8.99116865249331,0.752190458214819,25.0622861054073,56.8685897274164,33.366429718317,152.951925978772,0.479152278241315,88.0973336884361,13,0.000483271375464684
19087,740,2003,191,0.236566841746044,0.983652688929288,0.827666530851275,0.235501511378926,0.225229097699343,0.819251391737054,0.225,28.1851340411015,1.2422690097719,0.225229097699343,50.0616016427105,59.2274107757855,37.0421253994735,127.182814303069,0.112136561034181,235.168890575411,3,0.00011152416356877323
20061,741,2005,201,0.80776312339346,0.439571573230055,0.693594584940001,0.400595618432083,0.581103545039551,0.350351924084142,0.337,3.69536818539651,2.50796791733614,0.581103545039551,52.062970568104,59.4162507918142,37.3363903806284,104.855365695963,0.489671675003137,27.212347244937,23,0.0008550185873605948
726,742,1954,8,0.620568856948195,0.52904375814704,0.466301996028051,0.402675331923242,0.321313537689064,0.307038730403988,0.24,1.14211973231864,0.853086971960719,0.321313537689064,1.06228610540726,54.6040595215239,29.837665252101,73.6246748903642,0.339056412322443,36.63519813627,38,0.001412639405204461
23939,743,2015,240,0.902643053984833,0.108206047840503,0.444675294449553,0.10551969377916,0.412384690681656,0.0851411042494261,0.072,2.64826677621489,3.07378581755748,0.412384690681656,62.0616016427105,60.3596758787318,38.8065076325815,83.5105651586017,0.613133461433241,4.14531566839573,13,0.000483271375464684
15641,744,1995,157,0.865686858171287,0.972432899335881,0.628831916954368,0.846917741440345,0.56012697594943,0.619609948546117,0.572,,3.04839939959951,0.56012697594943,42.0616016427105,58.4725673738214,35.8658705774015,94.8770790635803,0.557191991487951,203.458894808135,13,0.000483271375464684
15611,745,1995,157,0.530038685520441,0.876071757519562,0.254250443540514,0.497896065319703,0.158511504872969,0.239055874306176,0.17,3.07207591214606,0.534441585877984,0.158511504872969,42.0616016427105,58.4725673738214,35.8658705774015,69.0686973849781,0.281830251839751,113.392791801083,22,0.0008178438661710037
784,746,1954,8,0.701812424458806,0.586717723013109,0.855848449049518,0.477189714071552,0.618184927775903,0.536554463689402,0.448,5.05682493042015,3.30447129526046,0.618184927775903,1.06228610540726,54.6040595215239,29.837665252101,115.163936426023,0.396817202637642,43.8541076104606,34,0.0012639405204460967
25091,747,2018,251,0.928207261073503,0.0554500753227327,0.568339150864631,0.0545387916818716,0.534884897248801,0.0460172965727698,0.04,4.60357486196041,5.21669018427179,0.534884897248801,65.0622861054073,60.6428067372371,39.2477038286769,94.2882548509754,0.662852087548283,1.81356148415665,10,0.0003717472118959108
15961,748,1995,160,0.280224080065019,0.968528327383488,0.985820470843464,0.277579659069229,0.278086018559016,0.957328414969837,0.274,45.236440975855,16.6092710460552,0.278086018559016,42.0616016427105,58.4725673738214,35.8658705774015,227.800022765721,0.137892742803812,195.445705872707,3,0.00011152416356877323
20402,749,2005,205,0.736615985578034,0.672651544141703,0.694544775877148,0.55249422515646,0.550624690709316,0.512733717500367,0.427,2.35182536622703,1.67414550357325,0.550624690709316,52.062970568104,59.4162507918142,37.3363903806284,104.97810271652,0.424467093357298,56.9593617065331,17,0.0006319702602230483
12079,750,1986,121,0.261084588380137,0.10900433864552,0.459014704450965,0.0552644108798149,0.140925305550626,0.0794663446625613,0.037,0.48833796490314,0.475255792073142,0.140925305550626,33.0622861054073,57.6234331293805,34.542684540389,79.1607337947982,0.126704473712214,4.18361396231939,66,0.002453531598513011
7974,751,1975,80,0.500712686782539,0.127549557087585,0.501324213342741,0.0976938987368335,0.271979830920178,0.100837334068302,0.086,0.784545684844405,0.740897342305138,0.271979830920178,22.0616016427105,56.585458868911,32.9252335222215,79.8811053577586,0.264307447336872,5.09646851038675,46,0.0017100371747211895
9614,752,1980,97,0.99888388981316,0.986872934510857,0.967001915443689,0.985798625338985,0.966312732058515,0.956551175178,0.943,15.4993189195657,468.464381293317,0.966312732058515,27.0609171800137,57.0571714123698,33.6602921481981,181.803331308527,1.17886347329335,248.52300302282,1,3.717472118959108e-05
25260,753,2019,253,0.884643068159771,0.8895674027249,0.775614379672334,0.802771459766746,0.700738100361503,0.71736870476298,0.639,6.23958489771422,4.94063182046673,0.700738100361503,66.0616016427105,60.7370975797138,39.3946350436175,121.76764814908,0.584124529156856,120.215716188199,13,0.000483271375464684
11870,754,1985,119,0.766468392706518,0.571824573114573,0.846325782127678,0.494498064052,0.656827782457061,0.519962084965594,0.47,11.9981881349752,4.54198533340583,0.656827782457061,32.062970568104,57.5291422869038,34.3957533254484,124.929683095751,0.450144975763589,41.8875898872701,24,0.0008921933085501858
8852,755,1978,89,0.854694134724005,0.862229205867203,0.986406340962276,0.75941594756857,0.845321553074359,0.856072051874158,0.74,11.4417320594896,47.3812682432418,0.845321553074359,25.0622861054073,56.8685897274164,33.366429718317,216.124127508711,0.542893282871104,107.144290900731,5,0.0001858736059479554
24641,756,2017,247,0.021749096858453,0.451773559698722,0.950169302755967,0.0163426341044906,0.0212726516155214,0.445528757272324,0.012,4.21477803487249,4.05233575408124,0.0212726516155214,64.062970568104,60.5485158947604,39.1007726137364,186.66406235047,-0.0588378649762399,28.3906461618754,5,0.0001858736059479554
19536,757,2004,196,0.437239506895454,0.786744625177777,0.992356352275237,0.393338243672526,0.43633261274377,0.783330569634543,0.408,,29.687890143293,0.43633261274377,51.0609171800137,59.3217016182622,37.189056614414,263.497670464379,0.227424957202263,81.5775624471947,2,7.434944237918216e-05
9379,758,1979,94,0.934236953087131,0.759454648476255,0.853336892090738,0.72600450060313,0.808639783713207,0.677254291194852,0.64,8.04179098201,9.49399902902488,0.808639783713207,26.0616016427105,56.9628805698931,33.5133609332575,124.34818834573,0.676667128408317,74.6049651169052,16,0.0005947955390334573
23984,759,2015,240,0.344457611829022,0.554146618013867,0.670091158011928,0.259815784418515,0.252533119598173,0.446337963945281,0.189,0.995067054053121,0.840391396341935,0.252533119598173,62.0616016427105,60.3596758787318,38.8065076325815,104.557936139834,0.174706546070678,39.6492554802654,22,0.0008178438661710037
4436,760,1963,45,0.633925016089415,0.358312604994881,0.842667670221999,0.291636308682244,0.577239133817775,0.332266551422531,0.282,2.37426197593595,1.98715409192521,0.577239133817775,10.0616016427105,55.4531937659648,31.1608512891136,115.713277259063,0.34803932294845,20.0788909232899,25,0.0009293680297397769
22970,761,2013,230,0.688006281614121,0.960417825132523,0.670430731028318,0.672137212767042,0.500908839168147,0.65589656317659,0.495,13.2557629619822,1.40378631254448,0.500908839168147,60.062970568104,60.1710941937784,38.5126452027004,104.076490334959,0.386407458857997,181.602748754944,10,0.0003717472118959108
16059,762,1995,161,0.297807847930048,0.450813550077813,0.853771756868809,0.200146664863779,0.27925300064896,0.408511694588156,0.192,2.13862102593254,1.56649706595737,0.27925300064896,42.0616016427105,58.4725673738214,35.8658705774015,130.704840605743,0.148062022799283,28.2968282356916,20,0.0007434944237918215
4748,763,1964,48,0.881164829430765,0.95738875999227,0.863339058123529,0.850635770814841,0.767888852008993,0.83575089362712,0.74,16.1513459880934,8.55250391282143,0.767888852008993,11.0609171800137,55.5474846084415,31.3077825040541,120.926701804862,0.578937075575584,177.15888844874,8,0.00029739776951672863
14431,764,1992,145,0.5886114730284,0.89386217075632,0.714843008201569,0.555741278829451,0.447846992523659,0.6668035056476,0.42,3.76824359708357,1.38511338439988,0.447846992523659,39.0609171800137,58.189436515316,35.4246743813061,104.00105794297,0.31819836408927,122.567406560617,14,0.0005204460966542751
2594,765,1958,26,0.570288186661009,0.977385094707517,0.745483932783827,0.564216494754674,0.452217294932451,0.736872424516377,0.442,11.0198908720228,1.46579019217982,0.452217294932451,5.06228610540726,54.981481222506,30.425792663137,98.0115772277681,0.306591028250987,215.457169026408,7,0.00026022304832713756
21449,766,2008,215,0.85178601624881,0.954454568960308,0.945089333690703,0.821766234831335,0.809131089241454,0.909459144158766,0.78,22.1568611270829,16.3188849789187,0.809131089241454,55.0609171800137,59.6991233192443,37.77718402545,177.321187027484,0.539248854943926,173.149296947065,7,0.00026022304832713756
2217,767,1957,23,0.662882457084701,0.750544303607687,0.944280085153878,0.553290268077165,0.636639286455763,0.720793003707766,0.528,7.99497519185345,6.78500985476559,0.636639286455763,4.06297056810404,54.8871903800293,30.2788614481965,148.653760738476,0.368147174462281,72.506470075453,9,0.0003345724907063197
7667,768,1975,77,0.581821804842883,0.653821749520585,0.282475770218298,0.451117841801546,0.200054828812313,0.231762888200003,0.198,1.19892407906616,0.595668441308621,0.200054828812313,22.0616016427105,56.585458868911,32.9252335222215,67.6023528165198,0.313869866502229,53.7927040876282,39,0.0014498141263940521
12899,769,1988,129,0.933155867907588,0.975124744576242,0.995168171590194,0.912582043789272,0.929507477353084,0.971465379400563,0.912,,168.999157077809,0.929507477353084,35.0609171800137,57.8120148143339,34.8365469702701,269.478010155501,0.674115204349263,209.681949940538,2,7.434944237918216e-05
9453,770,1979,95,0.940831139317238,0.967268682942095,0.970006461255252,0.913112644005112,0.922542822498961,0.94186522222234,0.889,19.2041692186936,17.0863911215306,0.922542822498961,26.0616016427105,56.9628805698931,33.5133609332575,184.940905732308,0.693034501521994,193.073857771749,4,0.00014869888475836432
24993,771,2017,250,0.983370190168438,0.638936804154944,0.448265867540613,0.633352180123832,0.444701894408653,0.343099740182394,0.345,35.8361744568963,15.3070947233015,0.444701894408653,64.062970568104,60.5485158947604,39.1007726137364,84.1358840148102,0.871058337579712,51.4177750914696,14,0.0005204460966542751
6319,772,1970,64,0.339694771301883,0.94854522689187,0.814603438833728,0.333813728631551,0.30180037204831,0.789160045339136,0.303,10.5648446706161,1.35591232973502,0.30180037204831,17.0622861054073,56.1137463254522,32.190174896245,112.613696759775,0.172001039389277,165.813167228053,8,0.00029739776951672863
12638,773,1988,127,0.0180287240437018,0.420227604869087,0.150057719554752,0.0130518735524963,0.0053684733395092,0.0990086038191796,0.003,0.380145095961148,0.238868138686619,0.0053684733395092,35.0609171800137,57.8120148143339,34.8365469702701,63.4981056322646,-0.0646796768092052,25.4053022728527,37,0.00137546468401487
3760,774,1961,38,0.467259271327685,0.994872601301229,0.901241553248838,0.466325265840883,0.452653124249396,0.898302796950755,0.456,,2.37664330954072,0.452653124249396,8.06297056810404,55.2646120810114,30.8669888592325,130.839612791722,0.244724216310504,305.965895932776,1,3.717472118959108e-05
11380,775,1984,114,0.798864835540328,0.730516476928797,0.84567264164798,0.627496691882817,0.694507991095933,0.650236906442287,0.574,8.62528659686491,4.00236027929823,0.694507991095933,31.0609171800137,57.4345931133518,34.2484195592341,124.387545191327,0.480683159570681,68.0636810765349,13,0.000483271375464684
19949,776,2004,200,0.977427725758629,0.933103423943427,0.440870241262019,0.914447199496755,0.438160039143852,0.426405814973149,0.423,43.3683066591651,10.0694428435968,0.438160039143852,51.0609171800137,59.3217016182622,37.189056614414,81.2464973879612,0.830876303241179,150.074827085872,4,0.00014869888475836432
7663,777,1975,77,0.92549970099497,0.552488510831443,0.459096911130473,0.532657481942476,0.439618653289138,0.317410125085993,0.322,6.53570478908809,3.63490695310603,0.439618653289138,22.0616016427105,56.585458868911,32.9252335222215,77.1194349423437,0.656957984910685,39.4443835619771,17,0.0006319702602230483
9397,778,1979,94,0.989185493258623,0.910481489214854,0.888182675465941,0.902138420165696,0.88102908485179,0.823906084082661,0.816,62.0360640562937,54.6311341340647,0.88102908485179,26.0616016427105,56.9628805698931,33.5133609332575,134.380655916005,0.925354973563149,132.686731661123,7,0.00026022304832713756
21309,779,2008,214,0.961647619316902,0.738529586424082,0.968879074556753,0.720561528836252,0.934059203491719,0.726158241674931,0.724,,56.6169725277601,0.934059203491719,55.0609171800137,59.6991233192443,37.77718402545,202.311883151216,0.757392174493989,69.7981613545466,4,0.00014869888475836432
25324,780,2019,254,0.824029468319153,0.693132448228381,0.46882636542432,0.613420571125673,0.409826311333058,0.37892671153852,0.351,3.06817584798976,1.70983314868339,0.409826311333058,66.0616016427105,60.7370975797138,39.3946350436175,86.0424999288226,0.506909014194337,60.6327995083808,26,0.000966542750929368
7291,781,1973,73,0.187070014794962,0.952558607759863,0.790990751469508,0.184703524554119,0.169142207742537,0.769423864904674,0.161,6.3190707655218,1.04667412205469,0.169142207742537,20.062970568104,56.3968771839576,32.6313710923404,109.442379764174,0.0815654938936628,170.695324814248,9,0.0003345724907063197
20118,782,2005,202,0.572241255538563,0.377989606595967,0.992568699177355,0.287504175755466,0.570785252345168,0.376637903126366,0.259,6.03723101532246,33.471136068764,0.570785252345168,52.062970568104,59.4162507918142,37.3363903806284,265.730739731997,0.307817290146895,21.7004711994897,6,0.00022304832713754646
26440,783,2023,265,0.357771362765039,0.752973946052596,0.136357866227627,0.318948014530921,0.0556564639777018,0.114795849722928,0.061,1.10316128237543,0.356171504317738,0.0556564639777018,70.0616016427105,61.1145192806959,39.9827624546534,66.9965047095895,0.182259757856955,73.0707886953555,37,0.00137546468401487
18381,784,2001,184,0.830858781502415,0.909762926506442,0.81326002208516,0.773623367622518,0.707189324900235,0.756038831226794,0.66,8.70708736000552,3.17105354193185,0.707189324900235,48.062970568104,59.0388290908321,36.7482629695924,123.251505344095,0.514493614775477,132.210842170907,10,0.0003717472118959108
6986,785,1973,70,0.42295583218955,0.771059726310441,0.677873512497172,0.37745147983507,0.318570737314133,0.577425493021825,0.283,1.68692894413794,0.91852080849979,0.318570737314133,20.062970568104,56.3968771839576,32.6313710923404,94.3840051366264,0.219259936152079,77.4635941002776,22,0.0008178438661710037
23466,786,2014,235,0.883003309469657,0.498236736500967,0.903951050480828,0.471259191297046,0.813704168775267,0.473618235084178,0.48,,7.47668894794897,0.813704168775267,61.0622861054073,60.2653850362551,38.6595764176409,156.12230658634,0.581663950917588,33.174462399761,14,0.0005204460966542751
12009,787,1986,121,0.776667329154063,0.876108342151457,0.999727490823716,0.707943121389544,0.77651362336847,0.876017768088716,0.688,10.0143451902233,1683.45363577258,0.77651362336847,33.0622861054073,57.6234331293805,34.542684540389,405.007099899879,0.459423403872903,113.410238956029,1,3.717472118959108e-05
13091,788,1989,131,0.391790652651679,0.789877023315074,0.462514053797349,0.355547338226464,0.216348441044194,0.412652466487815,0.202,1.4454364089657,0.552419447953265,0.216348441044194,36.062970568104,57.9065639878859,34.9838807364844,79.9527980774319,0.201540242977194,82.436893016356,18,0.0006691449814126394
4469,789,1963,45,0.249299605280061,0.965403934168382,0.950275588547811,0.246820955624312,0.2472593702219,0.92308611034755,0.235,11.6364934928556,4.19426348789887,0.2472593702219,10.0616016427105,55.4531937659648,31.1608512891136,156.036160485387,0.119739316050312,189.726893598297,4,0.00014869888475836432
7401,790,1974,75,0.514874090845182,0.94868972339507,0.909656742122024,0.503174598696651,0.487123144994168,0.874316508810382,0.48,17.5535662493864,3.1952805947454,0.487123144994168,21.0622861054073,56.4911680264343,32.778302307281,140.014656762103,0.272721915696313,165.982140640082,7,0.00026022304832713756
1869,791,1956,19,0.679953999896887,0.967753690787627,0.993760334094986,0.667426515505601,0.676922827044087,0.963748140518367,0.662,43.2015988770034,62.3345591669484,0.676922827044087,3.06091718001369,54.7926412064773,30.1315276819821,227.983284099748,0.380463779506112,193.975997424731,3,0.00011152416356877323
7500,792,1975,76,0.825978727771566,0.976178711408178,0.877057979116216,0.811580711626454,0.731320458687064,0.863318285093303,0.732,,7.07119767629539,0.731320458687064,22.0616016427105,56.585458868911,32.9252335222215,129.183890609792,0.509051475008859,212.3059178826,5,0.0001858736059479554
15596,793,1994,156,0.32543917493822,0.627949274110388,0.462627211818472,0.26583733967967,0.188724636911074,0.335957622489796,0.173,0.992536432653405,0.499178539123893,0.188724636911074,41.0622861054073,58.3782765313447,35.718939362461,80.8954797800722,0.163887502666741,49.7315168060797,45,0.0016728624535315986
16665,794,1997,167,0.998110068191344,0.884971310647628,0.99950522556901,0.883623434114015,0.997630718446998,0.88475774760844,0.888,,12966.2277498601,0.997630718446998,44.062970568104,58.66140738985,36.1601355585564,390.800997707166,1.12411014829717,117.800525577184,1,3.717472118959108e-05
18229,795,2001,183,0.992186936391479,0.865812908002938,0.846892837202176,0.860537016924691,0.843443130939836,0.746618224636244,0.746,,45.8362641728265,0.843443130939836,48.062970568104,59.0388290908321,36.7482629695924,131.197877563501,0.964796166305708,108.697921558559,6,0.00022304832713754646
14206,796,1991,143,0.96364409264589,0.718221713106247,0.0670065723825246,0.702245651336248,0.0659636887983922,0.0610254579095627,0.051,6.81142768941239,5.66363280875531,0.0659636887983922,38.0616016427105,58.0951456728393,35.2777431663655,60.5459798741894,0.765043679582303,65.5054373221528,12,0.0004460966542750929
15997,797,1995,160,0.140243899360048,0.831587384524419,0.953997434349731,0.133298988667592,0.136914448908133,0.802706673830765,0.133,14.1930607963769,4.68679165020775,0.136914448908133,42.0616016427105,58.4725673738214,35.8658705774015,177.470732048039,0.0503958692798014,95.3454957751806,5,0.0001858736059479554
2687,798,1958,27,0.897629656528328,0.852478095533059,0.269438606221229,0.783140558907828,0.251407122447049,0.254146403642592,0.254,13.2033013114693,2.37138610502162,0.251407122447049,5.06228610540726,54.981481222506,30.425792663137,64.6056437743577,0.604652876776198,103.118553202765,9,0.0003345724907063197
20963,799,2007,210,0.879371857646091,0.717177090560039,0.794431088725105,0.660913821136729,0.713123646525604,0.611752197550606,0.588,29.3701787713379,5.08637941884605,0.713123646525604,54.0616016427105,59.6048324767676,37.6302528105095,121.449996222385,0.576309266550536,65.2935349074648,14,0.0005204460966542751
25098,800,2018,251,0.9046387369353,0.309219997710026,0.769853234756738,0.299212797170687,0.703821583810355,0.274582897998083,0.295,,6.81904687976062,0.703821583810355,65.0622861054073,60.6428067372371,39.2477038286769,120.377524183954,0.616606664123489,16.2958129439427,13,0.000483271375464684
4584,801,1963,46,0.95011653384303,0.784801674457961,0.929914408596233,0.757721190161994,0.88585649342709,0.743712031098357,0.749,,34.331516523995,0.88585649342709,10.0616016427105,55.4531937659648,31.1608512891136,143.787445412511,0.718886804248285,81.051122256747,5,0.0001858736059479554
1743,802,1956,18,0.756558736625673,0.77852010866516,0.159896346274763,0.633308544921295,0.136931798680269,0.118492923723932,0.102,2.17964466172258,0.907125268501003,0.136931798680269,3.06091718001369,54.7926412064773,30.1315276819821,60.064438894789,0.441390038540899,79.3824309918798,18,0.0006691449814126394
26518,803,2024,266,0.493157910885496,0.657393874690912,0.990612849127501,0.394756229233477,0.490328086955857,0.6539570199184,0.375,8.74251914511387,30.5002330588023,0.490328086955857,71.0609171800137,61.2088101231726,40.129693669594,271.165547139847,0.259851145956505,54.3790091630152,3,0.00011152416356877323
1515,804,1956,16,0.555302347825817,0.703580914833198,0.465239453362301,0.456384165787888,0.293504907671516,0.338822228639074,0.232,1.50842546796304,0.732699750441053,0.293504907671516,3.06091718001369,54.7926412064773,30.1315276819821,73.9388274744773,0.2972626720541,62.6087378846424,29,0.0010780669144981412
21185,805,2008,212,0.317212472650165,0.549842429737424,0.567030085250735,0.240412160829845,0.209022755222883,0.377649428424397,0.165,0.87719545692141,0.615801091473944,0.209022755222883,55.0609171800137,59.6991233192443,37.77718402545,91.9648728213936,0.159191641134993,39.1191850418417,41,0.0015241635687732343
14287,806,1991,143,0.838119288299022,0.190431803305241,0.631080194376409,0.180806266783741,0.545288547859658,0.156522259019613,0.145,2.56456985232568,2.6284985827564,0.545288547859658,38.0616016427105,58.0951456728393,35.2777431663655,94.1274955049768,0.522809196810789,8.50865550303589,26,0.000966542750929368
26217,807,2023,263,0.0180952978645986,0.881724528796021,0.719490096205845,0.0175980525827348,0.0149425643189373,0.658452670914582,0.012,3.35101749320363,0.721091868008365,0.0149425643189373,70.0616016427105,61.1145192806959,39.9827624546534,113.518662083961,-0.0645706062676082,116.153215583619,5,0.0001858736059479554
9658,808,1980,97,0.98625436346361,0.901675422577781,0.991894009755924,0.891331616359647,0.979388005378177,0.896872188216771,0.89,,161.33818294844,0.979388005378177,27.0609171800137,57.0571714123698,33.6602921481981,239.365956853698,0.895405002359803,127.106605043315,2,7.434944237918216e-05
7793,809,1975,78,0.911495856143031,0.330619489387699,0.379288303200155,0.320454986728273,0.356094561166847,0.18007526176677,0.188,4.23538930549002,3.06229933387952,0.356094561166847,22.0616016427105,56.585458868911,32.9252335222215,72.4679527434101,0.629003781381413,17.9004873838241,14,0.0005204460966542751
7285,810,1973,73,0.608087790886556,0.993465079980038,0.822419711621478,0.606124840153884,0.532400038650188,0.820032477479566,0.512,8.85552371745597,1.96285231060472,0.532400038650188,20.062970568104,56.3968771839576,32.6313710923404,115.196606020005,0.330809494239147,291.113899578883,4,0.00014869888475836432
10094,811,1981,101,0.547813398617692,0.479510831491053,0.921307743294165,0.34068249426285,0.534232645700182,0.451843087590315,0.326,3.83683813962153,3.07165383017712,0.534232645700182,28.062970568104,57.1517205859217,33.8076259144124,148.553413914338,0.292651581878131,31.187202214094,17,0.0006319702602230483
17483,812,1998,175,0.462289912685481,0.771494985392236,0.776189659256488,0.409910872682341,0.391228407748662,0.636369602027725,0.331,2.07180191856124,1.30933894810894,0.391228407748662,45.0622861054073,58.7556982323268,36.3070667734969,115.103088616341,0.241845116192399,77.5737385534002,17,0.0006319702602230483
5193,813,1965,52,0.871276178852548,0.939829454320758,0.603897149441764,0.829075557241164,0.544871945553054,0.580192744722371,0.553,,2.86949738554413,0.544871945553054,12.062970568104,55.6420337819934,31.4551162702685,85.4282121702318,0.564809193526577,156.421734412104,14,0.0005204460966542751
9546,814,1980,96,0.799841521488226,0.831803172893636,0.473131369799376,0.697896094698843,0.421534279882545,0.421976800302618,0.394,4.69140955286006,1.34624482102348,0.421534279882545,27.0609171800137,57.0571714123698,33.6602921481981,78.9614877908812,0.48165573136139,95.4205880420855,26,0.000966542750929368
14510,815,1992,146,0.728298337620348,0.893544931818802,0.425252966117114,0.677514400194495,0.337956268987995,0.405672909917932,0.332,4.75654305699391,1.08456949479793,0.337956268987995,39.0609171800137,58.189436515316,35.4246743813061,78.0712329774502,0.417656950881081,122.390394363,17,0.0006319702602230483
17248,816,1998,173,0.348086837149443,0.493551076040215,0.984839312266558,0.243197048364877,0.345636622109706,0.491346476216521,0.267,,15.7350560297463,0.345636622109706,45.0622861054073,58.7556982323268,36.3070667734969,227.192001577304,0.176766732246803,32.6693172491137,9,0.0003345724907063197
11236,817,1984,113,0.911074824421545,0.935268702644389,0.923783746082336,0.860241870251832,0.848985399282304,0.873582065881558,0.831,,14.1574590544674,0.848985399282304,31.0609171800137,57.4345931133518,34.2484195592341,151.265764117912,0.628220681477732,152.044439792407,8,0.00029739776951672863
20492,818,2005,205,0.287581453179168,0.843029922028094,0.772705134237185,0.271526719947081,0.253023217113779,0.680620936984317,0.245,3.51775983083334,1.03768546909831,0.253023217113779,52.062970568104,59.4162507918142,37.3363903806284,116.741624656856,0.142159020803657,99.4710990108319,12,0.0004460966542750929
24823,819,2017,249,0.757803982580462,0.976111437675888,0.995390654308721,0.746052173005265,0.755140394929166,0.972778818163147,0.743,120.097649056116,102.787703244847,0.755140394929166,64.062970568104,60.5485158947604,39.1007726137364,300.506483951177,0.442476828906091,212.134962386131,2,7.434944237918216e-05
14111,820,1991,142,0.593865213112732,0.804304139378805,0.332210144028068,0.526861406662807,0.226130295919918,0.301453614644718,0.226,2.03944655290092,0.666544602844306,0.226130295919918,38.0616016427105,58.0951456728393,35.2777431663655,72.4783888650281,0.321571021950221,86.5748600719509,21,0.0007806691449814126
18795,821,2002,188,0.355719696793836,0.229657085648571,0.975861091399565,0.135465462764111,0.353426849337148,0.224444220032407,0.125,7.38043920282576,9.15496842584123,0.353426849337148,49.0622861054073,59.1331199333088,36.8951941845329,209.553434392624,0.181096517249818,10.8809719481047,10,0.0003717472118959108
21867,822,2010,219,0.994701791184266,0.45777413226751,0.956056016031653,0.456842935635955,0.951242507701221,0.450453888820359,0.455,,412.625953686759,0.951242507701221,57.0622861054073,59.887963335273,38.0714490066049,188.22630637872,1.01034096953269,28.9814549883315,3,0.00011152416356877323
2834,823,1959,29,0.933099342920592,0.867565755390826,0.660949841840193,0.821007709108022,0.627938245344282,0.595104694042968,0.572,19.1649664223798,5.90160944435841,0.627938245344282,6.06160164271047,55.0757720649827,30.5727238780776,89.0156090222148,0.673982718760523,109.473422573453,11,0.00040892193308550185
25472,824,2020,255,0.999567665010378,0.76996644417301,0.821151227457449,0.769749147348371,0.820965275224914,0.669263070370571,0.67,,811.745117085619,0.820965275224914,67.0609171800137,60.8313884221905,39.541566258558,131.777161352611,1.2726947401915,77.1878959970602,2,7.434944237918216e-05
19944,825,2004,200,0.682593473918769,0.972610406201807,0.151574080111459,0.671906574799684,0.133077708588079,0.150191212595929,0.14,23.8165106901213,0.669097375751054,0.133077708588079,51.0609171800137,59.3217016182622,37.189056614414,65.4587034661821,0.382402162236969,203.849953805377,11,0.00040892193308550185
2570,826,1958,26,0.353603536900853,0.213371589620841,0.0938873067498207,0.126474657941186,0.0469989911986343,0.0436126669238795,0.021,0.373675402817656,0.333606808878273,0.0469989911986343,5.06228610540726,54.981481222506,30.425792663137,57.9883075466364,0.179896479447858,9.87308613213894,42,0.0015613382899628252
5848,827,1968,59,0.229079780536582,0.144139578513269,0.743251256411895,0.064498399692753,0.185558133911892,0.128825499914482,0.066,1.01827073995041,0.937967091651189,0.185558133911892,15.0609171800137,55.9249063094235,31.8959099150901,100.736735671325,0.107623631969817,5.94977949801297,26,0.000966542750929368
23278,828,2014,233,0.928124391176605,0.905843555282608,0.958724921103567,0.850093668402774,0.892760000601827,0.877993532443864,0.834,,33.8370066422297,0.892760000601827,61.0622861054073,60.2653850362551,38.6595764176409,193.404191894924,0.662668997465333,129.681341655897,8,0.00029739776951672863
19588,829,2004,196,0.153879249019533,0.976412876421683,0.665086263092235,0.152985345509204,0.129915804062091,0.65615711311165,0.141,74.6303702499435,0.643189619619176,0.129915804062091,51.0609171800137,59.3217016182622,37.189056614414,101.087487505629,0.0597744787281905,212.904800081512,8,0.00029739776951672863
5692,830,1967,57,0.971452522618157,0.724995538301342,0.395183234475553,0.712260106334003,0.387667212862515,0.330345602515029,0.365,,9.50956520549786,0.387667212862515,14.0616016427105,55.8306154669468,31.7489787001496,71.988879137452,0.798953655592572,66.899982092276,15,0.0005576208178438662
9316,831,1979,94,0.630561262292663,0.37132326524698,0.890694954199716,0.30020785441181,0.584836414170932,0.352169490787223,0.292,3.7998051650604,3.14563350386478,0.584836414170932,26.0616016427105,56.9628805698931,33.5133609332575,135.226994294254,0.345760843276221,21.14399757074,19,0.0007063197026022305
12747,832,1988,128,0.0086762157098228,0.702074515162047,0.465648343786597,0.0079023365473909,0.0054193252322248,0.38618475485858,0.002,0.90453803211264,0.376580627231207,0.0054193252322248,35.0609171800137,57.8120148143339,34.8365469702701,79.9753252458891,-0.0825080740215219,62.3193357800729,16,0.0005947955390334573
11375,833,1984,114,0.25987486422225,0.581254061082001,0.786087874090299,0.207185623957723,0.226823696743694,0.49955527699568,0.183,1.62143145441025,1.10582185196228,0.226823696743694,31.0609171800137,57.4345931133518,34.2484195592341,112.253257032298,0.125992397237474,43.123738961582,23,0.0008550185873605948
19441,834,2003,195,0.761811760146371,0.875428675591439,0.973705101525411,0.695529923361644,0.751599229701236,0.858812135291926,0.684,18.1888438847135,12.4359795543611,0.751599229701236,50.0616016427105,59.2274107757855,37.0421253994735,206.466311633169,0.446000338863561,113.086966537537,7,0.00026022304832713756
4870,835,1964,49,0.430852444598669,0.641853444619774,0.454940169584006,0.346064768576737,0.244534668086666,0.331803849295412,0.22,1.14444480067795,0.557503637567747,0.244534668086666,11.0609171800137,55.5474846084415,31.3077825040541,74.8259357979733,0.223769538796146,51.8747169418758,31,0.0011524163568773233
25529,836,2020,256,0.779291428451519,0.939156162856364,0.650056578218937,0.746573163970513,0.541202661573321,0.629401621566755,0.541,26.0644812880336,1.788034661353,0.541202661573321,67.0609171800137,60.8313884221905,39.541566258558,103.411869211188,0.461857597112983,155.754732137461,13,0.000483271375464684
22852,837,2013,229,0.159753476613146,0.836334961872526,0.890767712146044,0.151909106239617,0.153213775977516,0.767519912151248,0.163,8.77707144199525,1.94756024185852,0.153213775977516,60.062970568104,60.1710941937784,38.5126452027004,150.138605491573,0.0637301346635006,97.0210186667934,11,0.00040892193308550185
4426,838,1963,45,0.998327730559053,0.996811581211767,0.973586330655962,0.995154717792767,0.972387311348917,0.971201910795551,0.971,,422.609494794541,0.972387311348917,10.0616016427105,55.4531937659648,31.1608512891136,179.14742318335,1.13701555129671,335.106392064499,1,3.717472118959108e-05
19464,839,2003,195,0.318346831639544,0.884211135527955,0.71831160155125,0.305338462502821,0.27678808454078,0.659253929073327,0.254,3.00702558157362,0.832883398096066,0.27678808454078,50.0616016427105,59.2274107757855,37.0421253994735,107.612316577422,0.159839838035639,117.41060584633,10,0.0003717472118959108
6519,840,1970,66,0.566967181756373,0.391984429752564,0.415000912267715,0.294928827372896,0.276071217796991,0.230414135179018,0.172,0.782896355889844,0.680033579495177,0.276071217796991,17.0622861054073,56.1137463254522,32.190174896245,73.5960135776019,0.304511605298588,22.8930853704766,43,0.0015985130111524164
19964,841,2004,200,0.998525956618497,0.394742456839688,0.98333908081986,0.394541518238544,0.982133699738355,0.392200701731696,0.394,,744.428972732961,0.982133699738355,51.0609171800137,59.3217016182622,37.189056614414,227.569968202052,1.15020325228131,23.1321023563698,1,3.717472118959108e-05
15179,842,1993,152,0.491542438686928,0.713050561516454,0.73321370407939,0.414123249488612,0.393869641164546,0.570155160585266,0.324,1.71907928894993,1.18263770718669,0.393869641164546,40.062970568104,58.283985688868,35.5720081475204,106.805798362366,0.258900988691519,64.4644839485006,16,0.0005947955390334573
1470,843,1955,15,0.0262817128092659,0.841899591007574,0.228355762548745,0.0252484467432548,0.0127983189112226,0.185920548257254,0.006,1.64703608896124,0.263796266584642,0.0127983189112226,2.06160164271047,54.6983503640006,29.9845964670416,62.5197981036833,-0.0522976891774782,99.049967894315,11,0.00040892193308550185
6433,844,1970,65,0.984168170134419,0.977951854511834,0.893890075385571,0.963085840461293,0.881859931700757,0.881167459701465,0.873,,52.6082350015618,0.881859931700757,17.0622861054073,56.1137463254522,32.190174896245,132.35044452703,0.877393444234182,216.996690205459,1,3.717472118959108e-05
13427,845,1989,135,0.832367635430826,0.505717545310475,0.0276179960928857,0.4638471125835,0.0255538602447889,0.0232069215961336,0.024,1.62727683624643,1.20796122266264,0.0255538602447889,36.062970568104,57.9065639878859,34.9838807364844,58.8869994777741,0.516199658692267,33.992212080647,23,0.0008550185873605948
12876,846,1988,129,0.998774540380415,0.981002774927409,0.996553821489215,0.979843204467506,0.995370498483317,0.978329788258164,0.982,,4746.46589977384,0.995370498483317,35.0609171800137,57.8120148143339,34.8365469702701,284.80382910286,1.16929514949895,226.037718356197,1,3.717472118959108e-05
20744,847,2007,208,0.2476624139232,0.158203726613654,0.814684967044741,0.0744806833739977,0.219804141671971,0.147601314799238,0.072,1.33927047771988,1.27018998171783,0.219804141671971,54.0616016427105,59.6048324767676,37.6302528105095,125.671110531007,0.118766486450254,6.69968747553441,36,0.0013382899628252788
6424,848,1970,65,0.330672100686895,0.414433444724544,0.864754431881011,0.20614403425102,0.302492467249799,0.392059802307504,0.19,1.98341219787015,1.86800778972532,0.302492467249799,17.0622861054073,56.1137463254522,32.190174896245,123.704402487119,0.166868920239458,24.8780139830717,20,0.0007434944237918215
22167,849,2012,222,0.622378650949431,0.900439368367074,0.948581071337685,0.588215688549309,0.596960504749709,0.865107090320841,0.554,8.03723071412931,7.69207620146558,0.596960504749709,59.0609171800137,60.0765450202264,38.365311436486,182.431173508106,0.340263768590969,126.364469379306,9,0.0003345724907063197
8305,850,1977,84,0.876218962474256,0.645804956740716,0.12661180854775,0.599112216582499,0.118906034652035,0.112283718880836,0.109,2.75230964922343,1.72301999362644,0.118906034652035,24.062970568104,56.7742988849397,33.2194985033764,61.2860153642367,0.571761262308129,52.5002345663316,22,0.0008178438661710037
12082,851,1986,121,0.996908751613677,0.268182546721581,0.883594482205808,0.267947016830947,0.881242776176014,0.257529061915186,0.261,,270.43751887128,0.881242776176014,33.0622861054073,57.6234331293805,34.542684540389,135.877608062629,1.07098908682983,13.3984481881118,3,0.00011152416356877323
11421,852,1984,115,0.0611374799893429,0.552019043259596,0.468405694700778,0.0501130311709595,0.0397388369477459,0.319700991325182,0.04,0.694467011019343,0.392006468880971,0.0397388369477459,31.0609171800137,57.4345931133518,34.2484195592341,79.4063431359224,-0.0129643255491956,39.3865307554528,31,0.0011524163568773233
9061,853,1979,91,0.981095147968283,0.72171320610773,0.913134299684316,0.713426081930479,0.898335257354558,0.682030318782651,0.669,22.6014128881933,48.7114636376322,0.898335257354558,26.0616016427105,56.9628805698931,33.5133609332575,143.83695883308,0.854370957548723,66.2197626608085,8,0.00029739776951672863
12688,854,1988,127,0.794441931654877,0.940012533473138,0.975347640225664,0.760730065198361,0.77886349789423,0.921907232285467,0.743,22.9919676916259,22.0411759692849,0.77886349789423,35.0609171800137,57.8120148143339,34.8365469702701,198.963236480121,0.476320302017806,156.604414369811,7,0.00026022304832713756
24756,855,2017,248,0.997455713217415,0.546486223222394,0.626459802500904,0.54586987626848,0.625593105304919,0.416100312131768,0.429,,119.218670405162,0.625593105304919,64.062970568104,60.5485158947604,39.1007726137364,99.9753375551446,1.09225462497011,38.7097666596146,5,0.0001858736059479554
25873,856,2021,259,0.758630750224661,0.455404947483777,0.682562618749216,0.40064131974568,0.530195771919996,0.36129861967365,0.299,2.07173603809328,2.2471303400772,0.530195771919996,68.062970568104,60.9259375957425,39.6889000247724,107.743616254039,0.443200465630054,28.7472777339602,27,0.001003717472118959
8100,857,1976,82,0.312734442708446,0.874982696426522,0.531451554037631,0.298890265246269,0.1861799024669,0.501797553061086,0.189,2.54132746102429,0.584805742600758,0.1861799024669,23.0609171800137,56.6797497113877,33.0721647371621,82.2133787869322,0.156630427111761,112.875825208439,20,0.0007434944237918215
22612,858,2013,227,0.237452674136013,0.260889642988907,0.452705683885142,0.110058184432614,0.142796953387199,0.166634951483486,0.073,0.505763058411961,0.441853615771015,0.142796953387199,60.062970568104,60.1710941937784,38.5126452027004,83.7239018531237,0.112668339505138,12.9072251309873,45,0.0016728624535315986
6630,859,1970,67,0.293973591308573,0.416136619978861,0.497153389267623,0.187298280513106,0.188771712550518,0.27850238151163,0.144,0.659394047027081,0.502961522983071,0.188771712550518,17.0622861054073,56.1137463254522,32.190174896245,78.6121659918814,0.145852195263509,25.0323558749903,43,0.0015985130111524164
16648,860,1997,167,0.726125340744218,0.998202301344544,0.204890880966559,0.725336673647019,0.176223615312159,0.20477492091066,0.194,,0.815636090994578,0.176223615312159,44.062970568104,58.66140738985,36.1601355585564,66.9977774714611,0.415899992448261,370.334315833781,3,0.00011152416356877323
2278,861,1957,23,0.289701087703541,0.247423695900549,0.285116829443723,0.123732563769685,0.112163870836023,0.0973032771775125,0.049,0.432939698530001,0.372199694865189,0.112163870836023,4.06297056810404,54.8871903800293,30.2788614481965,65.1320559496439,0.143384996749407,12.0183531657328,47,0.0017472118959107807
26337,862,2023,264,0.824307251839933,0.698233906187047,0.891584514407441,0.617488548477082,0.750750924959986,0.643092980056041,0.561,5.52382714375567,5.7373731147343,0.750750924959986,70.0616016427105,61.1145192806959,39.9827624546534,154.850062792548,0.507213264537765,61.5884690760799,8,0.00029739776951672863
744,863,1954,8,0.765286623257176,0.817643993642876,0.817690918687731,0.663786422001003,0.644062755622158,0.700054300139794,0.588,10.3723991174252,3.27411476460931,0.644062755622158,1.06228610540726,54.6040595215239,29.837665252101,107.518358577215,0.449087874257998,90.6931316602567,17,0.0006319702602230483
16645,864,1997,167,0.990307224165239,0.946638060097427,0.787086310563609,0.938330010799257,0.78242778633207,0.758586588420615,0.768,,39.7278514788592,0.78242778633207,44.062970568104,58.66140738985,36.1601355585564,116.722171860434,0.93878386639592,163.626959152524,5,0.0001858736059479554
8266,865,1976,83,0.80937958601271,0.954413018397222,0.319757395191118,0.782832227977313,0.273201612566845,0.31661160221056,0.274,13.2490313774852,1.38826579506552,0.273201612566845,23.0609171800137,56.6797497113877,33.0721647371621,69.5410413413526,0.491336319608956,173.094416179142,10,0.0003717472118959108
476,866,1953,5,0.15007545074545,0.495880758050653,0.354332238668576,0.113482028937222,0.0653636065770729,0.227775301128925,0.06,0.577479752114435,0.356534254975811,0.0653636065770729,0.0629705681040383,54.5097686790472,29.6907340371605,67.6357136565927,0.057186897959404,32.919801109974,37,0.00137546468401487
15148,867,1993,152,0.771659787333355,0.653795699742067,0.948618499562144,0.557635397440413,0.741297228099147,0.636588904574822,0.527,5.80592924237437,9.51522714975276,0.741297228099147,40.062970568104,58.283985688868,35.5720081475204,171.760075551042,0.454832368231171,53.78845236778,8,0.00029739776951672863
4621,868,1964,47,0.597527452632742,0.849729364013507,0.820883508538827,0.547611059228571,0.526428711603465,0.720485543365027,0.482,4.50602792637823,1.85154753918059,0.526428711603465,11.0609171800137,55.5474846084415,31.3077825040541,111.669286320215,0.323934473727609,102.033139895782,18,0.0006691449814126394
9487,869,1979,95,0.123213345629034,0.0508040453846397,0.0306785092689097,0.0147442182382471,0.0177462746052791,0.0062540871594544,0.003,0.240659789108009,0.231520491690901,0.0177462746052791,26.0616016427105,56.9628805698931,33.5133609332575,58.0079017456464,0.0382317432666243,1.62924922363408,90,0.003345724907063197
19752,870,2004,198,0.180446053175681,0.283359604661646,0.473733971593902,0.092760699456822,0.129808430235827,0.170850318500187,0.074,0.523724978839095,0.420496332223779,0.129808430235827,51.0609171800137,59.3217016182622,37.189056614414,83.5662367083166,0.0773169750632771,14.4432783164981,42,0.0015613382899628252
11932,871,1985,120,0.701189940780521,0.387398677795895,0.0292491130530834,0.331109063397512,0.0260406320246536,0.0223289649192493,0.02,0.8276743557729,0.676586374213261,0.0260406320246536,32.062970568104,57.5291422869038,34.3957533254484,58.5509206123189,0.396341598304243,22.4986017752757,30,0.0011152416356877324
25791,872,2021,258,0.260053224103097,0.682736277144768,0.772741060703993,0.2251669186423,0.225948197116303,0.571663987340994,0.167,1.42603978881547,1.03544369155633,0.225948197116303,68.062970568104,60.9259375957425,39.6889000247724,121.870032293365,0.12609742455695,58.736533941899,13,0.000483271375464684
3632,873,1961,37,0.985406338129398,0.975384688699036,0.999815119197592,0.961783236422697,0.985295887676214,0.975270533149238,0.967,,2687.07593187354,0.985295887676214,8.06297056810404,55.2646120810114,30.8669888592325,383.596636198524,0.887808214009241,210.318533696474,1,3.717472118959108e-05
14370,874,1991,144,0.693303568964617,0.99545806060932,0.659113402012736,0.691504156251311,0.482494423863723,0.658095258574362,0.462,9.00138333598878,1.53754548203454,0.482494423863723,38.0616016427105,58.0951456728393,35.2777431663655,97.0575096124699,0.390367855883853,313.396634320033,3,0.00011152416356877323
5867,875,1968,59,0.929810055809436,0.996364167219986,0.500811056699604,0.926847288569783,0.474364055103716,0.500274954837549,0.477,,4.57216611724566,0.474364055103716,15.0609171800137,55.9249063094235,31.8959099150901,78.4583567950206,0.666427956516955,327.045355681245,2,7.434944237918216e-05
4938,876,1964,50,0.984526169138341,0.803264044273788,0.872425509151071,0.794569184604756,0.860655391259556,0.719971586378819,0.706,22.2706245048276,53.9998648956362,0.860655391259556,11.0609171800137,55.5474846084415,31.3077825040541,123.300273427693,0.880328126242349,86.2660955667113,12,0.0004460966542750929
25312,877,2019,254,0.431208920616927,0.62956536161288,0.823197384364903,0.34220078951576,0.378016110214402,0.558660114008217,0.288,1.87081381187812,1.61799462124951,0.378016110214402,66.0616016427105,60.7370975797138,39.3946350436175,131.91166463888,0.223973361100135,49.9761318767973,10,0.0003717472118959108
22946,878,2013,230,0.967198453234578,0.953618326717139,0.339121965458617,0.924816142382094,0.334826847336147,0.333112886069718,0.336,,7.01596129438136,0.334826847336147,60.062970568104,60.1710941937784,38.5126452027004,76.2818801954364,0.779608642092557,172.054415496126,4,0.00014869888475836432
25814,879,2021,259,0.749490477994148,0.992448298900695,0.993794911773875,0.745910902550964,0.745501106767244,0.986847692142443,0.759,,90.2642350400883,0.745501106767244,68.062970568104,60.9259375957425,39.6889000247724,289.332000954683,0.435290584129383,282.268681850653,2,7.434944237918216e-05
7475,880,1974,75,0.285990899850188,0.664665809577323,0.192970950389281,0.243079790757068,0.0843084926934919,0.1655318412925,0.083,0.751053921316838,0.330389211690706,0.0843084926934919,21.0622861054073,56.4911680264343,32.778302307281,63.5549242251781,0.14123816733352,55.5931263967724,37,0.00137546468401487
13895,881,1990,139,0.569482784508081,0.233527318415563,0.75149005651474,0.185536751304847,0.448537429429845,0.205059685873248,0.165,1.67176964362178,1.56783322470225,0.448537429429845,37.0622861054073,58.0008548303626,35.130811951425,108.58143527815,0.30608607438575,11.1253478837185,32,0.0011895910780669145
3180,882,1959,32,0.93169900123697,0.88313702583487,0.561589387245476,0.833454239193339,0.538429140223295,0.517453166933139,0.493,10.0446323028737,4.43058638341229,0.538429140223295,6.06160164271047,55.0757720649827,30.5727238780776,80.7908497330668,0.670729741696015,116.864105044818,15,0.0005576208178438662
10160,883,1981,102,0.111498815424545,0.63326958599584,0.710063804173842,0.0960789749466775,0.106464510071647,0.472523263347937,0.09,1.53569088310223,0.701996043858374,0.106464510071647,28.062970568104,57.1517205859217,33.8076259144124,100.275645810656,0.0295147774709167,50.5412000329851,17,0.0006319702602230483
19849,884,2004,199,0.271234022023224,0.843317256358397,0.985296396072954,0.256472619328942,0.269359224859709,0.83567768253574,0.253,23.0897496020495,15.5899144547518,0.269359224859709,51.0609171800137,59.3217016182622,37.189056614414,233.242392337243,0.132654833273585,99.5786506365187,2,7.434944237918216e-05
13217,885,1989,133,0.420231615929319,0.980029959424109,0.689718169393018,0.417147584668816,0.320695454705389,0.684712135573384,0.316,12.0660518353363,0.949011197171882,0.320695454705389,36.062970568104,57.9065639878859,34.9838807364844,100.01729946823,0.217706449889429,223.004816987979,6,0.00022304832713754646
17442,886,1998,175,0.894641992129603,0.990431867771764,0.224858704023063,0.887599420908836,0.214123717747061,0.224350223065702,0.213,63.678088471758,2.113650532714,0.214123717747061,45.0622861054073,58.7556982323268,36.3070667734969,68.0601502305,0.599755106968661,267.809393508219,7,0.00026022304832713756
14985,887,1993,150,0.281900006979967,0.930947062504301,0.977154197636992,0.275763776555169,0.278682155729756,0.91542457048313,0.28,,10.189550547107,0.278682155729756,40.062970568104,58.283985688868,35.5720081475204,205.654038347606,0.138866088785213,148.176704592509,4,0.00014869888475836432
6377,888,1970,64,0.873390461696269,0.896312495199604,0.911993297515437,0.798995893625485,0.80739266838228,0.835621770154016,0.75,19.3909726917538,9.08722910572047,0.80739266838228,17.0622861054073,56.1137463254522,32.190174896245,139.085714221923,0.567757180760022,123.953139590152,8,0.00029739776951672863
6137,889,1969,62,0.0982569204094207,0.907661974959175,0.742994841421023,0.0959906717257339,0.0788124677560429,0.701192614515704,0.073,3.6980869117975,0.841890072774229,0.0788124677560429,16.062970568104,56.0194554829755,32.0432436813045,101.004141188057,0.0192419112860969,130.841288821015,10,0.0003717472118959108
9974,890,1980,100,0.963124793634781,0.937713426294361,0.979581436607987,0.906733162688452,0.946914284918689,0.922807125022146,0.911,,47.5278995647056,0.946914284918689,27.0609171800137,57.0571714123698,33.6602921481981,201.051045540931,0.763019401347602,154.350363529578,3,0.00011152416356877323
11591,891,1985,116,0.920635342227151,0.98823530912763,0.839561663335189,0.911282806958552,0.783629647658017,0.834068470325255,0.757,8.4930702007886,8.5351024089979,0.783629647658017,32.062970568104,57.5291422869038,34.3957533254484,123.310609870867,0.646796337622125,255.200822825889,5,0.0001858736059479554
11393,892,1984,114,0.549132908313977,0.921276226100685,0.344978639855981,0.52832687917363,0.226756725419883,0.333931867061716,0.214,3.35414595519335,0.601241243457844,0.226756725419883,31.0609171800137,57.4345931133518,34.2484195592341,72.0725886720998,0.29346169946583,140.345758664732,15,0.0005576208178438662
7818,893,1975,79,0.939146236152091,0.976283828647629,0.983581201639026,0.919196289767508,0.924852739891636,0.962506434269995,0.897,18.9677782668831,94.1042687301645,0.924852739891636,22.0616016427105,56.585458868911,32.9252335222215,206.130331042153,0.688713318848246,212.574019119087,1,3.717472118959108e-05
19205,894,2003,193,0.977432940698311,0.446454210288762,0.361198181984946,0.442581493013312,0.359252631123879,0.214599126387051,0.212,10.3370297842222,9.6986115528786,0.359252631123879,50.0616016427105,59.2274107757855,37.0421253994735,76.0078297253837,0.830907250257208,27.8732177930891,13,0.000483271375464684
19256,895,2003,193,0.246903923987827,0.641689924387312,0.370506844483316,0.208018841433944,0.140178063206895,0.286113641840672,0.131,0.818967773137868,0.382579403903023,0.140178063206895,50.0616016427105,59.2274107757855,37.0421253994735,76.5635835336961,0.118315331261086,51.8489925790826,34,0.0012639405204460967
7553,896,1975,76,0.879804782094001,0.999251437170162,0.891882829600945,0.879279322643414,0.78969108093681,0.891579093529904,0.798,,11.1089700164533,0.78969108093681,22.0616016427105,56.585458868911,32.9252335222215,133.876262096679,0.576940961709005,424.334920291188,1,3.717472118959108e-05
17401,897,1998,175,0.785801914031431,0.300920610557174,0.982594000874087,0.275780600977648,0.776278973683296,0.299424235488785,0.276,32.4291823953593,25.3708624580866,0.776278973683296,45.0622861054073,58.7556982323268,36.3070667734969,221.082910415016,0.46798476581404,15.6911533314055,8,0.00029739776951672863
7129,898,1973,72,0.203182208071178,0.986408241465337,0.939529347466305,0.202460812332272,0.197609412788578,0.930842299890355,0.185,11.9099171915446,3.64312944101311,0.197609412788578,20.062970568104,56.3968771839576,32.6313710923404,154.388412287674,0.0917259801949938,246.404021286147,4,0.00014869888475836432
22900,899,2013,230,0.974196660023753,0.847268092136668,0.275445286650211,0.830638959899614,0.2731203295846,0.256338416598005,0.26,62.7418055148649,8.51847423910107,0.2731203295846,60.062970568104,60.1710941937784,38.5126452027004,72.6761016337281,0.812808147706065,101.078451956116,5,0.0001858736059479554
17218,900,1998,173,0.477700889991767,0.579209045282634,0.225390118546784,0.353205015891557,0.13513897924855,0.175901893126915,0.12,0.763516627103894,0.462911559731049,0.13513897924855,45.0622861054073,58.7556982323268,36.3070667734969,68.0853561078841,0.250797050126389,42.8530603663294,35,0.0013011152416356876
25932,901,2021,260,0.878091315116545,0.767947003072283,0.974258129252121,0.702050744310166,0.860154466984347,0.755953791786083,0.684,14.4273541761663,25.6245253662914,0.860154466984347,68.062970568104,60.9259375957425,39.6889000247724,219.690384428825,0.574451070217337,76.6822268341819,9,0.0003345724907063197
22489,902,2012,225,0.593168667797246,0.317120141085193,0.0753225234802812,0.2514180848256,0.057415051106682,0.0473857173497246,0.04,0.604946915435804,0.514239471159871,0.057415051106682,59.0609171800137,60.0765450202264,38.365311436486,63.0865886826602,0.321122672046515,16.8804786279717,55,0.0020446096654275093
12271,903,1987,123,0.551749568086347,0.614410683489734,0.946169106988236,0.413606934385845,0.529095979611485,0.597258374370688,0.388,5.04643606785262,6.41492274494986,0.529095979611485,34.0616016427105,57.7177239718572,34.6896157553295,166.518545419503,0.295071130156102,47.7264794238616,9,0.0003345724907063197
19504,904,2004,196,0.0288463093590593,0.564763827310475,0.178617341909558,0.0240722612561704,0.0128698643482325,0.129475095296613,0.01,0.520576105939897,0.248321898629592,0.0128698643482325,51.0609171800137,59.3217016182622,37.189056614414,66.6738658151614,-0.0488201438756871,40.9815008797499,28,0.0010408921933085502
25536,905,2020,256,0.945672360802491,0.972138775460928,0.998376291710883,0.921774316449656,0.94445946066025,0.971004624382073,0.932,,486.845262249974,0.94445946066025,67.0609171800137,60.8313884221905,39.541566258558,358.244185981679,0.706050295968543,202.816486251668,1,3.717472118959108e-05
2847,906,1959,29,0.937808913284874,0.25603551290278,0.450805459404364,0.251247156810448,0.433210279990933,0.147109215570114,0.151,5.56842995439903,4.48471647066142,0.433210279990933,6.06160164271047,55.0757720649827,30.5727238780776,73.6637757273816,0.685354005807408,12.5841125324938,23,0.0008550185873605948
7987,907,1975,80,0.289743404024449,0.826117949488407,0.9807368372567,0.271374743063482,0.286097669307657,0.818097293305915,0.267,16.70632343069,12.8062059681356,0.286097669307657,22.0616016427105,56.585458868911,32.9252335222215,199.749223432123,0.143409458501975,93.4746798717952,6,0.00022304832713754646
20145,908,2005,202,0.966325069516374,0.983412773842961,0.86028432380408,0.951259041239747,0.839402152424879,0.850478559173483,0.827,48.5721526644132,15.6338439868554,0.839402152424879,52.062970568104,59.4162507918142,37.3363903806284,136.477341156586,0.775908088861969,234.282847432807,4,0.00014869888475836432
24422,909,2016,245,0.974998112187306,0.78362482469017,0.980576641391963,0.770309064276071,0.956446729255366,0.777568218308154,0.764,177.867332770081,229.364196138146,0.956446729255366,63.0609171800137,60.4539667212085,38.953438847522,229.439495176193,0.817096920254672,80.7346593462338,4,0.00014869888475836432
16574,910,1996,166,0.215203890440141,0.309332126799549,0.779264539247379,0.115560458950071,0.188786493686888,0.270121973732644,0.102,1.18575877705634,1.02924039012992,0.188786493686888,43.0609171800137,58.5668582162981,36.012801792342,114.992998172895,0.0991655663438787,16.3040488690249,25,0.0009293680297397769
16520,911,1996,166,0.818012704831777,0.353715015986243,0.993917593499646,0.3277551763124,0.814574030906111,0.352895796951693,0.325,43.6710795795809,75.650616826693,0.814574030906111,43.0609171800137,58.5668582162981,36.012801792342,266.735259857822,0.500403424733428,19.709003420397,3,0.00011152416356877323
20530,912,2006,206,0.0755045065711652,0.643030561309344,0.745231606531888,0.0659168252317528,0.0683036140225468,0.52095019404905,0.063,1.55758437455851,0.807860479494189,0.0683036140225468,53.0622861054073,59.5105416342909,37.4833215955689,112.482185826131,0.0002404751746736,52.0602710774919,18,0.0006691449814126394
26727,913,2024,268,0.669459595355143,0.889038827190437,0.811529504833743,0.624931928918864,0.559208656205673,0.742404788842032,0.529,7.26811622458814,2.55690533396887,0.559208656205673,71.0609171800137,61.2088101231726,40.129693669594,130.92900160704,0.372848500376116,119.93277140916,9,0.0003345724907063197
9209,914,1979,93,0.959424860740852,0.986963245896959,0.525794565910473,0.947822149148645,0.515556344099596,0.523458398158632,0.55,,6.59262762411613,0.515556344099596,26.0616016427105,56.9628805698931,33.5133609332575,82.4201769418032,0.749265105172312,248.943578097103,9,0.0003345724907063197
10600,915,1982,107,0.881559961725432,0.777073447351373,0.649175462312996,0.71151290205124,0.587171527780636,0.547532880575534,0.49,4.13151103524022,3.54383075262555,0.587171527780636,29.0622861054073,57.2460114283984,33.954557129353,93.7203130985848,0.579520347201724,79.0051215970876,13,0.000483271375464684
3072,916,1959,31,0.0676142810912496,0.269140965414591,0.775069778552279,0.0360051782161458,0.0599992729123699,0.230056112302092,0.036,1.12211067347314,0.920322130197941,0.0599992729123699,6.06160164271047,55.0757720649827,30.5727238780776,102.359721295839,-0.0068696836619903,13.463522786082,37,0.00137546468401487
18077,917,2000,181,0.426421896963551,0.540962914550827,0.868558946065605,0.30691625512668,0.407947453090735,0.474590911824555,0.286,2.9624862237927,1.77043464339577,0.407947453090735,47.0609171800137,58.9442799172801,36.600929203378,136.946577207343,0.221238092081803,38.0432999723911,18,0.0006691449814126394
997,918,1954,10,0.0309174731996797,0.909500441864569,0.473077965434641,0.0302816007926248,0.0206837975123643,0.448869243327306,0.021,3.06097018876206,0.387080522646741,0.0206837975123643,1.06228610540726,54.6040595215239,29.837665252101,74.0176963638294,-0.0461106588399049,132.037967295949,9,0.0003345724907063197
13310,919,1989,134,0.422353622619638,0.398630608140265,0.472242894815281,0.243097775204873,0.235292053458004,0.252871370468085,0.165,0.732509306971689,0.587034401256282,0.235292053458004,36.062970568104,57.9065639878859,34.9838807364844,80.6114201719955,0.218916431181986,23.4713293941275,30,0.0011152416356877324
15459,920,1994,155,0.274066128367665,0.849648049857807,0.674272316275164,0.259812989843118,0.216184532074465,0.60337065108101,0.201,2.48812918238679,0.746697485551462,0.216184532074465,41.0622861054073,58.3782765313447,35.718939362461,99.5405843736939,0.134308049275467,102.00134291901,12,0.0004460966542750929
13927,921,1991,140,0.975263385983344,0.961238331430443,0.942483925959095,0.939070650483965,0.921302629514661,0.912421707499724,0.883,18.5025102058512,56.2537652227369,0.921302629514661,38.0616016427105,58.0951456728393,35.2777431663655,166.057681279941,0.818542937952879,182.865848462933,5,0.0001858736059479554
22505,922,2012,226,0.0096944991729691,0.554676140155464,0.772585505619645,0.0080620396121145,0.0086726111790549,0.477852876182636,0.005,1.31034651816419,0.8834210762988,0.0086726111790549,59.0609171800137,60.0765450202264,38.365311436486,118.960026692916,-0.0802371922910137,39.7148607595462,5,0.0001858736059479554
5170,923,1965,52,0.458603321333082,0.775650621812302,0.238681357121095,0.408077749967069,0.13735579362414,0.203617118503426,0.123,1.30620466563285,0.454472000332847,0.13735579362414,12.062970568104,55.6420337819934,31.4551162702685,64.2762530542659,0.239713516230203,78.6365134295424,29,0.0010780669144981412
1114,924,1955,12,0.507088300887489,0.593471810902621,0.890098570147529,0.377123394230185,0.466844287184023,0.550445955147481,0.332,2.78726397428409,2.87119464167577,0.466844287184023,2.06160164271047,54.6983503640006,29.9845964670416,124.540307867506,0.268085473012861,44.7717819150855,19,0.0007063197026022305
17106,925,1998,172,0.983279979338807,0.216065076475241,0.0222826423123479,0.215099331019791,0.0222412597418317,0.0140308770687014,0.014,12.7034378526314,11.9913867614762,0.0222412597418317,45.0622861054073,58.7556982323268,36.3070667734969,59.5743073237586,0.870359215186483,10.0375176967742,7,0.00026022304832713756
8958,926,1978,90,0.697367632896117,0.985179037882308,0.888569407165051,0.691369409304215,0.64198992806437,0.879743599910296,0.63,16.6849375973965,3.56805879455444,0.64198992806437,25.0622861054073,56.8685897274164,33.366429718317,134.075357192106,0.39343442727029,241.132674507115,5,0.0001858736059479554
21074,927,2007,211,0.998536272547907,0.971946925847353,0.863495649769902,0.970597979285402,0.862661040230121,0.847210782403244,0.844,80.2905311712615,317.90542930963,0.862661040230121,54.0616016427105,59.6048324767676,37.6302528105095,138.23456039562,1.15093379660138,202.401140346179,1,3.717472118959108e-05
13387,928,1989,134,0.0679582286715857,0.29302160904668,0.0756119219586253,0.0384036718297612,0.0104885666372503,0.0452582916763814,0.005,0.306485804883174,0.230702216387541,0.0104885666372503,36.062970568104,57.9065639878859,34.9838807364844,60.6623012581621,-0.0065529146735424,15.1246084128612,52,0.001933085501858736
18838,929,2002,189,0.18458741722251,0.948157478920136,0.175778873963282,0.182030092657932,0.0686766618406237,0.161364938707729,0.066,5.32652630254537,0.282362094762357,0.0686766618406237,49.0622861054073,59.1331199333088,36.8951941845329,66.2987133230564,0.0799784001775309,165.362104226073,13,0.000483271375464684
4810,930,1964,49,0.150839774086207,0.0503482949946153,0.994357460411265,0.0173405747264892,0.150709234374993,0.0500827230000752,0.019,55.7568593543813,36.2844710529935,0.150709234374993,11.0609171800137,55.5474846084415,31.3077825040541,239.525685648378,0.0577085469443996,1.61138242335745,5,0.0001858736059479554
327,931,1953,4,0.671590952612067,0.158242135659451,0.934602502500638,0.138615696841421,0.637885931973796,0.153604739498148,0.139,7.4988439947423,6.31064592636939,0.637885931973796,0.0629705681040383,54.5097686790472,29.6907340371605,141.015320139514,0.374383567404365,6.7017684742809,13,0.000483271375464684
4902,932,1964,50,0.920076365795427,0.71652664674176,0.843050963943824,0.68041918084331,0.782685980813114,0.627356405736051,0.599,16.9382562031207,10.2256540721905,0.782685980813114,11.0609171800137,55.5474846084415,31.3077825040541,116.175157900666,0.645661518027815,65.1620095871162,17,0.0006319702602230483
13151,933,1989,132,0.767378078090515,0.221387853323697,0.58111591427587,0.202919520593197,0.458228039979755,0.178863469238047,0.165,1.9024213083397,1.82258837935758,0.458228039979755,36.062970568104,57.9065639878859,34.9838807364844,88.9919141013138,0.45096117537254,10.3650941400072,26,0.000966542750929368
49,934,1952,1,0.778359718536104,0.972674186799486,0.565966817317531,0.764015202216793,0.471168381288887,0.558720453846353,0.46,11.8319988453424,1.57676671538251,0.471168381288887,-0.939082819986311,54.4152195054952,29.5434002709461,79.5730139297776,0.460991037750922,203.991092018695,9,0.0003345724907063197
23333,935,2014,234,0.357266326444379,0.964522247786774,0.409267052775249,0.352969079236502,0.181550496405937,0.404194039448954,0.179,6.97885697372937,0.481907833961016,0.181550496405937,61.0622861054073,60.2653850362551,38.6595764176409,80.874339202612,0.181973434467384,188.207412285561,10,0.0003717472118959108
11960,936,1985,120,0.774954365680447,0.962582979056192,0.908108058618382,0.755386424695159,0.719990190153022,0.883554712241541,0.716,,5.41597888130258,0.719990190153022,32.062970568104,57.5291422869038,34.3957533254484,144.518354202595,0.457845029067248,184.995514184268,12,0.0004460966542750929
18309,937,2001,184,0.988676217586334,0.992449177538578,0.987531387712806,0.981367880846194,0.977298244749202,0.982053421525373,0.963,22.0683219549303,183.37865917902,0.977298244749202,48.062970568104,59.0388290908321,36.7482629695924,238.344606119085,0.919666861906718,282.275795824979,2,7.434944237918216e-05
25248,938,2019,253,0.0029870944316843,0.358321834107516,0.912202545907348,0.0019873145272596,0.0029334833323153,0.346869241295124,0.0,2.5549778632972,2.27936221137831,0.0029334833323153,66.0616016427105,60.7370975797138,39.3946350436175,162.384332168837,-0.0986094396993041,20.079636799406,3,0.00011152416356877323
9126,939,1979,92,0.989913748853955,0.946361092771493,0.597198037663475,0.937722080929054,0.594090478451827,0.582051997647827,0.603,,28.6586658187652,0.594090478451827,26.0616016427105,56.9628805698931,33.5133609332575,88.1107664354161,0.933921399832188,163.316075032297,4,0.00014869888475836432
26624,940,2024,267,0.940898175332995,0.843284264272633,0.920576758682728,0.805030571195745,0.871183955550082,0.793001295518867,0.754,19.1266321187932,20.5993981259809,0.871183955550082,71.0609171800137,61.2088101231726,40.129693669594,169.283693015924,0.693208539801593,99.5662910944425,10,0.0003717472118959108
11903,941,1985,120,0.937797634203429,0.706735853078574,0.997488932218403,0.679824343052386,0.935917270190339,0.706215361437383,0.684,,317.106080519322,0.935917270190339,32.062970568104,57.5291422869038,34.3957533254484,296.046518801601,0.685325929979906,63.2199375701107,1,3.717472118959108e-05
8065,942,1976,81,0.756149683645534,0.385261150154013,0.444792275782675,0.342590649822238,0.357203782653668,0.24198444298521,0.198,1.26923070235121,1.27990315146543,0.357203782653668,23.0609171800137,56.6797497113877,33.0721647371621,76.416855382096,0.441033850549272,22.3159621990358,37,0.00137546468401487
8026,943,1976,81,0.0267256920425183,0.189771385018967,0.859589589759707,0.011289331976671,0.0249033447069938,0.183488458480811,0.011,1.50835854993744,1.44312573397776,0.0249033447069938,23.0609171800137,56.6797497113877,33.0721647371621,124.759367324751,-0.0516852170276051,8.47032359464589,17,0.0006319702602230483
12210,944,1987,123,0.343483455971877,0.543963050574042,0.0901719108223915,0.25617270413601,0.0410144171177287,0.0706525480967878,0.038,0.567824907993054,0.329294508567027,0.0410144171177287,34.0616016427105,57.7177239718572,34.6896157553295,61.0033144666211,0.174153358150499,38.4041901392095,33,0.0012267657992565055
22876,945,2013,229,0.717462393179023,0.948827380927808,0.980111751938239,0.694773860289732,0.708640294980195,0.93392068718775,0.689,103.449181259632,18.0731331562676,0.708640294980195,60.062970568104,60.1710941937784,38.5126452027004,226.144687207318,0.408982731283133,166.143566029156,5,0.0001858736059479554
23207,946,2014,233,0.349076797573912,0.95084098128227,0.952331790002063,0.343235804525185,0.339015339764938,0.912798283865993,0.333,20.4084562768627,5.3181938976027,0.339015339764938,61.0622861054073,60.2653850362551,38.6595764176409,186.94035603728,0.17732851576727,168.556505393464,4,0.00014869888475836432
1655,947,1956,17,0.738887793087431,0.607062930920843,0.465356154832989,0.508455305753829,0.38177937075752,0.296596157700347,0.257,1.68742259212429,1.12653574595934,0.38177937075752,3.06091718001369,54.7926412064773,30.1315276819821,73.9456041597727,0.426351363820929,46.670099409229,30,0.0011152416356877324
11864,948,1985,119,0.394437456929238,0.922348616026385,0.892463649623096,0.382871852915758,0.359560036772383,0.837989463851419,0.348,8.63124396974825,2.75258663173673,0.359560036772383,32.062970568104,57.5291422869038,34.3957533254484,138.478087845156,0.203041652572439,141.16436174665,9,0.0003345724907063197
23990,949,2015,240,0.0840381878498191,0.0531751876130297,0.352374945068732,0.0109825515214932,0.0394287912558515,0.0404992858038928,0.005,0.335389096299489,0.331666346030651,0.0394287912558515,62.0616016427105,60.3596758787318,38.8065076325815,77.3956621504436,0.0076011117345928,1.72282501007074,51,0.001895910780669145
11546,950,1985,116,0.62777514526101,0.575628072062436,0.74999154615216,0.434430888662424,0.502161471118611,0.482343824635815,0.364,1.9696395633042,1.60778451052035,0.502161471118611,32.062970568104,57.5291422869038,34.3957533254484,106.830380169358,0.343881984414996,42.3825566868758,25,0.0009293680297397769
5919,951,1968,60,0.992437863022367,0.943260588005212,0.983160763513297,0.936844973383865,0.975913081257092,0.931397383201908,0.936,,636.021615740045,0.975913081257092,15.0609171800137,55.9249063094235,31.8959099150901,199.813183366954,0.968687593613826,159.943009633293,3,0.00011152416356877323
9505,952,1980,96,0.452048776896189,0.404175991392729,0.668582332087681,0.25856521659143,0.358621796914928,0.31066832037109,0.218,1.0807992933317,0.840369015017663,0.358621796914928,27.0609171800137,57.0571714123698,33.6602921481981,95.2322440102336,0.2359321899927,23.9597949036392,42,0.0015613382899628252
11624,953,1985,117,0.921126144532202,0.640647073210458,0.178389359032735,0.612490607498148,0.171686082791296,0.148589679188814,0.152,4.92564823841926,2.7712123436437,0.171686082791296,32.062970568104,57.5291422869038,34.3957533254484,64.3194429141125,0.647798143055877,51.6852327631397,25,0.0009293680297397769
18232,954,2001,183,0.859246446896498,0.902064468789735,0.611522881314158,0.791794199263679,0.563837189485184,0.559842593343572,0.508,5.77364120510845,2.14896955040205,0.563837189485184,48.062970568104,59.0388290908321,36.7482629695924,94.5844560502945,0.548710982946347,127.342164171233,11,0.00040892193308550185
16545,955,1996,166,0.323222453466721,0.99621335791757,0.871830039424822,0.322843727214058,0.300233440143951,0.869888179000169,0.318,,1.90148506192903,0.300233440143951,43.0609171800137,58.5668582162981,36.012801792342,136.316643962952,0.162623295858908,324.551424943206,5,0.0001858736059479554
1612,956,1956,17,0.952271546050182,0.747596435518522,0.904734476702288,0.724455600567787,0.868180034863353,0.691781787443309,0.675,41.5371693192544,17.898673995996,0.868180034863353,3.06091718001369,54.7926412064773,30.1315276819821,129.7803140967,0.725462360134094,71.8294813862361,8,0.00029739776951672863
1527,957,1956,16,0.64612371209923,0.966380738914489,0.956179245607927,0.634389362122025,0.625922872510393,0.931289229705483,0.611,16.7816662282501,8.46743104986162,0.625922872510393,3.06091718001369,54.7926412064773,30.1315276819821,156.463909115572,0.356398591368207,191.456717624762,8,0.00029739776951672863
2377,958,1957,24,0.998431479160187,0.930723445551133,0.612235204549506,0.929442510494862,0.611779595025283,0.592036750324441,0.565,7.44359802004463,179.708838609546,0.611779595025283,4.06297056810404,54.8871903800293,30.2788614481965,84.2332857740601,1.1437249918023,147.983326606045,3,0.00011152416356877323
7095,959,1973,71,0.999573004690707,0.940749532952423,0.659623808693141,0.940390472178651,0.659519654242778,0.642725418479579,0.647,,619.500272248533,0.659519654242778,20.062970568104,56.3968771839576,32.6313710923404,92.4879514639902,1.27388761561994,157.345578252667,2,7.434944237918216e-05
23645,960,2015,237,0.842314866541323,0.998332710319901,0.190283974865451,0.841268676723694,0.177420357210688,0.190248844207776,0.177,198.742671287266,1.38101026556577,0.177420357210688,62.0616016427105,60.3596758787318,38.8065076325815,68.5922039230594,0.527741612113342,374.969856774423,1,3.717472118959108e-05
13828,961,1990,139,0.141379554311039,0.189550981398977,0.35056872246787,0.0544184561730663,0.0635816165567516,0.104440540306051,0.03,0.391434355623044,0.349874624313773,0.0635816165567516,37.0622861054073,58.0008548303626,35.130811951425,73.3233220237294,0.0511882944702832,8.45754273347829,52,0.001933085501858736
25328,962,2019,254,0.991339012907176,0.729999173805358,0.962315802462399,0.726132937468359,0.954681396873555,0.715000976768066,0.698,14.1229753067773,194.82135536681,0.954681396873555,66.0616016427105,60.7370975797138,39.3946350436175,200.593974741024,0.95243304735972,67.9535815889214,5,0.0001858736059479554
25450,963,2020,255,0.838336212978263,0.82514492567434,0.828685869229957,0.72067229614299,0.716360649398853,0.715685867194453,0.633,7.25905257611011,4.05362399818477,0.716360649398853,67.0609171800137,60.8313884221905,39.541566258558,133.627368523261,0.523061867261746,93.1482409544091,11,0.00040892193308550185
24726,964,2017,248,0.921726237047702,0.890813874387827,0.920589930610731,0.832445929922977,0.854801687242675,0.839387455395956,0.808,,16.0185564285548,0.854801687242675,64.062970568104,60.5485158947604,39.1007726137364,165.859692705031,0.649029968361328,120.888473709388,7,0.00026022304832713756
17680,965,1999,177,0.882893957525906,0.286915260932737,0.860198568552732,0.275571847457043,0.789448513522501,0.261299750184555,0.259,5.36015926484193,4.31443727182393,0.789448513522501,46.0616016427105,58.8499890748034,36.4539979884375,134.06526989062,0.581500823397374,14.6925310859469,13,0.000483271375464684
11159,966,1983,112,0.726372765613279,0.791714778177857,0.614001174690202,0.620398610105083,0.479986562127596,0.543405768870947,0.406,1.89210780093688,1.43253523490133,0.479986562127596,30.0616016427105,57.3403022708751,34.1014883442935,90.5541749666853,0.41609959377756,82.9472864758405,21,0.0007806691449814126
11592,967,1985,116,0.809258220510922,0.334290152899167,0.297961095813662,0.308999626071117,0.263499348483325,0.152366021100938,0.133,1.33018057098782,1.27975402383364,0.263499348483325,32.062970568104,57.5291422869038,34.3957533254484,69.8009543237533,0.491210985158292,18.1825007432115,42,0.0015613382899628252
4056,968,1961,41,0.999896567191408,0.770521277307721,0.964852986857295,0.770469212843679,0.9648146529883,0.755370360700489,0.751,45.6267326963921,3072.24666390847,0.9648146529883,8.06297056810404,55.2646120810114,30.8669888592325,167.368836140678,1.40460550405901,77.327639331298,1,3.717472118959108e-05
18483,969,2001,185,0.332396461909858,0.321362523387885,0.245031725848094,0.170521386163061,0.129953233406541,0.0986277825735171,0.068,0.462629172804991,0.361974541380703,0.129953233406541,48.062970568104,59.0388290908321,36.7482629695924,69.4379071403296,0.16785051992817,17.1981574868047,53,0.001970260223048327
19201,970,2003,193,0.373588574887969,0.272612260099784,0.370700396830216,0.162638741040862,0.196041730594262,0.147640078021566,0.092,0.503246800099343,0.442720041151676,0.196041730594262,50.0616016427105,59.2274107757855,37.0421253994735,76.5752303659133,0.191223295166974,13.7002319895813,45,0.0016728624535315986
8319,971,1977,84,0.438597116401218,0.934152385290879,0.838723439956084,0.427080042892437,0.388670553292527,0.803257537504969,0.387,9.73937811700772,1.79613835208584,0.388670553292527,24.062970568104,56.7742988849397,33.2194985033764,120.117242420303,0.228202929188269,151.020776690808,9,0.0003345724907063197
6898,972,1972,69,0.667239592436613,0.931624677956401,0.89337141928263,0.640935969747288,0.622650665825684,0.849427250339848,0.611,20.4536700991576,3.2237446014264,0.622650665825684,19.0609171800137,56.3023280104056,32.4840373261261,133.058635312712,0.371255672284486,148.766600455834,11,0.00040892193308550185
19196,973,2003,192,0.990283940047044,0.601135056659292,0.990283401915804,0.598275208590379,0.981256544445531,0.598633465493765,0.583,14.8557286938123,290.190481063167,0.981256544445531,50.0616016427105,59.2274107757855,37.0421253994735,251.433313303316,0.938491229652372,45.8334408023175,2,7.434944237918216e-05
24634,974,2017,247,0.776339995860857,0.711517667169198,0.994112290907651,0.601128298369581,0.772596243578655,0.71029596284583,0.604,,93.2854612805136,0.772596243578655,64.062970568104,60.5485158947604,39.1007726137364,288.192416667202,0.459121146596719,64.1597232483757,4,0.00014869888475836432
15019,975,1993,151,0.902664408631627,0.999905490895515,0.908366235205904,0.902593407964549,0.831016977333246,0.908332649077713,0.824,28.5432944961772,10.0068379246684,0.831016977333246,40.062970568104,58.283985688868,35.5720081475204,148.360248683495,0.613170323156496,552.387748951879,1,3.717472118959108e-05
14348,976,1991,144,0.725476760681454,0.902084490324568,0.989721735939384,0.679436647541767,0.719982008898,0.896132992406852,0.658,9.86744961136442,41.8102825730914,0.719982008898,38.0616016427105,58.0951456728393,35.2777431663655,238.673760131047,0.415377320624661,127.354312626538,4,0.00014869888475836432
19358,977,2003,194,0.398206434550523,0.821345606171952,0.0402707816101611,0.367758749445038,0.0270337084653022,0.0384375799825476,0.02,1.30371964101941,0.339814448765755,0.0270337084653022,50.0616016427105,59.2274107757855,37.0421253994735,60.7514947912821,0.205180442544087,91.8913600743233,31,0.0011524163568773233
4978,978,1964,50,0.206431105194519,0.34376337271416,0.916666293283924,0.120394508882876,0.196100181713419,0.324132294863644,0.109,3.08802980477538,2.73962157519743,0.196100181713419,11.0609171800137,55.5474846084415,31.3077825040541,138.166728917985,0.0937476426251641,18.9197110636173,19,0.0007063197026022305
18628,979,2002,187,0.158828589053398,0.44496316988397,0.92373435315676,0.112436999420724,0.154891110155546,0.421306401365913,0.103,3.44184324408892,2.76517442210084,0.154891110155546,49.0622861054073,59.1331199333088,36.8951941845329,160.188678276379,0.0631104615288157,27.729228829765,9,0.0003345724907063197
15651,980,1995,157,0.973462318007646,0.954327260569031,0.992954557994381,0.931002211144059,0.966946375535725,0.949237217604135,0.927,,377.715157939746,0.966946375535725,42.0616016427105,58.4725673738214,35.8658705774015,259.08318410355,0.80897936790004,172.981305686068,2,7.434944237918216e-05
16672,981,1997,167,0.95380451526861,0.202815885824183,0.605598595226184,0.200263846710462,0.589850551719956,0.155773087442253,0.154,6.74115881895625,6.56869647997594,0.589850551719956,44.062970568104,58.66140738985,36.1601355585564,93.0657082330826,0.730294658375032,9.23726771077104,15,0.0005576208178438662
11424,982,1984,115,0.886795302662107,0.645562973603026,0.970286577008665,0.603277217849436,0.864247546939865,0.636648669120525,0.58,9.28997611971249,27.9108689378655,0.864247546939865,31.0609171800137,57.4345931133518,34.2484195592341,188.599859265905,0.587396104828618,52.4617132563424,8,0.00029739776951672863
4553,983,1963,46,0.772099793772551,0.731084728857842,0.956651041517034,0.612126915981927,0.742943623351028,0.709512980872357,0.605,,14.0916639587774,0.742943623351028,10.0616016427105,55.4531937659648,31.1608512891136,160.989623057089,0.455232991041658,68.1848812580783,10,0.0003717472118959108
20377,984,2005,204,0.975409695514006,0.275764881399195,0.920619631418958,0.273762626888821,0.902833336885722,0.262677804682691,0.266,135.175310966048,29.3944308413208,0.902833336885722,52.062970568104,59.4162507918142,37.3363903806284,159.991139134747,0.819346286026364,13.9165958320295,6,0.00022304832713754646
23240,985,2014,233,0.867177482587246,0.612183607569131,0.688227948965505,0.566705621188462,0.612236809491623,0.47771362582674,0.445,4.53854179085731,3.51918266375872,0.612236809491623,61.0622861054073,60.2653850362551,38.6595764176409,106.604728495851,0.559199198670043,47.4039940618137,23,0.0008550185873605948
5385,986,1967,54,0.423245240229498,0.881705083103758,0.887674522120506,0.4025309560671,0.390153412811205,0.798444621979701,0.371,7.27163113270682,2.5241800527408,0.390153412811205,14.0616016427105,55.8306154669468,31.7489787001496,129.012689109437,0.219425036193984,116.143489655325,13,0.000483271375464684
1214,987,1955,13,0.0459797284922433,0.979195406210885,0.0418419206980616,0.0457781712136348,0.0056392495079345,0.0414004801570259,0.006,10.1005787974164,0.217908220468627,0.0056392495079345,2.06160164271047,54.6983503640006,29.9845964670416,55.9812808349331,-0.0283961412210265,220.519447825495,5,0.0001858736059479554
7746,988,1975,78,0.415827020875755,0.957519886500384,0.900535938562825,0.409210248374505,0.386218457616487,0.871794520667375,0.392,149.211337573683,2.8630530912634,0.386218457616487,22.0616016427105,56.585458868911,32.9252335222215,136.938009681734,0.215196948796388,177.344543085657,6,0.00022304832713754646
25019,989,2018,251,0.843092601778229,0.461703471171188,0.462938131764531,0.42854471712054,0.403071611185202,0.274680719927923,0.267,2.79474640977473,2.0609871309792,0.403071611185202,65.0622861054073,60.6428067372371,39.2477038286769,85.4079431880647,0.528666675814553,29.3724905218713,25,0.0009293680297397769
14001,990,1991,141,0.842284765902222,0.857950473867137,0.508607061346993,0.747063653588049,0.445619429604403,0.468568760571151,0.422,6.57688286601291,2.11131702932885,0.445619429604403,38.0616016427105,58.0951456728393,35.2777431663655,83.59206602181,0.527705878099563,105.342860706032,16,0.0005947955390334573
21776,991,2009,218,0.355955748909042,0.250593227258289,0.108762534102425,0.146140051632429,0.0452247503859881,0.056831478539095,0.03,0.3977054224282,0.344526738702064,0.0452247503859881,56.062970568104,59.7936724927963,37.9245177916644,64.1725395124084,0.181230363263331,12.225470377794,55,0.0020446096654275093
16901,992,1997,170,0.391243155693037,0.868837466887228,0.200249513611197,0.370693808081896,0.120588973774126,0.19476400545241,0.124,1.96624640905655,0.378003018184719,0.120588973774126,44.062970568104,58.66140738985,36.1601355585564,66.7850141299992,0.20122972677837,110.042684717439,19,0.0007063197026022305
20556,993,2006,206,0.904847523139827,0.633933841931961,0.774646987905726,0.600198566170854,0.719376012146673,0.530462626604303,0.5,5.46315957419836,5.01485637395887,0.719376012146673,53.0622861054073,59.5105416342909,37.4833215955689,117.406856679134,0.616973382738,50.6431831747037,24,0.0008921933085501858
7989,994,1975,80,0.649650996471003,0.726261614926656,0.190648969030008,0.531589344868788,0.136799489424963,0.17355932799966,0.132,1.39483065568342,0.674537339396528,0.136799489424963,22.0616016427105,56.585458868911,32.9252335222215,63.5853120166916,0.358845044474386,67.1646529912207,41,0.0015241635687732343
3509,995,1960,36,0.678548602035936,0.0963493157268369,0.609065973665565,0.0856327367204574,0.509580308062167,0.0760044468352487,0.061,0.883963834531067,0.901039984293729,0.509580308062167,7.06091718001369,55.1700629074594,30.7196550930181,84.6817543285991,0.379435537753974,3.58644468713648,21,0.0007806691449814126
14065,996,1991,141,0.846294776856731,0.931774752323811,0.785888977814466,0.8015635577523,0.678352479360303,0.750041431893684,0.649,11.7654242575102,4.33193685436998,0.678352479360303,38.0616016427105,58.0951456728393,35.2777431663655,114.526063635503,0.532512037848362,148.898051093437,12,0.0004460966542750929
24930,997,2017,250,0.010905868805454,0.137336224077492,0.257233032025397,0.0036002238656374,0.0055597449759145,0.0666193978393925,0.005,0.300614346704194,0.271215550235595,0.0055597449759145,64.062970568104,60.5485158947604,39.1007726137364,72.2592872137357,-0.0776737309629122,5.59572106502012,40,0.001486988847583643
21273,998,2008,213,0.345684728904966,0.0938890507108944,0.458112935069948,0.0584420681181539,0.199178811568573,0.0688734238995078,0.045,0.521094438421559,0.505841012443881,0.199178811568573,55.0609171800137,59.6991233192443,37.77718402545,83.1883323531544,0.175403261563201,3.47285731922248,46,0.0017100371747211895
4342,999,1963,44,0.0728125253789872,0.961392731895964,0.972022379748523,0.0721827466693818,0.0706203774547907,0.938713481279646,0.065,19.4382947450864,7.75630546772671,0.0706203774547907,10.0616016427105,55.4531937659648,31.1608512891136,177.016846345641,-0.0021498574297697,183.106557629105,2,7.434944237918216e-05
15738,1000,1995,158,0.95677136404258,0.973989923329641,0.793692386709154,0.933752475769125,0.765069056138304,0.780552681815989,0.77,,13.6936541007838,0.765069056138304,42.0616016427105,58.4725673738214,35.8658705774015,117.279202548795,0.740047121689886,206.979329271444,8,0.00029739776951672863
10081,1001,1981,101,0.42211552851199,0.119408412565115,0.956191175151616,0.0832424745886086,0.41893429959739,0.11344813335856,0.07,4.17451202576803,4.9227623590125,0.41893429959739,28.062970568104,57.1517205859217,33.8076259144124,171.237751801865,0.218780635457194,4.69031999755445,8,0.00029739776951672863
14452,1002,1992,145,0.589285373735806,0.458850582865093,0.703135215910152,0.345680722266977,0.441920624981862,0.375791189889705,0.26,1.31473971778881,1.33779232593912,0.441920624981862,39.0609171800137,58.189436515316,35.4246743813061,102.488786504404,0.31862982022787,29.0882501298224,18,0.0006691449814126394
14859,1003,1992,149,0.99956656652047,0.665991450902355,0.23613868211396,0.665834741108476,0.236125596498211,0.200616487954624,0.216,,475.796399204242,0.236125596498211,39.0609171800137,58.189436515316,35.4246743813061,67.7936132619468,1.27245105777234,55.8174955373281,1,3.717472118959108e-05
13710,1004,1990,138,0.428591673128637,0.917390704529874,0.94512887345627,0.414420081072841,0.415571452602656,0.877366465550929,0.403,15.0980450684487,4.77886906236101,0.415571452602656,37.0622861054073,58.0008548303626,35.130811951425,167.412325819047,0.222477408028699,137.4720493975,6,0.00022304832713754646
21222,1005,2008,213,0.511896776475388,0.200089639515526,0.840779017424211,0.151409550476657,0.457037681046202,0.189156692646065,0.135,1.82085531790758,1.91640842714015,0.457037681046202,55.0609171800137,59.6991233192443,37.77718402545,132.261703840712,0.270945873868513,9.07526751719083,20,0.0007434944237918215
18098,1006,2000,181,0.561130363111378,0.759383703790097,0.665980943012983,0.483556220019635,0.446697132397058,0.515081027701565,0.371,2.27688335578876,0.910805598862405,0.446697132397058,47.0609171800137,58.9442799172801,36.600929203378,100.152742003507,0.300873938507126,74.5879369243954,25,0.0009293680297397769
2866,1007,1959,29,0.949355784628596,0.540882508061151,0.789263314101845,0.52824041045606,0.756939810475802,0.455163352277859,0.447,14.4488141322219,10.9166064495634,0.756939810475802,6.06160164271047,55.0757720649827,30.5727238780776,104.503546130924,0.716622825894144,38.0336641161384,18,0.0006691449814126394
11725,1008,1985,118,0.520944789607665,0.987266120322548,0.644334450829774,0.518096637856557,0.3795656963973,0.640447050289327,0.371,13.7324686485849,0.933330102941567,0.3795656963973,32.062970568104,57.5291422869038,34.3957533254484,93.9818929342461,0.276355377529615,250.375784313996,5,0.0001858736059479554
18640,1009,2002,187,0.595467890505662,0.29547008692963,0.482334261992946,0.236281549178552,0.334291100363831,0.175218552670521,0.14,0.860144900032164,0.779760694036195,0.334291100363831,49.0622861054073,59.1331199333088,36.8951941845329,83.813247852594,0.322604042031301,15.2992976202559,30,0.0011152416356877324
8095,1010,1976,81,0.957424527088027,0.892988827472547,0.56443400750868,0.861435893484579,0.546538560350896,0.537258608860034,0.513,11.5037066552252,8.10371925831801,0.546538560350896,23.0609171800137,56.6797497113877,33.0721647371621,84.7211381863798,0.742270394336955,122.081398436484,15,0.0005576208178438662
8242,1011,1976,83,0.755582205883569,0.203315032557634,0.878619919996709,0.185637540668784,0.674142090915767,0.197530313867791,0.18,5.02603650072224,5.00751565060923,0.674142090915767,23.0609171800137,56.6797497113877,33.0721647371621,130.069854415011,0.440540374425551,9.26702645024541,18,0.0006691449814126394
1667,1012,1956,17,0.621897806060181,0.673065457002404,0.172177812084556,0.4858246154641,0.134304637085834,0.114868269624503,0.096,1.16376198542167,0.587839334288606,0.134304637085834,3.06091718001369,54.7926412064773,30.1315276819821,60.5120620384654,0.339942692202568,57.0311452994273,34,0.0012639405204460967
16774,1013,1997,168,0.809407877086899,0.96968788928651,0.913474996108562,0.791907027181352,0.754776757980804,0.89214445230485,0.726,9.87289877676049,6.27079458479491,0.754776757980804,44.062970568104,58.66140738985,36.1601355585564,152.556287225297,0.491365544116001,197.715512949024,5,0.0001858736059479554
17988,1014,2000,180,0.0217684700818969,0.946531716205978,0.0388743984512985,0.0215203512934595,0.0052861172931847,0.0331986739271652,0.003,4.01360147130043,0.211720139071057,0.0052861172931847,47.0609171800137,58.9442799172801,36.600929203378,60.3968932214581,-0.0588086772325606,163.507399463972,3,0.00011152416356877323
21141,1015,2008,212,0.402193791955084,0.471994804724874,0.957814402412623,0.26579162610121,0.392067879448204,0.465148420049806,0.255,5.55479539621129,6.23836445984517,0.392067879448204,55.0609171800137,59.6991233192443,37.77718402545,188.83921987789,0.20744436961263,30.4126099582548,7,0.00026022304832713756
10480,1016,1982,105,0.825161620788919,0.75638575177901,0.904562964104116,0.661837628240072,0.753663391532891,0.708192011289199,0.639,,8.35463534205666,0.753663391532891,29.0622861054073,57.2460114283984,33.954557129353,141.679615955643,0.50815125010839,73.8731339165055,10,0.0003717472118959108
17915,1017,2000,180,0.465252227006851,0.906952954533034,0.0869699558243155,0.446698669094507,0.0702678963031775,0.0728947547505465,0.065,3.04478037120196,0.38606631576888,0.0702678963031775,47.0609171800137,58.9442799172801,36.600929203378,62.2817421985031,0.243560572182218,130.386263612956,17,0.0006319702602230483
11427,1018,1984,115,0.570413564298661,0.919152586705461,0.578892428893596,0.54740634643806,0.366068426483728,0.554909445686189,0.346,3.70881096234383,0.922669103511444,0.366068426483728,31.0609171800137,57.4345931133518,34.2484195592341,87.6774284349962,0.306669672996839,138.7576791164,15,0.0005576208178438662
24140,1019,2016,242,0.629004501056913,0.626464166729902,0.206262903288007,0.464622759416587,0.151478261393648,0.179039708016313,0.137,1.01828245836079,0.632489351778265,0.151478261393648,63.0609171800137,60.4539667212085,38.953438847522,69.502327342885,0.344710095665548,49.5077402697307,28,0.0010408921933085502
10283,1020,1982,103,0.122516414165711,0.992668784542839,0.458510735537857,0.122309445818182,0.0937394710733445,0.457066098950424,0.093,31.1571051128049,0.390082296960749,0.0937394710733445,29.0622861054073,57.2460114283984,33.954557129353,78.3840550769142,0.0377217770406853,284.080494264506,4,0.00014869888475836432
13507,1021,1990,136,0.93205598429732,0.986243977713614,0.998063451843336,0.920744543960484,0.930479083349102,0.984712850691404,0.933,,556.100521020189,0.930479083349102,37.0622861054073,58.0008548303626,35.130811951425,313.852147631947,0.671553732757027,245.672402287537,1,3.717472118959108e-05
199,1022,1953,2,0.153343616270482,0.687554282479145,0.696867019170895,0.135768100053446,0.11848224695364,0.530912297912784,0.101,1.36614142923742,0.745513097239726,0.11848224695364,0.0629705681040383,54.5097686790472,29.6907340371605,90.9814592373374,0.0594113825189151,59.60698057012,17,0.0006319702602230483
13277,1023,1989,133,0.302716590872332,0.998250293595174,0.971954331034794,0.302558207154124,0.298637479336055,0.970812873707418,0.278,9.48436149216121,8.34496154039158,0.298637479336055,36.062970568104,57.9065639878859,34.9838807364844,194.283617138556,0.150885564530433,371.999792218587,1,3.717472118959108e-05
21254,1024,2008,213,0.637251499360316,0.868204565610271,0.174400810617954,0.588496249565934,0.136400428101524,0.167390312708078,0.153,3.36529721870507,0.61586192140486,0.136400428101524,55.0609171800137,59.6991233192443,37.77718402545,66.9723181473993,0.350303630912777,109.758671147265,16,0.0005947955390334573
9646,1025,1980,97,0.783111421721454,0.407244260641275,0.991976993624121,0.367193310326434,0.780825933069861,0.406060641958875,0.373,,34.8582801153546,0.780825933069861,27.0609171800137,57.0571714123698,33.6602921481981,239.802349754121,0.465437202082186,24.2324419470004,6,0.00022304832713754646
20734,1026,2007,208,0.853886881432691,0.994966705101793,0.944207754451782,0.850611292194734,0.813324966779574,0.940924149562318,0.816,,13.1316910563202,0.813324966779574,54.0616016427105,59.6048324767676,37.6302528105095,176.080886188552,0.541876141167978,307.100867475727,2,7.434944237918216e-05
18503,1027,2001,186,0.60520375242247,0.829620944789552,0.601025814190507,0.546151768606696,0.419851487145757,0.513730514145783,0.382,3.23189186965439,0.936233507784187,0.419851487145757,48.062970568104,59.0388290908321,36.7482629695924,93.559886693608,0.328922880126648,94.6657397334578,25,0.0009293680297397769
25358,1028,2019,254,0.509362841534185,0.764830223159024,0.807919853832573,0.445554449744386,0.436712700197751,0.655282505857837,0.366,2.23621753314688,1.67462104923317,0.436712700197751,66.0616016427105,60.7370975797138,39.3946350436175,128.370986094276,0.269437311550589,75.9107459465843,16,0.0005947955390334573
23564,1029,2014,236,0.64395175117503,0.396303114534021,0.580047628609464,0.322103713074506,0.420493259907858,0.284261301629548,0.249,1.26939170132358,1.01784340496729,0.420493259907858,61.0622861054073,60.2653850362551,38.6595764176409,94.514162999973,0.35489885691997,23.2679435351835,37,0.00137546468401487
6228,1030,1969,63,0.824489046473301,0.908288333130953,0.251312137581408,0.767309246334029,0.222170503241951,0.245705170180476,0.205,4.33882749354095,1.36640657420939,0.222170503241951,16.062970568104,56.0194554829755,32.0432436813045,65.358460601152,0.507412571029768,131.246240314531,11,0.00040892193308550185
21188,1031,2008,212,0.455511920955311,0.913991182574972,0.989891513716429,0.439101429237542,0.453004645139704,0.908051258101654,0.419,9.19002973048999,26.31159877008,0.453004645139704,55.0609171800137,59.6991233192443,37.77718402545,253.85570761719,0.237928758261756,135.068564143171,4,0.00014869888475836432
13969,1032,1991,140,0.897848836897192,0.974938187617979,0.233452066779137,0.879127187049931,0.22074718747792,0.231827427839089,0.197,7.02673752650029,2.23597886351141,0.22074718747792,38.0616016427105,58.0951456728393,35.2777431663655,67.5340286785351,0.605016639030807,209.229212004751,5,0.0001858736059479554
18235,1033,2001,183,0.109712759984397,0.156210263401091,0.948711140546948,0.0369182221907509,0.109131784388562,0.143702595928231,0.027,4.15641084628748,3.944159858123,0.109131784388562,48.062970568104,59.0388290908321,36.7482629695924,176.343677863868,0.0281569133237247,6.59192800183148,9,0.0003345724907063197
3795,1034,1961,38,0.917106697245137,0.112313941702239,0.899856311967596,0.109973126412271,0.844501766700674,0.107944862579199,0.114,10.4477897741764,7.2624917840821,0.844501766700674,8.06297056810404,55.2646120810114,30.8669888592325,130.359367484795,0.639738804116418,4.34328148833208,11,0.00040892193308550185
19207,1035,2003,193,0.964155427314401,0.728857180798885,0.9445788951125,0.712585729680083,0.916313191108479,0.704028148120079,0.686,21.4234473618777,26.3891628688769,0.916313191108479,50.0616016427105,59.2274107757855,37.0421253994735,174.167006688758,0.767061342056081,67.7113124760863,7,0.00026022304832713756
24716,1036,2017,248,0.205119913335521,0.434715794109788,0.227009331574664,0.140344394398718,0.0680458612751716,0.157097705467222,0.047,0.442827707917354,0.314506642621222,0.0680458612751716,64.062970568104,60.5485158947604,39.1007726137364,70.6788914601145,0.0929327638972671,26.7518408652165,36,0.0013382899628252788
13883,1037,1990,139,0.464280309845218,0.365164547271666,0.735526040429249,0.242722135535125,0.362685097498266,0.30936046209833,0.206,1.39085155829676,1.22790728323319,0.362685097498266,37.0622861054073,58.0008548303626,35.130811951425,106.246737575721,0.242997477161448,20.6364030415116,33,0.0012267657992565055
2101,1038,1957,22,0.490133179908474,0.553557763400918,0.844359402079135,0.349294459630787,0.440013854698082,0.486311038453682,0.291,2.07105784140406,1.89535242385444,0.440013854698082,4.06297056810404,54.8871903800293,30.2788614481965,113.799420633756,0.258072885947671,39.5764009606556,27,0.001003717472118959
24564,1039,2017,246,0.319688846652086,0.804931863647447,0.891877483809367,0.295324324118459,0.297267477863283,0.749828296850705,0.286,5.0097810058154,2.33369104222436,0.297267477863283,64.062970568104,60.5485158947604,39.1007726137364,152.334024565603,0.16060639462836,86.7620329985199,10,0.0003717472118959108
17582,1040,1998,176,0.018967686768552,0.740017681599307,0.108139864867553,0.0175559727601033,0.0080496579127527,0.0983218261355099,0.014,0.823715685371008,0.227029674907142,0.0080496579127527,45.0622861054073,58.7556982323268,36.3070667734969,62.9223127657409,-0.0631577108102943,70.1264229905134,9,0.0003345724907063197
15432,1041,1994,155,0.438389684614312,0.980295209357294,0.872708401409909,0.435122583494523,0.404160140927458,0.860920871454659,0.412,,2.14910362991614,0.404160140927458,41.0622861054073,58.3782765313447,35.718939362461,135.764718917839,0.228084037985016,223.816741826283,5,0.0001858736059479554
20779,1042,2007,208,0.974294323266304,0.459669711510368,0.0870660808868706,0.45501383333362,0.0863927578659916,0.0633992916345925,0.061,8.78126293184244,7.98966019314438,0.0863927578659916,54.0616016427105,59.6048324767676,37.6302528105095,63.0401331150004,0.813324494026957,29.1696826420541,15,0.0005576208178438662
25109,1043,2019,252,0.847059811566735,0.592673998677592,0.254634791286662,0.542522162429377,0.232087111522891,0.19690029571507,0.199,2.55947686303318,1.53383044808916,0.232087111522891,66.0616016427105,60.7370975797138,39.3946350436175,72.3963540720627,0.533439623795717,44.6625155816576,22,0.0008178438661710037
21452,1044,2008,215,0.25944884824791,0.335209224165189,0.688126314431429,0.143981486571015,0.194576421411501,0.278462860105479,0.118,0.924913739537724,0.809712472829427,0.194576421411501,55.0609171800137,59.6991233192443,37.77718402545,104.967765895564,0.125741481334767,18.2534281398936,30,0.0011152416356877324
9760,1045,1980,98,0.398226224095357,0.747850177893489,0.779203820507973,0.351352760988549,0.357539510428998,0.616032259514229,0.313,2.30828779884764,1.11043580681976,0.357539510428998,27.0609171800137,57.0571714123698,33.6602921481981,109.787362490958,0.205191675352912,71.8874269015865,19,0.0007063197026022305
22703,1046,2013,228,0.976897173765519,0.908090128176877,0.95041197608225,0.890323097665151,0.930856136513556,0.873033510894355,0.855,52.4457134310619,56.385890008882,0.930856136513556,60.062970568104,60.1710941937784,38.5126452027004,184.606800304324,0.82776014174331,131.117792905503,7,0.00026022304832713756
11839,1047,1985,119,0.636067981620945,0.589245567424615,0.846633744426072,0.446763026988725,0.548290388357326,0.534930704066532,0.424,5.8759885644734,3.04930750155829,0.548290388357326,32.062970568104,57.5291422869038,34.3957533254484,125.005165306661,0.34949674353902,44.1956236276131,22,0.0008178438661710037
5183,1048,1965,52,0.750113885981257,0.42693646215785,0.266719290288165,0.375304268262951,0.222388548208536,0.148555056395929,0.129,1.15288238115547,0.972973842100513,0.222388548208536,12.062970568104,55.6420337819934,31.4551162702685,65.4731607635592,0.435823900458187,26.0237775896558,51,0.001895910780669145
14033,1049,1991,141,0.320768673944792,0.192782107365221,0.717335439054295,0.107812265165367,0.251283222209849,0.167529402223096,0.117,1.11895204802135,0.938178233038154,0.251283222209849,38.0616016427105,58.0951456728393,35.2777431663655,104.045722456762,0.161222960175744,8.64550091760396,35,0.0013011152416356876
2077,1050,1957,21,0.902959090962802,0.967753548804067,0.226003148593009,0.878453705682928,0.213883247044151,0.218250719523987,0.207,29.1041005882636,2.35512985438214,0.213883247044151,4.06297056810404,54.8871903800293,30.2788614481965,62.6920764478843,0.613679656521946,193.975731325638,8,0.00029739776951672863
8253,1051,1976,83,0.895231127682,0.993733037542723,0.836304333759472,0.890615779259412,0.75618518585168,0.833987099114742,0.732,8.50355854562831,8.11368097556393,0.75618518585168,23.0609171800137,56.6797497113877,33.0721647371621,119.20455708444,0.600712085207112,293.676109855724,3,0.00011152416356877323
23663,1052,2015,237,0.359109886482223,0.304316242950264,0.45042981300503,0.173154713314464,0.207667759212687,0.195091724013815,0.104,0.558568327103045,0.502350927332096,0.207667759212687,62.0616016427105,60.3596758787318,38.8065076325815,83.9264556501959,0.183018560167255,15.9373725440328,39,0.0014498141263940521
4141,1053,1962,42,0.904313500451421,0.957687451282975,0.931471124989912,0.871929738858727,0.85944145983168,0.900174313973626,0.848,,8.45421651519052,0.85944145983168,9.06228610540725,55.3589029234881,31.013920074173,144.068352733265,0.616036689010403,177.582635056203,13,0.000483271375464684
6534,1054,1970,66,0.0509428284095828,0.0578167034474424,0.0767383144702762,0.0074791299262389,0.0092135847806393,0.0162409035963147,0.003,0.236844537663321,0.22687763999786,0.0092135847806393,17.0622861054073,56.1137463254522,32.190174896245,58.6888167119747,-0.0231341635620018,1.90893019922451,80,0.002973977695167286
21947,1055,2011,220,0.49218701119185,0.702065795056586,0.807386274449527,0.410708590861785,0.409150153002841,0.60834396956935,0.341,2.33744166306095,1.82520275324404,0.409150153002841,58.0616016427105,59.9822541777497,38.2183802215455,125.481976948708,0.259279987476871,62.3176650401279,18,0.0006691449814126394
9152,1056,1979,92,0.513740332810878,0.814318091734671,0.913311646319926,0.465166297964481,0.486389638936991,0.764993146791219,0.45,7.94312316262885,3.37054074348824,0.486389638936991,26.0616016427105,56.9628805698931,33.5133609332575,143.913963919424,0.272045147741589,89.6378150445751,13,0.000483271375464684
10697,1057,1982,107,0.957993891498662,0.981355538556114,0.996037755394354,0.94145455745105,0.95450932063918,0.978166401464223,0.942,,418.695818236867,0.95450932063918,29.0622861054073,57.2460114283984,33.954557129353,272.293633793092,0.744232274785485,227.176373453371,2,7.434944237918216e-05
23360,1058,2014,234,0.524060178394694,0.948051545138317,0.758911547949538,0.51181601022844,0.427709399913663,0.734886638160799,0.417,7.57897955488979,1.38181024378604,0.427709399913663,61.0622861054073,60.2653850362551,38.6595764176409,117.180520981896,0.278226543215365,165.239467572901,12,0.0004460966542750929
8645,1059,1978,87,0.212067829896217,0.75817034781595,0.643418083200231,0.193675796806627,0.160749723343892,0.544913746277481,0.163,1.63021764228433,0.655171013681189,0.160749723343892,25.0622861054073,56.8685897274164,33.366429718317,92.1402459121026,0.0972354485755417,74.2975178471579,16,0.0005947955390334573
22312,1060,2012,224,0.112604243335704,0.663662384123934,0.48273842735216,0.0989338600051368,0.0634792088496006,0.384593968590924,0.066,0.900892855222152,0.427225784992886,0.0634792088496006,59.0609171800137,60.0765450202264,38.365311436486,85.77099811028,0.0303511668929136,55.4239245636714,23,0.0008550185873605948
25948,1061,2021,260,0.521951644622744,0.671784817874338,0.578361877938733,0.420115868218182,0.347421499111121,0.436596233288594,0.278,1.29840401323426,0.80936278461177,0.347421499111121,68.062970568104,60.9259375957425,39.6889000247724,95.9208665633636,0.276959621813215,56.8093620727486,29,0.0010780669144981412
25426,1062,2020,255,0.414385743958735,0.977375467894652,0.992201171349734,0.410961775757605,0.413319944794985,0.971119643314044,0.393,10.8465865684089,29.7043107267773,0.413319944794985,67.0609171800137,60.8313884221905,39.541566258558,276.919763629749,0.214376347753654,215.431356786036,2,7.434944237918216e-05
26543,1063,2024,266,0.753624731530271,0.244274021713072,0.595917434664443,0.221601917238262,0.472020561547449,0.174955999175857,0.181,2.13305370298955,1.6329410540039,0.472020561547449,71.0609171800137,61.2088101231726,40.129693669594,98.3729840373754,0.438844022369146,11.8138043850688,28,0.0010408921933085502
23373,1064,2014,234,0.187922886630492,0.965065852111811,0.484628159552813,0.186198703624137,0.116941496216682,0.478069637356817,0.116,7.24823117633639,0.450054675983649,0.116941496216682,61.0622861054073,60.2653850362551,38.6595764176409,86.3029667149797,0.082109321763354,189.139668912879,8,0.00029739776951672863
12987,1065,1988,130,0.0896158539155548,0.115510070852281,0.617284320993349,0.0236826678339727,0.0650219070560991,0.097792110764063,0.016,0.574569925968699,0.55846931935925,0.0650219070560991,35.0609171800137,57.8120148143339,34.8365469702701,92.0533415334907,0.012252476514054,4.4988240920416,27,0.001003717472118959
17626,1066,1999,177,0.966128820597301,0.996853298929923,0.999600154114887,0.963277135813521,0.96592890828382,0.996515273588516,0.964,,1000.33225219455,0.96592890828382,46.0616016427105,58.8499890748034,36.4539979884375,404.930421634714,0.775087987382728,335.915158358068,1,3.717472118959108e-05
18627,1067,2002,187,0.188629513977569,0.748375132298623,0.156863104552031,0.171905279554961,0.0518204579677116,0.127394616012849,0.045,0.942273486633298,0.28315463278228,0.0518204579677116,49.0622861054073,59.1331199333088,36.8951941845329,65.4542096881882,0.0825593625585356,72.0075019872376,25,0.0009293680297397769
15091,1068,1993,151,0.388337826288688,0.411578986777056,0.997512978268787,0.233534105480626,0.388093375030273,0.411378233802077,0.242,,89.183373466325,0.388093375030273,40.062970568104,58.283985688868,35.5720081475204,305.414252878661,0.199582228015817,24.6205511426634,2,7.434944237918216e-05
5242,1069,1965,53,0.992104969883746,0.985584039581391,0.859675130574033,0.978010322840609,0.854176329568449,0.851424404932762,0.838,24.2514860596106,83.464473037825,0.854176329568449,12.062970568104,55.6420337819934,31.4551162702685,120.41398998392,0.963549478535417,242.819213838247,2,7.434944237918216e-05
18069,1070,2000,181,0.737837419371449,0.275384362944706,0.960702942451462,0.246434555354149,0.725091986010606,0.262413502279194,0.245,13.3197304464345,7.53249588749019,0.725091986010606,47.0609171800137,58.9442799172801,36.600929203378,187.089970960964,0.425478845286751,13.890410706241,8,0.00029739776951672863
7051,1071,1973,71,0.605216095853666,0.294125420441069,0.31919073080644,0.237435267524847,0.23394696097448,0.156330055475858,0.139,0.740247141550522,0.646119768743386,0.23394696097448,20.062970568104,56.3968771839576,32.6313710923404,69.0590728703379,0.328930939952995,15.2032586204271,54,0.002007434944237918
13748,1072,1990,138,0.607121309878109,0.146139352732033,0.30632961075753,0.12267807081054,0.219952410794416,0.0789710231349384,0.076,0.699273238468436,0.652525375639752,0.219952410794416,37.0622861054073,58.0008548303626,35.130811951425,70.9635364329394,0.330176491247757,6.05493404343056,51,0.001895910780669145
9893,1073,1980,99,0.985365323310796,0.562946809057896,0.896917999023572,0.559146070815357,0.889649870399925,0.521446558050372,0.513,16.6495067507078,27.1497583698823,0.889649870399925,27.0609171800137,57.0571714123698,33.6602921481981,137.861445582508,0.887450851084255,40.750959572849,5,0.0001858736059479554
19774,1074,2004,198,0.999621945254209,0.933836691054308,0.987345662666485,0.933525196439472,0.987048386164001,0.924986112313082,0.927,,2475.91420425264,0.987048386164001,51.0609171800137,59.3217016182622,37.189056614414,240.100026942572,1.28552556990711,150.734482901064,1,3.717472118959108e-05
3740,1075,1961,38,0.995997643643136,0.850766768780485,0.438986574066803,0.848187651914424,0.438842591021799,0.401362245408074,0.393,20.7436562302458,51.8353160346648,0.438842591021799,8.06297056810404,55.2646120810114,30.8669888592325,73.3554961651846,1.04225769110585,102.440367608092,4,0.00014869888475836432
26461,1076,2023,265,0.0296437434692153,0.937401902173796,0.988113486440852,0.0292388299603005,0.0294357932798056,0.929086927745187,0.037,,17.1253940804267,0.0294357932798056,70.0616016427105,61.1145192806959,39.9827624546534,258.563726942575,-0.0477670746918538,154.05146360225,1,3.717472118959108e-05
15654,1077,1995,157,0.423157097236446,0.126397219247876,0.362767483806238,0.0879863024377188,0.181207640673902,0.0728247590299289,0.051,0.528126845037397,0.505966534934716,0.181207640673902,42.0616016427105,58.4725673738214,35.8658705774015,74.8102707014654,0.219374751477428,5.03847160283887,67,0.002490706319702602
16579,1078,1996,166,0.930466078465881,0.949146121174033,0.524958265712485,0.888471223837127,0.502501469861523,0.510690596516177,0.508,,4.24834772934217,0.502501469861523,43.0609171800137,58.5668582162981,36.012801792342,85.8570075200043,0.667910996212324,166.519036304764,5,0.0001858736059479554
23205,1079,2014,233,0.0015135003814729,0.556746890956892,0.996589137939736,0.0012630093189198,0.0015129758296182,0.556252835517245,0.002,91.7729502032163,58.6452219191927,0.0015129758296182,61.0622861054073,60.2653850362551,38.6595764176409,312.690444188977,-0.104980804337917,39.9722528941868,1,3.717472118959108e-05
11299,1080,1984,113,0.613952573239285,0.749963425141686,0.984208835288882,0.518500217008113,0.608256189289407,0.74340125377782,0.53,,19.8122182868925,0.608256189289407,31.0609171800137,57.4345931133518,34.2484195592341,214.616313472421,0.334667695410707,72.3724071260995,2,7.434944237918216e-05
8881,1081,1978,89,0.0991446036828215,0.612261796447634,0.989258573390543,0.0844041605005053,0.0988518669586411,0.610553289921377,0.077,12.3882396051675,19.1411557042987,0.0988518669586411,25.0622861054073,56.8685897274164,33.366429718317,225.834063739302,0.0199462743823788,47.4152817873358,5,0.0001858736059479554
26872,1082,2024,269,0.267879975351591,0.567713836207411,0.769255315419286,0.210267780169836,0.232734614218742,0.472518702497106,0.201,1.82362002040152,1.02249842419986,0.232734614218742,71.0609171800137,61.2088101231726,40.129693669594,122.174199492968,0.130693004900095,41.3580756182998,32,0.0011895910780669145
1498,1083,1955,15,0.931306706097381,0.79924781750283,0.492322868201882,0.759897805105732,0.474338595893731,0.40278077862579,0.388,7.65117151497271,3.94407136464676,0.474338595893731,2.06160164271047,54.6983503640006,29.9845964670416,75.3590395626393,0.669828337727695,85.0895404577759,12,0.0004460966542750929
21998,1084,2011,220,0.628991208260306,0.654136563099113,0.877354896627367,0.479992097319438,0.560293021834704,0.606067987482869,0.409,2.60178039194021,3.70734809917627,0.560293021834704,58.0616016427105,59.9822541777497,38.2183802215455,144.353985270395,0.344701133683772,53.8441136630429,16,0.0005947955390334573
26668,1085,2024,267,0.620418615703877,0.915380277480399,0.182962716324255,0.591952302949354,0.135791223723908,0.176946948809399,0.131,3.64107280303574,0.601666812559963,0.135791223723908,71.0609171800137,61.2088101231726,40.129693669594,69.3572360807373,0.338956317627051,136.038757542575,16,0.0005947955390334573
18773,1086,2002,188,0.722819556809733,0.876487824289989,0.954975781496614,0.664129428757477,0.703702764907789,0.84680386292939,0.635,7.88864577011425,7.71979413767273,0.703702764907789,49.0622861054073,59.1331199333088,36.8951941845329,182.466167662457,0.413244157617996,113.591525676569,7,0.00026022304832713756
24049,1087,2015,241,0.952556332857311,0.966381498334766,0.975785310380161,0.923121211022693,0.932211028853848,0.947961905445033,0.895,14.7373034223635,51.6877922824596,0.932211028853848,62.0616016427105,60.3596758787318,38.8065076325815,218.426947454837,0.726350030181,191.458082161482,4,0.00014869888475836432
21467,1088,2008,215,0.502800606910195,0.202143638494256,0.950013271300122,0.15128767613063,0.483521541140077,0.199627172514918,0.141,5.19765741524504,6.51303228309751,0.483521541140077,55.0609171800137,59.6991233192443,37.77718402545,181.409217519429,0.265542906518046,9.1972369130347,13,0.000483271375464684
9195,1089,1979,92,0.495632920181551,0.062066953100205,0.222904053283855,0.048277313947695,0.143325979870549,0.0317235747045215,0.023,0.476504808308564,0.470821977462501,0.143325979870549,26.0616016427105,56.9628805698931,33.5133609332575,65.4659516321525,0.26130870313687,2.08262478710569,57,0.0021189591078066916
20066,1090,2005,201,0.795556640238042,0.992216490195913,0.88746994221583,0.791304118897015,0.718443878409288,0.883058632665211,0.709,23.3547803192173,5.64695848750751,0.718443878409288,52.062970568104,59.4162507918142,37.3363903806284,145.401985455709,0.477413570079494,280.420322868023,5,0.0001858736059479554
21503,1091,2009,216,0.56144148960385,0.919117404954645,0.668512398842722,0.53910614371323,0.404481016782318,0.640089069698002,0.406,6.99180010261783,1.14595365148764,0.404481016782318,56.062970568104,59.7936724927963,37.9245177916644,102.796485250237,0.301067304821989,138.731729079283,13,0.000483271375464684
16002,1092,1995,161,0.18570422797256,0.075744809790124,0.189536218065768,0.0302492973234474,0.0644554101830422,0.0300068304082084,0.014,0.303156029145212,0.290185225807149,0.0644554101830422,42.0616016427105,58.4725673738214,35.8658705774015,66.0478178896604,0.0806931215217242,2.66154691305465,83,0.0030855018587360593
11051,1093,1983,111,0.729284478999362,0.811231168163977,0.422715879045427,0.633712010781333,0.33771433532199,0.38731726264301,0.312,2.39486304164469,1.07692486549612,0.33771433532199,30.0616016427105,57.3403022708751,34.1014883442935,76.3252457772113,0.418457264572125,88.6757101030275,21,0.0007806691449814126
3129,1094,1959,32,0.60033673180942,0.472726003103401,0.114642922766507,0.358821185468481,0.0892472410285124,0.0748014144104296,0.063,0.734850550971963,0.53437702659655,0.0892472410285124,6.06160164271047,55.0757720649827,30.5727238780776,58.8093208710498,0.325754581360798,30.4874044404701,33,0.0012267657992565055
23177,1095,2014,232,0.847095006958705,0.28421486879937,0.904460754012689,0.268913303368556,0.777426921225786,0.274962606079312,0.279,30.617551874671,7.73061579122825,0.777426921225786,61.0622861054073,60.2653850362551,38.6595764176409,156.352483786168,0.533482381201809,14.5030761154923,10,0.0003717472118959108
19818,1096,2004,199,0.952958968044279,0.995114034511205,0.986507168971002,0.948696927063603,0.941068252967465,0.982394907844463,0.932,35.8428312342365,124.834909562772,0.941068252967465,51.0609171800137,59.3217016182622,37.189056614414,237.162629098526,0.727612764096267,308.921338288562,1,3.717472118959108e-05
14819,1097,1992,149,0.491552676591513,0.174704299593585,0.781292531173676,0.130328507727737,0.419478554560484,0.162268942629584,0.117,1.35568866142146,1.36394622622374,0.419478554560484,39.0609171800137,58.189436515316,35.4246743813061,114.045676376615,0.258907007251525,7.61015724836429,32,0.0011895910780669145
17860,1098,1999,179,0.91476217271193,0.90244316831345,0.816062555648386,0.836677579848731,0.772535425384149,0.753866851957414,0.726,52.4664405974083,4.79493305723772,0.772535425384149,46.0616016427105,58.8499890748034,36.4539979884375,123.146097379217,0.635183576442905,127.572378363965,12,0.0004460966542750929
25405,1099,2020,255,0.993861955785504,0.926023978573284,0.984098439104855,0.921074356172197,0.978505496519872,0.915569272531034,0.911,1213.94758183654,366.904058200349,0.978505496519872,67.0609171800137,60.8313884221905,39.541566258558,241.969773752294,0.993279802910823,144.059925169231,1,3.717472118959108e-05
9422,1100,1979,95,0.177397724270484,0.111433637797146,0.37145764939487,0.04163419893453,0.130047103650629,0.0647176828684131,0.038,0.371671237603409,0.344120519411154,0.130047103650629,26.0616016427105,56.9628805698931,33.5133609332575,72.6993439924761,0.0753464714072828,4.30067307848735,55,0.0020446096654275093
9907,1101,1980,100,0.492657384683699,0.459127248158556,0.606879448750988,0.304712522992559,0.366995515370375,0.314923525608649,0.21,0.917568060234077,0.747779053394463,0.366995515370375,27.0609171800137,57.0571714123698,33.6602921481981,89.1975090614098,0.259556654819665,29.1157383096365,26,0.000966542750929368
17599,1102,1998,176,0.836505841247159,0.78060797992982,0.840183509280905,0.686771182295247,0.734947890244918,0.688857473594137,0.624,6.83078406916088,3.43297310526544,0.734947890244918,45.0622861054073,58.7556982323268,36.3070667734969,128.346465698552,0.52093773869863,79.9315350123947,7,0.00026022304832713756
12924,1103,1988,130,0.289608695575574,0.467996125500073,0.564599346835166,0.200294243649567,0.185367481297759,0.328573669887097,0.138,0.787304783045992,0.603938696937561,0.185367481297759,35.0609171800137,57.8120148143339,34.8365469702701,87.3631602923784,0.143331585894637,30.0056973740762,37,0.00137546468401487
4091,1104,1961,41,0.284096956034647,0.533562676067162,0.468652395764366,0.21390037417688,0.208046462068856,0.314814701351978,0.151,0.66789222723825,0.439273598467306,0.208046462068856,8.06297056810404,55.2646120810114,30.8669888592325,75.0818059324278,0.140140639919943,37.1642945342756,34,0.0012639405204460967
6365,1105,1970,64,0.133844353170151,0.832686422018252,0.390892297029495,0.127326767828519,0.0755568724389939,0.363974579031641,0.075,1.48770618653109,0.363094875469358,0.0755568724389939,17.0622861054073,56.1137463254522,32.190174896245,72.2634693805466,0.0458887298796455,95.7289911079193,15,0.0005576208178438662
21747,1106,2009,218,0.323664443730286,0.920103008648998,0.477652590256184,0.314868978056705,0.167767418835132,0.462527593348909,0.168,3.5878334526323,0.545776476896311,0.167767418835132,56.062970568104,59.7936724927963,37.9245177916644,84.8100291347784,0.162875427540081,139.463096941006,11,0.00040892193308550185
11339,1107,1984,114,0.143801684336996,0.77625965882692,0.780454375082627,0.133528767093275,0.127485157150687,0.642361387975705,0.121,2.44320781832443,0.984111046266924,0.127485157150687,31.0609171800137,57.4345931133518,34.2484195592341,111.295273062145,0.0528712334350235,78.7939956844432,9,0.0003345724907063197
10535,1108,1982,106,0.543976314032696,0.110626439450028,0.627296851715073,0.0888853357103516,0.410045303400953,0.0918003834824687,0.076,0.858990604604963,0.837618668433163,0.410045303400953,29.0622861054073,57.2460114283984,33.954557129353,91.5635632795045,0.290301304266293,4.26169170790939,31,0.0011524163568773233
21219,1109,2008,213,0.821969579333435,0.442977228251816,0.576384356478229,0.407007939730365,0.502529831446812,0.316695044284823,0.292,2.15281426098726,1.9198299067229,0.502529831446812,55.0609171800137,59.6991233192443,37.77718402545,92.8242192245735,0.504663753070715,27.5381538709673,25,0.0009293680297397769
22732,1110,2013,228,0.880563129635893,0.948316171119342,0.704826101195067,0.843469696490923,0.641622666205981,0.683981793256243,0.634,146.118294145087,3.55660291188326,0.641622666205981,60.062970568104,60.1710941937784,38.5126452027004,108.565226423928,0.578051784591261,165.546294192566,8,0.00029739776951672863
25933,1111,2021,260,0.580333214689839,0.435972607300925,0.771941617131233,0.327810523260275,0.48295647232225,0.374322613966946,0.283,1.75681822692773,1.53043686345671,0.48295647232225,68.062970568104,60.9259375957425,39.6889000247724,121.720415946995,0.312925282259764,26.8705821473821,19,0.0007063197026022305
23664,1112,2015,237,0.456233420454943,0.724324861642019,0.903347865212709,0.391088922616641,0.4320678865584,0.681447047711803,0.371,4.02433033034315,2.75913061920838,0.4320678865584,62.0616016427105,60.3596758787318,38.8065076325815,156.309141662856,0.238345086369927,66.7602989913476,11,0.00040892193308550185
4310,1113,1963,44,0.117806279679253,0.243389499676813,0.168783295433968,0.0563149329015104,0.0190444202639395,0.075378510207348,0.015,0.330164421498401,0.273054375056862,0.0190444202639395,10.0616016427105,55.4531937659648,31.1608512891136,61.2393333096762,0.0342474586133172,11.7565881203192,65,0.0024163568773234202
12602,1114,1988,127,0.914385838935201,0.893255067459002,0.132936624111608,0.82882635126748,0.127485968191991,0.128979143734063,0.116,6.96525976344236,2.49490088585554,0.127485968191991,35.0609171800137,57.8120148143339,34.8365469702701,62.7982375705537,0.634461885992254,122.229127594296,11,0.00040892193308550185
14700,1115,1992,148,0.326924876448329,0.72707742307248,0.70649898215197,0.288082631145991,0.254213989527563,0.562182713149164,0.228,1.72446420932674,0.905837589570012,0.254213989527563,39.0609171800137,58.189436515316,35.4246743813061,102.916787184706,0.164734377543555,67.3358813486496,19,0.0007063197026022305
22051,1116,2011,221,0.957081180472404,0.78416222453958,0.997627381701022,0.761007513396638,0.95508124700388,0.78339962017161,0.769,,536.646473527971,0.95508124700388,58.0616016427105,59.9822541777497,38.2183802215455,327.899514331598,0.741098097178112,80.8789466950506,1,3.717472118959108e-05
17985,1117,2000,180,0.851379965010913,0.657010489449751,0.543691542930901,0.597774864753265,0.507849957225375,0.3577036023685,0.33,2.46164671474549,1.77338845560056,0.507849957225375,47.0609171800137,58.9442799172801,36.600929203378,88.207654032315,0.538744311359058,54.3157689452605,23,0.0008550185873605948
25004,1118,2018,251,0.917638801233289,0.736368214554234,0.510604934999719,0.696808862461631,0.47671242518272,0.42571095690479,0.416,10.740969103787,4.12637528131836,0.47671242518272,65.0622861054073,60.6428067372371,39.2477038286769,89.1744597413261,0.640787190206269,69.3248651386692,21,0.0007806691449814126
17928,1119,2000,180,0.163958742225214,0.601068995677116,0.954883380560204,0.136418501386781,0.163366319400252,0.575608192713159,0.124,6.3528577222166,4.49193955659982,0.163366319400252,47.0609171800137,58.9442799172801,36.600929203378,181.20660465063,0.0665334374175298,45.8241936805987,5,0.0001858736059479554
13534,1120,1990,136,0.612410592128005,0.986083431112822,0.952278969809413,0.608139763881101,0.590784625302643,0.942217390060884,0.596,,7.66428489560686,0.590784625302643,37.0622861054073,58.0008548303626,35.130811951425,173.068186714065,0.333650423794986,244.965794570859,3,0.00011152416356877323
5824,1121,1968,59,0.298430997559438,0.169387029653829,0.823921812698245,0.0911531250961478,0.259926279821031,0.157971147050559,0.104,1.76505818709142,1.45376867091301,0.259926279821031,15.0609171800137,55.9249063094235,31.8959099150901,113.693786265918,0.148420800059829,7.31315893585067,34,0.0012639405204460967
2545,1122,1958,26,0.695780512396743,0.999603034023944,0.946076621068642,0.695622530337973,0.666996740821469,0.945872476794668,0.666,193.877265834494,7.95557373538689,0.666996740821469,5.06228610540726,54.981481222506,30.425792663137,150.349131411758,0.392233889305222,463.518665095116,1,3.717472118959108e-05
22644,1123,2013,227,0.848215554043789,0.84403448372496,0.899445310700685,0.741383817495435,0.776869979172859,0.779581378315662,0.674,6.2228089473237,6.84717780439254,0.776869979172859,60.062970568104,60.1710941937784,38.5126452027004,153.690471981509,0.534847573798442,99.848004642014,9,0.0003345724907063197
13915,1124,1991,140,0.665215242052036,0.557020321224037,0.531603762414306,0.440667944418532,0.387238320013696,0.354314119874843,0.272,1.27892726759335,1.05031361668908,0.387238320013696,38.0616016427105,58.0951456728393,35.2777431663655,85.3434953107857,0.369808557197851,40.0063399119031,37,0.00137546468401487
24865,1125,2017,249,0.886884653444323,0.732702659265306,0.996723671909422,0.677782658847315,0.884405197454784,0.732105518076257,0.693,,250.981305204668,0.884405197454784,64.062970568104,60.5485158947604,39.1007726137364,317.92225122691,0.587532978360123,68.5314471077252,2,7.434944237918216e-05
26590,1126,2024,266,0.524993814631395,0.909511821634441,0.737470824504271,0.502714747733097,0.411254909754539,0.688740353628186,0.392,5.16348225801433,1.34417391115782,0.411254909754539,71.0609171800137,61.2088101231726,40.129693669594,116.635494137066,0.278788189271575,132.045451506742,11,0.00040892193308550185
21380,1127,2008,214,0.418567379331808,0.875392640927906,0.998004181543365,0.396982180322779,0.418290543341319,0.874522024339615,0.37,7.18634835831728,116.347899957602,0.418290543341319,55.0609171800137,59.6991233192443,37.77718402545,333.288148879195,0.216757944511314,113.069877763361,1,3.717472118959108e-05
22898,1128,2013,229,0.10979505801466,0.174883962527402,0.784713197732344,0.0405977217645467,0.099895536804472,0.160153337938228,0.054,1.12832191787828,0.973770133039735,0.099895536804472,60.062970568104,60.1710941937784,38.5126452027004,121.549567435268,0.0282196600331619,7.62025215451969,27,0.001003717472118959
2941,1129,1959,30,0.965218447013093,0.657091037022541,0.725262169959024,0.6445017054904,0.707116346539326,0.511654254103073,0.489,7.49045375241238,12.0223161353989,0.707116346539326,6.06160164271047,55.0757720649827,30.5727238780776,95.822404494304,0.771336401494131,54.3290491377713,13,0.000483271375464684
5946,1130,1968,60,0.470440932456716,0.677722232830647,0.595022324239835,0.386352445394542,0.302810060793812,0.462409681245995,0.284,1.60788897337954,0.842648801447704,0.302810060793812,15.0609171800137,55.9249063094235,31.8959099150901,85.3900543004941,0.246571230191857,57.8455149260962,39,0.0014498141263940521
533,1131,1953,6,0.410661448225732,0.342350270112522,0.94738198723644,0.210705393488301,0.397146628428566,0.33562156193779,0.195,4.15974430790826,5.11467184206376,0.397146628428566,0.0629705681040383,54.5097686790472,29.6907340371605,148.410817513291,0.212257084563001,18.8088757011574,16,0.0005947955390334573
19135,1132,2003,192,0.0481890755477347,0.0800260171078566,0.109288925072178,0.0095724135027433,0.0145594461528382,0.0226309783509628,0.007,0.249296106125081,0.233350052136109,0.0145594461528382,50.0616016427105,59.2274107757855,37.0421253994735,63.5264004463129,-0.0260252620112639,2.84867936992473,75,0.0027881040892193307
25230,1133,2019,253,0.953441620121809,0.403675467736037,0.208333804737777,0.396735286705727,0.203963222198781,0.130604009596918,0.114,3.8571596648354,4.740707328045,0.203963222198781,66.0616016427105,60.7370975797138,39.3946350436175,69.9920114833247,0.729138575389898,23.9154797999731,18,0.0006691449814126394
3391,1134,1960,34,0.504936718419249,0.777010398107799,0.537882156437263,0.446069944523611,0.396188845606529,0.451941478020183,0.322,1.31258576972503,0.565979049027585,0.396188845606529,7.06091718001369,55.1700629074594,30.7196550930181,79.3278063911085,0.266808673456426,78.9887356370537,21,0.0007806691449814126
13196,1135,1989,132,0.735557483538519,0.503339756623014,0.334995419718325,0.430854960064116,0.258422225663234,0.235566289873707,0.201,1.33377067032337,1.06456976284488,0.258422225663234,36.062970568104,57.9065639878859,34.9838807364844,72.319086534326,0.423592770382342,33.7307679402703,35,0.0013011152416356876
25174,1136,2019,252,0.675182779869789,0.999869836710031,0.895415601553395,0.675134308843706,0.620925948824073,0.895369924373782,0.625,,3.9739651711533,0.620925948824073,66.0616016427105,60.7370975797138,39.3946350436175,154.671737378142,0.376983690257657,532.544141430652,1,3.717472118959108e-05
24662,1137,2017,247,0.0837141390474471,0.441645197969703,0.721685455879197,0.0607712921171562,0.0675094180491588,0.378944471745992,0.05,0.951563563738636,0.763038933899536,0.0675094180491588,64.062970568104,60.5485158947604,39.1007726137364,112.123242733897,0.0073272032185062,27.4104439407781,19,0.0007063197026022305
11397,1138,1984,114,0.261044845676963,0.999500305827265,0.164081727387384,0.261008304811464,0.0650378742196323,0.164067426896053,0.054,17.4114000777819,0.312543315986018,0.0650378742196323,31.0609171800137,57.4345931133518,34.2484195592341,63.5991867579948,0.126681090111681,449.293997948281,1,3.717472118959108e-05
21027,1139,2007,211,0.377504745506331,0.995338362303769,0.448337281122804,0.376911220382152,0.212742180722207,0.447774108261319,0.224,,0.516929233250934,0.212742180722207,54.0616016427105,59.6048324767676,37.6302528105095,82.3101278638701,0.193442244132915,311.802008044889,3,0.00011152416356877323
9134,1140,1979,92,0.0341948433811412,0.907375211479973,0.91882541636005,0.0334697038904154,0.0335460239430285,0.848218365432711,0.033,9.15808697032122,2.48367714336374,0.0335460239430285,26.0616016427105,56.9628805698931,33.5133609332575,146.394163339942,-0.0419816518566113,130.656825763945,4,0.00014869888475836432
5796,1141,1967,58,0.173987154617103,0.720145008133958,0.925903730560094,0.156478179578585,0.166761538421533,0.686092457726045,0.155,5.83153583761263,2.99084860542979,0.166761538421533,14.0616016427105,55.8306154669468,31.7489787001496,143.827932517409,0.0731297725975853,65.8977599260048,9,0.0003345724907063197
7842,1142,1975,79,0.999629192176026,0.978438647107822,0.954649570398033,0.978090414379307,0.954331147038076,0.938031403380179,0.941,,3817.92586318419,0.954331147038076,22.0616016427105,56.585458868911,32.9252335222215,166.372017542966,1.28736820883524,218.351214538615,1,3.717472118959108e-05
13260,1143,1989,133,0.609861949251364,0.906498589099595,0.93501203157939,0.57920830825897,0.581576148611674,0.862681541852239,0.55,9.05246541304594,5.44926940538851,0.581576148611674,36.062970568104,57.9065639878859,34.9838807364844,160.084473807378,0.331973538463882,130.096524009112,9,0.0003345724907063197
16473,1144,1996,165,0.720762064322909,0.707233307524862,0.742340864147991,0.565806142170135,0.574178435683821,0.563143095243738,0.449,2.38687874223592,1.80057696803148,0.574178435683821,43.0609171800137,58.5668582162981,36.012801792342,109.026629951174,0.411601368670291,63.3169443739225,10,0.0003717472118959108
14759,1145,1992,148,0.511789488040221,0.999134852562588,0.80384809197858,0.511604595323158,0.432565437007146,0.803594900627621,0.446,,1.71045638867678,0.432565437007146,39.0609171800137,58.189436515316,35.4246743813061,118.203741292083,0.270881945039011,415.403012861887,1,3.717472118959108e-05
11044,1146,1983,111,0.848724035623742,0.191093437891194,0.404385275905952,0.182187911632624,0.363402848304771,0.126486286874039,0.119,1.83698085584491,1.81334288343534,0.363402848304771,30.0616016427105,57.3403022708751,34.1014883442935,75.2316259898861,0.535469574189911,8.54711107527043,28,0.0010408921933085502
11928,1147,1985,120,0.248602767420137,0.71187796827214,0.600719399983063,0.219900712539092,0.183829809235032,0.486066021605108,0.17,1.26106261103601,0.597893665163402,0.183829809235032,32.062970568104,57.5291422869038,34.3957533254484,89.8126745964371,0.11932541375357,64.2312017276531,25,0.0009293680297397769
6937,1148,1973,70,0.562618398291689,0.468323770736146,0.247515690512955,0.340596062468456,0.167403565514726,0.175002261726686,0.137,0.747540507159166,0.559801530882798,0.167403565514726,20.062970568104,56.3968771839576,32.6313710923404,65.739957639472,0.301799299025523,30.0389054100925,45,0.0016728624535315986
15283,1149,1993,153,0.751118422087416,0.931615270018901,0.315092088421807,0.717127673025706,0.27377576355524,0.305096831953426,0.281,11.6451797530869,0.963552410940665,0.27377576355524,40.062970568104,58.283985688868,35.5720081475204,71.8698086919299,0.436685128887271,148.758369785842,11,0.00040892193308550185
1945,1150,1957,20,0.913938229894877,0.353135144517,0.216249492717907,0.342247710928126,0.209396150994216,0.101484849644753,0.111,3.40102249893215,2.52498381910685,0.209396150994216,4.06297056810404,54.8871903800293,30.2788614481965,62.3083267018642,0.633606851985892,19.6625883209143,24,0.0008921933085501858
21292,1151,2008,213,0.0753654895497094,0.871578418950258,0.602192797232419,0.0729018890411222,0.0594471324781182,0.558135632608301,0.061,2.48917370007249,0.52371259923945,0.0594471324781182,55.0609171800137,59.6991233192443,37.77718402545,95.3023912993283,0.0001178869575647,111.289143660749,7,0.00026022304832713756
17821,1152,1999,179,0.52290134597744,0.895411747134662,0.428839990636334,0.496957513225978,0.302209021113406,0.399979668215106,0.298,3.70417572502912,0.57066602384623,0.302209021113406,46.0616016427105,58.8499890748034,36.4539979884375,79.543883316495,0.277529996887562,123.439884585628,18,0.0006691449814126394
3252,1153,1959,33,0.735392666561421,0.857567330543737,0.14098138641566,0.664278241929443,0.117632681857084,0.129291684950992,0.113,3.11229671276202,0.828985893389437,0.117632681857084,6.06160164271047,55.0757720649827,30.5727238780776,59.7387078155655,0.423456836357055,105.18428035378,16,0.0005947955390334573
22210,1154,2012,223,0.173315963495388,0.929480822539291,0.997164002852514,0.170021805743274,0.173180209050618,0.927885420117264,0.179,,74.0674161618371,0.173180209050618,59.0609171800137,60.0765450202264,38.365311436486,319.91872801134,0.072691994984891,146.920172252351,1,3.717472118959108e-05
9634,1155,1980,97,0.99662424139674,0.737646041373285,0.984647652832791,0.736108647140365,0.981958002751182,0.731539526906226,0.699,6.31148945028348,291.49907585898,0.981958002751182,27.0609171800137,57.0571714123698,33.6602921481981,212.697782977449,1.06126440092994,69.6041872792956,2,7.434944237918216e-05
23084,1156,2013,231,0.385459669919832,0.815299333943516,0.950337589485571,0.355322898403327,0.373616661503957,0.788931791911255,0.346,9.62706739972296,5.28829090102539,0.373616661503957,60.062970568104,60.1710941937784,38.5126452027004,184.54013318425,0.19795054380255,89.9471155863786,7,0.00026022304832713756
8115,1157,1976,82,0.404924562418951,0.0520886498761836,0.709004878299311,0.0364405683339361,0.305806612243176,0.0489928014467217,0.026,1.00390573829527,1.04233348037461,0.305806612243176,23.0609171800137,56.6797497113877,33.0721647371621,98.7376154463291,0.208995650839513,1.67981718622468,36,0.0013382899628252788
26242,1158,2023,263,0.999882417631057,0.249396898022575,0.876302109099925,0.249388830751437,0.876216473486891,0.234068959256999,0.227,28.1974548247049,6260.41656835421,0.876216473486891,70.0616016427105,61.1145192806959,39.9827624546534,149.003507174917,1.39319090607242,12.1471435887896,1,3.717472118959108e-05
18924,1159,2002,190,0.67731657714665,0.789665484482761,0.0552363784518093,0.583879055252921,0.0493573445243488,0.0509890627941947,0.053,1.83474417914587,0.631304385264645,0.0493573445243488,49.0622861054073,59.1331199333088,36.8951941845329,61.2323813251757,0.378536320596676,82.3784414961665,28,0.0010408921933085502
10824,1160,1983,109,0.939360649053981,0.930844867122606,0.654164433479309,0.880603236307148,0.62569417997586,0.632016304135141,0.606,25.1769601598197,6.2171467619523,0.62569417997586,30.0616016427105,57.3403022708751,34.1014883442935,94.4861914740925,0.689257627397009,148.08824985765,12,0.0004460966542750929
12854,1161,1988,129,0.723738120414712,0.746424416496154,0.848296161741018,0.591795783329472,0.638620054013202,0.669997351441141,0.516,3.03239399773893,3.00364468896001,0.638620054013202,35.0609171800137,57.8120148143339,34.8365469702701,126.568248392674,0.413980084575572,71.5626264374273,16,0.0005947955390334573
17456,1162,1998,175,0.155080705172859,0.57076478323809,0.0969483824446797,0.126089663180645,0.0283195886584575,0.0775068397123119,0.018,0.511349111395948,0.257635511102896,0.0283195886584575,45.0622861054073,58.7556982323268,36.3070667734969,62.4671949540154,0.0605874357265842,41.7505395230527,31,0.0011524163568773233
24318,1163,2016,244,0.314086059022626,0.264828293751357,0.314952701795846,0.139404425604276,0.128081435727735,0.144873900013692,0.07,0.445938132278138,0.400767329239657,0.128081435727735,63.0609171800137,60.4539667212085,38.953438847522,75.3231693722868,0.157403895601418,13.1716529658896,32,0.0011895910780669145
7183,1164,1973,72,0.998818125177728,0.814550353510875,0.685331822372973,0.813868816929441,0.684882503002112,0.607635073011262,0.612,,273.016874851864,0.684882503002112,20.062970568104,56.3968771839576,32.6313710923404,95.1915203154896,1.17300976571942,89.7108737603419,6,0.00022304832713754646
8150,1165,1976,82,0.0461529734543659,0.426019667885184,0.43952022283338,0.033308259454728,0.0257626371750237,0.259531267978586,0.022,0.519602929245308,0.370309035613496,0.0257626371750237,23.0609171800137,56.6797497113877,33.0721647371621,76.0954278080289,-0.02820849274087,25.9387512175199,28,0.0010408921933085502
3446,1166,1960,35,0.247426868280466,0.266166424602884,0.0537057055626065,0.115708486329467,0.0319153317365583,0.0281714917027042,0.025,0.342761378468023,0.273679144505967,0.0319153317365583,7.06091718001369,55.1700629074594,30.7196550930181,56.8680843830298,0.118626413339836,13.2619524900177,38,0.001412639405204461
24397,1167,2016,244,0.318264910187901,0.906273797265286,0.977867562556639,0.308025777572389,0.314912451506715,0.893708497973404,0.306,24.2704984643567,10.6496393064523,0.314912451506715,63.0609171800137,60.4539667212085,38.953438847522,223.315061999956,0.159793034214821,129.953709743431,4,0.00014869888475836432
26340,1168,2023,264,0.712317588181785,0.937977582203378,0.99344148626551,0.685024732739501,0.709660452676477,0.933579911068031,0.696,,51.2639350125093,0.709660452676477,70.0616016427105,61.1145192806959,39.9827624546534,288.389732436507,0.404938005200531,154.605006980601,1,3.717472118959108e-05
5332,1169,1967,54,0.822899994427893,0.819295036684837,0.997755592688918,0.705773254885594,0.821505372820711,0.818311951041698,0.699,30.1206863022193,235.353453326132,0.821505372820711,14.0616016427105,55.8306154669468,31.7489787001496,280.755785539764,0.505675532852381,91.2244407722797,3,0.00011152416356877323
24821,1170,2017,249,0.419737908225982,0.213520590177787,0.0611983241979033,0.142279836936583,0.0340484959731475,0.0347308958457475,0.021,0.403549291764196,0.361590247008123,0.0340484959731475,64.062970568104,60.5485158947604,39.1007726137364,63.0215107958789,0.2174250282104,9.88215895807257,52,0.001933085501858736
24757,1171,2017,248,0.794745706542366,0.855971841048227,0.573613634798676,0.709755054700716,0.482431980652238,0.53451670609164,0.472,6.58489130388031,1.75326880492692,0.482431980652238,64.062970568104,60.5485158947604,39.1007726137364,94.5686227372652,0.476617818282091,104.528603357137,18,0.0006691449814126394
9655,1172,1980,97,0.974276863471053,0.973129219890007,0.991135873831809,0.949283413515715,0.967414342154072,0.966034431266364,0.948,,99.9198217765465,0.967414342154072,27.0609171800137,57.0571714123698,33.6602921481981,235.583259398718,0.813232058416972,205.007781580626,2,7.434944237918216e-05
13606,1173,1990,137,0.0264618912221464,0.13463001002071,0.498285863315687,0.0084705636329982,0.0173076220244744,0.100807059450498,0.005,0.432706108006429,0.406042012761878,0.0173076220244744,37.0622861054073,58.0008548303626,35.130811951425,82.636416408559,-0.0520485812449969,5.45647486662599,30,0.0011152416356877324
10401,1174,1982,105,0.842530020409353,0.661946487590701,0.0394776160828769,0.597783556719039,0.0359613643020239,0.0350546381907352,0.03,2.10869400017258,1.29909163516388,0.0359613643020239,29.0622861054073,57.2460114283984,33.954557129353,58.614953813575,0.527997180987751,55.1358331539416,20,0.0007434944237918215
18480,1175,2001,185,0.0067934421756211,0.0048752916420362,0.988492420874536,9.48284024618816e-05,0.0067925502257917,0.0037985623821184,0.0,19.0027610968742,17.3811972939962,0.0067925502257917,48.062970568104,59.0388290908321,36.7482629695924,241.988466454638,-0.0870577516284214,0.0950713223480274,2,7.434944237918216e-05
25714,1176,2021,258,0.976637819255822,0.786402313475419,0.629891159012914,0.77386774470106,0.621186682106776,0.539384299191229,0.521,9.75256082813512,13.6447019403511,0.621186682106776,68.062970568104,60.9259375957425,39.6889000247724,101.329846579175,0.826259605692324,81.4844517644192,12,0.0004460966542750929
1579,1177,1956,16,0.458614854245123,0.540530596402514,0.562130008358508,0.325576212224509,0.292792929974072,0.320083056220433,0.199,1.12248097399831,0.735164200698642,0.292792929974072,3.06091718001369,54.7926412064773,30.1315276819821,80.1753028785947,0.239720179071249,37.9915134896633,31,0.0011524163568773233
26880,1178,2024,269,0.441388227537592,0.234355352433302,0.346486007561907,0.159840257954973,0.195185833529139,0.116721487377775,0.089,0.554757334752365,0.491024563923752,0.195185833529139,71.0609171800137,61.2088101231726,40.129693669594,78.4548542941711,0.229803513514728,11.1778757878404,43,0.0015985130111524164
3836,1179,1961,39,0.792125928144217,0.280733060647893,0.511296903481707,0.258777350107197,0.463009776728083,0.203467234023229,0.206,1.48040168104957,1.25323534373048,0.463009776728083,8.06297056810404,55.2646120810114,30.8669888592325,77.7489880112943,0.474062143571076,14.2602548051758,37,0.00137546468401487
19194,1180,2003,192,0.899132698934675,0.536317435647865,0.386280813254416,0.510216212501745,0.369452662927516,0.258905413521152,0.22,2.06519103637377,2.37984318311959,0.369452662927516,50.0616016427105,59.2274107757855,37.0421253994735,77.5252922153543,0.607159967896039,37.4896677062351,18,0.0006691449814126394
24670,1181,2017,247,0.404531695270565,0.505630933086665,0.902637699851766,0.280431686379268,0.37466294215614,0.48670662478135,0.246,2.40961169698211,2.96324624782004,0.37466294215614,64.062970568104,60.5485158947604,39.1007726137364,156.905439621622,0.208772429364765,33.9826637306929,7,0.00026022304832713756
13286,1182,1989,133,0.217716649035091,0.200146138377812,0.604478327324614,0.0823698778642065,0.156561483833193,0.167240955888425,0.071,0.639322414704842,0.59814603296013,0.156561483833193,36.062970568104,57.9065639878859,34.9838807364844,91.0879792935511,0.10070693374213,9.07861562009077,35,0.0013011152416356876
26739,1183,2024,268,0.893168024941981,0.847228262734671,0.689712120918557,0.775765231407161,0.626762314375242,0.614182740277513,0.571,12.8189700535981,4.55765990536642,0.626762314375242,71.0609171800137,61.2088101231726,40.129693669594,109.512827117916,0.597379280098752,101.06313341135,12,0.0004460966542750929
15585,1184,1994,156,0.941596859938419,0.341790408176081,0.112395652802661,0.334994945761735,0.110265683175977,0.0618884022661224,0.07,4.83487566546547,3.55409155827431,0.110265683175977,41.0622861054073,58.3782765313447,35.718939362461,62.6492087731055,0.695032345856522,18.7650480492034,21,0.0007806691449814126
17052,1185,1997,171,0.732734726623745,0.378915658965986,0.545914814108983,0.33201232723498,0.417863138186991,0.270054848408858,0.248,1.748785033948,1.4366412739654,0.417863138186991,44.062970568104,58.66140738985,36.1601355585564,87.7557589962136,0.421272227107658,21.7783596906978,25,0.0009293680297397769
8855,1186,1978,89,0.408355176504022,0.60427057285853,0.321360228583217,0.318154705222961,0.163005329842916,0.256500875574146,0.146,0.776171736648174,0.461584700158389,0.163005329842916,25.0622861054073,56.8685897274164,33.366429718317,69.9245015066452,0.210945539591065,46.274281648667,33,0.0012267657992565055
14406,1187,1992,145,0.63881774255442,0.599428426890451,0.429634309839457,0.454254069598344,0.30406692696149,0.316904811221723,0.227,1.10898353545694,0.848842843080382,0.30406692696149,39.0609171800137,58.189436515316,35.4246743813061,78.3496560233661,0.351373641356768,45.5950848544389,31,0.0011524163568773233
9462,1188,1979,95,0.13119728463996,0.984938425824804,0.315950392046943,0.130731513972231,0.0932655029441453,0.313892021893949,0.093,15.6214164731558,0.309541064914641,0.0932655029441453,26.0616016427105,56.9628805698931,33.5133609332575,69.805250408469,0.0440027732664648,240.152551888808,3,0.00011152416356877323
17904,1189,2000,180,0.0614492342385786,0.708082053041001,0.332199451746419,0.0557643727374528,0.0439263824713383,0.231141768279432,0.034,1.02510594944725,0.307560909870759,0.0439263824713383,47.0609171800137,58.9442799172801,36.600929203378,73.8664076033998,-0.0126650245185356,63.4828592096461,18,0.0006691449814126394
5521,1190,1967,56,0.0440258911049917,0.21782017229039,0.999357118271291,0.0203978030154437,0.0440155766338622,0.217801085888063,0.026,,316.171913110657,0.0440155766338622,14.0616016427105,55.8306154669468,31.7489787001496,335.553567117943,-0.030533843875393,10.145143689442,1,3.717472118959108e-05
2144,1191,1957,22,0.958362584478046,0.725417830864542,0.85768217407167,0.706635066267156,0.828930965005559,0.644188793305545,0.631,27.4264331171462,15.5204714968152,0.828930965005559,4.06297056810404,54.8871903800293,30.2788614481965,116.768023006338,0.745514828744754,66.9881183647486,8,0.00029739776951672863
10149,1192,1981,102,0.454515848192442,0.360861840965373,0.983519362984225,0.236762567102609,0.453775216723529,0.354484095001665,0.202,4.53259570681854,12.7064758271242,0.453775216723529,28.062970568104,57.1517205859217,33.8076259144124,210.549632386632,0.237354204418085,20.2854309185292,10,0.0003717472118959108
8507,1193,1978,86,0.0842619543192428,0.885044270688082,0.993008908582851,0.0818129575665638,0.0840786236336944,0.882104488521201,0.084,118.981320157261,29.3782357936938,0.0840786236336944,25.0622861054073,56.8685897274164,33.366429718317,243.826673135877,0.007790011168888,117.838087977103,1,3.717472118959108e-05
6193,1194,1969,62,0.972972329586044,0.911796730947929,0.856379742035642,0.890762284195592,0.834948156861569,0.801665115818429,0.775,17.8145877739188,35.7392697621222,0.834948156861569,16.062970568104,56.0194554829755,32.0432436813045,121.185714617322,0.806475679897963,133.567970138412,4,0.00014869888475836432
23307,1195,2014,234,0.0479075456904066,0.147665508875753,0.571748055750504,0.0162464704247957,0.0362555601661378,0.116264067619103,0.018,0.521587206286851,0.480076859853729,0.0362555601661378,61.0622861054073,60.2653850362551,38.6595764176409,93.72582429115,-0.0263247528097354,6.13551405506767,28,0.0010408921933085502
8677,1196,1978,87,0.969058772052427,0.969748152030131,0.326208095764741,0.941322255913908,0.321288796161395,0.324436076182575,0.309,15.3467108850667,7.68582548358195,0.321288796161395,25.0622861054073,56.8685897274164,33.366429718317,70.168238388077,0.787783635173428,197.835862585892,7,0.00026022304832713756
1558,1197,1956,16,0.588295054206837,0.198546790303467,0.932521362090483,0.16203984057342,0.560202529170537,0.178623232262818,0.149,6.15339261927616,5.07793192600138,0.560202529170537,3.06091718001369,54.7926412064773,30.1315276819821,141.507523997448,0.317995897092987,8.98398914272247,15,0.0005576208178438662
10373,1198,1982,104,0.0343785425085786,0.298031773906869,0.0574268349446356,0.0200389848679056,0.0101962370403051,0.0320527694235804,0.01,0.301909195267292,0.2177722022298,0.0101962370403051,29.0622861054073,57.2460114283984,33.954557129353,59.2569917384547,-0.0417554852814924,15.4829512516249,42,0.0015613382899628252
21470,1199,2008,215,0.534346067760859,0.602264733512477,0.8952811723575,0.397456076808073,0.488767756155262,0.567711645509798,0.377,4.44015181989548,3.38177637603301,0.488767756155262,55.0609171800137,59.6991233192443,37.77718402545,149.722957180509,0.28443751428311,45.9918309741259,10,0.0003717472118959108
26722,1200,2024,268,0.747363750196719,0.98495346284964,0.959031404228881,0.740240397964393,0.721557557780834,0.947232899636055,0.714,54.314792862467,13.1905210087265,0.721557557780834,71.0609171800137,61.2088101231726,40.129693669594,199.759041592745,0.43347779443364,240.213340807359,3,0.00011152416356877323
5028,1201,1965,51,0.915149750325114,0.206912385417946,0.988814136711881,0.201851150530282,0.906450146113754,0.205583851404185,0.189,14.2766632959419,80.4421397067986,0.906450146113754,12.062970568104,55.6420337819934,31.4551162702685,213.345462657703,0.63592953473632,9.48239821266021,4,0.00014869888475836432
20456,1202,2005,205,0.94659042256121,0.951507223344355,0.193344741594046,0.904726792404032,0.190364412486351,0.189902602461672,0.176,11.3950894959733,3.96595243075787,0.190364412486351,52.062970568104,59.4162507918142,37.3363903806284,67.4797553668093,0.708627590575217,169.376993735539,5,0.0001858736059479554
18385,1203,2001,184,0.424179122397505,0.734428905324026,0.513624130748212,0.368879907135833,0.280986642493326,0.390538019396237,0.229,1.43706643580787,0.582778788857468,0.280986642493326,48.062970568104,59.0388290908321,36.7482629695924,85.9888493745393,0.21995787981385,68.9036600888827,23,0.0008550185873605948
5693,1204,1967,57,0.762488493485477,0.963539497371982,0.66900393133983,0.744137333546753,0.528242581197513,0.656011148715675,0.547,,2.06718012145203,0.528242581197513,14.0616016427105,55.8306154669468,31.7489787001496,91.8806264166549,0.4465992381238,186.558135648134,8,0.00029739776951672863
23291,1205,2014,233,0.421176345051953,0.695672364860189,0.141524693695828,0.355669782117129,0.0768689512678502,0.124799829427867,0.072,0.881192517391912,0.388977987793421,0.0768689512678502,61.0622861054073,60.2653850362551,38.6595764176409,66.1863613842477,0.218245058950361,61.10648012726,26,0.000966542750929368
7302,1206,1974,74,0.243812161793035,0.0647003868785617,0.0799243489746004,0.0321325870004416,0.0220614491840343,0.0177252402778566,0.005,0.294775525856654,0.286399624297455,0.0220614491840343,21.0622861054073,56.4911680264343,32.778302307281,59.2270383713226,0.11647328092651,2.19176303439389,66,0.002453531598513011
23857,1207,2015,239,0.624163708655974,0.467154904445107,0.936443364946172,0.364533780550675,0.598914126626177,0.45497914188461,0.348,4.68767531017091,5.22097066236173,0.598914126626177,62.0616016427105,60.3596758787318,38.8065076325815,174.68814987787,0.341457583794595,29.9205452600673,11,0.00040892193308550185
1926,1208,1957,20,0.58472434199556,0.474966670292292,0.992777367355302,0.353844029062701,0.582916889041868,0.472131782041073,0.36,,36.9332157771571,0.582916889041868,4.06297056810404,54.8871903800293,30.2788614481965,223.294523058294,0.315716192542051,30.7173530735679,4,0.00014869888475836432
10651,1209,1982,107,0.430756483812587,0.48640558833269,0.360354830976576,0.287033576544316,0.184132832828405,0.230374826602075,0.142,0.709158667185949,0.508877989677985,0.184132832828405,29.0622861054073,57.2460114283984,33.954557129353,72.5819651892597,0.22371467508727,31.9092054131458,39,0.0014498141263940521
17350,1210,1998,174,0.744044023033992,0.755366142487014,0.983849327778444,0.610490945781344,0.738616116332207,0.74887576298603,0.607,25.8955597371335,18.6519046444911,0.738616116332207,45.0622861054073,58.7556982323268,36.3070667734969,224.388932883115,0.430668167626951,73.6321269996782,5,0.0001858736059479554
15780,1211,1995,158,0.66129142207874,0.845985296808039,0.931772811571136,0.598835082780286,0.625921930688764,0.802312709553766,0.578,19.9596962538021,6.08685385842163,0.625921930688764,42.0616016427105,58.4725673738214,35.8658705774015,161.240058892962,0.367017826181473,100.587140795504,12,0.0004460966542750929
5074,1212,1965,51,0.28648615642867,0.716325329069461,0.333433568710461,0.252473159268925,0.126192287853425,0.269560517061857,0.11,0.990192588122047,0.395044121940431,0.126192287853425,12.062970568104,55.6420337819934,31.4551162702685,68.5255470046069,0.141524980291124,65.1213660958774,17,0.0006319702602230483
12325,1213,1987,124,0.598255620452341,0.787118526029996,0.963147668400779,0.523215953109469,0.581914374492766,0.770622870029261,0.493,5.84259191251829,9.75082467665301,0.581914374492766,34.0616016427105,57.7177239718572,34.6896157553295,181.777662997964,0.324405648182655,81.679443631003,6,0.00022304832713754646
24195,1214,2016,242,0.373681913449524,0.685278751778688,0.802692888537422,0.316412404058565,0.321151208053901,0.605449991496892,0.277,1.91644216632221,1.38144056364754,0.321151208053901,63.0609171800137,60.4539667212085,38.953438847522,126.199211516838,0.191276180480664,59.1941012608382,20,0.0007434944237918215
2437,1215,1958,25,0.630140119200833,0.680862208406764,0.738378965528682,0.495072344786075,0.485836052972396,0.551211453953264,0.426,3.52493974153437,1.70478322953198,0.485836052972396,5.06228610540726,54.981481222506,30.425792663137,97.1176661302487,0.345476357796105,58.4017558038421,32,0.0011895910780669145
11587,1216,1985,116,0.969440761837256,0.994970690832288,0.99929160089232,0.96483774257476,0.968839487006713,0.994368043281444,0.963,149.006946810472,1866.99042779835,0.968839487006713,32.062970568104,57.5291422869038,34.3957533254484,355.834796716114,0.789514710530112,307.149408346189,1,3.717472118959108e-05
4656,1217,1964,47,0.962614693898084,0.545196411606528,0.882532080868259,0.535851674175851,0.857072687598923,0.503594086794868,0.481,7.94430653539112,16.7702047472308,0.857072687598923,11.0609171800137,55.5474846084415,31.3077825040541,126.157943527933,0.761054681481023,38.5533234415854,11,0.00040892193308550185
17040,1218,1997,171,0.885900120632206,0.981179034329331,0.828975348966196,0.872352491802269,0.741579661971493,0.820291558781438,0.747,,7.48946072608194,0.741579661971493,44.062970568104,58.66140738985,36.1601355585564,125.298729832312,0.586029470529284,226.603960429702,4,0.00014869888475836432
17707,1219,1999,178,0.989940689631096,0.545920388586704,0.809651460265741,0.543469484225594,0.806318244504659,0.470177307927051,0.446,7.0292597429783,29.7349370862886,0.806318244504659,46.0616016427105,58.8499890748034,36.4539979884375,121.792670804453,0.934248839750105,38.6410746057717,7,0.00026022304832713756
22104,1220,2012,222,0.0248744742642266,0.68307075461963,0.781795567832887,0.0223952171036901,0.0218296035637922,0.57772960954729,0.023,1.83127319908837,0.929542701410339,0.0218296035637922,59.0609171800137,60.0765450202264,38.365311436486,120.66449163122,-0.054270100903622,58.7965058152689,9,0.0003345724907063197
10148,1221,1981,102,0.330104118917121,0.334947586903428,0.727270454633981,0.175241086268801,0.300920444639485,0.250718144003928,0.141,1.03328460566548,0.821200536499423,0.300920444639485,28.062970568104,57.1517205859217,33.8076259144124,102.473683572564,0.166545506542148,18.2332239012788,27,0.001003717472118959
6273,1222,1969,63,0.757052317670681,0.554462810835056,0.208765243645757,0.477589411845738,0.17450515153297,0.164327718530201,0.135,1.24114204865191,0.958370355383771,0.17450515153297,16.062970568104,56.0194554829755,32.0432436813045,63.564984121224,0.441820364970547,39.6884198320649,39,0.0014498141263940521
23606,1223,2015,237,0.340313852230402,0.944219945119413,0.898890769574791,0.333886842428052,0.32382324178093,0.861260930785605,0.314,9.28227238895307,2.3635459909101,0.32382324178093,62.0616016427105,60.3596758787318,38.8065076325815,154.354401377399,0.172352832114306,160.966302511683,6,0.00022304832713754646
8541,1224,1978,86,0.992071637961591,0.449327663378634,0.266661769477651,0.447974547352995,0.265693651665139,0.185671147631978,0.18,17.733207005661,28.7346238880278,0.265693651665139,25.0622861054073,56.8685897274164,33.366429718317,67.2944309548074,0.96304585261222,28.1519974232133,5,0.0001858736059479554
15162,1225,1993,152,0.73284790200336,0.552717046016262,0.467440971173346,0.466680790181028,0.375779786914368,0.320300862539339,0.262,1.35358732724185,1.13966014388059,0.375779786914368,40.062970568104,58.283985688868,35.5720081475204,81.0383944629507,0.421364960348783,39.4725705765508,32,0.0011895910780669145
23222,1226,2014,233,0.777365014740418,0.912061026360696,0.855287584709004,0.729543962543866,0.678998069492527,0.799632701886151,0.655,23.6375658297344,4.31541636785602,0.678998069492527,61.0622861054073,60.2653850362551,38.6595764176409,138.565898585813,0.460068662614275,133.746669883999,15,0.0005576208178438662
121,1227,1953,2,0.977688956563566,0.76335220628167,0.329715145053342,0.752200417667289,0.324966614061055,0.291518149344143,0.302,,11.3878922868269,0.324966614061055,0.0629705681040383,54.5097686790472,29.6907340371605,66.5022303037531,0.832434294285777,75.5486308752786,11,0.00040892193308550185
11456,1228,1984,115,0.016145880540001,0.0410154864530278,0.0047913163434714,0.0017876148062618,0.0003151915798697,0.0014434455206371,0.0,0.212405868812043,0.204211245385393,0.0003151915798697,31.0609171800137,57.4345931133518,34.2484195592341,57.5991014359679,-0.0678438149136041,1.25438420589927,58,0.0021561338289962824
16623,1229,1997,167,0.697739350601557,0.769614078186896,0.801307267509401,0.58775032954566,0.592086893504247,0.64889459933392,0.531,6.87967846200842,2.14960670692968,0.592086893504247,44.062970568104,58.66140738985,36.1601355585564,119.418663129146,0.393716158611946,77.0993299479614,18,0.0006691449814126394
22084,1230,2011,221,0.265013754281286,0.588023374459203,0.123993054963648,0.212314757883443,0.0500665539748644,0.100513518820704,0.047,0.590206153948038,0.30254451521883,0.0500665539748644,58.0616016427105,59.9822541777497,38.2183802215455,65.0577367900147,0.129012999817739,44.0302158985376,34,0.0012639405204460967
13470,1231,1989,135,0.982884930887171,0.638167024591127,0.296280296752229,0.632431386382312,0.293731975357891,0.240080018181061,0.253,,13.7299007208127,0.293731975357891,36.062970568104,57.9065639878859,34.9838807364844,70.3031268327195,0.867336466490897,51.2978404525901,17,0.0006319702602230483
5144,1232,1965,52,0.98825935990641,0.880529279237979,0.37452775449492,0.872233581681749,0.372446233184844,0.345607513996544,0.349,,20.7058225996091,0.372446233184844,12.062970568104,55.6420337819934,31.4551162702685,70.569535495479,0.915179116950597,115.558425525954,8,0.00029739776951672863
11254,1233,1984,113,0.999016185826163,0.836636430914093,0.924905569059774,0.836029824331872,0.924190941395628,0.789485114345197,0.799,,742.979283136882,0.924190941395628,31.0609171800137,57.4345931133518,34.2484195592341,151.840504731553,1.19168286057952,97.1291025166908,3,0.00011152416356877323
4136,1234,1962,42,0.544869719895518,0.798106246097987,0.215991223463789,0.485344490673287,0.17453280565698,0.199401418408769,0.158,1.40536755265639,0.483474991238545,0.17453280565698,9.06228610540725,55.3589029234881,31.013920074173,62.9498586632197,0.290847804593785,84.759577709531,30,0.0011152416356877324
3877,1235,1961,39,0.83792212645067,0.892166212258603,0.80760514526628,0.767579277775933,0.718058496032712,0.748997978721859,0.688,22.3656892846574,2.75743311776054,0.718058496032712,8.06297056810404,55.2646120810114,30.8669888592325,108.20329452508,0.522579764297687,121.627316107505,11,0.00040892193308550185
12268,1236,1987,123,0.985057533447208,0.88482394096213,0.92438300489448,0.874117912864475,0.911669607324139,0.832521868198488,0.822,97.8038591715001,89.7235579403768,0.911669607324139,34.0616016427105,57.7177239718572,34.6896157553295,153.067496099231,0.884797145867827,117.724728827336,5,0.0001858736059479554
6232,1237,1969,63,0.620558665604411,0.945639431782973,0.993712053867057,0.602763653225686,0.61801882783365,0.941697475527876,0.607,,53.3602502045964,0.61801882783365,16.062970568104,56.0194554829755,32.0432436813045,239.883330829488,0.339049621928653,162.513628578448,2,7.434944237918216e-05
7345,1238,1974,74,0.962934497542042,0.859897490033215,0.869945356622338,0.834980779932992,0.838673949545414,0.774091452568496,0.727,7.15081552825255,34.5178991451631,0.838673949545414,21.0622861054073,56.4911680264343,32.778302307281,126.730026122659,0.762283736439169,106.155575558367,5,0.0001858736059479554
11265,1239,1984,113,0.419630965061961,0.978111157250697,0.0735976761206985,0.416251180795838,0.0450773059120971,0.0732215121582398,0.047,12.3379103687753,0.362418200464536,0.0450773059120971,31.0609171800137,57.4345931133518,34.2484195592341,60.0575730825468,0.217364073376467,217.436607609807,8,0.00029739776951672863
24794,1240,2017,248,0.552763461948992,0.402375055030488,0.997977560851723,0.296630682949094,0.552223377417204,0.402305637853668,0.284,14.2413419377261,134.920482437394,0.552223377417204,64.062970568104,60.5485158947604,39.1007726137364,343.025497036298,0.295695803493197,23.8005553154692,2,7.434944237918216e-05
22088,1241,2011,221,0.852449365581725,0.996477809283168,0.981180623639375,0.850168690389911,0.839558555019667,0.978378821217543,0.85,,33.7349717950922,0.839558555019667,58.0616016427105,59.9822541777497,38.2183802215455,227.238428045792,0.540075360224601,328.994298355022,1,3.717472118959108e-05
26717,1242,2024,268,0.664485715659183,0.773692559420883,0.508890407159925,0.566373040163628,0.361178412296649,0.432063598787324,0.339,2.71937286230004,1.06494974345836,0.361178412296649,71.0609171800137,61.2088101231726,40.129693669594,90.2364165923849,0.369288285743952,78.1332137047701,23,0.0008550185873605948
3056,1243,1959,31,0.701841606634913,0.266393844505036,0.879499385133386,0.233385063167514,0.633836029479975,0.246873470060747,0.22,4.31408930509632,3.8098839189045,0.633836029479975,6.06160164271047,55.0757720649827,30.5727238780776,123.165405172873,0.396839514051371,13.2773225597746,19,0.0007063197026022305
11700,1244,1985,118,0.841764437332783,0.955073456841428,0.993955672020093,0.813009637179869,0.838299908090366,0.950690877175246,0.805,32.222431438143,77.5254275046799,0.838299908090366,32.062970568104,57.5291422869038,34.3957533254484,256.626255021634,0.527088973780975,173.972794566175,2,7.434944237918216e-05
1351,1245,1955,14,0.905472405257687,0.545441944465397,0.216973035829142,0.520371580573442,0.205278989360754,0.126784188561174,0.133,3.87992614522945,2.41448065629897,0.205278989360754,2.06160164271047,54.6983503640006,29.9845964670416,62.07538433754,0.618074815520525,38.583066274272,20,0.0007434944237918215
25590,1246,2020,256,0.973841454745805,0.895385095166527,0.903795311925933,0.875975991998958,0.88451560082353,0.826378593540583,0.824,,29.0746942849199,0.88451560082353,67.0609171800137,60.8313884221905,39.541566258558,158.803541736056,0.810944441822763,123.424766957586,6,0.00022304832713754646
24587,1247,2017,246,0.596687986664467,0.583466118716909,0.954357724636793,0.422910839957975,0.576885473688215,0.574992989361223,0.416,8.23808969280337,7.74000925414755,0.576885473688215,64.062970568104,60.5485158947604,39.1007726137364,190.636053254045,0.32339179792783,43.4181710144499,13,0.000483271375464684
17684,1248,1999,177,0.536323212501631,0.564667826660381,0.597001750953496,0.380390581488743,0.401996557445438,0.375642388956849,0.284,1.13612648431962,0.744403221157844,0.401996557445438,46.0616016427105,58.8499890748034,36.4539979884375,92.7124021099466,0.285637424335333,40.9692937458256,29,0.0010780669144981412
24643,1249,2017,247,0.920061033807782,0.982219440649267,0.36813540617004,0.905926142865141,0.346597938826082,0.36706835193312,0.362,,3.42456964194786,0.346597938826082,64.062970568104,60.5485158947604,39.1007726137364,78.6978520778768,0.645630482774279,230.059285967436,5,0.0001858736059479554
16933,1250,1997,170,0.929759875814285,0.328013267041645,0.934729458997026,0.320219409767954,0.87838771328257,0.323380605533412,0.325,44.5918280566204,14.3901679187679,0.87838771328257,44.062970568104,58.66140738985,36.1601355585564,164.095990733087,0.666314988348651,17.7014730355916,8,0.00029739776951672863
21483,1251,2008,215,0.427962582599783,0.986467381161425,0.980165085522458,0.425823696641543,0.422072224180399,0.968700745164612,0.432,,14.3425146821362,0.422072224180399,55.0609171800137,59.6991233192443,37.77718402545,222.625586081248,0.22211800898529,246.669607954294,1,3.717472118959108e-05
13565,1252,1990,136,0.174290697791426,0.907340578012251,0.352012002374977,0.169801009083794,0.0804065438101002,0.340734469771395,0.073,2.37251457560804,0.360943173909122,0.0804065438101002,37.0622861054073,58.0008548303626,35.130811951425,73.4031209718972,0.0733275876159262,130.634586944693,14,0.0005204460966542751
14725,1253,1992,148,0.998530275417279,0.96974283211387,0.424091609893367,0.968397047730187,0.423792096359143,0.419900151475711,0.402,11.2837664408338,170.909341743716,0.423792096359143,39.0609171800137,58.189436515316,35.4246743813061,77.9978046511948,1.15050851757552,197.825228531572,1,3.717472118959108e-05
11237,1254,1984,113,0.463051443106037,0.979918000846864,0.98969778418541,0.459390439727394,0.460837583302841,0.971096481829673,0.462,,24.7269036771217,0.460837583302841,31.0609171800137,57.4345931133518,34.2484195592341,232.645067787033,0.242285885214114,222.665373640999,2,7.434944237918216e-05
26382,1255,2023,264,0.229315100779498,0.414085406823339,0.0561902141198516,0.150315855501883,0.0240929131667272,0.0353340686234667,0.011,0.400679459751178,0.270787108352715,0.0240929131667272,70.0616016427105,61.1145192806959,39.9827624546534,63.4299552260112,0.107765988803989,24.846541234776,35,0.0013011152416356876
18938,1256,2002,190,0.742299316060041,0.577871807816656,0.645679204259068,0.488977262942909,0.524290160035015,0.425862271911465,0.397,2.62194101120404,1.46722613282937,0.524290160035015,49.0622861054073,59.1331199333088,36.8951941845329,98.3816637059978,0.429201162914374,42.6768461179668,28,0.0010408921933085502
22204,1257,2012,223,0.0377254384839887,0.940973824415764,0.950379471061751,0.0372365924617034,0.0371793779342164,0.902642503443144,0.036,16.694853314357,4.07543895161101,0.0371793779342164,59.0609171800137,60.0765450202264,38.365311436486,184.007177373664,-0.0377234727784349,157.572995870387,2,7.434944237918216e-05
7739,1258,1975,78,0.232595532805078,0.748028142165894,0.883848496479914,0.210694024656452,0.215330135445913,0.688997830533156,0.196,3.66637328939729,2.02252882396372,0.215330135445913,22.0616016427105,56.585458868911,32.9252335222215,131.255145651616,0.109746957243493,71.9281040034987,13,0.000483271375464684
3030,1259,1959,31,0.738871251988858,0.890684714638176,0.302029027370736,0.68497344798504,0.247565696420398,0.281899355037434,0.239,4.56063883536914,0.967747786951494,0.247565696420398,6.06160164271047,55.0757720649827,30.5727238780776,66.1643239744814,0.426337605813479,120.818398380712,17,0.0006319702602230483
10240,1260,1982,103,0.994156313156373,0.448882857763929,0.94617864000611,0.447889574948033,0.942487045657605,0.436371218098682,0.413,8.15327246307155,92.9328086285009,0.942487045657605,29.0622861054073,57.2460114283984,33.954557129353,163.748306090036,0.999003502824591,28.108731059125,6,0.00022304832713754646
1891,1261,1956,19,0.331557225899727,0.0965809384513951,0.49020152236335,0.0583995401551306,0.188452168507083,0.0589074430495596,0.023,0.548818104437646,0.545414749648127,0.188452168507083,3.06091718001369,54.7926412064773,30.1315276819821,75.4247925458467,0.167372830826252,3.59718110365561,56,0.0020817843866171005
11371,1262,1984,114,0.983065930470056,0.990521631640331,0.9786939304322,0.974038272771086,0.963037110391941,0.97081292644698,0.952,55.4505527343227,156.586478691369,0.963037110391941,31.0609171800137,57.4345931133518,34.2484195592341,202.19021235015,0.868713644534585,268.384868697426,2,7.434944237918216e-05
12742,1263,1988,128,0.735499404522993,0.98203215288589,0.340822478756309,0.727283001899827,0.268090589580252,0.339625806423349,0.263,14.6569950901029,1.04292302877682,0.268090589580252,35.0609171800137,57.8120148143339,34.8365469702701,72.4765577179833,0.423544863003168,229.422477618527,7,0.00026022304832713756
6621,1264,1970,67,0.896374810453582,0.321893468492714,0.534613671945408,0.310238872561266,0.501311061810992,0.236374906435955,0.231,3.12290716831694,2.84403674712002,0.501311061810992,17.0622861054073,56.1137463254522,32.190174896245,81.1925111324024,0.602582117647347,17.2381001584813,19,0.0007063197026022305
3431,1265,1960,35,0.113972298736327,0.137134945610476,0.655334201874211,0.0341784144821994,0.102087732194655,0.111581463195271,0.036,0.654865630768589,0.60099543188765,0.102087732194655,7.06091718001369,55.1700629074594,30.7196550930181,88.7417332595945,0.0313820971040875,5.5853331944808,44,0.0016356877323420074
21242,1266,2008,213,0.989803827968787,0.970302682932984,0.990847222041339,0.960941949079543,0.981117185936695,0.963156003152838,0.959,,429.059397914299,0.981117185936695,55.0609171800137,59.6991233192443,37.77718402545,258.543064185025,0.932593507775795,198.954815892069,1,3.717472118959108e-05
21147,1267,2008,212,0.310342349759248,0.482077125404453,0.95232549100183,0.216923010992717,0.302156776208377,0.473799283243091,0.199,4.07049243974693,5.06470984174574,0.302156776208377,55.0609171800137,59.6991233192443,37.77718402545,183.477003284848,0.155260633418542,31.4546444550247,7,0.00026022304832713756
26301,1268,2023,264,0.909769395744521,0.811150765121144,0.839439266594127,0.757018419262025,0.777028928371639,0.703845170782374,0.666,17.3414048981989,7.18900386368804,0.777028928371639,70.0616016427105,61.1145192806959,39.9827624546534,137.547789922523,0.625811522090297,88.6508692670085,9,0.0003345724907063197
5207,1269,1965,53,0.810191810445608,0.745928892634309,0.250507410382852,0.645251223176781,0.219906442601266,0.209957533407525,0.227,4.82077727359085,1.25622442105929,0.219906442601266,12.062970568104,55.6420337819934,31.4551162702685,64.7753665933939,0.492176586477999,71.4501909025895,28,0.0010408921933085502
20162,1270,2005,202,0.343207333811162,0.666510881016729,0.316436764551327,0.288328274716729,0.157771233606576,0.24467453219631,0.126,0.838156009181199,0.401503925101366,0.157771233606576,52.062970568104,59.4162507918142,37.3363903806284,73.7506557733158,0.173996542543134,55.9056710943855,26,0.000966542750929368
18146,1271,2000,182,0.602769968918472,0.973714902835467,0.536412929417565,0.59486631494266,0.408907041646792,0.523035988441926,0.39,8.3641608911599,0.741498323231585,0.408907041646792,47.0609171800137,58.9442799172801,36.600929203378,87.6064683544353,0.32733614828298,206.34228637201,10,0.0003717472118959108
9447,1272,1979,95,0.491358012864355,0.816542781492543,0.648734052898362,0.447014019189731,0.410297670992018,0.561992848213844,0.384,2.54227513926855,0.740177095254103,0.410297670992018,26.0616016427105,56.9628805698931,33.5133609332575,92.9189366142252,0.258792576688435,90.3415216764009,18,0.0006691449814126394
23852,1273,2015,239,0.886025152944645,0.986965617257138,0.758130000205711,0.876659975223848,0.691290036818336,0.753368857584115,0.699,,4.24314190332589,0.691290036818336,62.0616016427105,60.3596758787318,38.8065076325815,117.356676213625,0.586219844445003,248.954660887673,3,0.00011152416356877323
15269,1274,1993,153,0.788875060780554,0.99839921071845,0.958665112266317,0.788021490640282,0.767187989245234,0.957584246100781,0.772,,10.1792483185314,0.767187989245234,40.062970568104,58.283985688868,35.5720081475204,180.729580965307,0.470922126371867,377.475801630081,1,3.717472118959108e-05
20741,1275,2007,208,0.796749440160966,0.97845681338924,0.994078203104436,0.78483686073804,0.79335992909479,0.973714319883677,0.773,20.7756526297044,78.9800257455085,0.79335992909479,54.0616016427105,59.6048324767676,37.6302528105095,278.409576799994,0.478588102740242,218.402358499567,2,7.434944237918216e-05
22027,1276,2011,221,0.23616426950836,0.14868376082352,0.0769983308855444,0.0679152384415293,0.0299436878789047,0.0288268943464919,0.019,0.309674481906812,0.279025219124779,0.0299436878789047,58.0616016427105,59.9822541777497,38.2183802215455,63.050360330692,0.111894743159644,6.18943565109125,62,0.0023048327137546467
8297,1277,1976,83,0.639691711480615,0.356256548188896,0.777681687148288,0.291622765981187,0.514899333920976,0.32283462622907,0.261,2.11133537368811,2.05073654921672,0.514899333920976,23.0609171800137,56.6797497113877,33.0721647371621,108.244383728324,0.3519718049262,19.9130624314946,24,0.0008921933085501858
20171,1278,2005,202,0.930436827436527,0.903148626069885,0.728493007132784,0.849629893568532,0.695974586262248,0.677246741407953,0.654,29.5300560326398,5.39887543741122,0.695974586262248,52.062970568104,59.4162507918142,37.3363903806284,109.647358983905,0.667844624395442,128.003675311188,7,0.00026022304832713756
21700,1279,2009,218,0.802406508455146,0.910592701228649,0.676754951709881,0.750110665293867,0.552362372966489,0.643410945462961,0.549,28.0511898828873,2.73220636663981,0.552362372966489,56.062970568104,59.7936724927963,37.9245177916644,103.803920683876,0.48422608090708,132.760733168065,14,0.0005204460966542751
10516,1280,1982,106,0.967099690413495,0.936708325244693,0.872225522994995,0.909169870591389,0.853563947923457,0.830502437726698,0.815,90.7969324150884,14.0461920818712,0.853563947923457,29.0622861054073,57.2460114283984,33.954557129353,130.667952674073,0.779185944447573,153.391384798641,6,0.00022304832713754646
6681,1281,1970,67,0.432188641528015,0.897836222721876,0.763328443281353,0.414013470993512,0.366609666191784,0.715253029651434,0.362,4.93548588198763,1.16895775599394,0.366609666191784,17.0622861054073,56.1137463254522,32.190174896245,104.142041564469,0.224533651437315,124.831840018369,11,0.00040892193308550185
25208,1282,2019,253,0.0042251548998301,0.666817842385905,0.681174976518378,0.003782514487931,0.003712039685557,0.509330704324653,0.001,1.22243945539486,0.628314539310356,0.003712039685557,66.0616016427105,60.7370975797138,39.3946350436175,107.026125962601,-0.0943473191689505,55.9578483357369,7,0.00026022304832713756
24229,1283,2016,243,0.170270354283379,0.502272115978776,0.612962198909372,0.128782038987956,0.125614706789,0.384216982000474,0.096,0.777880021359187,0.584142595924694,0.125614706789,63.0609171800137,60.4539667212085,38.953438847522,98.2839107713129,0.0706990035420977,33.6138414616037,23,0.0008550185873605948
8075,1284,1976,81,0.572199701385076,0.989149619944201,0.859872321598232,0.569301654687058,0.507067216401612,0.855091796147403,0.495,13.1241998142623,2.66683757830253,0.507067216401612,23.0609171800137,56.6797497113877,33.0721647371621,124.832609702907,0.307791173551508,260.134604915285,4,0.00014869888475836432
20647,1285,2006,207,0.951299762317108,0.993149435676241,0.731809677090496,0.945350795929588,0.707469716138604,0.729370080723045,0.696,20.1375034905734,8.2100873569093,0.707469716138604,53.0622861054073,59.5105416342909,37.4833215955689,110.429886804804,0.722466726370084,288.22789953313,3,0.00011152416356877323
20218,1286,2005,203,0.951100188361495,0.874073995771403,0.974303314229473,0.839659382835122,0.929470997117012,0.857864450986042,0.829,,49.1703181699242,0.929470997117012,52.062970568104,59.4162507918142,37.3363903806284,208.848309196723,0.721857785848347,112.447996753998,5,0.0001858736059479554
3270,1287,1959,33,0.141352614626455,0.543873644115328,0.623660701792687,0.112587839690196,0.104981485583912,0.381181405291614,0.076,0.9351747608806,0.588290369923036,0.104981485583912,6.06160164271047,55.0757720649827,30.5727238780776,85.6642033449614,0.0511695218184121,38.3933969802563,34,0.0012639405204460967
20882,1288,2007,209,0.179144472011554,0.474246100797725,0.009170685429126,0.130675150772156,0.0041841382654416,0.0076895144602573,0.003,0.419298159852817,0.24513739914198,0.0041841382654416,54.0616016427105,59.6048324767676,37.6302528105095,59.9515963664926,0.0764768241167292,30.6432808539948,27,0.001003717472118959
16636,1289,1997,167,0.930240510356301,0.423435271470076,0.779886557953432,0.411878607415125,0.740160029038383,0.366281130212231,0.372,15.6771425608218,6.65935009894677,0.740160029038383,44.062970568104,58.66140738985,36.1601355585564,115.428106623897,0.667399767695942,25.6999364943002,14,0.0005204460966542751
5828,1290,1968,59,0.224212141434565,0.600492030340263,0.0910171009600163,0.183681282016135,0.0290473179703408,0.0748656214397011,0.023,0.573274599679414,0.280183434467783,0.0290473179703408,15.0609171800137,55.9249063094235,31.8959099150901,58.9756727923894,0.104671122913884,45.743501999309,28,0.0010408921933085502
9526,1291,1980,96,0.76195679373709,0.938837424939484,0.129301627865061,0.730709769625475,0.119595135231418,0.125608482319365,0.09,3.58310304836227,0.875899441754797,0.119595135231418,27.0609171800137,57.0571714123698,33.6602921481981,61.7332633409182,0.446128594618048,155.441581328547,18,0.0006691449814126394
6376,1292,1970,64,0.56641826297783,0.877944301367674,0.913114609429613,0.530723824396715,0.53433426723151,0.821362759295163,0.517,16.7452617411846,3.64954214472233,0.53433426723151,17.0622861054073,56.1137463254522,32.190174896245,139.549630048858,0.304168588110926,114.292658549421,9,0.0003345724907063197
13372,1293,1989,134,0.491468182881061,0.0945089793168442,0.899143324699253,0.072447576151874,0.457802734384976,0.0926676297769552,0.077,3.28961146825335,2.9765790790134,0.457802734384976,36.062970568104,57.9065639878859,34.9838807364844,142.740015791624,0.258857337038217,3.50140033644244,14,0.0005204460966542751
23436,1294,2014,235,0.941608306945347,0.703352465829227,0.388572940602899,0.678425086746577,0.380115136973992,0.319003655989971,0.311,6.05873954048079,4.00529584817156,0.380115136973992,61.0622861054073,60.2653850362551,38.6595764176409,79.5103416426696,0.695062377965479,62.5647491327795,13,0.000483271375464684
12978,1295,1988,130,0.759993818867978,0.547495419822195,0.981894640950486,0.473419216713175,0.748740954528442,0.544183871023145,0.452,8.01276830651985,29.1864508423152,0.748740954528442,35.0609171800137,57.8120148143339,34.8365469702701,211.899772913132,0.444397153603151,38.8325205238927,7,0.00026022304832713756
16516,1296,1996,166,0.586848588702226,0.797155475422819,0.990670655388385,0.518447214554325,0.583997370158704,0.792896365650893,0.496,8.10825136650339,30.8731256381471,0.583997370158704,43.0609171800137,58.5668582162981,36.012801792342,247.262482998776,0.317071285951298,84.4862413144264,3,0.00011152416356877323
17235,1297,1998,173,0.693698293559007,0.883327854594201,0.699507262092084,0.643089719947462,0.514055512604421,0.648913895716131,0.51,10.2429011710225,1.65494473512503,0.514055512604421,45.0622861054073,58.7556982323268,36.3070667734969,103.691186378285,0.390664611833824,116.96082078399,14,0.0005204460966542751
15609,1298,1995,157,0.138671795495848,0.382040880686147,0.763229680480435,0.0900661553478391,0.117620834587077,0.326757341221417,0.067,1.08990652853517,0.927130514794666,0.117620834587077,42.0616016427105,58.4725673738214,35.8658705774015,111.969030248062,0.0492952949911862,22.0422818597734,22,0.0008178438661710037
16334,1299,1996,164,0.933851082879851,0.702274798292078,0.673870801459998,0.673958461844437,0.641761245584835,0.515639875102569,0.483,5.21337022283986,5.87555091179788,0.641761245584835,43.0609171800137,58.5668582162981,36.012801792342,100.020997822568,0.675752312137614,62.3577235782303,15,0.0005576208178438662
2711,1300,1958,28,0.57231790653201,0.945457163582375,0.506278186105192,0.557097418605037,0.34378904772399,0.4943070121516,0.337,5.85819267580407,0.754167847085332,0.34378904772399,5.06228610540726,54.981481222506,30.425792663137,76.8228397784152,0.30786546795164,162.312666017336,17,0.0006319702602230483
6272,1301,1969,63,0.40874827795864,0.111603874963776,0.316835115430877,0.0765615375458407,0.156720326514224,0.0689363320069307,0.05,0.48189179804442,0.463889740436942,0.156720326514224,16.062970568104,56.0194554829755,32.0432436813045,68.3407075211182,0.211169049275988,4.30890503150833,50,0.0018587360594795538
23519,1302,2014,236,0.806935977915562,0.904304394801125,0.535321436822414,0.750039009898577,0.466734937982169,0.508147886966811,0.442,5.50054622633863,1.60671577315731,0.466734937982169,61.0622861054073,60.2653850362551,38.6595764176409,90.4453779518817,0.48882375826378,128.717260904309,15,0.0005576208178438662
13838,1303,1990,139,0.0485288102984673,0.651738284131151,0.901182940928265,0.0427877572245654,0.0461103768862736,0.61195139246593,0.049,3.96829402764003,2.07471837520129,0.0461103768862736,37.0622861054073,58.0008548303626,35.130811951425,143.992147212143,-0.0256648454485244,53.453733014277,6,0.00022304832713754646
13455,1304,1989,135,0.962928285834613,0.986222321926484,0.99136405531317,0.950540306830314,0.955167866725406,0.978815879689296,0.954,,228.434217242579,0.955167866725406,36.062970568104,57.9065639878859,34.9838807364844,244.597648730072,0.762259777335406,245.576606189569,2,7.434944237918216e-05
10998,1305,1983,110,0.468079695604558,0.364260203720365,0.107343376381323,0.24361790461723,0.0761368998518108,0.0701638403879256,0.04,0.487525004033771,0.399429751825331,0.0761368998518108,30.0616016427105,57.3403022708751,34.1014883442935,61.2231956578587,0.245200209352028,20.5623878332612,31,0.0011524163568773233
16595,1306,1996,166,0.0191224544581821,0.318396613716497,0.897270719520748,0.011735732633204,0.0186600556908067,0.301954783669284,0.007,2.20846143891787,1.95566733484133,0.0186600556908067,43.0609171800137,58.5668582162981,36.012801792342,145.156175774226,-0.0629101400139335,16.9757890127924,10,0.0003717472118959108
19929,1307,2004,200,0.695479410825362,0.998236936140025,0.607858791947365,0.694777649493939,0.478661236447676,0.607464892063169,0.485,,1.140751422148,0.478661236447676,51.0609171800137,59.3217016182622,37.189056614414,94.9284720898695,0.392006559303265,371.531687441274,2,7.434944237918216e-05
19519,1308,2004,196,0.483902565121123,0.855567818200038,0.974417520919815,0.451295863580423,0.479184363328157,0.840213080367886,0.462,,9.58576217363235,0.479184363328157,51.0609171800137,59.3217016182622,37.189056614414,208.361534322078,0.254420016252021,104.363753121687,11,0.00040892193308550185
2166,1309,1957,22,0.615124516262157,0.176926024448547,0.767646176274866,0.148392428487378,0.505551610946295,0.140957055704593,0.1,1.47924203884969,1.62891760862489,0.505551610946295,4.06297056810404,54.8871903800293,30.2788614481965,100.66140051383,0.335442234643336,7.73526608401018,32,0.0011895910780669145
5135,1310,1965,52,0.305765122957112,0.117524286944777,0.956739410990849,0.0664305941272179,0.298958510200102,0.11403367481538,0.055,4.50511754040712,5.48636995362773,0.298958510200102,12.062970568104,55.6420337819934,31.4551162702685,162.249700014953,0.152636154797342,4.59752404466929,11,0.00040892193308550185
4772,1311,1964,48,0.93496334534001,0.540796717763395,0.687488792464137,0.524324466100486,0.649845714842459,0.412880779460522,0.403,9.61441169427254,7.30098153009677,0.649845714842459,11.0609171800137,55.5474846084415,31.3077825040541,92.9961999816169,0.678401390939751,38.0233851509094,16,0.0005947955390334573
728,1312,1954,8,0.781806811575206,0.881345415878105,0.47223113453947,0.715234318140007,0.393784263355989,0.444292338635912,0.378,5.00907166181075,1.43116472725819,0.393784263355989,1.06228610540726,54.6040595215239,29.837665252101,73.9682895759368,0.464209807213103,115.963893799095,18,0.0006691449814126394
18165,1313,2000,182,0.978238368502439,0.999099225945574,0.616797633701935,0.977392891485763,0.613913526983055,0.616327043970881,0.601,16.0022604284197,10.5946093221853,0.613913526983055,47.0609171800137,58.9442799172801,36.600929203378,94.8711379131755,0.835763957946772,412.913499087496,1,3.717472118959108e-05
24108,1314,2016,242,0.998965165949674,0.975864386731809,0.733227689983323,0.974899773798012,0.732741060137465,0.726782996282255,0.709,11.5163672420096,364.827555808719,0.732741060137465,63.0609171800137,60.4539667212085,38.953438847522,113.590378002118,1.18655891024545,211.511300999017,1,3.717472118959108e-05
14298,1315,1991,143,0.780684215147001,0.995937010960547,0.969740682747215,0.77856830597079,0.760962242759664,0.966749847881528,0.734,7.71649958413556,18.9801133543421,0.760962242759664,38.0616016427105,58.0951456728393,35.2777431663655,192.442733344231,0.463157724405345,320.230079687902,3,0.00011152416356877323
2204,1316,1957,23,0.265732383603323,0.342293143661004,0.314022531267256,0.149230306291657,0.113015911331912,0.135894223829464,0.063,0.484153202210049,0.375050868762539,0.113015911331912,4.06297056810404,54.8871903800293,30.2788614481965,66.403320835348,0.129434527884486,18.8044014764649,53,0.001970260223048327
12853,1317,1988,129,0.0651719712725751,0.489333882181888,0.122191233793274,0.0503147755755856,0.0173267889032416,0.0930464605112474,0.014,0.425540119902579,0.240974428149349,0.0173267889032416,35.0609171800137,57.8120148143339,34.8365469702701,62.3663504450598,-0.0091383334456337,32.219230562654,40,0.001486988847583643
12970,1318,1988,130,0.89003013630101,0.807780052261056,0.52568250359036,0.741732769383125,0.48012443325891,0.468903789979204,0.43,5.36649102545925,3.10502144939176,0.48012443325891,35.0609171800137,57.8120148143339,34.8365469702701,84.2658938019404,0.592406583592566,87.6192259109769,16,0.0005947955390334573
11656,1319,1985,117,0.875966864551754,0.530524525404811,0.901007277192548,0.498297906573726,0.798682171017409,0.504513293717381,0.463,6.45271524359198,9.21318086887653,0.798682171017409,32.062970568104,57.5291422869038,34.3957533254484,141.652943924768,0.571401521415413,36.8079423878219,9,0.0003345724907063197
11507,1320,1985,116,0.705011360728656,0.919528092363304,0.708829240407795,0.669887507609744,0.530877596564223,0.674911820474573,0.502,4.96176573121656,1.70886136703182,0.530877596564223,32.062970568104,57.5291422869038,34.3957533254484,101.24819644381,0.399271026925052,139.03537066667,14,0.0005204460966542751
11707,1321,1985,118,0.948477262439388,0.570792658682364,0.470540657173842,0.556531561425761,0.45802304044988,0.32112457172127,0.329,11.8563517843356,5.12753186530516,0.45802304044988,32.062970568104,57.5291422869038,34.3957533254484,79.7380995455623,0.714043788421595,41.7541395395706,11,0.00040892193308550185
24116,1322,2016,242,0.46347990059187,0.98753956160981,0.36302893073298,0.461223927030752,0.199445829538143,0.362570966914856,0.2,21.7572680760229,0.536283610792658,0.199445829538143,63.0609171800137,60.4539667212085,38.953438847522,78.2144606692897,0.242533942629801,251.698592495269,9,0.0003345724907063197
2022,1323,1957,21,0.96375909300867,0.859332644220554,0.594922129064798,0.835019145226927,0.580119644669708,0.531256921230391,0.539,,9.32904457416003,0.580119644669708,4.06297056810404,54.8871903800293,30.2788614481965,82.8507019304161,0.76549532020023,105.918610026013,12,0.0004460966542750929
10971,1324,1983,110,0.840851822631155,0.947698210170854,0.651283259270713,0.807345327458196,0.581313531759082,0.635061593076058,0.57,14.4017925063705,2.24269428679492,0.581313531759082,30.0616016427105,57.3403022708751,34.1014883442935,94.1885548523638,0.526010624224399,164.832247394348,7,0.00026022304832713756
20002,1325,2005,201,0.829212782647255,0.753849798689092,0.942608591169119,0.662365599267155,0.788616064488503,0.725584172433482,0.639,16.8142627079496,11.9085253729563,0.788616064488503,52.062970568104,59.4162507918142,37.3363903806284,173.771886840044,0.512645262123844,73.2756468354898,8,0.00029739776951672863
7939,1326,1975,80,0.531324583414345,0.989772566870262,0.967190621420741,0.528957203585068,0.517728803601455,0.959681394561383,0.516,96.1709515188366,10.409294085503,0.517728803601455,22.0616016427105,56.585458868911,32.9252335222215,178.829869889038,0.282607636452687,263.742084548326,2,7.434944237918216e-05
7969,1327,1975,80,0.280270260123081,0.352308177827668,0.703650549054146,0.159441349608104,0.212208658098327,0.303820137588412,0.134,0.974463414971848,0.876086926856645,0.212208658098327,22.0616016427105,56.585458868911,32.9252335222215,97.8198385092305,0.137919575840909,19.5964861725035,33,0.0012267657992565055
18499,1328,2001,185,0.231954310591651,0.418632745994648,0.568359985714778,0.15296464370593,0.178416058076156,0.251780768277428,0.125,0.836069972342821,0.528958127737593,0.178416058076156,48.062970568104,59.0388290908321,36.7482629695924,90.543455628649,0.109360251715613,25.2595355824849,40,0.001486988847583643
2702,1329,1958,28,0.625635361020976,0.996694380159146,0.905958668328822,0.624585770057717,0.589614290690779,0.904210934994704,0.567,8.64955148069508,3.44707168457262,0.589614290690779,5.06228610540726,54.981481222506,30.425792663137,131.142076342558,0.342444035099395,332.88988952946,2,7.434944237918216e-05
23322,1330,2014,234,0.562495999723689,0.941864444413014,0.961342594120651,0.546747151460773,0.548755909844178,0.912128661786939,0.529,15.469477565557,8.02654667947801,0.548755909844178,61.0622861054073,60.2653850362551,38.6595764176409,196.359942335421,0.301723131597814,158.48477108499,7,0.00026022304832713756
26491,1331,2023,265,0.751120469559624,0.742713641246059,0.634480054024607,0.606967749318377,0.486548032579832,0.504795737243554,0.39,2.50008268050082,1.98122768941943,0.486548032579832,70.0616016427105,61.1145192806959,39.9827624546534,102.340917571749,0.436686886623748,70.7261943911017,19,0.0007063197026022305
22156,1332,2012,222,0.951412375156511,0.958604280579291,0.65121486177668,0.915236924524885,0.625764241703732,0.637786354976612,0.599,10.7781828087351,8.6441612466038,0.625764241703732,59.0609171800137,60.0765450202264,38.365311436486,101.524143898863,0.722811263082458,178.902494943043,8,0.00029739776951672863
19403,1333,2003,195,0.632244175216784,0.113736859242247,0.920829934300855,0.0978965149366404,0.60727599506299,0.110260249036142,0.076,2.75399434853109,3.68990853339706,0.60727599506299,50.0616016427105,59.2274107757855,37.0421253994735,159.120583619733,0.346899392660698,4.41236601097109,11,0.00040892193308550185
8369,1334,1977,84,0.831162893813866,0.757732455982634,0.697954102186486,0.666429248803327,0.600494432683655,0.584106105735104,0.538,7.63932158138703,2.80200591802405,0.600494432683655,24.062970568104,56.7742988849397,33.2194985033764,97.7070574340002,0.514836564156107,74.1930823369361,20,0.0007434944237918215
17812,1335,1999,179,0.161627086531197,0.987126302266509,0.954863987164572,0.161116107517327,0.16106216898822,0.945272010207546,0.156,25.533292330593,4.48721303992441,0.16106216898822,46.0616016427105,58.8499890748034,36.4539979884375,180.603327908818,0.0649819633024051,249.71040884308,2,7.434944237918216e-05
23365,1336,2014,234,0.973692030250047,0.51207748888217,0.949122930411249,0.506294377504326,0.926326953932408,0.500786228456509,0.499,,56.9477173106017,0.926326953932408,61.0622861054073,60.2653850362551,38.6595764176409,184.030770226553,0.810167024874867,34.6985939345135,7,0.00026022304832713756
19589,1337,2004,196,0.0212182428759234,0.972256137272715,0.49441958614625,0.0210972087075575,0.0171242976535503,0.487367655422497,0.017,9.66407880075617,0.398814349958089,0.0171242976535503,51.0609171800137,59.3217016182622,37.189056614414,85.1055852817668,-0.0596422444902639,203.071996057814,2,7.434944237918216e-05
17633,1338,1999,177,0.209116397525806,0.921126889823959,0.0967260433826596,0.204383860008041,0.0519979116619283,0.0920112692651661,0.051,2.83995261573566,0.268040653508901,0.0519979116619283,46.0616016427105,58.8499890748034,36.4539979884375,62.567487767065,0.0954122587156202,140.232665243751,13,0.000483271375464684
2900,1339,1959,30,0.498082991646549,0.468950652539695,0.0832378384657204,0.312317456463221,0.0564142345260746,0.0544505566128756,0.036,0.593628998555623,0.420969851700573,0.0564142345260746,6.06160164271047,55.0757720649827,30.5727238780776,57.738303660039,0.262753826962989,30.1025084469243,26,0.000966542750929368
20046,1340,2005,201,0.309202914088418,0.626089651154306,0.990074170054868,0.253258570151053,0.307795411748562,0.623298912231016,0.247,16.6859127086406,23.478787065681,0.307795411748562,52.062970568104,59.4162507918142,37.3363903806284,252.156276788614,0.154607733454664,49.4514603818219,3,0.00011152416356877323
16513,1341,1996,166,0.518806448775449,0.199531913887078,0.646395734045655,0.152169061552044,0.375059046110418,0.158390949965951,0.126,1.02624645357761,0.953030541223113,0.375059046110418,43.0609171800137,58.5668582162981,36.012801792342,96.9533483347506,0.275073635839759,9.04223776506455,37,0.00137546468401487
18179,1342,2000,182,0.722951380940827,0.726618979127562,0.418170674005523,0.579195099181886,0.370820597647028,0.304433812261623,0.259,1.5660667780581,0.870706438310414,0.370820597647028,47.0609171800137,58.9442799172801,36.600929203378,79.0260590274375,0.413349675720928,67.2395930982277,27,0.001003717472118959
22083,1343,2011,221,0.11274693484065,0.376943174190107,0.479785297065973,0.0735128792574525,0.0721710549716255,0.239672753128518,0.061,0.56356874977856,0.416980424399247,0.0721710549716255,58.0616016427105,59.9822541777497,38.2183802215455,85.3537747132653,0.030458909488519,21.6126307194886,30,0.0011152416356877324
5541,1344,1967,56,0.241525108872737,0.990869865543929,0.997550551313907,0.240918719254923,0.241185175477968,0.988816189801888,0.235,33.4752751716441,94.8085092450051,0.241185175477968,14.0616016427105,55.8306154669468,31.7489787001496,277.045544360656,0.115107446051776,270.670529962267,1,3.717472118959108e-05
10666,1345,1982,107,0.334042699026683,0.98556436405657,0.256821195362136,0.332505431493965,0.109283791327196,0.255845599697805,0.101,9.89777377646915,0.385787662049887,0.109283791327196,29.0622861054073,57.2460114283984,33.954557129353,67.3963881194379,0.168787285885626,242.736182253366,3,0.00011152416356877323
10537,1346,1982,106,0.13170088437998,0.409836746604398,0.725548719055951,0.0897030904042835,0.121724203709039,0.342429894215936,0.092,1.02684776508131,0.756216286151757,0.121724203709039,29.0622861054073,57.2460114283984,33.954557129353,102.537571658551,0.0443625855022499,24.4641459378627,22,0.0008178438661710037
16394,1347,1996,164,0.234940979990294,0.924143761238007,0.941098402719945,0.22965275378073,0.2287822271365,0.878822389935847,0.22,11.7135610950215,3.79198357949038,0.2287822271365,43.0609171800137,58.5668582162981,36.012801792342,167.796512874451,0.111159363457011,142.560785851211,4,0.00014869888475836432
10232,1348,1982,103,0.681117590412292,0.708709064580729,0.977146379183978,0.542359700491727,0.675497305796753,0.699546199012262,0.524,7.56710953794521,11.6054139299156,0.675497305796753,29.0622861054073,57.2460114283984,33.954557129353,197.901256633177,0.381317127477192,63.6057576132165,6,0.00022304832713754646
18629,1349,2002,187,0.556984137791548,0.999259850626678,0.326430829241872,0.556798479409857,0.224738832257421,0.326228249839502,0.234,,0.585953753537701,0.224738832257421,49.0622861054073,59.1331199333088,36.8951941845329,73.8517433800609,0.298302678598406,425.032571018191,1,3.717472118959108e-05
14134,1350,1991,142,0.900088459296473,0.694954549132955,0.342741088476032,0.652013919389853,0.320999100598115,0.28483312401694,0.275,4.43832477380841,2.55854092508605,0.320999100598115,38.0616016427105,58.0951456728393,35.2777431663655,73.050322968819,0.608769711538241,60.9721865224709,19,0.0007063197026022305
15980,1351,1995,160,0.375153190860126,0.877399154788068,0.56796498852782,0.357352671803533,0.238675776136881,0.5151149793645,0.23,3.29890958955195,0.676687055923966,0.238675776136881,42.0616016427105,58.4725673738214,35.8658705774015,89.1865572955327,0.192109807734374,114.029231077157,11,0.00040892193308550185
11714,1352,1985,118,0.88477952400801,0.976538877588288,0.923231346532702,0.867917420995677,0.827129982849831,0.906507630681969,0.808,22.2091770489215,10.4607367102823,0.827129982849831,32.062970568104,57.5291422869038,34.3957533254484,151.483003000441,0.584330524291532,213.229539115604,8,0.00029739776951672863
8300,1353,1977,84,0.934541693548472,0.221873526072267,0.790585285285488,0.217702310568161,0.747948776951044,0.207867437044388,0.228,,8.76355136321554,0.747948776951044,24.062970568104,56.7742988849397,33.2194985033764,110.706465736349,0.677392752890398,10.3951580890042,14,0.0005204460966542751
4755,1354,1964,48,0.920478387063299,0.794394049189616,0.779588128672913,0.749194705857843,0.724684438254854,0.648090062540351,0.617,19.0319553365222,8.12416238001174,0.724684438254854,11.0609171800137,55.5474846084415,31.3077825040541,104.651013514605,0.646477034450795,83.6998503946391,7,0.00026022304832713756
23074,1355,2013,231,0.0075726066558591,0.875696213579291,0.578292534453794,0.0073550797250993,0.00586977205345,0.538205016417854,0.011,2.53586622982421,0.476185225745197,0.00586977205345,60.062970568104,60.1710941937784,38.5126452027004,94.1222819720101,-0.0851123423653742,113.214000270006,6,0.00022304832713754646
1166,1356,1955,12,0.995264399220479,0.97845160691976,0.988729030359536,0.974002546981503,0.984198764187517,0.969019029295563,0.957,25.7224670450508,974.019929879986,0.984198764187517,2.06160164271047,54.6983503640006,29.9845964670416,204.747344277546,1.02320842005507,218.387696155911,1,3.717472118959108e-05
10846,1357,1983,109,0.319664544174703,0.752916294797856,0.644022731808946,0.286706410762231,0.237100310669971,0.539356461889705,0.209,1.45391511582848,0.731494020500717,0.237100310669971,30.0616016427105,57.3403022708751,34.1014883442935,93.4497981006196,0.160592515933074,73.0573310507444,24,0.0008921933085501858
9271,1358,1979,93,0.835884466747032,0.807903307457647,0.190251804189757,0.706477257174847,0.177751187943015,0.176286775094687,0.18,4.30332948994467,1.31913141496351,0.177751187943015,26.0616016427105,56.9628805698931,33.5133609332575,64.0711596932162,0.520220658444345,87.6566178557433,20,0.0007434944237918215
4775,1359,1964,48,0.886182602529594,0.153543712075068,0.521924461703748,0.148688625388969,0.474043560972331,0.105959971589683,0.108,3.38745460278629,3.0332215069251,0.474043560972331,11.0609171800137,55.5474846084415,31.3077825040541,79.0657005144043,0.586459810343919,6.44853972899538,19,0.0007063197026022305
10709,1360,1983,108,0.846513028698499,0.96511560580543,0.974308024160564,0.823983423333528,0.832044852142648,0.944253073989149,0.824,,17.8192780311483,0.832044852142648,30.0616016427105,57.3403022708751,34.1014883442935,193.832708468132,0.532776308468395,189.225725963649,6,0.00022304832713754646
5735,1361,1967,58,0.84013113152801,0.705512098586534,0.433878883253783,0.6313485791037,0.381416937358587,0.352587846328219,0.315,2.82361248222418,1.86207737082313,0.381416937358587,14.0616016427105,55.8306154669468,31.7489787001496,74.1426598098254,0.52516231046218,62.9820381020945,21,0.0007806691449814126
9230,1362,1979,93,0.444301328459191,0.658811320653893,0.765174925560132,0.361209249808303,0.379162292399849,0.550057560828043,0.336,2.32176052364953,1.1786473531281,0.379162292399849,26.0616016427105,56.9628805698931,33.5133609332575,107.24670913307,0.23147576312195,54.6134816109843,14,0.0005204460966542751
23013,1363,2013,231,0.998392851493617,0.926627385252853,0.845510548679158,0.925330645265045,0.844465667060569,0.800852185678167,0.797,64.1495952518384,355.70296658355,0.844465667060569,60.062970568104,60.1710941937784,38.5126452027004,135.416053725675,1.14118011988837,144.549265214869,2,7.434944237918216e-05
3506,1364,1960,36,0.966827021995985,0.605304909471084,0.933860016288236,0.595179479525275,0.915559985379503,0.581208813632039,0.551,5.72142428935295,13.4472340094209,0.915559985379503,7.06091718001369,55.1700629074594,30.7196550930181,144.278298157253,0.77802460612245,46.420542678226,4,0.00014869888475836432
7860,1365,1975,79,0.991349936461465,0.695306290461414,0.590389420744032,0.691845757761959,0.586909534135028,0.464789589006925,0.481,,38.6833956992089,0.586909534135028,22.0616016427105,56.585458868911,32.9252335222215,86.6104868574976,0.952585234586416,61.0379505370202,6,0.00022304832713754646
23546,1366,2014,236,0.0061892286011788,0.262515373123255,0.0732362908311188,0.0033660770847229,0.0017124117829517,0.0387637996610578,0.0,0.284940308065212,0.216852263280307,0.0017124117829517,61.0622861054073,60.2653850362551,38.6595764176409,63.2110686038859,-0.0886382060372803,13.0161257100008,40,0.001486988847583643
23235,1367,2014,233,0.777052340760573,0.955206099321978,0.742281215963885,0.753366372641969,0.596317233302059,0.723694527619609,0.581,11.2117191507604,2.59795334402348,0.596317233302059,61.0622861054073,60.2653850362551,38.6595764176409,114.424167372274,0.459779311998786,174.150784903487,9,0.0003345724907063197
18655,1368,2002,187,0.528891472163198,0.971377214945386,0.806803313083947,0.522195120035329,0.459981013245889,0.79170282575571,0.46,29.3816966683472,1.6091887510016,0.459981013245889,49.0622861054073,59.1331199333088,36.8951941845329,122.244481716148,0.281137396314192,201.18444626505,7,0.00026022304832713756
14472,1369,1992,145,0.723240757643998,0.113450365387835,0.272155942162499,0.103054395074123,0.218450294612029,0.059674608953447,0.048,0.891534831746757,0.896645490848821,0.218450294612029,39.0609171800137,58.189436515316,35.4246743813061,69.5288466666266,0.413581418404194,4.39843527620763,42,0.0015613382899628252
23289,1370,2014,233,0.584779359704581,0.863395420400652,0.998980647185817,0.541766897940042,0.584443870049289,0.863018807531095,0.541,186.194041502341,292.456169629646,0.584443870049289,61.0622861054073,60.2653850362551,38.6595764176409,375.805685740907,0.315751248033156,107.645272086157,1,3.717472118959108e-05
14658,1371,1992,147,0.544031454386038,0.561923409487856,0.111829440342262,0.383215492080873,0.0843946520256969,0.0885408325485802,0.071,0.748036388288577,0.466707690104336,0.0843946520256969,39.0609171800137,58.189436515316,35.4246743813061,62.4024636375228,0.290335021228063,40.6215791782757,43,0.0015985130111524164
18568,1372,2001,186,0.0012534243428521,0.998516413770476,0.0535400037188083,0.0012530653483724,0.0004165879393981,0.0529897600878647,0.0,148.195181621461,0.211500742035399,0.0004165879393981,48.062970568104,59.0388290908321,36.7482629695924,61.063629103808,-0.1063739338387,382.158001149911,1,3.717472118959108e-05
5276,1373,1965,53,0.640581884991053,0.363775242576863,0.140845185844228,0.297409976965746,0.106985396920561,0.0765562705614495,0.075,0.767020184503119,0.614329242949879,0.106985396920561,12.062970568104,55.6420337819934,31.4551162702685,60.4345281890121,0.352581870854558,20.5227510792348,44,0.0016356877323420074
14598,1374,1992,146,0.539917093637563,0.884871780422245,0.0019024342764169,0.509314861041246,0.0015082201559293,0.0018779163808667,0.001,2.35267299273479,0.435077049697654,0.0015082201559293,39.0609171800137,58.189436515316,35.4246743813061,58.2568968955709,0.287823703755951,117.749323236109,15,0.0005576208178438662
25079,1375,2018,251,0.759609870183132,0.157830082346536,0.868079774314538,0.145195125040621,0.668834719781742,0.151192461586947,0.151,6.96801482759951,4.86084904740522,0.668834719781742,65.0622861054073,60.6428067372371,39.2477038286769,144.128400959431,0.444059609154562,6.67945281697174,11,0.00040892193308550185
21125,1376,2008,212,0.160657078342562,0.697244133622483,0.994196658022702,0.142896082313482,0.160350457435339,0.695838193250798,0.121,7.69619633999794,36.3853281711584,0.160350457435339,55.0609171800137,59.6991233192443,37.77718402545,280.334748371936,0.064334443408884,61.4017163040354,1,3.717472118959108e-05
4513,1377,1963,46,0.991604967374464,0.758986986095799,0.955303553491831,0.754886263487351,0.947689638430156,0.735304504483739,0.758,,256.0434040318,0.947689638430156,10.0616016427105,55.4531937659648,31.1608512891136,159.881715462099,0.956188538194645,74.4928132986537,5,0.0001858736059479554
2741,1378,1958,28,0.983773483666569,0.939776510201687,0.187972079962492,0.926123956761412,0.187423402897907,0.184881073684852,0.178,22.4558642280935,12.7568599582103,0.187423402897907,5.06228610540726,54.981481222506,30.425792663137,61.3484756627658,0.874225517888559,156.369010939609,3,0.00011152416356877323
25253,1379,2019,253,0.761298865049679,0.894790795421459,0.974612404126674,0.706086880349014,0.746739831491462,0.879184262073458,0.7,152.798973570287,18.4696725363941,0.746739831491462,66.0616016427105,60.7370975797138,39.3946350436175,218.975247466123,0.445547199257143,123.088685111597,6,0.00022304832713754646
16046,1380,1995,161,0.999520942180767,0.568792613888677,0.841707468731329,0.568667458450356,0.841518765524963,0.50650456368244,0.524,,688.812889951659,0.841518765524963,42.0616016427105,58.4725673738214,35.8658705774015,127.592985515613,1.26281040684604,41.4964948663452,2,7.434944237918216e-05
8453,1381,1977,85,0.652823597085905,0.962893301631818,0.965896324487403,0.639548533654124,0.635176170828115,0.936039098667842,0.595,5.85641591804213,12.1534376942903,0.635176170828115,24.062970568104,56.7742988849397,33.2194985033764,178.598643139966,0.361057217266194,185.498001532963,5,0.0001858736059479554
11897,1382,1985,119,0.131960506182677,0.616180344637811,0.858977140160277,0.111880763898607,0.118175719453981,0.563360672341102,0.098,2.26502708887715,1.5718565607755,0.118175719453981,32.062970568104,57.5291422869038,34.3957533254484,128.168933222167,0.0445478928258283,47.9841790396892,17,0.0006319702602230483
22388,1383,2012,224,0.887105961005961,0.122853729158081,0.93117464473471,0.11916647942644,0.829413085574438,0.121528110201663,0.127,101.350993346656,17.9654491170383,0.829413085574438,59.0609171800137,60.0765450202264,38.365311436486,169.62494776988,0.587872358584402,4.86117714014186,5,0.0001858736059479554
11550,1384,1985,116,0.372943117472184,0.988926795288177,0.913473688298836,0.371549712347511,0.354741028242366,0.906741075045425,0.345,15.7626590250641,2.92721955356135,0.354741028242366,32.062970568104,57.5291422869038,34.3957533254484,146.841970813957,0.190857581969357,258.894657267649,3,0.00011152416356877323
13623,1385,1990,137,0.911402952141841,0.401930207704602,0.694080141140148,0.38815184896123,0.642737023524815,0.331889111844908,0.301,3.67885891532084,5.36856108057258,0.642737023524815,37.0622861054073,58.0008548303626,35.130811951425,100.814705508252,0.628830725815015,23.7613114807592,17,0.0006319702602230483
20797,1386,2007,208,0.865714453494516,0.899940257819197,0.463541480479762,0.795506080185462,0.420765859906543,0.441629176686188,0.407,9.21449855923517,2.18555526039916,0.420765859906543,54.0616016427105,59.6048324767676,37.6302528105095,83.3929431066273,0.557228994205082,126.067464039602,10,0.0003717472118959108
18118,1387,2000,182,0.961468324056421,0.696465635348635,0.857645541895181,0.680615766107846,0.839696048262389,0.602908914388288,0.604,54.9265329593436,9.71714257409834,0.839696048262389,47.0609171800137,58.9442799172801,36.600929203378,133.735164025208,0.756721866028136,61.2552825191621,7,0.00026022304832713756
9913,1388,1980,100,0.218186713463065,0.309916901156224,0.388052268652245,0.117108336658125,0.136409856365801,0.154706848307256,0.071,0.474981356795713,0.377236867798033,0.136409856365801,27.0609171800137,57.0571714123698,33.6602921481981,73.7841210458571,0.100994783043292,16.3470297506877,45,0.0016728624535315986
23485,1389,2014,235,0.786915087403675,0.703212743637545,0.31145586585626,0.601181993634217,0.27935295153498,0.259779541956531,0.24,2.02571051581414,1.10508228390789,0.27935295153498,61.0622861054073,60.2653850362551,38.6595764176409,74.8220019045481,0.469045330380389,62.5378627861021,21,0.0007806691449814126
2936,1390,1959,30,0.956346576166712,0.869693833333931,0.263990807812661,0.839419684843237,0.258849167476192,0.242340823726032,0.223,7.25203688655718,5.19321573399781,0.258849167476192,6.06160164271047,55.0757720649827,30.5727238780776,64.5158736279845,0.738616513364044,110.429226145433,8,0.00029739776951672863
8111,1391,1976,82,0.231935253843177,0.755355765250437,0.145277957664803,0.210958467746087,0.0441171689846741,0.135498082992223,0.042,0.925905594734128,0.299893257129141,0.0441171689846741,23.0609171800137,56.6797497113877,33.0721647371621,61.8909640462192,0.109348755283385,73.6296795298917,26,0.000966542750929368
17498,1392,1998,175,0.751453391118248,0.829404650698414,0.815319217508659,0.660686156677458,0.637877907429019,0.706001989201294,0.54,2.92445572371583,2.81272990015278,0.637877907429019,45.0622861054073,58.7556982323268,36.3070667734969,122.633861036582,0.436972824832146,94.5914669380672,12,0.0004460966542750929
2164,1393,1957,22,0.876100193297806,0.813911426988551,0.465047645848244,0.73766423126681,0.429418425586655,0.396108631567484,0.345,3.16796441420588,2.26576040858839,0.429418425586655,4.06297056810404,54.8871903800293,30.2788614481965,74.1158064601772,0.571591709181994,89.5101250829551,17,0.0006319702602230483
9623,1394,1980,97,0.985950550940003,0.404605857965115,0.987796114990488,0.402582149060909,0.975439190255334,0.402740892508151,0.4,82.9976104617037,118.166691647726,0.975439190255334,27.0609171800137,57.0571714123698,33.6602921481981,222.187562850362,0.892636578250694,23.9978902809082,2,7.434944237918216e-05
17986,1395,2000,180,0.988190270155306,0.852017837415366,0.600010194815695,0.844350467191944,0.59844637016007,0.51390216162013,0.521,,19.5199932372387,0.59844637016007,47.0609171800137,58.9442799172801,36.600929203378,93.229697316763,0.914449144534328,102.935363295743,6,0.00022304832713754646
22323,1396,2012,224,0.973897126649926,0.239931487078053,0.243380651110783,0.238175754533702,0.239104720401217,0.106356989594426,0.11,12.1741885152906,9.16298738188024,0.239104720401217,59.0609171800137,60.0765450202264,38.365311436486,70.8482742719698,0.811235078874393,11.5338554572185,12,0.0004460966542750929
19985,1397,2004,200,0.0967744543167764,0.427008559806632,0.390500726411119,0.0685594646408147,0.0652908270657439,0.218031686407256,0.049,0.514670373303464,0.346011394790342,0.0652908270657439,51.0609171800137,59.3217016182622,37.189056614414,77.9548760282213,0.0180601542340851,26.0304710342442,26,0.000966542750929368
3955,1398,1961,40,0.87541894847185,0.571649194557514,0.883385083405301,0.534492861607195,0.79940765508749,0.539877618679107,0.492,3.89674339680184,4.92566879965219,0.79940765508749,8.06297056810404,55.2646120810114,30.8669888592325,125.130243658029,0.570621605719607,41.8648843335449,15,0.0005576208178438662
25013,1399,2018,251,0.889903796968217,0.679684344678419,0.884831348899752,0.634139125949377,0.792832997448652,0.630664760401849,0.602,164.285451251386,11.0510354838733,0.792832997448652,65.0622861054073,60.6428067372371,39.2477038286769,150.020794243472,0.592208729512099,58.1924174646445,14,0.0005204460966542751
7501,1400,1975,76,0.378685224389619,0.411882531869752,0.442306699929759,0.229061013697832,0.186130290795943,0.244893423287355,0.124,0.659608261124874,0.547737565706714,0.186130290795943,22.0616016427105,56.585458868911,32.9252335222215,76.0836148415914,0.194111157009052,24.6478583081448,40,0.001486988847583643
10504,1401,1982,106,0.893819596213185,0.992385083133112,0.958957212977111,0.888232198248688,0.867951142970334,0.953332743149488,0.874,,13.1801503050569,0.867951142970334,29.0622861054073,57.2460114283984,33.954557129353,174.404607923822,0.598426297109731,281.759022093983,3,0.00011152416356877323
5808,1402,1968,59,0.799150980252917,0.770325895322621,0.84822487575002,0.655779173534257,0.68937304164287,0.684130395353972,0.58,6.3329499269897,4.76222387173086,0.68937304164287,15.0609171800137,55.9249063094235,31.8959099150901,118.860858387292,0.480967751018471,77.2783891045373,15,0.0005576208178438662
3031,1403,1959,31,0.862841424898323,0.879189299253458,0.964797054883093,0.778035535354967,0.837117173543912,0.855827768927917,0.742,9.02824535640469,21.0999537500967,0.837117173543912,6.06160164271047,55.0757720649827,30.5727238780776,166.054196014509,0.553407458689635,114.898821456177,9,0.0003345724907063197
4418,1404,1963,45,0.726057232598334,0.378718165337099,0.956245280336589,0.330294361072789,0.710348046070497,0.372956101951341,0.33,8.85824690473603,7.13126040546949,0.710348046070497,10.0616016427105,55.4531937659648,31.1608512891136,160.652250191098,0.415845068863813,21.7617368045683,16,0.0005947955390334573
6359,1405,1970,64,0.758811078247912,0.407930261774021,0.723905536113307,0.361988356476128,0.579172897903024,0.350368700848846,0.332,2.90347067282923,2.07347818779808,0.579172897903024,17.0622861054073,56.1137463254522,32.190174896245,98.8474102051464,0.443358520796855,24.293634019904,25,0.0009293680297397769
9360,1406,1979,94,0.409479978187921,0.589638401794553,0.17464986233972,0.314005282857335,0.103712807435681,0.13545666658453,0.09,0.691069447096873,0.384924088620861,0.103712807435681,26.0616016427105,56.9628805698931,33.5133609332575,63.4253713825613,0.211585124659247,44.2489033841127,43,0.0015985130111524164
15844,1407,1995,159,0.759761139102336,0.999642916697973,0.685520731844008,0.759587270221196,0.541962827395405,0.68543099263862,0.545,,2.06865971692548,0.541962827395405,42.0616016427105,58.4725673738214,35.8658705774015,101.135394270148,0.444192552259783,470.065633249079,1,3.717472118959108e-05
15395,1408,1994,154,0.96011645774728,0.997680499088438,0.701642076484859,0.958051244214815,0.682385229627955,0.700922510882404,0.667,13.4048693977908,9.6961726617909,0.682385229627955,41.0622861054073,58.3782765313447,35.718939362461,102.855687945396,0.751752078635698,354.657110314544,1,3.717472118959108e-05
21974,1409,2011,220,0.0419464895753899,0.86355750047046,0.812476312275976,0.0405378242383496,0.0364632156405651,0.730225407833964,0.033,3.55579922160877,1.09865713792322,0.0364632156405651,58.0616016427105,59.9822541777497,38.2183802215455,126.590316652258,-0.0328542892063416,107.715245954401,6,0.00022304832713754646
11782,1410,1985,118,0.438573701465741,0.705852857794849,0.0700607025064528,0.371924159642436,0.046409240085598,0.0613752070065945,0.044,0.904071892471789,0.371902860768711,0.046409240085598,32.062970568104,57.5291422869038,34.3957533254484,60.0318651567673,0.228189508304333,63.048176685884,20,0.0007434944237918215
12218,1411,1987,123,0.0117768570822477,0.568329354825916,0.545269884634763,0.0098919344205864,0.0083110061763784,0.367897534704986,0.005,0.782092035849523,0.443199286430553,0.0083110061763784,34.0616016427105,57.7177239718572,34.6896157553295,85.577768055167,-0.0759103790806637,41.4370066457153,15,0.0005576208178438662
22729,1412,2013,228,0.990542222842438,0.976275806477991,0.890241652494296,0.967442525866209,0.883723827218549,0.875507836400064,0.882,,68.0283242855585,0.883723827218549,60.062970568104,60.1710941937784,38.5126452027004,149.932880902591,0.941773290816654,212.553516360127,3,0.00011152416356877323
15963,1413,1995,160,0.391970760256391,0.36326036058369,0.71805577701889,0.213468524813226,0.303509660580558,0.282761000032433,0.146,1.10832621019265,1.0336818869956,0.303509660580558,42.0616016427105,58.4725673738214,35.8658705774015,105.286438221479,0.201642395937629,20.4807103887357,21,0.0007806691449814126
26276,1414,2023,263,0.848128653036974,0.399538226631096,0.26728865574114,0.374329804238548,0.237141992767476,0.147874781425853,0.129,1.7332367813047,1.64305211930128,0.237141992767476,70.0616016427105,61.1145192806959,39.9827624546534,73.6424391355371,0.534741429156581,23.5509010700238,22,0.0008178438661710037
10889,1415,1983,109,0.92773453876655,0.89881179207893,0.993097729980946,0.843830142259007,0.922261089410455,0.895301689001559,0.826,12.6993320134627,139.975579290498,0.922261089410455,30.0616016427105,57.3403022708751,34.1014883442935,248.970356655407,0.661809994105205,125.401491389822,2,7.434944237918216e-05
20508,1416,2006,206,0.454099664874954,0.454814298045837,0.801587550668046,0.284495162219102,0.398309665577597,0.399317569759412,0.241,1.53114872542211,1.40230377441619,0.398309665577597,53.0622861054073,59.5105416342909,37.4833215955689,122.548226891206,0.237114214028711,28.6890817942332,15,0.0005576208178438662
11615,1417,1985,117,0.1884800482897,0.0877049352593052,0.482034735148773,0.0351041641965148,0.115295317350609,0.0661792597774656,0.034,0.47129904004865,0.449659966547701,0.115295317350609,32.062970568104,57.5291422869038,34.3957533254484,80.5167974299013,0.082464210253829,3.19104836531075,49,0.0018215613382899629
13096,1418,1989,131,0.932906849797828,0.876531291558549,0.917297885054722,0.828643320663071,0.861383702924458,0.822625952823833,0.767,10.5725288694652,17.8907389942904,0.861383702924458,36.062970568104,57.9065639878859,34.9838807364844,150.526672132855,0.673532239410979,113.612327369509,9,0.0003345724907063197
21354,1419,2008,214,0.894060477245179,0.799769632570975,0.718307672534138,0.737695806006885,0.660204145231929,0.615090718337769,0.581,10.0741014503495,4.18095198203049,0.660204145231929,55.0609171800137,59.6991233192443,37.77718402545,109.043612350003,0.598814660313112,85.2410171935427,16,0.0005947955390334573
20532,1420,2006,206,0.957858086720695,0.83757188684946,0.86752752144821,0.810963410756522,0.838916423058673,0.748877426022722,0.73,34.4841568964585,14.7810757614636,0.838916423058673,53.0622861054073,59.5105416342909,37.4833215955689,139.070502067892,0.743762277026337,97.4658011335892,8,0.00029739776951672863
24111,1421,2016,242,0.421059457825676,0.82506696265543,0.846096496796235,0.388624237879509,0.375058912181852,0.736842263481866,0.339,2.88589893259658,1.85351731335909,0.375058912181852,63.0609171800137,60.4539667212085,38.953438847522,136.722037062719,0.218178412180863,93.1221665580083,13,0.000483271375464684
8239,1422,1976,83,0.504701241207049,0.743284433448604,0.96904177730903,0.434576970124708,0.493300293865397,0.732525519243292,0.392,3.89291893718248,10.2263733791004,0.493300293865397,23.0609171800137,56.6797497113877,33.0721647371621,181.735328437548,0.266669049996347,70.8540262997328,10,0.0003717472118959108
23349,1423,2014,234,0.644286211558061,0.715811499236785,0.937700232490897,0.522559073537531,0.615706652084611,0.689487284735113,0.503,7.41975523449433,5.93116150969578,0.615706652084611,61.0622861054073,60.2653850362551,38.6595764176409,175.042618087413,0.355129472684496,65.0177684947499,13,0.000483271375464684
16260,1424,1996,163,0.771739813376389,0.926287542748239,0.8292702708859,0.732657603898562,0.665336051085826,0.78398402156046,0.624,6.51889429892436,3.10916430605155,0.665336051085826,43.0609171800137,58.5668582162981,36.012801792342,125.000316667507,0.454905192031312,144.273164308434,9,0.0003345724907063197
24829,1425,2017,249,0.078854096288391,0.184204593898303,0.961815726943314,0.0312078486196497,0.077522001733773,0.183468022001479,0.019,4.13877689559274,5.42708757336496,0.077522001733773,64.062970568104,60.5485158947604,39.1007726137364,198.759155074603,0.0031673340253344,8.1493182000382,4,0.00014869888475836432
15357,1426,1994,154,0.347813711038855,0.0311328837288664,0.0318040531128645,0.0200759266013539,0.0185472837694461,0.0046960362715814,0.003,0.317677851775565,0.313023571237811,0.0185472837694461,41.0622861054073,58.3782765313447,35.718939362461,59.5336354751254,0.176611725264267,0.896656862669994,67,0.002490706319702602
21609,1427,2009,217,0.144930925615513,0.0324413315508517,0.972624359885231,0.0109827940070597,0.14289391739513,0.0323647009504728,0.009,7.34085163018866,7.89308597376574,0.14289391739513,56.062970568104,59.7936724927963,37.9245177916644,208.72317681241,0.053652587758516,0.942696631293643,6,0.00022304832713754646
15935,1428,1995,160,0.978386042783807,0.471388940486865,0.518733740551397,0.467316290081438,0.511036264597908,0.276488043129859,0.267,10.3456085081607,14.3714489478033,0.511036264597908,42.0616016427105,58.4725673738214,35.8658705774015,85.1676637589176,0.836671507123049,30.3507268178998,12,0.0004460966542750929
3297,1429,1959,33,0.46449054236087,0.28653981214042,0.352272701915354,0.197456546277917,0.194210789176528,0.138086525223244,0.088,0.590927831998119,0.529874952697933,0.194210789176528,6.06160164271047,55.0757720649827,30.5727238780776,68.4922144534042,0.243119256505586,14.6661309583677,43,0.0015985130111524164
6008,1430,1969,61,0.397434992723635,0.907847669913798,0.356857426231727,0.383301483281704,0.170992077062649,0.345058214590505,0.196,4.85299241776162,0.479961996869473,0.170992077062649,16.062970568104,56.0194554829755,32.0432436813045,70.3136575674474,0.204742585544772,130.961050803713,15,0.0005576208178438662
26420,1431,2023,265,0.000473020598092,0.975200123813506,0.71373594016768,0.0004706851050574,0.0003811921524654,0.702542420609839,0.0,14.3008187204706,0.69887982852448,0.0003811921524654,70.0616016427105,61.1145192806959,39.9827624546534,112.656203196405,-0.111706700583829,209.865854060468,1,3.717472118959108e-05
19307,1432,2003,194,0.685988541624429,0.725106375603991,0.535518060205504,0.554838875464837,0.412956278240725,0.439173973567231,0.368,2.16552985750199,1.04466094563076,0.412956278240725,50.0616016427105,59.2274107757855,37.0421253994735,88.1609880825315,0.384909581587163,66.923101005797,23,0.0008550185873605948
12908,1433,1988,130,0.516717881619201,0.368527735966144,0.216459919698536,0.26326061422827,0.130887553248984,0.127405017630035,0.089,0.604507849204211,0.502879295840287,0.130887553248984,35.0609171800137,57.8120148143339,34.8365469702701,66.3596722282102,0.273823725260258,20.9128253334719,43,0.0015985130111524164
20872,1434,2007,209,0.69813214927307,0.708690257732963,0.997491743648425,0.552931338658492,0.697301517073728,0.708078711189545,0.544,20.0051688008649,119.216214033224,0.697301517073728,54.0616016427105,59.6048324767676,37.6302528105095,320.608015861598,0.394014097629756,63.6020672705397,2,7.434944237918216e-05
5295,1435,1965,53,0.666441485960102,0.832065515468532,0.503831504611298,0.596507004565483,0.366367564565328,0.445993688542584,0.361,4.39273206693731,1.01991603299637,0.366367564565328,12.062970568104,55.6420337819934,31.4551162702685,78.0614744782457,0.370684539131484,95.5120148934331,17,0.0006319702602230483
16615,1436,1997,167,0.901291643186298,0.587409876959033,0.561393507756293,0.557175520679413,0.528015480228331,0.38106293250119,0.366,3.98732783295781,3.06136525235078,0.528015480228331,44.062970568104,58.66140738985,36.1601355585564,89.0593191879215,0.610813742186541,43.947390146431,13,0.000483271375464684
15636,1437,1995,157,0.0512620559556208,0.983989165619709,0.985104641178623,0.0510889815770491,0.051019734087025,0.970914059002484,0.042,18.7495689135355,13.6490476782723,0.051019734087025,42.0616016427105,58.4725673738214,35.8658705774015,225.636454686326,-0.0228033615585378,236.433886747377,2,7.434944237918216e-05
137,1438,1953,2,0.324331117351045,0.977219677924331,0.807802801951766,0.321987014882481,0.275964786630634,0.797318562044587,0.274,16.7830764195762,1.39052210221437,0.275964786630634,0.0629705681040383,54.5097686790472,29.6907340371605,105.464133623025,0.163255669586215,215.015173435828,5,0.0001858736059479554
4047,1439,1961,41,0.392948914903736,0.353482226153202,0.663950348971412,0.209262156265255,0.335320083651124,0.287433065909124,0.19,0.863431789144052,0.718337084708409,0.335320083651124,8.06297056810404,55.2646120810114,30.8669888592325,89.8201648782144,0.202197217358086,19.6903636914564,44,0.0016356877323420074
20488,1440,2005,205,0.736794239479003,0.641336107628562,0.868454422336072,0.531368508492158,0.664779989097823,0.586093850253969,0.488,4.19660433268443,3.35957569113298,0.664779989097823,52.062970568104,59.4162507918142,37.3363903806284,138.953221133926,0.424614555920775,51.7933748437049,10,0.0003717472118959108
18955,1441,2002,190,0.986839398405917,0.94470801874201,0.933811090886593,0.933482954923968,0.924126137969204,0.891228198602046,0.908,,57.5432152683057,0.924126137969204,49.0622861054073,59.1331199333088,36.8951941845329,166.123612725214,0.90089327984398,161.493779182521,5,0.0001858736059479554
3112,1442,1959,32,0.7240415333751,0.545849128976212,0.945396087365225,0.458127326250834,0.69646743967933,0.527634482297607,0.434,6.07118491427702,7.39923565345796,0.69646743967933,6.06160164271047,55.0757720649827,30.5727238780776,150.463071778316,0.414223513195229,38.632430501622,10,0.0003717472118959108
18445,1443,2001,185,0.0705449125051784,0.736655482306484,0.0924865265842527,0.0648367958941155,0.0190548260068736,0.0630364868339146,0.015,0.861173688834408,0.233638476537661,0.0190548260068736,48.062970568104,59.0388290908321,36.7482629695924,62.6134401129939,-0.0041912958845234,69.3875350750314,15,0.0005576208178438662
12746,1444,1988,128,0.960912493131835,0.987254547569723,0.942539384588599,0.949520704390616,0.907447703278793,0.93399266953258,0.904,,50.0522350335459,0.907447703278793,35.0609171800137,57.8120148143339,34.8365469702701,164.462869038357,0.754660700903399,250.320432487393,1,3.717472118959108e-05
2054,1445,1957,21,0.716380150526896,0.928597206385626,0.975369155406952,0.684341475020056,0.703331912312933,0.912372855122149,0.692,,17.2672707207891,0.703331912312933,4.06297056810404,54.8871903800293,30.2788614481965,177.603088499114,0.408128071147786,146.175702602111,6,0.00022304832713754646
1367,1446,1955,14,0.897971000429555,0.921362558934411,0.316302371444181,0.838158353550825,0.295839603299728,0.288527150518609,0.274,15.51689505169,2.45199510267266,0.295839603299728,2.06160164271047,54.6983503640006,29.9845964670416,66.204208667018,0.605219657148611,140.411238833815,9,0.0003345724907063197
6148,1447,1969,62,0.591648588205532,0.683405353543097,0.584763169055805,0.471766795930248,0.362567835982923,0.46070966732307,0.316,1.67746973346092,1.07436728026012,0.362567835982923,16.062970568104,56.0194554829755,32.0432436813045,84.7840874968665,0.320145514752955,58.8565670390798,26,0.000966542750929368
26582,1448,2024,266,0.862189461867861,0.42410263682972,0.689573572017252,0.399338190946138,0.609576225733066,0.327329953872841,0.308,3.8183460189272,3.45941806025857,0.609576225733066,71.0609171800137,61.2088101231726,40.129693669594,109.49387915018,0.552548806902257,25.7614826222845,19,0.0007063197026022305
24539,1449,2017,246,0.669361455360094,0.865138813685524,0.747475591022521,0.614195543563613,0.523576685547729,0.686921613410074,0.497,4.37464623913349,1.87371815723137,0.523576685547729,64.062970568104,60.5485158947604,39.1007726137364,116.175383778113,0.372777955494091,108.402453123572,13,0.000483271375464684
8144,1450,1976,82,0.164159359831515,0.53389735102872,0.915378710022196,0.128626548199631,0.155190208677506,0.515937857676345,0.133,3.75099445865381,2.64367938711991,0.155190208677506,23.0609171800137,56.6797497113877,33.0721647371621,143.384068317929,0.0666666019889113,37.2037087610795,16,0.0005947955390334573
17012,1451,1997,171,0.429747739007815,0.647702915607797,0.895789725938812,0.347206826095791,0.39445971810324,0.610464947441949,0.319,3.33939371588809,2.90182039675252,0.39445971810324,44.062970568104,58.66140738985,36.1601355585564,145.027944783006,0.223138041457597,52.8033577649618,13,0.000483271375464684
19810,1452,2004,199,0.23378454476079,0.709460963384205,0.956865135580301,0.206997929816419,0.228596803924923,0.69155888760548,0.203,8.31843722305583,5.27049170296569,0.228596803924923,51.0609171800137,59.3217016182622,37.189056614414,185.488664217803,0.110463373780185,63.7535048772632,4,0.00014869888475836432
7556,1453,1975,76,0.641604688980293,0.955025707145147,0.681425955612212,0.625977251961447,0.453874863324055,0.665837065203617,0.453,13.6678972601217,1.52853524549171,0.453874863324055,22.0616016427105,56.585458868911,32.9252335222215,95.3002756748178,0.353283850290651,173.908850473265,8,0.00029739776951672863
5790,1454,1967,58,0.608464111837577,0.965689963734693,0.0369385592639446,0.597869928053815,0.0277330955066356,0.0366357013753399,0.026,7.95352276270464,0.523107728900177,0.0277330955066356,14.0616016427105,55.8306154669468,31.7489787001496,57.0266642053861,0.33105618024656,190.228256783411,8,0.00029739776951672863
2350,1455,1957,24,0.191963825874525,0.879867177209237,0.50066514336504,0.185143225344398,0.123760063772896,0.472641332298782,0.116,2.14941728029762,0.463896022662169,0.123760063772896,4.06297056810404,54.8871903800293,30.2788614481965,76.2690984940063,0.0846765089517108,115.231563894242,19,0.0007063197026022305
26566,1456,2024,266,0.53876092281345,0.795460303473292,0.976217769086361,0.479487653485978,0.530052953028094,0.783030109981852,0.458,8.28784648148761,13.267648629541,0.530052953028094,71.0609171800137,61.2088101231726,40.129693669594,225.530430213105,0.28711962781867,84.0021860072425,4,0.00014869888475836432
24923,1457,2017,250,0.045838688312695,0.0804382951033433,0.337935920339078,0.0091711427805488,0.0251707262008318,0.0500309145822861,0.009,0.32724661190563,0.311819785820114,0.0251707262008318,64.062970568104,60.5485158947604,39.1007726137364,76.8338180536308,-0.0285491313378718,2.86684361642149,39,0.0014498141263940521
7753,1458,1975,78,0.988992706968636,0.700847969274643,0.744761543581262,0.696357578157589,0.738410403421098,0.568035580819967,0.532,5.52465698172799,42.9539161476185,0.738410403421098,22.0616016427105,56.585458868911,32.9252335222215,103.050785659591,0.923174037850926,62.0848424855117,6,0.00022304832713754646
24325,1459,2016,244,0.964874001928503,0.688337150678095,0.657620663754642,0.6742911788445,0.641324662359687,0.519958433781148,0.498,7.47874392595295,10.6213507859592,0.641324662359687,63.0609171800137,60.4539667212085,38.953438847522,103.296742647985,0.76993900269052,59.7497676852461,10,0.0003717472118959108
14605,1460,1992,147,0.864555847527671,0.923784309020574,0.928511385573074,0.811760536971075,0.814903298299544,0.869163549849091,0.764,13.3548408608114,9.15915931644147,0.814903298299544,39.0609171800137,58.189436515316,35.4246743813061,157.813525116454,0.555680410278955,142.278496907047,7,0.00026022304832713756
11598,1461,1985,116,0.21650037099215,0.131747955425276,0.765697330469266,0.0569056132223473,0.186828428834668,0.121101333543055,0.044,0.96669859306579,0.977370322469677,0.186828428834668,32.062970568104,57.5291422869038,34.3957533254484,109.219039815564,0.0999614099804386,5.30918129195438,33,0.0012267657992565055
17661,1462,1999,177,0.897502694876266,0.709251924616173,0.937292010057718,0.663175311803742,0.858490459551066,0.677607192703873,0.625,6.616746729366,8.44033048248329,0.858490459551066,46.0616016427105,58.8499890748034,36.4539979884375,166.807108305015,0.604442448490884,63.7123883766269,10,0.0003717472118959108
857,1463,1954,9,0.197344694840972,0.255232371977256,0.367381486576051,0.092504240094906,0.105145835147023,0.131068513268609,0.062,0.4476676163479,0.370082765531548,0.105145835147023,1.06228610540726,54.6040595215239,29.837665252101,68.4173849903692,0.0880715091162134,12.5309461260873,55,0.0020446096654275093
8989,1464,1978,90,0.488039030299769,0.972919379382089,0.954769748263061,0.482578798935616,0.477204006479025,0.933250783115571,0.467,19.4072434280849,5.81476013147253,0.477204006479025,25.0622861054073,56.8685897274164,33.366429718317,168.228976439879,0.256843631925155,204.536787358636,5,0.0001858736059479554
3992,1465,1961,40,0.496030072809907,0.405645003696677,0.472291500773281,0.277306846957534,0.31330894565992,0.261996131969571,0.165,0.637662894467029,0.579731364646924,0.31330894565992,8.06297056810404,55.2646120810114,30.8669888592325,75.3004994600219,0.261542801880725,24.0901187826987,41,0.0015241635687732343
17098,1466,1997,171,0.181355658711934,0.126250294215651,0.645128055475652,0.0474452223279027,0.130041303766475,0.109323433919604,0.033,0.664284207788792,0.658853564746809,0.130041303766475,44.062970568104,58.66140738985,36.1601355585564,97.0689398409542,0.0779030495555516,5.03108890361827,37,0.00137546468401487
17898,1467,1999,179,0.430986112307378,0.513043843456273,0.536209472920746,0.298373298718112,0.308818437656546,0.317176878412284,0.247,1.01456310937114,0.585440928726817,0.308818437656546,46.0616016427105,58.8499890748034,36.4539979884375,87.3805202582879,0.22384596338101,34.8068388274247,41,0.0015241635687732343
18066,1468,2000,181,0.883049404424291,0.858459360562545,0.529637297149748,0.777451596635329,0.505523712589708,0.459307582856052,0.457,14.147443294226,2.15431321853139,0.505523712589708,47.0609171800137,58.9442799172801,36.600929203378,87.0556510113447,0.581732749573118,105.554166933665,14,0.0005204460966542751
6692,1469,1970,67,0.890943456529509,0.944948557030191,0.978416645433754,0.85020397686189,0.875863368341529,0.929757919821305,0.852,,30.7537763897244,0.875863368341529,17.0622861054073,56.1137463254522,32.190174896245,191.669513838518,0.593842252972609,161.75547712939,10,0.0003717472118959108
10254,1470,1982,103,0.408080546896196,0.317334841790637,0.0358585331123322,0.1970018050481,0.0288918550043775,0.0215644582572036,0.022,0.430863440641649,0.34190794291286,0.0288918550043775,29.0622861054073,57.2460114283984,33.954557129353,58.4870240738515,0.210789400581899,16.89649319484,50,0.0018587360594795538
1495,1471,1955,15,0.0796410322693273,0.199554867149828,0.275546909542754,0.0335733600981668,0.0390155385183097,0.074850435798646,0.01,0.343231838982467,0.2924713786974,0.0390155385183097,2.06160164271047,54.6983503640006,29.9845964670416,64.4385823832137,0.0038476814863107,9.04359636045575,56,0.0020817843866171005
25330,1472,2019,254,0.110281102828907,0.624841498087028,0.964491525199264,0.0945048264435231,0.10892960537238,0.614638039962876,0.088,6.56634481101002,5.8553190460779,0.10892960537238,66.0616016427105,60.7370975797138,39.3946350436175,203.339313135703,0.0285898818501128,49.2643360196713,4,0.00014869888475836432
16106,1473,1996,162,0.968594859874045,0.55710791968504,0.768781051971018,0.54897762221573,0.750683589685481,0.459172068949386,0.451,14.9818914022886,15.0289180725851,0.750683589685481,43.0609171800137,58.5668582162981,36.012801792342,113.1985049093,0.785706023494338,40.0172652683902,11,0.00040892193308550185
13638,1474,1990,137,0.124734685813554,0.416938926823726,0.32367898686789,0.0861164004938221,0.053542712013891,0.193120711980082,0.035,0.462505569597372,0.330508018951845,0.053542712013891,37.0622861054073,58.0008548303626,35.130811951425,71.8696543663923,0.0393413922762977,25.105248713328,37,0.00137546468401487
11740,1475,1985,118,0.0218278991128103,0.0947526094941016,0.228080100845546,0.0051859135020679,0.0104639257252822,0.0424199194999941,0.003,0.281527905720442,0.26296554036881,0.0104639257252822,32.062970568104,57.5291422869038,34.3957533254484,66.4887964384872,-0.0587192139425272,3.51263213301761,62,0.0023048327137546467
20534,1476,2006,206,0.918688601400856,0.610151716543546,0.984791829250753,0.583769245646126,0.907486921780377,0.605736183175663,0.591,,49.9189923481838,0.907486921780377,53.0622861054073,59.5105416342909,37.4833215955689,233.260477769044,0.642871841369314,47.1115266742342,4,0.00014869888475836432
15175,1477,1993,152,0.365835403699082,0.773311789608281,0.988561184611171,0.329906370839697,0.364126318963232,0.768990315537264,0.334,152.134358910357,20.55555360505,0.364126318963232,40.062970568104,58.283985688868,35.5720081475204,235.641799772762,0.186830252915844,78.035869039145,5,0.0001858736059479554
19863,1478,2004,199,0.429485470152705,0.839198255051122,0.728720226790756,0.39919783228809,0.338926413020321,0.643557061404805,0.317,2.97276848705542,1.10667998855726,0.338926413020321,51.0609171800137,59.3217016182622,37.189056614414,109.387736355539,0.222988148111878,98.0559721683316,19,0.0007063197026022305
4923,1479,1964,50,0.889053260377426,0.888009536487122,0.993345317197964,0.804998474831323,0.883921792309528,0.884162032436153,0.804,,131.301250911967,0.883921792309528,11.0609171800137,55.5474846084415,31.3077825040541,232.931543100635,0.590881384642443,119.38573241365,4,0.00014869888475836432
22597,1480,2012,226,0.704589237887278,0.61121425347034,0.0876809486653656,0.494961078098923,0.0710521519317435,0.074867676300991,0.064,1.15342604297349,0.717406521358121,0.0710521519317435,59.0609171800137,60.0765450202264,38.365311436486,63.6049113900569,0.398946289410095,47.2642589340884,36,0.0013382899628252788
12697,1481,1988,127,0.922084412862925,0.889431331283006,0.678307897178456,0.831558702161938,0.63711411383069,0.632022809605856,0.583,7.17566420937882,5.44635555343369,0.63711411383069,35.0609171800137,57.8120148143339,34.8365469702701,98.4158851682933,0.649768887180678,120.142745326161,8,0.00029739776951672863
22385,1482,2012,224,0.786243119693909,0.794660034554501,0.406675899168476,0.663802019848092,0.333099298222242,0.368538946886222,0.331,4.26792209225529,1.42673420907217,0.333099298222242,59.0609171800137,60.0765450202264,38.365311436486,80.3564425039653,0.468404658573364,83.7751174229805,20,0.0007434944237918215
12045,1483,1986,121,0.716636148582396,0.329224902797612,0.77983986097388,0.287950991026754,0.575733513621585,0.295545209525111,0.255,2.54683626091157,2.52342036705063,0.575733513621585,33.0622861054073,57.6234331293805,34.542684540389,111.843066351751,0.408330049886334,17.7938695991648,21,0.0007806691449814126
1012,1484,1955,11,0.171928137387874,0.938018512398123,0.891377026215196,0.16909406768104,0.163812335557206,0.846865616172488,0.155,8.52938719409152,1.98990774599911,0.163812335557206,2.06160164271047,54.6983503640006,29.9845964670416,124.930435097186,0.0717851629608331,154.644561794894,5,0.0001858736059479554
25878,1485,2021,259,0.977478657940559,0.82659469305937,0.414313232293352,0.812966860050475,0.40719605250556,0.375967858343041,0.358,10.129563393193,12.9835038396149,0.40719605250556,68.062970568104,60.9259375957425,39.6889000247724,82.4328717402675,0.831178818961489,93.6353123914845,7,0.00026022304832713756
26188,1486,2023,262,0.867783617247792,0.938263766030231,0.780161068076268,0.824883835626843,0.696268415869133,0.747203096273888,0.672,19.7104604017657,4.13875331527749,0.696268415869133,70.0616016427105,61.1145192806959,39.9827624546534,123.935895223795,0.56002034847515,154.882131358272,5,0.0001858736059479554
5776,1487,1967,58,0.999544835998467,0.836522730720095,0.131693083792925,0.836242256527129,0.131676279319136,0.123562123658639,0.146,,456.246499372548,0.131676279319136,14.0616016427105,55.8306154669468,31.7489787001496,60.3290962896371,1.26774610939988,97.0883141173039,1,3.717472118959108e-05
6606,1488,1970,67,0.180282142226372,0.133090759730379,0.943515627644956,0.0494869583028625,0.177167846624385,0.132086379057302,0.051,3.93293137648835,3.74741825696448,0.177167846624385,17.0622861054073,56.1137463254522,32.190174896245,155.295630469223,0.0772112718910483,5.37767954332418,8,0.00029739776951672863
25498,1489,2020,255,0.212412575140087,0.843871330690861,0.513985994504765,0.201817998523612,0.14425007090274,0.471590600359809,0.139,1.84520961917029,0.478638940862784,0.14425007090274,67.0609171800137,60.8313884221905,39.541566258558,89.8603943995934,0.0974479800024615,99.7866206383607,14,0.0005204460966542751
11210,1490,1984,113,0.844411915675874,0.990390705625279,0.5423728316091,0.83831993577177,0.48235401783896,0.540320562967791,0.508,,2.09272288927876,0.48235401783896,31.0609171800137,57.4345931133518,34.2484195592341,84.7144618409271,0.530243792478749,267.547318046861,7,0.00026022304832713756
4743,1491,1964,48,0.323862334253502,0.780930433209102,0.436833363957703,0.295123619839119,0.162838937673773,0.372809582555486,0.163,1.58546435312093,0.49733522877889,0.162838937673773,11.0609171800137,55.5474846084415,31.3077825040541,73.7734248578303,0.162988303229908,80.0168249581737,19,0.0007063197026022305
14341,1492,1991,144,0.980991680657974,0.960246044642583,0.867892877431586,0.94327378462794,0.853751961750548,0.844031095100415,0.827,40.5989255253963,41.0896679071512,0.853751961750548,38.0616016427105,58.0951456728393,35.2777431663655,133.081019855571,0.85365507982393,181.341663942881,4,0.00014869888475836432
15407,1493,1994,155,0.87066148090716,0.926095178963252,0.413315933896229,0.818633849417535,0.381202242555844,0.398185816350817,0.37,11.1424867706611,2.05708772772754,0.381202242555844,41.0622861054073,58.3782765313447,35.718939362461,77.6715913072113,0.563959136910822,144.117454222095,9,0.0003345724907063197
18080,1494,2000,181,0.770616407132448,0.180962295339161,0.973676785593852,0.166924653228474,0.761782945906839,0.173680515840484,0.176,176.580653501235,11.4352671495986,0.761782945906839,47.0609171800137,58.9442799172801,36.600929203378,204.382571338517,0.453884485393822,7.9640832117528,7,0.00026022304832713756
15025,1495,1993,151,0.552579191828048,0.598764254179976,0.297326807398349,0.406462866517421,0.206196615974148,0.22915161132317,0.167,0.884404602188791,0.561339509374723,0.206196615974148,40.062970568104,58.283985688868,35.5720081475204,70.9427919137188,0.295582227998424,45.5026234831205,35,0.0013011152416356876
19305,1496,2003,194,0.347291620115449,0.0894147732255006,0.169486951082945,0.0559542383900146,0.0903064358519196,0.0353402408765911,0.023,0.362051518860446,0.348718889396633,0.0903064358519196,50.0616016427105,59.2274107757855,37.0421253994735,66.1372723148239,0.176315407288831,3.26843008739928,71,0.0026394052044609664
6413,1497,1970,65,0.0524868404698944,0.310232458094175,0.615402496885508,0.0311048238751157,0.0408156481133042,0.247942027076515,0.021,0.623556654162131,0.536298979799892,0.0408156481133042,17.0622861054073,56.1137463254522,32.190174896245,87.5886057960439,-0.0215421944117043,16.3702433837492,35,0.0013011152416356876
564,1498,1953,6,0.136371531789746,0.706240160728783,0.51459137769416,0.122371575522689,0.0878188442076461,0.41376642992274,0.085,1.10038977244816,0.457816831826896,0.0878188442076461,0.0629705681040383,54.5097686790472,29.6907340371605,76.3452039164524,0.0476772489455033,63.1234477405717,29,0.0010780669144981412
2246,1499,1957,23,0.289103357969714,0.120900376589251,0.381986037362367,0.0655319916682371,0.143065964189359,0.063523359707104,0.038,0.4523540626663,0.423749849455934,0.143065964189359,4.06297056810404,54.8871903800293,30.2788614481965,69.6280737291205,0.143039411297823,4.76412288450818,49,0.0018215613382899629
2388,1500,1957,24,0.598734743930142,0.7928590383605,0.946065727388486,0.525987882422401,0.577540166947083,0.767101718905336,0.505,7.15045230331907,6.10879228291219,0.577540166947083,4.06297056810404,54.8871903800293,30.2788614481965,149.787259094366,0.32471590179661,83.2674512051649,15,0.0005576208178438662
23797,1501,2015,238,0.530058886002027,0.954623053415349,0.699269540375099,0.519210727632101,0.404888696510532,0.682458403765638,0.41,15.8650227776422,1.13920991263013,0.404888696510532,62.0616016427105,60.3596758787318,38.8065076325815,108.356092457361,0.281842457643775,173.372355473933,9,0.0003345724907063197
15011,1502,1993,151,0.703195677485024,0.770152629815077,0.739458238705993,0.591842530265921,0.556500882362477,0.612701352157913,0.479,2.88857806459265,1.75674422187753,0.556500882362477,40.062970568104,58.283985688868,35.5720081475204,107.703906931826,0.397876259272502,77.2347504307073,24,0.0008921933085501858
3080,1503,1959,31,0.453203554333075,0.663124856785256,0.966714270878583,0.36899976235518,0.444382246348829,0.649317080102755,0.36,10.1747995925578,8.17513722800188,0.444382246348829,6.06160164271047,55.0757720649827,30.5727238780776,168.06688409266,0.236597618518274,55.3335068970674,15,0.0005576208178438662
23000,1504,2013,231,0.30202521080624,0.760778357490655,0.874943720409647,0.272880863164812,0.277570517584971,0.694903051691514,0.25,3.47179163960759,1.98804022101844,0.277570517584971,60.062970568104,60.1710941937784,38.5126452027004,144.363695131443,0.150488239452219,74.9236509590435,12,0.0004460966542750929
8578,1505,1978,86,0.897880295029788,0.387292173946506,0.286297681275755,0.372083228195617,0.267779072583262,0.178560509282589,0.167,2.50148025690118,2.39231312632084,0.267779072583262,25.0622861054073,56.8685897274164,33.366429718317,68.2141927117942,0.605068899415267,22.4894830657465,20,0.0007434944237918215
19548,1506,2004,196,0.781965802320317,0.358394875816005,0.997463628882542,0.325238515169317,0.781012048746569,0.358016665403106,0.342,,126.372919847192,0.781012048746569,51.0609171800137,59.3217016182622,37.189056614414,316.712560368284,0.464359114658453,20.0855403442499,4,0.00014869888475836432
25841,1507,2021,259,0.889572624161557,0.99620370818338,0.962221634574234,0.886825825110381,0.857866934038022,0.959510197012647,0.858,,32.934413589763,0.857866934038022,68.062970568104,60.9259375957425,39.6889000247724,201.71159782985,0.591690944128633,324.395261053792,1,3.717472118959108e-05
7897,1508,1975,79,0.641895084330427,0.423855929713324,0.337350659770891,0.341154496726966,0.24006211455374,0.199734513310609,0.168,0.953064205123158,0.766823032055361,0.24006211455374,22.0616016427105,56.585458868911,32.9252335222215,70.2690027906192,0.353483356116434,25.738720735357,38,0.001412639405204461
18470,1509,2001,185,0.279663625976661,0.0693937684630089,0.554596036206931,0.0379279027569564,0.207567677352368,0.0404686819672694,0.024,0.558174586020228,0.535750618452642,0.207567677352368,48.062970568104,59.0388290908321,36.7482629695924,89.3434413791812,0.137567032291292,2.3890618431324,37,0.00137546468401487
17526,1510,1998,176,0.818958210706619,0.59375907983499,0.692984124179929,0.532619492707733,0.612442530351276,0.466406291239232,0.437,2.90837599529866,1.99004588075843,0.612442530351276,45.0622861054073,58.7556982323268,36.3070667734969,102.865630851113,0.501415262102531,44.8111831156981,22,0.0008178438661710037
16521,1511,1996,166,0.395065003269396,0.997829455081042,0.73560948879458,0.394768482597935,0.323397629495697,0.734880551522662,0.34,,1.03775811594421,0.323397629495697,43.0609171800137,58.5668582162981,36.012801792342,108.036109087425,0.203397697332972,358.738738706193,1,3.717472118959108e-05
25073,1512,2018,251,0.414631058854765,0.846902605562616,0.569672446232289,0.38763160957811,0.256836536368679,0.518523180660575,0.259,2.74781076580511,0.733855999250703,0.256836536368679,65.0622861054073,60.6428067372371,39.2477038286769,94.4146672388139,0.214516000769997,100.938038543824,10,0.0003717472118959108
5997,1513,1968,60,0.735702818001683,0.713761818840017,0.264466623775661,0.578900449912093,0.209971375544276,0.229885101009394,0.201,1.92630597035634,0.953280059954924,0.209971375544276,15.0609171800137,55.9249063094235,31.8959099150901,65.7945073848869,0.423712681746676,64.6064776123382,24,0.0008921933085501858
11056,1514,1983,111,0.497151021348381,0.93105300325535,0.153070722008124,0.482112883860753,0.0977073691360881,0.151351739939317,0.105,4.4546161819225,0.44694173058983,0.0977073691360881,30.0616016427105,57.3403022708751,34.1014883442935,63.0284760018546,0.262203856387784,148.268541748489,7,0.00026022304832713756
24843,1515,2017,249,0.325471498994794,0.97955571123156,0.962975966511294,0.323362720288863,0.318073011653933,0.947650820770965,0.308,15.286574379974,6.75093039641924,0.318073011653933,64.062970568104,60.5485158947604,39.1007726137364,200.171121005696,0.163905931513582,221.579899197389,2,7.434944237918216e-05
25642,1516,2021,257,0.27189275445576,0.215006245633748,0.947957010008395,0.104605629006092,0.260420166585687,0.211717456031206,0.08,3.2316838668426,4.92970218537352,0.260420166585687,68.062970568104,60.9259375957425,39.6889000247724,186.949927738813,0.133039629112956,9.97277177439192,10,0.0003717472118959108
22890,1517,2013,229,0.676623849450943,0.419177930087894,0.823712277924642,0.348563368624588,0.586498068951784,0.38107663493193,0.311,2.33579329228256,2.321210459529,0.586498068951784,60.062970568104,60.1710941937784,38.5126452027004,129.874221331144,0.37803160702391,25.3093102283695,23,0.0008550185873605948
7779,1518,1975,78,0.279597829282293,0.678125794875615,0.801586504792795,0.24035069665883,0.24001322944353,0.584973842508605,0.204,1.9602531300927,1.25921671580005,0.24001322944353,22.0616016427105,56.585458868911,32.9252335222215,111.957378688325,0.137528787272148,57.9166803830687,20,0.0007434944237918215
17051,1519,1997,171,0.965235478739646,0.19052027950318,0.251188115915284,0.188774540791867,0.245497064537028,0.0889752349316542,0.089,7.32521145320255,6.87912384765406,0.245497064537028,44.062970568104,58.66140738985,36.1601355585564,69.1942077204364,0.77140580720677,8.51379484605502,19,0.0007063197026022305
5969,1520,1968,60,0.791895911964238,0.626166295113265,0.606788353761658,0.546684634647379,0.497130336292465,0.441773501902494,0.414,4.27918132043225,2.03156915099786,0.497130336292465,15.0609171800137,55.9249063094235,31.8959099150901,86.372805332624,0.473838841149273,49.4629729871678,27,0.001003717472118959
8178,1521,1976,82,0.926815525061406,0.475706361431604,0.969074475113302,0.460871173944822,0.899805829698563,0.471833691245055,0.484,,51.0747464315355,0.899805829698563,23.0609171800137,56.6797497113877,33.0721647371621,181.776612641206,0.659800017990174,30.7935133716951,6,0.00022304832713754646
2085,1522,1957,21,0.0792972756323811,0.874680777972872,0.983443582430482,0.0767652927595471,0.0789031276944012,0.865564846351256,0.09,,12.3744996562693,0.0789031276944012,4.06297056810404,54.8871903800293,30.2788614481965,192.104671926561,0.0035508176535622,112.733325085305,2,7.434944237918216e-05
6267,1523,1969,63,0.613535999461709,0.977229369476078,0.996223490219563,0.606463044815165,0.612083928249758,0.974425782246982,0.611,,86.0422825156706,0.612083928249758,16.062970568104,56.0194554829755,32.0432436813045,260.969700958913,0.334392670576348,215.040979915559,2,7.434944237918216e-05
13360,1524,1989,134,0.244415033436264,0.810627240234698,0.0573499747551978,0.228252417702567,0.0232126711837839,0.0550315843748459,0.018,1.13568980556478,0.277220386535687,0.0232126711837839,36.062970568104,57.9065639878859,34.9838807364844,59.9756459809466,0.11683285665845,88.4893918980618,21,0.0007806691449814126
20645,1525,2006,207,0.0746807180720929,0.277573189586854,0.256344462744892,0.0404690319279912,0.0345260029747708,0.11092537617253,0.017,0.356937592103878,0.284292489362781,0.0345260029747708,53.0622861054073,59.5105416342909,37.4833215955689,70.6914262752992,-0.0004872947555217,14.0412975646534,36,0.0013382899628252788
23643,1526,2015,237,0.833980542396961,0.972966907666292,0.92026184569113,0.817219863008303,0.781077102291699,0.902088148221748,0.752,9.4447356034674,7.45303260852703,0.781077102291699,62.0616016427105,60.3596758787318,38.8065076325815,164.697663862542,0.518035954273163,204.643142530805,6,0.00022304832713754646
16337,1527,1996,164,0.97321915882926,0.996123943209723,0.939414974302053,0.969632880724202,0.916888522888361,0.936904555368921,0.911,54.5273716760898,47.0102673758756,0.916888522888361,43.0609171800137,58.5668582162981,36.012801792342,166.634939871925,0.807731911343683,323.119473110868,2,7.434944237918216e-05
1961,1528,1957,20,0.627721690414797,0.86534638692054,0.61452972330153,0.579238575736,0.431806544237054,0.550025626946526,0.4,3.74020909456886,1.05510201412422,0.431806544237054,4.06297056810404,54.8871903800293,30.2788614481965,84.4213615599282,0.343846009345317,108.493274479196,17,0.0006319702602230483
19370,1529,2003,194,0.839545837699062,0.652056127192379,0.767673666821793,0.588430881406456,0.67092450054809,0.546144530193948,0.528,10.9743701931312,3.13947119492,0.67092450054809,50.0616016427105,59.2274107757855,37.0421253994735,115.230717185284,0.524475467428454,53.5053035388374,19,0.0007063197026022305
15408,1530,1994,155,0.94006536531627,0.958388339637264,0.996444495627657,0.904838346093098,0.937292818004052,0.955904349971956,0.895,24.5781362973202,255.441850116332,0.937292818004052,41.0622861054073,58.3782765313447,35.718939362461,289.656841208387,0.6910580005433,178.588982304551,1,3.717472118959108e-05
26100,1531,2023,262,0.848806702595895,0.568971081679723,0.0910760266706347,0.523100008311708,0.0857712304424227,0.0708446766512903,0.073,2.04369200013932,1.37090996471933,0.0857712304424227,70.0616016427105,61.1145192806959,39.9827624546534,64.941377503335,0.535570845389751,41.5194312208753,21,0.0007806691449814126
23434,1532,2014,235,0.483516670906812,0.434967511521096,0.733843548921868,0.288007066060321,0.402108247085942,0.364223002002594,0.271,1.52659422010304,1.08255553777308,0.402108247085942,61.0622861054073,60.2653850362551,38.6595764176409,113.096136630516,0.254194211419419,26.7755975478262,27,0.001003717472118959
23348,1533,2014,234,0.593265887251215,0.937145864408988,0.992052131332457,0.574301877759023,0.590618652152885,0.931885218810469,0.562,16.2050053354923,37.7313386010399,0.590618652152885,61.0622861054073,60.2653850362551,38.6595764176409,270.610716660803,0.321185227678323,153.806930653285,1,3.717472118959108e-05
18806,1534,2002,189,0.989011841863869,0.884555279309349,0.995263973949477,0.876700654604181,0.984899058957636,0.882260506250331,0.88,,320.902045746062,0.984899058957636,49.0622861054073,59.1331199333088,36.8951941845329,284.261928422752,0.923388967342262,117.586803134427,1,3.717472118959108e-05
20536,1535,2006,206,0.939522936575343,0.330077056084613,0.996300569502637,0.32338436131536,0.936787211301691,0.32966860258882,0.323,212.853579918798,207.532339847515,0.936787211301691,53.0622861054073,59.5105416342909,37.4833215955689,300.266226913778,0.68967067847358,17.8589833528396,1,3.717472118959108e-05
22965,1536,2013,230,0.885685812426499,0.966091940135286,0.389868973288685,0.861154705190325,0.366024295701381,0.384789745869359,0.359,17.6646909221709,2.21068954646173,0.366024295701381,60.062970568104,60.1710941937784,38.5126452027004,79.4265830637137,0.585703546105402,190.940046791437,7,0.00026022304832713756
11818,1537,1985,119,0.0376929295650579,0.754044851374704,0.579575734212995,0.0350313526926726,0.0252296345703917,0.485159189654052,0.029,1.37829647218252,0.490242974987439,0.0252296345703917,32.062970568104,57.5291422869038,34.3957533254484,87.9603033142272,-0.0377618668123253,73.3213728948961,9,0.0003345724907063197
21840,1538,2010,219,0.988650158118675,0.992740939087028,0.910307885613292,0.981624831102508,0.900762559644955,0.906136398171934,0.894,70.801319768991,110.83304866445,0.900762559644955,57.0622861054073,59.887963335273,38.0714490066049,157.208175740593,0.919382013408165,284.685337183256,1,3.717472118959108e-05
16069,1539,1995,161,0.227279953250491,0.540129312682461,0.199022147804499,0.175696465308668,0.0784357127603761,0.137323700556521,0.06,0.547908480768002,0.306685618422554,0.0784357127603761,42.0616016427105,58.4725673738214,35.8658705774015,66.4744747412797,0.106533685368468,37.9434933500094,41,0.0015241635687732343
187,1540,1953,2,0.931874443886504,0.921312139064209,0.990203751251101,0.866230507068795,0.923386728854376,0.915267427507239,0.869,,152.842832734618,0.923386728854376,0.0629705681040383,54.5097686790472,29.6907340371605,208.267810246209,0.671134253745254,140.372988393802,5,0.0001858736059479554
13518,1541,1990,136,0.983721230952733,0.350009465965339,0.734652386512607,0.348143223345492,0.725553076803496,0.304206163820965,0.319,,27.8572508847703,0.725553076803496,37.0622861054073,58.0008548303626,35.130811951425,106.123262393575,0.873811252055924,19.4133052780473,6,0.00022304832713754646
16294,1542,1996,163,0.475606627024044,0.864487592777071,0.640339398058131,0.446196064382116,0.349313273664892,0.582060652981269,0.322,2.66182664353618,0.857018288618638,0.349313273664892,43.0609171800137,58.5668582162981,36.012801792342,96.310779534692,0.249576381436358,108.118447939439,11,0.00040892193308550185
26725,1543,2024,268,0.165689413387695,0.801311704453918,0.97944526001811,0.155237951276736,0.163924954507698,0.791019638243395,0.153,18.6286237441206,10.6438003197225,0.163924954507698,71.0609171800137,61.2088101231726,40.129693669594,232.556461327201,0.0676805398371168,85.6910712195789,3,0.00011152416356877323
15341,1544,1994,154,0.817661051321458,0.536008915115216,0.953265830641612,0.484797105262902,0.78765453647666,0.522677272398594,0.485,62.634722200938,11.956248847531,0.78765453647666,41.0622861054073,58.3782765313447,35.718939362461,176.235975923085,0.500028075939158,37.4531196724339,7,0.00026022304832713756
8659,1545,1978,87,0.511935223265226,0.509164346149874,0.381209137383848,0.339659341628175,0.230726926629455,0.264947455481772,0.179,0.787324029770195,0.592447656232412,0.230726926629455,25.0622861054073,56.8685897274164,33.366429718317,73.069721746818,0.270968783951156,34.3737484865999,34,0.0012639405204460967
7124,1546,1973,72,0.642385254484849,0.810163913744563,0.849133845185861,0.567449167146314,0.566905417946132,0.724598420890065,0.503,3.68527782184985,2.65300129486768,0.566905417946132,20.062970568104,56.3968771839576,32.6313710923404,120.998600190542,0.353820310833952,88.3468679635258,10,0.0003717472118959108
6345,1547,1970,64,0.799001867207167,0.7826338873944,0.979196636239067,0.664191725605114,0.786986170212371,0.774742234157265,0.675,,22.7591697913116,0.786986170212371,17.0622861054073,56.1137463254522,32.190174896245,193.094767504663,0.480819411515745,80.4695778143174,6,0.00022304832713754646
20291,1548,2005,203,0.656576953412343,0.985144906908169,0.992157379863784,0.651301657296513,0.653971689748656,0.978526324002621,0.664,,38.1872039929001,0.653971689748656,52.062970568104,59.4162507918142,37.3363903806284,263.189902595331,0.363689005533814,240.992671710646,2,7.434944237918216e-05
10989,1549,1983,110,0.782001862344127,0.834132920228937,0.939221752574667,0.68631259394529,0.749415428362694,0.80038618943915,0.66,9.63498968886349,7.09425806885364,0.749415428362694,30.0616016427105,57.3403022708751,34.1014883442935,159.548674341777,0.464392988967833,96.2377137501667,8,0.00029739776951672863
8902,1550,1978,90,0.938490671014204,0.931984293021851,0.994453806197271,0.880851422002012,0.934299831970097,0.928433381044048,0.874,42.9565739833039,147.56284192576,0.934299831970097,25.0622861054073,56.8685897274164,33.366429718317,253.681110021861,0.687058958369992,149.082081130534,4,0.00014869888475836432
25075,1551,2018,251,0.748151253199205,0.865155894791465,0.841357177123427,0.678682196098366,0.640333145534735,0.753093195864705,0.606,17.4760825205142,3.93509337268992,0.640333145534735,65.0622861054073,60.6428067372371,39.2477038286769,136.185901149689,0.434147866907996,108.409921346708,9,0.0003345724907063197
24004,1552,2015,241,0.317833659236429,0.548184352405612,0.969754026737064,0.240386471505719,0.314443207675474,0.544246112173157,0.227,5.50907230270044,7.4472580432221,0.314443207675474,62.0616016427105,60.3596758787318,38.8065076325815,208.166034698154,0.159546629469511,38.9164946433261,6,0.00022304832713754646
727,1553,1954,8,0.835704403870148,0.880242732570921,0.231098403222859,0.757626300365327,0.207762482327717,0.221106562402133,0.206,5.97910802234928,1.41884549369869,0.207762482327717,1.06228610540726,54.6040595215239,29.837665252101,62.4947582626606,0.520013238546193,115.416737991144,16,0.0005947955390334573
12336,1554,1987,124,0.863160011077714,0.982968321077399,0.490017392905429,0.85170276895497,0.438459639629544,0.487594502905428,0.451,,2.34515428077242,0.438459639629544,34.0616016427105,57.7177239718572,34.6896157553295,81.4580257727903,0.553828181537861,232.675028369791,4,0.00014869888475836432
373,1555,1953,4,0.555871437468041,0.160878878324825,0.138862453401089,0.128863770171824,0.0951173687259861,0.0430635210892293,0.043,0.542841173627725,0.499521111786494,0.0951173687259861,0.0629705681040383,54.5097686790472,29.6907340371605,58.9645057456969,0.297614404834751,6.84505535454815,63,0.002342007434944238
2291,1556,1957,23,0.911387308088992,0.853872417032883,0.74932153429836,0.793978495558127,0.696708817987701,0.661689245034553,0.598,5.02571922364882,5.55555932093646,0.696708817987701,4.06297056810404,54.8871903800293,30.2788614481965,98.2008717750213,0.628801599507854,103.677127269683,14,0.0005204460966542751
7508,1557,1975,76,0.067790136287,0.828611815264927,0.820971815148368,0.0646786454862072,0.0595227895252777,0.712260689011441,0.057,3.22121583859496,1.17122873275368,0.0595227895252777,22.0616016427105,56.585458868911,32.9252335222215,115.624307729467,-0.0067076421897988,94.3200466000064,7,0.00026022304832713756
20015,1558,2005,201,0.998058025799734,0.116235948296324,0.448738941457123,0.116184765952372,0.448329791484655,0.0781351377397307,0.068,17.2164753469266,130.478104646913,0.448329791484655,52.062970568104,59.4162507918142,37.3363903806284,81.9722169532811,1.12122922150598,4.53433322898271,2,7.434944237918216e-05
9352,1559,1979,94,0.614431135705699,0.980607068354058,0.923885485157371,0.608408578401326,0.585502444314707,0.910382769008331,0.613,,4.23856118999353,0.585502444314707,26.0616016427105,56.9628805698931,33.5133609332575,148.830840951232,0.334983832736856,224.785555253757,3,0.00011152416356877323
4172,1560,1962,42,0.659303935038716,0.971966414626566,0.881383295170963,0.649144460513065,0.621235574962949,0.864609954058791,0.623,,2.4829808807695,0.621235574962949,9.06228610540725,55.3589029234881,31.013920074173,124.972215503721,0.365611305450646,202.443201542771,4,0.00014869888475836432
12784,1561,1988,128,0.79007772318158,0.981473321760143,0.728964094305411,0.780056573597481,0.59056636724164,0.723166493150708,0.589,46.791345014692,2.79624269829114,0.59056636724164,35.0609171800137,57.8120148143339,34.8365469702701,104.744319391441,0.472079798321456,227.561399090559,6,0.00022304832713754646
2386,1562,1957,24,0.620997615398899,0.811681018338314,0.78810486686416,0.551380918241082,0.518323348963165,0.678233832242144,0.467,3.3247665821075,1.8311519221794,0.518323348963165,4.06297056810404,54.8871903800293,30.2788614481965,103.661038495381,0.33934217583941,88.8148958025618,20,0.0007434944237918215
9336,1563,1979,94,0.715974495919264,0.950144302334431,0.443118845578283,0.693992720250451,0.35870248166644,0.433421287965924,0.356,9.57907345612021,1.00195812591936,0.35870248166644,26.0616016427105,56.9628805698931,33.5133609332575,76.8595503335163,0.407808250762349,167.710503490542,11,0.00040892193308550185
6023,1564,1969,61,0.381919501512676,0.141541294036574,0.891136945225298,0.0917833440052574,0.353975776594703,0.137769748380294,0.105,3.12836650334832,2.47159733470492,0.353975776594703,16.062970568104,56.0194554829755,32.0432436813045,130.994769547461,0.195943999341614,5.81388709395823,21,0.0007806691449814126
7830,1565,1975,79,0.0838453579216665,0.477734830963842,0.672399207716808,0.0635384193729775,0.0655019293384393,0.376714650855652,0.056,0.926888847728864,0.646710550743865,0.0655019293384393,22.0616016427105,56.585458868911,32.9252335222215,94.3291194083521,0.0074381689038333,31.0030083608734,24,0.0008921933085501858
17659,1566,1999,177,0.669076217052383,0.107193257446328,0.218824794283137,0.0945763712882449,0.195823397394876,0.0411340251505298,0.029,0.650534442395786,0.649514322617152,0.195823397394876,46.0616016427105,58.8499890748034,36.4539979884375,67.906007337009,0.37257298962335,4.0968470735808,38,0.001412639405204461
16422,1567,1996,165,0.0537515339603947,0.984756952967812,0.0680631371214986,0.0535783400898849,0.0106031704511297,0.0676613503932272,0.009,12.2916285602156,0.22502541396737,0.0106031704511297,43.0609171800137,58.5668582162981,36.012801792342,61.1097014575267,-0.0202529325573614,239.42371167998,3,0.00011152416356877323
13635,1568,1990,137,0.849400753464923,0.570722925218011,0.916135485516861,0.524798111608249,0.785070574670672,0.547313850594716,0.47,3.92746963719338,10.2383824658937,0.785070574670672,37.0622861054073,58.0008548303626,35.130811951425,150.457592544178,0.536299817651143,41.7451341910581,14,0.0005204460966542751
4768,1569,1964,48,0.184911303824022,0.974237061540189,0.904898939654231,0.183680483728863,0.173480520319109,0.887195717136422,0.177,60.4336203036711,2.39033510526573,0.173480520319109,11.0609171800137,55.5474846084415,31.3077825040541,133.523027666847,0.0801858053787873,207.557616753465,4,0.00014869888475836432
18551,1570,2001,186,0.347123278250016,0.417137483115752,0.180637855548412,0.215562508318798,0.100740058274286,0.0899948748671323,0.073,0.514934617100763,0.349052978140432,0.100740058274286,48.062970568104,59.0388290908321,36.7482629695924,66.3952209118922,0.176219858553391,25.1233069686465,40,0.001486988847583643
16303,1571,1996,164,0.190474316538537,0.635105933479687,0.243865401716903,0.16169998860219,0.0694858919055126,0.189536714871055,0.057,0.679631905658907,0.31488814433162,0.0694858919055126,43.0609171800137,58.5668582162981,36.012801792342,68.7014704402684,0.0837320327314098,50.8236233715422,33,0.0012267657992565055
12574,1572,1988,126,0.742114531098348,0.147569908570885,0.49012353271246,0.134752826153831,0.385971818797024,0.106219640975784,0.107,1.42718182704194,1.30095046476899,0.385971818797024,35.0609171800137,57.8120148143339,34.8365469702701,81.6603599312863,0.429046172490669,6.13045804995488,25,0.0009293680297397769
17002,1573,1997,171,0.0782932769472176,0.0451934767945028,0.701653369236737,0.0088291763891161,0.0614654389922893,0.0418597817959504,0.003,0.704189958635452,0.710432145594506,0.0614654389922893,44.062970568104,58.66140738985,36.1601355585564,103.689648995232,0.0026808188932867,1.41205736568542,21,0.0007806691449814126
1761,1574,1956,18,0.541250326928391,0.992500672903659,0.104272199561819,0.539457603844381,0.0724599803131206,0.101679413604196,0.082,,0.468452693033014,0.0724599803131206,3.06091718001369,54.7926412064773,30.1315276819821,58.1194579243416,0.28863648545987,282.694193950668,3,0.00011152416356877323
9520,1575,1980,96,0.88359405994601,0.904285763532367,0.877580961445346,0.813195121891808,0.79526149468029,0.808611047792822,0.747,43.4133348946603,5.86743011823796,0.79526149468029,27.0609171800137,57.0571714123698,33.6602921481981,131.435043243099,0.582547283009954,128.705688093617,9,0.0003345724907063197
8148,1576,1976,82,0.887317327725976,0.747325410477529,0.472560614580289,0.690254439543881,0.430031279632624,0.410361911893786,0.392,6.36045763803978,2.85089787061138,0.430031279632624,23.0609171800137,56.6797497113877,33.0721647371621,78.1644207572993,0.58819698316665,71.7676566662833,15,0.0005576208178438662
14948,1577,1993,150,0.29275468842742,0.451403228010173,0.789747027913108,0.197381600645472,0.250377536429446,0.403659346994116,0.177,1.42335037890948,1.1913568010811,0.250377536429446,40.062970568104,58.283985688868,35.5720081475204,115.882325075125,0.145148856194048,28.3544322923634,20,0.0007434944237918215
3925,1578,1961,40,0.675726113427365,0.892568223377237,0.653928101528436,0.631908939880941,0.510160359673301,0.616742958653945,0.471,3.04925368571984,1.10799552177577,0.510160359673301,8.06297056810404,55.2646120810114,30.8669888592325,88.8650559979278,0.377378470586399,121.848781277631,16,0.0005947955390334573
24679,1579,2017,247,0.955251883415126,0.378862858351954,0.541525286156684,0.372852799117047,0.522810527196511,0.275676121327012,0.275,9.66210660667112,7.68245121828774,0.522810527196511,64.062970568104,60.5485158947604,39.1007726137364,91.6183176723583,0.734983662414042,21.7739148621531,11,0.00040892193308550185
10557,1580,1982,106,0.995868219126428,0.900848095964014,0.816205442650244,0.897756507528635,0.814843273188659,0.756577104582341,0.763,,72.2122963295092,0.814843273188659,29.0622861054073,57.2460114283984,33.954557129353,117.162323798986,1.03867486440639,126.608825706031,4,0.00014869888475836432
5325,1581,1967,54,0.302794801798129,0.913683182273854,0.820710412925109,0.2941084573623,0.265805068666945,0.766040344923742,0.253,5.59198517113569,1.4054828199551,0.265805068666945,14.0616016427105,55.8306154669468,31.7489787001496,112.709996949686,0.150930503841665,134.855609868801,9,0.0003345724907063197
1586,1582,1956,16,0.154033516436092,0.447428683581189,0.967998689273372,0.109616692209399,0.152103850178041,0.433890301012324,0.105,9.45628529349089,6.65078360476713,0.152103850178041,3.06091718001369,54.7926412064773,30.1315276819821,167.550268154157,0.0598789776806657,27.9675691164343,8,0.00029739776951672863
11560,1583,1985,116,0.85436620395991,0.990014748171145,0.937686512246728,0.847843401022035,0.80966597973634,0.931029561082053,0.793,14.8461815383334,11.3550790665641,0.80966597973634,32.062970568104,57.5291422869038,34.3957533254484,159.638768996145,0.542479573609509,265.204625714494,2,7.434944237918216e-05
14254,1584,1991,143,0.0090296559566309,0.11310539694149,0.686896191677079,0.0025351038385796,0.0075179837043049,0.099534267908241,0.002,0.669890826931076,0.641864722653614,0.0075179837043049,38.0616016427105,58.0951456728393,35.2777431663655,100.221857579763,-0.0817066639637408,4.38167531507977,20,0.0007434944237918215
15860,1585,1995,159,0.907323498675429,0.837989335525573,0.842141415458173,0.77795019656565,0.772417460088071,0.72957506348554,0.685,26.7077236308575,8.71363030474863,0.772417460088071,42.0616016427105,58.4725673738214,35.8658705774015,127.700545912399,0.621372272452606,97.6166997940458,11,0.00040892193308550185
24902,1586,2017,250,0.618556253187295,0.98284111622004,0.359149735886604,0.613165372441657,0.25848323893909,0.35751154234903,0.267,123.988837257696,0.712308422765824,0.25848323893909,64.062970568104,60.5485158947604,39.1007726137364,78.1336285404469,0.337717263759024,232.222641605651,5,0.0001858736059479554
13059,1587,1989,131,0.887046755640604,0.962778950217648,0.994293349329382,0.859979800716552,0.882951619802814,0.958768450779413,0.866,,124.106831613263,0.882951619802814,36.062970568104,57.9065639878859,34.9838807364844,262.98068486746,0.587781514573292,185.312345907497,1,3.717472118959108e-05
9710,1588,1980,98,0.411958785359157,0.597361777831144,0.580816675908864,0.318266221019252,0.305609435309606,0.394751240056221,0.231,1.01271126168623,0.639316751362222,0.305609435309606,27.0609171800137,57.0571714123698,33.6602921481981,86.9413702483675,0.212995128917428,45.3079298146538,37,0.00137546468401487
3321,1589,1960,34,0.922916336537051,0.998942925178964,0.961144092259929,0.922072843664114,0.905601111772436,0.960478748239371,0.906,,9.284756673123,0.905601111772436,7.06091718001369,55.1700629074594,30.7196550930181,163.12959410848,0.651495927985459,403.045548854087,1,3.717472118959108e-05
12533,1590,1988,126,0.998751236584088,0.9903722475684,0.789922835538164,0.989157941982642,0.789180204419191,0.78605741656131,0.785,572.666721890402,395.153601557149,0.789180204419191,35.0609171800137,57.8120148143339,34.8365469702701,114.2508963108,1.16735918142999,267.430164054834,1,3.717472118959108e-05
11732,1591,1985,118,0.232737261385389,0.320277295516403,0.999825439881533,0.126879274315985,0.232732498479038,0.320263510842792,0.127,5667.83304679139,1177.87564063725,0.232732498479038,32.062970568104,57.5291422869038,34.3957533254484,426.383815883981,0.109832397151102,17.1166443323658,1,3.717472118959108e-05
7877,1592,1975,79,0.523796748845894,0.261767670897813,0.447984184371307,0.196467379211467,0.262199324005925,0.167958725288558,0.12,0.732394630873841,0.688661621796182,0.262199324005925,22.0616016427105,56.585458868911,32.9252335222215,76.4301692400948,0.27806814670253,12.9659976000325,50,0.0018587360594795538
22073,1593,2011,221,0.0353273360316458,0.783555923125713,0.933196562575176,0.0332323526432208,0.0346527542555411,0.749422433254507,0.032,6.01907111007679,3.02439832109623,0.0346527542555411,58.0616016427105,59.9822541777497,38.2183802215455,170.407583894931,-0.0405956824917721,80.7161868751651,3,0.00011152416356877323
15115,1594,1993,152,0.807379029740191,0.617110972987652,0.90212278929539,0.546475179613224,0.742086676577151,0.583709135674736,0.512,5.94208843430642,6.13782029719944,0.742086676577151,40.062970568104,58.283985688868,35.5720081475204,145.735128510648,0.489277611247794,48.1202170670897,11,0.00040892193308550185
11951,1595,1985,120,0.207142139558881,0.448152027728732,0.399420083733276,0.144353959263307,0.11560010576982,0.24553315651448,0.097,0.565334315118048,0.392898066891467,0.11560010576982,32.062970568104,57.5291422869038,34.3957533254484,75.2821866562642,0.094188963995565,28.0377320707511,32,0.0011895910780669145
21229,1596,2008,213,0.589220468373229,0.976262292862381,0.973225915804505,0.582416603099882,0.580219817797965,0.953272745155746,0.595,,11.2527497091131,0.580219817797965,55.0609171800137,59.6991233192443,37.77718402545,209.047947757862,0.318588250750345,212.518994588567,1,3.717472118959108e-05
18376,1597,2001,184,0.738700414779089,0.891502375426887,0.793930190382525,0.685262509515669,0.627285851349036,0.72529056763848,0.564,4.02366333186693,2.11293095793117,0.627285851349036,48.062970568104,59.0388290908321,36.7482629695924,119.337973258533,0.426195545777965,121.263455246755,15,0.0005576208178438662
4643,1598,1964,47,0.577619232363354,0.687957350956544,0.989837012952194,0.464665011454874,0.575312872290314,0.684182308751737,0.462,29.6445782932449,25.4562168526454,0.575312872290314,11.0609171800137,55.5474846084415,31.3077825040541,216.244663400645,0.311207109616129,59.6804484667144,4,0.00014869888475836432
6411,1599,1970,65,0.933101396958353,0.718783747157619,0.924767247866839,0.688648066645951,0.868026641166263,0.689004410963076,0.658,18.1377487412138,19.6889222327593,0.868026641166263,17.0622861054073,56.1137463254522,32.190174896245,144.779035621813,0.673987531475927,65.6197902125815,5,0.0001858736059479554
26261,1600,2023,263,0.0087622036157848,0.298933593110569,0.395826834021136,0.0051916693632128,0.0048011935972973,0.161496243179996,0.002,0.429215427636315,0.333215510572237,0.0048011935972973,70.0616016427105,61.1145192806959,39.9827624546534,81.5068776691733,-0.0823117418559732,15.5478216755283,23,0.0008550185873605948
10470,1601,1982,105,0.941687337127001,0.734820949120701,0.325822724262252,0.707416546741685,0.312824256871879,0.280311722816469,0.293,38.3030528032974,4.41362795631414,0.312824256871879,29.0622861054073,57.2460114283984,33.954557129353,70.7602987601739,0.695269854175005,68.988547625578,12,0.0004460966542750929
13215,1602,1989,133,0.578409987080754,0.423157989306272,0.559602821944281,0.318950541203249,0.358778443177711,0.309017624854803,0.249,1.13265797266093,0.905938103852188,0.358778443177711,36.062970568104,57.9065639878859,34.9838807364844,87.1673949894215,0.311707194833199,25.6743898745135,31,0.0011524163568773233
25323,1603,2019,254,0.92456584121272,0.998494550613513,0.164285621372983,0.923358556083149,0.158672161634807,0.164253932277741,0.165,,2.86448005711517,0.158672161634807,66.0616016427105,60.7370975797138,39.3946350436175,67.8376848260317,0.654965846364436,381.257042020687,1,3.717472118959108e-05
19651,1604,2004,197,0.975272083273789,0.906326129544593,0.639956857077777,0.887396573068598,0.631341865377667,0.600679485563383,0.626,,12.4123956187989,0.631341865377667,51.0609171800137,59.3217016182622,37.189056614414,98.2569010155827,0.818590576268409,129.986926129456,6,0.00022304832713754646
25179,1605,2019,252,0.540937196604209,0.888950186558448,0.883756213355809,0.511439724533138,0.49653904380806,0.805023726798692,0.471,7.05246006447196,2.78374605787476,0.49653904380806,66.0616016427105,60.7370975797138,39.3946350436175,150.043768011206,0.288445506083975,119.885457453622,6,0.00022304832713754646
26454,1606,2023,265,0.304096827320341,0.339215609124526,0.906343470094725,0.165702083326936,0.280323966846124,0.319044982722954,0.139,2.61728285401434,2.86189894761188,0.280323966846124,70.0616016427105,61.1145192806959,39.9827624546534,161.381354525774,0.151678422036605,18.5641009959072,8,0.00029739776951672863
5424,1607,1967,55,0.994669476391787,0.772108909428917,0.479192123981193,0.769403025923305,0.477794803074837,0.403264233871168,0.4,44.5280278331925,50.8491463980652,0.477794803074837,14.0616016427105,55.8306154669468,31.7489787001496,76.8700504083486,1.00964034601359,77.729468290179,5,0.0001858736059479554
16779,1608,1997,168,0.682494555476343,0.183186529385471,0.392534311395139,0.160869678590773,0.309137327374278,0.107345086416186,0.085,0.854201854346812,0.854304878902959,0.309137327374278,44.062970568104,58.66140738985,36.1601355585564,76.9028136302947,0.38232934621629,8.09101830432586,46,0.0017100371747211895
14689,1609,1992,147,0.151740147661792,0.0876624239556751,0.098151684505865,0.0293543194718858,0.0309089240811453,0.0235380657134551,0.015,0.273505375700771,0.256076342081069,0.0309089240811453,39.0609171800137,58.189436515316,35.4246743813061,61.8581977584378,0.0583219380851854,3.18912970191072,101,0.003754646840148699
2211,1610,1957,23,0.426864244496441,0.390869143635694,0.976487395120785,0.241274890761647,0.421747870726649,0.383123102895855,0.223,6.91441448660462,10.871792097543,0.421747870726649,4.06297056810404,54.8871903800293,30.2788614481965,179.285091162924,0.221490686071607,22.796808944308,6,0.00022304832713754646
25728,1611,2021,258,0.921661665128765,0.921831091835542,0.854475218104199,0.858238530168341,0.798580020485876,0.80492413792667,0.759,41.8873298851109,8.91141010038794,0.798580020485876,68.062970568104,60.9259375957425,39.6889000247724,141.067514498252,0.648897050229991,140.767884824949,7,0.00026022304832713756
20999,1612,2007,210,0.338581917925207,0.974119018945027,0.891311567276716,0.335729121862234,0.316388970926914,0.875393092779938,0.337,,2.31225940086506,0.316388970926914,54.0616016427105,59.6048324767676,37.6302528105095,147.719910157635,0.171368558670941,207.28070910261,4,0.00014869888475836432
17852,1613,1999,179,0.987700753235487,0.929711209473939,0.682126992382109,0.919669992288411,0.679754358464318,0.649250629211836,0.652,,20.1478594046358,0.679754358464318,46.0616016427105,58.8499890748034,36.4539979884375,101.798906970352,0.909383904217803,147.115838911328,6,0.00022304832713754646
25824,1614,2021,259,0.853869100700455,0.588506025345465,0.370084626832977,0.541519425336627,0.325278467966555,0.270117776823676,0.227,2.05220991857409,1.97385158989877,0.325278467966555,68.062970568104,60.9259375957425,39.6889000247724,79.473625624697,0.541853785390876,44.0954718727746,21,0.0007806691449814126
8072,1615,1976,81,0.884909385272194,0.995862416102933,0.702227469766513,0.881956474063943,0.633417308292363,0.701426501375859,0.632,111.048640665922,4.32147885207238,0.633417308292363,23.0609171800137,56.6797497113877,33.0721647371621,97.930216289151,0.584526741981865,319.114191505271,3,0.00011152416356877323
4324,1616,1963,44,0.456193025105287,0.178577427247547,0.0603467219043523,0.127309896703447,0.0267224099832175,0.0264070480495691,0.012,0.422545167432426,0.392016457075017,0.0267224099832175,10.0616016427105,55.4531937659648,31.1608512891136,57.3956760943337,0.238321773542669,7.82864617349366,43,0.0015985130111524164
3172,1617,1959,32,0.994744664306587,0.791869508046106,0.862440192839131,0.789034889784852,0.859245065462843,0.705392562467461,0.724,,97.0775616900043,0.859245065462843,6.06160164271047,55.0757720649827,30.5727238780776,118.699530181765,1.01127654434885,82.9904728232244,4,0.00014869888475836432
6947,1618,1973,70,0.175262468460328,0.223104319588291,0.185787793248892,0.0750086989549334,0.0498260558117903,0.0846583077039678,0.031,0.336508582794798,0.290370250685982,0.0498260558117903,20.062970568104,56.3968771839576,32.6313710923404,63.1368863957989,0.0739601792014175,10.4714772087363,57,0.0021189591078066916
23876,1619,2015,239,0.16407165308718,0.694147144536862,0.944557805545628,0.145586325818791,0.161169660633297,0.673040412001997,0.118,3.38869355673303,3.80660888966773,0.161169660633297,62.0616016427105,60.3596758787318,38.8065076325815,180.757088871536,0.0666083908974225,60.8215329740479,6,0.00022304832713754646
17991,1620,2000,180,0.962700180524673,0.122659533213988,0.543336285976693,0.121562146907453,0.537811021398339,0.0652446247023665,0.049,4.26241168473568,6.29434466189973,0.537811021398339,47.0609171800137,58.9442799172801,36.600929203378,88.1780786015088,0.761382333296835,4.8515066503821,8,0.00029739776951672863
15678,1621,1995,157,0.0073759068639174,0.745102647605037,0.965439202496782,0.006849564557129,0.0073105776848765,0.729212340330607,0.007,10.8373326301572,5.79786301552615,0.0073105776848765,42.0616016427105,58.4725673738214,35.8658705774015,189.440520084431,-0.0855944108305593,71.2632252857334,2,7.434944237918216e-05
8711,1622,1978,88,0.999330272048253,0.84624926523689,0.831434570718557,0.845824217442221,0.831034964740821,0.738328303074081,0.748,,740.406258068921,0.831034964740821,25.0622861054073,56.8685897274164,33.366429718317,118.883700430802,1.23010036534731,100.687895346703,1,3.717472118959108e-05
5624,1623,1967,57,0.962765972906918,0.387145020295211,0.166532033355907,0.382014533613153,0.163094112749837,0.100330796715857,0.103,7.69336803939448,5.91784145540133,0.163094112749837,14.0616016427105,55.8306154669468,31.7489787001496,61.6393309904184,0.761634940553328,22.476887186,17,0.0006319702602230483
18685,1624,2002,187,0.558601434275798,0.998832032280092,0.116801653290167,0.558306680527318,0.0877528749226193,0.116559525000162,0.087,144.512784118221,0.48502510764487,0.0877528749226193,49.0622861054073,59.1331199333088,36.8951941845329,63.7293728461871,0.299304397564324,396.895640753853,1,3.717472118959108e-05
12650,1625,1988,127,0.993192800288615,0.836742945900226,0.987589698517695,0.832531657841748,0.981090891118366,0.830848387321266,0.826,211.530176811028,648.524597344054,0.981090891118366,35.0609171800137,57.8120148143339,34.8365469702701,227.991469274163,0.981143655578303,97.1673399143238,1,3.717472118959108e-05
16132,1626,1996,162,0.0178301738864738,0.795731214709612,0.388020555721596,0.0168719932444919,0.011176792610009,0.332690463453694,0.013,1.36838866872225,0.330400444032028,0.011176792610009,43.0609171800137,58.5668582162981,36.012801792342,76.4609396081962,-0.0650060545124967,84.0792638506185,13,0.000483271375464684
20546,1627,2006,206,0.0328104518425271,0.931907299973335,0.614508078200743,0.0323170970603207,0.0279118808999716,0.589992639983737,0.034,5.40602082573137,0.525495255105764,0.0279118808999716,53.0622861054073,59.5105416342909,37.4833215955689,96.0697805072593,-0.0437035538268927,149.014394743899,4,0.00014869888475836432
1402,1628,1955,15,0.507903180761512,0.997709160784628,0.985192665597424,0.507419705569945,0.504733815922718,0.983818518567076,0.479,7.64320512152391,17.1851282909695,0.504733815922718,2.06160164271047,54.6983503640006,29.9845964670416,194.668209409096,0.268569537550013,355.421642194654,1,3.717472118959108e-05
23237,1629,2014,233,0.276131090069742,0.384925228334198,0.873025272740051,0.168007571546164,0.253589913246848,0.364210680062602,0.167,2.36053449630482,1.91509336954454,0.253589913246848,61.0622861054073,60.2653850362551,38.6595764176409,144.12919856831,0.135511600949315,22.287330732426,23,0.0008550185873605948
4233,1630,1962,43,0.443155032238149,0.702012887600655,0.720934298820794,0.374233341831092,0.388338470162014,0.55613580085559,0.328,1.60506694996273,0.891865185302113,0.388338470162014,9.06228610540725,55.3589029234881,31.013920074173,96.1780328315761,0.230817525166715,62.3075292798525,27,0.001003717472118959
21872,1631,2010,219,0.772873894699016,0.281396249927713,0.0649680881761014,0.256717518375082,0.0549447289388471,0.0379418678255037,0.024,0.969152447756753,0.921222801766361,0.0549447289388471,57.0622861054073,59.887963335273,38.0714490066049,62.4495200038073,0.455939092826293,14.3063795619888,36,0.0013382899628252788
12947,1632,1988,130,0.419582089514531,0.937907726578229,0.489828482735902,0.409539631499965,0.23104841809956,0.477681660542274,0.217,3.70703926240576,0.621817371870521,0.23104841809956,35.0609171800137,57.8120148143339,34.8365469702701,81.6395459337012,0.21733621611897,154.537559922308,16,0.0005947955390334573
3984,1633,1961,40,0.53530344228311,0.833681693431121,0.353465086081997,0.489448898103509,0.26158226202762,0.331252848110715,0.22,1.43026950126809,0.536460923891415,0.26158226202762,8.06297056810404,55.2646120810114,30.8669888592325,68.8682622780079,0.285018285512487,96.0785304983635,20,0.0007434944237918215
12578,1634,1988,126,0.93936106870437,0.978692392187773,0.967207954265177,0.921435382173667,0.910472719080503,0.949798429905823,0.905,,51.2334962341667,0.910472719080503,35.0609171800137,57.8120148143339,34.8365469702701,187.174412272254,0.689258694293732,219.069558574425,3,0.00011152416356877323
20429,1635,2005,205,0.740384079012921,0.671365735453369,0.573426606832072,0.553677009337198,0.46656100236398,0.434318949922489,0.365,1.91606595804827,1.30932625579955,0.46656100236398,52.062970568104,59.4162507918142,37.3363903806284,91.8841791352228,0.42759825903262,56.7369856359589,23,0.0008550185873605948
4761,1636,1964,48,0.375130156257865,0.458633872765598,0.15728141576983,0.246014179625049,0.0729848276584439,0.0996877399976057,0.056,0.538153317893301,0.369977607875989,0.0729848276584439,11.0609171800137,55.5474846084415,31.3077825040541,60.9269725033027,0.192096756185951,29.0667302818789,46,0.0017100371747211895
16102,1637,1996,162,0.345190397761379,0.499484379925414,0.851370776072145,0.243410825130848,0.313574038762023,0.447388741188065,0.21,2.03400756255255,1.70921376997486,0.313574038762023,43.0609171800137,58.5668582162981,36.012801792342,130.452172767712,0.175122612836087,33.3098760022954,13,0.000483271375464684
4272,1638,1962,43,0.391581067637215,0.478717376930954,0.737370529677719,0.262720984064523,0.351575119531641,0.404258465207843,0.249,1.23544037717449,0.898377664716466,0.351575119531641,9.06228610540725,55.3589029234881,31.013920074173,98.1823522221186,0.201421373508073,31.1048213476852,27,0.001003717472118959
4984,1639,1964,50,0.0208841182888115,0.447408360265563,0.430137755116448,0.0156179620816468,0.0124843696942693,0.228955981231676,0.007,0.568782789978644,0.356212572205448,0.0124843696942693,11.0609171800137,55.5474846084415,31.3077825040541,73.3931780204246,-0.0601531681371694,27.9655993555859,19,0.0007063197026022305
21897,1640,2010,219,0.836032022108286,0.918629551539743,0.953878821339458,0.783888321897121,0.801038389570772,0.885673612672504,0.736,7.67461794797973,17.9734146045109,0.801038389570772,57.0622861054073,59.887963335273,38.0714490066049,186.090321731645,0.520390757916666,138.373069258291,7,0.00026022304832713756
6401,1641,1970,65,0.881320407270315,0.413365259566592,0.624416603241116,0.39335860930146,0.567724868436957,0.322393335808952,0.301,3.1558412739768,3.2264383170053,0.567724868436957,17.0622861054073,56.1137463254522,32.190174896245,88.3882876517896,0.579166549494399,24.7814904107926,18,0.0006691449814126394
14698,1642,1992,147,0.913498029143143,0.644601897695385,0.461246399208903,0.613124069991421,0.440768813633497,0.35259498686321,0.334,3.76353382471206,3.0291838257552,0.440768813633497,39.0609171800137,58.189436515316,35.4246743813061,80.4274850008878,0.632769475970425,52.3089988946822,17,0.0006319702602230483
11817,1643,1985,119,0.19550278806393,0.889854942809984,0.688408582471311,0.189186960438584,0.144886257809429,0.640741396768639,0.139,3.22329531369109,0.766357261761643,0.144886257809429,32.062970568104,57.5291422869038,34.3957533254484,98.7787289616303,0.0869123092610687,120.37021807458,9,0.0003345724907063197
19559,1644,2004,196,0.846984686140839,0.455805531734255,0.939445538446307,0.424295164216873,0.808316235518685,0.440668419040338,0.424,28.3927068069035,9.1382573382427,0.808316235518685,51.0609171800137,59.3217016182622,37.189056614414,170.940982436206,0.533348381811639,28.786788854734,11,0.00040892193308550185
1793,1645,1956,18,0.294758013404222,0.826834970681234,0.537415986182168,0.27603342934266,0.189623117842792,0.45598060471503,0.166,2.06978954400599,0.559520194022519,0.189623117842792,3.06091718001369,54.7926412064773,30.1315276819821,78.4563602061587,0.14630461006144,93.7164439688944,14,0.0005204460966542751
4005,1646,1961,41,0.996075473672159,0.988918773622993,0.910335391992703,0.985118207173695,0.908783996806785,0.903734037784456,0.906,,84.2768427192603,0.908783996806785,8.06297056810404,55.2646120810114,30.8669888592325,134.179037502531,1.04446365968003,258.850489055138,1,3.717472118959108e-05
20640,1647,2006,207,0.0444351406563644,0.474075045462082,0.914041211595759,0.0339756955329069,0.0436004507584644,0.452704983817242,0.029,2.9099487664566,2.34951093179685,0.0436004507584644,53.0622861054073,59.5105416342909,37.4833215955689,157.11802765572,-0.0300827601806928,30.6257141720779,9,0.0003345724907063197
18101,1648,2000,182,0.387684969866517,0.187841613483871,0.787638064939529,0.120244102739236,0.36069842419489,0.143799834620104,0.1,1.23779447028585,1.0788918672504,0.36069842419489,47.0609171800137,58.9442799172801,36.600929203378,117.815095589727,0.199212077870881,8.3586191933725,30,0.0011152416356877324
12473,1649,1987,125,0.792696187892927,0.801430334734057,0.602616745978594,0.67270330923683,0.500398491762036,0.524289274254793,0.461,5.04441523777659,1.90321109784061,0.500398491762036,34.0616016427105,57.7177239718572,34.6896157553295,90.4497608840855,0.474616509265199,85.7258436930254,20,0.0007434944237918215
9498,1650,1979,95,0.978985333231482,0.990293272621935,0.859280141303316,0.969848177242781,0.852029795711699,0.853933899279399,0.849,,14.5303206332931,0.852029795711699,26.0616016427105,56.9628805698931,33.5133609332575,125.869654611925,0.840411358449399,266.93144655632,1,3.717472118959108e-05
20065,1651,2005,201,0.426695682019497,0.425879904173669,0.83229164336808,0.257920205279646,0.375156975114673,0.385119401781325,0.24,2.14294854081252,1.72162006573867,0.375156975114673,52.062970568104,59.4162507918142,37.3363903806284,129.017263382907,0.22139442799365,25.9258033321054,19,0.0007063197026022305
6475,1652,1970,65,0.568625362493602,0.707237372713205,0.756802090676501,0.467234235167511,0.458209033168921,0.5868997503658,0.384,2.09034048519824,1.50623301817753,0.458209033168921,17.0622861054073,56.1137463254522,32.190174896245,103.204388667903,0.305548970412759,63.3177378312338,16,0.0005947955390334573
24581,1653,2017,246,0.95363414385915,0.822725994092061,0.621515736216679,0.794633241362605,0.600170133431954,0.563187155531253,0.559,179.427528909991,7.99352417232993,0.600170133431954,64.062970568104,60.5485158947604,39.1007726137364,99.4365280311886,0.729750946597295,92.3447895328643,9,0.0003345724907063197
21454,1654,2008,215,0.495940016976136,0.639643451215892,0.351547635858878,0.38962224827999,0.19558415860869,0.277607744734634,0.176,1.0015872775954,0.574553311172953,0.19558415860869,55.0609171800137,59.6991233192443,37.77718402545,76.233997421784,0.261489713946856,51.5281167875534,35,0.0013011152416356876
14578,1655,1992,146,0.732921439732489,0.992663942354107,0.8051840250846,0.729619812735071,0.611200396706487,0.802341308931986,0.588,8.19937226183007,2.73616781396863,0.611200396706487,39.0609171800137,58.189436515316,35.4246743813061,118.46553481594,0.421425229059553,284.04011875471,2,7.434944237918216e-05
13689,1656,1990,137,0.626789389222562,0.0529285085655133,0.0456684534437954,0.0459185732021783,0.034485858488758,0.0098569182266171,0.012,0.566772938703279,0.552443433267645,0.034485858488758,37.0622861054073,58.0008548303626,35.130811951425,59.644855230299,0.343219009677006,1.71304196442158,37,0.00137546468401487
26562,1657,2024,266,0.833582189319406,0.970681847882691,0.740260643186048,0.815404826571069,0.632852623366211,0.726267434012958,0.62,19.9995928841012,3.3892680703094,0.632852623366211,71.0609171800137,61.2088101231726,40.129693669594,117.092721861704,0.51758120554576,199.732130299791,4,0.00014869888475836432
18609,1658,2002,187,0.987645037515671,0.902281672140728,0.703175645088777,0.892972151875531,0.698251778581818,0.653423375749094,0.647,44.0048703939707,26.9139304093291,0.698251778581818,49.0622861054073,59.1331199333088,36.8951941845329,105.276714127029,0.908818871628733,127.474092240142,4,0.00014869888475836432
18783,1659,2002,188,0.680690623660518,0.998435887258661,0.885635131737217,0.680097004378048,0.630641357480614,0.884895514333506,0.626,41.0489354690439,3.10966536148221,0.630641357480614,49.0622861054073,59.1331199333088,36.8951941845329,143.440439714907,0.381003787076926,378.902974092763,2,7.434944237918216e-05
146,1660,1953,2,0.842646396041271,0.67421271559727,0.735500929877162,0.607721946297918,0.631829691550587,0.545500255211964,0.511,9.22005203600351,3.72561822946579,0.631829691550587,0.0629705681040383,54.5097686790472,29.6907340371605,95.2816736328798,0.528135525757124,57.230619801105,16,0.0005947955390334573
23845,1661,2015,239,0.971589264616323,0.936232582801061,0.867958875605837,0.912507722304961,0.848596481228256,0.827426015533871,0.809,53.3405016727836,22.1034994000826,0.848596481228256,62.0616016427105,60.3596758787318,38.8065076325815,142.867609870131,0.799615987256601,152.942855003642,6,0.00022304832713754646
17137,1662,1998,172,0.986246166995793,0.234220896104855,0.374504398321733,0.233339498475344,0.37257034699805,0.143933358165067,0.137,11.1908507621629,16.9207863060234,0.37257034699805,45.0622861054073,58.7556982323268,36.3070667734969,75.9843799467215,0.895329601298334,11.1693404415608,10,0.0003717472118959108
19474,1663,2003,195,0.851556857819819,0.416025512042161,0.184978150995448,0.389847441232798,0.178051821821823,0.111153300846382,0.1,1.5811271222104,1.41325963856136,0.178051821821823,50.0616016427105,59.2274107757855,37.0421253994735,66.8412817118816,0.538963983283633,25.0222707599992,21,0.0007806691449814126
14736,1664,1992,148,0.830955366893294,0.830252070062493,0.766691284719855,0.719153951116293,0.652830502634687,0.671752025659714,0.595,9.59796166857129,3.62424869409606,0.652830502634687,39.0609171800137,58.189436515316,35.4246743813061,111.587056954082,0.514602485383064,94.8830188763809,16,0.0005947955390334573
18110,1665,2000,182,0.923949809883857,0.837646137768829,0.135224474593997,0.788813943312471,0.134620387053759,0.108491154349276,0.104,6.42982151861789,2.65089902820073,0.134620387053759,47.0609171800137,58.9442799172801,36.600929203378,64.2804152988843,0.653662750562254,97.4926119476812,12,0.0004460966542750929
3983,1666,1961,40,0.592452436862348,0.529515013077026,0.646478017326444,0.389985371055737,0.455966181859273,0.409762919518641,0.298,1.05669705307877,0.921507265862025,0.455966181859273,8.06297056810404,55.2646120810114,30.8669888592325,88.1736672492428,0.320662036745093,36.6901077188371,33,0.0012267657992565055
