Original_Row,Cluster_ID,Year,Time,U_RF,U_RD,U_NTR,C12,C13,C23,C123,ReturnPeriod_Trivariate,ReturnPeriod_Bivariate,Density,t,mu_sim,sigma_sim,Sim_NTR,Sim_RF,Sim_RD,Weight,Probability
10262,0,1979,103,0.354093781052585,0.901542734006227,0.997494853567332,0.352876122216086,0.353670583295197,0.900419320855826,0.339,13.4819423199573,96.0638474784269,0.353670583295197,25.9767282683094,0.406382881911394,0.0980018709821147,1.27031230416859,24.4767427193895,87.4603458477247,1,3.649635036496351e-05
14034,1,1992,141,0.53886124831683,0.542528137604966,0.448332773987204,0.402587351388411,0.287783163800991,0.297717666956936,0.255,0.983448453186494,0.665360029321034,0.287783163800991,38.9760438056126,0.411160595370368,0.101449399380959,0.473741567868876,38.600899281095,20.3087858288666,48,0.0017518248175182481
5913,2,1968,60,0.81300914405637,0.766512108844627,0.937416629865766,0.699563665023695,0.782135054001701,0.735592610345012,0.669,6.37888403556743,6.30730182136465,0.782135054001701,14.9760438056126,0.402339736865446,0.0950843964440866,0.715726493056877,73.1259183327844,43.6699777635234,15,0.0005474452554744526
6015,3,1968,61,0.939299142727565,0.978961467629255,0.941149584716186,0.936060882989432,0.900065263795622,0.928995425955309,0.888,11.2921763488004,10.1954797938079,0.900065263795622,14.9760438056126,0.402339736865446,0.0950843964440866,0.723950665747239,113.56370640113,218.547584928566,5,0.0001824817518248175
17311,4,1999,174,0.948141139494814,0.861982109203195,0.341320898151025,0.845179487960062,0.332902289524473,0.30894307730509,0.323,15.8973565672502,4.60402486980912,0.332902289524473,45.9767282683094,0.413733597332162,0.103306040096175,0.45798047210995,119.103216574634,68.2425713329836,13,0.00047445255474452553
3692,5,1962,37,0.935354463620853,0.99675919993317,0.974171632435173,0.935315860688604,0.919638248117421,0.972673798027421,0.93,,19.7781835939291,0.919638248117421,8.97741273100616,0.400135025368266,0.093493508760458,0.830687418343046,111.34195706716,511.701490476515,2,7.299270072992701e-05
3445,6,1962,35,0.0206236487376171,0.102509191701652,0.303960856283084,0.0103730071698368,0.010047453606849,0.0477651530519857,0.008,0.315909893328195,0.291773611414774,0.010047453606849,8.97741273100616,0.400135025368266,0.093493508760458,0.43477043120964,2.53378120248346,3.72768426076739,126,0.004598540145985402
25485,7,2020,255,0.304710888342847,0.27952224443589,0.803462599636987,0.16013850604202,0.267772948941274,0.242929293785934,0.175,1.84936862320352,1.25313706446866,0.267772948941274,66.9760438056126,0.421451596959443,0.108875236140644,0.617333968895035,21.1851956487974,8.6583132042528,43,0.0015693430656934307
118,8,1953,2,0.998279097686699,0.999427301302743,0.998831811361015,0.998188537859611,0.997318274528417,0.9984257446509,0.996,143.436350266336,964.480680787847,0.997318274528417,-0.0219028062970568,0.396827454993445,0.0911068141844255,1.35094931020294,235.608760845028,983.673953433665,1,3.649635036496351e-05
917,9,1955,10,0.712015498527219,0.973781574109347,0.678451562998816,0.711561324679815,0.520438996638344,0.668144689999599,0.527,22.4810650022577,1.53879373902666,0.520438996638344,1.97672826830938,0.397562023406472,0.0916368680452419,0.509054594011527,56.9809842070075,194.804009076824,6,0.00021897810218978101
2039,10,1958,21,0.992870982247248,0.908411041582808,0.985085355117917,0.906253462738434,0.979981298574303,0.899732832219074,0.893,30.3020451016419,98.7673240837571,0.979981298574303,4.97741273100616,0.398664882284112,0.0924326749376458,0.906244222035453,187.552461281933,91.9571712233812,3,0.00010948905109489051
16196,11,1996,162,0.808646750919602,0.617648575041363,0.465149439172819,0.569411236891838,0.414866512315566,0.354136836295418,0.355,2.17462640676559,1.41773263751138,0.414866512315566,42.9760438056126,0.412630738454522,0.102510233203772,0.479284266609125,72.2756450555625,25.7526741012038,25,0.0009124087591240876
16381,12,1997,164,0.796689716963772,0.910181637676481,0.334892590995878,0.781407311416331,0.295359298390821,0.322518022914419,0.27,2.28517401611298,1.22117276348446,0.295359298390821,43.9780971937029,0.412999028919135,0.102775986235359,0.455969297564596,70.0352384920453,93.1952298417596,9,0.0003284671532846715
21057,13,2008,211,0.204234983947225,0.115779628698411,0.573043094016612,0.0581014863558875,0.13598697417178,0.0802610786222615,0.047,0.598279648388865,0.55755517109913,0.13598697417178,54.9760438056126,0.417041167706983,0.105692734672208,0.511817010547567,14.8092611472833,4.06907068964399,70,0.0025547445255474453
7156,14,1972,72,0.991148259300179,0.883220254170002,0.583823606139049,0.880616193487139,0.58230158720907,0.55124483319347,0.544,16.7077478435175,27.2861653252504,0.58230158720907,18.9760438056126,0.4038098799496,0.0961452302668987,0.492755765579506,180.178740149511,77.3906618428004,11,0.0004014598540145985
9940,15,1978,100,0.93227951700748,0.800236873457051,0.916045057354495,0.780127323181713,0.863496078289347,0.752169154374686,0.729,10.9702602665112,13.1826087220769,0.863496078289347,24.9774127310062,0.40601559770488,0.0977368440517065,0.688624475323475,109.699703184775,50.3301133100592,6,0.00021897810218978101
1354,16,1957,14,0.328981780111426,0.577723940400273,0.987897959304973,0.286645973254219,0.327547313395784,0.575126572454005,0.271,8.43306156429686,18.7484052500141,0.327547313395784,3.97809719370294,0.398297598077599,0.0921676480072376,0.936965934213502,22.7856097224379,22.6731301047238,6,0.00021897810218978101
1209,17,1956,13,0.844220676008143,0.997873932797893,0.590875437948853,0.84421692759468,0.533651084373966,0.590551809807544,0.566,,2.02932433700534,0.533651084373966,2.97604380561259,0.397929307612985,0.0919018949756502,0.484698808883618,79.8205771042163,605.516563517413,1,3.649635036496351e-05
10742,18,1980,108,0.740630671490323,0.846413930898284,0.805024045053869,0.706258543029049,0.625414497231021,0.704490946568288,0.611,6.04314697208768,2.50752946256571,0.625414497231021,26.9760438056126,0.406750166117907,0.098266897912523,0.584502516071181,60.9416901033017,62.7440831560165,22,0.000802919708029197
5054,19,1965,51,0.319813851395135,0.337386967375241,0.0675569216255099,0.193187903859868,0.0321230066444863,0.0328831899668566,0.023,0.391821617038579,0.31019667644406,0.0321230066444863,11.9780971937029,0.401237884245906,0.0942893156528619,0.407861307419479,22.1774096937952,10.6084197331149,64,0.0023357664233576644
12014,20,1985,121,0.892306937493914,0.991840537777313,0.774950054008514,0.892150029310775,0.710969703774087,0.771622002697987,0.706,20.7378388191433,4.57532808207073,0.710969703774087,31.9780971937029,0.408588599666674,0.0995934847669225,0.571460451484983,93.1761679946046,344.520789824529,4,0.00014598540145985403
25655,21,2020,257,0.997912401336983,0.993052332984958,0.998579995939508,0.992304032136263,0.996850263219084,0.992141992253545,0.991,266.114090535203,558.868492908179,0.996850263219084,66.9760438056126,0.421451596959443,0.108875236140644,1.51388279656834,229.109594006576,370.191238590634,1,3.649635036496351e-05
3218,22,1961,33,0.846315197606872,0.952746822756411,0.975165526615456,0.840856571539438,0.835136426524214,0.938861358286392,0.804,5.46048109111813,14.6458963133938,0.835136426524214,7.97809719370294,0.399767741161752,0.0932284818300497,0.834822035311235,80.3142726254209,140.059632152133,6,0.00021897810218978101
2011,23,1958,21,0.607028095062788,0.171273602722032,0.920770924538374,0.143227531276295,0.577014486758054,0.163932400309639,0.158,7.37958472739393,4.06376311256841,0.577014486758054,4.97741273100616,0.398664882284112,0.0924326749376458,0.673202036381695,44.9714565332861,5.52002378716776,20,0.00072992700729927
20686,24,2007,207,0.614601858375786,0.82580054046829,0.210938490228727,0.59223209783103,0.149779146426657,0.191728322221412,0.147,1.4771193030184,0.61682932870269,0.149779146426657,53.9767282683094,0.416673883500469,0.1054277077418,0.442014436127234,45.736320544834,56.6043702784957,25,0.0009124087591240876
11397,25,1983,114,0.627746324228011,0.999490062603401,0.164081727387384,0.627746298667473,0.122284104983217,0.164067389496435,0.112,18.553428291301,0.605224198381942,0.122284104983217,29.9767282683094,0.407853024995547,0.0990627048049269,0.425802531560146,47.0953006049866,1024.35176900006,1,3.649635036496351e-05
6267,26,1969,63,0.977111571969542,0.993125987708828,0.996223490219563,0.976180631511197,0.975437903418697,0.990610065618982,0.97,34.6767652516889,95.1094153878662,0.975437903418697,15.9780971937029,0.40270802733006,0.095350149475674,1.16412851473214,147.578207757464,371.941156236685,1,3.649635036496351e-05
2992,27,1961,30,0.925613094750573,0.92115333012179,0.838093042606488,0.888267574039284,0.800293561358858,0.798583726260102,0.783,10.3705425017298,5.46635915089772,0.800293561358858,7.97809719370294,0.399767741161752,0.0932284818300497,0.589788568811325,106.374924522744,101.725987627851,9,0.0003284671532846715
6894,28,1971,69,0.987413486449483,0.977359448353728,0.994986347388476,0.972397958779114,0.984266483134223,0.974653349311134,0.97,128.327777249284,107.143854177849,0.984266483134223,17.9767282683094,0.403442595743086,0.0958802033364905,1.11643514944907,168.147195639501,210.419224851881,2,7.299270072992701e-05
27160,29,2024,272,0.51962447574929,0.796776804786042,0.727863482898101,0.500304380420156,0.411319265272858,0.604003271551483,0.385,2.31582922813092,1.22076789912454,0.411319265272858,70.9760438056126,0.422921740043597,0.109936069963456,0.577952047642111,36.9458959725803,49.5719178090334,16,0.0005839416058394161
16687,30,1998,167,0.942101324029182,0.831773036588605,0.983267858391628,0.813894276574231,0.932904053151558,0.824881606917976,0.806,23.4254643413529,26.5432556372676,0.932904053151558,44.9774127310062,0.413366313125648,0.103041013165767,0.959570266186799,115.229077690563,58.2691065530155,5,0.0001824817518248175
14933,31,1994,150,0.200888348881318,0.591103791709496,0.925359866581857,0.185124233857042,0.192146767083519,0.564609125805129,0.194,6.5513370229576,3.03496806959041,0.192146767083519,40.9774127310062,0.411896170041495,0.101980179342955,0.723104932347935,14.6010873169654,23.6534361368856,16,0.0005839416058394161
24614,32,2017,247,0.890154443168541,0.999943370959686,0.910261833341792,0.890154441808836,0.827783872137971,0.910243054720258,0.83,,7.30791271258135,0.827783872137971,63.9780971937029,0.420349744339903,0.10808015534942,0.72317237452792,92.465380432057,2082.91618825899,1,3.649635036496351e-05
5979,33,1968,60,0.615149096653231,0.520222909594323,0.0437951439525932,0.421056451801997,0.0341289370667188,0.0291936583547369,0.032,0.732032543893722,0.533070783234481,0.0341289370667188,14.9760438056126,0.402339736865446,0.0950843964440866,0.406609536612911,45.7920883066345,18.9509837529833,38,0.001386861313868613
2786,34,1960,28,0.921509743906061,0.833605019351154,0.830463047837839,0.807830008235949,0.793598796571527,0.723366624174527,0.713,7.6284581178353,4.80468881960201,0.793598796571527,6.97604380561259,0.399399450697139,0.0929627287984623,0.583550794299008,104.469398236631,58.7972519397833,15,0.0005474452554744526
22187,35,2010,222,0.968562653380031,0.999662514337486,0.99991870764643,0.968562112509777,0.968545836959803,0.999620843065551,0.971,,3101.93260699945,0.968545836959803,56.9774127310062,0.417776742378109,0.106223514634204,2.29084623858755,136.583039864289,1179.85374922225,1,3.649635036496351e-05
15047,36,1994,151,0.59460373279101,0.517150106635869,0.717170578194782,0.410720060950718,0.457010939498558,0.401917522733121,0.345,2.08933788232788,1.37706308696377,0.457010939498558,40.9774127310062,0.411896170041495,0.101980179342955,0.551113098452341,43.7438467160882,18.7715673658924,39,0.0014233576642335767
9482,37,1977,95,0.541234791271788,0.117678074569976,0.963740981649607,0.0944120510575746,0.532390878332612,0.11611678058442,0.1,9.86881264813932,7.29524825821657,0.532390878332612,23.9780971937029,0.405648313498367,0.0974718171212983,0.80397680572046,38.809001333974,4.11794203013088,7,0.00025547445255474455
23798,38,2015,238,0.995291009894732,0.849623090244645,0.999636804219335,0.848306324307824,0.995126486576924,0.849537359672108,0.848,477.023907209466,1006.68203898645,0.995126486576924,61.9767282683094,0.419614169668776,0.107549375387424,1.85303767178657,201.634907585884,63.8091621408047,1,3.649635036496351e-05
7900,39,1973,80,0.13548173753427,0.147469436923631,0.265907293651253,0.0555717143334525,0.0497004477017194,0.0568228870446232,0.036,0.346478387879878,0.308493719075212,0.0497004477017194,19.9780971937029,0.404178170414213,0.0964109832984861,0.434548432277271,10.5275398962297,4.89019726797025,135,0.004927007299270073
7581,40,1972,76,0.930201323525447,0.972025280345759,0.199069079710171,0.925118887418015,0.19312561890469,0.197645568865957,0.196,10.7559313702757,3.1320855767913,0.19312561890469,18.9760438056126,0.4038098799496,0.0961452302668987,0.425443161063134,108.630341964006,188.166587589041,6,0.00021897810218978101
4968,41,1965,50,0.881785129170935,0.792703386569966,0.13446518080309,0.753817014945442,0.127540860223361,0.120373359771197,0.108,2.35911544241555,1.7970977729189,0.127540860223361,11.9780971937029,0.401237884245906,0.0942893156528619,0.414974341242767,89.8233252972383,48.70350578577,25,0.0009124087591240876
3321,42,1961,34,0.971972537908489,0.998580657697825,0.961144092259929,0.971954310373071,0.941990264714825,0.960732038178886,0.939,50.2597751802082,22.5386789318438,0.941990264714825,7.97809719370294,0.399767741161752,0.0932284818300497,0.771139777781538,140.567825890603,707.227141683476,1,3.649635036496351e-05
24514,43,2017,246,0.970186905239354,0.893261692972524,0.932387788314372,0.88368562912784,0.913528431735761,0.842862054120885,0.821,8.60595253337057,18.2586069409646,0.913528431735761,63.9780971937029,0.420349744339903,0.10808015534942,0.764919674300239,138.425257441777,82.6017406312224,8,0.00029197080291970805
26014,44,2021,261,0.445603486926307,0.936949458684077,0.250660745659843,0.444879090746796,0.138258493190227,0.242939841777391,0.158,5.73662010649427,0.452494563451251,0.138258493190227,67.9780971937029,0.421819887424057,0.109140989172232,0.453873548469471,31.0316477219739,117.490480378269,11,0.0004014598540145985
18012,45,2001,181,0.416797033060402,0.408660181842873,0.519521346548572,0.26925676951379,0.252056333542468,0.241820020315486,0.18,0.839790757681429,0.633436675915519,0.252056333542468,47.9780971937029,0.414469172003289,0.103836820058171,0.494076658529948,28.8918296844656,13.3876077716007,63,0.002299270072992701
16300,46,1997,164,0.983529076117567,0.990811717598456,0.976434467593208,0.980942993096351,0.965032989677223,0.97114274175064,0.962,46.0462055509238,39.4520429497973,0.965032989677223,43.9780971937029,0.412999028919135,0.102775986235359,0.90108589835173,158.917579062283,326.414457936845,3,0.00010948905109489051
14443,47,1993,145,0.984354562901017,0.999856528643253,0.939331801375374,0.984354371612702,0.929557300715916,0.939307124129773,0.936,,34.0661156972433,0.929557300715916,39.9780971937029,0.411528885834981,0.101715152412547,0.751207579883152,160.684565047722,1561.66554227667,1,3.649635036496351e-05
6186,48,1969,62,0.995521091090385,0.748411847123053,0.860028338851407,0.747311525695999,0.858624520535411,0.675430438937916,0.684,,65.0387342782652,0.858624520535411,15.9780971937029,0.40270802733006,0.095350149475674,0.614532344273472,203.332254164358,40.6590994213295,4,0.00014598540145985403
2627,49,1960,27,0.970317775682575,0.698574788887835,0.99717749026604,0.691594541788441,0.969013254629824,0.697950704298117,0.668,8.16711689180299,131.753288068417,0.969013254629824,6.97604380561259,0.399399450697139,0.0929627287984623,1.19608747333288,138.577951889026,33.823939358757,1,3.649635036496351e-05
22615,50,2011,227,0.786691791051146,0.948927024415331,0.832766176899895,0.782858955899915,0.690400482865098,0.809823068576203,0.705,20.6238402847326,2.81918395819897,0.690400482865098,57.9767282683094,0.418144026584623,0.106488541564612,0.630898069670187,68.2547730333263,133.719025937753,7,0.00025547445255474455
24530,51,2017,246,0.514194018969197,0.612248324284064,0.18692279770039,0.427629358820996,0.120124031685822,0.127987218115624,0.113,0.802003508483165,0.477318749731436,0.120124031685822,63.9780971937029,0.420349744339903,0.10808015534942,0.442998687219685,36.4884521178742,25.3077472502237,48,0.0017518248175182481
10923,52,1981,110,0.976142223836349,0.687927406034855,0.377954865107313,0.682443500042988,0.374161470184263,0.292773823530215,0.306,147.677900260133,9.96791267080223,0.374161470184263,27.9780971937029,0.407118456582521,0.0985326509441104,0.455273881616594,146.144583600607,32.582076653483,7,0.00025547445255474455
1271,53,1956,13,0.898689643115769,0.658445970969206,0.560226225061342,0.633990497705632,0.529283399304583,0.412259360987328,0.434,8.27423500585532,2.84221993859209,0.529283399304583,2.97604380561259,0.397929307612985,0.0919018949756502,0.477329306855013,95.3671964313388,29.4561012221416,15,0.0005474452554744526
13323,54,1988,134,0.671771039800682,0.966559090404468,0.994188460288569,0.671153554762137,0.670254538130216,0.963683530253037,0.676,,46.5653617249569,0.670254538130216,34.9760438056126,0.409690452286214,0.100388565558147,1.12821780296715,51.9767739209872,170.701491170002,2,7.299270072992701e-05
8427,55,1975,85,0.786128351870509,0.265764908905525,0.791121885878965,0.244628602208488,0.651270639779086,0.230713277164782,0.211,2.75492064133975,2.7019577645632,0.651270639779086,21.9767282683094,0.40491273882724,0.0969410371593026,0.572154161718054,68.1567720811875,8.227096523673,17,0.0006204379562043796
2458,56,1960,25,0.782909923075093,0.995893618930152,0.796212129294872,0.782900005221192,0.657295798729209,0.795075755289142,0.651,21.607867479475,2.55840367533249,0.657295798729209,6.97604380561259,0.399399450697139,0.0929627287984623,0.562556781664919,67.6015579969808,464.086379972931,2,7.299270072992701e-05
1028,57,1956,11,0.973181921302095,0.96995974159601,0.819207000080496,0.957867102808957,0.807649783741163,0.804838479507227,0.786,9.08814006734047,13.1054192941902,0.807649783741163,2.97604380561259,0.397929307612985,0.0919018949756502,0.572675964094061,142.09651077808,181.055661276511,5,0.0001824817518248175
22514,58,2011,226,0.995155967589456,0.975035452707625,0.917957844212651,0.973399966404867,0.915909192109561,0.903616865032409,0.896,22.7874548172586,71.5466154879542,0.915909192109561,57.9767282683094,0.418144026584623,0.106488541564612,0.729381271890073,200.676549450637,199.926798569479,1,3.649635036496351e-05
15451,59,1995,155,0.67816253494327,0.713328309428183,0.610427833627909,0.586030510002255,0.451484415968627,0.465903114991984,0.419,2.4242611435494,1.22779194940142,0.451484415968627,41.9767282683094,0.412263454248008,0.102245206273363,0.514397644568826,52.7332745435231,35.6590946399555,32,0.0011678832116788322
26251,60,2022,263,0.839173100116324,0.818330651640413,0.670743587892503,0.755112156246946,0.591241897463441,0.577850838166689,0.529,2.98696701634878,2.45926203376846,0.591241897463441,68.9774127310062,0.42218717163057,0.10940601610264,0.552327918860941,78.6562539535393,54.6368148114204,13,0.00047445255474452553
14676,61,1993,147,0.222728141676065,0.185790361030377,0.729127669706941,0.0928766176107065,0.181875534902023,0.156487798128665,0.097,1.01732619314147,0.869490654715376,0.181875534902023,39.9780971937029,0.411528885834981,0.101715152412547,0.555521221580213,15.9622694071456,5.91213857013017,64,0.0023357664233576644
14971,62,1994,150,0.784033554903285,0.668767325049218,0.102388286264613,0.605162168615715,0.0876473874323074,0.0801128738605899,0.068,1.33570854644611,0.993909589079716,0.0876473874323074,40.9774127310062,0.411896170041495,0.101980179342955,0.42298455959111,67.79451862904,30.5021288037586,30,0.0010948905109489052
14827,63,1994,149,0.826723100750183,0.939933522168053,0.300061290850863,0.818861241548426,0.266988923602207,0.292849562844489,0.269,4.65313071589508,1.42648741196429,0.266988923602207,40.9774127310062,0.411896170041495,0.101980179342955,0.449080293809195,75.9262548395554,121.10420798542,12,0.00043795620437956203
14859,64,1994,149,0.999608328386219,0.69832253002399,0.23613868211396,0.698233043358322,0.236119720716214,0.192673154215642,0.201,,536.609922121398,0.236119720716214,40.9774127310062,0.411896170041495,0.101980179342955,0.439821718887901,285.155737303457,33.7937494047758,1,3.649635036496351e-05
26879,65,2023,269,0.975340157513901,0.822312292439904,0.703988921828568,0.815403546534149,0.695164787791925,0.606059777384779,0.585,6.66961465224315,12.6296844020812,0.695164787791925,69.9767282683094,0.422554455837084,0.109671043033048,0.566460725771705,145.001023525088,55.6704091398262,7,0.00025547445255474455
7285,66,1972,73,0.732516270575076,0.988162422412034,0.822419711621478,0.732435660139508,0.632585110343568,0.819399155372128,0.632,21.455725380938,2.57568893267337,0.632585110343568,18.9760438056126,0.4038098799496,0.0961452302668987,0.588750139053303,59.7794656150228,290.108079819257,2,7.299270072992701e-05
2757,67,1960,28,0.907471209077065,0.955945888005292,0.679559657350183,0.897935522307387,0.649164442624889,0.664408737548478,0.643,7.83332316133223,3.21887153837436,0.649164442624889,6.97604380561259,0.399399450697139,0.0929627287984623,0.512873677863519,98.6098525599382,145.946002006015,5,0.0001824817518248175
13548,68,1989,136,0.210338522237214,0.69934269740424,0.233391982736066,0.203008556653394,0.0632852794162372,0.190297944252233,0.061,0.792020934174912,0.322812458639868,0.0632852794162372,35.9780971937029,0.410058742750828,0.100654318589735,0.437247983583908,15.1892514813154,33.9160779267214,19,0.0006934306569343065
23654,69,2015,237,0.521221819081366,0.934657899014884,0.915483732707798,0.51999191955833,0.49489067846353,0.865894356651367,0.5,21.2460740208363,3.4373045386548,0.49489067846353,61.9767282683094,0.419614169668776,0.107549375387424,0.729627760312678,37.0812460207219,114.874841700683,3,0.00010948905109489051
1097,70,1956,11,0.999852757503075,0.999729037381183,0.99863171717152,0.999670135115573,0.998558651936499,0.99846722571516,1.0,,2696.24403579321,0.998558651936499,2.97604380561259,0.397929307612985,0.0919018949756502,1.32764452747174,317.704741446488,1269.8408816855,1,3.649635036496351e-05
7939,71,1973,80,0.877942428742428,0.988656018708708,0.967190621420741,0.877662559687138,0.85898437577423,0.960239408190938,0.855,24.6996681505026,14.4390512226705,0.85898437577423,19.9780971937029,0.404178170414213,0.0964109832984861,0.812692003499778,88.6698909373666,295.996510590754,1,3.649635036496351e-05
19344,72,2004,194,0.79910270612475,0.655989205780588,0.963727483525872,0.599951970529542,0.782728184277106,0.641664011573467,0.616,,10.0512641476848,0.782728184277106,50.9760438056126,0.415571024622829,0.104631900849396,0.843101615260777,70.4772206832255,29.2142050096004,7,0.00025547445255474455
26648,73,2023,267,0.200692902561195,0.201413169404068,0.79038846725598,0.0930319574069702,0.173236155482706,0.17925184931852,0.082,1.16941678323027,1.09796730988575,0.173236155482706,69.9767282683094,0.422554455837084,0.109671043033048,0.611292502732332,14.5889331841947,6.34230306862575,39,0.0014233576642335767
3394,74,1961,34,0.998287540694067,0.99834960266392,0.998822479741648,0.997516491162568,0.997461535923344,0.997565758188696,0.998,,568.964973204859,0.997461535923344,7.97809719370294,0.399767741161752,0.0932284818300497,1.3744225321459,235.774123786071,667.843970461722,1,3.649635036496351e-05
24771,75,2018,248,0.222726478959936,0.159678398076139,0.408803226193413,0.081404074093771,0.115464556489396,0.0756846347095437,0.039,0.452135610723408,0.413278769751425,0.115464556489396,64.9774127310062,0.420717028546417,0.108345182279828,0.479524824601643,15.9621654882897,5.21140483941926,87,0.003175182481751825
11732,76,1983,118,0.0880299217414884,0.486325967519107,0.999825439881533,0.0797249101061574,0.0880273911169544,0.486314076290505,0.095,,1162.59134075211,0.0880273911169544,29.9767282683094,0.407853024995547,0.0990627048049269,1.92722118095564,7.48464500258198,17.0645157791693,1,3.649635036496351e-05
12658,77,1986,127,0.989368851515448,0.995675631330272,0.97646227106452,0.988508105692838,0.969455052970402,0.974326022391435,0.968,71.8796897880999,55.1886980301605,0.969455052970402,32.9774127310062,0.408955883873188,0.0998585116973308,0.883373596891902,173.924320173775,454.141099951411,1,3.649635036496351e-05
15393,78,1995,154,0.748639976573409,0.602695179165662,0.99609875981696,0.536013625306137,0.747390215837555,0.601806434844769,0.572,,75.4295871356676,0.747390215837555,41.9767282683094,0.412263454248008,0.102245206273363,1.22220616861687,62.1221220094809,24.5435493403176,2,7.299270072992701e-05
21329,79,2009,214,0.742561125375986,0.988116930830536,0.230679222615436,0.742473588759383,0.189224801279436,0.229679594576566,0.198,98.9753187478425,0.925992574721576,0.189224801279436,55.9780971937029,0.417409458171596,0.105958487703795,0.445644976976611,61.2231039357672,289.581972059437,4,0.00014598540145985403
25068,80,2018,251,0.24587369041099,0.271707206245402,0.962199055589736,0.135906388201228,0.242290446227516,0.266420841383531,0.147,11.2121930390015,5.8449281709297,0.242290446227516,64.9774127310062,0.420717028546417,0.108345182279828,0.856741437438108,17.4147882966464,8.41197952351087,7,0.00025547445255474455
23645,81,2015,237,0.922819373503595,0.999258028288526,0.190283974865451,0.922818426392005,0.182939198329064,0.190238646280671,0.173,18.8060166398997,2.86385860721254,0.182939198329064,61.9767282683094,0.419614169668776,0.107549375387424,0.442608881195307,105.066858089531,897.481075615751,1,3.649635036496351e-05
21087,82,2008,211,0.92590427797376,0.772807792793011,0.292203235672787,0.751651322976565,0.279593398233661,0.248031264272584,0.236,3.81966016588115,3.25277909463332,0.279593398233661,54.9760438056126,0.417041167706983,0.105692734672208,0.454347464165178,106.513993225026,44.800466050135,8,0.00029197080291970805
14624,83,1993,147,0.997728349970702,0.99278072505318,0.992586334468797,0.991961865749012,0.99105095734964,0.987197032440345,0.985,94.5874217733032,271.638406418509,0.99105095734964,39.9780971937029,0.411528885834981,0.101715152412547,1.09389233514342,226.264006363571,363.944864191475,1,3.649635036496351e-05
18349,84,2002,184,0.32913974477179,0.847628893410088,0.227915538009256,0.326086794743788,0.101349386763352,0.210169839737902,0.098,1.48233964574151,0.367448404340058,0.101349386763352,48.9774127310062,0.414836456209802,0.104101846988579,0.44219189777259,22.7961301499033,63.143455557285,17,0.0006204379562043796
4774,85,1965,48,0.940863198633725,0.970931196679291,0.986766065470874,0.934068104372628,0.934451924974004,0.962853250748889,0.931,110.325391348645,29.3140761102287,0.934451924974004,11.9780971937029,0.401237884245906,0.0942893156528619,0.937957432485405,114.483775411261,184.313648855909,3,0.00010948905109489051
22295,86,2011,223,0.904424378804758,0.895997022233105,0.874805426690727,0.855049976194967,0.808661799739985,0.806149538219579,0.752,4.69103809535534,6.79532614536917,0.808661799739985,57.9767282683094,0.418144026584623,0.106488541564612,0.669908996935872,97.4523661668648,84.1450277637174,12,0.00043795620437956203
9479,87,1977,95,0.433200592676455,0.447352112551322,0.160887452308089,0.297535429793672,0.0916018735743055,0.0929205089062736,0.073,0.544043512116767,0.401998876226042,0.0916018735743055,23.9780971937029,0.405648313498367,0.0974718171212983,0.422929694949182,30.1006277889423,15.1199511680534,62,0.002262773722627737
19781,88,2005,198,0.393262851766193,0.857692176407834,0.639632999897003,0.389397793172537,0.287552453550305,0.589698132847616,0.28,2.08202444482197,0.785371353100287,0.287552453550305,51.9780971937029,0.415939315087442,0.104897653880983,0.529934724982718,27.198922807031,66.6402554156148,18,0.000656934306569343
15750,89,1996,158,0.674342168008202,0.559037846011382,0.240330734988675,0.473109406594784,0.187691591499911,0.167946447559707,0.154,0.994843246713466,0.732550585077538,0.187691591499911,42.9760438056126,0.412630738454522,0.102510233203772,0.441284552349914,52.2794953860431,21.3815416297937,54,0.001970802919708029
17249,90,1999,173,0.949596860611599,0.95327741309422,0.909135472262278,0.929206791995556,0.876535462364534,0.875272126222302,0.846,8.69390030979743,11.2339799643068,0.876535462364534,45.9767282683094,0.413733597332162,0.103306040096175,0.701453266751312,120.102754728948,140.996949221264,9,0.0003284671532846715
15019,91,1994,151,0.94624257983225,0.999790540137057,0.908366235205904,0.946242496582162,0.86995267867807,0.908302491998536,0.858,16.531231680807,13.0345266807316,0.86995267867807,40.9774127310062,0.411896170041495,0.101980179342955,0.694772635990907,117.839976593416,1382.22208413947,1,3.649635036496351e-05
15475,92,1995,155,0.915767639498999,0.749593598264771,0.951391278998926,0.726122087265861,0.882528528949353,0.724873150703338,0.703,14.5230097294367,13.0126915468715,0.882528528949353,41.9767282683094,0.412263454248008,0.102245206273363,0.786014665153838,101.958946670747,40.8456654252125,8,0.00029197080291970805
6643,93,1970,67,0.999713427940766,0.999868473208483,0.999974571634084,0.999682977652994,0.999705164755071,0.999857639252996,1.0,,11651.4943290093,0.999705164755071,16.9774127310062,0.403075311536573,0.0956151764060822,2.46461509794991,295.565226544702,1605.40844348371,1,3.649635036496351e-05
1694,94,1958,17,0.743847030243472,0.218313836600445,0.911404884420335,0.19706543394399,0.698807012573946,0.208126189087525,0.225,36.8128580398806,4.59188498238789,0.698807012573946,4.97741273100616,0.398664882284112,0.0924326749376458,0.659236107518705,61.4116373449026,6.81848335862503,19,0.0006934306569343065
12122,95,1985,122,0.0453937649749868,0.232686136393209,0.736278376774862,0.0320511837073373,0.0387094623317553,0.190717734431261,0.028,0.912741450354308,0.778097124367857,0.0387094623317553,31.9780971937029,0.408588599666674,0.0995934847669225,0.552706041532241,4.52588358324749,7.23328542770707,59,0.002153284671532847
18463,96,2002,185,0.558541975707554,0.888676755050026,0.969828661065549,0.552999571403626,0.551041549422748,0.872448605914905,0.558,138.66404916308,8.82187687327759,0.551041549422748,48.9774127310062,0.414836456209802,0.104101846988579,0.869231738492101,40.3539664411729,80.1384196298111,7,0.00025547445255474455
19874,97,2005,199,0.60752317460702,0.936044274285484,0.698187824571505,0.605581351522682,0.46862511649976,0.682143693799461,0.473,4.80828313034874,1.22764069368917,0.46862511649976,51.9780971937029,0.415939315087442,0.104897653880983,0.551223934132269,45.0210627560941,116.441527176096,10,0.000364963503649635
768,98,1955,8,0.882829274066278,0.986573475432354,0.651692938990891,0.882386564755167,0.60197130126608,0.647316747913715,0.612,,2.96519946097031,0.60197130126608,1.97672826830938,0.397562023406472,0.0916368680452419,0.500685592679705,90.1429543468471,273.18763587281,4,0.00014598540145985403
20462,99,2006,205,0.970117103976862,0.907510193530113,0.65225061844103,0.897580662195105,0.643310741861261,0.622211482922081,0.602,6.40513004175482,9.54972135421161,0.643310741861261,52.9774127310062,0.416306599293956,0.105162680811391,0.534843055519038,138.344084931175,91.3403043068026,5,0.0001824817518248175
23289,100,2013,233,0.924656856808918,0.944436117214181,0.998980647185817,0.905192197028843,0.924362497120802,0.944084106018015,0.887,10.7728560249505,275.864684517695,0.924362497120802,59.9780971937029,0.41887960125575,0.107019321526608,1.5730979519782,105.921913039121,127.062091161015,1,3.649635036496351e-05
22852,101,2012,229,0.364225686997625,0.827418556836421,0.890767712146044,0.358991180200005,0.345341398919873,0.762604320239616,0.326,3.41734632195104,2.21366273183035,0.345341398919873,58.9760438056126,0.418511310791136,0.10675356849502,0.689809330044062,25.170421026261,57.04698741928,12,0.00043795620437956203
16775,102,1998,168,0.962768635553483,0.996947663519937,0.993333671009168,0.962695110225435,0.95936923479113,0.991299313573936,0.965,,61.2195879470292,0.95936923479113,44.9774127310062,0.413366313125648,0.103041013165767,1.12464145325473,130.696277236373,524.314187848832,1,3.649635036496351e-05
14397,103,1993,144,0.997701034830279,0.910102135910981,0.999978345120326,0.909414711304594,0.997695723862153,0.910100852263145,0.905,45.149054960517,12236.9727350456,0.997695723862153,39.9780971937029,0.411528885834981,0.101715152412547,2.66438485996979,225.86131421567,93.1388947154385,1,3.649635036496351e-05
24437,104,2016,245,0.882989217603013,0.908350477985035,0.715335063170642,0.850386363089647,0.658280712230821,0.666475509841797,0.633,5.63891335556545,3.3357555668216,0.658280712230821,62.9760438056126,0.41998145387529,0.107814402317832,0.566349905604439,90.1921568503652,91.9154282730626,19,0.0006934306569343065
18614,105,2002,187,0.883909853852216,0.614213909408233,0.792320676147938,0.587961598891449,0.727314896177107,0.525858601589736,0.494,3.52791817385977,3.9150921302852,0.727314896177107,48.9774127310062,0.414836456209802,0.104101846988579,0.595156856427253,90.4766283396279,25.4685834859815,17,0.0006204379562043796
3172,106,1961,32,0.987932314684869,0.823880244012721,0.862440192839131,0.820573127475186,0.858729145920425,0.748124023965721,0.754,,23.9330685991578,0.858729145920425,7.97809719370294,0.399767741161752,0.0932284818300497,0.608939403741254,169.588690064742,56.0868498768231,3,0.00010948905109489051
4286,107,1964,43,0.927509119309512,0.944982473051691,0.977272544056177,0.907660661910018,0.915037247942607,0.929871125457275,0.864,5.15398843207798,19.5015699495217,0.915037247942607,10.9760438056126,0.400869593781293,0.0940235626212744,0.852775337833086,107.290110499149,127.831080642969,6,0.00021897810218978101
11237,108,1982,113,0.811604778842742,0.99063602751577,0.98969778418541,0.811516936775969,0.807996824919799,0.982506714531429,0.802,24.7466999457693,29.876333378823,0.807996824919799,28.9774127310062,0.407485740789034,0.0987976778745186,1.01239452952778,72.8501743731242,323.592028840662,3,0.00010948905109489051
13884,109,1991,139,0.495340419018749,0.979015328566716,0.0172847157809883,0.495269686154751,0.011658317346229,0.0171747301877759,0.016,12.1489925802669,0.400774952437892,0.011658317346229,37.9767282683094,0.410793311163855,0.101184372450551,0.412559418935408,34.9314463161153,218.835412828912,2,7.299270072992701e-05
4737,110,1965,48,0.264952138381226,0.328440576370934,0.355556908296421,0.166089258313836,0.129785629235552,0.1550484524076,0.117,0.519515985678535,0.392713913911916,0.129785629235552,11.9780971937029,0.401237884245906,0.0942893156528619,0.443793312206601,18.6231818240331,10.291083301389,95,0.003467153284671533
915,111,1955,10,0.748447101235254,0.592546643933518,0.782302878564224,0.527409495378582,0.618438143663429,0.49224140649328,0.47,4.46504100364927,2.28080953217702,0.618438143663429,1.97672826830938,0.397562023406472,0.0916368680452419,0.551079080503829,62.0932908792863,23.7621052293019,23,0.0008394160583941605
7458,112,1972,75,0.799880205904712,0.363738392860356,0.284234847174957,0.336429991121439,0.246635932904954,0.142778056713329,0.133,1.37940038828257,1.2306111080312,0.246635932904954,18.9760438056126,0.4038098799496,0.0961452302668987,0.436624368992628,70.6206942771258,11.5812412867196,36,0.001313868613138686
8858,113,1976,89,0.0329012076713836,0.143604325412094,0.536558576393872,0.0186695856875261,0.0223607907797176,0.0925403106762209,0.012,0.489588199883201,0.441597605293232,0.0223607907797176,22.9760438056126,0.405280023033753,0.0972060640897108,0.483649279775682,3.56543649623053,4.78920086969782,82,0.0029927007299270073
17416,114,2000,175,0.987237767308946,0.81174764588721,0.940007872413844,0.808301886664108,0.933103947377423,0.775403301994979,0.787,,34.1395522035853,0.933103947377423,46.9760438056126,0.414100881538675,0.103571067026584,0.761610909100905,167.672253209088,52.9992457233669,6,0.00021897810218978101
7970,115,1973,80,0.35482399426876,0.255460320281763,0.732494251104072,0.16225666628696,0.28789066188005,0.213061491383676,0.165,1.28675077719235,0.997146085602464,0.28789066188005,19.9780971937029,0.404178170414213,0.0964109832984861,0.542076283723222,24.5265079505728,7.91125548619276,51,0.0018613138686131387
22668,116,2011,227,0.759223774582489,0.800328223266005,0.986334087559953,0.693419518361846,0.755153992564073,0.796483584757706,0.716,,20.8417342420839,0.755153992564073,57.9767282683094,0.418144026584623,0.106488541564612,1.01852604040563,63.7363746160769,50.3503941141644,4,0.00014598540145985403
8134,117,1974,82,0.94727347571198,0.985717014209696,0.130992135731503,0.945644997303648,0.127170824850502,0.130220941417296,0.135,49.3323128201723,4.08954354897671,0.127170824850502,20.9774127310062,0.404545454620727,0.0966760102288944,0.418235700922131,118.520398188867,265.145010033648,3,0.00010948905109489051
11337,118,1983,114,0.477205499030113,0.280881365033628,0.875100138131529,0.207867568349833,0.440974517377103,0.261433838460728,0.192,2.35048224042465,2.25558278748994,0.440974517377103,29.9767282683094,0.407853024995547,0.0990627048049269,0.642362193378283,33.4765734136763,8.70153167417533,33,0.0012043795620437956
11078,119,1981,111,0.800821152754951,0.97551903392008,0.940311465179548,0.800056714678657,0.772909624428862,0.925516106530273,0.756,7.74269663094801,6.29385905294376,0.772909624428862,27.9780971937029,0.407118456582521,0.0985326509441104,0.738427428446261,70.7950299505699,201.997399140619,2,7.299270072992701e-05
19576,120,2005,196,0.708238769211355,0.692501952299026,0.866322580724955,0.588874340226597,0.639249030972243,0.629020038236351,0.585,39.369247957141,3.09177878688989,0.639249030972243,51.9780971937029,0.415939315087442,0.104897653880983,0.65512231045051,56.4853421373459,33.107625349285,18,0.000656934306569343
27249,121,2024,273,0.998424783470893,0.840275439971972,0.92389092897065,0.839841822130148,0.923237491683625,0.791631485407497,0.789,64.1098215037675,216.971690041761,0.923237491683625,70.9760438056126,0.422921740043597,0.109936069963456,0.755474347428705,238.582032274256,60.794761582294,4,0.00014598540145985403
5344,122,1966,54,0.773197183452719,0.876448034129029,0.918867090251297,0.746963187788339,0.735443736622176,0.822540937106272,0.689,4.21624676995278,4.61047662985872,0.735443736622176,12.9774127310062,0.401605168452419,0.0945543425832701,0.679391541772459,65.971347080009,74.2275224307731,11,0.0004014598540145985
11587,123,1983,116,0.999483967145364,0.999293752465436,0.99929160089232,0.999070452409357,0.9988954277739,0.998744112486496,0.998,312.172137977046,1668.6170545303,0.9988954277739,29.9767282683094,0.407853024995547,0.0990627048049269,1.5615023204836,275.955778639434,913.43184286893,1,3.649635036496351e-05
22803,124,2012,229,0.959176961725555,0.580460928208393,0.670518004801124,0.572470414675037,0.658062940396763,0.433903597451578,0.423,6.39364568019089,7.05020389950787,0.658062940396763,58.9760438056126,0.418511310791136,0.10675356849502,0.545413219757123,127.482810935519,22.8697339465345,8,0.00029197080291970805
18723,125,2002,188,0.965353475326972,0.991323318106121,0.684614607132971,0.964435775794707,0.672201422345808,0.682356145041288,0.659,10.6940762309731,8.9954995977526,0.672201422345808,48.9774127310062,0.414836456209802,0.104101846988579,0.543810607686464,133.202746028951,335.060633386391,4,0.00014598540145985403
19490,126,2004,195,0.53341502404253,0.630190568584653,0.926743632182479,0.448729053709793,0.509129848285471,0.605169786187392,0.428,4.4763295013271,4.08403372646247,0.509129848285471,50.9760438056126,0.415571024622829,0.104631900849396,0.737560193227527,38.1267051694102,26.8242725844669,13,0.00047445255474452553
23845,127,2015,239,0.977857985599252,0.919748955043154,0.867958875605837,0.912445823034419,0.856110822692466,0.813738865569283,0.808,22.9103077372138,19.4288661605392,0.856110822692466,61.9767282683094,0.419614169668776,0.107549375387424,0.666536949551123,148.72342429443,100.542342882199,7,0.00025547445255474455
19849,128,2005,199,0.460873743421252,0.955762233634661,0.985296396072954,0.460534680936588,0.458573904383446,0.949578257990124,0.456,18.5969179911727,16.1241366460833,0.458573904383446,51.9780971937029,0.415939315087442,0.104897653880983,0.994464233914431,32.1994530654408,145.592155858573,1,3.649635036496351e-05
24562,129,2017,246,0.572540773726658,0.565587741549177,0.818084149388596,0.433523397937528,0.502169740760237,0.482965319237231,0.389,2.72309673698024,1.79300127269513,0.502169740760237,63.9780971937029,0.420349744339903,0.10808015534942,0.62503479387112,41.6410447633965,21.8244989615931,23,0.0008394160583941605
17195,130,1999,172,0.9753488284072,0.898673606937965,0.16590871126391,0.890828830922212,0.164048454161855,0.155123146057264,0.17,2886.64718494449,8.77542672020544,0.164048454161855,45.9767282683094,0.413733597332162,0.103306040096175,0.432683016319704,145.013189526195,85.7126411159133,10,0.000364963503649635
21268,131,2009,213,0.996030231182458,0.998483210054283,0.991581998998299,0.99574759594847,0.988898749040647,0.99070506939621,0.986,61.4255490887233,155.458272890919,0.988898749040647,55.9780971937029,0.417409458171596,0.105958487703795,1.10397491365011,207.417883889108,689.674155316949,2,7.299270072992701e-05
19548,132,2005,196,0.616226666057422,0.48398691855268,0.997463628882542,0.394604936492416,0.615692050170377,0.483663054222989,0.46,,99.9123154326644,0.615692050170377,51.9780971937029,0.415939315087442,0.104897653880983,1.33796664284803,45.9021023034105,16.9414476374944,3,0.00010948905109489051
6007,133,1968,61,0.916594645133342,0.932045013149745,0.16338501079008,0.890725245877772,0.158961709511955,0.159205822091311,0.149,4.17814713495358,2.53222081362841,0.158961709511955,14.9760438056126,0.402339736865446,0.0950843964440866,0.41948744006192,102.310107131733,112.045765053268,10,0.000364963503649635
761,134,1955,8,0.977107300867257,0.920133158153884,0.998694560490549,0.912545227823007,0.97651520081971,0.919596672147407,0.901,17.0618165195585,280.371422977244,0.97651520081971,1.97672826830938,0.397562023406472,0.0916368680452419,1.33423679205885,147.571760935012,100.86322110639,1,3.649635036496351e-05
22908,135,2012,230,0.510060687696314,0.189096367515849,0.117620893288404,0.146718136500005,0.0734476268159684,0.0337669257186019,0.037,0.499806649130532,0.44866584584083,0.0734476268159684,58.9760438056126,0.418511310791136,0.10675356849502,0.431971995735959,36.1430254999684,6.00242334718591,52,0.0018978102189781021
17796,136,2000,178,0.408478208943235,0.540279194411128,0.376263937680051,0.328820549959649,0.185489776235929,0.229226302362201,0.18,0.838520675453174,0.499067206444407,0.185489776235929,46.9760438056126,0.414100881538675,0.103571067026584,0.464420876164222,28.2880672531644,20.1672798780325,71,0.002591240875912409
3587,137,1962,36,0.919891624693517,0.856535425971857,0.571033727377653,0.828440655045835,0.544143616440627,0.519764848245689,0.511,5.90173463885329,3.75810828048693,0.544143616440627,8.97741273100616,0.400135025368266,0.093493508760458,0.483484948093615,103.744407374474,66.2201949923322,12,0.00043795620437956203
5618,138,1967,57,0.704108680059971,0.880289464028041,0.72808423358947,0.688451681979214,0.547220455839591,0.662568556934301,0.505,2.47652510902023,1.73871401746013,0.547220455839591,13.9767282683094,0.401972452658933,0.0948193695136783,0.535775557717295,55.9499512027644,75.9900457582338,17,0.0006204379562043796
20336,139,2006,204,0.988612484492599,0.53298291099262,0.0633248705416918,0.53098503524084,0.0630883573030546,0.0505761902611304,0.057,73.278412239939,17.9356075068019,0.0630883573030546,52.9774127310062,0.416306599293956,0.105162680811391,0.423213672336239,171.574063659895,19.7154634259196,6,0.00021897810218978101
6070,140,1968,61,0.0606332888063578,0.262548310584135,0.067397978156805,0.043876715814774,0.0091167529997186,0.02799764654627,0.007,0.292649434394813,0.226992730182939,0.0091167529997186,14.9760438056126,0.402339736865446,0.0950843964440866,0.409002666070796,5.62531243426068,8.12786690756142,52,0.0018978102189781021
300,141,1953,4,0.727006053674346,0.422278392713714,0.641573159489781,0.37511938314212,0.492613796391875,0.292622167269853,0.322,4.21072657563993,1.61245351736109,0.492613796391875,-0.0219028062970568,0.396827454993445,0.0911068141844255,0.496393010431676,59.0085312129296,13.9770158422006,35,0.0012773722627737226
18362,142,2002,184,0.295030641023976,0.777821458111312,0.429996904917061,0.288707106852404,0.16081789823857,0.369338985084341,0.15,1.20471051843394,0.458936272787085,0.16081789823857,48.9774127310062,0.414836456209802,0.104101846988579,0.475401574571888,20.5551404361803,45.73475265851,27,0.0009854014598540146
243,143,1953,3,0.285224327166597,0.987422865755997,0.98665275122039,0.285218713278328,0.283149055741513,0.975991598088962,0.297,,17.743115844683,0.283149055741513,-0.0219028062970568,0.396827454993445,0.0911068141844255,0.91411715039284,19.9212137349832,281.87576627944,1,3.649635036496351e-05
11383,144,1983,114,0.553890067758273,0.704746276059987,0.648790270555764,0.497900545119759,0.400223104796884,0.496625299679491,0.353,1.48895565037109,1.01243899516496,0.400223104796884,29.9767282683094,0.407853024995547,0.0990627048049269,0.518399000794037,39.9338258928965,34.5746784467541,32,0.0011678832116788322
17817,145,2001,179,0.998554868212336,0.735117456202528,0.67080365982838,0.734769642205709,0.670473542701133,0.521086386516438,0.528,,179.369838890879,0.670473542701133,47.9780971937029,0.414469172003289,0.103836820058171,0.538006933514078,241.477528482418,38.6472461345512,2,7.299270072992701e-05
106,146,1953,2,0.590222252235697,0.781245670797471,0.348221306223422,0.556703363895264,0.228465285481618,0.298337457957627,0.22,1.39065736006063,0.689603506789975,0.228465285481618,-0.0219028062970568,0.396827454993445,0.0911068141844255,0.43685943906968,43.3186227510329,46.3911180478701,36,0.001313868613138686
7478,147,1972,75,0.981489622722891,0.924126110803383,0.992381160613149,0.918073509585992,0.976092146671828,0.921346888206304,0.909,23.4861686863612,90.0347983501263,0.976092146671828,18.9760438056126,0.4038098799496,0.0961452302668987,1.04404738797795,154.901066733935,104.333117813396,3,0.00010948905109489051
5611,148,1967,57,0.364786136895068,0.990039540141375,0.580883788177744,0.364780580498432,0.24392424219676,0.578148050641236,0.229,9.03203332097337,0.670568667466711,0.24392424219676,13.9767282683094,0.401972452658933,0.0948193695136783,0.488949490504756,25.2089951466079,314.512940753171,3,0.00010948905109489051
3652,149,1962,37,0.869277484543513,0.84427905185763,0.399229649454355,0.792673016288665,0.370425889941764,0.365548738832303,0.342,2.70777212021846,1.96234734370281,0.370425889941764,8.97741273100616,0.400135025368266,0.093493508760458,0.449282090750547,86.1917356000712,62.0533960714531,15,0.0005474452554744526
16014,150,1996,161,0.806323922937065,0.752224264732702,0.362487294944003,0.684613941333873,0.317222806099827,0.317467499047368,0.312,2.31833622083247,1.34760366357107,0.317222806099827,42.9760438056126,0.412630738454522,0.102510233203772,0.460066522404181,71.8303138066431,41.2657612678374,35,0.0012773722627737226
6895,151,1971,69,0.615266396038968,0.906681792141021,0.321986128808931,0.610224917978534,0.235379437316179,0.308251768213982,0.234,2.63428926639025,0.670855235255823,0.235379437316179,17.9767282683094,0.403442595743086,0.0958802033364905,0.441595517979788,45.8040509631076,90.7805732993873,14,0.0005109489051094891
17100,152,1999,172,0.469210732064168,0.578438379039577,0.795493503334001,0.383344316912496,0.398682761009052,0.483216706942947,0.372,3.99192270951855,1.49277654077837,0.398682761009052,45.9767282683094,0.413733597332162,0.103306040096175,0.594603067120341,32.8476291984045,22.7242598492673,26,0.0009489051094890511
13059,153,1987,131,0.984906913011138,0.986012464253134,0.994293349329382,0.978628035125428,0.981023494267217,0.982384044761607,0.969,25.5661379632854,109.695314716439,0.981023494267217,33.9767282683094,0.409323168079701,0.100123538627739,1.12936947126339,161.918995244348,267.844404500628,1,3.649635036496351e-05
9581,154,1977,96,0.906962700689748,0.993902626112292,0.23434462514706,0.906863673382556,0.221629876368527,0.233984735227377,0.206,9.4036518858295,2.48996077285941,0.221629876368527,23.9780971937029,0.405648313498367,0.0974718171212983,0.432103076181228,98.4141358868878,392.048236402738,2,7.299270072992701e-05
15095,155,1994,151,0.999210541100716,0.999704837891155,0.999395898543298,0.999156739180812,0.998722914709834,0.999173109683849,0.998,269.728611724391,1717.10570493052,0.998722914709834,40.9774127310062,0.411896170041495,0.101980179342955,1.63916641184065,261.744822328683,1234.15306931754,1,3.649635036496351e-05
12780,156,1987,128,0.122658033938173,0.345566195697569,0.889242517761886,0.0932232380679766,0.116826860217406,0.325175472458879,0.087,2.20364249585016,1.90609965056508,0.116826860217406,33.9767282683094,0.409323168079701,0.100123538627739,0.661955758652127,9.71842007416062,10.9041291808374,24,0.0008759124087591241
16274,157,1997,163,0.0621735727088311,0.127144932052114,0.331971092382446,0.0285148318607176,0.0299294986532152,0.0644327118900323,0.02,0.34388637792962,0.314571832233736,0.0299294986532152,43.9780971937029,0.412999028919135,0.102775986235359,0.455496045475047,5.73323210822776,4.36205689115702,112,0.004087591240875913
25893,158,2020,259,0.999994447826211,0.881927720838512,0.716687181033194,0.881926119085488,0.716686804267201,0.663452270987344,0.638,7.85674185287512,38644.2977855948,0.716686804267201,66.9760438056126,0.421451596959443,0.108875236140644,0.569864430663712,425.973135577638,76.7667780697674,1,3.649635036496351e-05
18171,159,2001,182,0.974658807914754,0.965356854739045,0.973677870118991,0.954699200008588,0.956032498843535,0.946373274339246,0.927,12.1866207291334,25.9881310835057,0.956032498843535,47.9780971937029,0.414469172003289,0.103836820058171,0.889589302925981,144.057945906377,167.381884806906,3,0.00010948905109489051
18989,160,2003,190,0.988271734283485,0.997127794540354,0.739473957102746,0.987966889656344,0.735646895981899,0.738809442842465,0.726,17.3164032932139,25.3125960198062,0.735646895981899,49.9767282683094,0.415203740416316,0.104366873918988,0.567726103100444,170.565219897722,537.358015645361,1,3.649635036496351e-05
2920,161,1961,30,0.0856275326177343,0.220502629230739,0.995239780750126,0.053075716356563,0.0855728021723055,0.220359442223553,0.06,,42.5035545321126,0.0855728021723055,7.97809719370294,0.399767741161752,0.0932284818300497,1.10228292577509,7.32580587014338,6.88104582830485,3,0.00010948905109489051
16563,162,1998,166,0.834352543198116,0.864511395957897,0.949818276101723,0.786571722195978,0.808946821342184,0.839514804904479,0.792,,8.07232739399092,0.808946821342184,44.9774127310062,0.413366313125648,0.103041013165767,0.78529413119415,77.5762219155226,69.2216471767682,7,0.00025547445255474455
11837,163,1984,119,0.582042875995946,0.958025422518443,0.427151140756905,0.581433437936548,0.276186689821247,0.416695730587076,0.27,5.39135595819431,0.749084226550163,0.276186689821247,30.9760438056126,0.408220309202061,0.0993277317353351,0.465478379749892,42.5350924878158,150.101108590319,5,0.0001824817518248175
9132,164,1977,92,0.842554131193792,0.966058012644775,0.669508666265756,0.840116163558361,0.597318045195007,0.658679338790329,0.627,,2.34589664932516,0.597318045195007,23.9780971937029,0.405648313498367,0.0974718171212983,0.521175452316203,79.4322439150745,169.298232627808,7,0.00025547445255474455
15651,165,1995,157,0.996400429287818,0.984740756620059,0.992954557994381,0.983493761673855,0.990316286488014,0.980143127395815,0.982,,208.051768679345,0.990316286488014,41.9767282683094,0.412263454248008,0.102245206273363,1.10767378422836,210.729154814245,256.734355859923,1,3.649635036496351e-05
10805,166,1981,109,0.792454148418308,0.887023389695637,0.976330481935292,0.767838700031276,0.783478357338304,0.874315167638784,0.723,4.27129515972749,13.6112505838856,0.783478357338304,27.9780971937029,0.407118456582521,0.0985326509441104,0.874369181342954,69.2711688910229,79.2856620309145,10,0.000364963503649635
4609,167,1965,47,0.990652703750189,0.967526392233725,0.542756803333759,0.964274687192251,0.541528335589478,0.535370147772875,0.542,,24.6340958998916,0.541528335589478,11.9780971937029,0.401237884245906,0.0942893156528619,0.478650886973669,178.320165343605,173.494114215965,6,0.00021897810218978101
15233,168,1995,153,0.750898425176795,0.85431769101485,0.285391682991758,0.71829904383635,0.236558713446388,0.261166555924036,0.233,2.1641153868823,0.998658774911514,0.236558713446388,41.9767282683094,0.412263454248008,0.102245206273363,0.447332144236742,62.4612432757041,65.4284914009855,27,0.0009854014598540146
20518,169,2007,206,0.941604708059154,0.945700282496645,0.425573276821524,0.91800554181793,0.412918358630183,0.417414350736619,0.384,3.88651502006895,4.37250471750167,0.412918358630183,53.9767282683094,0.416673883500469,0.1054277077418,0.477138036313764,114.928287036167,128.857795255985,7,0.00025547445255474455
10104,170,1979,102,0.931578300508356,0.608198886630642,0.013498469023034,0.593734097836689,0.0130390526558907,0.0100700514028769,0.011,3.80462882962465,2.94280872868289,0.0130390526558907,25.9767282683094,0.406382881911394,0.0980018709821147,0.407715868781341,109.335361357319,24.9803160953651,9,0.0003284671532846715
15076,171,1994,151,0.86031143428521,0.9930091083022,0.905240495456383,0.860238779116828,0.79486426938105,0.901613352684776,0.789,21.8451192996436,6.82306504564307,0.79486426938105,40.9774127310062,0.411896170041495,0.101980179342955,0.690206533962779,83.7876676051795,369.17569899216,1,3.649635036496351e-05
1348,172,1957,14,0.998170213598249,0.953022021303612,0.518252610228956,0.952447505697164,0.517989468041167,0.506553241349456,0.526,,127.661404049279,0.517989468041167,3.97809719370294,0.398297598077599,0.0921676480072376,0.468693112853254,233.5455377084,140.543945399908,1,3.649635036496351e-05
26285,173,2022,263,0.928650362850647,0.999463386876473,0.999794107628986,0.928649864499093,0.928591959915259,0.99931606747492,0.928,307.675961500429,1356.02932611193,0.928591959915259,68.9774127310062,0.42218717163057,0.10940601610264,2.0489368993456,107.852241625684,1006.32288852443,1,3.649635036496351e-05
2420,174,1960,25,0.955778930690195,0.740566701900562,0.902332206722349,0.729246802141954,0.87504421637126,0.693466254234024,0.667,6.23452407320914,11.8112010513632,0.87504421637126,6.97604380561259,0.399399450697139,0.0929627287984623,0.649363872625474,124.687823528159,39.4531170638434,8,0.00029197080291970805
13037,175,1987,131,0.870504075917107,0.491081514077044,0.860049239825457,0.468066924697522,0.771090353419662,0.451099433573281,0.432,5.46121580276163,4.93375962972725,0.771090353419662,33.9767282683094,0.409323168079701,0.100123538627739,0.631770761850883,86.5328098402302,17.3174172675248,13,0.00047445255474452553
14401,176,1993,145,0.986354655303672,0.984631378628226,0.984198576537892,0.97841780415388,0.973551790279346,0.972943425515658,0.974,,66.6987167833664,0.973551790279346,39.9780971937029,0.411528885834981,0.101715152412547,0.960314945227481,165.379019472981,255.837301939007,2,7.299270072992701e-05
12459,177,1985,125,0.822356459708465,0.604063326101811,0.911559575935826,0.561420953246566,0.769831091975956,0.570866025207827,0.522,4.7462299212496,5.56869514982953,0.769831091975956,31.9780971937029,0.408588599666674,0.0995934847669225,0.68958020603297,75.0125675465722,24.6512506358986,17,0.0006204379562043796
6799,178,1970,68,0.815122717895197,0.998376445111355,0.961367071606219,0.815121220628843,0.795083845248345,0.960862236419977,0.792,47.6069454302963,10.7561256523082,0.795083845248345,16.9774127310062,0.403075311536573,0.0956151764060822,0.784771998085472,73.5446120978829,672.042226081952,1,3.649635036496351e-05
13098,179,1987,131,0.840388156760231,0.646895821729392,0.257085852557793,0.605941746855768,0.232622594338803,0.196738864147001,0.176,1.74013859097296,1.47985271151193,0.232622594338803,33.9767282683094,0.409323168079701,0.100123538627739,0.43962197379141,78.9333272082426,28.341351682997,27,0.0009854014598540146
16114,180,1996,162,0.969415995910583,0.998715854815885,0.99645017227158,0.969403215573825,0.967944470638698,0.995847452185544,0.965,55.3538921006687,96.232383968494,0.967944470638698,42.9760438056126,0.412630738454522,0.102510233203772,1.24378800550839,137.538929393774,734.335541837015,1,3.649635036496351e-05
5389,181,1966,54,0.981610128707146,0.989502542574073,0.962722218129784,0.978589578545233,0.951269379755346,0.956054865782064,0.937,13.2635364735786,28.8307699202431,0.951269379755346,12.9774127310062,0.401605168452419,0.0945543425832701,0.784094572838228,155.125977804962,306.939498898479,2,7.299270072992701e-05
22512,182,2011,226,0.984656771439953,0.912609008792943,0.901431046426296,0.907784352909289,0.89369341634706,0.841270017043423,0.813,6.44102476429163,26.2964184218487,0.89369341634706,57.9767282683094,0.418144026584623,0.106488541564612,0.703180182160311,161.354535148034,94.9502657591293,4,0.00014598540145985403
22985,183,2012,230,0.508239045953855,0.426885832702776,0.606882232706994,0.315993874167808,0.343341393876303,0.29850430015873,0.266,1.33482427118324,0.876346941684731,0.343341393876303,58.9760438056126,0.418511310791136,0.10675356849502,0.524064783183657,35.9915309405792,14.1812681557073,43,0.0015693430656934307
15739,184,1996,158,0.79184797029429,0.906361231566897,0.832985391141847,0.775668654538615,0.690411037940354,0.781103756184028,0.668,4.16763428194974,3.04981833241898,0.690411037940354,42.9760438056126,0.412630738454522,0.102510233203772,0.617603666635213,69.1630142971635,90.5658797184575,10,0.000364963503649635
20483,185,2006,205,0.825596066975806,0.530279457801793,0.947528390446678,0.4948255213237,0.798988158299123,0.519920118933099,0.509,150.389132069614,7.73284538643298,0.798988158299123,52.9774127310062,0.416306599293956,0.105162680811391,0.789157016979395,75.6883661708526,19.5508153591524,11,0.0004014598540145985
25741,186,2020,258,0.895012766999281,0.954520168827926,0.868983244989067,0.886346427021443,0.797068097776157,0.840694446441116,0.774,6.33055824843909,6.04739602101934,0.797068097776157,66.9760438056126,0.421451596959443,0.108875236140644,0.672503813617152,94.089324663805,143.25153280909,7,0.00025547445255474455
21672,187,2009,217,0.595495533615806,0.731420036053946,0.761976053239778,0.540416279820218,0.49076145326398,0.596234150135532,0.433,1.89537060856421,1.50048916237342,0.49076145326398,55.9780971937029,0.417409458171596,0.105958487703795,0.583593773965759,43.8308778453189,38.1145242647102,34,0.0012408759124087592
24135,188,2016,242,0.928448904852512,0.392134702106061,0.622143132612109,0.382564157742164,0.595968341346418,0.271045008620553,0.274,6.08813770067974,4.40758684358676,0.595968341346418,62.9760438056126,0.41998145387529,0.107814402317832,0.531377843432321,107.752379877182,12.6995980255259,8,0.00029197080291970805
25287,189,2019,253,0.260703783812025,0.22131687559392,0.949146766681224,0.119001667685449,0.255224479817127,0.216196306479709,0.145,14.0301373993461,4.40781750622487,0.255224479817127,65.9767282683094,0.42108431275293,0.108610209210236,0.811037933247552,18.3530820161994,6.90437403789867,19,0.0006934306569343065
8809,190,1976,89,0.730787977505239,0.714050565112624,0.365977884968743,0.616466451904078,0.295937972775357,0.288122362036538,0.272,1.69908580246701,1.00415665475137,0.295937972775357,22.9760438056126,0.405280023033753,0.0972060640897108,0.450825287902672,59.5361067240052,35.7525993533854,40,0.00145985401459854
18957,191,2003,190,0.9430151703923,0.972084397659683,0.991145569132641,0.936498311578858,0.93823946980871,0.96659614980432,0.924,18.0362264705244,49.0348677371198,0.93823946980871,49.9767282683094,0.415203740416316,0.104366873918988,1.08204983825044,115.789204512916,188.380644507911,3,0.00010948905109489051
14854,192,1994,149,0.812751637619688,0.553009573815324,0.777884744806215,0.512349966951004,0.660886769244705,0.471420215413752,0.426,2.66627577754686,2.84695941270564,0.660886769244705,40.9774127310062,0.411896170041495,0.101980179342955,0.580277432348747,73.0752118705164,20.9827492839229,23,0.0008394160583941605
3836,193,1963,39,0.620584127165799,0.253460412742805,0.511296903481707,0.212651097423584,0.371724095063698,0.163909352055216,0.156,0.966449226316169,0.833878605107157,0.371724095063698,9.97672826830938,0.400502309574779,0.0937585356908662,0.470645199385446,46.3497301330068,7.85063667535744,38,0.001386861313868613
8027,194,1973,81,0.278053286839802,0.810974614953492,0.767585346708074,0.274353523122122,0.234227033500574,0.653813269112302,0.213,2.1556235794522,1.06051061491674,0.234227033500574,19.9780971937029,0.404178170414213,0.0964109832984861,0.558130353127466,19.460222047019,52.8124958512775,15,0.0005474452554744526
23886,195,2015,239,0.230886043364742,0.541899129079666,0.629804423777387,0.203251602512535,0.168173942831508,0.37530639565531,0.14,0.979708547082325,0.650441457224975,0.168173942831508,61.9767282683094,0.419614169668776,0.107549375387424,0.533219892801832,16.4728046745549,20.2690997636679,26,0.0009489051094890511
23545,196,2014,236,0.6619158538217,0.737596446567126,0.95635269000195,0.590385064349772,0.648246100748312,0.718043403460889,0.573,7.19176676432692,6.67165775058412,0.648246100748312,60.9774127310062,0.419246885462263,0.107284348457016,0.82821714421581,50.835707248897,39.0107320138862,9,0.0003284671532846715
26319,197,2022,264,0.924040282429258,0.996041334047719,0.89190210076049,0.92399157230108,0.842615636951319,0.890326487117956,0.847,,7.49814783707204,0.842615636951319,68.9774127310062,0.42218717163057,0.10940601610264,0.701722323735469,105.632762989624,471.22835610683,1,3.649635036496351e-05
7556,198,1972,76,0.819968747699952,0.940720746065153,0.681425955612212,0.812786443742527,0.594396369250416,0.662395089181723,0.571,3.54217697055829,2.1504991118416,0.594396369250416,18.9760438056126,0.4038098799496,0.0961452302668987,0.521814065443574,74.5218876895317,122.099837037007,15,0.0005474452554744526
18629,199,2002,187,0.769126879286725,0.999090460080866,0.326430829241872,0.769126618512555,0.279233932847039,0.326382551374327,0.291,,1.08887255681638,0.279233932847039,48.9774127310062,0.414836456209802,0.104101846988579,0.45697908747665,65.3074212366173,833.94081403502,1,3.649635036496351e-05
14709,200,1994,148,0.998865421055259,0.997299462689663,0.978987724054605,0.99686998387778,0.978397530673077,0.977554741265147,0.986,,367.386671350474,0.978397530673077,40.9774127310062,0.411896170041495,0.101980179342955,0.914787448669478,249.596549745277,550.822639139178,1,3.649635036496351e-05
14437,201,1993,145,0.822282950954619,0.831364327767377,0.621188374469057,0.755231174517982,0.540099909151336,0.553838194144802,0.517,3.48835436996836,2.06978093111336,0.540099909151336,39.9780971937029,0.411528885834981,0.101715152412547,0.516334465823036,74.9973687026264,58.1524305387293,19,0.0006934306569343065
24326,202,2016,244,0.996738305394004,0.966913893992773,0.982137847458944,0.965857485964415,0.980220084200885,0.952832442864876,0.96,,148.817125448333,0.980220084200885,62.9760438056126,0.41998145387529,0.107814402317832,0.979942805311116,214.06048722139,171.712750325782,3,0.00010948905109489051
26600,203,2023,267,0.616061164216674,0.84739000928781,0.776360364397988,0.599579555071946,0.509195316637787,0.692761874217016,0.491,2.82784604792321,1.71271313011095,0.509195316637787,69.9767282683094,0.422554455837084,0.109671043033048,0.602733777630695,45.8851880490828,63.0645646245851,14,0.0005109489051094891
23342,204,2014,234,0.105889215070675,0.15063879078369,0.773289921926335,0.0476903232770943,0.0925496872915984,0.130520859451169,0.049,1.04197631685149,0.937336477427983,0.0925496872915984,60.9774127310062,0.419246885462263,0.107284348457016,0.593751101359053,8.64779519053238,4.97324797566804,37,0.0013503649635036496
25320,205,2019,254,0.52846107001793,0.970332896761322,0.629533526254818,0.528266245956291,0.371384136278985,0.619892972517321,0.374,11.6171936827748,0.937253063079635,0.371384136278985,65.9767282683094,0.42108431275293,0.108610209210236,0.53572094941255,37.6992932191872,182.289783276572,4,0.00014598540145985403
22584,206,2011,226,0.881408287285701,0.375974671708951,0.0746159146074206,0.360267435616565,0.0705305688687748,0.0394164117644676,0.043,2.10049740240343,1.74662776649376,0.0705305688687748,57.9767282683094,0.418144026584623,0.106488541564612,0.426440920101934,89.7086330776547,12.0537284568344,19,0.0006934306569343065
18132,207,2001,182,0.817656024757984,0.7347163225675,0.883923109155148,0.67525251630272,0.754895332258105,0.676506977635754,0.641,6.81213533992743,3.75120519107412,0.754895332258105,47.9780971937029,0.414469172003289,0.103836820058171,0.670122508108367,74.0524377284963,38.5889105818948,15,0.0005474452554744526
18310,208,2002,184,0.945551699998652,0.976302827989903,0.840046753874049,0.940709882550943,0.811234960858217,0.829769417051543,0.801,10.6309587797113,7.80137481728643,0.811234960858217,48.9774127310062,0.414836456209802,0.104101846988579,0.628598169731975,117.391061424442,205.474863589483,4,0.00014598540145985403
16127,209,1996,162,0.998887529006796,0.998633291599894,0.819982043933123,0.998135682895288,0.819811707893615,0.819864550306231,0.824,,212.283812648446,0.819811707893615,42.9760438056126,0.412630738454522,0.102510233203772,0.608091049797076,250.256367730809,717.368472785068,1,3.649635036496351e-05
4854,210,1965,49,0.995300544070909,0.998425489586718,0.999726860085502,0.995050453611773,0.995196033971401,0.998281782668513,0.994,185.981373415233,1186.0298845231,0.995196033971401,11.9780971937029,0.401237884245906,0.0942893156528619,1.72961800864531,201.703594662039,679.949760879824,1,3.649635036496351e-05
9481,211,1977,95,0.26457304573389,0.160004974299745,0.250449780840427,0.0900805314680344,0.0907815361812916,0.0569548616365913,0.044,0.385513090091634,0.347367736975311,0.0907815361812916,23.9780971937029,0.405648313498367,0.0974718171212983,0.434246432657295,18.5990547438085,5.22004674002405,110,0.0040145985401459855
705,212,1955,8,0.365884802156408,0.657235294868457,0.893162592779845,0.335330507932967,0.344554124554645,0.607852892903107,0.357,13.8362002673749,2.33899718645047,0.344554124554645,1.97672826830938,0.397562023406472,0.0916368680452419,0.633106607061433,25.2846760848263,29.3365654093837,17,0.0006204379562043796
5103,213,1966,52,0.835659803954252,0.644913866424776,0.544108701404184,0.602629306885632,0.488800646404593,0.394618248526958,0.391,2.84228864924132,1.83432149530415,0.488800646404593,12.9774127310062,0.401605168452419,0.0945543425832701,0.479543769666134,77.8661349868439,28.1556607807985,31,0.0011313868613138686
16665,214,1998,167,0.999825810100525,0.984734826530004,0.99950522556901,0.984678640597961,0.999399068123447,0.984541921868819,0.974,18.9505769499796,2939.77342428131,0.999399068123447,44.9774127310062,0.413366313125648,0.103041013165767,1.70472448966233,312.122746655681,256.685498628295,1,3.649635036496351e-05
13183,215,1988,132,0.525956593218256,0.388851287049907,0.444510604254901,0.296111456373282,0.264498926198878,0.213067113696085,0.192,0.899446343237022,0.680198701231201,0.264498926198878,34.9760438056126,0.409690452286214,0.100388565558147,0.470872171420907,37.4846074604006,12.5662779465139,38,0.001386861313868613
7840,216,1973,79,0.279030602488802,0.433908625302001,0.613349580438808,0.210776404469149,0.198455609630579,0.314184185554236,0.139,0.774811223622549,0.653433704738701,0.198455609630579,19.9780971937029,0.404178170414213,0.0964109832984861,0.501298878878079,19.5229262584812,14.4974873239793,53,0.0019343065693430658
2650,217,1960,27,0.784472739172699,0.399697953898379,0.999095450853929,0.366641758625416,0.784308755705061,0.399622457117463,0.361,31.7116647431273,270.063825295123,0.784308755705061,6.97604380561259,0.399399450697139,0.0929627287984623,1.4278910830685,67.870194232223,13.0109015276496,2,7.299270072992701e-05
27360,218,2024,274,0.858825484785998,0.999082421547046,0.756133707473055,0.858824868581377,0.673067214535254,0.755871848007679,0.686,,3.44186554912077,0.673067214535254,70.9760438056126,0.422921740043597,0.109936069963456,0.592174467677733,83.4035374315845,831.276323174598,1,3.649635036496351e-05
777,219,1955,8,0.963504342350724,0.643792362873299,0.985336207784712,0.635863425900466,0.953969119237854,0.63902429737594,0.648,,38.9972321725568,0.953969119237854,1.97672826830938,0.397562023406472,0.0916368680452419,0.903367182511874,131.391872339129,28.0512876457766,4,0.00014598540145985403
5650,220,1967,57,0.0364473294012366,0.531478057471654,0.999571284279227,0.034690395826989,0.0364445396280144,0.531413063339591,0.04,,469.56519355109,0.0364445396280144,13.9767282683094,0.401972452658933,0.0948193695136783,1.62490828983966,3.84517621536858,19.6236322278371,1,3.649635036496351e-05
13038,221,1987,131,0.417855387034505,0.720092577711023,0.0243341100867838,0.393372166631381,0.0139370210276344,0.0208879077672906,0.011,0.784575187189707,0.349804750589109,0.0139370210276344,33.9767282683094,0.409323168079701,0.100123538627739,0.411793420481512,28.9690791056416,36.5490507747108,22,0.000802919708029197
1653,222,1958,17,0.930488709872113,0.909345813064876,0.949171708198264,0.8811074497829,0.894117149860824,0.874948755150041,0.834,7.36183935089984,13.8343854544052,0.894117149860824,4.97741273100616,0.398664882284112,0.0924326749376458,0.730599916721878,108.776362695917,92.6064938645955,5,0.0001824817518248175
7730,223,1973,78,0.96833233560631,0.961707317591779,0.793546049622819,0.947893255913461,0.781123671223489,0.779423132935372,0.772,15.558926524933,10.3921552560254,0.781123671223489,19.9780971937029,0.404178170414213,0.0964109832984861,0.571867877669017,136.329406878797,158.206988567953,5,0.0001824817518248175
16320,224,1997,164,0.454488592536173,0.959632297618377,0.961817743722349,0.454226163221793,0.447490254589546,0.933261001842884,0.462,,6.41356220462627,0.447490254589546,43.9780971937029,0.412999028919135,0.102775986235359,0.825074917339185,31.7081562789266,153.512574488872,3,0.00010948905109489051
7677,225,1973,77,0.959959258239865,0.709026206071364,0.1647597795818,0.699331127536207,0.161496652544984,0.137828577531497,0.153,16.7910410988603,5.43809057505814,0.161496652544984,19.9780971937029,0.404178170414213,0.0964109832984861,0.421727166953979,128.158473918268,35.1094315246216,8,0.00029197080291970805
20590,226,2007,206,0.839595363780766,0.65099041808415,0.977554542711005,0.609422428965429,0.828944557204485,0.646188386179056,0.625,,16.9568395768097,0.828944557204485,53.9767282683094,0.416673883500469,0.1054277077418,0.925479282416921,78.7523182102586,28.7300767371968,9,0.0003284671532846715
8521,227,1975,86,0.74978998926087,0.30465939194432,0.231740155722946,0.275255425819567,0.195480521178248,0.0908497809810431,0.083,1.03952161894553,0.934796206285914,0.195480521178248,21.9767282683094,0.40491273882724,0.0969410371593026,0.430883442076083,62.2944513209522,9.4767544981016,32,0.0011678832116788322
4637,228,1965,47,0.741619666324511,0.830600472076926,0.746241145534441,0.698942771005508,0.601596334383527,0.655290625696062,0.558,2.51989307065542,1.75846556608367,0.601596334383527,11.9780971937029,0.401237884245906,0.0942893156528619,0.541960441880207,61.0856202269329,57.9354790182572,28,0.0010218978102189782
925,229,1955,10,0.69161492354967,0.250168866910011,0.9452611701563,0.219408757804744,0.66900502573401,0.242774347695348,0.244,1396.93466875505,6.22491901770812,0.66900502573401,1.97672826830938,0.397562023406472,0.0916368680452419,0.716922453027605,54.370585653785,7.75133543763789,7,0.00025547445255474455
4301,230,1964,44,0.522563307305684,0.648509014190521,0.981756525347009,0.450530677839613,0.518664936488954,0.642430610219708,0.473,,13.9420391990785,0.518664936488954,10.9760438056126,0.400869593781293,0.0940235626212744,0.885967383377408,37.1951992148294,28.4936745869392,9,0.0003284671532846715
16565,231,1998,166,0.504636583344837,0.909682621327892,0.933811837574467,0.502194228906089,0.488322498990323,0.868697233187493,0.508,64.8735859077907,4.0100991885044,0.488322498990323,44.9774127310062,0.413366313125648,0.103041013165767,0.744919417666134,35.6932533308813,92.8427986169113,4,0.00014598540145985403
25174,232,2018,252,0.806970158574823,0.999713852780467,0.895415601553395,0.806970134571575,0.744189319492837,0.895339457459014,0.754,,4.78428160280712,0.744189319492837,64.9774127310062,0.420717028546417,0.108345182279828,0.702244456264227,71.9537034708456,1247.00026804739,1,3.649635036496351e-05
1139,233,1956,12,0.531762271608779,0.885701736192124,0.608135786373168,0.526696040055539,0.362902287313094,0.565740620602879,0.342,2.27948403128813,0.89684397735351,0.362902287313094,2.97604380561259,0.397929307612985,0.0919018949756502,0.489126970544974,37.9837001976464,78.6168193634702,12,0.00043795620437956203
25323,234,2019,254,0.946374333881376,0.998948726398504,0.164285621372983,0.946370703773208,0.160313682231583,0.164248037277289,0.176,,4.02789502773353,0.160313682231583,65.9767282683094,0.42108431275293,0.108610209210236,0.440790843625497,117.926225288922,790.922259167498,1,3.649635036496351e-05
14833,235,1994,149,0.114441169329237,0.877396084424005,0.110518750501797,0.114187180230999,0.0193592623693262,0.104798200891715,0.02,1.72430680552546,0.251762544718319,0.0193592623693262,40.9774127310062,0.411896170041495,0.101980179342955,0.4239252935097,9.19590433053881,74.6550737002453,10,0.000364963503649635
24491,236,2016,245,0.909467433116336,0.994798802040624,0.93017631676048,0.909396328750057,0.861316423463953,0.927184129996127,0.86,57.8983429647345,9.22821077869717,0.861316423463953,62.9760438056126,0.41998145387529,0.107814402317832,0.758897221365781,99.3883466129034,419.934617167602,1,3.649635036496351e-05
4980,237,1965,50,0.929196334273712,0.800131414109191,0.99235721421428,0.778960269636409,0.925832692851315,0.797938875720012,0.766,13.2917959300301,46.7383156582055,0.925832692851315,11.9780971937029,0.401237884245906,0.0942893156528619,1.02858114183435,108.12425969146,50.3067171022649,2,7.299270072992701e-05
5800,238,1968,59,0.803325132366258,0.997224871304685,0.926076881121844,0.803320414855621,0.765055951331958,0.924931896652521,0.777,,5.609478562393,0.765055951331958,14.9760438056126,0.402339736865446,0.0950843964440866,0.693764363100274,71.2627515764371,544.838821969589,1,3.649635036496351e-05
16321,239,1997,164,0.771569689974856,0.766228541603423,0.644838673295453,0.677244907968344,0.539752417865485,0.541937010077325,0.496,2.49073970880578,1.62148066768532,0.539752417865485,43.9780971937029,0.412999028919135,0.102775986235359,0.526383527080167,65.7045608641068,43.6201324591492,31,0.0011313868613138686
20960,240,2008,210,0.671482244392853,0.993947093294455,0.474996075965464,0.671471234732984,0.352656677502807,0.474055841363436,0.346,17.0092037575665,0.970033919999857,0.352656677502807,54.9760438056126,0.417041167706983,0.105692734672208,0.487885758984943,51.9429040535012,393.301241106582,5,0.0001824817518248175
17626,241,2000,177,0.997488758122669,0.999383027164502,0.999600154114887,0.997422161050865,0.997261159440499,0.99906493447021,0.994,61.0441809913849,1161.12190260633,0.997261159440499,46.9760438056126,0.414100881538675,0.103571067026584,1.76854524937449,222.884705716486,958.252120822243,1,3.649635036496351e-05
23723,242,2015,238,0.856735388138,0.883675246831286,0.081391136161983,0.815056807558722,0.0761175870067083,0.0766292712785786,0.086,3.33322807483836,1.44936922781052,0.0761175870067083,61.9767282683094,0.419614169668776,0.107549375387424,0.428791889521212,82.8697066489739,77.6126556980516,16,0.0005839416058394161
24288,243,2016,243,0.98227452778907,0.970426268782581,0.905712990555912,0.963350445505012,0.895605061309405,0.885348169291412,0.875,18.365660145769,26.2551850293583,0.895605061309405,62.9760438056126,0.41998145387529,0.107814402317832,0.714931936593725,156.392686218443,182.601926333809,2,7.299270072992701e-05
19081,244,2004,191,0.957166078498809,0.970205058755248,0.996641712961718,0.946974202029823,0.955571280483017,0.968425101243856,0.928,10.5497843172182,113.411536703318,0.955571280483017,50.9760438056126,0.415571024622829,0.104631900849396,1.27550063606147,125.802527533749,181.864600761072,1,3.649635036496351e-05
24108,245,2016,242,0.998782632331346,0.970896717396954,0.733227689983323,0.970507113114287,0.732972860430338,0.719741960060132,0.73,,207.783979402335,0.732972860430338,62.9760438056126,0.41998145387529,0.107814402317832,0.574537647049472,247.234344999939,184.195468641596,1,3.649635036496351e-05
22450,246,2011,225,0.378739832880864,0.0931112027357205,0.415610389085487,0.0645285583268051,0.19022404433879,0.0527120228157135,0.046,0.534754781732613,0.505211480772879,0.19022404433879,57.9767282683094,0.418144026584623,0.106488541564612,0.477259710669093,26.1765461965062,3.48549442960321,66,0.0024087591240875912
24327,247,2016,244,0.998704856401775,0.948635294222384,0.999369990779087,0.948231755280607,0.998258809678658,0.94831627352774,0.955,,1087.1781063862,0.998258809678658,62.9760438056126,0.41998145387529,0.107814402317832,1.70633317174019,245.156329125958,133.262059956636,1,3.649635036496351e-05
8609,248,1975,87,0.497510973813951,0.816471637151581,0.61505489400588,0.484187912650489,0.347208684544409,0.52750983776991,0.341,2.25050532300615,0.852359355346293,0.347208684544409,21.9767282683094,0.40491273882724,0.0969410371593026,0.503048569196659,35.1083179123523,54.1655983937811,24,0.0008759124087591241
18874,249,2003,189,0.613040084943963,0.443622980901938,0.802307941019535,0.362930361114755,0.527360766595488,0.386625811630158,0.358,3.33633979392218,1.78551117374304,0.527360766595488,49.9767282683094,0.415203740416316,0.104366873918988,0.602229950624043,45.5775406824321,14.9449680628468,27,0.0009854014598540146
16358,250,1997,164,0.397924019871097,0.13325898593948,0.200818026671186,0.0934096261374145,0.107103299973569,0.0438935749004083,0.049,0.43158748349387,0.393421014387033,0.107103299973569,43.9780971937029,0.412999028919135,0.102775986235359,0.436355126406215,27.5305575332279,4.52023781181434,78,0.0028467153284671533
14740,251,1994,148,0.953136169624211,0.755465301002103,0.954128865385428,0.743127115347951,0.917463721545539,0.735467450095808,0.758,,19.6103683838084,0.917463721545539,40.9774127310062,0.411896170041495,0.101980179342955,0.793250189394365,122.655633482856,41.7926222292307,7,0.00025547445255474455
19818,252,2005,199,0.993026905109833,0.99698816330204,0.986507168971002,0.992381255725589,0.981821051060725,0.98538196042694,0.982,188.318627480088,87.4516891768501,0.981821051060725,51.9780971937029,0.415939315087442,0.104897653880983,1.00960812644196,188.304892758956,527.157808200967,1,3.649635036496351e-05
4459,253,1964,45,0.758114356804074,0.921051317222223,0.767637635348365,0.749580335134891,0.629598676456132,0.728956948262463,0.627,5.82535857880674,1.92591608813538,0.629598676456132,10.9760438056126,0.400869593781293,0.0940235626212744,0.551034733386066,63.5641205211701,101.639003252932,13,0.00047445255474452553
23825,254,2015,239,0.810147144531943,0.96680693036853,0.252602100605145,0.808447506714611,0.222131952412218,0.248521947124028,0.228,9.28279684561752,1.25484127744647,0.222131952412218,61.9767282683094,0.419614169668776,0.107549375387424,0.451489402641955,72.5660097675261,171.406316251222,6,0.00021897810218978101
9614,255,1978,97,0.99863778549901,0.988657673491876,0.967001915443689,0.988203615507156,0.966351705110434,0.960074018468352,0.96,602.47378501526,280.897232155545,0.966351705110434,24.9774127310062,0.40601559770488,0.0977368440517065,0.819298089967619,243.461588418924,296.01682631663,1,3.649635036496351e-05
15496,256,1995,155,0.961039332864811,0.869088432815724,0.758715860778466,0.856801647918691,0.740942766463261,0.680749232727051,0.672,11.331431501752,9.4394955807,0.740942766463261,41.9767282683094,0.412263454248008,0.102245206273363,0.57096882187242,129.112874332259,71.0627027024148,7,0.00025547445255474455
15575,257,1995,156,0.675955774461139,0.583371125009611,0.784428713610396,0.492519858271107,0.563045630716708,0.487200113650284,0.434,3.07645027115083,1.94815676941429,0.563045630716708,41.9767282683094,0.412263454248008,0.102245206273363,0.58476104096125,52.4705732567359,23.080961513805,44,0.001605839416058394
8014,258,1973,81,0.694138867976672,0.885818469365921,0.991606199648231,0.680962385117783,0.691497137160018,0.882056272045945,0.633,4.00382306383156,34.7700942728617,0.691497137160018,19.9780971937029,0.404178170414213,0.0964109832984861,1.02937644486354,54.6849232879631,78.6754442621516,2,7.299270072992701e-05
7609,259,1973,77,0.415589866247152,0.99687886959943,0.126711282646284,0.415589364614878,0.0657756088918902,0.126649946067779,0.084,,0.382062574744507,0.0657756088918902,19.9780971937029,0.404178170414213,0.0964109832984861,0.417349097394302,28.8038399675125,519.59512853695,1,3.649635036496351e-05
10634,260,1980,107,0.937291194379879,0.992265165812031,0.999416011851281,0.936982769587872,0.937026546788249,0.991911146663092,0.936,210.950215579365,626.290634120599,0.937026546788249,26.9760438056126,0.406750166117907,0.098266897912523,1.59755122030254,112.415775834135,352.90444100191,1,3.649635036496351e-05
21785,261,2010,218,0.987874869181692,0.770326915079683,0.415995225310326,0.767232641098134,0.414471977463287,0.35378959041302,0.359,87.0625335186143,18.8645734481314,0.414471977463287,56.9774127310062,0.417776742378109,0.106223514634204,0.476820005027852,169.426103899846,44.3494606314361,6,0.00021897810218978101
16043,262,1996,161,0.293683420033069,0.144031323821988,0.894205042161047,0.0865592502225798,0.276717724470542,0.139692088665627,0.089,2.43755955539722,2.25151031174417,0.276717724470542,42.9760438056126,0.412630738454522,0.102510233203772,0.677444725794401,20.4677982631692,4.8003436777868,30,0.0010948905109489052
22271,263,2011,223,0.690760145907616,0.757276384190211,0.725719161098823,0.621150278259508,0.535058616988746,0.589000190286701,0.484,2.28693238853963,1.68663487778637,0.535058616988746,57.9767282683094,0.418144026584623,0.106488541564612,0.567333904256118,54.2646555766331,42.0916142988118,25,0.0009124087591240876
24826,264,2018,249,0.375133976149496,0.951563863492411,0.38109776051715,0.374883710698882,0.175324329346171,0.368687027982374,0.173,5.24941714910506,0.477221510218716,0.175324329346171,64.9774127310062,0.420717028546417,0.108345182279828,0.474249714442899,25.9251722090321,138.021678953033,4,0.00014598540145985403
23852,265,2015,239,0.936330102929343,0.982545716589921,0.758130000205711,0.93434077150697,0.726123718464265,0.750701613073549,0.722,16.4469852173753,6.31639810933049,0.726123718464265,61.9767282683094,0.419614169668776,0.107549375387424,0.586242637205466,111.87892766178,240.224930263809,6,0.00021897810218978101
24611,266,2017,247,0.833015720933946,0.457264934795864,0.58216835395433,0.428842396601784,0.514450122948959,0.292089676510601,0.284,2.53378850112855,2.01478757246119,0.514450122948959,63.9780971937029,0.420349744339903,0.10808015534942,0.519859668207855,77.2819861203291,15.5940631644164,24,0.0008759124087591241
21351,267,2009,214,0.158336037782753,0.613517286684507,0.314952879445627,0.149370402082461,0.064561909393375,0.222376153737183,0.078,0.736642115031635,0.338253230995185,0.064561909393375,55.9780971937029,0.417409458171596,0.105958487703795,0.458427044680033,11.9565571398255,25.411437697168,28,0.0010218978102189782
18566,268,2002,186,0.642296327033088,0.288859430753104,0.207743648905307,0.245286701610626,0.160564441992089,0.0880510589694241,0.097,0.775185397961832,0.644071633200771,0.160564441992089,48.9774127310062,0.414836456209802,0.104101846988579,0.439425478558188,48.6494087399082,8.95754778590967,59,0.002153284671532847
11061,269,1981,111,0.844884485190738,0.981442892780605,0.80098570487462,0.844278231679638,0.710666618452886,0.794171325725749,0.675,4.27322185624346,3.08658987813124,0.710666618452886,27.9780971937029,0.407118456582521,0.0985326509441104,0.582889941210651,79.976355941081,232.954476490272,4,0.00014598540145985403
19017,270,2004,191,0.800904186017937,0.984522816021858,0.0819751499220729,0.800644223996148,0.0732009310557895,0.0815733467960982,0.082,33.2427474771433,1.05085289915909,0.0732009310557895,50.9760438056126,0.415571024622829,0.104631900849396,0.424567017450275,70.8104511676607,254.955411210983,5,0.0001824817518248175
26987,271,2024,270,0.141942082541461,0.581458698331823,0.888429558137432,0.132528663518087,0.133946388342849,0.538487733404206,0.14,3.76417827709824,1.93097260201774,0.133946388342849,70.9760438056126,0.422921740043597,0.109936069963456,0.699262987518141,10.9328580031132,22.9418987761829,23,0.0008394160583941605
2734,272,1960,28,0.168561104374368,0.157335309862283,0.223776160739362,0.0676475761084293,0.0628649496304834,0.0523187713785357,0.032,0.332690839596511,0.29827254656031,0.0628649496304834,6.97604380561259,0.399399450697139,0.0929627287984623,0.423315002218456,12.5927181016603,5.14948197771248,153,0.005583941605839416
11772,273,1983,118,0.862238870797131,0.91108468180039,0.996548102702945,0.836688225199682,0.860910592986921,0.909799313369774,0.811,7.53963692993103,94.1788306421993,0.860910592986921,29.9767282683094,0.407853024995547,0.0990627048049269,1.21657292183631,84.2917767188732,93.840162125526,2,7.299270072992701e-05
16315,274,1997,164,0.69731707009968,0.985360420449822,0.923553809989244,0.6972131351314,0.666945355382926,0.916906576820544,0.667,25.5305021460373,4.34079821254167,0.666945355382926,43.9780971937029,0.412999028919135,0.102775986235359,0.723271351499676,55.0840914569543,261.985424835615,2,7.299270072992701e-05
6861,275,1971,69,0.786101411627919,0.947746984639534,0.955127759603783,0.782076784812153,0.766729202213887,0.916576267534797,0.753,8.54478153972988,7.84312772559862,0.766729202213887,17.9767282683094,0.403442595743086,0.0958802033364905,0.765061619384699,68.1520923127019,131.892649135916,3,0.00010948905109489051
25702,276,2020,258,0.652251438414571,0.815860169199671,0.868641846813262,0.620984567768525,0.592186859349175,0.730594868489722,0.566,4.87652145635601,2.80530191486257,0.592186859349175,66.9760438056126,0.421451596959443,0.108875236140644,0.672141023941324,49.7451091145215,54.012142030367,16,0.0005839416058394161
4346,277,1964,44,0.773034372584658,0.670358177922215,0.994675119640306,0.602033116861207,0.771459202871352,0.668843573761067,0.618,,53.3374489022595,0.771459202871352,10.9760438056126,0.400869593781293,0.0940235626212744,1.08930761288216,65.9445783889625,30.667786608884,5,0.0001824817518248175
22058,278,2010,221,0.0353915212412313,0.586592537673978,0.717886107508093,0.0342426595417179,0.0301702587023703,0.472794064446975,0.029,1.18809422938043,0.722301637403332,0.0301702587023703,56.9774127310062,0.417776742378109,0.106223514634204,0.563100233837099,3.76255710936491,23.3174468612925,16,0.0005839416058394161
5977,279,1968,60,0.998103576498689,0.995193353891404,0.895817019743845,0.994484698355526,0.895295818285786,0.893801031041981,0.891,57.6768200903993,145.431060374175,0.895295818285786,14.9760438056126,0.402339736865446,0.0950843964440866,0.649891339789029,232.342168342432,434.307170927762,1,3.649635036496351e-05
12876,280,1987,129,0.999737219352209,0.995708389819188,0.996553821489215,0.995621736938171,0.996431109149461,0.993365929793691,0.993,476.934015512941,1427.87474771176,0.996431109149461,33.9767282683094,0.409323168079701,0.100123538627739,1.22703440289057,298.450268006984,455.593109712725,1,3.649635036496351e-05
22387,281,2011,224,0.938177063047417,0.986476303992925,0.865829792339355,0.93702376434981,0.829083982600731,0.860196882235515,0.817,10.626162677923,7.97539519952122,0.829083982600731,57.9767282683094,0.418144026584623,0.106488541564612,0.66045403118038,112.917744593022,272.240859684102,1,3.649635036496351e-05
18915,282,2003,190,0.575678318555521,0.231809152497597,0.589616531040519,0.188692107489325,0.381399606264366,0.164146702374008,0.157,1.11028201397531,0.925477083815223,0.381399606264366,49.9767282683094,0.415203740416316,0.104366873918988,0.513384665750792,41.934377381601,7.20769823491805,33,0.0012043795620437956
20588,283,2007,206,0.223204696860788,0.504616320795037,0.155461119255051,0.190722400642139,0.0493534246591428,0.10594196878982,0.045,0.478771674292849,0.29820142410919,0.0493534246591428,53.9767282683094,0.416673883500469,0.1054277077418,0.434671842540115,15.9920560243253,18.0576440072001,59,0.002153284671532847
6731,284,1970,68,0.986816766445627,0.996762305002638,0.948437442537397,0.986472575472615,0.940176793084647,0.947330013205065,0.94,101.891733298449,40.6290671466819,0.940176793084647,16.9774127310062,0.403075311536573,0.0956151764060822,0.744470007876527,166.560109144236,511.901468373763,2,7.299270072992701e-05
18441,285,2002,185,0.81145987506618,0.836404789665071,0.795743401627988,0.751955280289146,0.678692204876622,0.697568375046864,0.636,4.11456649530773,2.7976360128041,0.678692204876622,48.9774127310062,0.414836456209802,0.104101846988579,0.597253654025126,72.8218330549029,59.6211088433942,20,0.00072992700729927
10062,286,1979,101,0.674576182261149,0.955025487875362,0.342198314145207,0.673305250298107,0.254115117515819,0.334308715525015,0.248,4.76995701069211,0.842670753388479,0.254115117515819,25.9767282683094,0.406382881911394,0.0980018709821147,0.448495389444348,52.307153965361,144.192936017908,5,0.0001824817518248175
13057,287,1987,131,0.838818770745904,0.95913823697436,0.986541586229578,0.835199541810196,0.832868647128293,0.95116830054526,0.793,4.79180843791045,26.6372231133233,0.832868647128293,33.9767282683094,0.409323168079701,0.100123538627739,0.976404772839484,78.57582909419,152.443889747893,4,0.00014598540145985403
22500,288,2011,226,0.720236095140506,0.755956913398151,0.0891860583797097,0.639444616558665,0.0745185886294844,0.0771960175951755,0.069,1.27567164923773,0.754442434948486,0.0745185886294844,57.9767282683094,0.418144026584623,0.106488541564612,0.42814859250841,58.0805986985642,41.8734536299771,32,0.0011678832116788322
11943,289,1984,120,0.688249036105387,0.624734269296864,0.462172661209479,0.529188200024763,0.350715452523697,0.325320905815567,0.301,1.54956366444155,0.998533378094965,0.350715452523697,30.9760438056126,0.408220309202061,0.0993277317353351,0.472209819210427,53.954980210435,26.3513267755211,38,0.001386861313868613
17579,290,2000,176,0.373711488625296,0.207755361404452,0.589320761384442,0.138149489025559,0.255392486304898,0.140023612204509,0.118,0.817066972975208,0.684087557646125,0.255392486304898,46.9760438056126,0.414100881538675,0.103571067026584,0.511450010538567,25.8262681570917,6.51960539910633,86,0.0031386861313868614
3144,291,1961,32,0.417478821340292,0.892599481200212,0.868933178018779,0.415245522495922,0.392802810536408,0.806092590439295,0.396,5.11124066979523,1.87986159506416,0.392802810536408,7.97809719370294,0.399767741161752,0.0932284818300497,0.614694950782295,28.9415820705147,82.2366390776554,9,0.0003284671532846715
9397,292,1977,94,0.98776757963971,0.904177546159444,0.888182675465941,0.900431765581569,0.882116278143632,0.822569394700745,0.799,7.69537484352629,32.4358178307231,0.882116278143632,23.9780971937029,0.405648313498367,0.0974718171212983,0.650377421889505,169.124472197458,89.1308173284746,7,0.00025547445255474455
19034,293,2004,191,0.994317044314527,0.966535866704156,0.97674357984215,0.96465043710073,0.973311600325583,0.949677019491159,0.941,22.1176155913358,88.8503409155065,0.973311600325583,50.9760438056126,0.415571024622829,0.104631900849396,0.91465351279834,195.257895315541,170.635814747106,3,0.00010948905109489051
13254,294,1988,133,0.995973304800574,0.629474631107213,0.388586335116997,0.628643613644321,0.388108545081449,0.287253968558383,0.297,,56.3554084329057,0.388108545081449,34.9760438056126,0.409690452286214,0.100388565558147,0.460588358606985,206.936042759301,26.7616073087925,7,0.00025547445255474455
21591,295,2009,216,0.153442710183724,0.960932876981837,0.855452104005963,0.153416947740154,0.140514698840596,0.834949230912877,0.142,11.7280135349706,1.5195272395995,0.140514698840596,55.9780971937029,0.417409458171596,0.105958487703795,0.648478682906622,11.6515875238446,156.414613177609,4,0.00014598540145985403
24524,296,2017,246,0.833745654499959,0.996825965003118,0.374130518408492,0.833737056206869,0.336974521068883,0.373573423499176,0.331,23.3022481174493,1.54920649915256,0.336974521068883,63.9780971937029,0.420349744339903,0.10808015534942,0.47246969337407,77.4423674290726,516.057501585806,2,7.299270072992701e-05
2037,297,1958,21,0.951730740635523,0.554266280260648,0.518306760117412,0.545202583462113,0.504701688063622,0.321470905485105,0.328,10.486909297503,5.76964341345857,0.504701688063622,4.97741273100616,0.398664882284112,0.0924326749376458,0.469274174701911,121.620075304258,21.0651971114657,7,0.00025547445255474455
12341,298,1985,124,0.640516103011427,0.820668788683967,0.58995981933549,0.612918802576946,0.414149713958523,0.51380684763949,0.402,2.27970490167845,1.08888697862195,0.414149713958523,31.9780971937029,0.408588599666674,0.0995934847669225,0.502371952759784,48.4563108736546,55.2396737267293,20,0.00072992700729927
24086,299,2016,241,0.973098862338552,0.851660995851428,0.879212423926219,0.843734219853042,0.865133308912525,0.768446190880956,0.747,7.59260005342381,15.598163058543,0.865133308912525,62.9760438056126,0.41998145387529,0.107814402317832,0.679867262843243,141.989377381336,64.5029149040026,6,0.00021897810218978101
14894,300,1994,149,0.071494831218533,0.474045555509431,0.98814942361787,0.0649045122351813,0.071210831548455,0.472372021265159,0.068,29.4223450548822,17.2912007570571,0.071210831548455,40.9774127310062,0.411896170041495,0.101980179342955,1.01158240969598,6.37652978629038,16.4278498902414,7,0.00025547445255474455
12565,301,1986,126,0.890445332178902,0.80402251413524,0.715435708640143,0.767720922736147,0.667417021534613,0.614266459138909,0.582,3.4782095459893,3.25013102374106,0.667417021534613,32.9774127310062,0.408955883873188,0.0998585116973308,0.544564593922449,92.5606496412947,51.1822737515118,11,0.0004014598540145985
18395,302,2002,184,0.754009606105586,0.96166574945562,0.764112964039668,0.752500090643323,0.614907971085785,0.748755246255336,0.583,3.74707341503729,2.06642735429581,0.614907971085785,48.9774127310062,0.414836456209802,0.104101846988579,0.57922746655552,62.9330851402388,158.109512612423,3,0.00010948905109489051
19337,303,2004,194,0.964137424155347,0.973063468441427,0.129544625291601,0.954176712602704,0.12787847435778,0.127960018195588,0.136,27.5114998259538,5.84856459473471,0.12787847435778,50.9760438056126,0.415571024622829,0.104631900849396,0.430210776865543,132.001524696718,192.018608062479,2,7.299270072992701e-05
27261,304,2024,273,0.984550005394902,0.998175751713532,0.426186293596402,0.984476024010239,0.423260434902364,0.425919416309816,0.423,114.690439309368,15.969165571206,0.423260434902364,70.9760438056126,0.422921740043597,0.109936069963456,0.486097082570909,161.116369231785,642.637195104268,1,3.649635036496351e-05
23173,305,2013,232,0.585096466254602,0.350358152264104,0.982886709971353,0.283569153506786,0.581055671379252,0.348060769204552,0.344,,15.2992980800271,0.581055671379252,59.9780971937029,0.41887960125575,0.107019321526608,0.982211782127901,42.8260655406362,11.0799360528329,9,0.0003284671532846715
22790,306,2012,228,0.817837828547077,0.969488612480541,0.936996597098187,0.816342800804268,0.782856732344128,0.918253919540312,0.788,38.9832044852977,7.13717118827007,0.782856732344128,58.9760438056126,0.418511310791136,0.10675356849502,0.769358134985628,74.0891373604291,179.527253037656,5,0.0001824817518248175
24719,307,2018,248,0.888240402506447,0.607905317309883,0.649363399017602,0.583075526491359,0.601407411504708,0.417202585300419,0.411,4.42708981335109,3.13461887282908,0.601407411504708,64.9774127310062,0.420717028546417,0.108345182279828,0.541822500905932,91.8444959774989,24.9567809165182,13,0.00047445255474452553
7918,308,1973,80,0.860023518937551,0.930211308395589,0.372684785863385,0.845015315575914,0.340440023301088,0.360524218881703,0.334,4.0766454545523,1.85646347040975,0.340440023301088,19.9780971937029,0.404178170414213,0.0964109832984861,0.450435374381684,83.7129355883932,110.150376660436,19,0.0006934306569343065
23192,309,2013,232,0.40744637616383,0.649356459269405,0.554894790519029,0.366704253194947,0.265956468198905,0.4005107981389,0.243,1.1206120737754,0.658728328254003,0.265956468198905,59.9780971937029,0.41887960125575,0.107019321526608,0.509916360807702,28.2135964439225,28.5741224314549,42,0.001532846715328467
19281,310,2004,193,0.688842104679745,0.911577793986731,0.872915329178795,0.681873536715964,0.623344930679711,0.808945163191738,0.616,8.05529063134317,3.24741238600313,0.623344930679711,50.9760438056126,0.415571024622829,0.104631900849396,0.660929297369731,54.027915472132,94.1962880286194,6,0.00021897810218978101
7228,311,1972,73,0.898252647877407,0.973317139840819,0.738034675363451,0.895538151116797,0.685536960843413,0.731117645596719,0.671,6.33145927383603,4.06094358732142,0.685536960843413,18.9760438056126,0.4038098799496,0.0961452302668987,0.543693387398477,95.2130033097988,192.990824862745,7,0.00025547445255474455
12380,312,1985,124,0.971305116358865,0.929400404432023,0.962755006738007,0.91928558683348,0.941005330246248,0.903857607908523,0.891,20.6441012024475,28.7968372574718,0.941005330246248,31.9780971937029,0.408588599666674,0.0995934847669225,0.811593036354974,139.751708292428,109.334471343232,4,0.00014598540145985403
7361,313,1972,74,0.998960971872952,0.841150538991811,0.991480426397175,0.840864390178636,0.990960666064015,0.838671235924987,0.842,,385.157720840188,0.990960666064015,18.9760438056126,0.4038098799496,0.0961452302668987,1.02472862099397,252.545843190365,61.0658985769152,1,3.649635036496351e-05
20519,314,2007,206,0.943035822458028,0.968670518541815,0.948765113018453,0.93472271240492,0.90528761642591,0.929788224978594,0.893,12.2495729528568,14.82944549144,0.90528761642591,53.9767282683094,0.416673883500469,0.1054277077418,0.794068845482537,115.801963735869,176.948806918914,1,3.649635036496351e-05
18806,315,2003,189,0.9938664112583,0.928907528392454,0.995263973949477,0.927005057526081,0.990347132615128,0.926832256824907,0.933,,164.372653511877,0.990347132615128,49.9767282683094,0.415203740416316,0.104366873918988,1.20267111400692,192.666179629077,108.844996527789,3,0.00010948905109489051
1313,316,1957,14,0.898756717875398,0.558588672816067,0.980541208991781,0.538415018875361,0.888131487912058,0.554171711013377,0.521,9.16102502907122,22.6409257811095,0.888131487912058,3.97809719370294,0.398297598077599,0.0921676480072376,0.864181638458006,95.3909203826002,21.3515373210379,8,0.00029197080291970805
1762,317,1958,18,0.113900948070532,0.386268157555208,0.282690169755369,0.0924353421500403,0.0451624927762298,0.139215796824026,0.032,0.432943205843833,0.308370069547576,0.0451624927762298,4.97741273100616,0.398664882284112,0.0924326749376458,0.43000475973077,9.16141891528109,12.4621535036516,82,0.0029927007299270073
3112,318,1961,32,0.735795695480415,0.672255655682702,0.945396087365225,0.587286943774546,0.71742406834533,0.657092379974763,0.601,27.1888611309797,5.51993884022878,0.71742406834533,7.97809719370294,0.399767741161752,0.0932284818300497,0.725002748312783,60.2452273906143,30.8669750440895,13,0.00047445255474452553
16477,319,1997,165,0.995449653130206,0.996972963063101,0.995430461829528,0.99442044207065,0.991887786216448,0.993506355082476,0.986,33.5485734504,198.47742869268,0.991887786216448,43.9780971937029,0.412999028919135,0.102775986235359,1.19553363471155,202.796169232503,526.084729090232,1,3.649635036496351e-05
25692,320,2020,257,0.0377302147790586,0.158686566444923,0.576681030448526,0.0221890971783741,0.0272046985466333,0.108839943165093,0.014,0.538886120509542,0.484503807877543,0.0272046985466333,66.9760438056126,0.421451596959443,0.108875236140644,0.520115096942034,3.94485014666658,5.18517574817179,53,0.0019343065693430658
22720,321,2012,228,0.881232049774209,0.995238789441854,0.976327035576105,0.881193872402494,0.868374125498703,0.9738118456085,0.88,,18.4927653763546,0.868374125498703,58.9760438056126,0.418511310791136,0.10675356849502,0.924721856179027,89.6551149677466,436.061860206877,2,7.299270072992701e-05
4521,322,1964,46,0.982349219296347,0.953632011975496,0.986678729299456,0.947330894524752,0.972890033913165,0.945922935905874,0.95,,51.7854950280071,0.972890033913165,10.9760438056126,0.400869593781293,0.0940235626212744,0.935029908577708,156.538004119698,141.631670659041,4,0.00014598540145985403
5834,323,1968,59,0.699447292606553,0.973867342698525,0.176047027343884,0.69903373039052,0.14353962269973,0.174294261107991,0.154,14.8082865002341,0.746142528701812,0.14353962269973,14.9760438056126,0.402339736865446,0.0950843964440866,0.420970729762133,55.3537637344303,195.143665864464,6,0.00021897810218978101
8711,324,1975,88,0.998450876104824,0.805197720269893,0.831434570718557,0.80478919640671,0.83095285337959,0.696377307089949,0.694,65.872035114997,187.370031443504,0.83095285337959,21.9767282683094,0.40491273882724,0.0969410371593026,0.597636444522894,239.143279264157,51.4517926422445,1,3.649635036496351e-05
23535,325,2014,236,0.994004605198125,0.992218874991708,0.948737761471421,0.989597385131237,0.946039323437852,0.944277525200695,0.938,28.764594706586,60.662002584499,0.946039323437852,60.9774127310062,0.419246885462263,0.107284348457016,0.803205782664626,193.440359454271,351.961104034835,1,3.649635036496351e-05
16757,326,1998,168,0.182865270107143,0.324524705724228,0.940432866802439,0.124715603365531,0.178799565513587,0.316000266581246,0.157,13.6123012705114,3.60351084702651,0.178799565513587,44.9774127310062,0.413366313125648,0.103041013165767,0.760130007827267,13.4813052024068,10.1541303070182,18,0.000656934306569343
23800,327,2015,239,0.255189333816315,0.465164835307162,0.775507332757115,0.204755732258589,0.217397118907765,0.38790263661242,0.18,1.49037975630107,1.07123468368383,0.217397118907765,61.9767282683094,0.419614169668776,0.107549375387424,0.595816587427958,18.0033861216813,15.9815614053387,29,0.0010583941605839416
10465,328,1979,105,0.923931963773449,0.960563222291706,0.422660609707236,0.914337106217621,0.400323269632159,0.413183100056724,0.433,,3.72226705263924,0.400323269632159,25.9767282683094,0.406382881911394,0.0980018709821147,0.462058118145226,105.582200829968,155.576324180017,6,0.00021897810218978101
25465,329,2020,255,0.277970697574,0.957012571432854,0.120769174769521,0.277873087483836,0.0476156074536789,0.118357957539584,0.059,6.87422029783597,0.308225426192037,0.0476156074536789,66.9760438056126,0.421451596959443,0.108875236140644,0.435575019084861,19.4549248885308,148.0424750319,12,0.00043795620437956203
1709,330,1958,18,0.282353323500161,0.691756608721342,0.449202289804816,0.268705402405351,0.155970141100549,0.348791653556648,0.116,0.854135172524331,0.471237403297217,0.155970141100549,4.97741273100616,0.398664882284112,0.0924326749376458,0.455840483500895,19.7363981192979,33.0211886940261,31,0.0011313868613138686
25118,331,2018,252,0.0936728523025889,0.0746666043838509,0.996135734952986,0.0248114993637798,0.0935739229265116,0.0745887074098026,0.025,57.1602001899464,53.1161143331115,0.0935739229265116,64.9774127310062,0.420717028546417,0.108345182279828,1.28100880562545,7.85531852384428,3.00568594417044,2,7.299270072992701e-05
18713,332,2002,188,0.94606160440188,0.99374170082547,0.596683951560408,0.945828319085032,0.579295044800841,0.595439846525926,0.581,65.0204861467605,5.47203275218008,0.579295044800841,48.9774127310062,0.414836456209802,0.104101846988579,0.514785648813587,117.72184212399,387.612712112508,2,7.299270072992701e-05
9889,333,1978,99,0.124163203738016,0.695732582062841,0.572166740661487,0.121084243520067,0.0826081827120298,0.438115786351944,0.076,1.15110771648117,0.51776149977723,0.0826081827120298,24.9774127310062,0.40601559770488,0.0977368440517065,0.493435057462936,9.81375782934779,33.4859885929095,25,0.0009124087591240876
4287,334,1964,43,0.94554423064585,0.986171376382717,0.989168541505933,0.944096874335605,0.940083249631498,0.977913384180288,0.923,10.983362636126,37.2406365645176,0.940083249631498,10.9760438056126,0.400869593781293,0.0940235626212744,0.968352880582089,117.386238454698,269.328266113751,2,7.299270072992701e-05
9553,335,1977,96,0.99515519030806,0.909409302072036,0.818097275681794,0.907951697439212,0.816155959732298,0.767152416621725,0.773,,68.8825317844823,0.816155959732298,23.9780971937029,0.405648313498367,0.0974718171212983,0.590251666796215,200.671110276283,92.6509418473113,4,0.00014598540145985403
12348,336,1985,124,0.973777171360486,0.982263076654311,0.570959504460916,0.967774911053029,0.563233757946066,0.566260163772447,0.567,61.1792864969274,10.8125161932066,0.563233757946066,31.9780971937029,0.408588599666674,0.0995934847669225,0.497357580723977,142.873969841418,238.303450003805,1,3.649635036496351e-05
3061,337,1961,31,0.871055329502923,0.984887216251374,0.994416563771665,0.870552133810689,0.869220750755443,0.981796407122989,0.868,62.3017604095153,53.3495874466783,0.869220750755443,7.97809719370294,0.399767741161752,0.0932284818300497,1.07404886830944,86.6871029365657,257.94920462217,2,7.299270072992701e-05
5264,338,1966,53,0.587992472145161,0.82905286876524,0.164989001350477,0.569518126620971,0.118187718081886,0.148629672260023,0.134,1.66249415681451,0.547635761887329,0.118187718081886,12.9774127310062,0.401605168452419,0.0945543425832701,0.418842742318684,43.1037121401504,57.5003022347578,24,0.0008759124087591241
7653,339,1973,77,0.997457787488558,0.996889484621559,0.998964078957215,0.995752452126163,0.996690371094978,0.996279379080862,0.996,,744.866059458014,0.996690371094978,19.9780971937029,0.404178170414213,0.0964109832984861,1.440392847181,222.471437376189,520.314376989556,1,3.649635036496351e-05
15361,340,1995,154,0.848970750870367,0.884962150449324,0.445693443762138,0.810470956634961,0.400238847765465,0.41326232222998,0.381,3.15727417218192,1.89439409995618,0.400238847765465,41.9767282683094,0.412263454248008,0.102245206273363,0.474810847116725,80.949486028725,78.2473856605044,21,0.0007664233576642335
5426,341,1966,55,0.430822792644732,0.709637291119961,0.447029051370919,0.401994978187925,0.225199879371357,0.348589524716692,0.227,1.23996214114081,0.575791366705694,0.225199879371357,12.9774127310062,0.401605168452419,0.0945543425832701,0.459692882450507,29.9238505460697,35.1867556502485,38,0.001386861313868613
9412,342,1977,95,0.97969345382731,0.588249931442696,0.756620732834563,0.584289242325888,0.749428365589164,0.483453701094521,0.499,,15.2506688454421,0.749428365589164,23.9780971937029,0.405648313498367,0.0974718171212983,0.555943020910873,151.709589317011,23.4402267932833,7,0.00025547445255474455
12480,343,1985,125,0.954897303990703,0.8795073695597,0.825862569268793,0.864623994472323,0.801898060995896,0.749804539108428,0.734,9.06644955840346,9.46154904545597,0.801898060995896,31.9780971937029,0.408588599666674,0.0995934847669225,0.602570932546946,123.996987775767,75.6246314136673,13,0.00047445255474452553
19077,344,2004,191,0.0497698796419785,0.362315595752709,0.967113961931318,0.0422334784676902,0.0492111862145034,0.357099754008958,0.03,5.08324043018025,6.1867128964581,0.0492111862145034,50.9760438056126,0.415571024622829,0.104631900849396,0.858548572010404,4.84823809776401,11.5271878972664,12,0.00043795620437956203
237,345,1953,3,0.746933575798658,0.992627170391429,0.975793692516163,0.74690409059858,0.734567435573147,0.97023076246998,0.723,14.9836865837641,16.8916532711439,0.734567435573147,-0.0219028062970568,0.396827454993445,0.0911068141844255,0.82564636261597,61.8677529338209,360.549733050769,2,7.299270072992701e-05
24447,346,2016,245,0.950733309176394,0.902737723392765,0.582500444026664,0.885049669436959,0.567505606162173,0.542269878349905,0.549,20.2969909436672,5.83569263787964,0.567505606162173,62.9760438056126,0.41998145387529,0.107814402317832,0.519342032315488,120.902856017237,88.2099403071422,11,0.0004014598540145985
24280,347,2016,243,0.537207091971694,0.253424885505454,0.728059146553278,0.199527726042658,0.42520559752462,0.200698686432403,0.161,1.37229850545983,1.25047393744051,0.42520559752462,62.9760438056126,0.41998145387529,0.107814402317832,0.572110673700627,38.4563904909222,7.84956177088808,35,0.0012773722627737226
1129,348,1956,12,0.834836925197253,0.52153251137195,0.954342209268361,0.48894442800091,0.810042925331807,0.510403043678366,0.505,,9.58598565728912,0.810042925331807,2.97604380561259,0.397929307612985,0.0919018949756502,0.742219254878983,77.6833903296238,19.0279905569593,11,0.0004014598540145985
15408,349,1995,155,0.993286136789292,0.980397730034592,0.996444495627657,0.977977951473851,0.99069057383224,0.978037811122934,0.962,13.7193275491441,208.346047804703,0.99069057383224,41.9767282683094,0.412263454248008,0.102245206273363,1.24094731609717,189.59350333773,226.58510688524,1,3.649635036496351e-05
10456,350,1979,105,0.756464033305471,0.920680982882245,0.0450300930533558,0.747938581905515,0.0371962489744647,0.0431336223028624,0.042,3.12044882822317,0.848528633431707,0.0371962489744647,25.9767282683094,0.406382881911394,0.0980018709821147,0.410911046418575,63.3092300687193,101.324562315883,10,0.000364963503649635
12635,351,1986,127,0.863018608167454,0.991507494832005,0.0103037427179515,0.862900303678856,0.0097218215128702,0.0102900166093303,0.01,24.7454433653665,1.46628135050642,0.0097218215128702,32.9774127310062,0.408955883873188,0.0998585116973308,0.409990789949276,84.4976274307005,338.341206325326,4,0.00014598540145985403
3252,352,1961,33,0.809790157166554,0.810950321416996,0.14098138641566,0.732574422143549,0.127090226602058,0.130638058498846,0.113,1.73039057437939,1.13430974287331,0.127090226602058,7.97809719370294,0.399767741161752,0.0932284818300497,0.414067001821144,72.4967283610303,52.8066452831657,21,0.0007664233576642335
5315,353,1966,54,0.0830417614945972,0.194425235841757,0.608323603169993,0.0477430290089967,0.0638885074667154,0.139479248689953,0.05,0.634275919304331,0.536879396258704,0.0638885074667154,12.9774127310062,0.401605168452419,0.0945543425832701,0.495485759563184,7.15409571127068,6.14877588217788,79,0.002883211678832117
2939,354,1961,30,0.978582421506565,0.980405890190031,0.97392940428108,0.969918161852608,0.959517106422209,0.961282718373117,0.95,25.6401358945893,28.5498912082417,0.959517106422209,7.97809719370294,0.399767741161752,0.0932284818300497,0.827742404488787,149.871837991009,226.633040537098,3,0.00010948905109489051
17394,355,1999,174,0.407245774844216,0.22303895383882,0.93658398790285,0.154360033697326,0.394002542487135,0.214762492482913,0.188,24.2237731659284,3.98622522084975,0.394002542487135,45.9767282683094,0.413733597332162,0.103306040096175,0.752306382326764,28.199128915094,6.95381004850176,9,0.0003284671532846715
1428,356,1957,15,0.933971206925894,0.683450720685767,0.953054968034849,0.667572529915317,0.901449277740162,0.664676537814034,0.659,47.3770880587446,13.8666418078494,0.901449277740162,3.97809719370294,0.398297598077599,0.0921676480072376,0.739858518791959,110.593999029933,32.07898765596,7,0.00025547445255474455
5309,357,1966,54,0.707344793220506,0.638071642678419,0.0620741373859346,0.547892265912232,0.0527278474703048,0.0473881855018842,0.049,1.04428976155541,0.705943188142237,0.0527278474703048,12.9774127310062,0.401605168452419,0.0945543425832701,0.407688315517837,56.3688738672218,27.5266152100796,36,0.001313868613138686
3632,358,1962,37,0.999177032674027,0.999137538977354,0.999815119197592,0.998748874367826,0.999069984686979,0.999037921713576,0.999,,2569.61024824915,0.999069984686979,8.97741273100616,0.400135025368266,0.093493508760458,1.81874449159514,260.353690143319,850.176359607085,1,3.649635036496351e-05
21933,359,2010,220,0.371249747090508,0.573064827925819,0.418607925530523,0.316163654285598,0.196960531905181,0.28541818947804,0.194,0.827746475322204,0.491276333336691,0.196960531905181,56.9774127310062,0.417776742378109,0.106223514634204,0.47732864893914,25.6554509584634,22.3429379122316,50,0.0018248175182481751
4801,360,1965,49,0.991980046739446,0.94360780969723,0.913627623580396,0.94103421910243,0.910483713704418,0.877559698291575,0.87,20.2795514234428,41.0168622848286,0.910483713704418,11.9780971937029,0.401237884245906,0.0942893156528619,0.670265779319353,183.542783660705,125.916239792077,3,0.00010948905109489051
15471,361,1995,155,0.996570081701038,0.754178668913809,0.935833703260869,0.753330315773353,0.934228075982962,0.719909852043102,0.727,,109.63163096879,0.934228075982962,41.9767282683094,0.412263454248008,0.102245206273363,0.745678437006538,212.36117058413,41.5822213522615,2,7.299270072992701e-05
9781,362,1978,98,0.999867638566875,0.935792141453227,0.623502964852378,0.935751617329062,0.623479516573497,0.59861783541303,0.611,,1836.32547773544,0.623479516573497,24.9774127310062,0.40601559770488,0.0977368440517065,0.50739638274809,321.241552942361,116.153063080454,1,3.649635036496351e-05
22043,363,2010,221,0.377610296994563,0.665974195262427,0.958813091274351,0.347031313262974,0.371303203396245,0.654523162805777,0.358,16.0512407821688,5.73397534562291,0.371303203396245,56.9774127310062,0.417776742378109,0.106223514634204,0.831757593855755,26.0977003278527,30.2141926425018,7,0.00025547445255474455
17889,364,2001,179,0.898740442367551,0.837333251724103,0.78339329152368,0.801457601907778,0.724533611418289,0.677755345154086,0.639,4.41700279720159,4.71699475717514,0.724533611418289,47.9780971937029,0.414469172003289,0.103836820058171,0.58905242939452,95.3851624389242,59.8988987836224,16,0.0005839416058394161
19842,365,2005,199,0.453064471166107,0.503882917450087,0.889343948103487,0.337274632255096,0.425800910823348,0.484078284614665,0.332,2.90433873612233,2.3982974518885,0.425800910823348,51.9780971937029,0.415939315087442,0.104897653880983,0.680743623576368,31.5991713797916,18.0167350856512,19,0.0006934306569343065
19964,366,2005,200,0.989750170167348,0.606886442781436,0.98333908081986,0.604838700317285,0.975940382840418,0.604834121842215,0.607,,70.1475800829194,0.975940382840418,51.9780971937029,0.415939315087442,0.104897653880983,0.972721352840668,175.172599723031,24.8753085401447,2,7.299270072992701e-05
27338,367,2024,274,0.753028151448806,0.99227776060639,0.991909104399383,0.752993739593319,0.74999476449404,0.98557423791817,0.756,,39.5451622537675,0.74999476449404,70.9760438056126,0.422921740043597,0.109936069963456,1.14307211218349,62.7836455225688,353.162402635394,1,3.649635036496351e-05
2085,368,1958,21,0.137248487801807,0.881555596187854,0.983443582430482,0.136934335268859,0.136410550240449,0.87243435619544,0.152,,12.7238766023286,0.136410550240449,4.97741273100616,0.398664882284112,0.0924326749376458,0.890242214415571,10.6385176845032,76.5889849500543,1,3.649635036496351e-05
22210,369,2011,223,0.285136278992386,0.978391780676679,0.997164002852514,0.285116188867105,0.28488675991403,0.976936702438039,0.291,,77.325225520786,0.28488675991403,57.9767282683094,0.418144026584623,0.106488541564612,1.3297110699085,19.9155406824061,215.563325209587,1,3.649635036496351e-05
24705,370,2018,248,0.839103956966701,0.467247355338238,0.25590275414288,0.439357696197696,0.231718224388654,0.134675394243983,0.131,1.77782126119173,1.46293457809757,0.231718224388654,64.9774127310062,0.420717028546417,0.108345182279828,0.453325084654538,78.640546809921,16.0851845407516,23,0.0008394160583941605
11066,371,1981,111,0.972520071154477,0.99291757922578,0.957628215663135,0.971734975999777,0.939448594240878,0.954032942992457,0.95,,21.5046654801606,0.939448594240878,27.9780971937029,0.407118456582521,0.0985326509441104,0.787012973530302,141.251725537323,367.052496649657,2,7.299270072992701e-05
2819,372,1960,29,0.483759517511217,0.217632897625035,0.205327110132203,0.164108207027537,0.127933794524729,0.0653331018038459,0.062,0.514594441134953,0.455739526408045,0.127933794524729,6.97604380561259,0.399399450697139,0.0929627287984623,0.421066187472398,33.9977505548794,6.79906325519937,49,0.0017883211678832117
21587,373,2009,216,0.229461693489875,0.124532328736989,0.291739385807887,0.0662540019900233,0.0862698465763204,0.0519285767041982,0.043,0.387808076328041,0.353939222235242,0.0862698465763204,55.9780971937029,0.417409458171596,0.105958487703795,0.454737161758174,16.3835654029553,4.29460376066815,119,0.004343065693430657
2454,374,1960,25,0.111197888442045,0.175421212966831,0.171531899366528,0.0554162727102978,0.0296206567950506,0.0450833192231898,0.017,0.305357847906641,0.267776737278095,0.0296206567950506,6.97604380561259,0.399399450697139,0.0929627287984623,0.417094748581825,8.98859867328517,5.63136737851885,128,0.004671532846715329
5666,375,1967,57,0.938688238405993,0.923749881089047,0.987446429673582,0.898108884372656,0.931177369646584,0.916187772801334,0.873,8.8536797123644,39.6612802368595,0.931177369646584,13.9767282683094,0.401972452658933,0.0948193695136783,0.95020795170112,113.21059186953,103.995221177464,6,0.00021897810218978101
880,376,1955,9,0.864974135260612,0.97679602585273,0.27136250352487,0.863695924221022,0.249402787303901,0.268274472065106,0.24,7.08202283184774,1.76887603071947,0.249402787303901,1.97672826830938,0.397562023406472,0.0916368680452419,0.427138443408569,85.0188503694599,207.744527590209,11,0.0004014598540145985
12893,377,1987,129,0.963777656937231,0.93074739829484,0.0426504351198673,0.917277460362549,0.0421602980246442,0.0418528261228568,0.041,8.65235497774546,5.5971915134949,0.0421602980246442,33.9767282683094,0.409323168079701,0.100123538627739,0.413698816481762,131.653790687749,110.697162785523,6,0.00021897810218978101
24078,378,2016,241,0.721931413995756,0.646723917762179,0.79595806566067,0.561080440392021,0.610608445756725,0.544044243406712,0.46,2.1949142662055,2.1570559769147,0.610608445756725,62.9760438056126,0.41998145387529,0.107814402317832,0.609041698931414,58.3110286196922,28.3251827366746,21,0.0007664233576642335
7160,379,1972,72,0.975864404306158,0.867162326933505,0.540031756507233,0.859923591998432,0.535257700368377,0.505563714951604,0.495,8.81580796778963,10.3297570646183,0.535257700368377,18.9760438056126,0.4038098799496,0.0961452302668987,0.482118460656772,145.744254807467,70.2767319441122,8,0.00029197080291970805
10285,380,1979,103,0.983141352669218,0.997083710429067,0.984917079797015,0.9829458194169,0.970316802421636,0.982984109339249,0.976,,88.5594494921111,0.970316802421636,25.9767282683094,0.406382881911394,0.0980018709821147,0.942711474045103,158.11756848626,534.06891420615,3,0.00010948905109489051
2898,381,1960,29,0.131643415685803,0.121727683067137,0.40106041287072,0.046548660438505,0.0727471674551079,0.0672630965451968,0.027,0.395939707341105,0.370340647859668,0.0727471674551079,6.97604380561259,0.399399450697139,0.0929627287984623,0.448569430318123,10.2860563780595,4.22226945977511,125,0.004562043795620438
11138,382,1981,112,0.585582802981996,0.982445418204515,0.850280335871503,0.585503845483504,0.524840461071278,0.842192781869062,0.522,16.3551937691271,2.24776375614547,0.524840461071278,27.9780971937029,0.407118456582521,0.0985326509441104,0.617620026438813,42.872576123222,239.538277887905,3,0.00010948905109489051
20118,383,2006,202,0.439623449213514,0.858493947637629,0.992568699177355,0.434595395195324,0.438641317054918,0.857552485570769,0.418,9.04850377460339,31.0117490204409,0.438641317054918,52.9774127310062,0.416306599293956,0.105162680811391,1.12134424726974,30.5808620025711,66.9343391732647,3,0.00010948905109489051
23831,384,2015,239,0.427283630968733,0.284880942938994,0.736988498829305,0.198734761411383,0.345183031730298,0.231237119938061,0.189,1.45983440441165,1.1055165712174,0.345183031730298,61.9767282683094,0.419614169668776,0.107549375387424,0.575585353336495,29.6617236802773,8.82937774961661,41,0.0014963503649635037
21242,385,2009,213,0.998069828137584,0.98530772955741,0.990847222041339,0.984664064354223,0.989728533877419,0.978748036680554,0.976,68.5905121953612,246.462129024387,0.989728533877419,55.9780971937029,0.417409458171596,0.105958487703795,1.08819569010595,231.748647135722,261.527349866841,2,7.299270072992701e-05
2957,386,1961,30,0.928108936657143,0.87301515200297,0.454433422535658,0.847273919836881,0.441107308425851,0.427612736158272,0.411,4.04559767038295,3.41501192469458,0.441107308425851,7.97809719370294,0.399767741161752,0.0932284818300497,0.458392788977162,107.584476710983,72.7182351804477,12,0.00043795620437956203
1506,387,1957,16,0.91554540081819,0.994044182147835,0.793231625342742,0.915437073259126,0.744947058177085,0.790976998555008,0.747,129.876734822969,5.5294393964231,0.744947058177085,3.97809719370294,0.398297598077599,0.0921676480072376,0.558436842780231,101.865149244963,396.079815824745,3,0.00010948905109489051
24944,388,2018,250,0.532989399705441,0.980671175615875,0.461804472841322,0.532916771930706,0.284855559821169,0.456742828552118,0.287,16.5973559128642,0.689508503792143,0.284855559821169,64.9774127310062,0.420717028546417,0.108345182279828,0.490435858700313,38.0898382932848,228.206270315256,4,0.00014598540145985403
6169,389,1969,62,0.99020733753742,0.995172756954995,0.783858934650198,0.989009830891165,0.780855945473153,0.782575319228601,0.771,16.3906663526653,29.4564983599565,0.780855945473153,15.9780971937029,0.40270802733006,0.095350149475674,0.563269665503964,176.731123505632,433.518907438178,1,3.649635036496351e-05
24811,390,2018,249,0.898455782461318,0.931435347761681,0.553443980403244,0.876984714303542,0.518962543605908,0.525638736719374,0.479,3.37547706446525,2.9822801528523,0.518962543605908,64.9774127310062,0.420717028546417,0.108345182279828,0.512492642199539,95.2845995061381,111.40765775273,16,0.0005839416058394161
13422,391,1989,135,0.140277404676027,0.382978034426846,0.496827774681151,0.110526445069758,0.089848566928248,0.243549966245709,0.074,0.571687032018282,0.441751344117874,0.089848566928248,35.9780971937029,0.410058742750828,0.100654318589735,0.482161980470948,10.8285413475158,12.3304879863003,62,0.002262773722627737
7107,392,1972,72,0.902007956131204,0.932926433422889,0.967010994674638,0.880636811020586,0.884143475509383,0.915167086209533,0.851,7.40686190278987,13.2235560402887,0.884143475509383,18.9760438056126,0.4038098799496,0.0961452302668987,0.810402270659103,96.5594197803392,112.982722916717,6,0.00021897810218978101
15441,393,1995,155,0.492299118067634,0.712633903834924,0.0034179382491856,0.45348540645901,0.0022625061600015,0.0028077363845722,0.002,0.805786550307213,0.39483130301914,0.0022625061600015,41.9767282683094,0.412263454248008,0.102245206273363,0.412613593588358,34.684628194789,35.5695309218055,33,0.0012043795620437956
22353,394,2011,224,0.853139349914232,0.882023534719615,0.869119402952492,0.811436168308659,0.766735810707971,0.79117706751362,0.729,5.5452723187861,4.49670031488733,0.766735810707971,57.9767282683094,0.418144026584623,0.106488541564612,0.663834641192019,81.9683815961758,76.8126868971259,15,0.0005474452554744526
133,395,1953,2,0.593319411266388,0.631290251354707,0.366399627644569,0.485337502647379,0.240996370507955,0.265269584270057,0.221,1.11362191302195,0.711042012751142,0.240996370507955,-0.0219028062970568,0.396827454993445,0.0911068141844255,0.439579038967305,43.6187971202814,26.920890025911,52,0.0018978102189781021
17346,396,1999,174,0.948320414243158,0.626383207631417,0.706481345463544,0.615303513979564,0.685104927085808,0.471432123020273,0.461,6.74408954581858,6.59997014496591,0.685104927085808,45.9767282683094,0.413733597332162,0.103306040096175,0.55030148987827,119.224822549805,26.4931367089632,12,0.00043795620437956203
15234,397,1995,153,0.825929775262865,0.917653257957339,0.944368778495118,0.810036475596057,0.794256437733543,0.879250796048758,0.76,5.6192564356498,8.34798266007239,0.794256437733543,41.9767282683094,0.412263454248008,0.102245206273363,0.766242211634228,75.7586518658742,98.8297026764679,3,0.00010948905109489051
5989,398,1968,60,0.774969692867504,0.636658655473215,0.367773598060012,0.574382870129498,0.317766877016628,0.267387964672262,0.269,1.79960068883662,1.142703132012,0.317766877016628,14.9760438056126,0.402339736865446,0.0950843964440866,0.447176021445496,66.2639379451852,27.3989766710411,34,0.0012408759124087592
11712,399,1983,118,0.611397648078152,0.945463414688385,0.903735510073602,0.610040266892798,0.572908399058459,0.86891475620693,0.55,4.84650520466401,3.46169045531044,0.572908399058459,29.9767282683094,0.407853024995547,0.0990627048049269,0.67612398364849,45.4111580071444,128.51690255655,5,0.0001824817518248175
18728,400,2002,188,0.85077307884749,0.818251479466104,0.996347391745076,0.761309554428395,0.849548340090006,0.817169782634081,0.763,,82.3767505670345,0.849548340090006,48.9774127310062,0.414836456209802,0.104101846988579,1.25300545856117,81.3866872335981,54.616601691882,1,3.649635036496351e-05
19212,401,2004,193,0.656460330208392,0.850887189978343,0.917430076049641,0.636815884929599,0.619081713985118,0.79403572404279,0.594,6.41936558855348,4.42562984031847,0.619081713985118,50.9760438056126,0.415571024622829,0.104631900849396,0.720472579247383,50.2167203761694,64.2378626971501,7,0.00025547445255474455
15015,402,1994,151,0.936144595846811,0.451266043946568,0.868222055025399,0.441453271467293,0.825606893374743,0.411274281561462,0.406,11.9747919243979,9.41608835097576,0.825606893374743,40.9774127310062,0.411896170041495,0.101980179342955,0.646292974333172,111.776215144291,15.3055709733566,6,0.00021897810218978101
18546,403,2002,186,0.797625184623551,0.734500606542184,0.839856824139133,0.665941200937272,0.704137503656023,0.656479310788298,0.576,2.54532588831503,3.0005028140596,0.704137503656023,48.9774127310062,0.414836456209802,0.104101846988579,0.628443769828622,70.2059995985641,38.557594612049,25,0.0009124087591240876
18653,404,2002,187,0.910901956460494,0.547061544977309,0.217597193550318,0.529923874844931,0.208624851395524,0.147622243749115,0.143,2.95813025454658,2.49607799424718,0.208624851395524,48.9774127310062,0.414836456209802,0.104101846988579,0.440766819967589,99.9580978398791,20.5973279712884,26,0.0009489051094890511
14534,405,1993,146,0.984225479512229,0.945793355531208,0.224451860645786,0.940416048633354,0.223341696466152,0.219668498796174,0.23,,13.638512035406,0.223341696466152,39.9780971937029,0.411528885834981,0.101715152412547,0.437787441587366,160.402279342136,128.992313115123,4,0.00014598540145985403
11427,406,1983,115,0.713502317316669,0.909754272616964,0.578892428893596,0.704918773369092,0.455879605712077,0.547604686763037,0.434,2.76801104238501,1.22335487585492,0.455879605712077,29.9767282683094,0.407853024995547,0.0990627048049269,0.49820060385045,57.1777306333573,92.8932314425573,11,0.0004014598540145985
13288,407,1988,133,0.241108947814716,0.07952699325905,0.672544991364703,0.0448076007476899,0.186024772500626,0.0650148128498852,0.036,0.750001161583799,0.734293013540621,0.186024772500626,34.9760438056126,0.409690452286214,0.100388565558147,0.529735442018617,17.1146965766662,3.13300892871857,54,0.001970802919708029
1436,408,1957,15,0.736258476218025,0.997981344829411,0.971468469128013,0.736257164724265,0.725496474659,0.970444041207337,0.707,10.2619936149723,11.2552221545964,0.725496474659,3.97809719370294,0.398297598077599,0.0921676480072376,0.808514751467308,60.3113806281417,617.897290538148,1,3.649635036496351e-05
13576,409,1989,136,0.588830697159367,0.991986042706883,0.876604549819604,0.588817960150883,0.536677437758127,0.873676091280618,0.508,5.92589089666366,2.80732523540693,0.536677437758127,35.9780971937029,0.410058742750828,0.100654318589735,0.649908019096681,43.1843851831211,347.326934129607,2,7.299270072992701e-05
10294,410,1979,103,0.857867913966999,0.775282373148909,0.59949220251292,0.728014358812248,0.53141922054375,0.493634035035599,0.454,3.01090891005899,2.70054576717025,0.53141922054375,25.9767282683094,0.406382881911394,0.0980018709821147,0.501240532658328,83.1580356885228,45.2577118345575,24,0.0008759124087591241
18969,411,2003,190,0.905246117588706,0.996516950844636,0.994532449170947,0.905220151825729,0.902915477695259,0.992032268861996,0.887,11.853691700258,63.7569902702319,0.902915477695259,49.9767282683094,0.415203740416316,0.104366873918988,1.1741650270164,97.760995689801,496.830329833656,1,3.649635036496351e-05
23620,412,2015,237,0.333523617195708,0.31076672192566,0.0289309925865382,0.185481843311232,0.0138000680757833,0.0120051061760484,0.009,0.378024894350745,0.307056719983864,0.0138000680757833,61.9767282683094,0.419614169668776,0.107549375387424,0.422777224178612,23.088665777504,9.68199292960111,68,0.0024817518248175185
9006,413,1976,91,0.548085625100376,0.740423471406132,0.554211762500927,0.507716192941355,0.343767938434853,0.449116632780351,0.341,1.71115813060273,0.828258349971062,0.343767938434853,22.9760438056126,0.405280023033753,0.0972060640897108,0.487804596961877,39.41467725405,39.4316099001226,30,0.0010948905109489052
11589,414,1983,116,0.815572614496725,0.302516134590591,0.602710581384599,0.282085504969446,0.522051736440682,0.2149250394265,0.193,1.90000374592432,1.92736641492607,0.522051736440682,29.9767282683094,0.407853024995547,0.0990627048049269,0.50463132430997,73.6343173290849,9.40534283668329,30,0.0010948905109489052
4478,415,1964,45,0.647012136025576,0.602855001830481,0.720987292472273,0.494293427416966,0.520185610556393,0.476658512350619,0.429,2.19098558429571,1.31417975860031,0.520185610556393,10.9760438056126,0.400869593781293,0.0940235626212744,0.530715588301751,49.165047700115,24.5561012077515,27,0.0009854014598540146
18783,416,2002,188,0.866884975683349,0.998630641785904,0.885635131737217,0.866883249024046,0.789916824547083,0.885237922063464,0.788,69.2701523679983,5.34806302177216,0.789916824547083,48.9774127310062,0.414836456209802,0.104101846988579,0.67315446564222,85.53517632944,716.845942943466,1,3.649635036496351e-05
19342,417,2004,194,0.659658904211584,0.45855206011052,0.529811380896717,0.388504884366328,0.392066672865521,0.274608959249884,0.253,1.29736878922173,0.987184432131475,0.392066672865521,50.9760438056126,0.415571024622829,0.104631900849396,0.498267848591794,50.5785639784801,15.6566031481047,37,0.0013503649635036496
15152,418,1994,152,0.896663712320566,0.998306003731698,0.9906701578293,0.896659498538334,0.891554901666735,0.989531136228527,0.893,,47.3817831496125,0.891554901666735,40.9774127310062,0.411896170041495,0.101980179342955,1.05404163781568,94.6576773512132,661.209787605979,1,3.649635036496351e-05
8287,419,1974,83,0.956359268111115,0.488803257591113,0.999194384785369,0.481631328594961,0.956027303407894,0.488687520104784,0.494,,422.252262336893,0.956027303407894,20.9774127310062,0.404545454620727,0.0966760102288944,1.50058090401023,125.149959879935,17.1958051845034,1,3.649635036496351e-05
25821,420,2020,259,0.328391193780058,0.974335455042684,0.239513552747667,0.328350419921235,0.10319836032699,0.237660948741031,0.082,4.44745612150183,0.373626725304068,0.10319836032699,66.9760438056126,0.421451596959443,0.108875236140644,0.451763536817178,22.74628927729,197.024705573028,3,0.00010948905109489051
385,421,1953,4,0.0156044219512568,0.298234347383565,0.222480653319508,0.0132674543720129,0.0048819286718437,0.0788404394173687,0.006,0.36057449625873,0.260825274794638,0.0048819286718437,-0.0219028062970568,0.396827454993445,0.0911068141844255,0.42010888442946,2.07030258527304,9.26361279960672,57,0.0020802919708029196
13953,422,1991,140,0.99630052546456,0.969865303751321,0.949604797875509,0.968654033954857,0.948094470809988,0.930591050876644,0.937,,91.3597657299011,0.948094470809988,37.9767282683094,0.410793311163855,0.101184372450551,0.775401492709989,209.80342405606,180.746664351919,2,7.299270072992701e-05
16224,423,1997,163,0.671887381346037,0.974217404035161,0.985545291565359,0.671553565731757,0.66787571950127,0.965425350766331,0.667,32.2343615876589,19.151499352107,0.66787571950127,43.9780971937029,0.412999028919135,0.102775986235359,0.982758086649281,51.9904259596864,196.545935917754,1,3.649635036496351e-05
17427,424,2000,175,0.983241339316336,0.558498319778273,0.966681643389165,0.555405235622028,0.955621467631512,0.547205650720619,0.556,,35.0970481797867,0.955621467631512,46.9760438056126,0.414100881538675,0.103571067026584,0.850539187251195,158.322127212454,21.3455075280213,4,0.00014598540145985403
5637,425,1967,57,0.361557949689086,0.706995390660464,0.953058619285002,0.341671310003998,0.352990179095901,0.685645848578126,0.32,5.1685759414293,5.21191515119705,0.352990179095901,13.9767282683094,0.401972452658933,0.0948193695136783,0.753370998442368,24.9871041099768,34.8542174131767,10,0.000364963503649635
4739,426,1965,48,0.966478944481771,0.954247812318858,0.878889869200066,0.94027888838172,0.862907500352445,0.854649811404372,0.833,7.93034802676901,11.4033623928726,0.862907500352445,11.9780971937029,0.401237884245906,0.0942893156528619,0.628196398936943,134.351901977067,142.750148249289,5,0.0001824817518248175
14988,427,1994,150,0.795745451683568,0.874785630588539,0.400750240543857,0.764339788339321,0.340398979080388,0.370321481185483,0.306,2.04543053000113,1.38982232007221,0.340398979080388,40.9774127310062,0.411896170041495,0.101980179342955,0.465779476799025,69.8636164288969,73.4891562757195,19,0.0006934306569343065
3525,428,1962,36,0.987578433140004,0.997957407173684,0.955998898716643,0.987449456277111,0.948315232100083,0.955188028976131,0.951,,42.2127925291655,0.948315232100083,8.97741273100616,0.400135025368266,0.093493508760458,0.755429902911273,168.599015810472,615.065223782854,1,3.649635036496351e-05
10162,429,1979,102,0.518957129188235,0.209662094471342,0.602455568965524,0.163467045802524,0.343716540993498,0.147525183292517,0.138,1.07738897120486,0.899669557868066,0.343716540993498,25.9767282683094,0.406382881911394,0.0980018709821147,0.502054450907201,36.889456550957,6.57323015602611,50,0.0018248175182481751
13170,430,1988,132,0.866485088704314,0.981737468773394,0.865303618134931,0.865742598626204,0.768534121541788,0.857222737248391,0.77,25.0837741500714,5.44285597588196,0.768534121541788,34.9760438056126,0.409690452286214,0.100388565558147,0.637618611906172,85.4265398788744,234.838103251034,4,0.00014598540145985403
4674,431,1965,47,0.969792620300427,0.647093659818177,0.443769534351304,0.640537605856672,0.439566130545111,0.330268122632772,0.34,20.5845083016348,7.6911315723425,0.439566130545111,11.9780971937029,0.401237884245906,0.0942893156528619,0.458567402004307,137.96916706169,28.3599748588888,8,0.00029197080291970805
26409,432,2022,265,0.892627324237058,0.948380976835009,0.788459768053144,0.88153568498081,0.727701303650788,0.764783991265186,0.7,4.48904452114072,4.29053703071144,0.727701303650788,68.9774127310062,0.42218717163057,0.10940601610264,0.609257839923583,93.2831315294974,132.866645004016,6,0.00021897810218978101
11588,433,1983,116,0.686396446812384,0.923262537069152,0.800866031087935,0.681498727344048,0.581615322953878,0.760022611762869,0.567,4.38484494102047,2.11970290759619,0.581615322953878,29.9767282683094,0.407853024995547,0.0990627048049269,0.584497589575001,53.7279514687471,103.561027825737,12,0.00043795620437956203
26569,434,2023,266,0.973215154143204,0.979547801413704,0.982576480368152,0.965476130714145,0.960451629922637,0.966869344010524,0.95,26.8180322093724,42.9184971976258,0.960451629922637,69.9767282683094,0.422554455837084,0.109671043033048,0.996615838540772,142.139467411879,221.736023730316,3,0.00010948905109489051
24228,435,2016,243,0.406611231289657,0.995956426334214,0.0722961688879877,0.406610360435064,0.038702236359725,0.0721792956317614,0.036,30.174715003466,0.357273749368684,0.038702236359725,62.9760438056126,0.41998145387529,0.107814402317832,0.428109201614081,28.1533876421767,467.081233148173,3,0.00010948905109489051
21825,436,2010,219,0.84286111573682,0.990014851001495,0.428867563139647,0.842722623912841,0.38550561524669,0.427552188421316,0.38,14.2481625380017,1.75782549944229,0.38550561524669,56.9774127310062,0.417776742378109,0.106223514634204,0.479351108314451,79.5034822621819,314.152869856579,6,0.00021897810218978101
19446,437,2004,195,0.43864309709342,0.902419858232491,0.258901987457648,0.43663908619259,0.137110088228787,0.247249513420515,0.118,1.94111162208816,0.454995275617155,0.137110088228787,50.9760438056126,0.415571024622829,0.104631900849396,0.447499693601384,30.5073009316934,88.0092670607815,8,0.00029197080291970805
1764,438,1958,18,0.476393659932897,0.637804686258759,0.772779266815633,0.41404196795115,0.40038795940152,0.530784654452183,0.363,2.10002483830748,1.32261982483555,0.40038795940152,4.97741273100616,0.398664882284112,0.0924326749376458,0.548762888142146,33.4123692640709,27.5024419355096,34,0.0012408759124087592
18818,439,2003,189,0.349625638479458,0.927790529288422,0.70688603585586,0.3490696816383,0.279381169861805,0.675892329670463,0.275,4.44040096137036,0.897386156537652,0.279381169861805,49.9767282683094,0.415203740416316,0.104366873918988,0.55334120485185,24.172985224487,107.753249923085,6,0.00021897810218978101
20009,440,2006,201,0.556968234353222,0.515522614158889,0.905294735450298,0.39382825031195,0.529201071196746,0.500993340471839,0.391,3.62075633208499,2.98783496748892,0.529201071196746,52.9774127310062,0.416306599293956,0.105162680811391,0.70338242469912,40.211421145306,18.6772541362056,16,0.0005839416058394161
8819,441,1976,89,0.0013620485306956,0.992026913302836,0.0210224550683051,0.0013620475330733,7.66096077331916e-05,0.0209687564584445,0.0,25.0125165840391,0.204563378154363,7.66096077331916e-05,22.9760438056126,0.405280023033753,0.0972060640897108,0.407347991346066,0.364674579996152,348.127356727994,1,3.649635036496351e-05
15684,442,1995,157,0.956001225987655,0.895352812285291,0.903459085617214,0.880278082137037,0.874540249188101,0.829797148776596,0.828,110.965856092018,13.262654364193,0.874540249188101,41.9767282683094,0.412263454248008,0.102245206273363,0.688763183947145,124.864137883187,83.7763518564074,12,0.00043795620437956203
22328,443,2011,224,0.837505137833288,0.852469987878281,0.962001886218786,0.780192514248397,0.818388358518674,0.833334772567817,0.757,8.71891522362816,10.5924716472661,0.818388358518674,57.9767282683094,0.418144026584623,0.106488541564612,0.845871488604537,78.2791199680888,64.7821859788142,7,0.00025547445255474455
26217,444,2022,263,0.0733705082431741,0.868759463485381,0.719490096205845,0.073220001563192,0.0604204448208567,0.649538150338907,0.065,3.53615987338891,0.747496334734141,0.0604204448208567,68.9774127310062,0.42218717163057,0.10940601610264,0.572592550722139,6.50415838388516,70.927278481828,4,0.00014598540145985403
21049,445,2008,211,0.170263800546506,0.621498642619769,0.958883746527135,0.160714570977075,0.166751572720087,0.607329183161658,0.144,4.98142710205768,5.31857950210996,0.166751572720087,54.9760438056126,0.417041167706983,0.105692734672208,0.829221001549958,12.698547112145,26.0758216528178,5,0.0001824817518248175
18165,446,2001,182,0.98850358495629,0.999120251058737,0.616797633701935,0.988483436585396,0.614851279638239,0.616675176730325,0.61,35.7882700572663,20.9422746533823,0.614851279638239,47.9780971937029,0.414469172003289,0.103836820058171,0.520115132681213,171.24844463845,844.085271865121,1,3.649635036496351e-05
24643,447,2017,247,0.927198106029749,0.990042521806673,0.36813540617004,0.926749770834421,0.353904889308207,0.366256009149076,0.363,,3.41463714656727,0.353904889308207,63.9780971937029,0.420349744339903,0.10808015534942,0.471379497104431,107.13840720999,314.556506572929,4,0.00014598540145985403
14572,448,1993,146,0.819303028972167,0.904200263937173,0.698930596001446,0.79831947977949,0.60789205056947,0.657904483614495,0.574,2.95498995996897,2.23068828914661,0.60789205056947,39.9780971937029,0.411528885834981,0.101715152412547,0.542999106381172,74.3861758740957,89.1455055534809,18,0.000656934306569343
8303,449,1974,84,0.665053833458575,0.807030371978943,0.984013394918293,0.627803575033457,0.659838326489191,0.800483246530691,0.6,6.2446242181516,18.5682089155945,0.659838326489191,20.9774127310062,0.404545454620727,0.0966760102288944,0.924279024331392,51.1957792427332,51.8769269943453,8,0.00029197080291970805
12585,450,1986,126,0.968358366078683,0.759444166965568,0.633354722522199,0.75126673547398,0.625053558466351,0.523994166736639,0.507,6.21944597836243,8.56880778976478,0.625053558466351,32.9774127310062,0.408955883873188,0.0998585116973308,0.515524299938485,136.357981556588,42.4539199762753,8,0.00029197080291970805
1227,451,1956,13,0.152223888244867,0.211318187891011,0.121980563271791,0.0799516923994367,0.0305690335734334,0.0388065693586585,0.017,0.309212369095165,0.264422746311232,0.0305690335734334,2.97604380561259,0.397929307612985,0.0919018949756502,0.40997964752238,11.5755584236971,6.61992882631397,116,0.004233576642335766
13087,452,1987,131,0.916193726661233,0.841442360838986,0.882042398909107,0.812924884673207,0.825421419536827,0.768888604305944,0.726,4.81273386545918,7.35691879023104,0.825421419536827,33.9767282683094,0.409323168079701,0.100123538627739,0.653744770773507,102.139451561894,61.1568023724578,16,0.0005839416058394161
15561,453,1995,156,0.407578403995046,0.408816736563767,0.82605862361379,0.265446330477988,0.360762853623984,0.359842433956547,0.272,2.79337981720346,1.57324444819079,0.360762853623984,41.9767282683094,0.412263454248008,0.102245206273363,0.611553145732255,28.2231202665576,13.3942654857693,28,0.0010218978102189782
6936,454,1971,70,0.965194509508092,0.647938565389226,0.994565094821155,0.640338727350633,0.962284271347218,0.647178341074439,0.648,,79.2183676407287,0.962284271347218,17.9767282683094,0.403442595743086,0.0958802033364905,1.10177115755117,133.043391692733,28.4396888908816,4,0.00014598540145985403
27357,455,2024,274,0.915075836108551,0.879741718717851,0.0071675574872642,0.847084636775437,0.006879450072126,0.0067138947340472,0.009,4.02472231823842,2.36305905930269,0.006879450072126,70.9760438056126,0.422921740043597,0.109936069963456,0.423712896898049,101.667749134872,75.7337648725702,11,0.0004014598540145985
17852,456,2001,179,0.98990036004107,0.927827147242052,0.682126992382109,0.924641672751759,0.678866693685186,0.647232645189764,0.634,11.8437721452627,29.2425823391803,0.678866693685186,47.9780971937029,0.414469172003289,0.103836820058171,0.542176611272794,175.676899878822,107.788660733899,7,0.00025547445255474455
19908,457,2005,200,0.0266559158480319,0.191538201093164,0.847705400548875,0.0182309024327426,0.0247081849654028,0.18219236987122,0.007,1.31378474379266,1.33025717066321,0.0247081849654028,51.9780971937029,0.415939315087442,0.104897653880983,0.637787371229257,3.05497552784845,6.06935768480473,38,0.001386861313868613
8400,458,1975,85,0.993168165455085,0.272707906043874,0.994748112279922,0.272096772163858,0.989099454786603,0.272276087141192,0.254,10.6111320688648,169.036408988971,0.989099454786603,21.9767282683094,0.40491273882724,0.0969410371593026,1.11724495624452,189.001084485357,8.44331783273664,1,3.649635036496351e-05
8489,459,1975,85,0.993952370477366,0.989054100073466,0.994565366767347,0.986648419928713,0.9896539841508,0.985197012809622,0.982,103.757065603646,176.018081042536,0.9896539841508,21.9767282683094,0.40491273882724,0.0969410371593026,1.11097686951569,193.145676820733,301.00132075785,1,3.649635036496351e-05
3435,460,1962,35,0.764739102139396,0.358316804793559,0.424625863321126,0.325760374666838,0.360880441986867,0.195638175756125,0.191,1.3927846026372,1.16607552887089,0.360880441986867,8.97741273100616,0.400135025368266,0.093493508760458,0.45358994945665,64.6037768927929,11.3762328777798,39,0.0014233576642335767
24822,461,2018,249,0.949692091199176,0.564667360485461,0.995790175162256,0.55501834203879,0.947612919188265,0.563366187840231,0.557,,93.8679438908209,0.947612919188265,64.9774127310062,0.420717028546417,0.108345182279828,1.26285622971423,120.169121009653,21.761634278332,2,7.299270072992701e-05
26364,462,2022,264,0.549061427587889,0.986615773304085,0.575585558079183,0.549027851788332,0.361904408088601,0.572357528074475,0.378,,0.842966251418957,0.361904408088601,68.9774127310062,0.42218717163057,0.10940601610264,0.521017775183476,39.5015642686246,273.602642303077,5,0.0001824817518248175
7095,463,1971,71,0.999380544711112,0.927903791641785,0.659623808693141,0.927715569239238,0.659521366062079,0.634738708626175,0.649,,386.837724323949,0.659521366062079,17.9767282683094,0.403442595743086,0.0958802033364905,0.513855798965329,269.854204176803,107.862860796545,1,3.649635036496351e-05
23223,464,2013,233,0.749223961677282,0.703050792021855,0.727964793564752,0.617613037790553,0.585871823041574,0.551097494591729,0.497,2.58589007508418,1.84021305295585,0.585871823041574,59.9780971937029,0.41887960125575,0.107019321526608,0.569843439563603,62.2095410457872,34.3660737398114,28,0.0010218978102189782
5242,465,1966,53,0.993342527391671,0.983331305307116,0.859675130574033,0.980865936612194,0.857215439232315,0.851570248860845,0.829,8.22955134174155,47.6442166224295,0.857215439232315,12.9774127310062,0.401605168452419,0.0945543425832701,0.6113588835484,189.88033011309,245.794428838626,2,7.299270072992701e-05
20551,466,2007,206,0.753769108639834,0.921253343409234,0.966167846927419,0.745547337724423,0.739488393156857,0.903040824498255,0.73,11.8439513901912,10.2294268175119,0.739488393156857,53.9767282683094,0.416673883500469,0.1054277077418,0.858497367209659,62.8964153029503,101.811422157605,5,0.0001824817518248175
23634,467,2015,237,0.834976302696779,0.961760612375062,0.919832585612312,0.831990150942998,0.786358016265049,0.892188554976169,0.78,14.3192402296409,6.33931943473031,0.786358016265049,61.9767282683094,0.419614169668776,0.107549375387424,0.737327148995672,77.7142824606274,158.332177494006,5,0.0001824817518248175
3140,468,1961,32,0.417862006135448,0.334650441403018,0.491283267503604,0.227000654410862,0.25966142096116,0.214433049727709,0.178,0.716077416557057,0.570587122812946,0.25966142096116,7.97809719370294,0.399767741161752,0.0932284818300497,0.46544150882257,28.9695625493188,10.5106860999735,51,0.0018613138686131387
14190,469,1992,142,0.99910863232082,0.993489226642056,0.997961246641353,0.993189004369095,0.997403418898129,0.992367086982241,0.992,499.494704617249,599.628345631553,0.997403418898129,38.9760438056126,0.411160595370368,0.101449399380959,1.34935121091714,257.680843725656,380.949600957171,1,3.649635036496351e-05
13285,470,1988,133,0.866971638139818,0.667503547581136,0.90826396481134,0.633268719576772,0.806477384345494,0.632559215082421,0.593,5.469536688018,6.40168361322247,0.806477384345494,34.9760438056126,0.409690452286214,0.100388565558147,0.688002268266244,85.5587608581928,30.3713923370461,14,0.0005109489051094891
4605,471,1965,47,0.520255671381271,0.949938794970834,0.998761066468433,0.519610265752377,0.520169196783703,0.949531953698807,0.515,37.3421123141295,173.541975422828,0.520169196783703,11.9780971937029,0.401237884245906,0.0942893156528619,1.3761237891798,36.9993364013202,135.332539460994,2,7.299270072992701e-05
17585,472,2000,176,0.0605192893814746,0.107557034058598,0.930111732566729,0.0247386389613241,0.0587273570794509,0.103354293410864,0.027,3.24505520603932,2.93701562080434,0.0587273570794509,46.9760438056126,0.414100881538675,0.103571067026584,0.73954529614861,5.61730500655266,3.85754362112836,19,0.0006934306569343065
12146,473,1985,122,0.374796066932232,0.735248077324707,0.719514885684475,0.358210000850118,0.302131977617439,0.562123252111398,0.289,1.92481294449083,0.9623665362987,0.302131977617439,31.9780971937029,0.408588599666674,0.0995934847669225,0.545514524333436,25.9016644338823,38.6662706637561,25,0.0009124087591240876
18758,474,2002,188,0.928272850119317,0.889494988057272,0.956764966715127,0.862365179774006,0.899006593277658,0.863878986581689,0.831,10.1430398142502,14.3176462743926,0.899006593277658,48.9774127310062,0.414836456209802,0.104101846988579,0.813122133075486,107.665333675717,80.5672183254128,3,0.00010948905109489051
25962,475,2021,260,0.777078502276245,0.999794655587537,0.876570727908984,0.777078493708959,0.707919721818971,0.876528007504529,0.701,28.2392651841389,3.68524393237023,0.707919721818971,67.9780971937029,0.421819887424057,0.109140989172232,0.681853475047267,66.6148488586292,1391.20226131712,1,3.649635036496351e-05
11470,476,1983,115,0.732159977947608,0.825185285143708,0.945845154346898,0.688897775177588,0.709811039547314,0.79608125625201,0.66,6.32918331699676,6.2881400744305,0.709811039547314,29.9767282683094,0.407853024995547,0.0990627048049269,0.754607171695976,59.7291787960143,56.4376480732912,6,0.00021897810218978101
9882,477,1978,99,0.123599489436719,0.975234386411797,0.702140416251495,0.123593414903211,0.0968529235885687,0.693505976219233,0.094,10.5385057284138,0.737699729614271,0.0968529235885687,24.9774127310062,0.40601559770488,0.0977368440517065,0.53355691513621,9.77806471602507,200.771906275569,3,0.00010948905109489051
25548,478,2020,256,0.94262995885951,0.801041527493181,0.660316098248586,0.784376144159406,0.636617468604296,0.560227798746362,0.536,4.85038656349827,5.93975693660985,0.636617468604296,66.9760438056126,0.421451596959443,0.108875236140644,0.547082314031819,115.552036063783,50.5092309845774,16,0.0005839416058394161
12953,479,1987,130,0.981623953631939,0.54165301875228,0.870015415363014,0.538361051981641,0.861426867749301,0.499788835642221,0.475,6.39296924238361,20.4342299314364,0.861426867749301,33.9767282683094,0.409323168079701,0.100123538627739,0.641209740987886,155.151873273514,20.2535948335068,5,0.0001824817518248175
24474,480,2016,245,0.108003644693094,0.778313590800993,0.051787838106975,0.106953087872069,0.009759247113988,0.0442126575622596,0.015,0.962371658179506,0.235303041358794,0.009759247113988,62.9760438056126,0.41998145387529,0.107814402317832,0.425733293153077,8.78376775151612,45.8281555931316,12,0.00043795620437956203
25830,481,2020,259,0.962874138688239,0.992042456063095,0.991823928663507,0.962188620794976,0.958069328864199,0.985974622860511,0.959,406.463497303774,59.3249735332793,0.958069328864199,66.9760438056126,0.421451596959443,0.108875236140644,1.13260497133785,130.795196804911,348.433183931232,3,0.00010948905109489051
8031,482,1973,81,0.709648645474925,0.233425501420187,0.730076373089105,0.206910125979347,0.551549572167043,0.192014414983231,0.159,1.69027997446145,1.78851597038355,0.551549572167043,19.9780971937029,0.404178170414213,0.0964109832984861,0.541058323330079,56.6696827112482,7.25488614543501,29,0.0010583941605839416
12612,483,1986,127,0.735236903060722,0.942564568692409,0.990633623441681,0.73181161929588,0.732540953297299,0.938237319601094,0.708,7.64678081822346,29.983088961122,0.732540953297299,32.9774127310062,0.408955883873188,0.0998585116973308,1.03705251841702,60.165491133696,124.506177548627,3,0.00010948905109489051
12663,484,1986,127,0.774120541701931,0.643654888603438,0.59179454902187,0.580013266529174,0.496709481379198,0.432637824894886,0.379,1.65575807059601,1.52911756381769,0.496709481379198,32.9774127310062,0.408955883873188,0.0998585116973308,0.503488081930541,66.1235007615946,28.0385281685543,28,0.0010218978102189782
10711,485,1980,108,0.731499029875867,0.464159531824056,0.967133726691827,0.412496025836778,0.717289486258154,0.455937203822928,0.446,,10.7199923737048,0.717289486258154,26.9760438056126,0.406750166117907,0.098266897912523,0.822869874598303,59.6360553263591,15.9317614453663,12,0.00043795620437956203
14546,486,1993,146,0.768342101765644,0.99901872972255,0.946786815766245,0.768341792266398,0.744300163941472,0.946482120249788,0.749,,6.85606631927455,0.744300163941472,39.9780971937029,0.411528885834981,0.101715152412547,0.770114548521912,65.1806642604023,811.17155842572,1,3.649635036496351e-05
9757,487,1978,98,0.615220006566322,0.377089010329015,0.122205054853112,0.311642591319597,0.0865502291843483,0.0596699824201468,0.05,0.681782393257564,0.572860447960231,0.0865502291843483,24.9774127310062,0.40601559770488,0.0977368440517065,0.418856418246708,45.7993196025129,12.0974503587787,56,0.0020437956204379564
1274,488,1956,13,0.457473246124223,0.786075003537771,0.898684735177085,0.441896531789464,0.433831009931096,0.731369104427508,0.425,5.01710062329127,2.57489637687821,0.433831009931096,2.97604380561259,0.397929307612985,0.0919018949756502,0.64057895231183,31.9372623603007,47.3432875687971,19,0.0006934306569343065
12468,489,1985,125,0.447861335146345,0.396007892368475,0.993765015387908,0.274280377143815,0.446906689691897,0.395180469943553,0.302,,37.8763549137655,0.446906689691897,31.9780971937029,0.408588599666674,0.0995934847669225,1.10837508868544,31.2027869987494,12.8582781605634,3,0.00010948905109489051
16754,490,1998,168,0.524055988908372,0.619991356849574,0.130422654561698,0.437680281549948,0.0884110502628735,0.0984096615615487,0.083,0.748976730049505,0.460901276026378,0.0884110502628735,44.9774127310062,0.413366313125648,0.103041013165767,0.427889240912081,37.3223012639303,25.9487117515552,45,0.0016423357664233577
9790,491,1978,98,0.717763994820384,0.728280277135573,0.976969801587984,0.619361558712616,0.707679435275224,0.718957569179626,0.619,50.1946344192218,15.4492182314811,0.707679435275224,24.9774127310062,0.40601559770488,0.0977368440517065,0.873720309018261,57.7468604681553,37.6707545270926,5,0.0001824817518248175
23076,492,2013,231,0.600489198352201,0.404479196002335,0.971782603766769,0.329233546434933,0.592462394134861,0.399213366535889,0.355,,9.90560355251582,0.592462394134861,59.9780971937029,0.41887960125575,0.107019321526608,0.897026016144778,44.3212753154953,13.2107944616895,8,0.00029197080291970805
14735,493,1994,148,0.940520378694666,0.972138208820511,0.968013385310769,0.934358065258557,0.917789878632236,0.947376081803188,0.936,,21.6073382908331,0.917789878632236,40.9774127310062,0.411896170041495,0.101980179342955,0.847939544863211,114.280097671021,188.576029219685,2,7.299270072992701e-05
26817,494,2023,269,0.975665771421099,0.821521409729135,0.797582230065018,0.814716439688088,0.786910626294745,0.680457101495523,0.654,6.00334573726108,14.6384756078275,0.786910626294745,69.9767282683094,0.422554455837084,0.109671043033048,0.615934493827838,145.460799646357,55.4624022191471,12,0.00043795620437956203
12009,495,1985,121,0.97800903518911,0.89789590067321,0.999727490823716,0.890982414161223,0.97788788904771,0.897807327440518,0.868,8.67859535187875,1321.32657192725,0.97788788904771,31.9780971937029,0.408588599666674,0.0995934847669225,1.81232079694569,148.959794122712,85.2510862592118,1,3.649635036496351e-05
11443,496,1983,115,0.706305349567307,0.736137461826209,0.912170362891629,0.617871118835121,0.668215501276582,0.693508579573302,0.59,5.71722185076216,4.02092579711654,0.668215501276582,29.9767282683094,0.407853024995547,0.0990627048049269,0.688269739723227,56.2338592195539,38.7961833779622,16,0.0005839416058394161
11232,497,1982,113,0.990503701369332,0.947092540928034,0.960255736019462,0.943992379134151,0.954827362388412,0.918594422111567,0.914,35.9570903504221,49.1651148973535,0.954827362388412,28.9774127310062,0.407485740789034,0.0987976778745186,0.797730903865503,177.780354162841,130.904407397137,1,3.649635036496351e-05
13381,498,1988,134,0.998156277513069,0.985344968368019,0.593449985608459,0.984731261571517,0.593123083036048,0.590567403593057,0.614,,131.854808923277,0.593123083036048,34.9760438056126,0.409690452286214,0.100388565558147,0.505179488425256,233.290312765583,261.850860262957,2,7.299270072992701e-05
20813,499,2008,209,0.999765097088151,0.785290661124393,0.999569439794868,0.785230311776915,0.999391386548425,0.785205334386805,0.798,,3518.05060898251,0.999391386548425,54.9760438056126,0.417041167706983,0.105692734672208,1.77905088199347,302.181765344524,47.1864777569681,1,3.649635036496351e-05
22051,500,2010,221,0.994141863113364,0.933089815044403,0.997627381701022,0.931264011254853,0.992615210271705,0.932415610547733,0.925,31.0763018489467,236.416272401791,0.992615210271705,56.9774127310062,0.417776742378109,0.106223514634204,1.36619115393343,194.226986763633,113.158308260039,1,3.649635036496351e-05
14578,501,1993,146,0.897425697312844,0.988494847125415,0.8051840250846,0.897047687853902,0.747487812938209,0.801290560626721,0.727,7.2146189227661,4.4565175922164,0.747487812938209,39.9780971937029,0.411528885834981,0.101715152412547,0.595620569243843,94.922953409891,294.036626754895,4,0.00014598540145985403
14759,502,1994,148,0.799316305626688,0.998401224811975,0.80384809197858,0.799315052378698,0.669452443581929,0.803456496526263,0.686,,3.01713524743839,0.669452443581929,40.9774127310062,0.411896170041495,0.101980179342955,0.595617425877492,70.516584681106,675.998312441731,2,7.299270072992701e-05
12186,503,1985,122,0.685838491365301,0.591012274687313,0.900975844822824,0.502434943839333,0.642076440802877,0.552635263142585,0.502,11.5473195032249,3.61911659706516,0.642076440802877,31.9780971937029,0.408588599666674,0.0995934847669225,0.674560679478503,53.6598123019048,23.6465634176736,15,0.0005474452554744526
18122,504,2001,182,0.754013075271197,0.928155329426878,0.377176160458475,0.747367756307325,0.323863682469181,0.36375669657178,0.319,3.53085088604071,1.03802036743562,0.323863682469181,47.9780971937029,0.414469172003289,0.103836820058171,0.465079257277611,62.9336143433556,108.107162444354,9,0.0003284671532846715
14761,505,1994,148,0.480679702950901,0.877113352799547,0.376450991258025,0.476170903251112,0.211514955044335,0.350383632730038,0.213,2.2020261190525,0.564359149383581,0.211514955044335,40.9774127310062,0.411896170041495,0.101980179342955,0.461475628905113,33.7522063169336,74.5270683719926,13,0.00047445255474452553
329,506,1953,4,0.112554499140048,0.216219991767877,0.985621971311048,0.0649755668681185,0.111774638405638,0.214497699742518,0.086,,14.7078636378509,0.111774638405638,-0.0219028062970568,0.396827454993445,0.0911068141844255,0.902707950574195,9.07539041025052,6.75883262507701,13,0.00047445255474452553
7935,507,1973,80,0.739872156990893,0.850479394673837,0.878488439135253,0.707600354997289,0.674814564545056,0.77295874753014,0.644,4.70215644466408,3.54270931878385,0.674814564545056,19.9780971937029,0.404178170414213,0.0964109832984861,0.635831220437768,60.8316437033391,64.0989868714956,11,0.0004014598540145985
7386,508,1972,74,0.975857031289958,0.952952669818435,0.947936586337164,0.943821982102926,0.932694712334419,0.916080563595983,0.898,11.2038725858984,22.4691463889328,0.932694712334419,18.9760438056126,0.4038098799496,0.0961452302668987,0.745764644248589,145.733692364234,140.421524169852,6,0.00021897810218978101
1391,509,1957,14,0.720633881817143,0.979962065523688,0.575944579672068,0.720378198972909,0.45265331347607,0.571171758120814,0.467,301.775849677994,1.28143642267776,0.45265331347607,3.97809719370294,0.398297598077599,0.0921676480072376,0.481642709396292,58.1345517197483,224.064620646977,4,0.00014598540145985403
19128,510,2004,192,0.968330499855052,0.845669730008155,0.252047889865935,0.836313216418331,0.247872050551951,0.225952268348757,0.198,4.33939110401377,7.27440413372482,0.247872050551951,50.9760438056126,0.415571024622829,0.104631900849396,0.446501231436104,136.327392572079,62.5017294062956,8,0.00029197080291970805
7691,511,1973,77,0.910783500987987,0.981388651801923,0.224582166178152,0.909353661936698,0.212937607234963,0.223469749507105,0.232,,2.57825187590455,0.212937607234963,19.9780971937029,0.404178170414213,0.0964109832984861,0.429084122996136,99.9107161243013,232.612054715601,4,0.00014598540145985403
5774,512,1967,58,0.992532043531369,0.7693710720598,0.330472645349801,0.767478456016206,0.32973962936553,0.27553151807749,0.289,,29.695882311719,0.32973962936553,13.9767282683094,0.401972452658933,0.0948193695136783,0.44095636349164,185.971518296678,44.1776324479247,8,0.00029197080291970805
4715,513,1965,48,0.90042811356472,0.906606769567391,0.618684338638559,0.860954555154564,0.586264327539756,0.587824586892701,0.566,4.6163525065177,2.97832337515317,0.586264327539756,11.9780971937029,0.401237884245906,0.0942893156528619,0.497693160251344,95.9870282667843,90.7302329950563,18,0.000656934306569343
4505,514,1964,46,0.844485399495057,0.956871661925666,0.737278499174863,0.84014483672139,0.656951648936292,0.720367179217074,0.665,14.4632985087674,2.66000777109899,0.656951648936292,10.9760438056126,0.400869593781293,0.0940235626212744,0.537347301759668,79.8826251083456,147.761408908844,6,0.00021897810218978101
5946,515,1968,60,0.53828385629738,0.653976752323293,0.595022324239835,0.46366243661357,0.368899058992625,0.428782655648546,0.348,1.5865307550379,0.848922095231556,0.368899058992625,14.9760438056126,0.402339736865446,0.0950843964440866,0.493194681579786,38.5504093777269,29.0180149630669,44,0.001605839416058394
20629,516,2007,207,0.744598775557854,0.962442456607478,0.887414917815477,0.743257907261108,0.682476041913523,0.866838457785458,0.666,6.227375753315,3.96335100893502,0.682476041913523,53.9767282683094,0.416673883500469,0.1054277077418,0.680436923796316,61.5222586679242,159.955418909938,5,0.0001824817518248175
4862,517,1965,49,0.993768894241446,0.963699156267784,0.999844829086214,0.961636370133921,0.993721059379728,0.963666292200057,0.969,,1863.30684004377,0.993721059379728,11.9780971937029,0.401237884245906,0.0942893156528619,1.87944847410158,192.130200714745,163.056637378915,1,3.649635036496351e-05
13073,518,1987,131,0.937724717557268,0.606217345492303,0.628600060474128,0.593184646889092,0.605470670504571,0.428220059013239,0.408,4.3165542575686,5.10909286681984,0.605470670504571,33.9767282683094,0.409323168079701,0.100123538627739,0.514717948822096,112.660559191303,24.8219819336237,16,0.0005839416058394161
20155,519,2006,202,0.697426833864688,0.83818778659649,0.0657147434540093,0.667435761425424,0.0543024160308053,0.0637805516814664,0.053,1.52451381757038,0.686905563552641,0.0543024160308053,52.9774127310062,0.416306599293956,0.105162680811391,0.423484521416271,55.0979448375777,60.1566328347528,41,0.0014963503649635037
20425,520,2006,205,0.999817244606787,0.999685627202936,0.999496724689379,0.999611324201956,0.999379954797423,0.999297572951566,1.0,,3030.96886724591,0.999379954797423,52.9774127310062,0.416306599293956,0.105162680811391,1.72973522180438,310.527744077131,1208.3605476365,1,3.649635036496351e-05
17888,521,2001,179,0.973914346956721,0.579443116554896,0.102154568536207,0.574409836700253,0.101047986349443,0.0690163776572924,0.066,8.7099787031734,8.00670293738483,0.101047986349443,47.9780971937029,0.414469172003289,0.103836820058171,0.425732045107618,143.055593303168,22.7963918220587,9,0.0003284671532846715
9773,522,1978,98,0.714354534471053,0.992533167181795,0.288145216880366,0.714330515769482,0.225842259997926,0.287356675280452,0.233,,0.895485598384444,0.225842259997926,24.9774127310062,0.40601559770488,0.0977368440517065,0.439931152772561,57.2909213133917,358.517262579599,3,0.00010948905109489051
12018,523,1985,121,0.422494260940318,0.986399904903135,0.0172549767885357,0.422477741164499,0.0095561199860173,0.0171659957594562,0.01,15.3248317095856,0.350996111538253,0.0095561199860173,31.9780971937029,0.408588599666674,0.0995934847669225,0.410323919267274,29.3088587346252,271.502876956492,1,3.649635036496351e-05
20472,524,2006,205,0.233069799379304,0.485644752204914,0.851619558641687,0.194224752666006,0.215078654680078,0.449397021441994,0.184,1.91632705604018,1.53386823247399,0.215078654680078,52.9774127310062,0.416306599293956,0.105162680811391,0.642163552411166,16.6097112264833,17.0285846682969,33,0.0012043795620437956
15495,525,1995,155,0.901741593549612,0.820638030590491,0.374654092825949,0.787650735894346,0.353369915774306,0.327083389178473,0.327,4.53820127439309,2.59827219528178,0.353369915774306,41.9767282683094,0.412263454248008,0.102245206273363,0.461660187454648,96.4622932610251,55.2316680248736,11,0.0004014598540145985
805,526,1955,9,0.876243859912593,0.484445243836619,0.171087056165561,0.462892994647467,0.159211852981425,0.0991972983399722,0.1,2.23398823978505,1.78761463333932,0.159211852981425,1.97672826830938,0.397562023406472,0.0916368680452419,0.414954617110189,88.1711017280053,16.9654942685907,19,0.0006934306569343065
11534,527,1983,116,0.105737955480076,0.115064049144737,0.90611674124375,0.0384952744300851,0.100803897169966,0.110215168449723,0.041,2.45111273478604,2.24847439883514,0.100803897169966,29.9767282683094,0.407853024995547,0.0990627048049269,0.679428076862524,8.63805589632071,4.0506544973312,22,0.000802919708029197
25405,528,2020,255,0.996506984285797,0.933029501310979,0.984098439104855,0.93195196995796,0.982002097136642,0.923052942831346,0.925,,143.19736486367,0.982002097136642,66.9760438056126,0.421451596959443,0.108875236140644,1.0077296354603,211.745025898061,113.093419083663,2,7.299270072992701e-05
27139,529,2024,272,0.4201778007903,0.927347526671385,0.97737251361832,0.419301810302393,0.415767812545455,0.911591010286105,0.413,22.8237756606235,10.978455905293,0.415767812545455,70.9760438056126,0.422921740043597,0.109936069963456,0.952076144938355,29.1389439700206,107.326853715069,4,0.00014598540145985403
18993,530,2003,190,0.446498517540537,0.510361249788978,0.244930382585153,0.33711446667941,0.136876598528656,0.154289847287701,0.138,0.693263098653905,0.448986493177643,0.136876598528656,49.9767282683094,0.415203740416316,0.104366873918988,0.445032171963216,31.0994266104743,18.3813657366263,64,0.0023357664233576644
6829,531,1971,69,0.95803502824843,0.854412666840168,0.944263654993847,0.841445172413952,0.915677268753761,0.824741192531264,0.801,8.28079046997859,14.9492634948828,0.915677268753761,17.9767282683094,0.403442595743086,0.0958802033364905,0.735128101266017,126.518940770398,65.4620357511888,8,0.00029197080291970805
4100,532,1964,42,0.669251324316554,0.830412428592937,0.5159050100483,0.640804604488103,0.384767038891573,0.454856630602711,0.368,2.06484626945117,1.00195027352969,0.384767038891573,10.9760438056126,0.400869593781293,0.0940235626212744,0.472183200745133,51.6821548163631,57.8822909882371,27,0.0009854014598540146
26242,533,2022,263,0.998971703986729,0.206635586765508,0.876302109099925,0.206566054833632,0.875972736704768,0.191769681930139,0.192,501.160667587704,286.154301867253,0.875972736704768,68.9774127310062,0.42218717163057,0.10940601610264,0.682545431589659,252.893809222686,6.48818279951333,1,3.649635036496351e-05
3638,534,1962,37,0.89666483768654,0.971420907891661,0.909475723281503,0.893556932987165,0.835324750513945,0.894187444103486,0.83,12.8968533090702,6.85302566601791,0.835324750513945,8.97741273100616,0.400135025368266,0.093493508760458,0.660995373843393,94.6580677429066,186.013206647792,4,0.00014598540145985403
23648,535,2015,237,0.506132575411807,0.255985124525505,0.90539282374084,0.195921563648359,0.477089971191411,0.240571623833806,0.229,11.7146533065101,3.05042790307166,0.477089971191411,61.9767282683094,0.419614169668776,0.107549375387424,0.713353741367516,35.8169078013144,7.92719870089943,23,0.0008394160583941605
23019,536,2013,231,0.369888148167496,0.42832801756395,0.242670048493892,0.25791340631812,0.115799980145137,0.128734263671256,0.097,0.548604378576749,0.397423279552579,0.115799980145137,59.9780971937029,0.41887960125575,0.107019321526608,0.449135156795876,25.561157523169,14.2457196578225,58,0.002116788321167883
8826,537,1976,89,0.409904708639792,0.617255330791435,0.122082469519228,0.358585170867078,0.0647848062108767,0.0882646767800964,0.073,0.69110376186562,0.375377046499415,0.0647848062108767,22.9760438056126,0.405280023033753,0.0972060640897108,0.418037317920327,28.3911725703095,25.7199492978651,43,0.0015693430656934307
19756,538,2005,198,0.841799881694492,0.811042942265361,0.902666948037222,0.750658766895301,0.781515311207851,0.764022353029982,0.694,4.28387902884937,5.39833191621695,0.781515311207851,51.9780971937029,0.415939315087442,0.104897653880983,0.698473256555865,79.2577725521093,52.8289569534798,18,0.000656934306569343
1224,539,1956,13,0.848127617627269,0.751467212679734,0.993564659496769,0.702872123856913,0.846100678640027,0.749673999169804,0.731,,45.3679183428808,0.846100678640027,2.97604380561259,0.397929307612985,0.0919018949756502,1.03828933534044,80.7466637994718,41.144182619967,3,0.00010948905109489051
360,540,1953,4,0.982003614840414,0.993340592299815,0.667999491561204,0.980829927332028,0.660678222226197,0.665390009078887,0.682,,18.7351597197203,0.660678222226197,-0.0219028062970568,0.396827454993445,0.0911068141844255,0.504335728352743,155.870620687614,377.184826050015,3,0.00010948905109489051
21889,541,2010,219,0.766897846030705,0.822987723702302,0.39069511811249,0.712993575971202,0.327943970712472,0.349617808102137,0.295,1.73951362784834,1.17404648218891,0.327943970712472,56.9774127310062,0.417776742378109,0.106223514634204,0.472022749437229,64.9484269829975,55.8491344046954,21,0.0007664233576642335
18147,542,2001,182,0.97437144769088,0.893492913656186,0.993549299426377,0.88539123896566,0.971102555634501,0.890845082863711,0.877,22.4084195305276,62.8573337823669,0.971102555634501,47.9780971937029,0.414469172003289,0.103836820058171,1.13753274706421,143.667652734457,82.7299888156581,3,0.00010948905109489051
9658,543,1978,97,0.990445330790996,0.958455147513567,0.991894009755924,0.955237582835409,0.984084838382105,0.954087000375301,0.954,,114.580491575836,0.984084838382105,24.9774127310062,0.40601559770488,0.0977368440517065,1.04592600213805,177.571166193322,150.995476704392,2,7.299270072992701e-05
9503,544,1977,96,0.938223614889731,0.964097064757964,0.665063448715955,0.928171486898893,0.638177012772529,0.653370334131178,0.617,5.66015755658578,5.73230987077697,0.638177012772529,23.9780971937029,0.405648313498367,0.0974718171212983,0.519686519983907,112.944315951622,164.069650360658,7,0.00025547445255474455
25582,545,2020,256,0.626278565924326,0.600574160611741,0.311525898519903,0.482862060547885,0.222120886958801,0.215840957193294,0.191,1.04468493750224,0.703441602954715,0.222120886958801,66.9760438056126,0.421451596959443,0.108875236140644,0.463029566460037,46.9414964244436,24.3777052505855,49,0.0017883211678832117
366,546,1953,4,0.159908707350392,0.436164401567568,0.73863998032175,0.132348895157399,0.129021280380071,0.342138633458109,0.128,1.42049772782006,0.86778214125206,0.129021280380071,-0.0219028062970568,0.396827454993445,0.0911068141844255,0.529628587545838,12.0544886739721,14.6003402550386,35,0.0012773722627737226
13710,547,1991,138,0.680887788287378,0.93203616196293,0.94512887345627,0.677348168972296,0.658864877203687,0.895919501799996,0.639,5.7012990884438,6.08861081793938,0.658864877203687,37.9767282683094,0.410793311163855,0.101184372450551,0.763079609290631,53.059936622638,112.036443209694,8,0.00029197080291970805
12019,548,1985,121,0.608800097271395,0.861096540865722,0.756928702816367,0.596169656883143,0.49027058867277,0.67415689661391,0.469,3.08776344403323,1.60588668488157,0.49027058867277,31.9780971937029,0.408588599666674,0.0995934847669225,0.562304550665015,45.1492584276095,67.9059167167744,12,0.00043795620437956203
21354,549,2009,214,0.892367990664903,0.772679502200315,0.718307672534138,0.739704780057163,0.661948364228979,0.587850070676842,0.595,17.9403579844606,3.90071121634918,0.661948364228979,55.9780971937029,0.417409458171596,0.105958487703795,0.56255522130211,93.1965274221927,44.7769636821724,13,0.00047445255474452553
10400,550,1979,105,0.884466523114902,0.430193194381919,0.600329873152077,0.412607158260446,0.546877911917922,0.287420439426833,0.269,3.17884572486191,3.22157083155816,0.546877911917922,25.9767282683094,0.406382881911394,0.0980018709821147,0.501469920651734,90.6496886432917,14.3294455304001,18,0.000656934306569343
10041,551,1979,101,0.121141621837316,0.973044446995041,0.986189000541344,0.121134437577455,0.120391906049362,0.963016414343755,0.117,27.9029979186477,15.312430618793,0.120391906049362,25.9767282683094,0.406382881911394,0.0980018709821147,0.957173057595307,9.62225863481217,191.946212109167,1,3.649635036496351e-05
3763,552,1962,38,0.891240680696244,0.953343750173607,0.318905476713553,0.882497474499502,0.298869134099523,0.312393334252322,0.282,4.14335723787678,2.25420750590256,0.298869134099523,8.97741273100616,0.400135025368266,0.093493508760458,0.436893984931391,92.8223819440638,141.115179702459,10,0.000364963503649635
12137,553,1985,122,0.748814574964505,0.648275879856465,0.513612486422062,0.573819863897419,0.421297478060447,0.368396116913302,0.341,1.78874048920128,1.25888761537365,0.421297478060447,31.9780971937029,0.408588599666674,0.0995934847669225,0.483612982215835,62.1482386870703,28.4715952099895,46,0.001678832116788321
40,554,1953,1,0.997230817296679,0.91871401398373,0.7442772150971,0.91787658267395,0.74354957093657,0.704895259752601,0.717,,97.965331443855,0.74354957093657,-0.0219028062970568,0.396827454993445,0.0911068141844255,0.531970686220256,219.587060585802,99.6887300649701,4,0.00014598540145985403
9646,555,1978,97,0.534555083839292,0.446458945313351,0.991976993624121,0.338674646610702,0.532809864034844,0.445399739057503,0.37,,31.8583624537569,0.532809864034844,24.9774127310062,0.40601559770488,0.0977368440517065,1.04773425225818,38.22559114442,15.0778756815713,4,0.00014598540145985403
9921,556,1978,100,0.290152389529217,0.367111273678234,0.422703616786748,0.192861365394974,0.141728620577115,0.18618928426166,0.11,0.604573007934733,0.466338939231535,0.141728620577115,24.9774127310062,0.40601559770488,0.0977368440517065,0.46154805544057,20.2392615182275,11.7101079071811,85,0.0031021897810218978
2545,557,1960,26,0.946008378368774,0.999170003056732,0.946076621068642,0.946006309738429,0.911034305945,0.945837032327959,0.911,321.210053653692,10.5544759603713,0.911034305945,6.97604380561259,0.399399450697139,0.0929627287984623,0.72536951581627,117.687171577361,862.048721171846,1,3.649635036496351e-05
26913,558,2024,270,0.958393367236045,0.912807109298784,0.975718932691962,0.897917578550888,0.941357062322444,0.897876702956426,0.875,13.1303084744756,27.6061503623022,0.941357062322444,70.9760438056126,0.422921740043597,0.109936069963456,0.939832537848002,126.818611723995,95.0965608737759,4,0.00014598540145985403
1620,559,1958,17,0.487623820012237,0.551652474187857,0.120495765469968,0.380890158101455,0.0738337138556454,0.0810257257031455,0.069,0.651513466781389,0.429447997849073,0.0738337138556454,4.97741273100616,0.398664882284112,0.0924326749376458,0.410626164317293,34.3074617505316,20.8941163305631,45,0.0016423357664233577
6211,560,1969,63,0.692911027440051,0.477323891828282,0.653868298511952,0.413378726681871,0.50769802466485,0.358089551794463,0.36,2.10386607210063,1.24286364232221,0.50769802466485,15.9780971937029,0.40270802733006,0.095350149475674,0.510689793816234,54.5317141836581,16.5955495623601,42,0.001532846715328467
9498,561,1977,95,0.979070811089938,0.987215157410773,0.859280141303316,0.9751371849818,0.849656720603411,0.853779816206304,0.832,9.52035862615511,17.6900849444554,0.849656720603411,23.9780971937029,0.405648313498367,0.0974718171212983,0.621526089599125,150.667837883932,279.679812633619,1,3.649635036496351e-05
7239,562,1972,73,0.765186117034045,0.295124650793039,0.0533520167227834,0.268783956983257,0.0460833640557822,0.0271555070415057,0.024,0.978664892337321,0.878946131884356,0.0460833640557822,18.9760438056126,0.4038098799496,0.0961452302668987,0.409098954904518,64.6749026741091,9.16145028007832,26,0.0009489051094890511
25788,563,2020,258,0.997679744523153,0.972575993475774,0.995822963071987,0.971823417470018,0.994108338765619,0.970000729116496,0.966,51.8970407800606,330.23399347454,0.994108338765619,66.9760438056126,0.421451596959443,0.108875236140644,1.2693681437456,225.550722830521,190.185046334349,1,3.649635036496351e-05
323,564,1953,4,0.933507115603558,0.998577756188573,0.330171705456451,0.93350171915692,0.31614531437429,0.32996162355905,0.308,21.3856172515437,3.81195668637454,0.31614531437429,-0.0219028062970568,0.396827454993445,0.0911068141844255,0.434242001682623,110.346464320706,706.682240718859,1,3.649635036496351e-05
21419,565,2009,215,0.156841918598359,0.145863543141707,0.61945745581761,0.0606173582941722,0.116675824874162,0.109158143480865,0.056,0.648743170686722,0.587584716071788,0.116675824874162,55.9780971937029,0.417409458171596,0.105958487703795,0.526043816145122,11.8634815812183,4.84819785130817,66,0.0024087591240875912
23054,566,2013,231,0.675299910686685,0.504212154199857,0.823785129003227,0.430040067478059,0.58924029088912,0.44306274490797,0.402,3.50594814167795,2.21839546049379,0.58924029088912,59.9780971937029,0.41887960125575,0.107019321526608,0.625756645249237,52.3928055589854,18.0350881940916,25,0.0009124087591240876
12065,567,1985,121,0.994783341057062,0.976807679070138,0.971203758381307,0.975022176733912,0.967806382570881,0.95289716136299,0.944,22.3940538896302,109.933410817628,0.967806382570881,31.9780971937029,0.408588599666674,0.0995934847669225,0.850439290983956,198.163388041077,207.798948939373,1,3.649635036496351e-05
20966,568,2008,210,0.990337966815393,0.884371489506742,0.0440693041309714,0.881518565347063,0.0439308184299107,0.0417324131999505,0.041,27.0159412771435,21.0005778146789,0.0439308184299107,54.9760438056126,0.417041167706983,0.105692734672208,0.421817813199217,177.189673532731,77.9547932600014,4,0.00014598540145985403
16487,569,1997,165,0.954619542234692,0.94198485038431,0.699625019915402,0.922878362384048,0.681948593073719,0.681482704322124,0.651,5.11767488940577,7.2191660683372,0.681948593073719,43.9780971937029,0.412999028919135,0.102775986235359,0.546115113831297,123.782068532358,123.738046412834,4,0.00014598540145985403
15314,570,1995,154,0.539745092386906,0.750596379702743,0.345602634828538,0.504534553795244,0.21589604942084,0.284608962328359,0.19,1.11672290036884,0.6050552568702,0.21589604942084,41.9767282683094,0.412263454248008,0.102245206273363,0.45675781585059,38.6782876462653,41.0050168416565,29,0.0010583941605839416
8343,571,1974,84,0.2950083561588,0.649361611658437,0.198007605737075,0.274050831577894,0.0765521115015366,0.150312968019754,0.081,0.720621164518088,0.342737977990146,0.0765521115015366,20.9774127310062,0.404545454620727,0.0966760102288944,0.426166628961136,20.5536950104052,28.5746124566967,42,0.001532846715328467
24881,572,2018,249,0.960058999910476,0.995599913560237,0.36591083323583,0.95990245020259,0.359177698389631,0.365075372198652,0.351,17.2625496185462,6.02266958548936,0.359177698389631,64.9774127310062,0.420717028546417,0.108345182279828,0.471469343469601,128.245547101621,450.839550782571,2,7.299270072992701e-05
8861,573,1976,89,0.954289477744514,0.442800104353783,0.960132310399786,0.435998900430931,0.924231506717407,0.433329072654966,0.421,13.0398605738939,20.3879447212996,0.924231506717407,22.9760438056126,0.405280023033753,0.0972060640897108,0.788792188459884,123.528345311235,14.9065988029289,3,0.00010948905109489051
4426,574,1964,45,0.998653023860707,0.99643628518239,0.973586330655962,0.995935909610909,0.973164896684878,0.971742777448402,0.973,,216.089560119077,0.973164896684878,10.9760438056126,0.400869593781293,0.0940235626212744,0.830579689815904,243.839234063028,492.175958731874,1,3.649635036496351e-05
1077,575,1956,11,0.973070811522404,0.987046254221959,0.967045193305239,0.970003346210827,0.947724375730638,0.958465207024436,0.938,18.1312650562147,26.2868362426028,0.947724375730638,2.97604380561259,0.397929307612985,0.0919018949756502,0.786721279112878,141.953269503065,277.929144735513,4,0.00014598540145985403
22978,576,2012,230,0.971167416622022,0.998485633594825,0.732012901222333,0.971147023448376,0.719673838731433,0.73170361465222,0.742,,12.1259736698609,0.719673838731433,58.9760438056126,0.418511310791136,0.10675356849502,0.57097727913743,139.585651687994,690.092883550054,1,3.649635036496351e-05
19216,577,2004,193,0.815008527108796,0.724157399010713,0.997427442111075,0.665104328589443,0.814057629950758,0.723252231373539,0.673,,123.330358928189,0.814057629950758,50.9760438056126,0.415571024622829,0.104631900849396,1.33219718785772,73.5218762381912,37.0996429700206,3,0.00010948905109489051
23873,578,2015,239,0.614744013542956,0.645992683226118,0.702278501819819,0.506482309396087,0.467743242651829,0.486721446077419,0.373,1.600873442487,1.32695750343904,0.467743242651829,61.9767282683094,0.419614169668776,0.107549375387424,0.560018104670097,45.7508006350084,28.2565385984709,41,0.0014963503649635037
10697,579,1980,107,0.995236647004201,0.991112688585271,0.996037755394354,0.989227870277273,0.991947553833693,0.988096176193462,0.982,40.9457709818341,297.109965990231,0.991947553833693,26.9760438056126,0.406750166117907,0.098266897912523,1.18218654667545,201.245874710795,331.420711651479,1,3.649635036496351e-05
24405,580,2016,245,0.283184293211286,0.888221778198435,0.109337798785418,0.282157165889882,0.0441934290850747,0.101901064198164,0.049,2.03029630524652,0.30690317130348,0.0441934290850747,62.9760438056126,0.41998145387529,0.107814402317832,0.432553665479768,19.7898550962174,79.9019450733752,11,0.0004014598540145985
10650,581,1980,107,0.905968804117561,0.583634809758392,0.98814487666823,0.564107521050271,0.898740618679798,0.580050108430926,0.548,11.6619724003518,43.2251317354006,0.898740618679798,26.9760438056126,0.406750166117907,0.098266897912523,0.98453607913013,98.0345658435524,23.1002126694554,5,0.0001824817518248175
20722,582,2008,208,0.430091312134269,0.297544140960074,0.944310620892793,0.207558746211963,0.41675755484524,0.29025086730859,0.231,17.2100831026123,4.72192335786137,0.41675755484524,54.9760438056126,0.417041167706983,0.105692734672208,0.782798509348011,29.8695768853773,9.24088196886322,17,0.0006204379562043796
18735,583,2002,188,0.88469411528112,0.853981878660081,0.615478122374043,0.809060180671231,0.570042928310993,0.556038273959754,0.529,3.84709589438483,2.86243055740153,0.570042928310993,48.9774127310062,0.414836456209802,0.104101846988579,0.520349988630338,90.7206744039309,65.3101416768007,19,0.0006934306569343065
2656,584,1960,27,0.0395010032755239,0.687993797972201,0.44704639329575,0.038908084090596,0.0246253567010356,0.344836367585517,0.024,0.953158848766618,0.371693350814385,0.0246253567010356,6.97604380561259,0.399399450697139,0.0929627287984623,0.456512519634766,4.08121248076927,32.5896202727164,20,0.00072992700729927
21562,585,2009,216,0.140152442932605,0.41458873888175,0.739942518528551,0.114926798104553,0.116217969489408,0.341525550935654,0.109,1.1835256669793,0.847016144975039,0.116217969489408,55.9780971937029,0.417409458171596,0.105958487703795,0.572482504307514,10.8207073302974,13.6416234373971,44,0.001605839416058394
3938,586,1963,40,0.97362374957993,0.49365304919961,0.929947895230725,0.4893276217424,0.913311412041646,0.473926523287089,0.457,8.95220562675135,20.5343716391518,0.913311412041646,9.97672826830938,0.400502309574779,0.0937585356908662,0.694810013098065,142.671938820463,17.4556993146766,4,0.00014598540145985403
9842,587,1978,99,0.370773540197,0.926407174596784,0.90303451847285,0.37010706399459,0.34709244301147,0.852586438883004,0.352,11.382577605002,2.72909436023488,0.34709244301147,24.9774127310062,0.40601559770488,0.0977368440517065,0.6697535628924,25.6224576748847,106.433823561243,9,0.0003284671532846715
24874,588,2018,249,0.867781400359928,0.99435723735099,0.610258008586243,0.867733392589323,0.556403690159698,0.608285595185982,0.546,14.2592006894097,2.55218317456444,0.556403690159698,64.9774127310062,0.420717028546417,0.108345182279828,0.528891612042609,85.7798440195885,405.463258720323,5,0.0001824817518248175
21524,589,2009,216,0.860876163638018,0.942360468625853,0.721080876421183,0.850941838918571,0.64606026387485,0.697116351804678,0.638,6.28912110183384,3.11996789077519,0.64606026387485,55.9780971937029,0.417409458171596,0.105958487703795,0.563779035724145,83.9346780015873,124.234507948898,13,0.00047445255474452553
24755,590,2018,248,0.978363030289018,0.866805159804911,0.916573658818379,0.860366160973578,0.903881198154307,0.804981100985787,0.805,80.4307484379644,22.3600869484365,0.903881198154307,64.9774127310062,0.420717028546417,0.108345182279828,0.734925722747803,149.52006210952,70.1328021626511,10,0.000364963503649635
16461,591,1997,165,0.96514305113166,0.99349354146004,0.984823393402621,0.964673728179211,0.955071157198197,0.981158554717015,0.948,21.1786913855834,39.1794824052975,0.955071157198197,43.9780971937029,0.412999028919135,0.102775986235359,0.974394727693831,132.991960368398,381.060587766749,1,3.649635036496351e-05
8071,592,1973,81,0.973759620370821,0.965402154739035,0.961597301764414,0.954240339268002,0.942075965309297,0.935568590937038,0.919,16.4937317583767,29.7661430085869,0.942075965309297,19.9780971937029,0.404178170414213,0.0964109832984861,0.789908290388206,142.850799349426,167.504074093965,4,0.00014598540145985403
7546,593,1972,76,0.998406396956657,0.999492413612702,0.999595219269395,0.998330335404184,0.998163329101338,0.999214430532694,0.996,90.331576526608,1236.75990329595,0.998163329101338,18.9760438056126,0.4038098799496,0.0961452302668987,1.65808921296237,238.192061573234,1025.99813727322,1,3.649635036496351e-05
25170,594,2018,252,0.997569978554186,0.997994877763488,0.999533088644966,0.99674150710239,0.997277487991517,0.997692493769413,0.995,123.950764472944,1146.6522843304,0.997277487991517,64.9774127310062,0.420717028546417,0.108345182279828,1.79446413718872,223.993005857366,619.517723490509,1,3.649635036496351e-05
20531,595,2007,206,0.332543808080133,0.975999051372021,0.960172452032566,0.332508035689112,0.326598632013292,0.945522722471566,0.347,,5.90277447478526,0.326598632013292,53.9767282683094,0.416673883500469,0.1054277077418,0.832780541118168,23.0231869624542,204.108717495464,3,0.00010948905109489051
20565,596,2007,206,0.528913717394677,0.221882500110642,0.29902177141048,0.174189549347612,0.189308561317064,0.0980060606471266,0.095,0.631540026428775,0.553444667611227,0.189308561317064,53.9767282683094,0.416673883500469,0.1054277077418,0.454951659835011,37.7381936133965,6.92059675033767,65,0.0023722627737226276
21479,597,2009,215,0.954703980993354,0.887241876562104,0.995671475073323,0.871983865516049,0.952608531586356,0.885672734240137,0.861,17.1706263917234,89.5625778158548,0.952608531586356,55.9780971937029,0.417409458171596,0.105958487703795,1.23527383009381,123.847267016055,79.3973172514548,3,0.00010948905109489051
14422,598,1993,145,0.328548177078563,0.605318985940111,0.630658969515935,0.293155728798194,0.236218205224969,0.431294003890269,0.231,1.21108037750475,0.72199283663544,0.236218205224969,39.9780971937029,0.411528885834981,0.101715152412547,0.519237171720035,22.7567390869821,24.7506021278445,27,0.0009854014598540146
19692,599,2005,197,0.867401136915135,0.700433581759179,0.341829182812944,0.663939069963693,0.316593355988445,0.277100162646906,0.28,2.94253145821493,1.86283852400541,0.316593355988445,51.9780971937029,0.415939315087442,0.104897653880983,0.46095309493362,85.6758628807687,34.0475847677744,26,0.0009489051094890511
11271,600,1982,113,0.991821407041219,0.675973707554536,0.640085894847289,0.674154916023347,0.638258518534133,0.473209284483732,0.484,,31.490029573744,0.638258518534133,28.9774127310062,0.407485740789034,0.0987976778745186,0.514992811036168,182.875338252911,31.262422402756,7,0.00025547445255474455
9191,601,1977,92,0.949636999868115,0.994624348638707,0.971527903573588,0.949456691654275,0.930652919356746,0.96861488241884,0.936,,21.0792226521148,0.930652919356746,23.9780971937029,0.405648313498367,0.0974718171212983,0.839786508869729,120.130712876903,414.030213032236,1,3.649635036496351e-05
7842,602,1973,79,0.999478071039044,0.980314275521063,0.954649570398033,0.980146210227773,0.954461519149635,0.943007284586172,0.953,,599.021715067991,0.954461519149635,19.9780971937029,0.404178170414213,0.0964109832984861,0.766308935102742,275.57646145916,226.09643559687,1,3.649635036496351e-05
9223,603,1977,93,0.755376033115233,0.999085178776307,0.803472004830837,0.755375795592749,0.64357682853482,0.80329988089109,0.656,,2.36047273435951,0.64357682853482,23.9780971937029,0.405648313498367,0.0974718171212983,0.581019963400915,63.1420619440403,832.186862840154,2,7.299270072992701e-05
17332,604,1999,174,0.847565024601532,0.741693714812932,0.803921192185953,0.694000756481385,0.70918536837018,0.620627967969265,0.588,4.69107387772992,3.46625547367642,0.70918536837018,45.9767282683094,0.413733597332162,0.103306040096175,0.599890393026718,80.6119225352485,39.6229721824585,17,0.0006204379562043796
4049,605,1963,41,0.876388145973954,0.916971106028331,0.926635356387123,0.851129954016582,0.831905928494757,0.864025426421554,0.81,11.7187267386806,6.92462603641113,0.831905928494757,9.97672826830938,0.400502309574779,0.0937585356908662,0.688839985591955,88.2132159173938,98.2855440266398,10,0.000364963503649635
20815,606,2008,209,0.905737960730139,0.665602750568657,0.849486376624554,0.642768584267294,0.78722248228444,0.594810140055763,0.603,205.31379107579,6.25036233941394,0.78722248228444,54.9760438056126,0.417041167706983,0.105692734672208,0.642135157484539,97.946960998417,30.1761781025114,10,0.000364963503649635
13858,607,1991,139,0.54605989386518,0.0902338992684299,0.868673225166276,0.0728480281327873,0.502201418486719,0.0843319475036292,0.076,2.55055272582687,2.28654268169801,0.502201418486719,37.9767282683094,0.410793311163855,0.101184372450551,0.643805176117051,39.2347981068828,3.4111414274668,19,0.0006934306569343065
26056,608,2021,261,0.0434037773273792,0.393246456610085,0.166857870062813,0.0381600098617568,0.011671481277276,0.0847235737878309,0.009,0.383107296793794,0.249560201963006,0.011671481277276,67.9780971937029,0.421819887424057,0.109140989172232,0.44196666198694,4.37717901969249,12.7449878192371,66,0.0024087591240875912
17230,609,1999,173,0.992771810145368,0.84439973694012,0.694672306301072,0.842382979754151,0.692808426144561,0.608129446949571,0.62,,37.2834551424263,0.692808426144561,45.9767282683094,0.413733597332162,0.103306040096175,0.5455823768652,187.082316508698,62.0920706579572,5,0.0001824817518248175
4633,610,1965,47,0.718403546349204,0.90262450384401,0.364767533028498,0.707805197527549,0.303409158444496,0.347319385763089,0.299,2.71229990051348,0.908108174787267,0.303409158444496,11.9780971937029,0.401237884245906,0.0942893156528619,0.445226466067982,57.8329447620541,88.1383555225391,19,0.0006934306569343065
1635,611,1958,17,0.0183525196552952,0.0898597051120316,0.413983311969787,0.0086967392904619,0.010479703460868,0.0486586995320581,0.001,0.367215307082561,0.345934653540369,0.010479703460868,4.97741273100616,0.398664882284112,0.0924326749376458,0.449703327217537,2.32809032464227,3.40146214043604,106,0.0038686131386861315
17652,612,2000,177,0.520982059493408,0.0577805449055008,0.972282443661243,0.0459729827566994,0.514548252721223,0.0570527642406347,0.044,8.87746589510663,9.39684050380469,0.514548252721223,46.9760438056126,0.414100881538675,0.103571067026584,0.879701754698557,37.0609068193663,2.55466752470152,9,0.0003284671532846715
21390,613,2009,214,0.939309351495547,0.936218974021762,0.948645319323987,0.90896551092324,0.900305321998589,0.898508439346918,0.879,43.4251365640114,16.1934781494896,0.900305321998589,55.9780971937029,0.417409458171596,0.105958487703795,0.796349218640139,113.569636609886,116.642341039117,10,0.000364963503649635
22030,614,2010,221,0.0878600695543432,0.0855968865264295,0.0828251480124891,0.0267191745913613,0.0131284862221802,0.0142059068676879,0.007,0.252917573798806,0.237404710134638,0.0131284862221802,56.9774127310062,0.417776742378109,0.106223514634204,0.427009011243316,7.47343599211807,3.29101054675136,126,0.004598540145985402
22016,615,2010,221,0.284701829517759,0.844311092683575,0.99955175165087,0.282329224469449,0.284684488159,0.844254683736924,0.293,,464.137283611177,0.284684488159,56.9774127310062,0.417776742378109,0.106223514634204,1.77566945796185,19.8875533325005,62.063659556349,1,3.649635036496351e-05
19667,616,2005,197,0.967104547875673,0.857127956374321,0.956744701135904,0.847180328486994,0.933275932921112,0.835780247700023,0.828,27.5508516591604,21.216368546918,0.933275932921112,51.9780971937029,0.415939315087442,0.104897653880983,0.817197643683435,135.0071419111,66.4347465024639,4,0.00014598540145985403
15262,617,1995,153,0.918027097774327,0.907182583500493,0.666619367897511,0.872247261106992,0.630742425010725,0.626783152744646,0.599,5.1356070272532,4.33877508719679,0.630742425010725,41.9767282683094,0.412263454248008,0.102245206273363,0.532430359759259,102.92640356565,91.1180930483473,12,0.00043795620437956203
9845,618,1978,99,0.733713193880943,0.522803476917048,0.099171006353572,0.46348591852047,0.0806033690388044,0.0655295849696469,0.05,0.980722932702456,0.807365860968193,0.0806033690388044,24.9774127310062,0.40601559770488,0.0977368440517065,0.416288366954738,59.9488491281558,19.1030378197479,45,0.0016423357664233577
25792,619,2020,258,0.740028602549117,0.978628943222528,0.945407738210633,0.739686473798588,0.714477928041388,0.930697134678122,0.711,20.4159702160294,6.88667592650667,0.714477928041388,66.9760438056126,0.421451596959443,0.108875236140644,0.801304654493125,60.8543168863051,216.792528768944,4,0.00014598540145985403
19290,620,2004,193,0.902994469252286,0.935109782583933,0.898663852130994,0.882767349879496,0.826189600199613,0.850811054769349,0.803,10.000049559623,8.15285666505277,0.826189600199613,50.9760438056126,0.415571024622829,0.104631900849396,0.691803358665493,96.9213739929676,115.380314137236,7,0.00025547445255474455
16798,621,1998,168,0.56696547595331,0.934331951219979,0.410372574813664,0.565339212898208,0.276986425874188,0.397594236539556,0.282,4.32433616833061,0.667448972244352,0.276986425874188,44.9774127310062,0.413366313125648,0.103041013165767,0.469587131641499,41.1242563976124,114.513287010484,10,0.000364963503649635
2889,622,1960,29,0.83228081003628,0.365482204791103,0.165784366196021,0.343083902310096,0.152097541861879,0.0834315748993859,0.085,1.5376851488343,1.29842841264262,0.152097541861879,6.97604380561259,0.399399450697139,0.0929627287984623,0.416437429944085,77.1211805690889,11.6477381650133,39,0.0014233576642335767
15271,623,1995,153,0.539086527273671,0.917506831516362,0.534896044293419,0.536691886959114,0.325062201188199,0.50915661883703,0.339,4.94788590913283,0.796560040740097,0.325062201188199,41.9767282683094,0.412263454248008,0.102245206273363,0.494293385109277,38.6206128476853,98.7123579955476,13,0.00047445255474452553
23226,624,2013,233,0.453778693630473,0.804035244192103,0.0952680103946477,0.441517425237637,0.0579778285163144,0.0852506374108978,0.054,1.12572082259234,0.392980484736418,0.0579778285163144,59.9780971937029,0.41887960125575,0.107019321526608,0.429659545187323,31.6538025569098,51.1851804028586,35,0.0012773722627737226
21170,625,2008,212,0.94416961701925,0.652527869203859,0.804430788382888,0.639953856586599,0.773119451818877,0.551480558563578,0.539,8.18813304616111,8.15692407448027,0.773119451818877,54.9760438056126,0.417041167706983,0.105692734672208,0.607834191067998,116.509451826055,28.8778430329568,13,0.00047445255474452553
12578,626,1986,126,0.9880918664951,0.982611669119833,0.967207954265177,0.977627260745018,0.960239525313208,0.955886535928384,0.936,10.0797143593653,40.4882514443805,0.960239525313208,32.9774127310062,0.408955883873188,0.0998585116973308,0.832157610340434,170.044305479926,240.679364362166,3,0.00010948905109489051
16337,627,1997,164,0.992499096131017,0.994986929371556,0.939414974302053,0.990791805569575,0.935960443049054,0.937561808704758,0.927,19.2066546871234,49.4269853473139,0.935960443049054,43.9780971937029,0.412999028919135,0.102775986235359,0.756418707104417,185.821643124589,426.601655658507,1,3.649635036496351e-05
20180,628,2006,202,0.647009648715411,0.680616481984802,0.156113907927647,0.546725510171323,0.120521014347493,0.139158566873185,0.118,0.977206402846327,0.630124769891014,0.120521014347493,52.9774127310062,0.416306599293956,0.105162680811391,0.434342325216683,49.1647741332096,31.7660366673417,58,0.002116788321167883
19211,629,2004,193,0.642231051239885,0.775344245247302,0.68507904629223,0.595748966729467,0.472000176438992,0.55591005225884,0.448,2.73954391723303,1.38226477938906,0.472000176438992,50.9760438056126,0.415571024622829,0.104631900849396,0.545379333190464,48.6423134574894,45.2692406074992,30,0.0010948905109489052
10786,630,1980,108,0.867854075833598,0.747878640324635,0.787944681942463,0.707592055333984,0.707474251240694,0.617179461059111,0.608,9.72366816330336,3.8703065339256,0.707474251240694,26.9760438056126,0.406750166117907,0.098266897912523,0.574485657075058,85.7997493031856,40.5753509639347,12,0.00043795620437956203
20074,631,2006,201,0.871590944065961,0.876612562282848,0.979806687682867,0.819734106907381,0.862782434323956,0.871418674232041,0.789,5.41638141957291,17.5672787191695,0.862782434323956,52.9774127310062,0.416306599293956,0.105162680811391,0.941597754823119,86.8376245291094,74.3013802939713,4,0.00014598540145985403
4378,632,1964,44,0.882188336737682,0.995109330144807,0.902106253197417,0.882147168120031,0.815813554798973,0.899805531267359,0.832,,6.34538605134291,0.815813554798973,10.9760438056126,0.400869593781293,0.0940235626212744,0.653398124446609,89.9464311008461,431.119051851074,3,0.00010948905109489051
4988,633,1965,50,0.982823824524824,0.699593753006396,0.384462961228564,0.695604433457916,0.382374016049297,0.308116483276467,0.291,7.08858038314098,13.2562435965621,0.382374016049297,11.9780971937029,0.401237884245906,0.0942893156528619,0.448370832621119,157.475788810464,33.946278662931,11,0.0004014598540145985
6148,634,1969,62,0.615594028900463,0.660132892505554,0.584763169055805,0.515621985985502,0.407255550475389,0.431786401322946,0.359,1.47957614555095,0.966658253025561,0.407255550475389,15.9780971937029,0.40270802733006,0.095350149475674,0.491158171469189,45.8374810342778,29.623742614596,35,0.0012773722627737226
12972,635,1987,130,0.921816471484758,0.104615314267645,0.998615139629692,0.101849655638785,0.921371373195982,0.104592753456832,0.098,41.9563674338961,212.819823155469,0.921371373195982,33.9767282683094,0.409323168079701,0.100123538627739,1.41952337753292,104.608457632824,3.78187479107491,2,7.299270072992701e-05
19942,636,2005,200,0.664915488046387,0.731610698129018,0.436569793848321,0.58890932275415,0.327011517302767,0.37502420765795,0.298,1.25118027204536,0.886814785154052,0.327011517302767,51.9780971937029,0.415939315087442,0.104897653880983,0.47827112589526,51.1798414346552,38.1417240179622,37,0.0013503649635036496
6657,637,1970,67,0.764339424583346,0.750302813075988,0.732640105532482,0.661399010554626,0.614704533246546,0.60473071043907,0.54,2.13785050202205,1.69887445046764,0.614704533246546,16.9774127310062,0.403075311536573,0.0956151764060822,0.539896396917183,64.5402891244408,40.9582669036137,30,0.0010948905109489052
2641,638,1960,27,0.963490629956622,0.930056371971285,0.656355364248157,0.916495273276937,0.644988344856767,0.629301236926273,0.593,4.17689231829376,7.95470569829894,0.644988344856767,6.97604380561259,0.399399450697139,0.0929627287984623,0.505440629660295,131.378782383476,109.993452699945,8,0.00029197080291970805
7167,639,1972,72,0.547144657718623,0.332200507253385,0.0586993976030499,0.260876507907087,0.0423309282377061,0.0324058633473765,0.025,0.536813694178789,0.458203928708926,0.0423309282377061,18.9760438056126,0.4038098799496,0.0961452302668987,0.409647430795057,39.3310391633017,10.4236891796226,57,0.0020802919708029196
21712,640,2010,218,0.88463813788656,0.496851366422405,0.939306130167097,0.476360788652076,0.848301780980869,0.481971593686318,0.523,,8.2110189409592,0.848301780980869,56.9774127310062,0.417776742378109,0.106223514634204,0.772447953105733,90.7032026444141,17.6292083190469,9,0.0003284671532846715
17759,641,2000,178,0.89511966516809,0.660679310187448,0.573928894707933,0.635127322682762,0.535443797297403,0.408690526157269,0.42,6.77190751020572,3.01226424917638,0.535443797297403,46.9760438056126,0.414100881538675,0.103571067026584,0.507212806924524,94.125863837411,29.6783168195793,18,0.000656934306569343
17755,642,2000,178,0.817669123542741,0.721768582236052,0.715339387301356,0.664194293120917,0.615639413293249,0.543834515028918,0.522,4.26519913216863,2.42040198124513,0.615639413293249,46.9760438056126,0.414100881538675,0.103571067026584,0.5547104294967,74.055080747362,36.7745983821762,22,0.000802919708029197
14193,643,1992,142,0.207997849802968,0.316946316874502,0.116529687540606,0.135486650738521,0.0390033256907574,0.0564830585740114,0.032,0.35874492177425,0.279925510789757,0.0390033256907574,38.9760438056126,0.411160595370368,0.101449399380959,0.423825175559485,15.0434726829128,9.89235037914428,103,0.003759124087591241
27394,644,2024,274,0.994802934544417,0.946069833662537,0.190224123420194,0.944423383125258,0.189875102812922,0.184722319552927,0.197,,41.2537437787257,0.189875102812922,70.9760438056126,0.422921740043597,0.109936069963456,0.446418404203183,198.291039217534,129.393818710151,2,7.299270072992701e-05
10760,645,1980,108,0.626460628154053,0.696258668254731,0.90203252620995,0.543550329500384,0.585361184314756,0.647473150087244,0.555,,3.51691451547028,0.585361184314756,26.9760438056126,0.406750166117907,0.098266897912523,0.670577290898027,46.960545758347,33.5481803701301,16,0.0005839416058394161
11934,646,1984,120,0.881110432749456,0.91651982555192,0.847121928585693,0.854421502733646,0.767025957630029,0.794872515805123,0.727,4.48754589857997,5.15549005768247,0.767025957630029,30.9760438056126,0.408220309202061,0.0993277317353351,0.617811067272639,89.6182278940997,97.9290351487619,4,0.00014598540145985403
20504,647,2007,206,0.836229519090771,0.835788126244115,0.353243362158537,0.767021655407647,0.317753369992331,0.325441039129093,0.303,2.44036191583645,1.55908355167439,0.317753369992331,53.9767282683094,0.416673883500469,0.1054277077418,0.463857909482123,77.9931659080914,59.4378817808562,18,0.000656934306569343
16151,648,1996,162,0.287640656975234,0.250373067681117,0.0929734872188419,0.140614925925166,0.0424827457252667,0.0432677699518872,0.034,0.356266042053707,0.302174781425365,0.0424827457252667,42.9760438056126,0.412630738454522,0.102510233203772,0.422693693298204,20.0770289116291,7.75747908635641,102,0.0037226277372262775
22073,649,2010,221,0.0587501531542138,0.811751122786028,0.933196562575176,0.0584795488225466,0.0573362044584485,0.780906026971291,0.062,6.44663407687898,3.05859556156955,0.0573362044584485,56.9774127310062,0.417776742378109,0.106223514634204,0.758203113901035,5.49267308654761,53.0000882365149,4,0.00014598540145985403
9184,650,1977,92,0.905047997888332,0.94157316278848,0.991550580132753,0.888295625720247,0.901355194724063,0.937387382122462,0.878,18.4052550378084,42.0466925314322,0.901355194724063,23.9780971937029,0.405648313498367,0.0974718171212983,1.0365744626561,97.6863500122324,123.199064688756,2,7.299270072992701e-05
16621,651,1998,167,0.911330608069384,0.99165599306426,0.981060425052419,0.911108767577163,0.901943138206812,0.975553095095236,0.901,56.2117545088626,20.9377931063463,0.901943138206812,44.9774127310062,0.413366313125648,0.103041013165767,0.938721028449182,100.130067149694,341.056014526557,1,3.649635036496351e-05
6834,652,1971,69,0.251377597888329,0.112267687469715,0.832967705093324,0.0632605546952291,0.229382178403997,0.103565702424424,0.082,1.7007461460524,1.37895965710516,0.229382178403997,17.9767282683094,0.403442595743086,0.0958802033364905,0.595145915478302,17.7622317222562,3.97870680342445,37,0.0013503649635036496
11906,653,1984,120,0.949037726919679,0.841723764239542,0.639178325887769,0.825966483769247,0.619594060333503,0.566910475032509,0.56,8.87657920853403,6.37389100738574,0.619594060333503,30.9760438056126,0.408220309202061,0.0993277317353351,0.516020922304456,119.715545792921,61.2446931338271,8,0.00029197080291970805
19805,654,2005,199,0.964634538291378,0.988755803171025,0.967981938272715,0.963026262994384,0.941368972718824,0.963090936611548,0.945,179.550525661613,22.8506241493062,0.941368972718824,51.9780971937029,0.415939315087442,0.104897653880983,0.864300420438943,132.487679178681,297.228707460939,3,0.00010948905109489051
14053,655,1992,141,0.928596481301407,0.658600057992217,0.974562925519422,0.642035450878544,0.914046403765264,0.652834609528992,0.624,8.63669756572997,18.370538819912,0.914046403765264,38.9760438056126,0.411160595370368,0.101449399380959,0.880770057207398,107.825506011536,29.4713614132285,7,0.00025547445255474455
15432,656,1995,155,0.675995117170778,0.974843809218978,0.872708401409909,0.675671636363463,0.615434460965223,0.857714300837802,0.614,17.7413955109005,2.99711037868316,0.615434460965223,41.9767282683094,0.412263454248008,0.102245206273363,0.651811208559271,52.4752427165209,199.121315775831,4,0.00014598540145985403
4671,657,1965,47,0.798873654158018,0.905475365382609,0.658353741280735,0.781455520571075,0.571780531502334,0.62176088759435,0.543,2.88624532867812,1.74591466347104,0.571780531502334,11.9780971937029,0.401237884245906,0.0942893156528619,0.509418761842717,70.4350525501795,89.977998964788,14,0.0005109489051094891
21642,658,2009,217,0.978000902770049,0.987761000079546,0.98564684856683,0.974585995523088,0.967646298502571,0.976593227613818,0.959,23.7620838753864,50.0181670272822,0.967646298502571,55.9780971937029,0.417409458171596,0.105958487703795,1.00606300913663,148.947027482703,285.556806675604,2,7.299270072992701e-05
3080,659,1961,31,0.602111389159883,0.796123664581583,0.966714270878583,0.571851783171676,0.593546610875243,0.784381458215217,0.558,7.45419555917668,8.09030369909829,0.593546610875243,7.97809719370294,0.399767741161752,0.0932284818300497,0.792761600735135,44.4817145418784,49.4309430206456,6,0.00021897810218978101
11755,660,1983,118,0.867581581387319,0.632814948311894,0.968667750246823,0.601071289029482,0.849781020483103,0.623500058007654,0.592,15.0510747978716,14.7801211092255,0.849781020483103,29.9767282683094,0.407853024995547,0.0990627048049269,0.834538993555577,85.7251689276835,27.0555825823483,7,0.00025547445255474455
13608,661,1990,137,0.564201827504972,0.541419855930035,0.608188727172092,0.413999703372915,0.385247868380325,0.37607039323675,0.296,1.20840405590981,0.939596561285251,0.385247868380325,36.9774127310062,0.410426026957341,0.100919345520143,0.510587322881329,40.8701592399715,20.2389174632988,34,0.0012408759124087592
17461,662,2000,175,0.723224045999918,0.487994518449183,0.470731675857678,0.430808710421944,0.379795074962915,0.257716440676134,0.239,1.35712844767158,1.07619832214254,0.379795074962915,46.9760438056126,0.414100881538675,0.103571067026584,0.482617570308216,58.4875882041872,17.1528363752945,34,0.0012408759124087592
11629,663,1983,117,0.381655911038945,0.885923739848512,0.41662023961544,0.379574651851417,0.193838097840875,0.389327457897372,0.194,2.36573515326107,0.50560980757259,0.193838097840875,29.9767282683094,0.407853024995547,0.0990627048049269,0.463029283178187,26.3805380789179,78.7283865917922,14,0.0005109489051094891
14074,664,1992,141,0.98438866394309,0.949016284434714,0.884970302926376,0.943643143216836,0.87815050328595,0.858364641466441,0.858,52.8675817096649,22.7491521988145,0.87815050328595,38.9760438056126,0.411160595370368,0.101449399380959,0.662131471690546,160.759522328622,133.85957168249,3,0.00010948905109489051
4437,665,1964,45,0.774080383235896,0.942595958841824,0.602929057553411,0.769517428835113,0.516036044661751,0.584793064911541,0.506,4.47015890667469,1.43857358540887,0.516036044661751,10.9760438056126,0.400869593781293,0.0940235626212744,0.492782825166125,66.1168713085979,124.54807987256,13,0.00047445255474452553
16544,666,1998,166,0.990066722882577,0.997007646291314,0.995373777812347,0.989652847087548,0.987029626046879,0.993416370286012,0.986,121.160981423443,125.855395708004,0.987029626046879,44.9774127310062,0.413366313125648,0.103041013165767,1.19547316265361,176.244229268913,528.543618277795,2,7.299270072992701e-05
21653,667,2009,217,0.190989850244035,0.671105986164887,0.021543126553297,0.183111143376952,0.0068857724569512,0.0176393635143448,0.005,0.626964522039972,0.251777297307707,0.0068857724569512,55.9780971937029,0.417409458171596,0.105958487703795,0.419720143167437,13.9859019050347,30.7460788459104,41,0.0014963503649635037
15970,668,1996,160,0.291379380497439,0.18270699067384,0.463428378570825,0.10724466634799,0.171823752475748,0.119724580231344,0.089,0.537232568298284,0.47959791269821,0.171823752475748,42.9760438056126,0.412630738454522,0.102510233203772,0.478928943381673,20.318612739956,5.82827519883561,94,0.0034306569343065694
4003,669,1963,41,0.879179406853399,0.77199592525139,0.952815656550229,0.733964390326343,0.852903566529281,0.74953678020107,0.721,17.5227272374981,9.5654862903415,0.852903566529281,9.97672826830938,0.400502309574779,0.0937585356908662,0.747267302839653,89.0373377439794,44.6520679743781,10,0.000364963503649635
2657,670,1960,27,0.923289478436022,0.881532272820969,0.87595429411158,0.85276445080277,0.828506966430484,0.794262855431848,0.733,3.23843492203394,6.83452396892967,0.828506966430484,6.97604380561259,0.399399450697139,0.0929627287984623,0.62029033459935,105.283722296015,76.5778684133741,14,0.0005109489051094891
26033,671,2021,261,0.938156648040376,0.791403601293212,0.835032660281286,0.773581622397897,0.799540774974602,0.689000515167995,0.685,15.9616882124619,7.58971038060554,0.799540774974602,67.9780971937029,0.421819887424057,0.109140989172232,0.641726211907824,112.90609803888,48.4317193710245,13,0.00047445255474452553
6824,672,1971,69,0.65643464985961,0.518485080904036,0.154406166402623,0.434999906224875,0.121793344972908,0.103323129302214,0.096,0.851823281592393,0.643184992993222,0.121793344972908,17.9767282683094,0.403442595743086,0.0958802033364905,0.41968849329013,50.2138273678989,18.8492969682279,43,0.0015693430656934307
13455,673,1989,135,0.995926892658851,0.994557038481666,0.99136405531317,0.992788691750735,0.988650319996455,0.987992610429698,0.994,,147.126758830633,0.988650319996455,35.9780971937029,0.410058742750828,0.100654318589735,1.05766092390463,206.54816811577,411.819255648556,1,3.649635036496351e-05
779,674,1955,8,0.64588752497624,0.74456700907394,0.955161389661953,0.583205214712282,0.630529925406133,0.723099138228528,0.604,,6.7840279145888,0.630529925406133,1.97672826830938,0.397562023406472,0.0916368680452419,0.743277250562101,49.0415305100627,40.0611018932682,11,0.0004014598540145985
26168,675,2022,262,0.944779283226305,0.953122556081369,0.998141010990366,0.92581607846838,0.944104188441863,0.952314195410716,0.905,9.4376963764581,168.934010948207,0.944104188441863,68.9774127310062,0.42218717163057,0.10940601610264,1.45554563850761,116.895695440168,140.72185981775,1,3.649635036496351e-05
7139,676,1972,72,0.988179073036645,0.983673906708366,0.713185578817502,0.978639356519353,0.710197942418736,0.709863660119523,0.703,18.7575021302106,22.6416190588991,0.710197942418736,18.9760438056126,0.4038098799496,0.0961452302668987,0.533493931143573,170.295886454589,248.335713033223,2,7.299270072992701e-05
13193,677,1988,132,0.818491954432496,0.911522160060794,0.151024496648461,0.800968828336725,0.133374284419123,0.145363346971591,0.133,3.04563046159532,1.22057027073734,0.133374284419123,34.9760438056126,0.409690452286214,0.100388565558147,0.426291411653612,74.2214681155575,94.1559676002698,15,0.0005474452554744526
13568,678,1989,136,0.97949350996868,0.985664291936553,0.100864712381735,0.974460739823023,0.0999500123613582,0.100510712122921,0.094,13.4237647436257,10.2083576788183,0.0999500123613582,35.9780971937029,0.410058742750828,0.100654318589735,0.420830027103928,151.371672837751,264.671210429714,2,7.299270072992701e-05
14073,679,1992,141,0.822301672685407,0.92480925569385,0.501580107491463,0.809711454667,0.44718510262614,0.485903198128432,0.454,4.98644689333525,1.62201630927087,0.44718510262614,38.9760438056126,0.411160595370368,0.101449399380959,0.484880639266172,75.0012390885519,104.952769109274,18,0.000656934306569343
18706,680,2002,188,0.648544670878992,0.848812742246175,0.957128045614809,0.62915527421389,0.633730036207565,0.826051142475095,0.613,9.32357719834209,7.12826463968651,0.633730036207565,48.9774127310062,0.414836456209802,0.104101846988579,0.814409497975513,49.333928154423,63.5371031492612,10,0.000364963503649635
9075,681,1976,91,0.791332550641591,0.323350226308423,0.988737824605778,0.298078907666034,0.787082737184176,0.322167202600087,0.301,68.769975873741,28.5210606358235,0.787082737184176,22.9760438056126,0.405280023033753,0.0972060640897108,0.985412085881611,69.0712844183592,10.1132805162537,3,0.00010948905109489051
2406,682,1960,25,0.740063925660017,0.80705796839626,0.400235281325877,0.684522747453632,0.32969558607206,0.352394590251463,0.306,1.76591477990557,1.05598639723207,0.32969558607206,6.97604380561259,0.399399450697139,0.0929627287984623,0.448433220881666,60.8594378938355,51.8833743813954,25,0.0009124087591240876
13291,683,1988,133,0.221767699543012,0.563186860507821,0.520534230396152,0.199222583651559,0.140152358048454,0.342300793126565,0.113,0.759916113891807,0.502701482440178,0.140152358048454,34.9760438056126,0.409690452286214,0.100388565558147,0.48688594803706,15.9022509982743,21.660941282134,36,0.001313868613138686
26147,684,2022,262,0.726102406814937,0.981007612318828,0.601087959483266,0.725868175441414,0.479249635062536,0.595882574357776,0.454,5.15431952180404,1.31527661302888,0.479249635062536,68.9774127310062,0.42218717163057,0.10940601610264,0.528571437537445,58.8834635309835,230.244104956282,6,0.00021897810218978101
2174,685,1959,22,0.405984204555153,0.248254568149776,0.929833324626088,0.170289649288559,0.39274831119415,0.23822894038476,0.193,8.26623781832648,3.51303798979345,0.39274831119415,5.97672826830938,0.399032166490626,0.0926977018680541,0.689800582127753,28.1082217597885,7.69384831177003,16,0.0005839416058394161
11196,686,1981,112,0.316820282005576,0.186983253696347,0.879417093936354,0.114726305890709,0.294364124622876,0.175245808622105,0.134,2.97993270861545,2.03818023819672,0.294364124622876,27.9780971937029,0.407118456582521,0.0985326509441104,0.644846819465975,21.9798059917391,5.94467142173594,28,0.0010218978102189782
26655,687,2023,267,0.91094207367244,0.96953092099149,0.92253092257306,0.906503318619952,0.853903948750743,0.905098793797124,0.852,19.0437306246475,9.78906881353997,0.853903948750743,69.9767282683094,0.422554455837084,0.109671043033048,0.751650691978215,99.9741583687154,179.663179221705,6,0.00021897810218978101
19774,688,2005,198,0.999506325279858,0.979679596580016,0.987345662666485,0.979520803583156,0.987131789152534,0.971970226239748,0.968,48.885000967129,714.793201653508,0.987131789152534,51.9780971937029,0.415939315087442,0.104897653880983,1.02101828571751,277.434424031443,222.469850150822,1,3.649635036496351e-05
19934,689,2005,200,0.999873756266369,0.801147317354212,0.434472209541127,0.801114230969062,0.434463864250599,0.394846931616374,0.382,15.4658184570321,1696.37524243608,0.434463864250599,51.9780971937029,0.415939315087442,0.104897653880983,0.477853234306074,322.811973481984,50.5328598993226,1,3.649635036496351e-05
15449,690,1995,155,0.600724112115869,0.34903228848715,0.937922769458964,0.286110833891118,0.578695821573996,0.33625025088298,0.315,,4.99388997571928,0.578695821573996,41.9767282683094,0.412263454248008,0.102245206273363,0.750415258443842,44.3444742032405,11.0311003452567,19,0.0006934306569343065
4537,691,1964,46,0.565251610618124,0.994605986476938,0.858506710734218,0.565247235971228,0.51661811851767,0.856711179540176,0.499,9.42852476285329,2.15378458822088,0.51661811851767,10.9760438056126,0.400869593781293,0.0940235626212744,0.608456217191807,40.9665192415263,413.423457643011,1,3.649635036496351e-05
22126,692,2010,222,0.429205969439812,0.966060653091448,0.257982124807313,0.429056620449825,0.142310038575194,0.255533767875119,0.152,9.23715868929779,0.439442664746204,0.142310038575194,56.9774127310062,0.417776742378109,0.106223514634204,0.450054448242857,29.8039547738394,169.305552209463,5,0.0001824817518248175
16407,693,1997,165,0.884242184944691,0.443544917355546,0.917864056769758,0.425340470462468,0.829780283465641,0.429194113791874,0.4,5.17280951526272,7.22698916906102,0.829780283465641,43.9780971937029,0.412999028919135,0.102775986235359,0.713226298008756,90.5798490882851,14.9413243530644,12,0.00043795620437956203
1154,694,1956,12,0.404892710106122,0.394721380561634,0.0971487497445196,0.256720997919684,0.0520613862065841,0.0528424708487259,0.045,0.476346973679669,0.363623189663443,0.0520613862065841,2.97604380561259,0.397929307612985,0.0919018949756502,0.407380100756252,28.029678653151,12.8054001492252,65,0.0023722627737226276
26410,695,2022,265,0.27423780675111,0.986303432539897,0.523627980379388,0.274231476466362,0.173104356582563,0.521148501537172,0.173,17.6754722766863,0.532994250276688,0.173104356582563,68.9774127310062,0.42218717163057,0.10940601610264,0.507091604589251,19.215781488397,270.578922113008,2,7.299270072992701e-05
26725,696,2023,268,0.34090965578779,0.879900316942482,0.97944526001811,0.339086337462241,0.337866331704011,0.87068667875902,0.337,19.2601869868595,11.4211210083573,0.337866331704011,69.9767282683094,0.422554455837084,0.109671043033048,0.967240081845408,23.5840840661557,75.8077965964706,5,0.0001824817518248175
1542,697,1957,16,0.829097885319489,0.333529232258848,0.858261493034661,0.312762313408904,0.734827402478839,0.303283050923005,0.315,13.3474316044583,4.213362651764,0.734827402478839,3.97809719370294,0.398297598077599,0.0921676480072376,0.601584248871597,76.4323389887604,10.4708136421313,11,0.0004014598540145985
10070,698,1979,101,0.168665251583513,0.229854795551747,0.932785087032244,0.0917079351888957,0.162137840033087,0.221762536415884,0.09,3.68302573287088,3.29557149872854,0.162137840033087,25.9767282683094,0.406382881911394,0.0980018709821147,0.719624231961008,12.5991919223965,7.15080939314539,22,0.000802919708029197
15398,699,1995,154,0.992784776847316,0.792407000256677,0.960787565680221,0.790522841881397,0.956304437464812,0.772658422906576,0.77,57.0392173970367,73.2038983240694,0.956304437464812,41.9767282683094,0.412263454248008,0.102245206273363,0.818167396546919,187.143423705636,48.6413086550292,3,0.00010948905109489051
10002,700,1979,101,0.923754254913961,0.995406102610678,0.803240957669914,0.92368562916553,0.756572588664649,0.801576202805591,0.772,,6.76192504209319,0.756572588664649,25.9767282683094,0.406382881911394,0.0980018709821147,0.582567854883261,105.499399010856,442.718434034207,1,3.649635036496351e-05
5169,701,1966,52,0.417902864637514,0.135997241575216,0.184255302418023,0.0974252992740324,0.10278067035115,0.0381425066551468,0.031,0.426263757480264,0.39950261660911,0.10278067035115,12.9774127310062,0.401605168452419,0.0945543425832701,0.421102148030076,28.9725468455923,4.59125305059668,86,0.0031386861313868614
12551,702,1986,126,0.255809990349776,0.591469267757172,0.808221231913194,0.231633406405954,0.230078926104013,0.516407385720776,0.228,2.11373527117392,1.20447314460584,0.230078926104013,32.9774127310062,0.408955883873188,0.0998585116973308,0.591603802034563,18.0426956548271,23.6809062038267,20,0.00072992700729927
9854,703,1978,99,0.315142076842228,0.0896114976118764,0.341256662737578,0.0571752341093727,0.128148571436592,0.0425720780896763,0.038,0.450566495227393,0.423953516237217,0.128148571436592,24.9774127310062,0.40601559770488,0.0977368440517065,0.44786710966797,21.8692357319388,3.39504042604526,82,0.0029927007299270073
14621,704,1993,147,0.870580797429614,0.745369753660741,0.860460131196305,0.706349726937739,0.770545666224104,0.674034035080998,0.625,4.03887449365107,5.06268392500836,0.770545666224104,39.9780971937029,0.411528885834981,0.101715152412547,0.63789262523796,86.5542461156541,40.1848334175165,7,0.00025547445255474455
13161,705,1988,132,0.911232449634801,0.719303656867276,0.160868916194886,0.695751557040017,0.152739073439677,0.134271242563744,0.14,3.89431981616307,2.48022923676495,0.152739073439677,34.9760438056126,0.409690452286214,0.100388565558147,0.427486696691221,100.090616457727,36.4435870308828,19,0.0006934306569343065
14817,706,1994,149,0.692944183883398,0.966300583928472,0.979142226977274,0.692221467186161,0.685422512105002,0.952454183558735,0.669,8.80624014867829,14.9968867464185,0.685422512105002,40.9774127310062,0.411896170041495,0.101980179342955,0.915992315038379,54.5358441544952,169.973958446453,2,7.299270072992701e-05
26616,707,2023,267,0.711468702566803,0.925814035963784,0.979710946325213,0.706139255680627,0.703580701451859,0.915087444593582,0.685,8.76665565446076,16.1276632797792,0.703580701451859,69.9767282683094,0.422554455837084,0.109671043033048,0.969531168714627,56.9088605723825,105.87879604459,3,0.00010948905109489051
10196,708,1979,102,0.993931672301735,0.980338237205782,0.992664033547044,0.978182146408958,0.987728572633245,0.975243708628859,0.97,47.3879229930168,176.543264170443,0.987728572633245,25.9767282683094,0.406382881911394,0.0980018709821147,1.06571227325015,193.02960445348,226.236456038597,1,3.649635036496351e-05
1166,709,1956,12,0.998875628703172,0.989773420399936,0.988729030359536,0.989399466160982,0.988123272791822,0.981079063339758,0.977,47.3515919613213,385.643473692228,0.988123272791822,2.97604380561259,0.397929307612985,0.0919018949756502,0.946281913661854,249.899597033149,310.693343377547,1,3.649635036496351e-05
16285,710,1997,163,0.538705637958511,0.87528320319404,0.218059157021344,0.53218474028963,0.144450432816274,0.207368311573484,0.147,1.90556974827163,0.515881891101646,0.144450432816274,43.9780971937029,0.412999028919135,0.102775986235359,0.438661682257958,38.5872868555048,73.7086615445107,18,0.000656934306569343
18914,711,2003,190,0.900575034479654,0.278091993285228,0.609681311296299,0.268559414965561,0.572111205288483,0.200466537436503,0.198,3.65037985857947,3.23337570525863,0.572111205288483,49.9767282683094,0.415203740416316,0.104366873918988,0.519233227380595,96.0398883579119,8.6129551575205,12,0.00043795620437956203
23609,712,2015,237,0.942562640429954,0.836011447711386,0.106612707721069,0.818140016082579,0.103874173821066,0.0951972356289457,0.083,4.07958206610683,3.65638562711474,0.103874173821066,61.9767282683094,0.419614169668776,0.107549375387424,0.431822317374577,115.51074854834,59.5041197597824,14,0.0005109489051094891
10078,713,1979,101,0.0435018242531331,0.959748492280669,0.977556905010715,0.0434978814250148,0.0430576776279187,0.943478041056236,0.042,27.6763801135913,9.09134367198425,0.0430576776279187,25.9767282683094,0.406382881911394,0.0980018709821147,0.879366771534023,4.38453896557326,153.766546442499,1,3.649635036496351e-05
10966,714,1981,110,0.128607353705974,0.533007188830262,0.205358532024547,0.117515550837445,0.0383921221818963,0.133328226697375,0.031,0.511165352650849,0.28391901046662,0.0383921221818963,27.9780971937029,0.407118456582521,0.0985326509441104,0.430087376582802,10.0946461437906,19.7169486906477,44,0.001605839416058394
4403,715,1964,45,0.0483143529467587,0.148110732567655,0.798809870379046,0.0260187121398731,0.0445686367442229,0.131861308878661,0.026,1.10366930280058,1.01294332180554,0.0445686367442229,10.9760438056126,0.400869593781293,0.0940235626212744,0.567353826303461,4.74169329748916,4.90698440662749,62,0.002262773722627737
640,716,1955,7,0.498894302050119,0.982019554133246,0.950940046226606,0.498844147718488,0.485578322414882,0.939061568609512,0.48,17.196702968481,5.5953487216324,0.485578322414882,1.97672826830938,0.397562023406472,0.0916368680452419,0.731312341506198,35.2213566702361,236.680847286105,4,0.00014598540145985403
22693,717,2011,227,0.259316850390995,0.217045020050854,0.914515465963632,0.116636928887403,0.249817451390225,0.210463132715084,0.149,5.39954229238078,2.63209376289591,0.249817451390225,57.9767282683094,0.418144026584623,0.106488541564612,0.723462255247247,18.2650366917595,6.78231361026129,19,0.0006934306569343065
7714,718,1973,78,0.67240252943869,0.990408746484323,0.796376171987504,0.672369915252156,0.577123907969238,0.793988952424181,0.572,16.2663415168459,1.84595153197242,0.577123907969238,19.9780971937029,0.404178170414213,0.0964109832984861,0.573481702648088,52.0509277868188,320.043870140947,2,7.299270072992701e-05
12937,719,1987,130,0.98098133787402,0.874599980202787,0.301697443937883,0.868913512810584,0.299710649507309,0.282268407979063,0.276,11.3547278813844,11.7426933778937,0.299710649507309,33.9767282683094,0.409323168079701,0.100123538627739,0.446075073902518,153.968015246583,73.4075793931713,5,0.0001824817518248175
20208,720,2006,203,0.98895691830747,0.99828038372007,0.990107324905694,0.988855645838913,0.981688805570849,0.989643959409081,0.984,,76.2031808519905,0.981688805570849,52.9774127310062,0.416306599293956,0.105162680811391,1.06764943173355,172.624579328451,657.413524195288,1,3.649635036496351e-05
5802,721,1968,59,0.946889906734207,0.973768895330601,0.648774166125804,0.94068147946077,0.630778251071856,0.640347704701259,0.635,27.1206039468911,5.69570498826404,0.630778251071856,14.9760438056126,0.402339736865446,0.0950843964440866,0.508441289886657,118.265727699073,194.753928103262,5,0.0001824817518248175
7756,722,1973,78,0.970250979034489,0.97554827123438,0.571814261144027,0.960411619857936,0.565105589383715,0.567364739919949,0.564,17.7486892557943,8.68042399092068,0.565105589383715,19.9780971937029,0.404178170414213,0.0964109832984861,0.490323695006493,138.499933818147,202.124376070085,4,0.00014598540145985403
4744,723,1965,48,0.838003624548695,0.389108881813123,0.764109469251707,0.366085940909845,0.679261436501897,0.334244761085108,0.347,4.83440204390919,2.59240824879217,0.679261436501897,11.9780971937029,0.401237884245906,0.0942893156528619,0.550131904298211,78.3914439677731,12.576698030401,15,0.0005474452554744526
23502,724,2014,236,0.95701614333423,0.945578133721013,0.959396309684962,0.927365797982611,0.928100114079224,0.915775052222843,0.884,7.92067364726482,17.1120636518051,0.928100114079224,60.9774127310062,0.419246885462263,0.107284348457016,0.839619797421608,125.680351933445,128.681743257216,3,0.00010948905109489051
20473,725,2006,205,0.997431778257806,0.998815799771521,0.998155576176941,0.997156892899358,0.996099159234322,0.99740138908825,0.994,88.7198473887665,390.773982905254,0.996099159234322,52.9774127310062,0.416306599293956,0.105162680811391,1.4113649654915,222.128215176533,756.859338759789,1,3.649635036496351e-05
15850,726,1996,159,0.478383581828523,0.93589671905828,0.825513124233112,0.477468944339697,0.421366871966407,0.79390923314987,0.413,5.00605427998797,1.70255995179347,0.421366871966407,42.9760438056126,0.412630738454522,0.102510233203772,0.612039955865647,33.569879329308,116.272515988995,7,0.00025547445255474455
5651,727,1967,57,0.571263662596711,0.971046086463944,0.21501780138351,0.571027093104526,0.145356656276031,0.21204274511704,0.143,7.11770519275335,0.556986403658981,0.145356656276031,13.9767282683094,0.401972452658933,0.0948193695136783,0.425269197994912,41.5221666869574,184.708834007694,6,0.00021897810218978101
14192,728,1992,142,0.848026428099298,0.896426339724886,0.991245252778754,0.81703344037146,0.84520213983571,0.893381154016872,0.792,7.16365383857829,33.7242027013284,0.84520213983571,38.9760438056126,0.411160595370368,0.101449399380959,1.06140884655847,80.7223938927585,84.3925480832139,1,3.649635036496351e-05
21124,729,2008,212,0.705068739511901,0.74239105209097,0.992822045926005,0.621184294986918,0.702693068406174,0.739666284533737,0.625,,41.6468586548297,0.702693068406174,54.9760438056126,0.417041167706983,0.105692734672208,1.13230394549995,56.0737979113521,39.7286289998971,5,0.0001824817518248175
8034,730,1973,81,0.597694358726681,0.953649781270787,0.23961812001653,0.596846769864811,0.16662826834275,0.234669577244192,0.157,3.98546457724725,0.60731980158986,0.16662826834275,19.9780971937029,0.404178170414213,0.0964109832984861,0.431033646111802,44.0461669350378,141.663654871651,5,0.0001824817518248175
19991,731,2005,200,0.979061627478226,0.995625939312235,0.98477952205576,0.978688509042319,0.967836127215781,0.98287193825787,0.965,40.5721840774055,50.0628579006556,0.967836127215781,51.9780971937029,0.415939315087442,0.104897653880983,0.988420251714962,150.652702064118,451.965885467606,1,3.649635036496351e-05
24987,732,2018,250,0.967946176161696,0.963502234314373,0.887396688340232,0.949206458512377,0.868942403669215,0.862665782725103,0.84,9.10351079522085,14.706380675096,0.868942403669215,64.9774127310062,0.420717028546417,0.108345182279828,0.691756234902868,135.908189684591,162.560959172383,5,0.0001824817518248175
8603,733,1975,87,0.866277790122758,0.99477135429243,0.382064415374771,0.866238349153657,0.352391530042873,0.381230628001928,0.36,,1.92216528914457,0.352391530042873,21.9767282683094,0.40491273882724,0.0969410371593026,0.452971363503283,85.3703458427204,418.988468177293,4,0.00014598540145985403
22435,734,2011,225,0.544788722894324,0.107408693126055,0.960208560107276,0.0864874410524572,0.533628477677936,0.105908169233103,0.093,9.70020929134401,6.98538787015075,0.533628477677936,57.9767282683094,0.418144026584623,0.106488541564612,0.838580620241939,39.1222607390452,3.85372823525112,15,0.0005474452554744526
15269,735,1995,153,0.905746299715769,0.997828768587164,0.958665112266317,0.905737639385536,0.878617831188164,0.95767011202959,0.869,18.543583203369,14.0781429224925,0.878617831188164,41.9767282683094,0.412263454248008,0.102245206273363,0.810199290521253,97.9501220278348,600.550795258609,1,3.649635036496351e-05
3427,736,1962,35,0.980555222271851,0.969775544608755,0.993597693741322,0.961868870944212,0.976708565967844,0.966557936546654,0.956,38.4104758941129,78.2579788106027,0.976708565967844,8.97741273100616,0.400135025368266,0.093493508760458,1.05247468007967,153.204534911593,180.454206151429,5,0.0001824817518248175
23982,737,2015,240,0.592974313860733,0.88503428663403,0.814112692372873,0.585662828656097,0.51634444469863,0.740557034490952,0.501,4.04506076518231,1.83053898031872,0.51634444469863,61.9767282683094,0.419614169668776,0.107549375387424,0.620439739392124,43.5852539148599,78.2832678242332,13,0.00047445255474452553
12842,738,1987,129,0.954471855438974,0.963300469249724,0.936691587325186,0.940148199611455,0.905476794417222,0.914808744234152,0.869,5.40981714799667,13.9729676771558,0.905476794417222,33.9767282683094,0.409323168079701,0.100123538627739,0.737703567149487,123.668318294776,162.05690713668,3,0.00010948905109489051
6108,739,1969,62,0.215785224243895,0.847003390192291,0.830279693007469,0.214462674753693,0.196659483295693,0.733335024104982,0.203,4.13318146362517,1.32806916778875,0.196659483295693,15.9780971937029,0.40270802733006,0.095350149475674,0.591460745214866,15.5287760962524,62.9372662908438,13,0.00047445255474452553
4056,740,1963,41,0.999465841817024,0.740630166669913,0.964852986857295,0.740500718776089,0.964697005735965,0.725829971860861,0.723,64.9624624595435,528.852805428451,0.964697005735965,9.97672826830938,0.400502309574779,0.0937585356908662,0.788037340096336,274.803121666619,39.4626525003941,1,3.649635036496351e-05
20952,741,2008,210,0.791422189107707,0.782003143314414,0.998809265671298,0.700244672239258,0.791090162463917,0.78172853430698,0.723,,232.908128708074,0.791090162463917,54.9760438056126,0.417041167706983,0.105692734672208,1.51932480760479,69.0872222516716,46.5383844002603,1,3.649635036496351e-05
17934,742,2001,180,0.869055862517362,0.968065379009692,0.28063638927415,0.866233492780575,0.260152480051241,0.275820029316039,0.252,6.16363754788713,1.81060643410706,0.260152480051241,47.9780971937029,0.414469172003289,0.103836820058171,0.449366621750187,86.1304365905248,175.100368458389,6,0.00021897810218978101
8486,743,1975,85,0.522337703171561,0.691023463570644,0.86504134722054,0.46884809587439,0.475353255032753,0.625149907239351,0.39,1.9812034475234,2.27339367053037,0.475353255032753,21.9767282683094,0.40491273882724,0.0969410371593026,0.624772773303526,37.1760170500843,32.9364758952814,17,0.0006204379562043796
4870,744,1965,49,0.503245276476616,0.624460652650712,0.454940169584006,0.426498759049167,0.277661097649636,0.329596141452594,0.236,0.929757303223167,0.626025798852702,0.277661097649636,11.9780971937029,0.401237884245906,0.0942893156528619,0.460624350282634,35.5785188284823,26.3278880437976,52,0.0018978102189781021
294,745,1953,3,0.558742301459763,0.520070959200628,0.445504526374862,0.397597932129081,0.272695457059501,0.255974631911693,0.2,0.990342996758327,0.745021498442677,0.272695457059501,-0.0219028062970568,0.396827454993445,0.0911068141844255,0.452527701446543,40.3721418552853,18.9420698590366,62,0.002262773722627737
15636,746,1995,157,0.125537958949095,0.991069907830576,0.985104641178623,0.125537395274005,0.12485264987746,0.978979879500349,0.116,17.156459725005,14.0745460798702,0.12485264987746,41.9767282683094,0.412263454248008,0.102245206273363,0.973947483512235,9.90074214776686,330.695436912137,1,3.649635036496351e-05
21578,747,2009,216,0.921506370057933,0.941928577820324,0.772754509467632,0.901164987731835,0.730055088517451,0.745615881361073,0.717,8.45791122420388,5.58749601214361,0.730055088517451,55.9780971937029,0.417409458171596,0.105958487703795,0.589457705913456,104.467871584186,123.664058206414,8,0.00029197080291970805
11948,748,1984,120,0.976293017986046,0.948311024303407,0.981900642393157,0.93959805991608,0.962403231881955,0.936535615256222,0.918,14.252909817342,47.5107739277517,0.962403231881955,30.9760438056126,0.408220309202061,0.0993277317353351,0.92196705299368,146.363796616599,132.758359136786,3,0.00010948905109489051
12208,749,1985,123,0.796816600579187,0.975031286984507,0.62523809238337,0.796043052799223,0.530076544423067,0.616915222430078,0.526,10.0256457495529,1.85147724553781,0.530076544423067,31.9780971937029,0.408588599666674,0.0995934847669225,0.512413518403532,70.0583567293523,199.909200193678,7,0.00025547445255474455
16301,750,1997,164,0.987565531242221,0.998788254784043,0.938852103194222,0.987527283547779,0.93244785072613,0.938548537895902,0.926,27.3306821731389,33.1663062139355,0.93244785072613,43.9780971937029,0.412999028919135,0.102775986235359,0.755082502058522,168.563462167962,750.413918882509,1,3.649635036496351e-05
24567,751,2017,246,0.742456212286428,0.943891511475416,0.960110245971009,0.73904312855186,0.726260789208448,0.912198896369081,0.707,8.31779140266833,8.44083761696055,0.726260789208448,63.9780971937029,0.420349744339903,0.10808015534942,0.846675520091793,61.2077603255161,126.306033049,5,0.0001824817518248175
12557,752,1986,126,0.171535661621778,0.293411964044949,0.298087405506521,0.110846492149886,0.0743158627029029,0.11812395813965,0.057,0.413863361618212,0.330746457480036,0.0743158627029029,32.9774127310062,0.408955883873188,0.0998585116973308,0.445072761102889,12.7775838409486,9.10545659633497,98,0.0035766423357664234
24248,753,2016,243,0.986227090622484,0.863838882069134,0.987741951132193,0.859842421040178,0.976618354355308,0.856909618866576,0.854,128.002421744344,75.491280248473,0.976618354355308,62.9760438056126,0.41998145387529,0.107814402317832,1.04773492449487,165.059931670498,68.95874166982,3,0.00010948905109489051
14378,754,1993,144,0.346807049435248,0.383962826235327,0.987447676481679,0.226394992508648,0.345665704768299,0.382920694264733,0.264,,17.5269801657687,0.345665704768299,39.9780971937029,0.411528885834981,0.101715152412547,0.999652279390224,23.9820262398338,12.3697861294663,11,0.0004014598540145985
6180,755,1969,62,0.332517987515205,0.648633020424545,0.803409618558362,0.305775544834099,0.294436344769068,0.559317243996744,0.284,2.19856306728427,1.26176008746247,0.294436344769068,15.9780971937029,0.40270802733006,0.095350149475674,0.574225475589738,23.0214621760876,28.5054279365992,17,0.0006204379562043796
256,756,1953,3,0.709152488755206,0.344843200633089,0.799020983045921,0.304274112139936,0.587831170631977,0.291807661025513,0.247,2.38389617023795,2.51074287778124,0.587831170631977,-0.0219028062970568,0.396827454993445,0.0911068141844255,0.558263373336048,56.6047179523344,10.8777700244159,21,0.0007664233576642335
15058,757,1994,151,0.36180466879634,0.520472119127561,0.898626979440451,0.291641831034301,0.338418412758871,0.485593894957514,0.283,3.86470656426657,2.5645377292627,0.338418412758871,40.9774127310062,0.411896170041495,0.101980179342955,0.681078835292141,25.004037325298,18.9656126343556,25,0.0009124087591240876
25837,758,2020,259,0.757213791506826,0.612009510150187,0.147456781473011,0.546954006479301,0.125998770195275,0.111788482324629,0.087,1.10459903422091,0.903635427009432,0.125998770195275,66.9760438056126,0.421451596959443,0.108875236140644,0.438990325574391,63.4248306430956,25.2882913986385,33,0.0012043795620437956
23679,759,2015,237,0.998064661772922,0.777561303687121,0.902338076848537,0.777068347812009,0.901614523089646,0.718319215380467,0.718,192.670065139433,165.045852006372,0.901614523089646,61.9767282683094,0.419614169668776,0.107549375387424,0.708808725212249,231.658698561162,45.6855019334241,2,7.299270072992701e-05
7229,760,1972,73,0.0542216303999193,0.340149586570281,0.959842537995428,0.0446466249133826,0.0533577882743144,0.336459500023253,0.045,5.6737333945597,5.08988483667431,0.0533577882743144,18.9760438056126,0.4038098799496,0.0961452302668987,0.782106510277041,5.17031710520007,10.7076916513485,14,0.0005109489051094891
25928,761,2021,260,0.377953444498077,0.477093739372462,0.53998715034686,0.284013446883946,0.241038419273845,0.297537852913324,0.228,1.0022280288082,0.619007572562616,0.241038419273845,67.9780971937029,0.421819887424057,0.109140989172232,0.510701650055684,26.1216433473377,16.5837234034202,51,0.0018613138686131387
25194,762,2018,252,0.860076540150091,0.881322498742044,0.809389293892309,0.81569381924313,0.720960297391088,0.73626113373341,0.679,4.63747495086432,3.88391269651126,0.720960297391088,64.9774127310062,0.420717028546417,0.108345182279828,0.619697196374611,83.7266868804363,76.4780263537403,12,0.00043795620437956203
3918,763,1963,40,0.331053494599008,0.183199262679278,0.60482816118747,0.115289648497354,0.232884553116823,0.130754694260217,0.092,0.746692216737827,0.673394104225008,0.232884553116823,9.97672826830938,0.400502309574779,0.0937585356908662,0.492659590321862,22.9236986592175,5.84164259719634,76,0.002773722627737226
19252,764,2004,193,0.664632373052267,0.392130092039627,0.29310501832515,0.335453706679823,0.217844040667183,0.134635498916521,0.136,0.989776779512854,0.768915368161904,0.217844040667183,50.9760438056126,0.415571024622829,0.104631900849396,0.452642013722944,51.1472439971843,12.6994100720488,46,0.001678832116788321
6092,765,1968,61,0.948607336925684,0.882168989506308,0.991873426828533,0.864677061268296,0.945197703529246,0.879177695775866,0.849,11.4924647300111,42.4003717534851,0.945197703529246,14.9760438056126,0.402339736865446,0.0950843964440866,1.02445061421026,119.420307728474,76.8824839438248,5,0.0001824817518248175
8544,766,1975,86,0.748123739894415,0.696905523788226,0.105890663806349,0.612311531013616,0.0904047510597614,0.0846249395455414,0.069,1.19459117216468,0.846058234756375,0.0904047510597614,21.9767282683094,0.40491273882724,0.0969410371593026,0.415837317502338,62.0450003169888,33.624873501585,31,0.0011313868613138686
19472,767,2004,195,0.789657187084705,0.893731339180126,0.0354464689735323,0.768554638832453,0.0310286373942975,0.0339919433108982,0.025,2.22865500461638,0.971227476639218,0.0310286373942975,50.9760438056126,0.415571024622829,0.104631900849396,0.419355489560487,68.774574896732,82.8626529142829,10,0.000364963503649635
13801,768,1991,139,0.787310269716298,0.934373669459427,0.88483561319299,0.780389225871033,0.723576812880024,0.842580486767414,0.707,6.05565635982239,3.88871055051505,0.723576812880024,37.9767282683094,0.410793311163855,0.101184372450551,0.660954501653148,68.3626259545622,114.559421342952,7,0.00025547445255474455
8354,769,1974,84,0.379534363440847,0.55317484726981,0.997956566745415,0.315086454368664,0.379304939060535,0.552858953441739,0.333,,110.253043872313,0.379304939060535,20.9774127310062,0.404545454620727,0.0966760102288944,1.29812131933574,26.2320640673481,20.9935717939393,5,0.0001824817518248175
27227,770,2024,273,0.944298056053751,0.7041382357282,0.295035733608529,0.690466096260803,0.286429581075113,0.230062016615126,0.232,6.35209633917433,4.24666395871417,0.286429581075113,70.9760438056126,0.422921740043597,0.109936069963456,0.462185683785171,116.590479164601,34.4996595438988,14,0.0005109489051094891
9134,771,1977,92,0.118790019084037,0.904850402008487,0.91882541636005,0.11864586410702,0.114736738619123,0.849673050518188,0.121,10.2093864549843,2.59331717393414,0.114736738619123,23.9780971937029,0.405648313498367,0.0974718171212983,0.691937838223701,9.4729030016994,89.5679767909002,4,0.00014598540145985403
22616,772,2011,227,0.899047161784338,0.821019348036893,0.489652570802718,0.786846844649174,0.464033539389848,0.441244630597741,0.438,4.50390256271361,2.65485057092042,0.464033539389848,57.9767282683094,0.418144026584623,0.106488541564612,0.492788745461478,95.4938238124354,55.3310603482115,22,0.000802919708029197
19935,773,2005,200,0.428623188406406,0.993017131641238,0.366478948388249,0.42861960751945,0.191083945915437,0.366192703742543,0.178,10.1127630001599,0.505073706400982,0.191083945915437,51.9780971937029,0.415939315087442,0.104897653880983,0.465176090043301,29.7607990137976,369.363572652437,2,7.299270072992701e-05
22433,774,2011,225,0.723272947396559,0.743991896531517,0.398884497582912,0.633346137995011,0.319872946147789,0.330982279874808,0.287,1.52611151033474,1.01155447508255,0.319872946147789,57.9767282683094,0.418144026584623,0.106488541564612,0.474057164679566,58.4942823804042,39.9728153335296,32,0.0011678832116788322
1759,775,1958,18,0.87068895946703,0.99628016659506,0.935921943513677,0.870670219749104,0.830684172112448,0.934326473949457,0.823,20.4294344023229,8.30797009352975,0.830684172112448,4.97741273100616,0.398664882284112,0.0924326749376458,0.700259532745691,86.5844876530232,483.548087361226,3,0.00010948905109489051
15263,776,1995,153,0.999199699654558,0.865772200956682,0.608778377762064,0.865545377158447,0.608639977893561,0.554044470925141,0.556,,302.160229472615,0.608639977893561,41.9767282683094,0.412263454248008,0.102245206273363,0.513913256258292,261.28840693287,69.7196796883683,2,7.299270072992701e-05
25829,777,2020,259,0.936454760327459,0.920389985764609,0.342714389786124,0.893960369193086,0.332101075624906,0.330830921173686,0.298,3.37079238088782,3.77843802332902,0.332101075624906,66.9760438056126,0.421451596959443,0.108875236140644,0.468326436299395,111.948112289184,101.078942881109,9,0.0003284671532846715
16113,778,1996,162,0.951026268583963,0.45413216919863,0.916380477836356,0.446638294574242,0.887316576385687,0.442189345974895,0.423,6.32805230999475,10.0452892037698,0.887316576385687,42.9760438056126,0.412630738454522,0.102510233203772,0.709596931754522,121.112031527145,15.4427962428083,8,0.00029197080291970805
12436,779,1985,125,0.535419279221264,0.316191082037728,0.853098363382742,0.246280952533221,0.483358055723321,0.288330791937046,0.263,3.9792224460788,2.10880566018187,0.483358055723321,31.9780971937029,0.408588599666674,0.0995934847669225,0.623743711455278,38.3006816831112,9.86649398933945,30,0.0010948905109489052
14421,780,1993,145,0.920962532740364,0.170339299113803,0.189570829505101,0.165774527974047,0.18182190334758,0.0499045128257498,0.045,2.7921931423603,2.80549997107553,0.18182190334758,39.9780971937029,0.411528885834981,0.101715152412547,0.433184335132958,104.222615013226,5.49501417392174,16,0.0005839416058394161
22078,781,2010,221,0.993903990342669,0.989435171313479,0.996002277825028,0.986983653341125,0.991088825032976,0.987144908067414,0.983,69.54231171784,169.125059328679,0.991088825032976,56.9774127310062,0.417776742378109,0.106223514634204,1.254144530938,192.874979226977,306.025930944253,1,3.649635036496351e-05
16648,782,1998,167,0.851053719406261,0.997636448918704,0.204890880966559,0.851048551850511,0.19024611099946,0.20479099243942,0.204,,1.48918652565274,0.19024611099946,44.9774127310062,0.413366313125648,0.103041013165767,0.437323836193376,81.4552155862403,580.816039036012,2,7.299270072992701e-05
21840,783,2010,219,0.994227302313876,0.989405223951851,0.910307885613292,0.987115750465325,0.907646025315906,0.905453310562927,0.901,37.9170319081953,64.2913707814155,0.907646025315906,56.9774127310062,0.417776742378109,0.106223514634204,0.715470495734992,194.725909717946,305.62233614793,1,3.649635036496351e-05
19565,784,2005,196,0.617169047813955,0.250903045690487,0.767856312915683,0.210055877739161,0.507147954911123,0.214841700341342,0.224,2.77326634473863,1.63769858755852,0.507147954911123,51.9780971937029,0.415939315087442,0.104897653880983,0.583589448995786,45.9985344092732,7.77343449229903,29,0.0010583941605839416
25253,785,2019,253,0.908573693620806,0.902697839816702,0.974612404126674,0.862964141131202,0.894464881377398,0.887930589896907,0.806,3.7400182530365,17.732408614479,0.894464881377398,65.9767282683094,0.42108431275293,0.108610209210236,0.924171818246876,99.0377736671203,88.1847097055447,7,0.00025547445255474455
26870,786,2023,269,0.982477417255798,0.566381912355395,0.490360336611047,0.563099889987065,0.486783631242385,0.311194199644005,0.277,4.45850809971734,14.3411557849196,0.486783631242385,69.9767282683094,0.422554455837084,0.109671043033048,0.49959519531669,156.788841125348,21.8789086388096,9,0.0003284671532846715
12331,787,1985,124,0.97950770440164,0.951626955755099,0.755607980303466,0.944187172139115,0.747028526601465,0.732735359686419,0.734,62.3360179596157,16.7886052496962,0.747028526601465,31.9780971937029,0.408588599666674,0.0995934847669225,0.561663713766807,151.395555051682,138.128614431343,4,0.00014598540145985403
18327,788,2002,184,0.737897847511286,0.99814190162043,0.481963261729106,0.737896754172052,0.394881914446418,0.481776928366619,0.357,5.05655937064734,1.14272128827524,0.394881914446418,48.9774127310062,0.414836456209802,0.104101846988579,0.486120128121207,60.5465848424328,638.090098290225,1,3.649635036496351e-05
25483,789,2020,255,0.800735667204025,0.849115199979066,0.625242898473516,0.753096566144474,0.535359921302615,0.556517823294187,0.528,4.77548703331513,1.82846517907073,0.535359921302615,66.9760438056126,0.421451596959443,0.108875236140644,0.534954194780892,70.7791595860368,63.6383979132082,19,0.0006934306569343065
27366,790,2024,274,0.488057687304642,0.748186581547097,0.366061551729217,0.460515775206575,0.207616393088231,0.297336592571193,0.209,1.29732865518916,0.565775417725819,0.207616393088231,70.9760438056126,0.422921740043597,0.109936069963456,0.474446901589078,34.3423487953691,40.6236854547782,35,0.0012773722627737226
22640,791,2011,227,0.135771956958552,0.641337950142739,0.653330469503999,0.130141753938251,0.107529896375741,0.474386856910632,0.112,1.17911923253564,0.628086515445806,0.107529896375741,57.9767282683094,0.418144026584623,0.106488541564612,0.538551649453833,10.5457772164864,27.8246128147033,23,0.0008394160583941605
9973,792,1978,100,0.616675347775176,0.741429565036622,0.609527950175107,0.560664330852296,0.402793055620251,0.486717586183915,0.34,1.40309414855471,1.13256851721708,0.402793055620251,24.9774127310062,0.40601559770488,0.0977368440517065,0.503393436562746,45.9479893612599,39.5830615730725,36,0.001313868613138686
24104,793,2016,242,0.545959103165201,0.951736799664689,0.737543116556481,0.545271811459795,0.439821605480239,0.713317973359845,0.425,5.23939161267092,1.27943184416621,0.439821605480239,62.9760438056126,0.41998145387529,0.107814402317832,0.576604781692467,39.2258655496676,138.315254238826,2,7.299270072992701e-05
24204,794,2016,243,0.80203230294004,0.526161927167844,0.862580361310393,0.485204833188089,0.716264536883552,0.472015756798385,0.443,5.03644682008927,3.87207645733562,0.716264536883552,62.9760438056126,0.41998145387529,0.107814402317832,0.66201868843102,71.0205689364985,19.3028420230084,17,0.0006204379562043796
12811,795,1987,129,0.895062479274885,0.542051632915668,0.455987162189558,0.521750816378522,0.429803001831335,0.301035704118516,0.277,2.42458780462214,2.53957417268612,0.429803001831335,33.9767282683094,0.409323168079701,0.100123538627739,0.472591507500764,94.106312503217,20.2787139563537,16,0.0005839416058394161
16495,796,1997,165,0.481630824778358,0.624539566533767,0.631053678458557,0.412114006900866,0.344132884142584,0.452964903793667,0.276,1.0204720725862,0.864123564906307,0.344132884142584,43.9780971937029,0.412999028919135,0.102775986235359,0.521954718267902,33.8279150880031,26.3346453266057,41,0.0014963503649635037
10114,797,1979,102,0.823054852799154,0.685936448565148,0.1893054402899,0.635085397129493,0.167045127906836,0.147808166447415,0.161,2.2064838673055,1.29295156978768,0.167045127906836,25.9767282683094,0.406382881911394,0.0980018709821147,0.427214844945562,75.1572659293617,32.3569867891179,21,0.0007664233576642335
18252,798,2001,183,0.103338898009405,0.120193767609358,0.381283131660894,0.0392678149894847,0.0534249327796985,0.062506072174004,0.021,0.377798288645002,0.351615645607093,0.0534249327796985,47.9780971937029,0.414469172003289,0.103836820058171,0.465807280482607,8.48335887283849,4.1827377778202,112,0.004087591240875913
21483,799,2009,215,0.888512069197054,0.989747386846829,0.980165085522458,0.888258006017446,0.878428824709173,0.97319213689626,0.868,14.8649967794642,20.509307658281,0.878428824709173,55.9780971937029,0.417409458171596,0.105958487703795,0.949730011534993,91.9319950051129,310.326823775373,2,7.299270072992701e-05
10504,800,1980,106,0.958464036312694,0.990406555642158,0.958957212977111,0.957559111193618,0.925344873834075,0.952470365788105,0.924,56.392897921228,25.2409738602071,0.925344873834075,26.9760438056126,0.406750166117907,0.098266897912523,0.79022994916419,126.878008700916,320.010215457523,2,7.299270072992701e-05
25850,801,2020,259,0.885731453993819,0.899284795646729,0.929978661239147,0.8458295919493,0.840259040611509,0.85510158108762,0.786,4.97570577215732,8.14699612777395,0.840259040611509,66.9760438056126,0.421451596959443,0.108875236140644,0.76327666871628,91.0459330893583,86.0789506914281,5,0.0001824817518248175
7645,802,1973,77,0.860098549412539,0.876847746656935,0.750261634821072,0.812508756274477,0.668379193971801,0.690320732645565,0.627,3.50872563918895,3.44714604579599,0.668379193971801,19.9780971937029,0.404178170414213,0.0964109832984861,0.549888407992602,83.7323965428082,74.4072039954219,14,0.0005109489051094891
7547,803,1972,76,0.923739953518469,0.961317296692749,0.765280317515135,0.91455834431463,0.728548980132655,0.751694092564636,0.71,5.80318229524494,5.05961374804425,0.728548980132655,18.9760438056126,0.4038098799496,0.0961452302668987,0.556205132859195,105.492743545535,157.298112305954,7,0.00025547445255474455
13451,804,1989,135,0.0237743654072775,0.894844096263155,0.524894275469705,0.0237569580038978,0.0166806620837551,0.500119868088449,0.019,2.56263230191915,0.427339450564322,0.0166806620837551,35.9780971937029,0.410058742750828,0.100654318589735,0.488464697367123,2.81005860191341,83.4875132189014,3,0.00010948905109489051
1402,805,1957,15,0.849517093618115,0.998241891977072,0.985192665597424,0.84951455071912,0.843136710831493,0.984200781112747,0.831,15.5034054938172,23.7333746667485,0.843136710831493,3.97809719370294,0.398297598077599,0.0921676480072376,0.905532409154483,81.0814888994383,651.845502090184,1,3.649635036496351e-05
8635,806,1975,87,0.857421080844887,0.780069665427242,0.297315600560978,0.732017872295023,0.273370096961412,0.25038004043365,0.241,2.50119861011053,1.68586564808425,0.273370096961412,21.9767282683094,0.40491273882724,0.0969410371593026,0.439863205031595,83.0440159916642,46.1639805483814,25,0.0009124087591240876
12688,807,1986,127,0.937087100095834,0.96350165912843,0.975347640225664,0.92690015020605,0.921894172895192,0.947278808784919,0.893,7.37008409063117,21.1429172354565,0.921894172895192,32.9774127310062,0.408955883873188,0.0998585116973308,0.876102372512047,112.301106148389,162.559516767902,6,0.00021897810218978101
41,808,1953,1,0.52001316552887,0.692058443718717,0.942360715009272,0.467531213811536,0.503716513026343,0.668756623515565,0.47,12.8435438496899,4.83762131153791,0.503716513026343,-0.0219028062970568,0.396827454993445,0.0911068141844255,0.707662507020727,36.9787978204028,33.0561538651595,12,0.00043795620437956203
12296,809,1985,123,0.649273798593874,0.849430221559758,0.997466103872284,0.629989306045971,0.648708916761034,0.848497914598249,0.627,49.6769337693792,101.573665828877,0.648708916761034,31.9780971937029,0.408588599666674,0.0995934847669225,1.28419470238793,49.4145042153374,63.7442162312344,2,7.299270072992701e-05
4191,810,1964,42,0.999362075947096,0.884333604388562,0.4020425605122,0.884148943630896,0.401990647725738,0.373307751435307,0.37,53.9214082047746,341.290366675768,0.401990647725738,10.9760438056126,0.400869593781293,0.0940235626212744,0.450764928070542,268.872350524436,77.936099906709,3,0.00010948905109489051
18104,811,2001,182,0.529407039313006,0.89173205348219,0.734322648029774,0.525027165376556,0.438069048706647,0.680838334786508,0.437,3.88554671091888,1.14718786644271,0.438069048706647,47.9780971937029,0.414469172003289,0.103836820058171,0.563825052233077,37.7806243045981,81.763261711028,15,0.0005474452554744526
4172,812,1964,42,0.81458216576458,0.962931652313472,0.881383295170963,0.812289527831739,0.742673754772104,0.858892648264009,0.731,8.34765735028375,4.28189478938851,0.742673754772104,10.9760438056126,0.400869593781293,0.0940235626212744,0.629720601835039,73.4371026130653,161.145346957439,4,0.00014598540145985403
14986,813,1994,150,0.980592898245479,0.893067798808103,0.823377991095185,0.887078748791826,0.813210300038644,0.757319634984768,0.756,43.7637176480031,21.6464021935656,0.813210300038644,40.9774127310062,0.411896170041495,0.101980179342955,0.608741464409914,153.271372392105,82.4945032818095,8,0.00029197080291970805
6325,814,1969,64,0.481936536866758,0.967204977035402,0.98595289257355,0.48174833366752,0.479486918705034,0.959209350871553,0.468,11.5272467897473,17.2451118888552,0.479486918705034,15.9780971937029,0.40270802733006,0.095350149475674,0.935875952397577,33.8522725525894,172.553611684989,3,0.00010948905109489051
23999,815,2015,240,0.754280432046148,0.845930781583841,0.563076459569857,0.716742138486826,0.462357188332167,0.500317307320711,0.432,2.37730262879363,1.37930752232528,0.462357188332167,61.9767282683094,0.419614169668776,0.107549375387424,0.513306189040613,62.9744189817413,62.5865475579021,17,0.0006204379562043796
26629,816,2023,267,0.424140199223654,0.496492223920564,0.651311252964661,0.318224359273693,0.307746933035299,0.371060668252692,0.246,1.11676763564456,0.860972410099285,0.307746933035299,69.9767282683094,0.422554455837084,0.109671043033048,0.545836230667987,29.4298874640339,17.6096399172843,41,0.0014963503649635037
7741,817,1973,78,0.778219750506305,0.767420083251426,0.95623051491566,0.68187351403315,0.760325734551327,0.751779296808699,0.675,11.6903027990497,7.72932846164512,0.760325734551327,19.9780971937029,0.404178170414213,0.0964109832984861,0.771304473750004,66.8060462589257,43.8301918970316,13,0.00047445255474452553
5868,818,1968,59,0.272381060419535,0.925937891247019,0.076431134948507,0.272034459423576,0.031514959272208,0.0739466164391712,0.037,3.04201254225541,0.292953259565351,0.031514959272208,14.9760438056126,0.402339736865446,0.0950843964440866,0.409936585945984,19.0970310188236,105.994173216327,8,0.00029197080291970805
19157,819,2004,192,0.776012349932133,0.933209978253667,0.77183875348419,0.769409994000173,0.624461041086412,0.734267878398279,0.586,3.27451047388513,2.61062736875306,0.624461041086412,50.9760438056126,0.415571024622829,0.104631900849396,0.584961417485956,66.4370542087852,113.287833327927,10,0.000364963503649635
26275,820,2022,263,0.376499208888708,0.806388558132711,0.522941993549466,0.368948090299263,0.229573660392383,0.449722562794503,0.233,1.82791040744726,0.60581743836815,0.229573660392383,68.9774127310062,0.42218717163057,0.10940601610264,0.506919316345226,26.0202339576465,51.7273629946962,15,0.0005474452554744526
25796,821,2020,258,0.856382916434704,0.980771908394625,0.926021519349888,0.855636705545916,0.809668597244856,0.913805964742129,0.8,12.5510487600668,7.33563730876128,0.809668597244856,66.9760438056126,0.421451596959443,0.108875236140644,0.755031929002122,82.7804143794347,228.811343379165,4,0.00014598540145985403
18414,822,2002,185,0.806968660439638,0.741761769975247,0.542559200897813,0.676309859566864,0.472321970034739,0.442922582856546,0.435,3.06443990908775,1.62874263367993,0.472321970034739,48.9774127310062,0.414836456209802,0.104101846988579,0.500256228571832,71.9534169741556,39.6332646394541,31,0.0011313868613138686
26665,823,2023,267,0.997868051178843,0.993777331998239,0.98513570940122,0.992999061204814,0.98382716389183,0.98128437336489,0.981,606.969435681904,242.894335184061,0.98382716389183,69.9767282683094,0.422554455837084,0.109671043033048,1.02541445115193,228.401759606618,388.581702195875,2,7.299270072992701e-05
20526,824,2007,206,0.772982693640359,0.572295659177204,0.766363158589229,0.518113231990423,0.626123242573717,0.487965821287086,0.463,3.47458781061381,2.30474780593044,0.626123242573717,53.9767282683094,0.416673883500469,0.1054277077418,0.584364057225109,65.9360852835938,22.2889611622597,28,0.0010218978102189782
20145,825,2006,202,0.977993326273805,0.977416516899452,0.86028432380408,0.967116623119466,0.84997982783881,0.855245091734185,0.857,,17.090835918407,0.84997982783881,52.9774127310062,0.416306599293956,0.105162680811391,0.650174437461779,148.935137733176,210.695198012524,3,0.00010948905109489051
9686,826,1978,97,0.986273322356906,0.992714985805171,0.97117372462526,0.984323129791925,0.961401262799194,0.966974191262581,0.965,,50.578928731891,0.961401262799194,24.9774127310062,0.40601559770488,0.0977368440517065,0.839472338242858,165.175236618839,362.479732644305,2,7.299270072992701e-05
17106,827,1999,172,0.981527716407506,0.459919368294664,0.0222826423123479,0.457112987208749,0.0221230544219926,0.0126680911485935,0.016,16.4279065330628,10.9213849917594,0.0221230544219926,45.9767282683094,0.413733597332162,0.103306040096175,0.416064758122837,154.972008081592,15.7232906362382,8,0.00029197080291970805
24191,828,2016,242,0.161194695625478,0.171072830581849,0.477942688623443,0.0704092548334332,0.0972062527164619,0.0975545803802345,0.063,0.510256313786747,0.436615569770318,0.0972062527164619,62.9760438056126,0.41998145387529,0.107814402317832,0.492904719922388,12.1345417936628,5.51464728376295,95,0.003467153284671533
3402,829,1962,35,0.0876945704131285,0.530593069311272,0.537971029290929,0.0814456963602127,0.0611871995935282,0.337842645202562,0.068,0.780588718958203,0.45921947396124,0.0611871995935282,8.97741273100616,0.400135025368266,0.093493508760458,0.475824593632066,7.46251120729057,19.5698399894435,36,0.001313868613138686
27172,830,2024,272,0.100861458682109,0.0798435179464326,0.811089375987649,0.0275165403322878,0.0895686359551981,0.0698349289726362,0.024,1.16873116354467,1.12601326304333,0.0895686359551981,70.9760438056126,0.422921740043597,0.109936069963456,0.626029373625911,8.32314244958916,3.14127341986137,43,0.0015693430656934307
24267,831,2016,243,0.919339757010188,0.997127646544063,0.683579076780006,0.919318715880072,0.647304113164434,0.68262403804088,0.644,38.4586780890024,4.5059984485774,0.647304113164434,62.9760438056126,0.41998145387529,0.107814402317832,0.553148551048806,103.500387155182,537.346863703116,1,3.649635036496351e-05
14341,832,1993,144,0.988193018178916,0.953127991678835,0.867892877431586,0.949138241995039,0.86352116240931,0.845413477375611,0.82,6.93024838633881,26.8988330092035,0.86352116240931,39.9780971937029,0.411528885834981,0.101715152412547,0.644991836019505,170.336286496253,140.73149422566,3,0.00010948905109489051
2022,833,1958,21,0.964043946262447,0.873044790215585,0.594922129064798,0.861726930840817,0.583452240500989,0.541805257356299,0.534,9.53581413512441,8.16787759867167,0.583452240500989,4.97741273100616,0.398664882284112,0.0924326749376458,0.486960532219896,131.910845804357,72.7310122605789,12,0.00043795620437956203
23142,834,2013,232,0.821293044304855,0.975775675205955,0.795519071863964,0.820395670789871,0.68546977152572,0.784987339062461,0.685,15.0772823764352,2.91300364045856,0.68546977152572,59.9780971937029,0.41887960125575,0.107019321526608,0.606266561627398,74.7932693516462,203.119112610917,5,0.0001824817518248175
696,835,1955,7,0.932114360793296,0.537307825392409,0.974430734058842,0.524753788092915,0.915333559967725,0.530664325671409,0.522,40.8267124504709,22.7571023346601,0.915333559967725,1.97672826830938,0.397562023406472,0.0916368680452419,0.821006914505181,109.613561493791,19.9819509004103,8,0.00029197080291970805
10539,836,1980,106,0.995921146789426,0.966106335718939,0.788395712617785,0.964776990929451,0.786771476143777,0.77058934232612,0.76,17.0726918817618,81.4791152609094,0.786771476143777,26.9760438056126,0.406750166117907,0.098266897912523,0.574738387182408,206.500453923064,169.432313392056,1,3.649635036496351e-05
7518,837,1972,76,0.991811038672464,0.846921783112634,0.88850377057679,0.844625713082943,0.885148887161714,0.782375218793219,0.768,11.8250647160033,41.372936808586,0.885148887161714,18.9760438056126,0.4038098799496,0.0961452302668987,0.645569275182935,182.832162264991,62.9104564081639,4,0.00014598540145985403
23348,838,2014,234,0.89254514860765,0.969449698828516,0.992052131332457,0.889123188363846,0.88917391590866,0.964604986199394,0.879,20.2940368431822,43.7002202871799,0.88917391590866,60.9774127310062,0.419246885462263,0.107284348457016,1.12546954355234,93.2556673220941,179.402462062398,2,7.299270072992701e-05
16272,839,1997,163,0.645792858976578,0.821055187420431,0.751470738090575,0.61752822644425,0.525237716645204,0.660475724663012,0.485,2.00154352501845,1.56281598700915,0.525237716645204,43.9780971937029,0.412999028919135,0.102775986235359,0.568919698738383,49.0311490500057,55.3404181090312,25,0.0009124087591240876
6651,840,1970,67,0.954963224338042,0.467962654930394,0.32446132786572,0.460876541199914,0.320737207935415,0.20310457316593,0.21,7.31766701714142,4.84113152393552,0.320737207935415,16.9774127310062,0.403075311536573,0.0956151764060822,0.441489487965296,124.048183840338,16.1209211066727,11,0.0004014598540145985
24799,841,2018,248,0.983239132470163,0.99529796849992,0.964392333291471,0.982649886477859,0.952937330052043,0.961019716638839,0.955,,37.694141623925,0.952937330052043,64.9774127310062,0.420717028546417,0.108345182279828,0.866424677428179,158.317599345165,438.380642248275,2,7.299270072992701e-05
7453,842,1972,75,0.251543591604135,0.772890286351181,0.316421946743503,0.246671096002476,0.100975862048976,0.278441985589587,0.094,1.04584394746199,0.375227253782173,0.100975862048976,18.9760438056126,0.4038098799496,0.0961452302668987,0.441244811767295,17.7727242497339,44.8155890384183,21,0.0007664233576642335
10248,843,1979,103,0.57362135791553,0.980616282520138,0.012865669792518,0.57352846368098,0.0086078163465741,0.0127687091078198,0.013,13.5119807188143,0.473798034550877,0.0086078163465741,25.9767282683094,0.406382881911394,0.0980018709821147,0.407652923283155,41.7418637946408,227.878341018355,4,0.00014598540145985403
6629,844,1970,67,0.643494506765695,0.879747028392633,0.123463362455368,0.632542384687154,0.102049948832693,0.11891501985906,0.113,2.13214034076679,0.596850872249201,0.102049948832693,16.9774127310062,0.403075311536573,0.0956151764060822,0.415776750824598,48.7798503136093,75.7362410813198,18,0.000656934306569343
9286,845,1977,93,0.150556820254291,0.752325260625295,0.914816700387746,0.148128232006754,0.145136752995234,0.712400221489601,0.14,4.16958318375706,2.50742095197933,0.145136752995234,23.9780971937029,0.405648313498367,0.0974718171212983,0.685578521931622,11.4715195696397,41.2820228291758,9,0.0003284671532846715
18321,846,2002,184,0.932971656789136,0.927188390360653,0.908813542453572,0.897679804193057,0.864233269668009,0.860072613978313,0.835,11.1036480802697,8.90945173508434,0.864233269668009,48.9774127310062,0.414836456209802,0.104101846988579,0.704279673555324,110.062942294816,107.174579582838,8,0.00029197080291970805
26672,847,2023,267,0.468794849837183,0.97153648550797,0.994222200708464,0.46867037463161,0.46773642338845,0.968539960049508,0.477,,42.378512285803,0.46773642338845,69.9767282683094,0.422554455837084,0.109671043033048,1.20871605447692,32.8151118937628,186.420155930447,2,7.299270072992701e-05
23681,848,2015,237,0.264418115240455,0.244700850667279,0.655845555709675,0.130785480209986,0.19876218190055,0.178768836935733,0.127,0.924419561017246,0.718136694223134,0.19876218190055,61.9767282683094,0.419614169668776,0.107549375387424,0.542112563441611,18.5891957493798,7.58763672968059,51,0.0018613138686131387
12836,849,1987,129,0.962079772145961,0.996603649087013,0.91455519059673,0.96198780081541,0.891307427416015,0.913607880094307,0.873,9.678435670496,13.6309750578995,0.891307427416015,33.9767282683094,0.409323168079701,0.100123538627739,0.696454781314382,130.057070936651,501.992725508895,1,3.649635036496351e-05
19469,850,2004,195,0.882767311830502,0.688976931664152,0.178226748947054,0.658241517084674,0.166089642943586,0.144420127049649,0.12,2.02469531738678,1.90302956487781,0.166089642943586,50.9760438056126,0.415571024622829,0.104631900849396,0.436356591146601,90.1239105859888,32.7016127626152,24,0.0008759124087591241
19540,851,2005,196,0.47374022366274,0.376460316894012,0.492168698692694,0.271187865368817,0.268740681012834,0.222331204442902,0.217,0.985753342762723,0.660432713156299,0.268740681012834,51.9780971937029,0.415939315087442,0.104897653880983,0.490031724306848,33.2030580536105,12.0727686085516,55,0.0020072992700729928
21611,852,2009,217,0.277225163793594,0.151646627650689,0.527537549845874,0.0880197850423421,0.176531670860511,0.100918909636211,0.082,0.611506676649408,0.537968531571307,0.176531670860511,55.9780971937029,0.417409458171596,0.105958487703795,0.500594576637596,19.407119604854,4.99970425796355,76,0.002773722627737226
21402,853,2009,215,0.908251756479719,0.982383819458259,0.544640893815085,0.907043777942942,0.5159572844153,0.540878294251321,0.529,,3.17134956523913,0.5159572844153,55.9780971937029,0.417409458171596,0.105958487703795,0.504884379628772,98.9123031618678,239.119193149234,5,0.0001824817518248175
17658,854,2000,177,0.6203755419425,0.934082171945263,0.0855312533676624,0.618119534033409,0.0644555154190629,0.0825367114520828,0.055,2.85213964806838,0.557804250254344,0.0644555154190629,46.9760438056126,0.414100881538675,0.103571067026584,0.423411945396391,46.3282012290823,114.237928654195,11,0.0004014598540145985
7424,855,1972,75,0.611398520181859,0.99453660507474,0.974929684074596,0.611392577397615,0.603375528256491,0.972308501135234,0.602,47.4856642532016,11.7320466250052,0.603375528256491,18.9760438056126,0.4038098799496,0.0961452302668987,0.851051258558606,45.4112461915566,411.155199905427,1,3.649635036496351e-05
9826,856,1978,99,0.258824149012875,0.847172930037925,0.0388866153080016,0.25695487564201,0.0137564135506698,0.0360126180268148,0.004,1.26710422125771,0.27931180116118,0.0137564135506698,24.9774127310062,0.40601559770488,0.0977368440517065,0.409901494855724,18.2337743739046,62.99303108194,10,0.000364963503649635
23337,857,2014,234,0.476743698695038,0.639258140567777,0.929245418868959,0.414877364944975,0.45927723020741,0.612721185847396,0.445,,3.75318227797509,0.45927723020741,60.9774127310062,0.419246885462263,0.107284348457016,0.754533528624968,33.440042562864,27.6343857200882,9,0.0003284671532846715
150,858,1953,2,0.997310971652588,0.703013204242429,0.254700685618445,0.702393788439673,0.25441793498172,0.203491123608904,0.204,156.496296214191,83.1159259431348,0.25441793498172,-0.0219028062970568,0.396827454993445,0.0911068141844255,0.424094940364543,220.577958767146,34.3614695732043,2,7.299270072992701e-05
19645,859,2005,197,0.721148262250014,0.912469857357214,0.908172789495438,0.712743844990319,0.67869924230224,0.849265974305178,0.666,6.07567511663837,4.05037118097699,0.67869924230224,51.9780971937029,0.415939315087442,0.104897653880983,0.706612527315587,58.2044227394041,94.8477861659485,10,0.000364963503649635
8123,860,1974,82,0.524140906667033,0.253866205597683,0.832878422690555,0.197596664917833,0.457972301986915,0.225980956021833,0.207,3.1414736931129,1.98112046422199,0.457972301986915,20.9774127310062,0.404545454620727,0.0966760102288944,0.597775683598705,37.329541747259,7.86291908454676,30,0.0010948905109489052
13277,861,1988,133,0.61598605919931,0.997457165818127,0.971954331034794,0.61598503990771,0.607361407250225,0.970852857424157,0.603,34.4723662135031,10.2981218663256,0.607361407250225,34.9760438056126,0.409690452286214,0.100388565558147,0.859158029820585,45.8775144194333,564.213764807057,1,3.649635036496351e-05
10367,862,1979,104,0.745511246470423,0.230094875297036,0.644819331588224,0.207817336105414,0.507305357069445,0.167228775669536,0.166,2.08494013830413,1.70977027433868,0.507305357069445,25.9767282683094,0.406382881911394,0.0980018709821147,0.51449442833551,61.6569347181775,7.15778802767509,27,0.0009854014598540146
24603,863,2017,247,0.301235121736671,0.719294635662287,0.87860820395872,0.289103294645564,0.28032447620157,0.64993105518932,0.274,4.32705016208477,1.99042306932682,0.28032447620157,63.9780971937029,0.420349744339903,0.10808015534942,0.680178840283699,20.9584611062931,36.4423836576628,18,0.000656934306569343
14474,864,1993,145,0.470074433295344,0.722533513484643,0.995914726052433,0.438305477750137,0.469407423452814,0.721714316870195,0.43,18.3409757660564,58.5092297886813,0.469407423452814,39.9780971937029,0.411528885834981,0.101715152412547,1.20808989975653,32.9152233941531,36.8782219815018,2,7.299270072992701e-05
6170,865,1969,62,0.755826585708107,0.98014214854007,0.839107156265527,0.755502772605034,0.668531968724679,0.83075314886164,0.665,13.5943450504451,2.71745677618735,0.668531968724679,15.9780971937029,0.40270802733006,0.095350149475674,0.597801307265134,63.2112045146015,225.097363798728,3,0.00010948905109489051
6433,866,1969,65,0.989043707723166,0.970951847818597,0.893890075385571,0.966980300087143,0.890279689933206,0.87896976484808,0.882,581.185951093993,27.2260463927731,0.890279689933206,15.9780971937029,0.40270802733006,0.095350149475674,0.648652921017273,172.894390221567,184.384524244102,1,3.649635036496351e-05
25926,867,2021,260,0.943416541376103,0.994124708203496,0.989969114307314,0.943228519300178,0.93791018175384,0.985740222613064,0.94,,44.2035247199565,0.93791018175384,67.9780971937029,0.421819887424057,0.109140989172232,1.09514958640406,116.03798989624,398.430194669754,1,3.649635036496351e-05
650,868,1955,7,0.509542784996817,0.633530304651101,0.971519537037238,0.434866104644787,0.502354096448229,0.624138261347706,0.442,41.9653572338122,9.39329884440517,0.502354096448229,1.97672826830938,0.397562023406472,0.0916368680452419,0.805669914784315,36.0999089250443,27.119073564014,16,0.0005839416058394161
3636,869,1962,37,0.793047339236415,0.950541701137007,0.09640549775213,0.789303030595296,0.0861018615857811,0.0949038622665921,0.084,4.31832849354496,1.0170403865955,0.0861018615857811,8.97741273100616,0.400135025368266,0.093493508760458,0.409671599436215,69.3772928161109,136.315826710007,9,0.0003284671532846715
3426,870,1962,35,0.626919707989396,0.796716009896458,0.189470463898033,0.592663499313149,0.143666461392319,0.17046609197046,0.132,1.23693586306057,0.611104459484564,0.143666461392319,8.97741273100616,0.400135025368266,0.093493508760458,0.420028185359612,47.0086157157673,49.5587673828928,38,0.001386861313868613
17201,871,1999,173,0.920192240422343,0.661703984153934,0.67681720899418,0.642882761373491,0.644087486971164,0.475915261995234,0.492,16.4310498354943,4.24826544156329,0.644087486971164,45.9767282683094,0.413733597332162,0.103306040096175,0.5388226749672,103.878017200243,29.7810202398889,20,0.00072992700729927
27284,872,2024,273,0.983252651009049,0.805846961639875,0.518862302415073,0.801331249446314,0.514776153926424,0.443968384282643,0.436,12.4116657163429,15.7962904041865,0.514776153926424,70.9760438056126,0.422921740043597,0.109936069963456,0.507040538592625,158.345345057942,51.6017226498359,4,0.00014598540145985403
12073,873,1985,121,0.295537573392166,0.444573044922242,0.731583565240726,0.224094774366013,0.237193789738704,0.352409237290213,0.184,1.2657938010178,0.952051582855785,0.237193789738704,31.9780971937029,0.408588599666674,0.0995934847669225,0.550641379119249,20.5880268325345,14.9893765568599,41,0.0014963503649635037
5729,874,1967,58,0.986127661642714,0.809321356543781,0.919682312989607,0.805581187222765,0.912414350842303,0.760541384693471,0.774,,30.282950825505,0.912414350842303,13.9767282683094,0.401972452658933,0.0948193695136783,0.681838173902889,164.813237813161,52.4168624813532,5,0.0001824817518248175
19959,875,2005,200,0.589706388896489,0.713096741057871,0.20378664508462,0.527604581971736,0.143588921350444,0.178096514971215,0.127,0.927212677104414,0.571272063499018,0.143588921350444,51.9780971937029,0.415939315087442,0.104897653880983,0.440178829846599,43.2688142017027,35.629190740566,46,0.001678832116788321
24634,876,2017,247,0.919864060195533,0.454269515173082,0.994112290907651,0.441715076285054,0.917069781447879,0.452946805899998,0.465,,64.6531447986164,0.917069781447879,63.9780971937029,0.420349744339903,0.10808015534942,1.19129814029451,103.732180549843,15.4493999983698,1,3.649635036496351e-05
22815,877,2012,229,0.782055938842825,0.238786098055613,0.684502482181415,0.21947001235737,0.578826413759538,0.190081022983421,0.171,1.78518940782363,1.78145164197915,0.578826413759538,58.9760438056126,0.418511310791136,0.10675356849502,0.55072707384848,67.4555259637971,7.41229415587607,22,0.000802919708029197
18760,878,2002,188,0.463950296690603,0.590634885168443,0.143476762576029,0.385583719091913,0.0852631363148085,0.103403947472309,0.084,0.684488796270655,0.418553578531567,0.0852631363148085,48.9774127310062,0.414836456209802,0.104101846988579,0.431112014120495,32.4377501005282,23.6182473433284,64,0.0023357664233576644
24470,879,2016,245,0.654541141065367,0.471620964133092,0.914917087182403,0.397459989956079,0.620405707404691,0.444781273551566,0.368,3.73358771789442,3.92561130225869,0.620405707404691,62.9760438056126,0.41998145387529,0.107814402317832,0.729786208013585,50.0010415260275,16.3048571746653,12,0.00043795620437956203
15293,880,1995,153,0.894616578549799,0.829995220756127,0.964387255487964,0.792994154769963,0.872446448249296,0.811849853340935,0.773,13.0792458188211,14.8780584529761,0.872446448249296,41.9767282683094,0.412263454248008,0.102245206273363,0.832855298486292,93.9542140145329,57.7645927831064,7,0.00025547445255474455
7553,881,1972,76,0.963243049823857,0.998271867858607,0.891882829600945,0.963223246132569,0.871019363051165,0.891508780779266,0.866,31.4780056238364,12.5837736207972,0.871019363051165,18.9760438056126,0.4038098799496,0.0961452302668987,0.649440919200043,131.143265461305,656.167854615229,1,3.649635036496351e-05
3641,882,1962,37,0.988810588884485,0.946975370923052,0.432830522535369,0.943278499611071,0.431301973039767,0.423373262013373,0.4,6.81727101807538,20.7020872328573,0.431301973039767,8.97741273100616,0.400135025368266,0.093493508760458,0.455027428313151,172.174378358771,130.729277844803,4,0.00014598540145985403
13624,883,1990,137,0.961286674687621,0.5209175535095,0.528832161333412,0.514152160508224,0.518940350349538,0.321853450825302,0.318,7.71915486765231,6.93926064121472,0.518940350349538,36.9774127310062,0.410426026957341,0.100919345520143,0.489958473473222,129.335079649243,18.9917894484668,12,0.00043795620437956203
26213,884,2022,263,0.0013583796179806,0.087056787557766,0.979482006048784,0.0008752007731494,0.0013496231306727,0.0863596256762667,0.001,10.1588455603475,9.75170336546906,0.0013496231306727,68.9774127310062,0.42218717163057,0.10940601610264,0.965870655353818,0.363980403032434,3.32887816797734,4,0.00014598540145985403
20045,885,2006,201,0.326280257479363,0.720094317794956,0.53488726192154,0.312084358998824,0.214866510842157,0.456038593362794,0.207,1.02707563431123,0.565452559491446,0.214866510842157,52.9774127310062,0.416306599293956,0.105162680811391,0.500675000468839,22.6059067388766,36.5492838872147,22,0.000802919708029197
3826,886,1963,39,0.819751735317854,0.345137268731421,0.54531150101684,0.322261064097564,0.488261726902329,0.229841245271948,0.222,1.84905205821732,1.62339651304576,0.488261726902329,9.97672826830938,0.400502309574779,0.0937585356908662,0.478057535061839,74.4775961288471,10.8884860299686,26,0.0009489051094890511
24531,887,2017,246,0.271411017028037,0.295395885593429,0.970848490018398,0.155394157016453,0.268418025695309,0.29029602869169,0.17,30.9942069237382,7.64569288821753,0.268418025695309,63.9780971937029,0.420349744339903,0.10808015534942,0.897812596764151,19.0350424851684,9.17033559914077,12,0.00043795620437956203
12199,888,1985,122,0.892955715964837,0.856651139856697,0.113548996625468,0.815652180135047,0.107805718291392,0.104362874290196,0.105,3.35205341926511,1.97431406150251,0.107805718291392,31.9780971937029,0.408588599666674,0.0995934847669225,0.420681020077347,93.393086780069,66.2619926980968,14,0.0005109489051094891
13046,889,1987,131,0.984974371443163,0.918825223995309,0.951774893794209,0.914051897201584,0.942202914603217,0.887993411383642,0.867,9.22775929649249,36.6726913637959,0.942202914603217,33.9767282683094,0.409323168079701,0.100123538627739,0.776465527753369,162.07279923457,99.779713259543,5,0.0001824817518248175
19589,890,2005,196,0.213564229991796,0.967770489390544,0.49441958614625,0.213534826588737,0.128246344760143,0.487266512917299,0.149,46.5833582881938,0.475893010627749,0.128246344760143,51.9780971937029,0.415939315087442,0.104897653880983,0.490537895077779,15.3902749812321,174.216976885517,3,0.00010948905109489051
13058,891,1987,131,0.806236337438566,0.99532839136061,0.7239619276952,0.806219947759636,0.615554212681314,0.722915781298106,0.581,5.24063897323622,2.34312904661493,0.615554212681314,33.9767282683094,0.409323168079701,0.100123538627739,0.548847561571052,71.8136203621447,439.58768374513,5,0.0001824817518248175
6741,892,1970,68,0.988408603445219,0.459070536177463,0.513791247271001,0.45731976622213,0.511285172229028,0.28825204381587,0.308,,22.0135302551565,0.511285172229028,16.9774127310062,0.403075311536573,0.0956151764060822,0.4751411809182,170.966919232199,15.6818601066332,6,0.00021897810218978101
2279,893,1959,23,0.970875192990197,0.480231833642005,0.33386970940046,0.475578550309797,0.329898922194123,0.188822033628271,0.165,4.51235334684381,7.9510154465427,0.329898922194123,5.97672826830938,0.399032166490626,0.0926977018680541,0.43763905418506,139.235814328307,16.7456673047384,9,0.0003284671532846715
21430,894,2009,215,0.380572328878187,0.480343190601709,0.961128681432456,0.286881353200505,0.374158484419934,0.471967626928907,0.31,207.627478416948,6.16190894357812,0.374158484419934,55.9780971937029,0.417409458171596,0.105958487703795,0.839428594142087,26.3046627807724,16.7514417072964,11,0.0004014598540145985
11371,895,1983,114,0.996396041703513,0.992119081693091,0.9786939304322,0.990739456084762,0.976632857676875,0.973486961320344,0.956,11.3313027146341,129.627243670604,0.976632857676875,29.9767282683094,0.407853024995547,0.0990627048049269,0.894158304017315,210.687966515471,349.952599640776,1,3.649635036496351e-05
15577,896,1995,156,0.697179270912033,0.11347802240768,0.939741093898192,0.100293291254442,0.670970415930849,0.110076563201291,0.111,10.0291431008954,5.87370630638674,0.670970415930849,41.9767282683094,0.412263454248008,0.102245206273363,0.754686097723024,55.0667061283781,4.00984421327413,10,0.000364963503649635
16311,897,1997,164,0.914047508258967,0.772787915425698,0.815958074526861,0.747638362378519,0.76978901082745,0.671541104601241,0.654,6.21601015799311,5.02721886587437,0.76978901082745,43.9780971937029,0.412999028919135,0.102775986235359,0.606170503372894,101.23911428004,44.796823291989,15,0.0005474452554744526
20706,898,2008,208,0.61587369733998,0.836477641918601,0.662204085616395,0.59647480532182,0.443266289293407,0.58721408331378,0.405,1.86220167470389,1.21073798919123,0.443266289293407,54.9760438056126,0.417041167706983,0.105692734672208,0.539671650913827,45.8660366158794,59.6428221002022,17,0.0006204379562043796
24526,899,2017,246,0.894664312028575,0.97404161194587,0.442183504346758,0.892242921588858,0.416316718431996,0.435171664979456,0.398,5.74021892798703,2.5167077287339,0.416316718431996,63.9780971937029,0.420349744339903,0.10808015534942,0.485733873478106,93.9704664477106,195.838518338567,5,0.0001824817518248175
10906,900,1981,110,0.637187367876934,0.357194523868217,0.753288820618764,0.300651549189597,0.516511290529042,0.297545995362822,0.279,2.27174312475587,1.58685950797331,0.516511290529042,27.9780971937029,0.407118456582521,0.0985326509441104,0.557459005563622,48.0974947186746,11.3341193609319,37,0.0013503649635036496
129,901,1953,2,0.98432420830989,0.96642128038607,0.193272230215371,0.960538207466918,0.191746642675572,0.190659656248758,0.188,18.3036414286995,14.1340716978708,0.191746642675572,-0.0219028062970568,0.396827454993445,0.0911068141844255,0.416652341307988,160.61797821478,170.312682447419,2,7.299270072992701e-05
26722,902,2023,268,0.936570121414231,0.986981670860383,0.959031404228881,0.935551415203592,0.907217902358175,0.951654801528686,0.9,16.8905757580305,17.2170724922037,0.907217902358175,69.9767282683094,0.422554455837084,0.109671043033048,0.850830828550198,112.012255216015,277.267828264843,1,3.649635036496351e-05
8107,903,1974,82,0.966373562575497,0.625850146285733,0.963254813570529,0.618778397001775,0.936053126464293,0.612168835411789,0.608,56.7885542276029,31.1296143962747,0.936053126464293,20.9774127310062,0.404545454620727,0.0966760102288944,0.797695307555671,134.242709288904,26.44718811002,4,0.00014598540145985403
19277,904,2004,193,0.538462204029522,0.996003502693241,0.871607538545504,0.538460353473584,0.489895014597542,0.869618527617424,0.505,,2.50547220112931,0.489895014597542,50.9760438056126,0.415571024622829,0.104631900849396,0.659553198633033,38.5659994060629,469.366295830168,1,3.649635036496351e-05
26504,905,2023,266,0.984698241975212,0.992266506112076,0.995439237449318,0.982738335581872,0.981707339189063,0.989117820850602,0.984,,127.399914641113,0.981707339189063,69.9767282683094,0.422554455837084,0.109671043033048,1.25799413467538,161.447485561718,352.931865960809,1,3.649635036496351e-05
15229,906,1995,153,0.645871451279615,0.98104020053501,0.989976288983598,0.645734614562894,0.642967177986222,0.97394442969249,0.641,42.0319820043826,28.0921061158589,0.642967177986222,41.9767282683094,0.412263454248008,0.102245206273363,1.04317870176293,49.0397676302728,230.444094929482,1,3.649635036496351e-05
8381,907,1974,84,0.90390592035852,0.986754073020368,0.93556241132319,0.903325962472137,0.859012970606239,0.928027661030095,0.843,9.45886343316321,10.2329851563028,0.859012970606239,20.9774127310062,0.404545454620727,0.0966760102288944,0.719230041305418,97.2589579048307,274.971976943568,2,7.299270072992701e-05
16659,908,1998,167,0.985469729609013,0.966406425630341,0.943959307624027,0.961034667216684,0.936149847657732,0.921375934806765,0.909,14.5719629938462,29.758315941365,0.936149847657732,44.9774127310062,0.413366313125648,0.103041013165767,0.769026635612037,163.223520132354,170.270903420103,3,0.00010948905109489051
210,909,1953,3,0.63757355669021,0.692347150666819,0.890223412774503,0.548246001957415,0.583215604499813,0.632593013281125,0.494,4.0071728709497,3.60889437051866,0.583215604499813,-0.0219028062970568,0.396827454993445,0.0911068141844255,0.627768879682771,48.1389746466882,33.0896470076689,27,0.0009854014598540146
10216,910,1979,103,0.918277877776006,0.391566920305443,0.542793316300958,0.38057508309522,0.510058598547286,0.241837818473226,0.247,6.09136083693646,4.08268211313724,0.510058598547286,25.9767282683094,0.406382881911394,0.0980018709821147,0.486852558884255,103.035370390987,12.6764656985266,11,0.0004014598540145985
20803,911,2008,209,0.854771274854698,0.951861222219339,0.849638149840757,0.848562612351516,0.747860708234073,0.822507992378124,0.745,11.3246012039412,4.60285597368477,0.747860708234073,54.9760438056126,0.417041167706983,0.105692734672208,0.642269434922051,82.3747771097092,138.527381614117,7,0.00025547445255474455
5557,912,1966,56,0.292110372965685,0.264581864962462,0.996427113423124,0.148825540170238,0.291881579137745,0.264257889648541,0.186,,59.8069536389698,0.291881579137745,12.9774127310062,0.401605168452419,0.0945543425832701,1.16703987637873,20.3659185966425,8.1905320340236,3,0.00010948905109489051
14553,913,1993,146,0.926724931508597,0.998438084071306,0.928754369728267,0.92671910240974,0.875663797364914,0.928260618938647,0.86,11.9573361730249,9.90859512822159,0.875663797364914,39.9780971937029,0.411528885834981,0.101715152412547,0.728439948712107,106.908808590658,682.03189820157,1,3.649635036496351e-05
24176,914,2016,242,0.986029811030175,0.961076618008686,0.955398711143062,0.956100047393743,0.94664770525226,0.924602216541184,0.924,236.734296234942,38.3201732860941,0.94664770525226,62.9760438056126,0.41998145387529,0.107814402317832,0.827564232211108,164.572157492461,156.743554476662,2,7.299270072992701e-05
12862,915,1987,129,0.488272538926272,0.693036058976215,0.767602807842195,0.443698962675803,0.411543030311511,0.581018583048537,0.379,1.84588400134986,1.28478818113008,0.411543030311511,33.9767282683094,0.409323168079701,0.100123538627739,0.569212663925835,34.3596334825138,33.1697610914495,21,0.0007664233576642335
759,916,1955,8,0.982290813021863,0.899412452765768,0.650225107325241,0.89392108929605,0.645173571431404,0.604839587009763,0.603,22.2077264388445,15.800719949381,0.645173571431404,1.97672826830938,0.397562023406472,0.0916368680452419,0.500247561615263,156.424318851197,86.1558631937989,5,0.0001824817518248175
25261,917,2019,253,0.991120334907485,0.967821976687379,0.958623114041984,0.964747159510323,0.953674649182508,0.934903246449598,0.922,14.5352750899921,50.8750478592116,0.953674649182508,65.9767282683094,0.42108431275293,0.108610209210236,0.843630052690846,180.071305803365,174.370412614158,3,0.00010948905109489051
23835,918,2015,239,0.993883863937682,0.978229417290439,0.346209755167365,0.976085475320679,0.345470118659255,0.342646862167899,0.347,,37.1989243156351,0.345470118659255,61.9767282683094,0.419614169668776,0.107549375387424,0.466521881635212,192.762993475822,214.732338066368,1,3.649635036496351e-05
26108,919,2022,262,0.848915782950319,0.669340960638304,0.780820466810837,0.629205712271935,0.694626919167686,0.557359112161422,0.52,3.21985837599285,3.08210720938991,0.694626919167686,68.9774127310062,0.42218717163057,0.10940601610264,0.604578967666879,80.9362302904619,30.5617221617329,18,0.000656934306569343
6446,920,1969,65,0.964819020692751,0.992203053437918,0.464515958912671,0.964115476988828,0.459678100195145,0.463558667053372,0.454,16.9287645798554,6.5912798721084,0.459678100195145,15.9780971937029,0.40270802733006,0.095350149475674,0.464584183763311,132.669800059422,351.640392872991,2,7.299270072992701e-05
24238,921,2016,243,0.931373160724526,0.662801867494784,0.728475209558383,0.646821285654877,0.695581398620389,0.509017436993944,0.491,5.2952241709965,5.59706269815982,0.695581398620389,62.9760438056126,0.41998145387529,0.107814402317832,0.572304120448098,109.229459578437,29.8915899365794,11,0.0004014598540145985
18687,922,2002,187,0.959764987099934,0.655172659154026,0.804939871188253,0.646231423710462,0.786315815155095,0.565747701108852,0.545,5.98490203148703,9.25456476692397,0.786315815155095,48.9774127310062,0.414836456209802,0.104101846988579,0.603088665770884,127.989485508164,29.1343905266731,9,0.0003284671532846715
5850,923,1968,59,0.727764770288912,0.869850891990704,0.508703263709322,0.705774072722858,0.410878106752554,0.466946975430489,0.396,2.46062299116214,1.14672275999636,0.410878106752554,14.9760438056126,0.402339736865446,0.0950843964440866,0.472925588378911,59.1138328831583,71.3784850495605,15,0.0005474452554744526
7770,924,1973,78,0.355416174917908,0.923330911413285,0.609868084779009,0.35474878470193,0.258143105947681,0.588168977949354,0.268,4.49987313283963,0.682922857070699,0.258143105947681,19.9780971937029,0.404178170414213,0.0964109832984861,0.500329230389917,24.5668917114789,103.621709097339,9,0.0003284671532846715
12569,925,1986,126,0.976750378143372,0.996740956174707,0.974149005720392,0.976586413827186,0.957632324072547,0.972580419048592,0.947,16.4489688004019,29.704704601282,0.957632324072547,32.9774127310062,0.408955883873188,0.0998585116973308,0.868683678848598,147.037158016294,510.531563114527,1,3.649635036496351e-05
24986,926,2018,250,0.957645557530527,0.673264094716933,0.984005629085004,0.663547840929872,0.947200548012846,0.666796795051187,0.66,76.0484419945935,36.0401829473121,0.947200548012846,64.9774127310062,0.420717028546417,0.108345182279828,1.00309742709416,126.19606093051,30.9735532913911,3,0.00010948905109489051
21780,927,2010,218,0.473260822393547,0.970816002102772,0.692367501091212,0.473125226350357,0.370636216322639,0.682696479379676,0.393,,0.97557219496012,0.370636216322639,56.9774127310062,0.417776742378109,0.106223514634204,0.552426583011537,33.1653283247954,183.919560820732,3,0.00010948905109489051
18239,928,2001,183,0.852695134967719,0.846884446189598,0.9940860865172,0.785348282746152,0.850515157242765,0.844842270528713,0.78,28.4089180218097,53.5627854817222,0.850515157242765,47.9780971937029,0.414469172003289,0.103836820058171,1.15428815878375,81.8585042329115,62.8981972991776,1,3.649635036496351e-05
1071,929,1956,11,0.325732728380099,0.0812457163008844,0.801036011427641,0.0528214990038034,0.287349559627584,0.0723259572685718,0.059,1.37473522796724,1.24547875782662,0.287349559627584,2.97604380561259,0.397929307612985,0.0919018949756502,0.561900526437269,22.5695354551,3.17784905995096,58,0.002116788321167883
12899,930,1987,129,0.992413545372442,0.993352098018814,0.995168171590194,0.98954064907766,0.98898980236524,0.990145382977458,0.988,,142.036839264209,0.98898980236524,33.9767282683094,0.409323168079701,0.100123538627739,1.16093206785411,185.43550000715,377.472266571427,1,3.649635036496351e-05
9898,931,1978,99,0.179367181146365,0.86743437659398,0.970772166037932,0.178707893387741,0.176667082625764,0.85199607272438,0.176,14.4955634940475,7.53927904782157,0.176667082625764,24.9774127310062,0.40601559770488,0.0977368440517065,0.837392179124509,13.2640652942323,70.386738920759,3,0.00010948905109489051
7376,932,1972,74,0.977949205057053,0.994517715543579,0.997759447898716,0.97736445277787,0.976887906640101,0.993188277729064,0.974,62.2225525996129,169.598791725013,0.976887906640101,18.9760438056126,0.4038098799496,0.0961452302668987,1.27377056237332,148.865978495365,410.544226286901,1,3.649635036496351e-05
16774,933,1998,168,0.936607259559753,0.967681235757098,0.913474996108562,0.928775222104447,0.872010132805186,0.89440753645297,0.874,58.3192405852382,9.12080995126072,0.872010132805186,44.9774127310062,0.413366313125648,0.103041013165767,0.70711963420984,112.032928872747,173.951792394779,9,0.0003284671532846715
7776,934,1973,78,0.853523348155178,0.611675679426438,0.140775413950905,0.577401566481172,0.131493242307286,0.109458862554668,0.104,1.84537203622414,1.45778459677597,0.131493242307286,19.9780971937029,0.404178170414213,0.0964109832984861,0.418942013474962,82.0636196133005,25.2611255169162,35,0.0012773722627737226
26881,935,2023,269,0.0525850480769064,0.815413117242811,0.48936695465818,0.0523662994121983,0.0334785265270409,0.424252269284463,0.038,1.74319320809664,0.406895641067486,0.0334785265270409,69.9767282683094,0.422554455837084,0.109671043033048,0.499363403513447,5.05254735864825,53.9004232712338,8,0.00029197080291970805
336,936,1953,4,0.950401109610488,0.995469868545008,0.96267491672188,0.950277564761255,0.920800515677954,0.959536996401862,0.915,28.2918166524991,25.8916791845006,0.920800515677954,-0.0219028062970568,0.396827454993445,0.0911068141844255,0.765198587949973,120.667127105195,445.339860236889,3,0.00010948905109489051
13226,937,1988,133,0.497541138899664,0.339128070971896,0.285248306812719,0.253316831097155,0.171282269418563,0.129885864842901,0.119,0.637821307171822,0.514810024267685,0.171282269418563,34.9760438056126,0.409690452286214,0.100388565558147,0.444101360245461,35.1107802238794,10.6709130630154,77,0.0028102189781021897
6164,938,1969,62,0.134687338887192,0.130533441442414,0.80043979594484,0.0500761554679188,0.120787152162766,0.116940607659312,0.053,1.18242906379903,1.07723786130926,0.120787152162766,15.9780971937029,0.40270802733006,0.095350149475674,0.57248442937865,10.4776050530276,4.44966208294085,49,0.0017883211678832117
19071,939,2004,191,0.972450431213566,0.924398111445049,0.369526427704841,0.914913557534514,0.365358510525741,0.354949048184877,0.326,4.66786442244586,8.55371568094294,0.365358510525741,50.9760438056126,0.415571024622829,0.104631900849396,0.465216573064303,141.16400216895,104.578887263951,10,0.000364963503649635
26461,940,2022,265,0.173618675046624,0.972431102124877,0.988113486440852,0.173604730376751,0.172954558595134,0.96483572059488,0.166,17.8066705578792,17.821504450553,0.172954558595134,68.9774127310062,0.42218717163057,0.10940601610264,1.0649721923765,12.9070050327923,189.648645135225,1,3.649635036496351e-05
21597,941,2009,216,0.871452259254238,0.90336697526888,0.586768114473671,0.838764414456696,0.534786307588479,0.553470267130786,0.501,3.10396866363364,2.61212774292293,0.534786307588479,55.9780971937029,0.417409458171596,0.105958487703795,0.516271190206968,86.7985929344028,88.6099792001922,15,0.0005474452554744526
9812,942,1978,99,0.603851549457984,0.426357067723827,0.688538108253852,0.346965169527728,0.444960454657729,0.329542636845816,0.274,1.55374156371407,1.31086685003636,0.444960454657729,24.9774127310062,0.40601559770488,0.0977368440517065,0.528513064274248,44.6544485142426,14.1576998231885,40,0.00145985401459854
23435,943,2014,235,0.651524884036829,0.234638837043448,0.584610210731626,0.201093185520954,0.420049537583077,0.159736128933165,0.16,1.33240136099349,1.08746217501576,0.420049537583077,60.9774127310062,0.419246885462263,0.107284348457016,0.518723639013712,49.6642100541993,7.29039131340617,38,0.001386861313868613
27270,944,2024,273,0.764822191004545,0.997799426727058,0.828033396275714,0.764820199957971,0.660294573403758,0.827225389313845,0.668,,2.96564363577093,0.660294573403758,70.9760438056126,0.422921740043597,0.109936069963456,0.638756064546119,64.6169879048428,597.396003250164,1,3.649635036496351e-05
15867,945,1996,159,0.987536424560265,0.771716865176691,0.994059989927337,0.76852883009054,0.983273285448905,0.770340118583067,0.749,10.0862604945416,119.269761726031,0.983273285448905,42.9760438056126,0.412630738454522,0.102510233203772,1.14215551577938,168.483386724219,44.6012417741594,1,3.649635036496351e-05
10789,946,1980,108,0.687470236862125,0.634109333548792,0.756089818431064,0.53584256897884,0.552327070250352,0.510017456866595,0.476,4.49259434812655,1.83879276340137,0.552327070250352,26.9760438056126,0.406750166117907,0.098266897912523,0.55801655395361,53.8593933829363,27.1706042270072,26,0.0009489051094890511
12902,947,1987,130,0.352989375339912,0.150533393181354,0.0399472080171108,0.0991222114911215,0.0205809562758599,0.0106907028376606,0.016,0.350309388131488,0.31865178535722,0.0205809562758599,33.9767282683094,0.409323168079701,0.100123538627739,0.41341504742461,24.4015418025904,4.97048255299035,71,0.002591240875912409
194,948,1953,2,0.0444408424727902,0.312124518986328,0.572698096744716,0.0359332607595083,0.0298432393027508,0.210449330794192,0.029,0.62900524465046,0.484608471389055,0.0298432393027508,-0.0219028062970568,0.396827454993445,0.0911068141844255,0.478442326842392,4.45485038360711,9.72797861875182,56,0.0020437956204379564
13474,949,1989,135,0.682253993161946,0.73868997570632,0.985471568536013,0.604411126446411,0.678295434529376,0.735504807509433,0.59,9.17606671006392,18.9217035237684,0.678295434529376,35.9780971937029,0.410058742750828,0.100654318589735,0.967198636378229,53.2246395598444,39.1727201191779,5,0.0001824817518248175
14707,950,1994,148,0.803684397397314,0.8736467896186,0.844216349069029,0.769907156360227,0.703028055600829,0.762587744702892,0.7,14.3108394390981,3.6279659417457,0.703028055600829,40.9774127310062,0.411896170041495,0.101980179342955,0.624673489423762,71.3303172023793,72.9914739690863,11,0.0004014598540145985
2349,951,1959,24,0.0483895363770738,0.0940226022825246,0.18810858996585,0.0190186435664967,0.0174790908781128,0.0272065516595873,0.009,0.276173075092041,0.256088187909974,0.0174790908781128,5.97672826830938,0.399032166490626,0.0926977018680541,0.418596361823993,4.74721262590949,3.50902128052345,108,0.003941605839416058
24865,952,2018,249,0.978082795977136,0.398055346781719,0.996723671909422,0.395170066960455,0.976224681597837,0.397393098743316,0.386,20.1490371216803,141.022469610503,0.976224681597837,64.9774127310062,0.420717028546417,0.108345182279828,1.31652731915523,149.075799751459,12.9427864375695,1,3.649635036496351e-05
9609,953,1978,97,0.675858500404876,0.395959955037429,0.0188945971895009,0.341199827743044,0.0150985516584507,0.0109946315011412,0.012,0.755915154371882,0.624326012630094,0.0150985516584507,24.9774127310062,0.40601559770488,0.0977368440517065,0.407882131035735,52.459030290321,12.8563047772826,27,0.0009854014598540146
19221,954,2004,193,0.825063541544453,0.953282947853384,0.978716295910999,0.820729902521028,0.814049482074583,0.937252239026421,0.8,13.3610902740326,19.4748705936177,0.814049482074583,50.9760438056126,0.415571024622829,0.104631900849396,0.929391409517682,75.5764683822708,141.006804709201,4,0.00014598540145985403
3223,955,1961,33,0.955734799267276,0.923889202974791,0.941051067318767,0.90710079762226,0.91066047914589,0.888327569847384,0.846,5.07436777049897,14.4148169282072,0.91066047914589,7.97809719370294,0.399767741161752,0.0932284818300497,0.714881167959679,124.652923640121,104.120071911471,6,0.00021897810218978101
26664,956,2023,267,0.0476514458027096,0.739846084829454,0.978338334942237,0.0471819422161322,0.047250095626017,0.733091440750905,0.05,17.1121339901306,9.40719839375803,0.047250095626017,69.9767282683094,0.422554455837084,0.109671043033048,0.958039834088678,4.69295165698949,39.3450915741318,3,0.00010948905109489051
7196,957,1972,72,0.913020419526009,0.876026165960547,0.752937238430604,0.842768978533208,0.713289458284637,0.698461509324648,0.663,4.03745773821835,4.22548896542998,0.713289458284637,18.9760438056126,0.4038098799496,0.0961452302668987,0.550345388680499,100.815919718859,74.0387913213038,14,0.0005109489051094891
26340,958,2022,264,0.950192131830534,0.974822142209573,0.99344148626551,0.944052681435638,0.946963669013547,0.970711908663494,0.933,19.4694595498529,60.0591417232718,0.946963669013547,68.9774127310062,0.42218717163057,0.10940601610264,1.1806847052485,120.51962499464,199.030776311634,1,3.649635036496351e-05
5970,959,1968,60,0.766623766349791,0.79872862811153,0.103853864828125,0.697185477507488,0.0913836903463634,0.0919147134435401,0.095,1.72002141552509,0.905362219365352,0.0913836903463634,14.9760438056126,0.402339736865446,0.0950843964440866,0.412835790224204,64.9045056050766,49.9972393391527,22,0.000802919708029197
11663,960,1983,117,0.959619890269994,0.911404611427656,0.788597094127908,0.897113517997699,0.769792195894214,0.740669713265741,0.717,6.46123569823231,9.26989754117549,0.769792195894214,29.9767282683094,0.407853024995547,0.0990627048049269,0.57731563825662,127.863791962053,94.0708935331608,11,0.0004014598540145985
2262,961,1959,23,0.492320635241012,0.346469768136152,0.788596778176725,0.256923205588924,0.421237314655986,0.295703852304012,0.22,1.58131279186817,1.42531457216764,0.421237314655986,5.97672826830938,0.399032166490626,0.0926977018680541,0.557606256015496,34.6863703319134,10.9371327221489,25,0.0009124087591240876
10521,962,1980,106,0.192938922868218,0.47747980917767,0.0364938634447753,0.163246087028327,0.0100980915774491,0.0217288827832693,0.01,0.418269627590884,0.256191736268142,0.0100980915774491,26.9760438056126,0.406750166117907,0.098266897912523,0.410411654832822,14.1069860872893,16.6035657931789,42,0.001532846715328467
15844,963,1996,159,0.839641970306204,0.999235911157673,0.685520731844008,0.839641643995987,0.604101757489042,0.685436814818515,0.628,,2.53360011899737,0.604101757489042,42.9760438056126,0.412630738454522,0.102510233203772,0.539972478182068,78.7629358134514,888.090077007973,1,3.649635036496351e-05
17993,964,2001,180,0.355165098375973,0.544700389752119,0.813713451148942,0.295682071926322,0.313666532133284,0.466916908949335,0.257,1.89238796318004,1.38133011039302,0.313666532133284,47.9780971937029,0.414469172003289,0.103836820058171,0.608088965248121,24.549766732653,20.4464910687823,36,0.001313868613138686
5138,965,1966,52,0.062997296422127,0.253423564996166,0.933415220817551,0.0445289333319497,0.0615340318471463,0.245942280770079,0.041,3.26962129051328,3.07118163951709,0.0615340318471463,12.9774127310062,0.401605168452419,0.0945543425832701,0.705065036990012,5.7907434017434,7.84952181915313,21,0.0007664233576642335
14825,966,1994,149,0.787384869146227,0.807334558306787,0.967808584682643,0.716277781071823,0.772094711314885,0.794042881625532,0.687,6.08136343530807,11.8334390305273,0.772094711314885,40.9774127310062,0.411896170041495,0.101980179342955,0.846950363726254,68.3756547125403,51.9480699023652,10,0.000364963503649635
24740,967,2018,248,0.998508478648876,0.912997061816048,0.471007299842313,0.912550444087647,0.47082582278484,0.44039428540312,0.429,16.3162587370352,152.666593770305,0.47082582278484,64.9774127310062,0.420717028546417,0.108345182279828,0.492452981483388,240.41629532521,95.2372842665809,2,7.299270072992701e-05
20337,968,2006,204,0.807678883846855,0.921346531944488,0.997247893363237,0.795329962571544,0.806793141831914,0.920948299781841,0.791,34.4940879617187,107.160196706227,0.806793141831914,52.9774127310062,0.416306599293956,0.105162680811391,1.32298324061075,72.0894718597325,101.891165457602,1,3.649635036496351e-05
19510,969,2005,196,0.866264122489209,0.929508404662452,0.979369941167533,0.849968528702889,0.855416760919021,0.917320805475215,0.855,,20.4442593528041,0.855416760919021,51.9780971937029,0.415939315087442,0.104897653880983,0.936302262702922,85.366643777331,109.442371625517,1,3.649635036496351e-05
6443,970,1969,65,0.708382199324684,0.269197860715481,0.484974044142291,0.238158660670429,0.3969333463041,0.165970186530473,0.149,1.05536391989893,0.982428756538562,0.3969333463041,15.9780971937029,0.40270802733006,0.095350149475674,0.468601294132223,56.5040585397421,8.33365527638579,30,0.0010948905109489052
26892,971,2023,269,0.994797152472685,0.814975216045174,0.984425348462537,0.813580440046936,0.981006009834849,0.807641570500913,0.793,13.3064512835694,112.138492856305,0.981006009834849,69.9767282683094,0.422554455837084,0.109671043033048,1.01689374102921,198.253319621331,53.7913778448478,1,3.649635036496351e-05
3710,972,1962,38,0.507040832579291,0.875185500461667,0.637691476149485,0.501589643871709,0.360186480847486,0.585940638852016,0.341,2.30417522223415,0.928271650686829,0.360186480847486,8.97741273100616,0.400135025368266,0.093493508760458,0.501168598477564,35.892127751471,73.6654598422301,20,0.00072992700729927
7221,973,1972,73,0.974502464170586,0.964189332409518,0.507643900811672,0.953564788852169,0.501536621889139,0.502173699353222,0.503,25.1907801606824,10.3144584912141,0.501536621889139,18.9760438056126,0.4038098799496,0.0961452302668987,0.474957469564157,143.845063244467,164.30676539941,4,0.00014598540145985403
8207,974,1974,83,0.331250379678083,0.63015681471945,0.759587141918018,0.30090532834367,0.275886570399393,0.509928972302799,0.241,1.6035080300471,1.08079453146826,0.275886570399393,20.9774127310062,0.404545454620727,0.0966760102288944,0.555022186451439,22.936834704003,26.8213139635643,15,0.0005474452554744526
3740,975,1962,38,0.99850153534353,0.843114140808935,0.438986574066803,0.842700283843771,0.438803222943143,0.396698617099539,0.368,6.75678559472126,152.078124823656,0.438803222943143,8.97741273100616,0.400135025368266,0.093493508760458,0.456121387805304,240.26028390235,61.6823315190388,3,0.00010948905109489051
11766,976,1983,118,0.71903083808575,0.917357329968717,0.851038662716746,0.711793606257133,0.638824224178044,0.801427072610953,0.624,4.92391659176574,2.9088910576743,0.638824224178044,29.9767282683094,0.407853024995547,0.0990627048049269,0.620120993293686,57.9175522076442,98.5928540774087,10,0.000364963503649635
2521,977,1960,26,0.997072275863791,0.954441528988942,0.957424649037421,0.9535148477563,0.956580079749319,0.923954156921377,0.909,12.4141634023978,96.0082253039124,0.956580079749319,6.97604380561259,0.399399450697139,0.0929627287984623,0.75716459821068,217.708259360647,143.106335661296,2,7.299270072992701e-05
12469,978,1985,125,0.963584992942304,0.985235580493956,0.830039424356073,0.960747934762568,0.811248699713835,0.823565414161148,0.813,54.0241094360793,11.3479797523324,0.811248699713835,31.9780971937029,0.408588599666674,0.0995934847669225,0.605566494190007,131.46895966094,260.903691358103,3,0.00010948905109489051
16422,979,1997,165,0.210929391115923,0.973394811207653,0.0680631371214986,0.21091116147095,0.0221828274052097,0.0677180866575336,0.019,6.79700233836114,0.269110078837085,0.0221828274052097,43.9780971937029,0.412999028919135,0.102775986235359,0.420274894959139,15.2260628558511,193.291039800729,4,0.00014598540145985403
20008,980,2006,201,0.0150617488913487,0.0542475245893745,0.0570590370334685,0.0053425575039918,0.0020617229187429,0.009541014666672,0.001,0.224825960504703,0.215067422073609,0.0020617229187429,52.9774127310062,0.416306599293956,0.105162680811391,0.422507217316807,2.01806355531347,2.45786495330018,107,0.0039051094890510947
3760,981,1962,38,0.777685737633145,0.992824656179041,0.901241553248838,0.777650591124079,0.722350875369661,0.898143421841736,0.706,9.80731505614426,4.60579204502912,0.722350875369661,8.97741273100616,0.400135025368266,0.093493508760458,0.650149555965878,66.7164673870446,364.93386082765,2,7.299270072992701e-05
18556,982,2002,186,0.535792663641631,0.799312779806396,0.0651958850212395,0.515339044402442,0.0460979414137425,0.0596622267209332,0.049,1.16415869197207,0.449327745622164,0.0460979414137425,48.9774127310062,0.414836456209802,0.104101846988579,0.421883695268792,38.3331607615416,50.1257230666453,35,0.0012773722627737226
18600,983,2002,187,0.656133896862244,0.896209208474148,0.575047033373266,0.64781445566848,0.42140371513218,0.540937256180232,0.435,4.18714106495729,1.0513987591373,0.42140371513218,48.9774127310062,0.414836456209802,0.104101846988579,0.508729093510856,50.179960443119,84.2671787253704,14,0.0005109489051094891
6187,984,1969,62,0.693993878003357,0.893898168161176,0.978179860394448,0.682913611322587,0.687485411594709,0.882917639236908,0.656,6.4010742343775,13.0619297726684,0.687485411594709,15.9780971937029,0.40270802733006,0.095350149475674,0.867161928237405,54.6668026657335,82.9557340698444,7,0.00025547445255474455
16401,985,1997,165,0.993348120208765,0.475293323004056,0.930667050881311,0.474255818816144,0.927464874446923,0.462693922830913,0.447,11.0459876500163,57.9759994734222,0.927464874446923,43.9780971937029,0.412999028919135,0.102775986235359,0.737079113753822,189.908908538222,16.4914873398253,1,3.649635036496351e-05
681,986,1955,7,0.988755934257742,0.727754001209899,0.978359801229089,0.72505102811728,0.970236864260534,0.719449727054353,0.699,9.5841059936744,64.0793810512166,0.970236864260534,1.97672826830938,0.397562023406472,0.0916368680452419,0.845137681420797,172.007716632953,37.5971275464284,4,0.00014598540145985403
17352,987,1999,174,0.412861147002157,0.813649823509374,0.79847810533829,0.404328494144533,0.357908819827766,0.672153402316058,0.326,2.39803436657089,1.3645397433359,0.357908819827766,45.9767282683094,0.413733597332162,0.103306040096175,0.596447115505628,28.6054188969845,53.4636396251924,13,0.00047445255474452553
23010,988,2013,231,0.936071258887025,0.992563819555047,0.447507927194238,0.935797615720148,0.432786642565281,0.446279435984287,0.428,18.6555180211824,4.06442466834184,0.432786642565281,59.9780971937029,0.41887960125575,0.107019321526608,0.484724601920839,111.735689598199,359.176257175873,4,0.00014598540145985403
16515,989,1998,166,0.885251762216012,0.961214025590532,0.439049930311739,0.879886521616812,0.41194175739562,0.433275614813587,0.438,125.930650510424,2.28206129584148,0.41194175739562,44.9774127310062,0.413366313125648,0.103041013165767,0.475082456802049,90.8951742437315,157.059577769555,10,0.000364963503649635
16882,990,1998,169,0.6377489436074,0.338265474036636,0.996306024491787,0.285291731470258,0.637179120944455,0.337898518519133,0.299,,64.0173544335183,0.637179120944455,44.9774127310062,0.413366313125648,0.103041013165767,1.24069814126824,48.1578255003794,10.6399215585509,3,0.00010948905109489051
23644,991,2015,237,0.53830527423628,0.237391585129073,0.420449671335518,0.187470770487683,0.26186201074765,0.118249864213258,0.113,0.773885647504167,0.659832854387499,0.26186201074765,61.9767282683094,0.419614169668776,0.107549375387424,0.480273982592089,38.5522813365349,7.37120982347803,47,0.0017153284671532847
3030,992,1961,31,0.807204708035517,0.864632658178695,0.302029027370736,0.767338235036364,0.269566073656614,0.284345433869348,0.264,2.39856041347365,1.24740898924394,0.269566073656614,7.97809719370294,0.399767741161752,0.0932284818300497,0.43403496766263,71.998583461448,69.2692540171944,19,0.0006934306569343065
17305,993,1999,174,0.576075479855942,0.976976518146362,0.426077242475003,0.575933965647727,0.283232021036131,0.420730251168419,0.288,15.6653905476713,0.71154297353564,0.283232021036131,45.9767282683094,0.413733597332162,0.103306040096175,0.473077954447503,41.9716390914772,208.591645769705,8,0.00029197080291970805
13175,994,1988,132,0.68053881194815,0.949748198596029,0.602651075692847,0.678818588898296,0.442230087063956,0.587774891002254,0.452,8.37328761693719,1.25754369477437,0.442230087063956,34.9760438056126,0.409690452286214,0.100388565558147,0.507747215271092,53.0179672403928,135.02512489218,9,0.0003284671532846715
16445,995,1997,165,0.971571201457955,0.939677754013658,0.810413231374696,0.929258158609356,0.79750533796256,0.784750753481302,0.754,5.57847951025195,12.8858464326663,0.79750533796256,43.9780971937029,0.412999028919135,0.102775986235359,0.602428696111298,140.074817746518,120.784665074122,7,0.00025547445255474455
7591,996,1972,76,0.998079703367311,0.999349645831305,0.998783878982067,0.99797466169119,0.997213882683073,0.998375245687934,0.996,148.086513278448,570.938651101413,0.997213882683073,18.9760438056126,0.4038098799496,0.0961452302668987,1.40192448059773,231.921246211206,940.57654375787,1,3.649635036496351e-05
10961,997,1981,110,0.568366855850963,0.279598531170423,0.288738063769415,0.225159228981039,0.193884705641107,0.105266850091167,0.093,0.678869725804599,0.593859870163614,0.193884705641107,27.9780971937029,0.407118456582521,0.0985326509441104,0.44139572926538,41.2536241977144,8.66073602750779,53,0.0019343065693430658
18213,998,2001,183,0.919489287818368,0.938023048038914,0.657956467475742,0.897009482386475,0.625746827095314,0.635213430789804,0.628,13.7922122444413,4.14069486538842,0.625746827095314,47.9780971937029,0.414469172003289,0.103836820058171,0.533466665264619,103.566345300652,118.762394867231,12,0.00043795620437956203
11254,999,1982,113,0.998093560400987,0.838911072194677,0.924905569059774,0.838386932385322,0.924252860144977,0.794660661498709,0.8,,159.523893383094,0.924252860144977,28.9774127310062,0.407485740789034,0.0987976778745186,0.708160727811612,232.164931144255,60.3763454012984,2,7.299270072992701e-05
9655,1000,1978,97,0.988310275044107,0.989025522340337,0.991135873831809,0.983321579433264,0.981467913546942,0.98254882287882,0.979,,98.9234814843516,0.981467913546942,24.9774127310062,0.40601559770488,0.0977368440517065,1.03030938153942,170.677863539818,300.633961752841,1,3.649635036496351e-05
22204,1001,2011,223,0.0850973914430695,0.944449692499021,0.950379471061751,0.0850743700919004,0.0831860236249645,0.908897723969586,0.086,17.8069611194601,4.19206700147901,0.0831860236249645,57.9767282683094,0.418144026584623,0.106488541564612,0.804240616909727,7.29066592817059,127.081069776055,2,7.299270072992701e-05
1160,1002,1956,12,0.860734321260818,0.991716614453741,0.981195990461856,0.860625649113109,0.851484961899881,0.975769571793712,0.851,61.8571375146948,20.932215862503,0.851484961899881,2.97604380561259,0.397929307612985,0.0919018949756502,0.867561513283426,83.8977001017217,342.182828459122,1,3.649635036496351e-05
20299,1003,2006,203,0.0250521186461537,0.103789886213044,0.377348319394514,0.0122443477401948,0.0141451776124096,0.069140898630036,0.013,0.347017325523708,0.326933747137756,0.0141451776124096,52.9774127310062,0.416306599293956,0.105162680811391,0.46759370716874,2.91949782276858,3.76063860123058,111,0.004051094890510949
4179,1004,1964,42,0.243320021086102,0.772462315510716,0.866657078266144,0.238727215348287,0.225481828508547,0.693964161113969,0.233,4.68013718173116,1.7315308339398,0.225481828508547,10.9760438056126,0.400869593781293,0.0940235626212744,0.615558951520498,17.2538769270895,44.737220983392,12,0.00043795620437956203
14883,1005,1994,149,0.168039870658067,0.151983235112058,0.411193555453792,0.0655784941613085,0.0875333747214304,0.0853253955061678,0.052,0.439347425422905,0.393468463939628,0.0875333747214304,40.9774127310062,0.411896170041495,0.101980179342955,0.467689722412459,12.5603166586727,5.00854554029225,120,0.004379562043795621
3170,1006,1961,32,0.906362472809961,0.964553306060548,0.678004011744633,0.900542661506653,0.645854773850531,0.669321081676558,0.641,7.75232066710931,3.25265188363627,0.645854773850531,7.97809719370294,0.399767741161752,0.0932284818300497,0.513047933896104,98.1844428393417,165.250416604281,5,0.0001824817518248175
15785,1007,1996,158,0.809255702458201,0.983699613858092,0.569628263125196,0.80893943320703,0.494984831516183,0.56659947198227,0.492,12.5469276549591,1.72264003711898,0.494984831516183,42.9760438056126,0.412630738454522,0.102510233203772,0.503647492200306,72.3932337364561,248.529301969271,5,0.0001824817518248175
912,1008,1955,10,0.899661164494031,0.938192609936599,0.360848947660998,0.882024959008081,0.340419063683586,0.347994569291922,0.351,9.6451222467172,2.50284850663474,0.340419063683586,1.97672826830938,0.397562023406472,0.0916368680452419,0.439717842371331,95.7123056893408,118.966114943512,13,0.00047445255474452553
20342,1009,2006,204,0.945915103316945,0.907345207805245,0.970746014732867,0.887139130997568,0.925362816436834,0.896564793575073,0.874,18.0825038850477,22.9840188782325,0.925362816436834,52.9774127310062,0.416306599293956,0.105162680811391,0.880313688425525,117.626494080765,91.2282575345282,3,0.00010948905109489051
9994,1010,1978,100,0.685991244306145,0.746773214114813,0.134681474650279,0.61172707555174,0.102356430320595,0.112957706142903,0.091,1.186272837844,0.710016205876499,0.102356430320595,24.9774127310062,0.40601559770488,0.0977368440517065,0.420279165478084,53.6784561141794,40.4025710108447,39,0.0014233576642335767
25932,1011,2021,260,0.902581867453484,0.796319203392204,0.974258129252121,0.765556274784102,0.888016308998541,0.785076981276074,0.765,407.859484148315,17.8949902935715,0.888016308998541,67.9780971937029,0.421819887424057,0.109140989172232,0.925002832343814,96.7695592974798,49.4730780546771,5,0.0001824817518248175
14179,1012,1992,142,0.333879973058484,0.445048896864841,0.776000112527981,0.246273968607397,0.290946111631403,0.386702926890406,0.263,1.8868988191341,1.10456944556989,0.290946111631403,38.9760438056126,0.411160595370368,0.101449399380959,0.577636601880895,23.1124942344898,15.0116630764287,37,0.0013503649635036496
4405,1013,1964,45,0.707825639383946,0.635159563643892,0.272798386402428,0.545865586897042,0.228365164383463,0.203767818916692,0.176,1.07402744492573,0.807294263409632,0.228365164383463,10.9760438056126,0.400869593781293,0.0940235626212744,0.431409113683693,56.4314788790543,27.2643892234494,50,0.0018248175182481751
24009,1014,2016,241,0.383005006005316,0.699290791257462,0.386283166473731,0.358895279100597,0.183429438915008,0.298071767854917,0.166,0.971734563346727,0.482927001506444,0.183429438915008,62.9760438056126,0.41998145387529,0.107814402317832,0.474214042146312,26.4751287671321,33.9098386485298,38,0.001386861313868613
15652,1015,1995,157,0.408033500370891,0.605066497526419,0.749235874274746,0.353112518009257,0.334404421356634,0.495742098262385,0.306,1.74029317071145,1.12908204058742,0.334404421356634,41.9767282683094,0.412263454248008,0.102245206273363,0.566295154758411,28.2559600123251,24.7305854663717,30,0.0010948905109489052
9182,1016,1977,92,0.23083462869342,0.502974295512397,0.459267176222056,0.196121093772549,0.134649052808525,0.274620598011927,0.13,0.708429421333947,0.449895935579196,0.134649052808525,23.9780971937029,0.405648313498367,0.0974718171212983,0.467876054785769,16.4695826277178,17.9661820548311,48,0.0017518248175182481
7104,1017,1972,72,0.356548438882286,0.385493383774871,0.517272266792133,0.23145059505694,0.226809740344118,0.254496072670358,0.174,0.715711210049218,0.566589838087026,0.226809740344118,18.9760438056126,0.4038098799496,0.0961452302668987,0.477029783617852,24.6441707534916,12.4310522098075,72,0.002627737226277372
18685,1018,2002,187,0.785988183890462,0.997227594920244,0.116801653290167,0.785984128049543,0.103248353845587,0.116743113418162,0.096,20.0840251092291,0.997712660591398,0.103248353845587,48.9774127310062,0.414836456209802,0.104101846988579,0.427864697484453,68.1324296271076,545.053611319811,1,3.649635036496351e-05
24924,1019,2018,250,0.947368554738303,0.238305683710325,0.11307173455134,0.23410128897554,0.110566302664245,0.0348157054752039,0.037,4.57275345592797,3.9899442731534,0.110566302664245,64.9774127310062,0.420717028546417,0.108345182279828,0.433812883909799,118.583805381625,7.39812956939873,10,0.000364963503649635
7867,1020,1973,79,0.478612638748793,0.214009791586101,0.478357431478798,0.160671826959097,0.265477639241583,0.134249174323256,0.094,0.677005032899977,0.648282311643802,0.265477639241583,19.9780971937029,0.404178170414213,0.0964109832984861,0.469471351839718,33.5880399406764,6.6960740723093,62,0.002262773722627737
21101,1021,2008,212,0.849679477717442,0.84720436920637,0.490826343651861,0.783802725352331,0.439572836976885,0.437007495301612,0.408,3.09248699040095,2.01883541937133,0.439572836976885,54.9760438056126,0.417041167706983,0.105692734672208,0.491392220687541,81.1208107232996,63.0033819463316,19,0.0006934306569343065
16731,1022,1998,168,0.969651497574864,0.757411590178818,0.376545192673802,0.749607671756829,0.372453316934351,0.317641317282688,0.325,18.0277212418373,7.61712471271281,0.372453316934351,44.9774127310062,0.413366313125648,0.103041013165767,0.463478004197468,137.807341646937,42.1140695935074,9,0.0003284671532846715
26521,1023,2023,266,0.949168357397346,0.874818220927733,0.931454970734194,0.857886149378697,0.89503018072734,0.833451044874667,0.805,7.71431547083991,13.8822826616761,0.89503018072734,69.9767282683094,0.422554455837084,0.109671043033048,0.770112210222032,119.805636928002,73.5034949094231,6,0.00021897810218978101
14129,1024,1992,142,0.816026673772758,0.522166079853717,0.132519491016865,0.485049125821383,0.121079969742277,0.0922339509433151,0.089,1.4424727250889,1.15919312192113,0.121079969742277,38.9760438056126,0.411160595370368,0.101449399380959,0.425708357153325,73.7250618820126,19.0653625648158,30,0.0010948905109489052
20613,1025,2007,207,0.769875938776078,0.802136520725071,0.85416619409807,0.701567587616591,0.681990493289203,0.716607187047367,0.608,3.03091773927407,3.45134872785872,0.681990493289203,53.9767282683094,0.416673883500469,0.1054277077418,0.645404675344689,65.428782837487,50.7547106717927,14,0.0005109489051094891
20319,1026,2006,204,0.823697832955646,0.873448226578373,0.723218455677852,0.784844015954097,0.625080525224352,0.679982732566035,0.624,4.39147751352791,2.55871494078408,0.625080525224352,52.9774127310062,0.416306599293956,0.105162680811391,0.562522370697871,75.2909610927525,72.9053651452572,16,0.0005839416058394161
584,1027,1954,6,0.91217906356436,0.763221467282737,0.597481159493327,0.737916159114079,0.566055345256378,0.492412459392579,0.468,3.6034559967866,3.54640600467827,0.566055345256378,0.97741273100616,0.397194739199959,0.0913718411148337,0.485123666385113,100.472839098668,43.0970568019136,16,0.0005839416058394161
7183,1028,1972,72,0.996991524697819,0.789055387166511,0.685331822372973,0.788276906617505,0.684824722089923,0.592508560718078,0.581,15.1154953975373,79.9560235751763,0.684824722089923,18.9760438056126,0.4038098799496,0.0961452302668987,0.523178329646769,216.789770259995,47.9470304131801,2,7.299270072992701e-05
6133,1029,1969,62,0.950166753720094,0.956169741925834,0.956461159745231,0.931821140576158,0.919335652807919,0.924338923185097,0.889,8.4395089749174,15.7384405367548,0.919335652807919,15.9780971937029,0.40270802733006,0.095350149475674,0.766532238968384,120.501753602907,146.380082475264,4,0.00014598540145985403
13146,1030,1988,132,0.858927746376241,0.259154189796267,0.370624998118728,0.246236057550067,0.335543902380634,0.12646783539015,0.133,2.31104703166239,1.88694985496568,0.335543902380634,34.9760438056126,0.409690452286214,0.100388565558147,0.457507835414655,83.4298490230447,8.02379381060037,14,0.0005109489051094891
12288,1031,1985,123,0.189409388807204,0.173855060498796,0.706277878722176,0.079269276406331,0.151751201841059,0.138597917191356,0.075,0.888588477224337,0.781054936680625,0.151751201841059,31.9780971937029,0.408588599666674,0.0995934847669225,0.540168476337289,13.8877297090289,5.58926155157975,58,0.002116788321167883
18193,1032,2001,182,0.962536840701593,0.956411244412947,0.163092372007668,0.939924860518965,0.161458328632999,0.160313945091297,0.165,13.6456577673198,5.58205232933176,0.161458328632999,47.9780971937029,0.414469172003289,0.103836820058171,0.433158193237753,130.479907596034,146.851853120921,7,0.00025547445255474455
16069,1033,1996,161,0.322345147440622,0.498636888426736,0.199022147804499,0.2586935544979,0.0848505554361528,0.137382875649034,0.084,0.530612632045281,0.354935122530874,0.0848505554361528,42.9760438056126,0.412630738454522,0.102510233203772,0.435690014185721,22.3448739571833,17.7268165865317,71,0.002591240875912409
13918,1034,1991,140,0.782112497149852,0.340959104106949,0.839285160414875,0.312815263904226,0.690982981858101,0.312943872896706,0.303,3.89215939570499,2.87416925955236,0.690982981858101,37.9767282683094,0.410793311163855,0.101184372450551,0.617963740585622,67.4651809652096,10.7368973453209,11,0.0004014598540145985
9996,1035,1978,100,0.996738991308493,0.963176900077513,0.233860968379304,0.962127990635314,0.233529094050658,0.229965766876881,0.205,7.44990170258128,68.2795581301422,0.233529094050658,24.9774127310062,0.40601559770488,0.0977368440517065,0.432478535021637,214.067592463078,161.75009138329,1,3.649635036496351e-05
17648,1036,2000,177,0.963545040371078,0.102095722712153,0.993663360364735,0.10086042258777,0.960007442279034,0.10185178410461,0.098,36.9308572425779,71.4530302289934,0.960007442279034,46.9760438056126,0.414100881538675,0.103571067026584,1.13873124477911,131.430751372337,3.71704341816499,2,7.299270072992701e-05
20217,1037,2006,203,0.771162365722643,0.729419764208069,0.363902862882242,0.649006175333719,0.31274375424533,0.324810383018006,0.3,1.63833279612712,1.12562843078023,0.31274375424533,52.9774127310062,0.416306599293956,0.105162680811391,0.465216749317346,65.6380668776963,37.8309103779462,35,0.0012773722627737226
17295,1038,1999,173,0.41986940708864,0.975215940928548,0.836014973931015,0.419802420167975,0.377606657593962,0.821765760934375,0.393,,1.64308461547634,0.377606657593962,45.9767282683094,0.413733597332162,0.103306040096175,0.622651743058888,29.1163596467434,200.693156964024,2,7.299270072992701e-05
15928,1039,1996,160,0.891497880767818,0.649692902346007,0.0129348740447313,0.623675200181175,0.0124467015618915,0.011169790122069,0.008,2.34835402034454,1.85161274093725,0.0124467015618915,42.9760438056126,0.412630738454522,0.102510233203772,0.413966403530556,92.907415070041,28.6061434708782,20,0.00072992700729927
20093,1040,2006,201,0.71096872498494,0.908561675155303,0.954858114244416,0.702261993952761,0.695144784623704,0.889058503454902,0.681,6.43567575217842,6.82176043750192,0.695144784623704,52.9774127310062,0.416306599293956,0.105162680811391,0.812016229049779,56.8430210719091,92.0611652773318,6,0.00021897810218978101
8129,1041,1974,82,0.915681263784084,0.987465180342047,0.330804397817701,0.915062265767283,0.312941765950357,0.328968877607251,0.318,39.824236678764,3.00950532626726,0.312941765950357,20.9774127310062,0.404545454620727,0.0966760102288944,0.444343016417619,101.922462759891,282.329104070977,3,0.00010948905109489051
1475,1042,1957,15,0.997751547584934,0.996990640060132,0.97443198482506,0.996012962302058,0.973335422920382,0.972756220440412,0.968,40.5643869782212,173.627613211742,0.973335422920382,3.97809719370294,0.398297598077599,0.0921676480072376,0.8242022150868,226.609788538041,527.333327872429,1,3.649635036496351e-05
4556,1043,1964,46,0.964074608691579,0.988514505969079,0.875196780776605,0.96242169633978,0.856415209657207,0.870445535311501,0.865,,11.6660112970654,0.856415209657207,10.9760438056126,0.400869593781293,0.0940235626212744,0.623543454120894,131.940564625509,294.273707522996,2,7.299270072992701e-05
19036,1044,2004,191,0.236564368296388,0.619340395315755,0.94618709711358,0.219294820965233,0.230976656177335,0.600791999182136,0.212,5.40955532399063,4.1472101368096,0.230976656177335,50.9760438056126,0.415571024622829,0.104631900849396,0.782764770279118,16.8290289191405,25.894055129984,11,0.0004014598540145985
5958,1045,1968,60,0.678915908835871,0.688336395790747,0.42201303364709,0.57003482326855,0.328575940461347,0.324769527012167,0.294,1.42739940653493,0.878553206394532,0.328575940461347,14.9760438056126,0.402339736865446,0.0950843964440866,0.456243590401954,52.8233287511258,32.6285859218311,29,0.0010583941605839416
12021,1046,1985,121,0.626362373499811,0.963894595926217,0.66745882621035,0.625805822094428,0.450239929870446,0.65264294617642,0.451,10.0135671293032,1.27861925355779,0.450239929870446,31.9780971937029,0.408588599666674,0.0995934847669225,0.525926040097451,46.9502642792349,163.55226987166,4,0.00014598540145985403
16617,1047,1998,167,0.966153307419094,0.970682417384399,0.768771722912788,0.953870686585022,0.755965563591922,0.757079246532813,0.739,8.96537389076439,9.50546250554604,0.755965563591922,44.9774127310062,0.413366313125648,0.103041013165767,0.578535547111509,134.015568778627,183.465223012853,5,0.0001824817518248175
7205,1048,1972,73,0.695008981794266,0.606219409691449,0.959876636741683,0.517988733486497,0.679040517116879,0.597860241495551,0.511,8.77791117349538,8.27989400700268,0.679040517116879,18.9760438056126,0.4038098799496,0.0961452302668987,0.782227301385076,54.7938319497492,24.8221462345154,8,0.00029197080291970805
8475,1049,1975,85,0.0575888418298808,0.653012788947925,0.892104330938309,0.0562154288461397,0.0544678344871852,0.606399643812896,0.051,3.15572166886089,1.90885846557442,0.0544678344871852,21.9767282683094,0.40491273882724,0.0969410371593026,0.652837555305919,5.41047637660296,28.9246568509009,11,0.0004014598540145985
811,1050,1955,9,0.963347674337331,0.881211870054331,0.10281231533736,0.869443356676402,0.101209772003694,0.0956245370460766,0.088,6.471275980262,5.70616953117289,0.101209772003694,1.97672826830938,0.397562023406472,0.0916368680452419,0.407569649583947,131.242602010546,76.4254751673009,10,0.000364963503649635
21887,1051,2010,219,0.398451968712346,0.395013399212941,0.150940162828192,0.254221218153535,0.0778502506500725,0.0805456706833758,0.052,0.480524799893455,0.378459508460207,0.0778502506500725,56.9774127310062,0.417776742378109,0.106223514634204,0.435331846386354,27.568230997415,12.8173876583056,90,0.0032846715328467154
13938,1052,1991,140,0.995409114254741,0.781072179011093,0.917924311477691,0.779894441110152,0.916230433569032,0.74277416256159,0.728,12.1260386540746,69.0367480105838,0.916230433569032,37.9767282683094,0.410793311163855,0.101184372450551,0.706471847991456,202.495654588657,46.3574949975071,4,0.00014598540145985403
10261,1053,1979,103,0.982170502753179,0.955911403717346,0.99800737015903,0.949465946834404,0.98077502232397,0.954875307198628,0.942,28.4616490333416,334.924553320752,0.98077502232397,25.9767282683094,0.406382881911394,0.0980018709821147,1.31746451889532,156.191299886613,145.879405110111,1,3.649635036496351e-05
3358,1054,1961,34,0.994118629712386,0.899076282163592,0.563524428755045,0.897324395685795,0.562622124514343,0.53566576709055,0.53,22.4897334543907,40.1681757413153,0.562622124514343,7.97809719370294,0.399767741161752,0.0932284818300497,0.481089843846891,194.092561005826,85.9536229187665,3,0.00010948905109489051
1311,1055,1957,14,0.952854518208088,0.943095309366918,0.887733460403979,0.922837901141934,0.858536240105222,0.852625398773785,0.831,10.3539754795903,11.1431405251295,0.858536240105222,3.97809719370294,0.398297598077599,0.0921676480072376,0.629226835138898,122.445696120559,125.219007388253,9,0.0003284671532846715
6636,1056,1970,67,0.681134202579316,0.820716957390133,0.690647796727717,0.646676058419508,0.531351885658423,0.616012323109945,0.516,2.33805162503001,1.25336932032137,0.531351885658423,16.9774127310062,0.403075311536573,0.0956151764060822,0.523662897718122,53.0895962722014,55.2522151217232,20,0.00072992700729927
2583,1057,1960,26,0.988942452734984,0.632130284702497,0.898543394403532,0.629827062520663,0.895080097087109,0.594760325795893,0.589,18.0973306904153,26.3357146991293,0.895080097087109,6.97604380561259,0.399399450697139,0.0929627287984623,0.644678798883906,172.579812511593,26.9949931181121,5,0.0001824817518248175
20323,1058,2006,204,0.293938467610947,0.714077768480357,0.991113431751728,0.28182016354978,0.292994234894168,0.713177384373833,0.29,,25.1815097973311,0.292994234894168,52.9774127310062,0.416306599293956,0.105162680811391,1.08756033408197,20.4843270637193,35.7561281387759,2,7.299270072992701e-05
2215,1059,1959,23,0.955930544250736,0.97596473336481,0.957920948509127,0.949519590325369,0.924527568749864,0.940359857591587,0.907,11.3695856659093,18.7334747511466,0.924527568749864,5.97672826830938,0.399032166490626,0.0926977018680541,0.757374514261577,124.807982136912,203.955865825178,4,0.00014598540145985403
21573,1060,2009,216,0.811804397564331,0.973440466380759,0.955696697346866,0.810783440977588,0.788003720214885,0.937589784017084,0.778,11.4709260745386,9.75484832003571,0.788003720214885,55.9780971937029,0.417409458171596,0.105958487703795,0.819013637860179,72.889250851557,193.468066211454,3,0.00010948905109489051
9935,1061,1978,100,0.733408109062891,0.895663982611084,0.808779748156667,0.719665485245974,0.614848823219189,0.745775776471794,0.586,3.54369629359041,2.75250951110413,0.614848823219189,24.9774127310062,0.40601559770488,0.0977368440517065,0.585131413672203,59.9056086272096,83.9540239121614,15,0.0005474452554744526
25158,1062,2018,252,0.858321617009045,0.945249519200251,0.418812846764922,0.849697494621884,0.381041190032105,0.406664548134314,0.378,5.40259462318716,1.92480320766854,0.381041190032105,64.9774127310062,0.420717028546417,0.108345182279828,0.48149920372147,83.2741586738349,128.210846742258,7,0.00025547445255474455
15211,1063,1995,153,0.843092184924547,0.823674010032154,0.952444778988138,0.761545798759588,0.81568766149265,0.798483491923738,0.736,9.75325330718996,9.92521470814249,0.81568766149265,41.9767282683094,0.412263454248008,0.102245206273363,0.789256006864003,79.5571910480914,56.0317637650534,8,0.00029197080291970805
20272,1064,2006,203,0.952863093508495,0.8040070572948,0.794792032567784,0.790549606224415,0.773648351907536,0.701078038641869,0.704,20.8033994026735,7.69431240656168,0.773648351907536,52.9774127310062,0.416306599293956,0.105162680811391,0.599989961162369,122.452069872811,51.178744870047,8,0.00029197080291970805
26483,1065,2022,265,0.128060421682258,0.127223875363535,0.535289467312396,0.0474361097522806,0.0850701365654496,0.0867531331374464,0.043,0.51855706350289,0.474248038011087,0.0850701365654496,68.9774127310062,0.42218717163057,0.10940601610264,0.510063751324228,10.0601243924353,4.36409626320098,70,0.0025547445255474453
10968,1066,1981,110,0.228801772728299,0.88891803640939,0.0129303832072765,0.228137833196648,0.004800028136987,0.012306667029474,0.004,1.80841087528378,0.262099882967173,0.004800028136987,27.9780971937029,0.407118456582521,0.0985326509441104,0.408401846437911,16.3422346845019,80.2643913030324,5,0.0001824817518248175
27331,1067,2024,274,0.123875419458135,0.741293021924632,0.733807214535773,0.121900793649012,0.101677537514654,0.572772186086363,0.095,1.95360459978941,0.819689252169131,0.101677537514654,70.9760438056126,0.422921740043597,0.109936069963456,0.580800256578875,9.79553785574438,39.5624551942216,15,0.0005474452554744526
20534,1068,2007,206,0.889928616253902,0.75762519275515,0.984791829250753,0.724829193856447,0.882274785630114,0.753800629478242,0.736,,26.4748471313824,0.882274785630114,53.9767282683094,0.416673883500469,0.1054277077418,0.992189534144662,92.391586877027,42.149583405087,5,0.0001824817518248175
19407,1069,2004,195,0.831653825882765,0.92340276273528,0.812701086979359,0.817439463315447,0.700316484983278,0.772521795303546,0.668,3.66837400096696,3.57388101190249,0.700316484983278,50.9760438056126,0.415571024622829,0.104631900849396,0.609977830508549,76.9845169704276,103.685558856412,18,0.000656934306569343
24726,1070,2018,248,0.943028133940442,0.817089523576218,0.920589930610731,0.800046837919002,0.880772598984399,0.763312956402625,0.766,,11.6587250314784,0.880772598984399,64.9774127310062,0.420717028546417,0.108345182279828,0.742179868457253,115.797213102818,54.3214338792021,4,0.00014598540145985403
8209,1071,1974,83,0.682620667802954,0.939657441268407,0.997311410028487,0.679924597900196,0.681946320675649,0.938334426880248,0.676,43.3291862743986,99.2928933942215,0.681946320675649,20.9774127310062,0.404545454620727,0.0966760102288944,1.24268551343109,53.2689522659151,120.759369015465,1,3.649635036496351e-05
4424,1072,1964,45,0.504106849966686,0.54153936287966,0.864079743390903,0.38433489730095,0.469663513726107,0.496320529050931,0.387,3.73183177473993,1.97089150196606,0.469663513726107,10.9760438056126,0.400869593781293,0.0940235626212744,0.613261410655736,35.6495384836767,20.2464388665877,23,0.0008394160583941605
5673,1073,1967,57,0.927574011505771,0.981915040423637,0.925392760429531,0.925770116079937,0.871293286667527,0.913849502006125,0.864,16.6235943869015,10.9131497680966,0.871293286667527,13.9767282683094,0.401972452658933,0.0948193695136783,0.691386183747138,107.321842685383,235.993565526828,4,0.00014598540145985403
8746,1074,1975,88,0.278488057970889,0.773801292532952,0.183680713176727,0.272595676168102,0.0679320953788392,0.157304284799113,0.066,1.02112715835369,0.330161949394709,0.0679320953788392,21.9767282683094,0.40491273882724,0.0969410371593026,0.424831882976787,19.4881121111672,44.9831448223055,20,0.00072992700729927
24912,1075,2018,250,0.309074811739312,0.228891888443208,0.593363964231685,0.135795635060788,0.214460013263829,0.153068113646354,0.101,0.73802617779999,0.640982010504304,0.214460013263829,64.9774127310062,0.420717028546417,0.108345182279828,0.523748778097288,21.470700666597,7.12284699666411,55,0.0020072992700729928
2058,1076,1958,21,0.982342374818973,0.866063123253834,0.967488698894158,0.860871633779227,0.954829311168295,0.846923292339748,0.83,11.9545438128593,40.0141053309478,0.954829311168295,4.97741273100616,0.398664882284112,0.0924326749376458,0.791601123561559,156.524662484604,69.8355631821494,3,0.00010948905109489051
2317,1077,1959,24,0.936032074670065,0.866943780683781,0.845783318160102,0.845072558879577,0.815121675448577,0.758424866523846,0.757,15.5521874068604,6.00487308329776,0.815121675448577,5.97672826830938,0.399032166490626,0.0926977018680541,0.593617813384279,111.714055177559,70.1885964391656,11,0.0004014598540145985
15410,1078,1995,155,0.299766625462459,0.455806774032047,0.476858638459817,0.230391810888662,0.171929497447412,0.246942068030208,0.158,0.77270395937016,0.505939433576246,0.171929497447412,41.9767282683094,0.412263454248008,0.102245206273363,0.481190318097847,20.8628398426376,15.5234883357399,68,0.0024817518248175185
17356,1079,1999,174,0.929180501574866,0.909199242033879,0.892453583190218,0.880267670063312,0.845222934700371,0.824834004419523,0.772,4.21129921028113,8.4785820651991,0.845222934700371,45.9767282683094,0.413733597332162,0.103306040096175,0.678376061895159,108.11634276846,92.5040505017292,6,0.00021897810218978101
7831,1080,1973,79,0.974776083825936,0.897195040707152,0.966304197907448,0.889173851091853,0.94750752833912,0.879665371247842,0.862,12.4444447024088,31.1175239209746,0.94750752833912,19.9780971937029,0.404178170414213,0.0964109832984861,0.808802683786058,144.218481635567,84.839437578218,6,0.00021897810218978101
20604,1081,2007,207,0.690258519175334,0.961705906606461,0.0896175713278353,0.689297246293413,0.0708679356945356,0.0885219600115593,0.073,5.86421786641807,0.687304483974363,0.0708679356945356,53.9767282683094,0.416673883500469,0.1054277077418,0.426629317046035,54.2026132790588,158.203677452632,7,0.00025547445255474455
17175,1082,1999,172,0.976592972859079,0.743910970293191,0.626098366687074,0.738068411882,0.618005886087743,0.491319760182119,0.491,20.4253616021056,13.0594790682744,0.618005886087743,45.9767282683094,0.413733597332162,0.103306040096175,0.521696380296007,146.803954774736,39.9604161258841,11,0.0004014598540145985
10833,1083,1981,109,0.740963072206585,0.934370066005286,0.19021352333948,0.736073062800613,0.161829501129281,0.184547457874413,0.159,3.45403097724008,0.867103752689746,0.161829501129281,27.9780971937029,0.407118456582521,0.0985326509441104,0.42817654175135,60.9900085601733,114.555434813966,13,0.00047445255474452553
7798,1084,1973,78,0.896072840985883,0.959939877538459,0.997253656154498,0.889440889428951,0.895274642108624,0.959002001906457,0.881,21.1614263360586,102.661764529999,0.895274642108624,19.9780971937029,0.404178170414213,0.0964109832984861,1.23581487037259,94.4532663101525,154.187088089275,1,3.649635036496351e-05
25529,1085,2020,256,0.853561632992834,0.929506253959469,0.650056578218937,0.839138077071262,0.580578007298653,0.621230479585559,0.547,3.28827850399411,2.59875948442241,0.580578007298653,66.9760438056126,0.421451596959443,0.108875236140644,0.54339433919804,82.0731279287236,109.440220633836,11,0.0004014598540145985
19318,1086,2004,194,0.970968852788505,0.896090331141186,0.985204671742395,0.8867368750295,0.960995645462104,0.887620179982531,0.872,18.0361438517953,41.4755255733568,0.960995645462104,50.9760438056126,0.415571024622829,0.104631900849396,0.991543246660536,139.3475630236,84.1986995428416,2,7.299270072992701e-05
24334,1087,2016,244,0.855006943549711,0.767669372033303,0.377186118625104,0.720071650318916,0.344140680735937,0.308508477451211,0.301,2.78325250124278,1.78654983974316,0.344140680735937,62.9760438056126,0.41998145387529,0.107814402317832,0.472532039564953,82.4338244557417,43.8743431750466,21,0.0007664233576642335
22974,1088,2012,230,0.560779502510142,0.640075329554322,0.302069022785872,0.471028412875304,0.196528053791169,0.224774659493023,0.184,0.973675365654312,0.599377495233138,0.196528053791169,58.9760438056126,0.418511310791136,0.10675356849502,0.457756233278207,40.5573685622983,27.7089279924331,38,0.001386861313868613
24224,1089,2016,243,0.753370699754482,0.981286139822183,0.123023656895384,0.753094349345839,0.103847271211315,0.121874662492513,0.087,5.85895390297325,0.879302867521478,0.103847271211315,62.9760438056126,0.41998145387529,0.107814402317832,0.434248485122075,62.8357406731848,231.968578702582,9,0.0003284671532846715
1035,1090,1956,11,0.483955320399595,0.458992407823743,0.989327820250764,0.326647875011502,0.482286472210203,0.457182127698679,0.36,,22.2139991924817,0.482286472210203,2.97604380561259,0.397929307612985,0.0919018949756502,0.95497085168645,34.013399877594,15.6780517873356,8,0.00029197080291970805
717,1091,1955,8,0.854421892363235,0.611111591502595,0.82335873041302,0.57712772526916,0.730989139409875,0.530335726858821,0.547,78.1134886651645,3.75879676137458,0.730989139409875,1.97672826830938,0.397562023406472,0.0916368680452419,0.574429998781007,82.2874062850344,25.2153036828684,18,0.000656934306569343
1119,1092,1956,12,0.818159887879649,0.885875830484609,0.390287867281586,0.787945935423211,0.34434440102696,0.366353475342311,0.33,2.69105747344457,1.47170666888728,0.34434440102696,2.97604380561259,0.397929307612985,0.0919018949756502,0.444796360026367,74.1542343975737,78.7042834227387,22,0.000802919708029197
16540,1093,1998,166,0.82822780840457,0.911496621377916,0.952853986760601,0.809256577432576,0.805046922932889,0.884372379226089,0.812,,8.34545936656406,0.805046922932889,44.9774127310062,0.413366313125648,0.103041013165767,0.794583893661819,76.2461515979421,94.1374706622266,11,0.0004014598540145985
20078,1094,2006,201,0.380017273728873,0.859313225956738,0.941579793347046,0.376554610837582,0.370876259620922,0.837107115413488,0.364,5.04697562916104,4.05850805727704,0.370876259620922,52.9774127310062,0.416306599293956,0.105162680811391,0.773095742838757,26.265830399248,67.2373615902466,9,0.0003284671532846715
16862,1095,1998,169,0.244384080932767,0.967649050903344,0.921709026908502,0.244345721001416,0.236698344041856,0.900871119355838,0.229,10.4313217748754,2.8326511001508,0.236698344041856,44.9774127310062,0.413366313125648,0.103041013165767,0.721083810522783,17.3209033784564,173.856414001599,1,3.649635036496351e-05
15216,1096,1995,153,0.865745295982971,0.773487035817324,0.684886059025303,0.729806971216238,0.618386378095874,0.565038544029448,0.55,5.11332371521508,2.95181066858199,0.618386378095874,41.9767282683094,0.412263454248008,0.102245206273363,0.53903869170964,85.226379225873,44.9252318639463,20,0.00072992700729927
5151,1097,1966,52,0.884336076657215,0.889813899517853,0.412662475369871,0.837831702915513,0.387763028866545,0.387832055934266,0.38,4.29052554271426,2.20350523645668,0.387763028866545,12.9774127310062,0.401605168452419,0.0945543425832701,0.453587979153399,90.6090630409247,80.7355852757499,17,0.0006204379562043796
15889,1098,1996,159,0.993037675899878,0.913113452979908,0.893805828643963,0.91099409607951,0.890559386213516,0.83822199135866,0.852,,53.8230271518498,0.890559386213516,42.9760438056126,0.412630738454522,0.102510233203772,0.67693736487353,188.357482107278,95.3237273462033,2,7.299270072992701e-05
24654,1099,2017,247,0.16689702892216,0.844492882977451,0.601303955772892,0.166028998815171,0.119437483967591,0.527932325271148,0.118,2.41823522364768,0.569416904035397,0.119437483967591,63.9780971937029,0.420349744339903,0.10808015534942,0.525510236189319,12.4892656536665,62.1219501388336,5,0.0001824817518248175
7250,1100,1972,73,0.0645669361028931,0.524495688974145,0.689645668724552,0.0604302375475672,0.0519283098631121,0.419047680278619,0.051,0.991581798311065,0.671781826141955,0.0519283098631121,18.9760438056126,0.4038098799496,0.0961452302668987,0.52470734613323,5.89995604816644,19.2034397580432,28,0.0010218978102189782
10685,1101,1980,107,0.986248520704006,0.966330805641743,0.743845931719989,0.96130049073461,0.737726989686623,0.727536750721123,0.692,5.24397968446117,26.2036061034761,0.737726989686623,26.9760438056126,0.406750166117907,0.098266897912523,0.552318838484104,165.113332124718,170.05861598499,2,7.299270072992701e-05
25105,1102,2018,252,0.954894958630802,0.923131115875579,0.147638189140707,0.905996678262605,0.14467640296947,0.142025322104168,0.152,13.3030558538889,4.74571788677771,0.14467640296947,64.9774127310062,0.420717028546417,0.108345182279828,0.438193879630203,123.995167634354,103.444608326499,10,0.000364963503649635
8893,1103,1976,89,0.84271069764576,0.378080065447474,0.995608826400712,0.356485244964074,0.841075992223056,0.377477996690249,0.371,,72.5566149099922,0.841075992223056,22.9760438056126,0.405280023033753,0.0972060640897108,1.15288021174891,79.4685599802702,12.1364344533682,2,7.299270072992701e-05
23138,1104,2013,232,0.551468932384752,0.759627224420774,0.799900631653145,0.517211489929836,0.476237811489208,0.640163056565972,0.464,3.41206272695362,1.60168821203312,0.476237811489208,59.9780971937029,0.41887960125575,0.107019321526608,0.609082366293004,39.7166015552121,42.4847386508307,14,0.0005109489051094891
743,1105,1955,8,0.781301455748917,0.734867200719916,0.819456700934097,0.658353276508509,0.672122228308356,0.629405667529665,0.607,11.5902958309236,2.80253067748139,0.672122228308356,1.97672826830938,0.397562023406472,0.0916368680452419,0.571960718121888,67.326952052135,38.6108367004923,15,0.0005474452554744526
11083,1106,1981,111,0.712835837697048,0.942227545194092,0.9168033124879,0.709864013517231,0.678601115116924,0.878965882370177,0.666,6.7649122183264,4.08480338315394,0.678601115116924,27.9780971937029,0.407118456582521,0.0985326509441104,0.69323765522003,57.0894227333842,124.058303116563,7,0.00025547445255474455
13876,1107,1991,139,0.996095233796962,0.994468864589313,0.959563203854486,0.992803099723712,0.957705342617041,0.956575145192445,0.952,40.3528021894136,97.7084932431269,0.957705342617041,37.9767282683094,0.410793311163855,0.101184372450551,0.807880303366621,207.97653273109,408.976962043921,1,3.649635036496351e-05
4010,1108,1963,41,0.997420070688824,0.915042578126647,0.958023175597191,0.914266144668569,0.956988117345676,0.88740016466838,0.885,63.1193134890703,129.460642523679,0.956988117345676,9.97672826830938,0.400502309574779,0.0937585356908662,0.763280930559001,221.974844462826,96.7809351840652,1,3.649635036496351e-05
7010,1109,1971,71,0.963218873288538,0.987907713338561,0.720638751983643,0.961419103053559,0.705685525287032,0.717582860185276,0.715,,9.16258549214176,0.705685525287032,17.9767282683094,0.403442595743086,0.0958802033364905,0.53571279482628,131.120350267055,287.196700217754,2,7.299270072992701e-05
2046,1110,1958,21,0.339428533155642,0.392861246429409,0.722670130664483,0.227088435363007,0.272440211981377,0.311226467229314,0.203,1.30894160510227,0.9508344963149,0.272440211981377,4.97741273100616,0.398664882284112,0.0924326749376458,0.526967281897254,23.4844763631703,12.7292464856146,46,0.001678832116788321
24794,1111,2018,248,0.517461868816521,0.0871986839330227,0.997977560851723,0.0689510013535173,0.517168051267155,0.0871182065924734,0.073,,115.699121268661,0.517168051267155,64.9774127310062,0.420717028546417,0.108345182279828,1.42453003046721,36.7632274551286,3.33255635018202,1,3.649635036496351e-05
958,1112,1955,10,0.491938802942934,0.722914160348125,0.674317499389872,0.45646179788796,0.36875815669368,0.518791535024721,0.378,2.60277625120875,0.98764527678638,0.36875815669368,1.97672826830938,0.397562023406472,0.0916368680452419,0.50771165319708,34.655463927509,36.9299483049932,33,0.0012043795620437956
9491,1113,1977,95,0.649167557375806,0.961647717504027,0.977780892513692,0.648427420345087,0.642890262575429,0.946342223395941,0.642,28.3136172191622,12.5456247630172,0.642890262575429,23.9780971937029,0.405648313498367,0.0974718171212983,0.877626913974892,49.4027542665141,158.067273721422,5,0.0001824817518248175
3553,1114,1962,36,0.312202700780975,0.403019236844421,0.956096901325509,0.218042534533687,0.305978101695604,0.395444729300425,0.265,,5.30806699260798,0.305978101695604,8.97741273100616,0.400135025368266,0.093493508760458,0.755734829570527,21.6759246144298,13.149498241664,15,0.0005474452554744526
19079,1115,2004,191,0.986863700425432,0.938966302060137,0.981864713132381,0.934654513311288,0.972243237963062,0.927871998571974,0.918,22.0384843700859,56.9018468465699,0.972243237963062,50.9760438056126,0.415571024622829,0.104631900849396,0.956414119685564,166.682343304935,119.905737055092,3,0.00010948905109489051
25426,1116,2020,255,0.78132668912319,0.986487807271902,0.992201171349734,0.78116664464761,0.778758340542642,0.980616078725655,0.805,,38.23740791173,0.778758340542642,66.9760438056126,0.421451596959443,0.108875236140644,1.14186312953068,67.3312454633646,272.352462171466,1,3.649635036496351e-05
18671,1117,2002,187,0.793420517422321,0.964284953426938,0.584897406166419,0.791673712471896,0.501069302764293,0.575580362917195,0.517,22.934461774821,1.6293095958944,0.501069302764293,48.9774127310062,0.414836456209802,0.104101846988579,0.511442442140437,69.4442016834036,164.553389692117,5,0.0001824817518248175
9320,1118,1977,94,0.445913561109741,0.156533872450454,0.641370082274079,0.114980895276776,0.321856922737812,0.119144781651611,0.11,0.989290515499084,0.852612030452891,0.321856922737812,23.9780971937029,0.405648313498367,0.0974718171212983,0.512107274754406,31.0551198006546,5.12833346498325,61,0.0022262773722627736
21035,1119,2008,211,0.945339062175748,0.898642341511836,0.670971088344231,0.878802990032378,0.647099699272006,0.625145292957644,0.593,4.6408568258909,6.4957106585342,0.647099699272006,54.9760438056126,0.417041167706983,0.105692734672208,0.542848522332841,117.254012524418,85.6939877164242,12,0.00043795620437956203
4796,1120,1965,48,0.980206055090073,0.889183084561419,0.99445138243027,0.88310719182705,0.977236554224119,0.887391587665219,0.886,,77.545928692239,0.977236554224119,11.9780971937029,0.401237884245906,0.0942893156528619,1.08430101392544,152.591107765243,80.4032263687028,2,7.299270072992701e-05
6454,1121,1969,65,0.77030488818664,0.728308300076207,0.567806577309966,0.647706838767749,0.488559147527111,0.45908701180457,0.432,2.0632758733707,1.32936577885892,0.488559147527111,15.9780971937029,0.40270802733006,0.095350149475674,0.48692133407979,65.4984459698227,37.6746810199354,34,0.0012408759124087592
13626,1122,1990,137,0.479798417305225,0.926728251686496,0.114243417745456,0.478525211863708,0.0704349550684008,0.110995333418751,0.078,3.26875292962434,0.419821344171723,0.0704349550684008,36.9774127310062,0.410426026957341,0.100919345520143,0.422759691367605,33.6821526171406,106.736918900124,11,0.0004014598540145985
14655,1123,1993,147,0.649872576844154,0.405845202765941,0.99900936987251,0.343199689483738,0.649682573753061,0.405778370139936,0.357,,249.804204589725,0.649682573753061,39.9780971937029,0.411528885834981,0.101715152412547,1.51527598051199,49.4807861289803,13.2683539152161,1,3.649635036496351e-05
7534,1124,1972,76,0.955644265437881,0.96750380459896,0.992279145168141,0.943990570916316,0.951540647304433,0.963662659186701,0.93,14.5278497473498,55.290824647385,0.951540647304433,18.9760438056126,0.4038098799496,0.0961452302668987,1.04173401360928,124.581434282689,173.427601916192,3,0.00010948905109489051
22729,1125,2012,228,0.992641365755465,0.971042861471675,0.890241652494296,0.968509254810459,0.886928630141708,0.875455759486776,0.876,206.661801553537,49.4362794409683,0.886928630141708,58.9760438056126,0.418511310791136,0.10675356849502,0.689138004939863,186.473545754235,184.697711707219,3,0.00010948905109489051
14095,1126,1992,141,0.761230577405842,0.551710348061284,0.912212532013655,0.496589643419842,0.71982004354489,0.529683630248628,0.492,6.91088353047034,4.3124886060653,0.71982004354489,38.9760438056126,0.411160595370368,0.101449399380959,0.698398830816401,64.0498364017665,20.8978876407229,19,0.0006934306569343065
18380,1127,2002,184,0.631854405213276,0.395261632298388,0.945613145828247,0.330188244049064,0.614087878155047,0.385932402028035,0.373,,5.46144766484452,0.614087878155047,48.9774127310062,0.414836456209802,0.104101846988579,0.778594902561105,47.528616436507,12.8275846660014,16,0.0005839416058394161
14820,1128,1994,149,0.74161782404602,0.80860962372042,0.961948761949316,0.686537446109523,0.724722676714646,0.792202220715805,0.647,4.5160862493403,9.45354237006797,0.724722676714646,40.9774127310062,0.411896170041495,0.101980179342955,0.821303000401904,61.0853516462716,52.248099224226,8,0.00029197080291970805
6574,1129,1969,66,0.473434618840927,0.891163164596127,0.218877951381728,0.47022406513647,0.128831758860681,0.209600396919403,0.13,2.10127105039739,0.45817000765537,0.128831758860681,15.9780971937029,0.40270802733006,0.095350149475674,0.426619424820842,33.1790033529925,81.4557557322633,12,0.00043795620437956203
13507,1130,1989,136,0.996661410424206,0.997313418902358,0.998063451843336,0.995575377364745,0.995149568798443,0.995942152320867,0.998,,470.913408314966,0.995149568798443,35.9780971937029,0.410058742750828,0.100654318589735,1.35193439056377,213.27319998994,551.966167595425,1,3.649635036496351e-05
21280,1131,2009,213,0.992918801952294,0.985873411082123,0.982382446527481,0.983126349722916,0.977776007460671,0.971877686024134,0.968,55.4725986599905,80.8159507830601,0.977776007460671,55.9780971937029,0.417409458171596,0.105958487703795,0.970118138264114,187.781477544672,266.564471335204,1,3.649635036496351e-05
23946,1132,2015,240,0.770805462489167,0.953682897134482,0.338470171904191,0.768121388235597,0.288354068373718,0.329997098539948,0.267,3.53894462266151,1.11682906508963,0.288354068373718,61.9767282683094,0.419614169668776,0.107549375387424,0.465189955764012,65.5798942616503,141.723308026914,9,0.0003284671532846715
17812,1133,2001,179,0.171614170798604,0.986035434069579,0.954863987164572,0.171611428708989,0.167921122849588,0.944978338838472,0.17,100.135264503011,4.82590954938104,0.167921122849588,47.9780971937029,0.414469172003289,0.103836820058171,0.805209505920296,12.7824622383636,268.057481770629,1,3.649635036496351e-05
4986,1134,1965,50,0.872888741940132,0.822841212157023,0.81874720659107,0.776431520485653,0.744079320211588,0.708020754259041,0.671,4.64528226650949,3.81363733092704,0.744079320211588,11.9780971937029,0.401237884245906,0.0942893156528619,0.580229227363745,87.2048461342878,55.8102808853583,19,0.0006934306569343065
864,1135,1955,9,0.847208316090627,0.974847139010369,0.942505211802199,0.845939808463239,0.812775364146719,0.924517043498177,0.809,20.6792103066431,8.67233631347326,0.812775364146719,1.97672826830938,0.397562023406472,0.0916368680452419,0.710531067033327,80.5267354542874,199.135239348667,5,0.0001824817518248175
26484,1136,2022,265,0.344688506920689,0.324331086520492,0.818038160912693,0.196361585970853,0.305469977446281,0.290476098123612,0.212,2.14477425268855,1.40111645542178,0.305469977446281,68.9774127310062,0.42218717163057,0.10940601610264,0.629349143321012,23.8388242339601,10.1473888576562,35,0.0012773722627737226
22123,1137,2010,222,0.814440343915069,0.907025019554519,0.850114982575178,0.795515753917088,0.723064588431497,0.798419095789464,0.713,6.16920422769731,3.41826222659965,0.723064588431497,56.9774127310062,0.417776742378109,0.106223514634204,0.644561067116447,73.4089448071785,91.0116192318502,13,0.00047445255474452553
23013,1138,2013,231,0.997690197912093,0.910906050495926,0.845510548679158,0.910214725380263,0.844813567326249,0.789110394073411,0.785,39.7464992701082,124.006342217703,0.844813567326249,59.9780971937029,0.41887960125575,0.107019321526608,0.643290949750244,225.702865877648,93.7118486500731,1,3.649635036496351e-05
21847,1139,2010,219,0.909149879540653,0.993348505552333,0.98145518428646,0.909024063240059,0.898648737927245,0.9772975350535,0.91,,24.8642594802189,0.898648737927245,56.9774127310062,0.417776742378109,0.106223514634204,0.962987869469416,99.2634034677766,377.382447417118,1,3.649635036496351e-05
14303,1140,1993,144,0.99752383348247,0.979478239014453,0.91521911136806,0.978660217577001,0.914485599354811,0.90587846670617,0.89,11.902565758812,114.767442145706,0.914485599354811,39.9780971937029,0.411528885834981,0.101715152412547,0.704295749819063,223.358899759506,221.351290444048,1,3.649635036496351e-05
22788,1141,2012,228,0.989789781117863,0.987122391945453,0.996415606234223,0.982636182611274,0.987374500435842,0.985063063652809,0.983,,171.069850110108,0.987374500435842,58.9760438056126,0.418511310791136,0.10675356849502,1.28201965433781,175.30489088808,278.714487268172,1,3.649635036496351e-05
7471,1142,1972,75,0.564573895016764,0.687569846819244,0.190844891127199,0.497702217034354,0.127658513007336,0.158384792150618,0.104,0.844748385786009,0.537288165573494,0.127658513007336,18.9760438056126,0.4038098799496,0.0961452302668987,0.424434678322956,40.9042891492758,32.5414917887961,38,0.001386861313868613
25536,1143,2020,256,0.995680898174407,0.993022805011123,0.998376291710883,0.991248720404486,0.994523019134997,0.991970083589019,0.984,30.0217887691309,429.341867488507,0.994523019134997,66.9760438056126,0.421451596959443,0.108875236140644,1.48172791090956,204.562820882485,369.496592501197,1,3.649635036496351e-05
13766,1144,1991,138,0.782580049308521,0.56411300086252,0.72739449585788,0.513832944943687,0.603047942712034,0.458818207357543,0.406,2.09179750903056,2.14884172356491,0.603047942712034,37.9767282683094,0.410793311163855,0.101184372450551,0.553277990767872,67.5450858924747,21.7238688599772,15,0.0005474452554744526
1352,1145,1957,14,0.129161881114093,0.913200660587123,0.835210107034072,0.129029839653659,0.117413412674106,0.784366471725863,0.116,5.37099109664763,1.30683571862663,0.117413412674106,3.97809719370294,0.398297598077599,0.0921676480072376,0.58412815148815,10.1296345307917,95.3886041467894,4,0.00014598540145985403
1577,1146,1957,16,0.675160810965403,0.986160398860986,0.902758642099798,0.67508219343109,0.630288242189703,0.894993286091804,0.652,,3.81906863503222,0.630288242189703,3.97809719370294,0.398297598077599,0.0921676480072376,0.646659577406265,52.3763301719575,269.225025709002,1,3.649635036496351e-05
10975,1147,1981,110,0.0225432417086891,0.0815563910742952,0.0027420378755778,0.0096296929622539,0.0001634367282113,0.0004814676566653,0.0,0.221377806909338,0.205153842594987,0.0001634367282113,27.9780971937029,0.407118456582521,0.0985326509441104,0.407389053155264,2.70324827192855,3.18594519433919,96,0.0035036496350364962
20079,1148,2006,201,0.977589021521097,0.998766811234115,0.996996372705325,0.977571160152185,0.97616391427726,0.99645433735617,0.972,41.3461792942583,126.700956312741,0.97616391427726,52.9774127310062,0.416306599293956,0.105162680811391,1.30423602417132,148.306436888881,745.525415764208,1,3.649635036496351e-05
23465,1149,2014,235,0.817935218429485,0.897047468250588,0.924640043172985,0.793683884096415,0.774700476157422,0.843648820656065,0.743,6.80030372922342,6.2256393543423,0.774700476157422,60.9774127310062,0.419246885462263,0.107284348457016,0.74523087872607,74.1088110758552,84.7532740979686,8,0.00029197080291970805
23411,1150,2014,235,0.431379331696591,0.231409021739797,0.697559032822028,0.164557944820233,0.33481703926807,0.181476109058993,0.163,1.26981138381144,0.97144592679837,0.33481703926807,60.9774127310062,0.419246885462263,0.107284348457016,0.557351285477431,29.9651780714274,7.19603612061947,44,0.001605839416058394
14643,1151,1993,147,0.823675859595038,0.919668222339856,0.986382451141253,0.808911399003048,0.817660710996097,0.913043888989335,0.757,3.78147134878456,26.3074809488022,0.817660710996097,39.9780971937029,0.411528885834981,0.101715152412547,0.98560672620111,75.2863845669148,100.475193918618,3,0.00010948905109489051
6074,1152,1968,61,0.2383740493665,0.661824233154753,0.520996976643801,0.225698324353439,0.16221728744266,0.392002689115502,0.149,0.953638657604932,0.496467310603505,0.16221728744266,14.9760438056126,0.402339736865446,0.0950843964440866,0.475556912917171,16.9427207437405,29.793103986218,29,0.0010583941605839416
10323,1153,1979,104,0.744292692055299,0.960311729641182,0.960641457699239,0.742768216120363,0.724186297813886,0.928672681039038,0.743,,10.3884511683299,0.724186297813886,25.9767282683094,0.406382881911394,0.0980018709821147,0.79490071635686,61.4771815336484,155.012192051568,4,0.00014598540145985403
7276,1154,1972,73,0.891968752662129,0.978071648094494,0.975094155874103,0.890391691219988,0.877756633868813,0.960696400934311,0.869,13.5960365013561,18.7025562916473,0.877756633868813,18.9760438056126,0.4038098799496,0.0961452302668987,0.852042755902343,93.0635940802256,213.932904701673,3,0.00010948905109489051
25999,1155,2021,260,0.355800760810261,0.248330021653855,0.262654688442126,0.158423630741975,0.120648278603581,0.0873263145085105,0.082,0.478912577712845,0.398253396525771,0.120648278603581,67.9780971937029,0.421819887424057,0.109140989172232,0.45569933144614,24.5931309014901,7.69611055945343,70,0.0025547445255474453
18316,1156,2002,184,0.898064529638653,0.906480741521463,0.166315216338262,0.859322799366892,0.158672572331111,0.159627619077478,0.135,2.78697078372141,2.12105212806679,0.158672572331111,48.9774127310062,0.414836456209802,0.104101846988579,0.433983732175978,95.1468224621289,90.6457978525791,16,0.0005839416058394161
8229,1157,1974,83,0.428196910581595,0.127447148728844,0.572994958842173,0.0924800360270312,0.279478916553775,0.0867153678356683,0.09,0.833210774055836,0.718682389506135,0.279478916553775,20.9774127310062,0.404545454620727,0.0966760102288944,0.491223813058445,29.7292527426479,4.36986456158702,53,0.0019343065693430658
25896,1158,2020,259,0.216120788168147,0.168593122475974,0.828542521921918,0.0838351447980538,0.194964627357652,0.15466765720127,0.094,1.58464797113751,1.33066032710766,0.194964627357652,66.9760438056126,0.421451596959443,0.108875236140644,0.635603237229363,15.549708633305,5.44834137234994,41,0.0014963503649635037
16331,1159,1997,164,0.428921331139584,0.113112050400561,0.662229664390907,0.0823911130722536,0.326673404474619,0.0923410411191306,0.102,1.0248919991701,0.849176097071276,0.326673404474619,43.9780971937029,0.412999028919135,0.102775986235359,0.532254223078408,29.7828729143262,4.00042864638943,47,0.0017153284671532847
24435,1160,2016,245,0.265225965192804,0.498324783856045,0.730146137764677,0.220002109074737,0.218507499688392,0.390413057252726,0.161,1.14793574702708,0.896316778647134,0.218507499688392,62.9760438056126,0.41998145387529,0.107814402317832,0.573084374428924,18.6406124685379,17.7097161876261,30,0.0010948905109489052
19332,1161,2004,194,0.888169022215428,0.934017502045888,0.877434990368783,0.870417460331628,0.801617859091409,0.832756310698913,0.785,9.91565963421558,5.55341957044306,0.801617859091409,50.9760438056126,0.415571024622829,0.104631900849396,0.665810308870628,91.8215395651194,114.16687566536,4,0.00014598540145985403
24907,1162,2018,250,0.412572136999774,0.204513731965064,0.85969078191556,0.143191382778053,0.377147543219375,0.185001057348757,0.138,2.20839929974484,1.90685719024208,0.377147543219375,64.9774127310062,0.420717028546417,0.108345182279828,0.661078868031945,28.584441516789,6.42878031035739,26,0.0009489051094890511
14393,1163,1993,144,0.347481096156464,0.450504691081489,0.87512410688214,0.255966363085476,0.326363004780616,0.424226235020734,0.269,3.10338739114366,1.92756589521131,0.326363004780616,39.9780971937029,0.411528885834981,0.101715152412547,0.652342286593607,24.0276471135718,15.2693040881697,25,0.0009124087591240876
26373,1164,2022,264,0.0264962762702488,0.156557652098181,0.786737443413585,0.0163408445980005,0.0237959940893414,0.136606824472778,0.014,1.03652565394046,0.949837764455536,0.0237959940893414,68.9774127310062,0.42218717163057,0.10940601610264,0.608186592530949,3.04157975342633,5.12896073812861,40,0.00145985401459854
21415,1165,2009,215,0.897550362611345,0.840832733823511,0.89894821215421,0.80403368665285,0.826420357087363,0.779221164316514,0.745,7.31424573281987,6.68409380995414,0.826420357087363,55.9780971937029,0.417409458171596,0.105958487703795,0.697537517925493,94.9665347731584,60.9671786838707,10,0.000364963503649635
9112,1166,1977,92,0.510163875765388,0.856120457059984,0.909291523741558,0.502301302617772,0.484833632627857,0.800750434083713,0.462,3.97539131306051,3.05912213366366,0.484833632627857,23.9780971937029,0.405648313498367,0.0974718171212983,0.677343331512885,36.1516205052323,66.0707046603985,10,0.000364963503649635
1022,1167,1956,11,0.894830100736148,0.750501016337281,0.926576276542619,0.71993572865843,0.847135979807942,0.714729480774626,0.674,5.57199361387634,7.77314767195568,0.847135979807942,2.97604380561259,0.397929307612985,0.0919018949756502,0.680455554330248,94.0269697998558,40.9898213495983,11,0.0004014598540145985
20532,1168,2007,206,0.954531284537592,0.850011213340608,0.86752752144821,0.835938704572487,0.841153733753355,0.770652102403344,0.757,10.7097791523737,10.4739856801055,0.841153733753355,53.9767282683094,0.416673883500469,0.1054277077418,0.658285679248897,123.714047913378,63.9402268212278,3,0.00010948905109489051
15298,1169,1995,153,0.846621526110925,0.497603891115869,0.549865486798808,0.46928262538682,0.491364559925793,0.313145526193801,0.314,3.04405628503309,2.10798029976623,0.491364559925793,41.9767282683094,0.412263454248008,0.102245206273363,0.497972205759972,80.3870121612288,17.6702808338725,21,0.0007664233576642335
905,1170,1955,10,0.950633533042585,0.991333328418814,0.138135377084836,0.950069451631226,0.135181894666715,0.13767818452419,0.145,,4.30913896154812,0.135181894666715,1.97672826830938,0.397562023406472,0.0916368680452419,0.411308468936696,120.831892182862,335.236547437298,1,3.649635036496351e-05
1608,1171,1958,17,0.991082012015333,0.387186017309638,0.387997441226617,0.386051967364609,0.386738191024368,0.181336583627231,0.195,,26.1139636428232,0.386738191024368,4.97741273100616,0.398664882284112,0.0924326749376458,0.445434609794055,179.924407524695,12.4990756869976,6,0.00021897810218978101
6672,1172,1970,67,0.788482527079224,0.959804429732182,0.33447105018422,0.786268065173861,0.301539328784311,0.331074037948761,0.311,7.96069806191075,1.11991017366596,0.301539328784311,16.9774127310062,0.403075311536573,0.0956151764060822,0.442988010194709,68.5678555939334,153.889173990699,8,0.00029197080291970805
16378,1173,1997,164,0.588697091383907,0.862039260153666,0.469181014224887,0.577618914296731,0.322439685264887,0.435813291064902,0.316,2.00090991650455,0.755967666431317,0.322439685264887,43.9780971937029,0.412999028919135,0.102775986235359,0.480664912352142,43.1715172046775,68.2644055477226,20,0.00072992700729927
23327,1174,2014,234,0.914236931683007,0.86192550712692,0.137344458373263,0.830774147842474,0.132111526118014,0.127562692264726,0.107,2.85953387510109,2.48354230826902,0.132111526118014,60.9774127310062,0.419246885462263,0.107284348457016,0.435240410417996,101.317696973797,68.2209597701563,17,0.0006204379562043796
17781,1175,2000,178,0.984720878955684,0.870618968250286,0.997061714297161,0.86612544137025,0.982920446899111,0.869271952979339,0.873,,175.769529461222,0.982920446899111,46.9760438056126,0.414100881538675,0.103571067026584,1.29321670574438,161.498328060594,71.6993183477116,1,3.649635036496351e-05
26766,1176,2023,268,0.646552306483155,0.958472907589202,0.981393406866118,0.645672669378334,0.640566131706541,0.947106564438839,0.633,14.3608579001283,15.8473351943065,0.640566131706541,69.9767282683094,0.422554455837084,0.109671043033048,0.984868183448081,49.1145022304518,151.032715914049,3,0.00010948905109489051
7264,1177,1972,73,0.914778367536711,0.491345536522591,0.86618161550723,0.476788164046058,0.810291144941903,0.460696212798707,0.434,4.82276318526185,6.81868657967823,0.810291144941903,18.9760438056126,0.4038098799496,0.0961452302668987,0.622906539991386,101.543242201628,17.3315650518416,8,0.00029197080291970805
5708,1178,1967,58,0.526185037630361,0.546179927538587,0.898283079033718,0.398430592982235,0.495076668648973,0.508504692195347,0.39,4.83513289286596,2.83251807858612,0.495076668648973,13.9767282683094,0.401972452658933,0.0948193695136783,0.651829544754213,37.5041515693013,20.5408660023006,19,0.0006934306569343065
21010,1179,2008,211,0.773316816573763,0.973887290665689,0.988850925816223,0.772608930004996,0.768620038161994,0.966151485733376,0.768,60.1427636803677,30.9967191627612,0.768620038161994,54.9760438056126,0.417041167706983,0.105692734672208,1.0496650079784,65.9910280559168,195.222881489843,1,3.649635036496351e-05
4092,1180,1963,41,0.938159876196352,0.99490752642455,0.262688684044406,0.938041391225531,0.256121788305941,0.262287598394107,0.247,14.60419926225,3.61838826862331,0.256121788305941,9.97672826830938,0.400502309574779,0.0937585356908662,0.429611232943247,112.907939419984,423.748136932863,1,3.649635036496351e-05
8468,1181,1975,85,0.324614003961665,0.541046843559037,0.0962085558567196,0.273335039235123,0.0422740984472364,0.0646832150938502,0.038,0.52573063827005,0.321827186141131,0.0422740984472364,21.9767282683094,0.40491273882724,0.0969410371593026,0.414779581148189,22.4952726031509,20.2154606779807,43,0.0015693430656934307
21074,1182,2008,211,0.998714049834743,0.963708107483695,0.863495649769902,0.9633001915115,0.863020190523049,0.842826183151818,0.829,14.0560404936351,246.764023456263,0.863020190523049,54.9760438056126,0.417041167706983,0.105692734672208,0.655215051597312,245.395398193816,163.079256965199,1,3.649635036496351e-05
6137,1183,1969,62,0.229208030702697,0.888945970928899,0.742994841421023,0.228542260147451,0.194232050532996,0.688583746009854,0.196,3.68940972537889,0.90078250720422,0.194232050532996,15.9780971937029,0.40270802733006,0.095350149475674,0.543582715290566,16.3676774318462,80.2790012095384,8,0.00029197080291970805
21794,1184,2010,218,0.248081612080932,0.760502576063207,0.603246332146227,0.242632145252997,0.180820652938449,0.498826583111265,0.195,1.73236875830776,0.606993704905457,0.180820652938449,56.9774127310062,0.417776742378109,0.106223514634204,0.521711118625328,17.5540611848581,42.6325960369917,12,0.00043795620437956203
16674,1185,1998,167,0.969593809968331,0.909231674921752,0.838442232692614,0.899057552014633,0.825038618459862,0.78461144473787,0.753,5.20292748765378,11.7629235925973,0.825038618459862,44.9774127310062,0.413366313125648,0.103041013165767,0.623665004282287,137.741403832423,92.5266985807329,6,0.00021897810218978101
19949,1186,2005,200,0.988042180913556,0.904580157923371,0.440870241262019,0.900919851065574,0.43891627976404,0.42667888443215,0.418,13.3134207491884,19.9922877981198,0.43891627976404,51.9780971937029,0.415939315087442,0.104897653880983,0.479133366379865,169.901780515293,89.3918674440179,6,0.00021897810218978101
20536,1187,2007,206,0.896677494336968,0.527511337968576,0.996300569502637,0.508143408742183,0.895226635328839,0.527176986302975,0.542,,88.9453597350848,0.895226635328839,53.9767282683094,0.416673883500469,0.1054277077418,1.26286127322139,94.6624586421415,19.383740436453,3,0.00010948905109489051
598,1188,1954,6,0.816355107002112,0.534061215615546,0.472984257386997,0.496010318210267,0.415842947183324,0.292119139892593,0.293,2.28383957234,1.58098289062171,0.415842947183324,0.97741273100616,0.397194739199959,0.0913718411148337,0.458062315680143,73.7908314953036,19.7815470716941,26,0.0009489051094890511
5521,1189,1966,56,0.0606680346465399,0.114016483395263,0.999357118271291,0.0258741580483068,0.0606632149623458,0.113998717993105,0.016,19.0576838811764,313.449141379564,0.0606632149623458,12.9774127310062,0.401605168452419,0.0945543425832701,1.52506509055377,5.62775245707723,4.02369833822836,1,3.649635036496351e-05
15244,1190,1995,153,0.383951569107235,0.863274380234093,0.998046037508175,0.380646909214674,0.383729566889561,0.862649422950703,0.393,,115.476089714605,0.383729566889561,41.9767282683094,0.412263454248008,0.102245206273363,1.36706919386715,26.5415784738658,68.7395140299652,1,3.649635036496351e-05
310,1191,1953,4,0.432677795196671,0.9836891508789,0.145785794593394,0.432650848400366,0.0753074137490871,0.144481890608034,0.076,13.9983363509674,0.402540980395673,0.0753074137490871,-0.0219028062970568,0.396827454993445,0.0911068141844255,0.411321995117306,30.0617141721685,248.450460258396,4,0.00014598540145985403
19580,1192,2005,196,0.929399623867491,0.989439232917511,0.940399323357269,0.928861972172492,0.885497928306947,0.934663707164274,0.903,,12.7396802985473,0.885497928306947,51.9780971937029,0.415939315087442,0.104897653880983,0.768867921584802,108.226064886623,306.080786218022,1,3.649635036496351e-05
7639,1193,1973,77,0.663559694888766,0.923909483240869,0.616358313011006,0.659408940489863,0.441897188753679,0.592430059123425,0.454,5.56968131534917,1.23472657995712,0.441897188753679,19.9780971937029,0.404178170414213,0.0964109832984861,0.502144778038151,51.0239593468265,104.138272702378,11,0.0004014598540145985
12746,1194,1987,128,0.98837679902203,0.983950347532139,0.942539384588599,0.978998532435085,0.936490981123908,0.933137758623956,0.929,42.0102665345594,35.8757424863623,0.936490981123908,33.9767282683094,0.409323168079701,0.100123538627739,0.751361164061502,170.873159778212,250.439351079071,1,3.649635036496351e-05
15741,1195,1996,158,0.0123315224638659,0.199089525166859,0.680163950659335,0.0092440317322935,0.0101611808625222,0.161350795511514,0.012,0.721576185520177,0.629592666527673,0.0101611808625222,42.9760438056126,0.412630738454522,0.102510233203772,0.53798132190449,1.74725621722761,6.27774287869348,45,0.0016423357664233577
11560,1196,1983,116,0.955518360458286,0.987310023830982,0.937686512246728,0.953954582922146,0.905603120782845,0.9306913630538,0.893,11.9515934962563,16.1313113549984,0.905603120782845,29.9767282683094,0.407853024995547,0.0990627048049269,0.7349518126724,124.482251152271,280.676779181053,1,3.649635036496351e-05
13685,1197,1990,137,0.711446545140386,0.876966218013649,0.117901511490345,0.693983321333369,0.0969854047921581,0.111430018809212,0.105,2.19576399096838,0.747279859757721,0.0969854047921581,36.9774127310062,0.410426026957341,0.100919345520143,0.423183660924501,56.905940578129,74.4606222335979,24,0.0008759124087591241
8509,1198,1975,86,0.767011550873357,0.252795655429369,0.517447137506679,0.230637892293517,0.43277070487479,0.155893214056815,0.143,1.43835773291757,1.3485083995677,0.43277070487479,21.9767282683094,0.40491273882724,0.0969410371593026,0.478777073463317,64.9666622952432,7.83053517575621,21,0.0007664233576642335
19938,1199,2005,200,0.960835111241381,0.986890345809385,0.97432103427127,0.958846198773013,0.942519170113869,0.967454920762936,0.936,18.5635552026519,27.1627504771524,0.942519170113869,51.9780971937029,0.415939315087442,0.104897653880983,0.899959531533744,128.930445584781,276.340171284732,1,3.649635036496351e-05
25911,1200,2021,260,0.99258084090866,0.781062755799573,0.971766452072188,0.779153346648671,0.967244550226093,0.768934144378981,0.77,,69.0308050237064,0.967244550226093,67.9780971937029,0.421819887424057,0.109140989172232,0.909349186332665,186.1947000953,46.3556698972547,3,0.00010948905109489051
5564,1201,1966,56,0.782274239058731,0.838940920085082,0.603021152084693,0.733654896385488,0.511455037526765,0.531446690463767,0.493,3.37152636909811,1.58529296596388,0.511455037526765,12.9774127310062,0.401605168452419,0.0945543425832701,0.49406180935544,67.4928046401357,60.3854433592069,18,0.000656934306569343
26611,1202,2023,267,0.376860386997472,0.86955264216473,0.457955319201574,0.374046220140296,0.202623521924868,0.425902503657561,0.217,2.46293597357687,0.543762235191565,0.202623521924868,69.9767282683094,0.422554455837084,0.109671043033048,0.492284046255443,26.0454057668526,71.2546422408207,12,0.00043795620437956203
12189,1203,1985,122,0.93398891163687,0.997354812836217,0.977310408605263,0.93396562610452,0.920054595490167,0.975783485752934,0.919,93.0416793962543,22.8433709202821,0.920054595490167,31.9780971937029,0.408588599666674,0.0995934847669225,0.887528307422307,110.603475741212,555.403901747295,1,3.649635036496351e-05
16365,1204,1997,164,0.990010314508866,0.971227241573272,0.997160473605618,0.967651355247631,0.988347894809482,0.970085815903756,0.968,,169.90813224486,0.988347894809482,43.9780971937029,0.412999028919135,0.102775986235359,1.29252475742163,176.050820581223,185.336340947466,1,3.649635036496351e-05
24050,1205,2016,241,0.911681924002572,0.880690294021334,0.998746066354215,0.846168397437394,0.911294997526383,0.880231578465167,0.821,7.81962042086775,230.678599916507,0.911294997526383,62.9760438056126,0.41998145387529,0.107814402317832,1.53177928849434,100.271610767263,76.178663400981,1,3.649635036496351e-05
24894,1206,2018,249,0.994609415515788,0.66287873450113,0.612046509282663,0.661705884734101,0.610869847967275,0.429157851363601,0.423,21.7416714562525,47.4617101421581,0.610869847967275,64.9774127310062,0.420717028546417,0.108345182279828,0.529450655783608,197.050648455683,29.8993519318433,2,7.299270072992701e-05
26142,1207,2022,262,0.993959222255381,0.905546868905681,0.925277677364647,0.903731779178107,0.922678909747379,0.853236141945575,0.849,34.1118664989992,58.1055815062041,0.922678909747379,68.9774127310062,0.42218717163057,0.10940601610264,0.755891945168459,193.184187266531,90.025157670939,3,0.00010948905109489051
27381,1208,2024,274,0.124569767311233,0.143065610065979,0.657882658066228,0.0512512773268976,0.0942092848506507,0.107197846392228,0.045,0.708867000436143,0.641525579703242,0.0942092848506507,70.9760438056126,0.422921740043597,0.109936069963456,0.548881974384692,9.83949125161279,4.77514780634428,49,0.0017883211678832117
23464,1209,2014,235,0.714656029674552,0.450682161649038,0.804099231259897,0.396707031728377,0.606937363002899,0.38811058823263,0.383,5.08678560075698,2.26803393555707,0.606937363002899,60.9774127310062,0.419246885462263,0.107284348457016,0.612691404702705,57.3310392373661,15.277750943158,25,0.0009124087591240876
17013,1210,1999,171,0.957230713404304,0.925566577691355,0.966693875845522,0.909370378789064,0.933817325688754,0.90137894298028,0.882,15.2958049794993,20.2168531664297,0.933817325688754,45.9767282683094,0.413733597332162,0.103306040096175,0.84911249629141,125.855324762882,105.649091410187,6,0.00021897810218978101
17304,1211,1999,174,0.936288829525541,0.989792806532272,0.804279525531456,0.935713269279012,0.770384713494403,0.799483183973731,0.743,6.20732364939126,6.70772725045755,0.770384713494403,45.9767282683094,0.413733597332162,0.103306040096175,0.600120824742925,111.856050033596,310.967086619253,2,7.299270072992701e-05
63,1212,1953,1,0.987709401429858,0.683836119708588,0.742569366237149,0.681060740289369,0.73831313153882,0.545912494485889,0.557,,24.8930722072036,0.73831313153882,-0.0219028062970568,0.396827454993445,0.0911068141844255,0.531255060413532,168.962001528277,32.1218720713214,4,0.00014598540145985403
5336,1213,1966,54,0.943255029414897,0.985444388804291,0.610803863033652,0.9417167885085,0.594412293087641,0.606838147156304,0.569,5.80316575755834,4.95621178965153,0.594412293087641,12.9774127310062,0.401605168452419,0.0945543425832701,0.496159264068054,115.937672338758,262.720024038584,3,0.00010948905109489051
23913,1214,2015,240,0.598068442592563,0.366168301892411,0.320475812768564,0.298924713814639,0.224884144910691,0.141701030104232,0.128,0.791147591444625,0.652869596232068,0.224884144910691,61.9767282683094,0.419614169668776,0.107549375387424,0.462159660346966,44.0828943083817,11.6739763969267,39,0.0014233576642335767
21600,1215,2009,217,0.452135887757507,0.983870919925426,0.979835817357525,0.452106411943119,0.448418198552014,0.968090990094616,0.434,10.6536121285028,12.1606469346395,0.448418198552014,55.9780971937029,0.417409458171596,0.105958487703795,0.946921664643321,31.5282237159113,249.829947081872,1,3.649635036496351e-05
4383,1216,1964,44,0.594230914690427,0.539707899373402,0.892379299271852,0.426318224897715,0.554617450750535,0.501460027288677,0.435,9.48875102816171,2.94086349402359,0.554617450750535,10.9760438056126,0.400869593781293,0.0940235626212744,0.641647673703867,43.7075118972038,20.1315037185712,22,0.000802919708029197
14490,1217,1993,145,0.137801727928551,0.366823206215883,0.602997950743884,0.106382160953429,0.0984539805343929,0.263199758923309,0.079,0.710699182226654,0.559199201460166,0.0984539805343929,39.9780971937029,0.411528885834981,0.101715152412547,0.510980821021335,10.6732478491739,11.6990615547235,42,0.001532846715328467
7531,1218,1972,76,0.782369911132392,0.629284553492082,0.70034244377166,0.570748463761825,0.586394836729795,0.493600583120457,0.462,2.60596589555824,1.92896617131655,0.586394836729795,18.9760438056126,0.4038098799496,0.0961452302668987,0.528603959969194,67.5091533504712,26.7450012074005,20,0.00072992700729927
18224,1219,2001,183,0.786248157016787,0.455893334267205,0.125918935285881,0.41791720849238,0.110608887807882,0.0752200195902105,0.071,1.21443460464043,1.00785219913385,0.110608887807882,47.9780971937029,0.414469172003289,0.103836820058171,0.428558829345668,68.1775900093031,15.5276697035643,36,0.001313868613138686
26426,1220,2022,265,0.284523819647762,0.137979004271281,0.300148328533396,0.0817957785710028,0.11083120377272,0.0594165358552267,0.046,0.413742570574396,0.380113195571897,0.11083120377272,68.9774127310062,0.42218717163057,0.10940601610264,0.462093121463259,19.8760881744408,4.64272365898321,100,0.0036496350364963502
24345,1221,2016,244,0.683726946363653,0.944302862024337,0.17747634393163,0.681483128130033,0.140240979658098,0.171469911883567,0.137,3.94571739644914,0.716749054425952,0.140240979658098,62.9760438056126,0.41998145387529,0.107814402317832,0.441298457937019,53.4029254703015,126.876140918942,12,0.00043795620437956203
7312,1222,1972,74,0.912083453563736,0.988518225743071,0.588981157401577,0.911609349792248,0.56018023341231,0.587104573329211,0.534,5.66390610685198,3.38320044213895,0.56018023341231,18.9760438056126,0.4038098799496,0.0961452302668987,0.49409071314971,100.434053416259,294.318628247863,4,0.00014598540145985403
19080,1223,2004,191,0.112387650962929,0.103678097770732,0.450049572391436,0.0367603206386257,0.0660832058404191,0.060665477375765,0.022,0.420703949727727,0.397104329141626,0.0660832058404191,50.9760438056126,0.415571024622829,0.104631900849396,0.480465857712255,9.064722225064,3.7577623768269,96,0.0035036496350364962
7080,1224,1971,71,0.865860148682113,0.354870971565532,0.739548488287255,0.337949833618373,0.667309412747001,0.298351612042345,0.288,3.61459393127225,3.23097727754594,0.667309412747001,17.9767282683094,0.403442595743086,0.0958802033364905,0.54359480131999,85.2573849126243,11.2472765001924,16,0.0005839416058394161
16046,1225,1996,161,0.998299486814442,0.623743494186642,0.841707468731329,0.623396234335444,0.841205011365121,0.571643928658588,0.588,,166.937129948199,0.841205011365121,42.9760438056126,0.412630738454522,0.102510233203772,0.624462343566171,236.009486664316,26.2665785591773,3,0.00010948905109489051
21285,1226,2009,213,0.837426546929117,0.97548861401123,0.485326301306486,0.83634715795448,0.436097902366657,0.480278485754207,0.459,,1.76452339745458,0.436097902366657,55.9780971937029,0.417409458171596,0.105958487703795,0.4907123859082,78.2614409081659,201.865505817369,4,0.00014598540145985403
19610,1227,2005,197,0.865279298017016,0.528645378003948,0.97797725116834,0.502512163738059,0.854642961593186,0.524647187370813,0.515,,17.564795023801,0.854642961593186,51.9780971937029,0.415939315087442,0.104897653880983,0.925356024959849,85.1008376942222,19.4520039963521,6,0.00021897810218978101
3885,1228,1963,39,0.624416450286409,0.965730460410079,0.817628394812346,0.623930603041201,0.554038213613952,0.803038207209631,0.557,12.3215543551291,1.78582002355665,0.554038213613952,9.97672826830938,0.400502309574779,0.0937585356908662,0.577776069646248,46.7471253194523,168.396266651956,2,7.299270072992701e-05
19511,1229,2005,196,0.868069595018929,0.461165068070163,0.422558824066073,0.439224115844219,0.387241270809549,0.233337297815752,0.253,3.63575565113381,2.07011796494965,0.387241270809549,51.9780971937029,0.415939315087442,0.104897653880983,0.475512301562156,85.8588400428595,15.7842739192104,27,0.0009854014598540146
20429,1230,2006,205,0.733926558214482,0.650174851709268,0.573426606832072,0.569048937455208,0.462849644708273,0.430412710488834,0.373,1.517643256623,1.28620275156774,0.462849644708273,52.9774127310062,0.416306599293956,0.105162680811391,0.510711960890297,59.9791168414621,28.6520951615583,40,0.00145985401459854
2469,1231,1960,25,0.78676974682571,0.545283994537964,0.138189915334806,0.498326057299005,0.12166471843389,0.0945360634193424,0.092,1.3133426605445,1.01675068139604,0.12166471843389,6.97604380561259,0.399399450697139,0.0929627287984623,0.413350778817849,68.2683511895993,20.4836606409051,24,0.0008759124087591241
2069,1232,1958,21,0.464546545640509,0.470181191493357,0.535535181639716,0.324582517951729,0.284986140742,0.284964990971142,0.235,1.05668741837782,0.701989827289332,0.284986140742,4.97741273100616,0.398664882284112,0.0924326749376458,0.472961882700244,32.4840534313569,16.2322329941588,49,0.0017883211678832117
22877,1233,2012,229,0.702969998352844,0.717713013169726,0.639942856272683,0.603585522372224,0.498501058876358,0.502425799431673,0.422,1.64087063667737,1.28544449087907,0.498501058876358,58.9760438056126,0.418511310791136,0.10675356849502,0.534627579356654,55.8035337253862,36.2323041282751,21,0.0007664233576642335
19543,1234,2005,196,0.209154851330878,0.360815602829598,0.892978408606723,0.14869375581227,0.196804569159959,0.339850671098299,0.191,6.36939971139544,2.11257245350071,0.196804569159959,51.9780971937029,0.415939315087442,0.104897653880983,0.685332409863307,15.1155225778711,11.4703971823371,26,0.0009489051094890511
15057,1235,1994,151,0.971774975779162,0.766491600601106,0.0567702257540077,0.759159594120804,0.0560510907674074,0.0484433622699815,0.041,7.2418519597734,7.27117012276244,0.0560510907674074,40.9774127310062,0.411896170041495,0.101980179342955,0.417877686905889,140.324277072486,43.6663697987703,8,0.00029197080291970805
3131,1236,1961,32,0.547644362872839,0.82415471688679,0.753874284215271,0.531809426660186,0.464251029204827,0.666810124576608,0.466,2.80909858454209,1.22901169022742,0.464251029204827,7.97809719370294,0.399767741161752,0.0932284818300497,0.542277890351695,39.3754376160891,56.1603104301346,22,0.000802919708029197
22598,1237,2011,226,0.604041047681594,0.789434952673831,0.95766340335831,0.571084300254147,0.591117158671994,0.770319801468294,0.546,5.6526146099363,6.79978200244965,0.591117158671994,57.9767282683094,0.418144026584623,0.106488541564612,0.828842621873773,44.6732981706268,48.0248307956927,6,0.00021897810218978101
2623,1238,1960,27,0.77587423261492,0.825497780648789,0.921542568132281,0.720801563735183,0.737635198271722,0.780626645356973,0.663,3.76301821080381,4.97284855464629,0.737635198271722,6.97604380561259,0.399399450697139,0.0929627287984623,0.676750398761137,66.4140790308894,56.5222201512701,11,0.0004014598540145985
20640,1239,2007,207,0.0245794664682129,0.46293592512427,0.914041211595759,0.022980927455713,0.0235542568839356,0.442866532757732,0.021,2.99199131101572,2.35478126294367,0.0235542568839356,53.9767282683094,0.416673883500469,0.1054277077418,0.71816399934518,2.87917681419104,15.8713414399509,9,0.0003284671532846715
3204,1240,1961,33,0.574713694430467,0.400455163397355,0.544176901225001,0.318952143979809,0.359261506161737,0.274088615554547,0.233,1.00021751408573,0.832047436933028,0.359261506161737,7.97809719370294,0.399767741161752,0.0932284818300497,0.4766288180791,41.8439989555598,13.0423968563893,40,0.00145985401459854
24488,1241,2016,245,0.719332558509141,0.394857349029627,0.19089653622359,0.349656430962956,0.156846057892971,0.0912108109915751,0.094,1.00691318355393,0.810974222685769,0.156846057892971,62.9760438056126,0.41998145387529,0.107814402317832,0.443116550753879,57.9583088265418,12.8109806278247,44,0.001605839416058394
18370,1242,2002,184,0.694199670644171,0.785232060714396,0.849459384568036,0.63940353640023,0.622872670948232,0.69943108629822,0.566,2.99328705748306,2.52481846891686,0.622872670948232,48.9774127310062,0.414836456209802,0.104101846988579,0.636518824479834,54.6925246187736,47.1747962876789,20,0.00072992700729927
4066,1243,1963,41,0.0705871189774161,0.696165478967326,0.976871632505208,0.0693108615583874,0.0701464761058997,0.687986888999266,0.064,10.0908192839479,8.81533971876666,0.0701464761058997,9.97672826830938,0.400502309574779,0.0937585356908662,0.84853852486077,6.31456199262999,33.5371519979002,8,0.00029197080291970805
3717,1244,1962,38,0.628788383910799,0.629968910135297,0.936731074471027,0.503899105535428,0.604742052583409,0.607678218865816,0.506,13.4852596462256,5.09910178230714,0.604742052583409,8.97741273100616,0.400135025368266,0.093493508760458,0.706852188989264,47.2048184505658,26.804851168536,16,0.0005839416058394161
9209,1245,1977,93,0.965165276040728,0.983509828308562,0.525794565910473,0.961365039373633,0.517902168612492,0.522707932591803,0.519,23.5142787545651,7.42326386708654,0.517902168612492,23.9780971937029,0.405648313498367,0.0974718171212983,0.481777645837136,133.014164457079,247.109741466398,5,0.0001824817518248175
745,1246,1955,8,0.964462109691342,0.961120988634396,0.976365475915372,0.945076127086425,0.947699686573209,0.943552529726347,0.919,13.004096362962,29.1031812505545,0.947699686573209,1.97672826830938,0.397562023406472,0.0916368680452419,0.832326170256218,132.31829766686,156.845433340647,4,0.00014598540145985403
11969,1247,1984,120,0.952502560538091,0.810954760718447,0.511300632264465,0.797218023809728,0.497781798304306,0.444000255432016,0.436,7.08162034210411,5.88605674207846,0.497781798304306,30.9760438056126,0.408220309202061,0.0993277317353351,0.482530467923694,122.185069436583,52.8077143090639,13,0.00047445255474452553
19482,1248,2004,195,0.0773074321467071,0.092809386511752,0.221565245417878,0.0262159545601127,0.0243006831877059,0.0323008950062104,0.007,0.292339761869916,0.27569930916605,0.0243006831877059,50.9760438056126,0.415571024622829,0.104631900849396,0.442181718686227,6.77029900365462,3.47770088658975,118,0.004306569343065694
7933,1249,1973,80,0.716528669938568,0.989785716790533,0.966534734237939,0.71647779069299,0.70300312612965,0.960433726170187,0.705,96.827822460012,10.0302301341008,0.70300312612965,19.9780971937029,0.404178170414213,0.0964109832984861,0.809803057664426,57.5810866300818,310.866894901022,1,3.649635036496351e-05
9922,1250,1978,100,0.564495417258129,0.951438669461505,0.859668871387839,0.563717662133189,0.503545243880177,0.830751130629868,0.491,6.36718028552585,2.5194960102195,0.503545243880177,24.9774127310062,0.40601559770488,0.0977368440517065,0.622823647867069,40.8970883152385,137.810060612419,5,0.0001824817518248175
9266,1251,1977,93,0.91673881865496,0.970908658803506,0.819056205451488,0.912352646282368,0.773452104811727,0.806514425542594,0.776,20.7997639730057,5.31108615575628,0.773452104811727,23.9780971937029,0.405648313498367,0.0974718171212983,0.590885820640586,102.371670437157,184.236376916721,3,0.00010948905109489051
12419,1252,1985,125,0.505394876203344,0.403157554779588,0.383345206035301,0.299275634500999,0.228574098696913,0.187170658842837,0.149,0.729600138388992,0.588522603135463,0.228574098696913,31.9780971937029,0.408588599666674,0.0995934847669225,0.458181314452312,35.7558943709143,13.1552957032742,60,0.0021897810218978104
7990,1253,1973,80,0.988640148613188,0.984496240657812,0.992611023597419,0.979637206695212,0.98312071537411,0.979594362924127,0.981,,106.978006127092,0.98312071537411,19.9780971937029,0.404178170414213,0.0964109832984861,1.05154252152986,171.657271633948,254.740801343007,2,7.299270072992701e-05
7476,1254,1972,75,0.519440074441491,0.838260520259469,0.949741042219102,0.508401027837037,0.504717092010979,0.81554220315902,0.492,6.84493475869081,5.62809935644079,0.504717092010979,18.9760438056126,0.4038098799496,0.0961452302668987,0.750634487124794,36.9302942858728,60.1786619926618,11,0.0004014598540145985
20543,1255,2007,206,0.777438017000073,0.990332727942598,0.469095753738657,0.777367418460637,0.396764622111092,0.46811306955413,0.382,8.5548280091195,1.33128447434728,0.396764622111092,53.9767282683094,0.416673883500469,0.1054277077418,0.486067324164544,66.6749811040948,318.882070442046,4,0.00014598540145985403
3953,1256,1963,40,0.339423197291835,0.131745014730839,0.254513848572969,0.0856640830234231,0.111740097319291,0.0465918139302761,0.032,0.411256980624975,0.386247240989037,0.111740097319291,9.97672826830938,0.400502309574779,0.0937585356908662,0.428539075584749,23.4841177581427,4.48102188659864,75,0.002737226277372263
9200,1257,1977,93,0.187712739409672,0.124762807534334,0.27669337624684,0.0591675861214132,0.0734660515859638,0.0508369173614221,0.023,0.350077767750409,0.328374907298395,0.0734660515859638,23.9780971937029,0.405648313498367,0.0974718171212983,0.437852197402001,13.7823501834604,4.30055140556289,142,0.005182481751824818
8999,1258,1976,90,0.985810965035791,0.931988166961342,0.949068574467674,0.927376241864025,0.940678485725351,0.895271068383492,0.895,137.165790504826,34.4890247895714,0.940678485725351,22.9760438056126,0.405280023033753,0.0972060640897108,0.754073659931309,164.038948768222,111.985925912131,6,0.00021897810218978101
12008,1259,1985,121,0.510934915635568,0.494461825212457,0.175893393112347,0.360039263186921,0.106835435685322,0.103861347033606,0.09,0.667900251837184,0.47618239589969,0.106835435685322,31.9780971937029,0.408588599666674,0.0995934847669225,0.428084099687347,36.2158899370642,17.4994151506686,64,0.0023357664233576644
24428,1260,2016,245,0.392932331814858,0.725509364790875,0.768710803706199,0.372701693532376,0.33241943813946,0.583723018451884,0.287,1.7438061125479,1.17112267295596,0.33241943813946,62.9760438056126,0.41998145387529,0.107814402317832,0.592768234378696,27.1754729422834,37.2854936315492,17,0.0006204379562043796
23221,1261,2013,233,0.428342424204719,0.458135994931577,0.61128952447325,0.301009880020983,0.303968374556899,0.320512717013736,0.251,1.13171442501703,0.75661157683808,0.303968374556899,59.9780971937029,0.41887960125575,0.107019321526608,0.526048546079392,29.7400194186656,15.6363619624502,42,0.001532846715328467
7764,1262,1973,78,0.877673312815932,0.947072274756948,0.975802266737446,0.867831448598128,0.866440150575065,0.933363699075963,0.846,9.48431685604715,15.4266577479066,0.866440150575065,19.9780971937029,0.404178170414213,0.0964109832984861,0.858016310474337,88.5904225081758,130.874077554221,6,0.00021897810218978101
24346,1263,2016,244,0.952794275181983,0.837479394588007,0.962923764949664,0.823155568275565,0.925753158647711,0.814361068292935,0.814,,19.9300087666976,0.925753158647711,62.9760438056126,0.41998145387529,0.107814402317832,0.856982733313259,122.400951267176,59.9428356572133,2,7.299270072992701e-05
26324,1264,2022,264,0.707385480824741,0.910600300651733,0.64756318111904,0.699321216850819,0.501724238908845,0.610897311996323,0.496,3.96874178012805,1.3626245192523,0.501724238908845,68.9774127310062,0.42218717163057,0.10940601610264,0.543842128188786,56.3741676777031,93.4930733564941,14,0.0005109489051094891
27002,1265,2024,271,0.771620373093276,0.861941195635486,0.901490667602047,0.738595795910295,0.714516157450357,0.793411111086915,0.667,4.49733023803602,4.8303208799836,0.714516157450357,70.9760438056126,0.422921740043597,0.109936069963456,0.717274028097077,65.7128423795747,68.2269485984395,10,0.000364963503649635
17281,1266,1999,173,0.980844070253374,0.810081352144714,0.888700871728361,0.804863968756766,0.87901618179583,0.736902250233701,0.751,,21.1165595978642,0.87901618179583,45.9767282683094,0.413733597332162,0.103306040096175,0.67373776107123,153.720246198722,52.5981010484123,8,0.00029197080291970805
7683,1267,1973,77,0.694180880380638,0.781789158153,0.591855539940298,0.637511506524498,0.443043777481746,0.505945926025794,0.415,1.92909362590105,1.27382565770568,0.443043777481746,19.9780971937029,0.404178170414213,0.0964109832984861,0.495462792403023,54.6901753819591,46.4967046452805,29,0.0010583941605839416
15973,1268,1996,160,0.262252062801141,0.133240506050784,0.0035819676704704,0.0758253695652128,0.0016907039141674,0.0012745010928701,0.0,0.294240519281863,0.271792058451193,0.0016907039141674,42.9760438056126,0.412630738454522,0.102510233203772,0.412998666334539,18.451446168712,4.51975893259992,74,0.0027007299270072993
16041,1269,1996,161,0.502210097870355,0.937826213906494,0.977718844311312,0.50123330727742,0.497259492942288,0.927319147715371,0.52,,11.5403141401854,0.497259492942288,42.9760438056126,0.412630738454522,0.102510233203772,0.90855212974111,35.4933184773531,118.526889282365,2,7.299270072992701e-05
19013,1270,2004,191,0.540209494344741,0.988168331835762,0.289857021300122,0.540185644206663,0.188204381683809,0.28867830606171,0.17,6.93637982593759,0.558444160658093,0.188204381683809,50.9760438056126,0.415571024622829,0.104631900849396,0.452141815577961,38.7189991818501,290.176620929523,4,0.00014598540145985403
17686,1271,2000,177,0.997951780613467,0.924089479884609,0.0148819112218916,0.923467481182562,0.0148764186942331,0.0143123025900367,0.008,25.8630809247855,97.9083420434224,0.0148764186942331,46.9760438056126,0.414100881538675,0.103571067026584,0.415655218798355,229.750719928033,104.30011488442,1,3.649635036496351e-05
8376,1272,1974,84,0.0355899626112055,0.359315613210269,0.600772611796856,0.0307321673198365,0.0260459027494269,0.250309407531817,0.024,0.695871730562375,0.513237250490733,0.0260459027494269,20.9774127310062,0.404545454620727,0.0966760102288944,0.498465881622179,3.77812724736631,11.413805861073,49,0.0017883211678832117
12761,1273,1987,128,0.970989681145832,0.920938557461333,0.967541314428672,0.910975138236762,0.946654297743308,0.900943533561137,0.888,18.0124738996578,24.6205294157445,0.946654297743308,33.9767282683094,0.409323168079701,0.100123538627739,0.835199776874447,139.372462153712,101.543040656282,5,0.0001824817518248175
4507,1274,1964,46,0.902389230713522,0.596061268936008,0.784825228620321,0.575217701766399,0.734295096364562,0.506952622274097,0.507,7.63659225039666,4.24803088092253,0.734295096364562,10.9760438056126,0.400869593781293,0.0940235626212744,0.559705139137669,96.6988918878176,24.0293093318928,22,0.000802919708029197
7815,1275,1973,79,0.204094581753898,0.133442822655639,0.100791815202683,0.0659635846298521,0.0300677385571222,0.0238191111336972,0.011,0.29827542456947,0.275793085848819,0.0300677385571222,19.9780971937029,0.404178170414213,0.0964109832984861,0.414487446316641,14.8005252514825,4.52500194562082,94,0.0034306569343065694
26855,1276,2023,269,0.700337835104983,0.997611565521786,0.280790193239227,0.70033632470449,0.222920676098745,0.280573399338594,0.22,39.2865077088942,0.827155010118579,0.222920676098745,69.9767282683094,0.422554455837084,0.109671043033048,0.459437079929258,55.4670133688101,578.415431900718,2,7.299270072992701e-05
9676,1277,1978,97,0.192811024099132,0.795036785018921,0.938675961922854,0.190537621589324,0.186937178872592,0.765188763506016,0.191,7.95551501082553,3.60684047644051,0.186937178872592,24.9774127310062,0.40601559770488,0.0977368440517065,0.730931651503402,14.0990399192175,49.1978289111345,7,0.00025547445255474455
3057,1278,1961,31,0.604061878641396,0.898036928220062,0.49758733715862,0.598222042347332,0.348009437335177,0.474410534846663,0.352,2.90040570184115,0.811819370650532,0.348009437335177,7.97809719370294,0.399767741161752,0.0932284818300497,0.466704648347034,44.6753707299392,85.3344086357654,10,0.000364963503649635
15395,1279,1995,154,0.979071894270514,0.996910502703666,0.701642076484859,0.978904843919816,0.69363098020642,0.700805786721068,0.687,22.9433116735361,15.4834600654251,0.69363098020642,41.9767282683094,0.412263454248008,0.102245206273363,0.545489896077574,150.669623541294,521.748016886613,1,3.649635036496351e-05
13877,1280,1991,139,0.814593280112905,0.994022920334741,0.475524416193366,0.814561779405572,0.419192170286272,0.474591754941416,0.397,7.35156600327829,1.54949304717669,0.419192170286272,37.9767282683094,0.410793311163855,0.101184372450551,0.47872619689074,73.4393101518687,395.466229845803,4,0.00014598540145985403
7820,1281,1973,79,0.742088245314664,0.94868020656473,0.710572420153767,0.739331887186542,0.56217158063431,0.692681085451633,0.532,3.28711208668184,1.8263019690508,0.56217158063431,19.9780971937029,0.404178170414213,0.0964109832984861,0.533203275215564,61.1539903239563,133.332174246557,8,0.00029197080291970805
21733,1282,2010,218,0.47788695286576,0.817912746956275,0.332049357471988,0.466179991045807,0.197332966226691,0.296527184103846,0.2,1.51296134219952,0.516266717741969,0.197332966226691,56.9774127310062,0.417776742378109,0.106223514634204,0.461712355385858,33.5305256868223,54.5302677275229,26,0.0009489051094890511
27322,1283,2024,274,0.639401202168321,0.565948283610916,0.526220310712233,0.464282656828091,0.369880558777128,0.32992062868608,0.283,1.33766694797643,0.979148801572632,0.369880558777128,70.9760438056126,0.422921740043597,0.109936069963456,0.508894283262996,48.3358075857707,21.8491811167057,49,0.0017883211678832117
17637,1284,2000,177,0.692032880558615,0.785408570346856,0.272547584492713,0.6379297561532,0.215703387106073,0.231197247027552,0.177,1.26709505339144,0.796422717462644,0.215703387106073,46.9760438056126,0.414100881538675,0.103571067026584,0.44770437347044,54.4224782376023,47.2099962945847,30,0.0010948905109489052
23297,1285,2013,233,0.221351365111246,0.288286854026547,0.454952865373343,0.132288042968425,0.129197451310527,0.162703380099461,0.092,0.544072912060246,0.441605196993811,0.129197451310527,59.9780971937029,0.41887960125575,0.107019321526608,0.48628652130969,15.8762394576082,8.93903974885199,74,0.0027007299270072993
13991,1286,1991,140,0.971061127561301,0.944570611323958,0.976218219147995,0.933669888405114,0.954260702743724,0.930712506436047,0.907,10.1045111857213,28.6477296120869,0.954260702743724,37.9767282683094,0.410793311163855,0.101184372450551,0.889863862588592,139.45800589573,127.250404671534,5,0.0001824817518248175
25310,1287,2019,254,0.607313663807638,0.564159292685515,0.747923517599702,0.448967228234829,0.490083548850669,0.457010815615257,0.386,2.20592001721126,1.48316935629766,0.490083548850669,65.9767282683094,0.42108431275293,0.108610209210236,0.584034194109355,45.0000634988126,21.7270196241273,28,0.0010218978102189782
3708,1288,1962,38,0.981700462112275,0.837868033379343,0.86361697060056,0.832694433875002,0.854329776264425,0.749933681814675,0.718,5.59089844149698,22.1917860604322,0.854329776264425,8.97741273100616,0.400135025368266,0.093493508760458,0.610924431431372,155.295529228323,60.0599597205616,8,0.00029197080291970805
9111,1289,1977,92,0.751138012620338,0.929831833790072,0.653428301680833,0.744980473632996,0.531505969747226,0.627936821589831,0.57,7962.77282306067,1.57555177928613,0.531505969747226,23.9780971937029,0.405648313498367,0.0974718171212983,0.515891936317723,62.4973852072265,109.766903491902,17,0.0006204379562043796
4792,1290,1965,48,0.688358442746102,0.351485338376932,0.248352497816086,0.30618758150085,0.202976357796431,0.119817553703323,0.131,0.953356035575429,0.751130214646135,0.202976357796431,11.9780971937029,0.401237884245906,0.0942893156528619,0.428629441635204,53.9684255782622,11.1215707023273,55,0.0020072992700729928
4005,1291,1963,41,0.9958990086711,0.984360483359916,0.910335391992703,0.982925307605768,0.908882733421305,0.901773538369799,0.9,66.9636420901259,75.5192108822044,0.908882733421305,9.97672826830938,0.400502309574779,0.0937585356908662,0.66330125056988,206.317237887306,253.652183824904,1,3.649635036496351e-05
21236,1292,2009,213,0.923565318890759,0.943925174891758,0.847710051573813,0.904038729981471,0.802837975705273,0.816081282295152,0.788,10.1227675965106,6.33661253482632,0.802837975705273,55.9780971937029,0.417409458171596,0.105958487703795,0.641505140759259,105.411571010372,126.352468321703,7,0.00025547445255474455
25150,1293,2018,252,0.862882978102311,0.457167098348719,0.879083901178092,0.434472276091232,0.779504578482276,0.422442435091331,0.397,4.96458857815662,5.32797705379928,0.779504578482276,64.9774127310062,0.420717028546417,0.108345182279828,0.681733263472635,84.4617408380692,15.5893187488727,10,0.000364963503649635
9941,1294,1978,100,0.824995529440601,0.902609934112884,0.918113930616528,0.802263813448869,0.770677163386455,0.844033830182473,0.741,6.61038740427066,7.25486623280821,0.770677163386455,24.9774127310062,0.40601559770488,0.0977368440517065,0.691926352819176,75.5622004130796,88.1291522408782,7,0.00025547445255474455
2499,1295,1960,25,0.956655707691411,0.846395157771879,0.988315824884921,0.833156864212776,0.949723768147434,0.841793849721193,0.814,10.3585123956037,42.0854557834197,0.949723768147434,6.97604380561259,0.399399450697139,0.0929627287984623,0.948316662911171,125.38834566617,62.7379484668797,2,7.299270072992701e-05
4756,1296,1965,48,0.156373293515713,0.635909676271464,0.865257625235245,0.148955517699024,0.147742828957877,0.584694450231508,0.152,2.78349159533094,1.58589303478036,0.147742828957877,11.9780971937029,0.401237884245906,0.0942893156528619,0.615276860474,11.8342812640295,27.3316276452337,13,0.00047445255474452553
9453,1297,1977,95,0.949497304585196,0.976625126656657,0.970006461255252,0.944343010861894,0.929356360943372,0.952967281321354,0.908,8.87399610314765,20.2992204501168,0.929356360943372,23.9780971937029,0.405648313498367,0.0974718171212983,0.83198656870646,120.033504781562,206.950672095912,3,0.00010948905109489051
12077,1298,1985,121,0.582224486380766,0.206864260211278,0.141679672989994,0.169591142349843,0.0964532535769886,0.0394567349265936,0.041,0.599281979995551,0.536841997767114,0.0964532535769886,31.9780971937029,0.408588599666674,0.0995934847669225,0.423946623306049,42.5523472852526,6.49459555722619,65,0.0023722627737226276
4835,1299,1965,49,0.528934861847921,0.150982309235172,0.713322127470747,0.119564943589382,0.424469172911814,0.126209132790053,0.135,1.40841151926707,1.09762144361637,0.424469172911814,11.9780971937029,0.401237884245906,0.0942893156528619,0.528470885857554,37.74001150721,4.98226294664096,38,0.001386861313868613
20248,1300,2006,203,0.110380314375007,0.935896268155806,0.975276866462082,0.11033136093063,0.109588111041383,0.926728256441968,0.125,2121.35371320728,8.35738512012014,0.109588111041383,52.9774127310062,0.416306599293956,0.105162680811391,0.907793398419992,8.93623603980328,116.272000360516,2,7.299270072992701e-05
9711,1301,1978,98,0.802530459685953,0.73795881431397,0.0417959799524397,0.671088666398657,0.036578326595019,0.0350725547258282,0.026,1.48749433280558,1.04030188294132,0.036578326595019,24.9774127310062,0.40601559770488,0.0977368440517065,0.410199289255574,71.1137111442389,39.0642980192619,15,0.0005474452554744526
2181,1302,1959,22,0.951536161595366,0.91513005628097,0.917353073367849,0.896990716557338,0.886497195277593,0.851974527954451,0.832,10.2863998356589,11.3584990214162,0.886497195277593,5.97672826830938,0.399032166490626,0.0926977018680541,0.669039941517332,121.47903071381,96.848128896643,6,0.00021897810218978101
16198,1303,1996,162,0.910327390976715,0.858977178245662,0.946562872733921,0.826278988339142,0.878683367393549,0.837050995794355,0.804,9.03101312506775,9.1772150910659,0.878683367393549,42.9760438056126,0.412630738454522,0.102510233203772,0.773404319830485,99.7288400334657,67.1127592551145,10,0.000364963503649635
8620,1304,1975,87,0.682992064330884,0.986257519164247,0.450644392287359,0.682910663407166,0.345573997462057,0.44759125694735,0.353,62.8546962382457,0.943674250459423,0.345573997462057,21.9767282683094,0.40491273882724,0.0969410371593026,0.465150375053729,53.313882508528,270.142260199197,4,0.00014598540145985403
22538,1305,2011,226,0.704325867447132,0.943785983652453,0.837346259271726,0.701696939055199,0.622144257976101,0.807155144484457,0.596,4.03728585739825,2.48533246075794,0.622144257976101,57.9767282683094,0.418144026584623,0.106488541564612,0.63458043860467,55.9779362392447,126.16072072261,3,0.00010948905109489051
23717,1306,2015,238,0.456294815867284,0.208386481926145,0.11606324207969,0.153118390747511,0.070598139094522,0.0350068181554443,0.049,0.466223496854002,0.401412908289834,0.070598139094522,61.9767282683094,0.419614169668776,0.107549375387424,0.432982620598482,31.8466911391288,6.53733831160674,77,0.0028102189781021897
19159,1307,2004,192,0.975625934040676,0.84301765267542,0.973542651394382,0.83597758351523,0.953795467600686,0.827911109449527,0.814,17.394446760566,43.2256523595386,0.953795467600686,50.9760438056126,0.415571024622829,0.104631900849396,0.893494738813817,145.404224462543,61.6517775663367,4,0.00014598540145985403
290,1308,1953,3,0.992227040542729,0.955100080117948,0.945946435909718,0.952547776505361,0.940649023992412,0.909756263550261,0.905,42.7395406366483,80.7902077303327,0.940649023992412,-0.0219028062970568,0.396827454993445,0.0911068141844255,0.715976432093654,184.608410423123,144.333146626956,2,7.299270072992701e-05
9942,1309,1978,100,0.923618683081678,0.583303288464697,0.39572122739628,0.567747701454827,0.375308248538969,0.2644087140596,0.244,3.28831276319717,3.57344897005839,0.375308248538969,24.9774127310062,0.40601559770488,0.0977368440517065,0.456787966288547,105.436356309492,23.0760119261755,22,0.000802919708029197
17742,1310,2000,178,0.819226900538198,0.692049907806794,0.973406880861148,0.639018094634008,0.806384956530488,0.680587949049964,0.648,,14.544211537752,0.806384956530488,46.9760438056126,0.414100881538675,0.103571067026584,0.886354477623121,74.3706865807614,33.0551643327069,7,0.00025547445255474455
3457,1311,1962,35,0.365707977959112,0.775381359520604,0.378581453580409,0.355399435013009,0.176425767098295,0.329437291551504,0.177,1.21512808262754,0.462816901849714,0.176425767098295,8.97741273100616,0.400135025368266,0.093493508760458,0.445927527226488,25.2724899983003,45.2761584704944,42,0.001532846715328467
1499,1312,1957,15,0.852993750995036,0.905089750298439,0.0453667233232409,0.825998587346195,0.0422340162625602,0.0433541187399475,0.04,2.93528441668215,1.39010965669735,0.0422340162625602,3.97809719370294,0.398297598077599,0.0921676480072376,0.402588871605383,81.9323326152913,89.7245507403278,9,0.0003284671532846715
21036,1313,2008,211,0.834631450724088,0.919674705077145,0.341163527453318,0.818436075647616,0.3027529522989,0.326148964421643,0.278,2.70752102491479,1.57532444404483,0.3027529522989,54.9760438056126,0.417041167706983,0.105692734672208,0.462283719798438,77.637893249122,100.48058235879,12,0.00043795620437956203
14371,1314,1993,144,0.571285902819369,0.600560878271803,0.678884796332568,0.454578875130887,0.437298642717244,0.463840230780743,0.379,1.58747581648746,1.06878746268165,0.437298642717244,39.9780971937029,0.411528885834981,0.101715152412547,0.535440940573476,41.524234328946,24.3766709670165,45,0.0016423357664233577
12788,1315,1987,128,0.614633272228171,0.9934392429768,0.993818844202906,0.614623963275939,0.613509673697126,0.988726298893847,0.617,,39.5447820912598,0.613509673697126,33.9767282683094,0.409323168079701,0.100123538627739,1.11444544910294,45.7395199974637,379.670965568909,1,3.649635036496351e-05
21232,1316,2009,213,0.369681632061982,0.12847606960876,0.7736661368981,0.0871343677165923,0.316223317799265,0.111742364093143,0.09,1.30483392460426,1.15690160547835,0.316223317799265,55.9780971937029,0.417409458171596,0.105958487703795,0.589967922067632,25.5468673781657,4.39645455401999,33,0.0012043795620437956
22549,1317,2011,226,0.63403531300688,0.728635926733645,0.318045109510422,0.566501459876846,0.234350242488367,0.261788417407804,0.227,1.29095747751317,0.708541919290207,0.234350242488367,57.9767282683094,0.418144026584623,0.106488541564612,0.459871404747385,47.7603793039115,37.7206324769047,44,0.001605839416058394
21188,1318,2008,212,0.761422443354554,0.908286484019923,0.989891513716429,0.749055755114283,0.757457016643151,0.902500849225044,0.73,10.3022792307627,32.5570666620501,0.757457016643151,54.9760438056126,0.417041167706983,0.105692734672208,1.06767194685735,64.0799334329269,91.8713637459652,4,0.00014598540145985403
21062,1319,2008,211,0.911405686441174,0.555595733779076,0.0203960849903524,0.538273317154464,0.0194773906108898,0.0143174911812279,0.015,2.87064745986182,2.28113587188758,0.0194773906108898,54.9760438056126,0.417041167706983,0.105692734672208,0.419221906848439,100.160270279663,21.1528094671327,18,0.000656934306569343
5590,1320,1966,56,0.943961213484226,0.773069306619566,0.353316329186782,0.757623456745379,0.344777743143016,0.29612386830721,0.312,12.3623002738456,4.21050854549258,0.344777743143016,12.9774127310062,0.401605168452419,0.0945543425832701,0.443934084148912,116.378363709165,44.8484358462667,12,0.00043795620437956203
21055,1321,2008,211,0.473830113506818,0.939564795142823,0.647403609706089,0.473057309736054,0.337757168466805,0.623758220615167,0.326,4.18636171389364,0.923687500748374,0.337757168466805,54.9760438056126,0.417041167706983,0.105692734672208,0.534512792773369,33.2101354935179,120.644145592036,5,0.0001824817518248175
19524,1322,2005,196,0.418030523906709,0.542098035793648,0.85803832882084,0.3354988141084,0.379960724255693,0.493160234557248,0.361,6.790506399401,1.9250784210372,0.379960724255693,51.9780971937029,0.415939315087442,0.104897653880983,0.647094191129589,28.9818720129899,20.2816402827352,24,0.0008759124087591241
26734,1323,2023,268,0.999138896022823,0.719606529844293,0.826680119847879,0.719403736290358,0.826440518328292,0.633316553755775,0.635,,321.800819220551,0.826440518328292,69.9767282683094,0.422554455837084,0.109671043033048,0.636803891106434,258.83735792588,36.4840223709345,2,7.299270072992701e-05
4522,1324,1964,46,0.794727234223024,0.678852734338213,0.832003279356286,0.61800350594743,0.69498378553326,0.600144056369929,0.567,4.93241361074864,2.93026245151934,0.69498378553326,10.9760438056126,0.400869593781293,0.0940235626212744,0.588187929848323,69.679384175983,31.5734126433201,18,0.000656934306569343
2836,1325,1960,29,0.494675565482858,0.820250798404505,0.991240457165986,0.48221707522361,0.493427001900184,0.817414067159734,0.479,25.3442919731318,26.6276863918015,0.493427001900184,6.97604380561259,0.399399450697139,0.0929627287984623,0.995161072282046,34.8773898130151,55.131052212504,3,0.00010948905109489051
626,1326,1955,7,0.95949366437987,0.545876350370583,0.0824241153895855,0.538438338437187,0.0810138642460257,0.0556071329380552,0.048,5.09356814892026,5.11560179689755,0.0810138642460257,1.97672826830938,0.397562023406472,0.0916368680452419,0.405486032277421,127.754804834909,20.5214630471241,11,0.0004014598540145985
13694,1327,1990,137,0.458338933435068,0.298533260994279,0.809257045621052,0.215481114590141,0.400867854298211,0.266189420326522,0.221,2.09623502307124,1.500691722366,0.400867854298211,36.9774127310062,0.410426026957341,0.100919345520143,0.59568271868553,32.0038916860608,9.2734669227819,34,0.0012408759124087592
13699,1328,1990,137,0.885089277724874,0.962667442902255,0.716951727634296,0.880179986509487,0.66081944878224,0.70360825733278,0.641,5.14148804879644,3.40260796905525,0.66081944878224,36.9774127310062,0.410426026957341,0.100919345520143,0.548103746649467,90.8442453868562,160.500002385334,7,0.00025547445255474455
26212,1329,2022,263,0.272728890514726,0.801366294086806,0.940657331608236,0.268688143007876,0.264528637271519,0.768614775487636,0.285,96.198265829689,3.91064832231808,0.264528637271519,68.9774127310062,0.42218717163057,0.10940601610264,0.790953353969937,19.1192669664745,50.5818291481002,6,0.00021897810218978101
5894,1330,1968,59,0.528983049490481,0.54756242244048,0.795215492602438,0.400671437669089,0.456957091066128,0.4682820127366,0.378,2.62640986386228,1.50649432030446,0.456957091066128,14.9760438056126,0.402339736865446,0.0950843964440866,0.568657969701964,37.744154687229,20.6294817029696,33,0.0012043795620437956
13217,1331,1988,133,0.609115394624451,0.973195304060044,0.689718169393018,0.608868185795386,0.458747182319467,0.68180921783739,0.464,14.9301442349182,1.25067522155804,0.458747182319467,34.9760438056126,0.409690452286214,0.100388565558147,0.535950728682225,45.1809681262738,192.522307386571,5,0.0001824817518248175
7855,1332,1973,79,0.27553204074258,0.946197528140711,0.635712688555941,0.275367953650213,0.201774728745498,0.61985898938119,0.183,3.53610450783605,0.688397068738854,0.201774728745498,19.9780971937029,0.404178170414213,0.0964109832984861,0.507770512462317,19.2986337614701,129.580232117219,6,0.00021897810218978101
15777,1333,1996,158,0.962455336505637,0.820458684802702,0.223336618859321,0.809670235853271,0.220015299776931,0.203385435785278,0.198,6.93954549932967,5.84396421321202,0.220015299776931,42.9760438056126,0.412630738454522,0.102510233203772,0.438942631312579,130.404138733098,55.1850282538985,9,0.0003284671532846715
7998,1334,1973,80,0.0893578067763733,0.0621576920554078,0.044648333452642,0.0205831386764909,0.0068892328855339,0.0055411575559573,0.003,0.239851379402637,0.229125757713239,0.0068892328855339,19.9780971937029,0.404178170414213,0.0964109832984861,0.408594078767226,7.57216808290192,2.67322461216601,96,0.0035036496350364962
24489,1335,2016,245,0.84586353338319,0.17866801802181,0.986401764908805,0.168935379860262,0.840059013264309,0.177543857307811,0.175,330.614514636025,25.6617031429163,0.840059013264309,62.9760438056126,0.41998145387529,0.107814402317832,1.02874146631565,80.2072732763236,5.71890365982523,3,0.00010948905109489051
2084,1336,1958,21,0.971372097073085,0.570739887431084,0.575726709561422,0.565289762482517,0.567336650968366,0.363353219980265,0.378,1419.04995251259,9.88247546036282,0.567336650968366,4.97741273100616,0.398664882284112,0.0924326749376458,0.482196950317888,139.832765600781,22.180240839578,16,0.0005839416058394161
19738,1337,2005,198,0.0776565875660038,0.609385770153716,0.0516705305781215,0.0746489912848205,0.0072642768037236,0.0417764812584001,0.007,0.52913291952551,0.22780673767739,0.0072642768037236,51.9780971937029,0.415939315087442,0.104897653880983,0.421522486726791,6.79379390856834,25.0757446475442,27,0.0009854014598540146
17777,1338,2000,178,0.859337995857979,0.988172595864242,0.935735194943845,0.859091371437246,0.819677263767631,0.928029814301884,0.815,23.3845299090183,8.1287354446535,0.819677263767631,46.9760438056126,0.414100881538675,0.103571067026584,0.751617495005092,83.5355881673154,290.226106253389,2,7.299270072992701e-05
7925,1339,1973,80,0.854255946410424,0.827233429163485,0.116843160009012,0.7705351881604,0.107510580908077,0.106727942135637,0.091,2.09553160570656,1.46615232149443,0.107510580908077,19.9780971937029,0.404178170414213,0.0964109832984861,0.416248507901678,82.2459777799951,56.9960359747827,17,0.0006204379562043796
16680,1340,1998,167,0.493723520863491,0.747034723185358,0.269500035326928,0.465026450017451,0.168440337714874,0.226866277383677,0.173,1.12946628264402,0.493562974483893,0.168440337714874,44.9774127310062,0.413366313125648,0.103041013165767,0.446350161157512,34.8000806466638,40.4433428790498,40,0.00145985401459854
8677,1341,1975,87,0.972789761990143,0.981806213981002,0.326208095764741,0.966706673969787,0.322673801382592,0.323302461589197,0.322,20.245240301974,8.44739298018701,0.322673801382592,21.9767282683094,0.40491273882724,0.0969410371593026,0.444122893452106,141.593520024455,235.283617011851,3,0.00010948905109489051
11439,1342,1983,115,0.993151894903892,0.945666186081279,0.838629590114579,0.943476303742415,0.836311973268299,0.808482058745122,0.8,18.4797373249043,44.1453523265558,0.836311973268299,29.9767282683094,0.407853024995547,0.0990627048049269,0.610175809589348,188.920173904865,128.808596656615,4,0.00014598540145985403
12769,1343,1987,128,0.317531448679138,0.562858600929179,0.376638713991269,0.274205685102024,0.154845909360359,0.250210402683966,0.136,0.698730882929867,0.434144843606464,0.154845909360359,33.9767282683094,0.409323168079701,0.100123538627739,0.458031920010295,22.0267065915309,21.6386867738119,47,0.0017153284671532847
21481,1344,2009,215,0.513356168216634,0.740850575770468,0.978577952366322,0.479652280297861,0.508832779560867,0.733329527914585,0.493,,11.8352586593667,0.508832779560867,55.9780971937029,0.417409458171596,0.105958487703795,0.936648010657411,36.4182417661692,39.4957957443517,5,0.0001824817518248175
20775,1345,2008,208,0.997698168075404,0.972610247232916,0.667928815819323,0.971863747759945,0.667364786337704,0.659299817959419,0.646,13.994703493706,115.087880563356,0.667364786337704,54.9760438056126,0.417041167706983,0.105692734672208,0.541735456764322,225.81932692357,190.312424468068,1,3.649635036496351e-05
12013,1346,1985,121,0.985062385120972,0.872549403986983,0.0876963410992175,0.868148115142321,0.0871556655878298,0.0811460302422678,0.086,38.8977863720797,13.8918415152554,0.0871556655878298,31.9780971937029,0.408588599666674,0.0995934847669225,0.41778077151379,162.274495938937,72.518016202961,5,0.0001824817518248175
14267,1347,1993,143,0.405011266629368,0.716619401403298,0.919477216899395,0.38150854205071,0.388573378045107,0.684879984117251,0.329,2.356989117247,3.12086025122495,0.388573378045107,39.9780971937029,0.411528885834981,0.101715152412547,0.71139543898157,28.0382050297446,36.0880823418657,11,0.0004014598540145985
9237,1348,1977,93,0.888298134991474,0.92708134597757,0.819889713311568,0.866472306095822,0.754775845562721,0.781262555250222,0.743,8.25031024539784,4.29295122701258,0.754775845562721,23.9780971937029,0.405648313498367,0.0974718171212983,0.591440101262524,91.8630734686163,107.072415711047,10,0.000364963503649635
19271,1349,2004,193,0.583375865338956,0.648912737938821,0.423079173080623,0.489770649640577,0.276963094380444,0.299665619275884,0.274,1.45951750591455,0.739349515080374,0.276963094380444,50.9760438056126,0.415571024622829,0.104631900849396,0.475093940611748,42.6618883526979,28.5319629703499,44,0.001605839416058394
19800,1350,2005,199,0.110789580334642,0.441430892704933,0.699113804847002,0.0955341220477748,0.0913215217374092,0.37081596952863,0.07,0.846248010871625,0.710686249464125,0.0913215217374092,51.9780971937029,0.415939315087442,0.104897653880983,0.551596924405558,8.96245344203406,14.8429476697688,38,0.001386861313868613
4469,1351,1964,45,0.497663302491083,0.967027562837186,0.950275588547811,0.497454258766646,0.488664432915631,0.927609559188862,0.498,262.537134298936,4.91092299288092,0.488664432915631,10.9760438056126,0.400869593781293,0.0940235626212744,0.741488413895773,35.1207533739086,172.039892656765,1,3.649635036496351e-05
10616,1352,1980,107,0.71005074344741,0.569595921521076,0.704714964842424,0.494752222665518,0.527399946082879,0.430869158120969,0.358,1.80734273919392,1.77565901735385,0.527399946082879,26.9760438056126,0.406750166117907,0.098266897912523,0.53597224102481,56.7224058284579,22.100685559671,27,0.0009854014598540146
17094,1353,1999,171,0.870015394276283,0.996135174777403,0.303021801635623,0.869995067266,0.282559504713932,0.302523223285838,0.259,7.43344523077966,1.82611197835066,0.282559504713932,45.9767282683094,0.413733597332162,0.103306040096175,0.451858584447075,86.3965548856869,475.949715164868,1,3.649635036496351e-05
12638,1354,1986,127,0.0345444040221546,0.457171661898201,0.150057719554752,0.0319197859817608,0.0091273418647129,0.0928754363727178,0.004,0.409711155100219,0.242563836210269,0.0091273418647129,32.9774127310062,0.408955883873188,0.0998585116973308,0.425353260606695,3.69586756711529,15.5895400213019,40,0.00145985401459854
5828,1355,1968,59,0.320873527924655,0.679356679640772,0.0910171009600163,0.301306428252277,0.0423455316653008,0.0725160529254172,0.045,0.714488056493003,0.317231254952412,0.0423455316653008,14.9760438056126,0.402339736865446,0.0950843964440866,0.411466442430334,22.2474731005905,31.6282853334098,45,0.0016423357664233577
1252,1356,1956,13,0.583893649216275,0.232074577012469,0.802122773369774,0.190059926894216,0.507832142454476,0.205628145366506,0.18,1.89700738811971,1.6418242261017,0.507832142454476,2.97604380561259,0.397929307612985,0.0919018949756502,0.562513385162934,42.7112337402041,7.21543846079857,30,0.0010948905109489052
9951,1357,1978,100,0.8338185939157,0.98736053066894,0.147790562128648,0.833599000568177,0.130740269134201,0.147128011420245,0.127,12.9052286901723,1.34110177183146,0.130740269134201,24.9774127310062,0.40601559770488,0.0977368440517065,0.421799064909412,77.4584303446251,281.211655899788,4,0.00014598540145985403
12486,1358,1985,125,0.961028455260386,0.899129394929528,0.584712764946744,0.885928976987756,0.572811315071758,0.547497789389464,0.531,6.58599561593536,7.38822678679791,0.572811315071758,31.9780971937029,0.408588599666674,0.0995934847669225,0.500961557273535,129.103133917303,85.985511277275,10,0.000364963503649635
11491,1359,1983,115,0.917856155346291,0.949136254292666,0.952886351617053,0.902970040440095,0.887528773134977,0.914207574470003,0.848,5.43070562611942,11.9145018883341,0.887528773134977,29.9767282683094,0.407853024995547,0.0990627048049269,0.77445084674422,102.852311962394,134.049014267695,3,0.00010948905109489051
26568,1360,2023,266,0.99683653369855,0.988769505775265,0.992536065401509,0.98764887775832,0.990322986603996,0.983521756325154,0.986,,210.440477354368,0.990322986603996,69.9767282683094,0.422554455837084,0.109671043033048,1.15694489803986,215.093413503748,297.399058801735,1,3.649635036496351e-05
3049,1361,1961,31,0.461336655447688,0.971087205418712,0.557854166952893,0.461213036846949,0.303943523445909,0.552607965501388,0.311,12.1311390875039,0.702363838045432,0.303943523445909,7.97809719370294,0.399767741161752,0.0932284818300497,0.479759807661321,32.2352421313305,184.850793513132,7,0.00025547445255474455
15933,1362,1996,160,0.783471538219029,0.800508412389549,0.174825859256089,0.709045417854777,0.154850311853668,0.161023162309701,0.135,1.52540079689289,1.01753769783749,0.154850311853668,42.9760438056126,0.412630738454522,0.102510233203772,0.432561339276711,67.6978870464446,50.3904387128542,23,0.0008394160583941605
15686,1363,1995,157,0.628401646967903,0.710324135679615,0.677857646020129,0.552734955520463,0.462431810604503,0.525619595358489,0.427,2.05755108623099,1.28063505059938,0.462431810604503,41.9767282683094,0.412263454248008,0.102245206273363,0.536446365288453,47.1641420483586,35.2739607021882,32,0.0011678832116788322
20741,1364,2008,208,0.981294481714384,0.991895763067529,0.994078203104436,0.979574831336673,0.977236328062007,0.987569356899246,0.97,28.1212143114971,107.316677014866,0.977236328062007,54.9760438056126,0.417041167706983,0.105692734672208,1.16982035279457,154.539898743664,345.577948320206,2,7.299270072992701e-05
10958,1365,1981,110,0.572053065422274,0.0736007939565647,0.995779243297875,0.0605789032686894,0.571245419568831,0.073524544515019,0.069,,58.5975694511117,0.571245419568831,27.9780971937029,0.407118456582521,0.0985326509441104,1.17249019503748,41.5956118015071,2.97765019772794,3,0.00010948905109489051
13617,1366,1990,137,0.864265370769166,0.726320811160439,0.935635743662715,0.686613283314377,0.825308716956515,0.699654425019949,0.663,8.94674462400236,7.87165966588515,0.825308716956515,36.9774127310062,0.410426026957341,0.100919345520143,0.739083303788427,84.8291093257461,37.3977055463335,12,0.00043795620437956203
25973,1367,2021,260,0.988486575176688,0.966577474534967,0.976621453650296,0.962479445892488,0.968737271777477,0.949663605865054,0.942,27.7977760651504,55.1079116852176,0.968737271777477,67.9780971937029,0.421819887424057,0.109140989172232,0.941507038070985,171.197859165124,170.753525904304,1,3.649635036496351e-05
14298,1368,1993,143,0.955135052375233,0.995561777269248,0.969740682747215,0.954999349770819,0.934155434584472,0.967715548323223,0.919,11.4726129627586,21.5524221251416,0.934155434584472,39.9780971937029,0.411528885834981,0.101715152412547,0.855053042052663,124.181976643863,449.204820004239,1,3.649635036496351e-05
239,1369,1953,3,0.488501554902492,0.959697354289913,0.203899753047153,0.488182153313289,0.114226008138096,0.199011584634819,0.109,4.96018412502662,0.474130604278625,0.114226008138096,-0.0219028062970568,0.396827454993445,0.0911068141844255,0.417893520859239,34.3780639491724,153.654646816625,6,0.00021897810218978101
6396,1370,1969,64,0.948669461904347,0.888471918720294,0.313830212922767,0.870690484475148,0.306792474927473,0.299323063871574,0.291,5.74144607988828,4.51540655697627,0.306792474927473,15.9780971937029,0.40270802733006,0.095350149475674,0.43945554725642,119.462774751868,80.0317838676115,14,0.0005109489051094891
4386,1371,1964,44,0.962601834265773,0.978819425891924,0.811373899923638,0.956677595786002,0.793466047347037,0.801209824515791,0.806,,10.261507774786,0.793466047347037,10.9760438056126,0.400869593781293,0.0940235626212744,0.574752362103821,130.540443458696,217.793308334829,2,7.299270072992701e-05
1856,1372,1958,19,0.0701520189446505,0.461083551986087,0.989811073988676,0.0632192187030475,0.0699301491592245,0.459425310894076,0.063,23.4520645466741,20.0661053240906,0.0699301491592245,4.97741273100616,0.398664882284112,0.0924326749376458,0.966387545893149,6.28481022173102,15.7802766514291,6,0.00021897810218978101
6063,1373,1968,61,0.686152049349499,0.121441678799286,0.988813827745616,0.106682774054575,0.684038953538292,0.121129653043363,0.115,450.628324991406,22.0432398263778,0.684038953538292,14.9760438056126,0.402339736865446,0.0950843964440866,0.970921521900995,53.698091518221,4.21489716252929,6,0.00021897810218978101
17145,1374,1999,172,0.912620198029797,0.917514300034693,0.988544428022578,0.877209416078465,0.906031128692296,0.910221558328255,0.85,8.06999037708467,41.0972755587086,0.906031128692296,45.9767282683094,0.413733597332162,0.103306040096175,1.02723733279273,100.652322613678,98.7183360229266,3,0.00010948905109489051
11174,1375,1981,112,0.733433794351941,0.77977891535607,0.755703571485355,0.663248258640314,0.587632253911458,0.623526909923466,0.545,3.30626924474872,2.03056223435078,0.587632253911458,27.9780971937029,0.407118456582521,0.0985326509441104,0.558608829117444,59.9092473232186,46.1081030122,22,0.000802919708029197
10087,1376,1979,101,0.432799426888769,0.511329737856674,0.939076928189024,0.330120004676735,0.416293919531131,0.493156424856704,0.324,6.17965693992798,4.50272324611823,0.416293919531131,25.9767282683094,0.406382881911394,0.0980018709821147,0.733083347641202,30.0707653010607,18.4365182322644,20,0.00072992700729927
12716,1377,1987,128,0.725875707475797,0.982933025920596,0.892525719711557,0.725693923620572,0.676211874904065,0.884084596141399,0.684,304.905212261967,3.45958227101198,0.676211874904065,33.9767282683094,0.409323168079701,0.100123538627739,0.665901043315698,58.8521468138838,242.927456245462,3,0.00010948905109489051
20817,1378,2008,209,0.726504237707161,0.408990132213185,0.988089145859703,0.363448261196494,0.72210745148369,0.407180459272743,0.388,,26.6167410534243,0.72210745148369,54.9760438056126,0.417041167706983,0.105692734672208,1.03763905806945,58.9390315735833,13.4016425263835,3,0.00010948905109489051
23772,1379,2015,238,0.990855183108835,0.894485063320414,0.939105574274436,0.891751775628157,0.934597808244525,0.85403374445525,0.846,20.1257707226289,43.1308618309818,0.934597808244525,61.9767282683094,0.419614169668776,0.107549375387424,0.778213440839979,179.067509897846,83.2848668621673,2,7.299270072992701e-05
26830,1380,2023,269,0.990087777239323,0.536564005149717,0.90387999964878,0.534814824569763,0.899059538476129,0.502716675682252,0.468,5.25496337533165,39.2791368060713,0.899059538476129,69.9767282683094,0.422554455837084,0.109671043033048,0.719772825634331,176.316697120708,19.9358453839752,3,0.00010948905109489051
23027,1381,2013,231,0.507006167761112,0.989889397639654,0.975736096967012,0.506992598352377,0.501662462733744,0.968742041934705,0.478,7.47232233507859,10.5707138974226,0.501662462733744,59.9780971937029,0.41887960125575,0.107019321526608,0.922195066741026,35.8892548521833,312.341436967277,1,3.649635036496351e-05
19191,1382,2004,192,0.323068550815918,0.294563303772848,0.209080646280199,0.17371917816297,0.0837283723482092,0.0769792819917585,0.045,0.432232127528327,0.362595270041862,0.0837283723482092,50.9760438056126,0.415571024622829,0.104631900849396,0.44046706953189,22.3927964746227,9.14307665042632,90,0.0032846715328467154
179,1383,1953,2,0.737553492803723,0.751906392570609,0.655610931338742,0.647271834495935,0.509453189835576,0.529987955951241,0.465,2.60952967250426,1.71985658982576,0.509453189835576,-0.0219028062970568,0.396827454993445,0.0911068141844255,0.500527130055594,60.4970676516036,41.2146448448192,34,0.0012408759124087592
8698,1384,1975,87,0.961332827402363,0.99901917842905,0.1268561698962,0.961327921471099,0.124992575424419,0.126819511085703,0.141,,5.43425422702287,0.124992575424419,21.9767282683094,0.40491273882724,0.0969410371593026,0.418172430098556,129.37669586499,811.307288734499,1,3.649635036496351e-05
13191,1385,1988,132,0.978728908496753,0.799924189078058,0.298350705532357,0.794191457934839,0.29530129160435,0.263803948131156,0.278,,10.9759378176997,0.29530129160435,34.9760438056126,0.409690452286214,0.100388565558147,0.446038363111765,150.108697812699,50.2607973971278,8,0.00029197080291970805
26414,1386,2022,265,0.620192497366974,0.504810691365813,0.11847641854547,0.41159272102894,0.0880932370802929,0.0775710906242389,0.071,0.761100339863404,0.572370003700824,0.0880932370802929,68.9774127310062,0.42218717163057,0.10940601610264,0.436090069719087,46.3093169552316,18.0685016164332,72,0.002627737226277372
1876,1387,1958,19,0.982254892645351,0.988535897321066,0.932035399833694,0.978513683838742,0.921228979284595,0.925865721702435,0.911,16.9747657006549,28.8238978937701,0.921228979284595,4.97741273100616,0.398664882284112,0.0924326749376458,0.692682414673514,156.354584733749,294.532300367839,1,3.649635036496351e-05
9454,1388,1977,95,0.67877492625349,0.612089929728596,0.56935105426237,0.515466660384613,0.430191348979597,0.391593866444345,0.358,1.68016447005927,1.09850655117771,0.430191348979597,23.9780971937029,0.405648313498367,0.0974718171212983,0.492122017737625,52.8064620648306,25.2948410119352,38,0.001386861313868613
22329,1389,2011,224,0.843270296114052,0.639142814772305,0.846577032003552,0.599750933513068,0.741435908278205,0.574638991962461,0.555,6.28225725822929,3.87682699111664,0.741435908278205,57.9767282683094,0.418144026584623,0.106488541564612,0.642368686424501,79.5986417834137,27.6238867721186,10,0.000364963503649635
25218,1390,2019,253,0.0264637069561839,0.0888408407178785,0.51363341207616,0.0115599171029666,0.0181742789219823,0.0575594630498913,0.002,0.438254634040924,0.418342512004065,0.0181742789219823,65.9767282683094,0.42108431275293,0.108610209210236,0.502906150307677,3.03884440935199,3.37509476100547,73,0.0026642335766423357
20557,1391,2007,206,0.985798242430725,0.976526281317516,0.986592543777078,0.970811937879485,0.975444489766843,0.968318805862154,0.964,120.615186917832,65.49424203537,0.975444489766843,53.9767282683094,0.416673883500469,0.1054277077418,1.01447311917664,164.008200759725,206.495122060647,2,7.299270072992701e-05
3557,1392,1962,36,0.862120130387322,0.567193757737556,0.334906434407458,0.538079395159584,0.307850172515485,0.22708244474951,0.243,3.03989759690884,1.80466963775476,0.307850172515485,8.97741273100616,0.400135025368266,0.093493508760458,0.439226368704762,84.2605268826475,21.9346884911521,24,0.0008759124087591241
25263,1393,2019,253,0.580822133902269,0.790700590496491,0.341371409362182,0.552057055502878,0.23515449833258,0.294687837931667,0.211,1.26578066150288,0.639057354475615,0.23515449833258,65.9767282683094,0.42108431275293,0.108610209210236,0.467611772635682,42.4192748329307,48.2857653259349,21,0.0007664233576642335
7299,1394,1972,73,0.995521116340648,0.84385908186875,0.755757918581367,0.842615898197445,0.754398086653304,0.681153787911251,0.672,18.1329318449802,64.1220528642289,0.754398086653304,18.9760438056126,0.4038098799496,0.0961452302668987,0.551655074092634,203.332445141507,61.919154153255,3,0.00010948905109489051
3912,1395,1963,40,0.854928225058718,0.72636189690862,0.125965502578765,0.683174042948687,0.116349337780019,0.10391239514012,0.091,1.9014994510356,1.47649846166981,0.116349337780019,9.97672826830938,0.400502309574779,0.0937585356908662,0.413229518397595,82.4140911880081,37.4034004948064,18,0.000656934306569343
13853,1396,1991,139,0.22939202305291,0.383641968738496,0.624093557009473,0.166526773643212,0.170222741134304,0.274875665987089,0.119,0.782786120023197,0.631438380400797,0.170222741134304,37.9767282683094,0.410793311163855,0.101184372450551,0.515929077311038,16.3792015100176,12.3569718655764,57,0.0020802919708029196
19334,1397,2004,194,0.797422511333572,0.987959441280368,0.870581893483177,0.797282741486381,0.722127476601369,0.864304773960062,0.737,,3.69528176072282,0.722127476601369,50.9760438056126,0.415571024622829,0.104631900849396,0.658484937510604,70.1689407563087,287.781268513482,2,7.299270072992701e-05
10913,1398,1981,110,0.978394438753952,0.974839293675923,0.93065047939308,0.965189374587731,0.917338924997178,0.914814441803616,0.915,,24.1137973012966,0.917338924997178,27.9780971937029,0.407118456582521,0.0985326509441104,0.717785589780297,149.570207151137,199.102437986859,4,0.00014598540145985403
1543,1399,1957,16,0.786984964136637,0.887365472925404,0.65447225025855,0.763451534203327,0.546499520162921,0.60257004028613,0.517,2.99857234978812,1.903994762284,0.546499520162921,3.97809719370294,0.398297598077599,0.0921676480072376,0.502858422118529,68.3058613273282,79.4606179062346,14,0.0005109489051094891
2228,1400,1959,23,0.425881795524579,0.963553602994844,0.996565440669656,0.425708364991702,0.425475659464012,0.961625306398145,0.402,8.0617557368037,66.0409665966832,0.425475659464012,5.97672826830938,0.399032166490626,0.0926977018680541,1.15672079887463,29.5582215353312,162.689904125841,1,3.649635036496351e-05
5404,1401,1966,55,0.970038692490156,0.748943810317264,0.766384319867939,0.741340308717437,0.752729401153234,0.60490062190735,0.62,,12.2651313244546,0.752729401153234,12.9774127310062,0.401605168452419,0.0945543425832701,0.552010713681521,138.253121184668,40.7429185850257,7,0.00025547445255474455
26300,1402,2022,264,0.54303007751306,0.270656099844478,0.881789467763156,0.213665136476382,0.505407703919517,0.252925337528738,0.232,4.49210742076854,2.48175418531698,0.505407703919517,68.9774127310062,0.42218717163057,0.10940601610264,0.688965231962934,38.9669945262967,8.37912632890015,20,0.00072992700729927
5844,1403,1968,59,0.926677346348389,0.955177778642897,0.73973663453944,0.913609492974115,0.706942226570465,0.720269022203938,0.693,7.62515290678489,4.93482993480991,0.706942226570465,14.9760438056126,0.402339736865446,0.0950843964440866,0.541409617285481,106.88579851312,144.479540909449,6,0.00021897810218978101
20291,1404,2006,203,0.927844202892226,0.995933938552099,0.992157379863784,0.927788280296041,0.924350441894901,0.990332523029932,0.929,,45.9890729068336,0.924350441894901,52.9774127310062,0.416306599293956,0.105162680811391,1.11109000367519,107.45426323636,466.001971705945,1,3.649635036496351e-05
4630,1405,1965,47,0.902376047040612,0.907497392011215,0.808987648226321,0.862892048227992,0.759628765954244,0.758895336988374,0.721,4.81289116815138,4.14378342664646,0.759628765954244,11.9780971937029,0.401237884245906,0.0942893156528619,0.574161099384084,96.6940604714807,91.3316001957719,11,0.0004014598540145985
25974,1406,2021,260,0.204067625644518,0.455817163894737,0.978160257684067,0.167473309902204,0.202480392688215,0.451643169736404,0.193,,9.87531947022149,0.202480392688215,67.9780971937029,0.421819887424057,0.109140989172232,0.953293351370065,14.7988480531229,15.5239901730154,10,0.000364963503649635
18841,1407,2003,189,0.920018878092677,0.927564639150773,0.924101011594757,0.889754966410775,0.865722194917432,0.871989803607326,0.854,112.205986122085,9.25827118312697,0.865722194917432,49.9767282683094,0.415203740416316,0.104366873918988,0.731304484242992,103.800906247067,107.53536662825,7,0.00025547445255474455
5121,1408,1966,52,0.835035148913666,0.986310917340623,0.861401757691056,0.834767050780868,0.74887619424543,0.855556351271964,0.762,,3.81393434194443,0.74887619424543,12.9774127310062,0.401605168452419,0.0945543425832701,0.612846722806171,77.7273327716481,270.650293446806,2,7.299270072992701e-05
15737,1409,1996,158,0.927058187055078,0.73329711447768,0.177299060160294,0.713966655876528,0.17152919977591,0.151385663695245,0.137,3.21403077913386,2.97743317524902,0.17152919977591,42.9760438056126,0.412630738454522,0.102510233203772,0.432876381506804,107.070363823506,38.3835818650239,21,0.0007664233576642335
11233,1410,1982,113,0.652914724963636,0.920845722189459,0.0782627919688821,0.648646203282548,0.0617800860046447,0.0755562102287409,0.052,2.44023675956386,0.604955976480529,0.0617800860046447,28.9774127310062,0.407485740789034,0.0987976778745186,0.41557733061419,49.8190942995527,101.464180191323,14,0.0005109489051094891
20563,1411,2007,206,0.718432497814951,0.891957073935193,0.857499749166891,0.704921780817312,0.644803787448163,0.794659645940299,0.623,3.73860473589093,2.90395711560716,0.644803787448163,53.9767282683094,0.416673883500469,0.1054277077418,0.648490629149678,57.8368458745316,81.8855359429165,8,0.00029197080291970805
21089,1412,2008,211,0.822859296470207,0.964741490034195,0.702590410830453,0.82065958721788,0.604214865126758,0.688537635299372,0.592,6.40596722321411,2.53919379481944,0.604214865126758,54.9760438056126,0.417041167706983,0.105692734672208,0.555149686786914,75.116694797659,165.743570175201,7,0.00025547445255474455
4669,1413,1965,47,0.41440454205994,0.852860199912107,0.205539162503555,0.409633014266617,0.117676106748176,0.190500322299724,0.11,1.48142070110646,0.401822342933967,0.117676106748176,11.9780971937029,0.401237884245906,0.0942893156528619,0.42323968532958,28.7175677420913,64.9176908328171,19,0.0006934306569343065
1693,1414,1958,17,0.992862761443239,0.971573287584465,0.959780967561528,0.969117637728945,0.955592536102644,0.938829730027629,0.919,9.84112135953085,67.8240364193382,0.955592536102644,4.97741273100616,0.398664882284112,0.0924326749376458,0.762144548415844,187.513243712217,186.550212062806,4,0.00014598540145985403
22980,1415,2012,230,0.811541680632123,0.974610296128467,0.176106220809743,0.810625606821276,0.155228157937711,0.174527306026464,0.153,7.96087287817272,1.19345801338452,0.155228157937711,58.9760438056126,0.418511310791136,0.10675356849502,0.439436632906555,72.8378306522935,198.151112546468,4,0.00014598540145985403
18778,1416,2002,188,0.774863056918813,0.919773517875899,0.18028048845008,0.764845355900204,0.155981001247781,0.173731190669657,0.147,2.75328559791512,0.995830180803564,0.155981001247781,48.9774127310062,0.414836456209802,0.104101846988579,0.435783556289023,66.2462748746176,100.562791914379,13,0.00047445255474452553
25278,1417,2019,253,0.941148683697085,0.408314196929392,0.451144155813381,0.400180466677638,0.438469960958315,0.219327015782825,0.21,4.22204521250997,4.33114914332354,0.438469960958315,65.9767282683094,0.42108431275293,0.108610209210236,0.488679321101234,114.65426858082,13.3729038049871,11,0.0004014598540145985
22873,1418,2012,229,0.245210423324201,0.556447921060913,0.253067164216191,0.21712460328451,0.0890727792713951,0.171822962167261,0.085,0.591200274567465,0.338526790331534,0.0890727792713951,58.9760438056126,0.418511310791136,0.10675356849502,0.450219531183543,17.3729772340586,21.2091827633479,46,0.001678832116788321
17654,1419,2000,177,0.673430965314915,0.886670122921968,0.458386081969365,0.662037892787592,0.347094657349099,0.42318507590391,0.307,1.8721253076942,0.92903298183114,0.347094657349099,46.9760438056126,0.414100881538675,0.103571067026584,0.480040782468372,52.1719677827822,79.1057857801034,24,0.0008759124087591241
11866,1420,1984,119,0.90387537230812,0.979930986989036,0.916556729236618,0.902348526919204,0.840748011533429,0.903481724601924,0.833,15.1341171987901,9.84450118706582,0.840748011533429,30.9760438056126,0.408220309202061,0.0993277317353351,0.696250491247809,97.2475935484771,223.887665817607,3,0.00010948905109489051
24566,1421,2017,246,0.64990170624257,0.992281921785795,0.158465586602688,0.649884749578777,0.122246548730309,0.157873787560544,0.127,84.8942831530729,0.637187696383618,0.122246548730309,63.9780971937029,0.420349744339903,0.10808015534942,0.439193784059094,49.4840131708693,353.247753144626,3,0.00010948905109489051
24506,1422,2017,246,0.216340891137597,0.294801304794033,0.3063322044909,0.132326512804676,0.089653420327902,0.106386241690108,0.065,0.448539335064105,0.352745926599893,0.089653420327902,63.9780971937029,0.420349744339903,0.10808015534942,0.460774447207685,15.563439687244,9.15086420329691,70,0.0025547445255474453
24041,1423,2016,241,0.982803409856882,0.905285951751398,0.981033181305975,0.899908403838959,0.968121405785385,0.893942273101475,0.878,13.4684308428369,46.6764650560258,0.968121405785385,62.9760438056126,0.41998145387529,0.107814402317832,0.969422182336747,157.434928203415,89.8533211535806,2,7.299270072992701e-05
13646,1424,1990,137,0.64837235971077,0.791760585255961,0.832918738713488,0.607892408567673,0.572138782211997,0.693026597687891,0.52,2.49980923995244,2.20148705681137,0.572138782211997,36.9774127310062,0.410426026957341,0.100919345520143,0.61216785265296,49.314907591517,48.5061139581241,17,0.0006204379562043796
15611,1425,1995,157,0.642980999752875,0.87227662330842,0.254250443540514,0.630377994755355,0.18751155327218,0.238097673430315,0.205,2.45461554373462,0.688989679708377,0.18751155327218,41.9767282683094,0.412263454248008,0.102245206273363,0.442800569050091,48.7238994047807,72.4012429387861,20,0.00072992700729927
730,1426,1955,8,0.996332632863694,0.981851424658538,0.984473688527942,0.980601044822068,0.982262154959948,0.969567686326901,0.97,,137.378340734247,0.982262154959948,1.97672826830938,0.397562023406472,0.0916368680452419,0.894641700688879,210.098206947128,235.577856586993,1,3.649635036496351e-05
11332,1427,1983,114,0.367963746322743,0.638506080026967,0.298561525531113,0.332522453965957,0.13900569333152,0.220518672912805,0.119,0.746225586331268,0.423297963065872,0.13900569333152,29.9767282683094,0.407853024995547,0.0990627048049269,0.443751960047615,25.4281128964393,27.5660125846315,34,0.0012408759124087592
25972,1428,2021,260,0.664895897708599,0.980021067586052,0.976697366451845,0.664721188439864,0.657577814711679,0.961651256113569,0.645,11.5367348983913,12.5120815476754,0.657577814711679,67.9780971937029,0.421819887424057,0.109140989172232,0.942067827659611,51.1775850425488,224.401593983226,1,3.649635036496351e-05
24353,1429,2016,244,0.730560950641731,0.967187956208802,0.90596663299948,0.729681318333951,0.684508170007337,0.882762416872596,0.689,47.2102811777506,4.16835255980112,0.684508170007337,62.9760438056126,0.41998145387529,0.107814402317832,0.715319120093993,59.5042457778975,172.504160543073,6,0.00021897810218978101
22146,1430,2010,222,0.614465597620227,0.203847722784184,0.813567151781172,0.170926617576368,0.536860576915832,0.18637126559117,0.164,2.03504369877826,1.83776525331698,0.536860576915832,56.9774127310062,0.417776742378109,0.106223514634204,0.615744587657389,45.7224452139661,6.41017246867078,20,0.00072992700729927
16682,1431,1998,167,0.773014015956476,0.512158074104121,0.924087944906205,0.465166985566355,0.737730006110906,0.4915772664143,0.469,12.3348493764462,4.92270791710653,0.737730006110906,44.9774127310062,0.413366313125648,0.103041013165767,0.725427085539472,65.9412326921269,18.4838237951576,10,0.000364963503649635
284,1432,1953,3,0.358332288155443,0.249147455666051,0.943534911843017,0.159533409910974,0.34499076859554,0.240289398132951,0.178,12.6590923720079,4.63783509821913,0.34499076859554,-0.0219028062970568,0.396827454993445,0.0911068141844255,0.710319590408194,24.7660940246779,7.72063803988618,20,0.00072992700729927
13979,1433,1991,140,0.825875289060727,0.745916282293863,0.201832007849589,0.688436365730496,0.183996310599779,0.174119882470983,0.151,1.64029913693129,1.2796804796362,0.183996310599779,37.9767282683094,0.410793311163855,0.101184372450551,0.433919735221595,75.7471672784791,40.2694088576847,21,0.0007664233576642335
9103,1434,1977,92,0.531959621603595,0.49873651809542,0.56600100081414,0.372038675794136,0.345792429404338,0.327491132665736,0.298,1.32779997169973,0.80699891766036,0.345792429404338,23.9780971937029,0.405648313498367,0.0974718171212983,0.491285552738455,38.0007542407727,17.7322788224419,35,0.0012773722627737226
23506,1435,2014,236,0.689273451962,0.37910090845151,0.393063464434817,0.329894511558536,0.311279742951929,0.179742547728109,0.159,0.997610834829259,0.873580548512427,0.311279742951929,60.9774127310062,0.419246885462263,0.107284348457016,0.474478533638457,54.0810410149851,12.1766884925473,43,0.0015693430656934307
1651,1436,1958,17,0.805076405687806,0.575260592765448,0.980117844417691,0.530342659489757,0.796282930707062,0.569851157155388,0.552,,18.0364109298797,0.796282930707062,4.97741273100616,0.398664882284112,0.0924326749376458,0.862679373115395,71.5932082072876,22.4978558614224,7,0.00025547445255474455
12456,1437,1985,125,0.967736023181987,0.961431097602809,0.832041517132893,0.947305370256293,0.815680533811546,0.811782817441689,0.804,20.9203191665337,12.5762486189742,0.815680533811546,31.9780971937029,0.408588599666674,0.0995934847669225,0.607031775249991,135.681044816597,157.561991173534,4,0.00014598540145985403
10439,1438,1979,105,0.0830816862150739,0.797428269483401,0.435081382282078,0.0825310995765224,0.0432292331116467,0.369907203708779,0.05,1.53756031030188,0.380904376397669,0.0432292331116467,25.9767282683094,0.406382881911394,0.0980018709821147,0.464339908357428,7.15675305481275,49.7132022603364,10,0.000364963503649635
11492,1439,1983,115,0.763376135505978,0.478313671739058,0.650657856138423,0.432739293729263,0.537181683785438,0.350227494997608,0.349,2.53804500500715,1.62406616415472,0.537181683785438,29.9767282683094,0.407853024995547,0.0990627048049269,0.518999108231307,64.3876823852722,16.6465002373011,29,0.0010583941605839416
27350,1440,2024,274,0.657958029324665,0.638277449453613,0.960513370577246,0.524554587877636,0.642292121923428,0.622776735508249,0.496,5.42378824301247,8.39605112806143,0.642292121923428,70.9760438056126,0.422921740043597,0.109936069963456,0.858221991432375,50.3857758527196,27.545269959546,11,0.0004014598540145985
12041,1441,1985,121,0.931305139622099,0.965726972889305,0.404343729605898,0.923248996513183,0.387542727344431,0.396809718627103,0.382,8.25572935104723,3.85402063479772,0.387542727344431,31.9780971937029,0.408588599666674,0.0995934847669225,0.461848626276169,109.194412120453,168.386727219868,6,0.00021897810218978101
9462,1442,1977,95,0.275187556232016,0.982523956628153,0.315950392046943,0.275176237914106,0.115348000433718,0.313990865921997,0.117,14.437098230058,0.381526449517522,0.115348000433718,23.9780971937029,0.405648313498367,0.0974718171212983,0.443529364468905,19.2765747763267,240.075506632602,2,7.299270072992701e-05
11731,1443,1983,118,0.915217453786261,0.866642877338646,0.931270091561601,0.83548773931285,0.865487150357671,0.825238300114028,0.786,7.38476977909912,10.5265346251535,0.865487150357671,29.9767282683094,0.407853024995547,0.0990627048049269,0.72142228093875,101.727172262404,70.0675912364674,6,0.00021897810218978101
14725,1444,1994,148,0.998732753784511,0.968969103812612,0.424091609893367,0.968564430951585,0.423932391524559,0.418479617775014,0.422,,180.500878745078,0.423932391524559,40.9774127310062,0.411896170041495,0.101980179342955,0.470102120708614,245.88706931672,177.879044341267,1,3.649635036496351e-05
16623,1445,1998,167,0.751426684256026,0.755846650906596,0.801307267509401,0.658168404497219,0.641486348757636,0.641083054685387,0.554,2.55894513261626,2.2534602644879,0.641486348757636,44.9774127310062,0.413366313125648,0.103041013165767,0.597383045073572,62.5409742039562,41.8553029370711,30,0.0010948905109489052
4755,1446,1965,48,0.920087851879205,0.793586814414366,0.779588128672913,0.769509045144525,0.743416293826447,0.659151721198979,0.644,5.74477154209987,4.57244095957075,0.743416293826447,11.9780971937029,0.401237884245906,0.0942893156528619,0.557792784694827,103.831566128162,48.8896808080161,16,0.0005839416058394161
15281,1447,1995,153,0.17340415710996,0.0879033334240591,0.884902951074764,0.0412948302221679,0.162332962407078,0.0829366283286099,0.04,1.99294538489916,1.92259896825747,0.162332962407078,41.9767282683094,0.412263454248008,0.102245206273363,0.66512517438081,12.893677834751,3.35081599473741,27,0.0009854014598540146
15738,1448,1996,158,0.980991497575975,0.966886721827096,0.793692386709154,0.959406114534844,0.786160034735419,0.78085020377655,0.765,10.0777260064441,17.4274466744152,0.786160034735419,42.9760438056126,0.412630738454522,0.102510233203772,0.591017079470257,153.986423523724,171.634777170118,3,0.00010948905109489051
18091,1449,2001,181,0.93552045702781,0.840754593480644,0.423409047303721,0.820070927946012,0.408704378348463,0.376285685283751,0.367,5.21146920381886,4.01809153614264,0.408704378348463,47.9780971937029,0.414469172003289,0.103836820058171,0.473603286312472,111.432757341933,60.9429501430141,13,0.00047445255474452553
3611,1450,1962,37,0.464002375963536,0.326511753317786,0.0797853758558631,0.235585823834826,0.0497147916858863,0.0392442302144347,0.038,0.48048585892322,0.395313917304716,0.0497147916858863,8.97741273100616,0.400135025368266,0.093493508760458,0.407948323088864,32.4417928928014,10.2234792436901,57,0.0020802919708029196
7818,1451,1973,79,0.981392427396483,0.987093915618668,0.983581201639026,0.97688696694779,0.968699410173528,0.974665754901814,0.956,16.4141791546906,53.6800183884055,0.968699410173528,19.9780971937029,0.404178170414213,0.0964109832984861,0.918239290581472,154.720710761285,278.420032229,2,7.299270072992701e-05
15961,1452,1996,160,0.910303194658333,0.987485697150405,0.985820470843464,0.909740408469478,0.903738777938144,0.977681274207657,0.903,43.9454394571509,26.2635649403396,0.903738777938144,42.9760438056126,0.412630738454522,0.102510233203772,0.984220116870476,99.719216626413,282.549651384999,1,3.649635036496351e-05
26149,1453,2022,262,0.982601239930946,0.996830126747103,0.943038504803553,0.982373922153386,0.932908415853997,0.941586941192569,0.93,45.4606648903764,27.5153458881241,0.932908415853997,68.9774127310062,0.42218717163057,0.10940601610264,0.797287634892658,157.032840057657,516.332989076955,1,3.649635036496351e-05
16028,1454,1996,161,0.890546335218096,0.991398385161027,0.890696632210165,0.89037313838981,0.812630564050358,0.888399752045041,0.838,,6.37194374605927,0.812630564050358,42.9760438056126,0.412630738454522,0.102510233203772,0.673057658439824,92.5937861046415,336.386438765188,2,7.299270072992701e-05
16271,1455,1997,163,0.560065463638908,0.438904274924755,0.177884387783706,0.342417078584793,0.122546909782023,0.108590760821607,0.091,0.654234846305786,0.520024778278721,0.122546909782023,43.9780971937029,0.412999028919135,0.102775986235359,0.433372067462639,40.4923649722934,14.726119173905,65,0.0023722627737226276
22068,1456,2010,221,0.622508907303665,0.778100469714665,0.908101048786193,0.581606158294888,0.589663916030893,0.73570690230858,0.526,2.76753211137653,3.38673308614192,0.589663916030893,56.9774127310062,0.417776742378109,0.106223514634204,0.712013011013778,46.5488820478187,45.7876689613878,12,0.00043795620437956203
20643,1457,2007,207,0.833018389626755,0.830489681848761,0.856809190474451,0.761077741974525,0.735952236464476,0.741390100532636,0.659,3.38393345830994,4.33607566471243,0.735952236464476,53.9767282683094,0.416673883500469,0.1054277077418,0.64784475725579,77.2825712762823,57.9041315492496,13,0.00047445255474452553
15967,1458,1996,160,0.962795345293411,0.972061514097387,0.98537991871126,0.952478861958046,0.953986093337296,0.963907962711557,0.943,28.026356358894,34.4184949430686,0.953986093337296,42.9760438056126,0.412630738454522,0.102510233203772,0.978964970398046,130.721294262414,188.297712164056,2,7.299270072992701e-05
23392,1459,2014,234,0.366306441358886,0.642260742072094,0.649039153708145,0.332123750912407,0.273576343709725,0.458313875892172,0.272,1.48801072511804,0.774501104346536,0.273576343709725,60.9774127310062,0.419246885462263,0.107284348457016,0.539053937650654,25.3137427104136,27.9095569004393,27,0.0009854014598540146
20104,1460,2006,202,0.987951234352262,0.948259306223514,0.911590595031157,0.944238748208313,0.905772702496903,0.888916680627159,0.887,48.4614022658266,32.0982302732446,0.905772702496903,52.9774127310062,0.416306599293956,0.105162680811391,0.713060613253845,169.64240511945,132.678431584358,2,7.299270072992701e-05
3343,1461,1961,34,0.632591128914837,0.655011247178952,0.161541915964335,0.522219852325202,0.12431825372573,0.13041220655577,0.12,0.962436023133636,0.605720652050598,0.12431825372573,7.97809719370294,0.399767741161752,0.0932284818300497,0.416371110263852,47.6067724327203,29.1186472806381,31,0.0011313868613138686
8736,1462,1975,88,0.761389672758436,0.538474285635008,0.499193691182882,0.485115319475468,0.411362949730543,0.305918017555622,0.295,1.84606346540903,1.32643951071453,0.411362949730543,21.9767282683094,0.40491273882724,0.0969410371593026,0.47485285260784,64.0747912897514,20.0544848938842,40,0.00145985401459854
26763,1463,2023,268,0.703027531498611,0.228349157562949,0.509700218914077,0.201716647710528,0.392656809349747,0.148427911426956,0.152,1.33578708059205,1.11154919156201,0.392656809349747,69.9767282683094,0.422554455837084,0.109671043033048,0.504211627966167,55.8109194189228,7.10710557625419,27,0.0009854014598540146
10804,1464,1981,109,0.374528206304856,0.325056802209135,0.976993056945503,0.20721933333944,0.371580127828701,0.322118247683401,0.215,21.414093836845,9.97065408258155,0.371580127828701,27.9780971937029,0.407118456582521,0.0985326509441104,0.878788911569564,25.883035719905,10.1726714474527,19,0.0006934306569343065
16612,1465,1998,167,0.0515526579767972,0.159729107582553,0.890873159281909,0.0287618702247265,0.0494191679270902,0.151529912450863,0.028,2.00891908320336,1.86927504139844,0.0494191679270902,44.9774127310062,0.413366313125648,0.103041013165767,0.675359742087934,4.97788288505179,5.21274653919636,18,0.000656934306569343
2182,1466,1959,22,0.970110428335131,0.643361788715472,0.977042216574773,0.636915793213961,0.953916259482251,0.634940249338674,0.64,,29.5699877426072,0.953916259482251,5.97672826830938,0.399032166490626,0.0926977018680541,0.843084877285554,138.336331521301,28.0113496723062,3,0.00010948905109489051
4805,1467,1965,49,0.199012257661409,0.716768550003435,0.789265775354579,0.193363532004399,0.177473720538618,0.606333895069252,0.187,2.34949806740988,1.0571065472942,0.177473720538618,11.9780971937029,0.401237884245906,0.0942893156528619,0.562895828103639,14.4844338234588,36.1077019583924,15,0.0005474452554744526
23606,1468,2015,237,0.583300792214919,0.92441551766765,0.898890769574791,0.58078954149586,0.545645371580307,0.842715378488738,0.536,7.53488308761071,3.15189900590712,0.545645371580307,61.9767282683094,0.419614169668776,0.107549375387424,0.703867362021066,42.6547381297422,104.594657509472,4,0.00014598540145985403
25090,1469,2018,251,0.423777602369321,0.712637888036997,0.0834263814613223,0.396750828134817,0.0480920825788562,0.0671886942819782,0.038,0.786813839956623,0.369762249276447,0.0480920825788562,64.9774127310062,0.420717028546417,0.108345182279828,0.430205500130062,29.403203740872,35.5700438658167,46,0.001678832116788321
12387,1470,1985,124,0.521237792882558,0.848600729775321,0.862710249377415,0.511753223848405,0.472844030988982,0.754963762516546,0.447,3.33265317666562,2.24982029965019,0.472844030988982,31.9780971937029,0.408588599666674,0.0995934847669225,0.632290257569343,37.0826013977693,63.4662753323331,9,0.0003284671532846715
26437,1471,2022,265,0.994228951908429,0.988708675287063,0.984749767463654,0.986454470462471,0.98088850039849,0.976680859153835,0.969,27.2611957039858,104.724048063414,0.98088850039849,68.9774127310062,0.42218717163057,0.10940601610264,1.01891703274144,194.73561432777,296.644927469893,1,3.649635036496351e-05
3301,1472,1961,34,0.600061550572617,0.47857705625607,0.60365109751001,0.384942801776546,0.411150811791955,0.342863024600848,0.32,1.4634117733835,0.964142742221,0.411150811791955,7.97809719370294,0.399767741161752,0.0932284818300497,0.491093628217056,44.2790730955363,16.6600835778679,51,0.0018613138686131387
6080,1473,1968,61,0.941651687059061,0.931868029615875,0.0776819861494005,0.906747563948971,0.0764971111103683,0.0758437989754314,0.074,5.90200815409688,3.49873988235631,0.0764971111103683,14.9760438056126,0.402339736865446,0.0950843964440866,0.410066716191905,114.956634373809,111.859695198398,3,0.00010948905109489051
17714,1474,2000,178,0.472990608774043,0.394747511586969,0.109962921589613,0.282626648588678,0.0659218866222875,0.0537473769560654,0.06,0.548554070114289,0.414105805086947,0.0659218866222875,46.9760438056126,0.414100881538675,0.103571067026584,0.426252032213996,33.1440736963465,12.8064724825391,73,0.0026642335766423357
26686,1475,2023,267,0.363516973444573,0.540539811455275,0.0716510701458901,0.29990958892666,0.0345261970647595,0.0510223247368586,0.029,0.525278701760755,0.333690296595885,0.0345261970647595,69.9767282683094,0.422554455837084,0.109671043033048,0.430745237368553,25.1216733327294,20.1836233154709,52,0.0018978102189781021
15794,1476,1996,158,0.522250726504791,0.778090269973592,0.643246620660648,0.497979169131371,0.377829647716589,0.544845950797446,0.365,1.78464428778907,0.94191980909575,0.377829647716589,42.9760438056126,0.412630738454522,0.102510233203772,0.525202147018164,37.1686237545144,45.7857327695457,27,0.0009854014598540146
18823,1477,2003,189,0.861348250183119,0.970000391301335,0.409378218697384,0.859113942564797,0.376085375025034,0.404245582438919,0.396,73.5824385456031,1.89827331469861,0.376085375025034,49.9767282683094,0.415203740416316,0.104366873918988,0.471960453720948,84.0580092892038,181.189076497008,5,0.0001824817518248175
16441,1478,1997,165,0.964675666256684,0.361236676909892,0.865985242882743,0.356987081874191,0.846802397371561,0.34012929970482,0.318,5.87868863330311,12.3904312368081,0.846802397371561,43.9780971937029,0.412999028919135,0.102775986235359,0.647013429021226,132.528199889272,11.4863191480117,3,0.00010948905109489051
26804,1479,2023,269,0.625453497911214,0.18417043205156,0.443686517188326,0.155729903482343,0.315056653499573,0.100033643709476,0.083,0.852842992586393,0.813283726148936,0.315056653499573,69.9767282683094,0.422554455837084,0.109671043033048,0.489218748994041,46.8552702440929,5.86803828671913,36,0.001313868613138686
17933,1480,2001,180,0.760921941859588,0.936979759469189,0.928038457175717,0.755781573289388,0.725506305910507,0.879267235484582,0.7,5.77784929034964,5.47256908093612,0.725506305910507,47.9780971937029,0.414469172003289,0.103836820058171,0.736559652160584,64.0014692845999,117.525959985278,5,0.0001824817518248175
22844,1481,2012,229,0.128298095864597,0.376205791725011,0.339656441006809,0.101337900136986,0.0633434063957102,0.162635338663661,0.049,0.460663572895319,0.335914912483657,0.0633434063957102,58.9760438056126,0.418511310791136,0.10675356849502,0.463951369311529,10.0751276761439,12.0627869332835,60,0.0021897810218978104
14462,1482,1993,145,0.843520599484086,0.966862752417728,0.922736568376422,0.841192696465204,0.795455647186322,0.903304003346143,0.785,9.16068573458152,6.8496717848996,0.795455647186322,39.9780971937029,0.411528885834981,0.101715152412547,0.71712058811667,79.6569690475956,171.566067747548,6,0.00021897810218978101
10049,1483,1979,101,0.904157352683752,0.900877654311995,0.86410359130241,0.858822618297441,0.796309821227601,0.796604122946513,0.756,7.51937248641134,7.13041018641989,0.796309821227601,25.9767282683094,0.406382881911394,0.0980018709821147,0.62778330814171,97.3526273470052,87.0487732283249,8,0.00029197080291970805
12031,1484,1985,121,0.0545298994111784,0.522831271997766,0.812176196370274,0.0512517364240491,0.0482486508381011,0.449542972923354,0.042,1.70204085684827,1.10167007365073,0.0482486508381011,31.9780971937029,0.408588599666674,0.0995934847669225,0.5932923139181,5.19242164829046,19.1046825017649,15,0.0005474452554744526
14375,1485,1993,144,0.124788971698398,0.419123401784946,0.830411845585331,0.104141623534678,0.115165627765092,0.383180588969237,0.108,1.6643972443754,1.25027497859163,0.115165627765092,39.9780971937029,0.411528885834981,0.101715152412547,0.612979925388805,9.85336259417502,13.8385857002976,28,0.0010218978102189782
17441,1486,2000,175,0.370798274891944,0.925873585662108,0.96790683362633,0.37011992449335,0.366140307693595,0.902859475219603,0.365,20.962134236594,7.28990515876805,0.366140307693595,46.9760438056126,0.414100881538675,0.103571067026584,0.856422952285328,25.624170983177,105.934235397403,2,7.299270072992701e-05
2586,1487,1960,26,0.667393329568186,0.474120009929757,0.905694771092385,0.403334018933789,0.637807533800474,0.451067475991127,0.428,11.7640705290816,3.09026192438467,0.637807533800474,6.97604380561259,0.399399450697139,0.0929627287984623,0.653695906991213,51.4661884897188,16.4316406025082,22,0.000802919708029197
5444,1488,1966,55,0.65185154798656,0.960787773119911,0.852463171584532,0.651058074156689,0.5819764654987,0.829908268310646,0.585,15.5759415338421,2.57527045794757,0.5819764654987,12.9774127310062,0.401605168452419,0.0945543425832701,0.605358961590698,49.7005643501983,156.084247977305,6,0.00021897810218978101
18568,1489,2002,186,0.031464693598858,0.993589541561501,0.0535400037188083,0.0314646608245233,0.0037539688225284,0.0534889505682325,0.005,39.1133677283296,0.217687247438478,0.0037539688225284,48.9774127310062,0.414836456209802,0.104101846988579,0.420584048514336,3.45018625388472,383.555415011859,1,3.649635036496351e-05
7571,1490,1972,76,0.998883150813802,0.994169653361556,0.992905758321285,0.993785780357493,0.992300536065108,0.988900216963295,0.986,66.0508331536145,390.909837353367,0.992300536065108,18.9760438056126,0.4038098799496,0.0961452302668987,1.05651936793476,250.124670528322,399.760635696052,1,3.649635036496351e-05
6183,1491,1969,62,0.936232134959758,0.896673496809249,0.579120569629595,0.872735715265408,0.560411025094445,0.544689447404277,0.531,5.74547768849613,4.43869184998574,0.560411025094445,15.9780971937029,0.40270802733006,0.095350149475674,0.489727074587663,111.824648030816,84.5357139545404,16,0.0005839416058394161
19443,1492,2004,195,0.893137425078688,0.791519004919541,0.80619425419718,0.757395384880637,0.740126749195762,0.673818026792876,0.622,3.41941852403959,4.90255318578255,0.740126749195762,50.9760438056126,0.415571024622829,0.104631900849396,0.605605677537148,93.4540679392269,48.4557484995794,15,0.0005474452554744526
15325,1493,1995,154,0.534666246233516,0.728531383393688,0.717157105915248,0.492720657624404,0.416106158495943,0.555693709427493,0.398,2.32110678713088,1.21741285315848,0.416106158495943,41.9767282683094,0.412263454248008,0.102245206273363,0.551836501393384,38.2352437126418,37.7059606067369,30,0.0010948905109489052
25698,1494,2020,257,0.433571778991767,0.192457330546979,0.803394900634885,0.138470511529849,0.376684665992565,0.168672724927939,0.147,1.86212990758944,1.43145492718605,0.376684665992565,66.9760438056126,0.421451596959443,0.108875236140644,0.617288262886309,30.1282723752722,6.09460837128385,19,0.0006934306569343065
21975,1495,2010,220,0.0765269501164886,0.141593016812923,0.63020034157671,0.0359757864506207,0.0601687926949218,0.109466845142604,0.039,0.628355584190941,0.565864504969452,0.0601687926949218,56.9774127310062,0.417776742378109,0.106223514634204,0.530110228479129,6.71771760071214,4.73676172670288,62,0.002262773722627737
21323,1496,2009,214,0.451065503620642,0.292680181688125,0.262362645240501,0.20977189852602,0.141961069120044,0.0989237239804414,0.103,0.585568612799671,0.466708601708285,0.141961069120044,55.9780971937029,0.417409458171596,0.105958487703795,0.450257449837724,31.4465537315862,9.08159071553605,78,0.0028467153284671533
16848,1497,1998,169,0.713821673358554,0.956102741672298,0.168353256769478,0.712262922333743,0.141187926227056,0.165172570291147,0.141,5.08314150796598,0.772162026663471,0.141187926227056,44.9774127310062,0.413366313125648,0.103041013165767,0.4325763599759,57.2201112585597,146.249838235476,9,0.0003284671532846715
8369,1498,1974,84,0.821677460350066,0.722060492636821,0.697954102186486,0.666132050020227,0.602914969725993,0.542010877169569,0.519,3.97094524941824,2.40143873490994,0.602914969725993,20.9774127310062,0.404545454620727,0.0966760102288944,0.529140188679832,74.8724013486929,36.8140920357221,32,0.0011678832116788322
23643,1499,2015,237,0.919467318877645,0.962247289408999,0.92026184569113,0.911321247991179,0.860461505259351,0.892980410695477,0.839,8.40805644274066,9.64676410565228,0.860461505259351,61.9767282683094,0.419614169668776,0.107549375387424,0.738112432215315,103.556647352272,159.486653448056,3,0.00010948905109489051
24885,1500,2018,249,0.970766175422079,0.549220441323062,0.671453337417915,0.543866741653809,0.661357188249189,0.391790026842497,0.391,13.7230660464545,10.4505900389507,0.661357188249189,64.9774127310062,0.420717028546417,0.108345182279828,0.549863576921496,139.106185248971,20.7363115796485,7,0.00025547445255474455
3573,1501,1962,36,0.474561914501697,0.442768708301723,0.970358548918739,0.312922406984419,0.468144581572257,0.437514734699719,0.356,,8.6117371041843,0.468144581572257,8.97741273100616,0.400135025368266,0.093493508760458,0.810765200762258,33.2677882763835,14.9051365873178,12,0.00043795620437956203
14843,1502,1994,149,0.76290119138182,0.515250405052186,0.851402761414647,0.465206611648282,0.675928197947422,0.470607721822227,0.43,3.83228586711328,3.24547585954329,0.675928197947422,40.9774127310062,0.411896170041495,0.101980179342955,0.630730297888369,64.3126523501023,18.6615274323732,18,0.000656934306569343
22994,1503,2012,230,0.990973781945101,0.938597384737817,0.966554153943434,0.935710985560339,0.960589894753385,0.916330844292682,0.926,,65.3176638967639,0.960589894753385,58.9760438056126,0.418511310791136,0.10675356849502,0.867743714974795,179.51288873021,119.455624101413,1,3.649635036496351e-05
22421,1504,2011,225,0.978987303500026,0.484446861400302,0.308549478417262,0.481077760111708,0.305932829505606,0.184337431817823,0.181,10.8906492079308,10.8719005558028,0.305932829505606,57.9767282683094,0.418144026584623,0.106488541564612,0.458329944982379,150.530446095653,16.9655791946545,7,0.00025547445255474455
24529,1505,2017,246,0.942892462308089,0.962043239930142,0.187808839138597,0.930642557917451,0.183329806741164,0.183601417439038,0.199,34.309785712826,3.8002219306993,0.183329806741164,63.9780971937029,0.420349744339903,0.10808015534942,0.443119544035448,115.713486021392,159.000123601767,5,0.0001824817518248175
16325,1506,1997,164,0.0393102551393026,0.104952215606738,0.77965115243569,0.0175952305522263,0.0352181345451986,0.0943566151294935,0.02,0.983979064209718,0.924826722396268,0.0352181345451986,43.9780971937029,0.412999028919135,0.102775986235359,0.58368025154495,4.06658908510729,3.79054177823775,39,0.0014233576642335767
3226,1507,1961,33,0.86593479890667,0.66926724297273,0.593509629834443,0.634586433690844,0.544372693103603,0.457802933991523,0.436,2.77583511450285,2.35492861535898,0.544372693103603,7.97809719370294,0.399767741161752,0.0932284818300497,0.488461408128393,85.2775511269728,30.5540550176612,23,0.0008394160583941605
15306,1508,1995,154,0.856681047269823,0.641090460574927,0.630075564375147,0.605613305205378,0.564758536040445,0.440254098653061,0.426,3.52243727597303,2.56403930479956,0.564758536040445,41.9767282683094,0.412263454248008,0.102245206273363,0.5203508675867,82.8559267375783,27.8018880151252,22,0.000802919708029197
21953,1509,2010,220,0.321713995240512,0.612332855553531,0.517944510560483,0.289311572519598,0.2066452162305,0.365956210773513,0.199,0.948219451243168,0.544978862493218,0.2066452162305,56.9774127310062,0.417776742378109,0.106223514634204,0.498833579412212,22.3030860133076,25.3146383092191,30,0.0010948905109489052
6724,1510,1970,68,0.261329567685006,0.783656366529415,0.900134524330497,0.256702325293876,0.246808049007501,0.735699783066303,0.24,3.69756172345029,2.34345824882192,0.246808049007501,16.9774127310062,0.403075311536573,0.0956151764060822,0.657351719384331,18.392829109724,46.8624639371906,8,0.00029197080291970805
4763,1511,1965,48,0.515870298339364,0.753686866511736,0.916553743416443,0.485659652499145,0.496017575367984,0.71684003882833,0.479,5.98688421641507,3.14497384623559,0.496017575367984,11.9780971937029,0.401237884245906,0.0942893156528619,0.674653121780915,36.6292143793561,41.5022334313797,13,0.00047445255474452553
10673,1512,1980,107,0.560041774598466,0.919191002941454,0.696679630549625,0.557467848011176,0.417814289828232,0.656260402277159,0.41,4.38306862407413,1.24151976294367,0.417814289828232,26.9760438056126,0.406750166117907,0.098266897912523,0.532916677042139,40.4902099185899,100.080218028761,9,0.0003284671532846715
9216,1513,1977,93,0.946631093024194,0.993934290715013,0.965603269636631,0.946410926562796,0.92348975688411,0.962428634246212,0.929,,17.7692576583632,0.92348975688411,23.9780971937029,0.405648313498367,0.0974718171212983,0.81169701344531,118.094900154077,392.939243093547,2,7.299270072992701e-05
8434,1514,1975,85,0.740651253991487,0.656760730605112,0.896262775408104,0.577213697357143,0.685860784123515,0.611929452274334,0.503,2.55332707373619,4.08607273614085,0.685860784123515,21.9767282683094,0.40491273882724,0.0969410371593026,0.657845601771615,60.9446803641809,29.2898852773324,13,0.00047445255474452553
3101,1515,1961,32,0.777427978403164,0.756931663450393,0.304869138635695,0.673518164294194,0.270861170889757,0.267258930399588,0.232,1.42440519503151,1.06064754079876,0.270861170889757,7.97809719370294,0.399767741161752,0.0932284818300497,0.434432200537529,66.6733008264283,42.0344470834508,37,0.0013503649635036496
12687,1516,1986,127,0.834797434017343,0.886120210992957,0.825557111995295,0.800829326217604,0.719280788777312,0.761168531250017,0.675,3.34426410295142,3.39407351659452,0.719280788777312,32.9774127310062,0.408955883873188,0.0998585116973308,0.603237947760599,77.6746418534104,78.8273839232807,13,0.00047445255474452553
20937,1517,2008,210,0.152639696265787,0.4957057388764,0.521743926918134,0.134324098398778,0.0966367389457927,0.298937535628574,0.089,0.738527862591626,0.473649554104864,0.0966367389457927,54.9760438056126,0.417041167706983,0.105692734672208,0.498607427909478,11.6014994611061,17.5668624067684,38,0.001386861313868613
435,1518,1953,5,0.612291867154445,0.786765856908153,0.902118583908305,0.576868689244723,0.571366052841594,0.727300645036693,0.538,5.50068936463728,3.51150709945245,0.571366052841594,-0.0219028062970568,0.396827454993445,0.0911068141844255,0.641537409333291,45.5016687767431,47.4821168913949,17,0.0006204379562043796
24236,1519,2016,243,0.544173358325219,0.972441801796035,0.986586125567555,0.543993986082056,0.540948516369771,0.962042582254787,0.534,20.4419571207515,19.6289491128353,0.540948516369771,62.9760438056126,0.41998145387529,0.107814402317832,1.03122658972117,39.0678755329557,189.688124145351,1,3.649635036496351e-05
7065,1520,1971,71,0.337830616450654,0.0788063388883349,0.994407936464995,0.0521404861356145,0.337232489658311,0.0787302358820962,0.073,,40.048564951063,0.337232489658311,17.9767282683094,0.403442595743086,0.0958802033364905,1.09662415651013,23.3771623670001,3.11418097953235,3,0.00010948905109489051
24788,1521,2018,248,0.95338147845306,0.950156468125764,0.647478238446638,0.92911937119873,0.630705183824014,0.623552278977983,0.607,7.88623351851424,6.70118515844219,0.630705183824014,64.9774127310062,0.420717028546417,0.108345182279828,0.541162739142304,122.839488654958,135.685630500025,8,0.00029197080291970805
17772,1522,2000,178,0.95768955599814,0.798842477888838,0.697227702708915,0.786989741507925,0.680134845236908,0.582042943003931,0.596,,7.93097308353592,0.680134845236908,46.9760438056126,0.414100881538675,0.103571067026584,0.547294109543234,126.232390781273,50.0222370953153,11,0.0004014598540145985
7017,1523,1971,71,0.947059734491546,0.983197388812711,0.975152293220162,0.944718010247141,0.930287968233824,0.963852521987606,0.924,21.1660729423172,24.7649174052605,0.930287968233824,17.9767282683094,0.403442595743086,0.0958802033364905,0.850791166406927,118.37826270273,244.820200516218,1,3.649635036496351e-05
11700,1524,1983,118,0.972650117951505,0.985531325499605,0.993955672020093,0.968846797578853,0.968832560185676,0.981561984617676,0.949,11.0471439064024,89.8161825299916,0.968832560185676,29.9767282683094,0.407853024995547,0.0990627048049269,1.10962814009035,141.416127867833,263.486631719479,1,3.649635036496351e-05
13140,1525,1988,132,0.91866733451803,0.980886505848936,0.98955612629652,0.916929140297023,0.912568648733548,0.973858414595423,0.891,8.60354303032209,46.0279287635761,0.912568648733548,34.9760438056126,0.409690452286214,0.100388565558147,1.0219492096033,103.205237511254,229.504947779483,1,3.649635036496351e-05
6056,1526,1968,61,0.80897529299184,0.813758187061107,0.510258964495733,0.73416740573275,0.455382327784,0.451481664319323,0.397,1.80116971638195,1.46898887045959,0.455382327784,14.9760438056126,0.402339736865446,0.0950843964440866,0.473254461717513,72.3390428146125,53.4903060155901,23,0.0008394160583941605
4158,1527,1964,42,0.380165659639615,0.393249195122258,0.190511776832864,0.245570902882784,0.0944210593968111,0.0945720698663533,0.064,0.491838674280558,0.381866224706081,0.0944210593968111,10.9760438056126,0.400869593781293,0.0940235626212744,0.420999548933373,26.2762094171829,12.7450997808827,80,0.00291970802919708
7893,1528,1973,79,0.977772137924701,0.940635723620834,0.517252969089895,0.93282306954333,0.511928088571989,0.5039362813915,0.503,19.9469234878307,11.8322320426671,0.511928088571989,19.9780971937029,0.404178170414213,0.0964109832984861,0.477596248406613,148.589791712745,121.99141417485,3,0.00010948905109489051
5332,1529,1966,54,0.983125188582671,0.920138887728975,0.997755592688918,0.914715671674323,0.982069917248997,0.91923685874559,0.909,33.3179034327265,168.189344027631,0.982069917248997,12.9774127310062,0.401605168452419,0.0945543425832701,1.25682932901649,158.084611344702,100.868022905149,1,3.649635036496351e-05
5510,1530,1966,56,0.987153457107583,0.959989225128086,0.990582943195477,0.955491063146593,0.980428708071001,0.953835555708661,0.95,98.5366569822402,74.285712198848,0.980428708071001,12.9774127310062,0.401605168452419,0.0945543425832701,0.995438751537571,167.446662345467,154.295973926004,1,3.649635036496351e-05
21932,1531,2010,220,0.956895300443107,0.975886413886079,0.879952148767188,0.95027908913599,0.856866624446199,0.868620710169126,0.833,6.65943881035975,9.99042156548495,0.856866624446199,56.9774127310062,0.417776742378109,0.106223514634204,0.674672008291871,125.582185316076,203.608145259312,3,0.00010948905109489051
6360,1532,1969,64,0.626050868846607,0.909276602094032,0.954612078377977,0.621025900025822,0.611520689474902,0.883978195977919,0.596,6.53910268842028,6.48135558258278,0.611520689474902,15.9780971937029,0.40270802733006,0.095350149475674,0.760739368416552,46.917683676284,92.5580905818155,5,0.0001824817518248175
4031,1533,1963,41,0.630668873427106,0.863645059479822,0.667877631727606,0.616964942605187,0.468384315477678,0.604197440393754,0.443,2.370928607314,1.17759408002068,0.468384315477678,9.97672826830938,0.400502309574779,0.0937585356908662,0.511100331271255,47.4031353193285,68.8833208061254,17,0.0006204379562043796
620,1534,1955,7,0.931450598230911,0.906256341472457,0.423595973057672,0.878918341006146,0.407367214528924,0.400363091844708,0.378,4.22424536466793,3.82258297324974,0.407367214528924,1.97672826830938,0.397562023406472,0.0916368680452419,0.449780149908641,109.269399888922,90.4958581277235,14,0.0005109489051094891
5539,1535,1966,56,0.422453989798619,0.953639022408406,0.159301277948543,0.422152418518101,0.0897128764744305,0.155658414309451,0.104,7.10999395184801,0.3937336434454,0.0897128764744305,12.9774127310062,0.401605168452419,0.0945543425832701,0.418186893326493,29.3059006347539,141.644287195492,4,0.00014598540145985403
3744,1536,1962,38,0.870952697593451,0.949081287729261,0.633557973895222,0.862572723487145,0.577035226399291,0.616291911176045,0.555,4.2276235512874,2.75768669309985,0.577035226399291,8.97741273100616,0.400135025368266,0.093493508760458,0.499969326112425,86.6583290279571,133.962140038923,7,0.00025547445255474455
22772,1537,2012,228,0.773608332131558,0.240063807886327,0.93714122986421,0.219765241521743,0.741899646232889,0.23416714043216,0.221,8.32685978803743,6.42052838372934,0.741899646232889,58.9760438056126,0.418511310791136,0.10675356849502,0.769701667462733,66.0390260767047,7.45002230499765,11,0.0004014598540145985
7993,1538,1973,80,0.894559585715498,0.290621727933809,0.40816943673417,0.28000809805872,0.382655627975379,0.151671613124546,0.15,2.81751297642181,2.50229568345254,0.382655627975379,19.9780971937029,0.404178170414213,0.0964109832984861,0.456398181773549,93.9348182091228,9.01464456284407,14,0.0005109489051094891
7096,1539,1971,71,0.831188819117874,0.975806889696731,0.71691839187406,0.830204992476194,0.626342010814956,0.709689700499558,0.633,21.453235519183,2.55640712895577,0.626342010814956,17.9767282683094,0.403442595743086,0.0958802033364905,0.534232574257201,76.8834704137934,203.256649530054,7,0.00025547445255474455
6141,1540,1969,62,0.814449086636903,0.610530577470722,0.639790239976719,0.564862078368413,0.558737654070344,0.436871654901259,0.425,2.82879496709785,1.91390623053588,0.558737654070344,15.9780971937029,0.40270802733006,0.095350149475674,0.506374997928405,73.4106800312884,25.1682136385417,35,0.0012773722627737226
4389,1541,1964,44,0.811965017754896,0.513203109367318,0.868127058027312,0.475870859678399,0.73155534098116,0.467517327456665,0.466,12.7809059672089,3.88626720879098,0.73155534098116,10.9760438056126,0.400869593781293,0.0940235626212744,0.616891770711144,72.920721485962,18.5436823710832,21,0.0007664233576642335
7712,1542,1973,78,0.768380299176825,0.966373355199714,0.531693996163085,0.767143575555755,0.450564062754054,0.525651078675769,0.47,28.9390937801068,1.32899401359034,0.450564062754054,19.9780971937029,0.404178170414213,0.0964109832984861,0.480801623940293,65.1868246545874,170.177984117581,6,0.00021897810218978101
25306,1543,2019,254,0.96640753265978,0.713507889133695,0.889947453513741,0.70538632204352,0.870021223138395,0.658896478561006,0.667,,14.634606476828,0.870021223138395,65.9767282683094,0.42108431275293,0.108610209210236,0.696037333186547,134.277871094555,35.6823100840358,4,0.00014598540145985403
5884,1544,1968,59,0.9404632140927,0.361466394370755,0.99255762854591,0.354194671923835,0.936876067445922,0.360579624930635,0.365,,51.8776491634566,0.936876067445922,14.9760438056126,0.402339736865446,0.0950843964440866,1.0395529622042,114.24624603105,11.4950120257798,1,3.649635036496351e-05
3600,1545,1962,37,0.852307288077181,0.942504558713952,0.24439451424405,0.843245916053442,0.225561129559959,0.239178566149125,0.207,3.23733288515722,1.55208011934964,0.225561129559959,8.97741273100616,0.400135025368266,0.093493508760458,0.426787177250386,81.762827312508,124.426160277233,9,0.0003284671532846715
4079,1546,1963,41,0.931554321871002,0.484185318929731,0.783557211281732,0.472831638849287,0.751181438327951,0.410684976507835,0.41,7.87364326809902,5.54478862720762,0.751181438327951,9.97672826830938,0.400502309574779,0.0937585356908662,0.558226221308652,109.322966665523,16.9518529187729,8,0.00029197080291970805
20885,1547,2008,209,0.289174248994731,0.0845785957405807,0.941270841751248,0.0519312961312423,0.280074974930215,0.0824813725231423,0.062,5.33846436660752,4.02983007692621,0.280074974930215,54.9760438056126,0.417041167706983,0.105692734672208,0.774841231249096,20.1760509940549,3.2645696514029,11,0.0004014598540145985
2343,1548,1959,24,0.712495593930182,0.215556939503186,0.980224025901407,0.191471748901636,0.70793489424501,0.214062154752,0.217,,13.1446856997585,0.70793489424501,5.97672826830938,0.399032166490626,0.0926977018680541,0.865177013076753,57.0444126318287,6.7399830923224,11,0.0004014598540145985
5681,1549,1967,57,0.399078770296367,0.140846239039011,0.435416745953262,0.0986658586491185,0.206156211457907,0.0758248805372259,0.055,0.570930727410337,0.538125237827261,0.206156211457907,13.9767282683094,0.401972452658933,0.0948193695136783,0.458107750287438,27.6129879418335,4.71731100847604,56,0.0020437956204379564
14913,1550,1994,150,0.94414644906587,0.668947481708469,0.051707828650251,0.656014952930767,0.0502271928830615,0.0409096901292149,0.029,3.74882311426156,3.6783019521014,0.0502271928830615,40.9774127310062,0.411896170041495,0.101980179342955,0.417328096245659,116.494855385129,30.5208277974049,14,0.0005109489051094891
18265,1551,2001,183,0.905885355479395,0.89885648721918,0.959933117264882,0.858241450671287,0.881002402048937,0.875018118863572,0.828,9.26483033026991,13.1718210739179,0.881002402048937,47.9780971937029,0.414469172003289,0.103836820058171,0.823376230450632,98.0028732263085,85.8219156711149,4,0.00014598540145985403
14982,1552,1994,150,0.870427816169731,0.803932628516039,0.969991363817826,0.758814639768826,0.851990791316056,0.789718501297614,0.761,,17.2836776419744,0.851990791316056,40.9774127310062,0.411896170041495,0.101980179342955,0.857875204949231,86.5115146219461,51.1617581402042,3,0.00010948905109489051
23146,1553,2013,232,0.925128165842229,0.745114129049261,0.58571177534759,0.724777203413381,0.561295085152357,0.473491064394515,0.487,12.0414591862564,3.96391694271047,0.561295085152357,59.9780971937029,0.41887960125575,0.107019321526608,0.518426914814848,106.144491141256,40.1453690166718,14,0.0005109489051094891
8570,1554,1975,86,0.64431428569583,0.560129888992749,0.99057171237655,0.462051511613819,0.641992493300591,0.557885594389133,0.506,,28.143268035425,0.641992493300591,21.9767282683094,0.40491273882724,0.0969410371593026,1.01353173563021,48.8693195050271,21.4546862969727,6,0.00021897810218978101
4372,1555,1964,44,0.939710670861169,0.989513994712231,0.926674892893061,0.939047834227131,0.883981448216201,0.920663390046323,0.888,,11.3662942281901,0.883981448216201,10.9760438056126,0.400869593781293,0.0940235626212744,0.690091968352944,113.803533341091,307.09557195741,2,7.299270072992701e-05
3754,1556,1962,38,0.0606363605877922,0.211447477787381,0.255351538071409,0.0389750439630324,0.0224633677058574,0.074636462229899,0.019,0.339190303336508,0.28309546298881,0.0224633677058574,8.97741273100616,0.400135025368266,0.093493508760458,0.428201489006488,5.62552816026742,6.62357940185242,90,0.0032846715328467154
16909,1557,1998,170,0.457892299648598,0.937116805251261,0.988611647859216,0.457118181194602,0.455823896054657,0.929741800959845,0.455,49.2231909794019,21.4593459389591,0.455823896054657,44.9774127310062,0.413366313125648,0.103041013165767,1.02634121477665,31.9695055928254,117.686729056535,3,0.00010948905109489051
6018,1558,1968,61,0.941878262921579,0.954959861293746,0.849667161237448,0.925094125915741,0.821698570043093,0.827117858859805,0.791,5.49371020964133,6.63280709644587,0.821698570043093,14.9760438056126,0.402339736865446,0.0950843964440866,0.604985037904269,115.093664217918,144.069845243087,3,0.00010948905109489051
1917,1559,1958,20,0.213403250556141,0.315820857805582,0.975315727526322,0.137771492694907,0.211720274642329,0.312606963597641,0.166,,8.6951620087789,0.211720274642329,4.97741273100616,0.398664882284112,0.0924326749376458,0.83088504046852,15.3802392662831,9.85383404622349,12,0.00043795620437956203
16346,1560,1997,164,0.467379118426165,0.453754008972011,0.771112492540851,0.316394903558668,0.398344167599804,0.391682065962322,0.324,2.2178968998521,1.25115296378674,0.398344167599804,43.9780971937029,0.412999028919135,0.102775986235359,0.578993942803481,32.704563670742,15.4246270740298,31,0.0011313868613138686
5541,1561,1966,56,0.901048865221309,0.996601820159866,0.997550551313907,0.90102591343112,0.900275010837624,0.994671313601715,0.93,,119.360635037165,0.900275010837624,12.9774127310062,0.401605168452419,0.0945543425832701,1.23955605467151,96.2108806334596,501.882048717031,1,3.649635036496351e-05
6667,1562,1970,67,0.876176539180195,0.85801101245641,0.876538406824693,0.807763439336771,0.801460260145189,0.786904914700924,0.738,4.21917289138142,4.1029584797495,0.801460260145189,16.9774127310062,0.403075311536573,0.0956151764060822,0.630850715094945,88.1514682593551,66.7569124296574,12,0.00043795620437956203
13500,1563,1989,136,0.650757611202049,0.558117658296493,0.492076088907197,0.463170670628879,0.350881263272153,0.322071236351064,0.277,1.26444780309069,0.961318637716487,0.350881263272153,35.9780971937029,0.410058742750828,0.100654318589735,0.481134023423506,49.5789390308211,21.3201246522714,43,0.0015693430656934307
22153,1564,2010,222,0.868769392402976,0.960006094072036,0.862774934154004,0.864041348453122,0.775776672935428,0.844258020692947,0.772,9.74391934797312,4.52157790339264,0.775776672935428,56.9774127310062,0.417776742378109,0.106223514634204,0.656434171356126,86.0513479370776,154.333238056792,4,0.00014598540145985403
15146,1565,1994,152,0.259804097015341,0.457414893096576,0.0948202752042562,0.205744392688608,0.0330165050030125,0.0533797833221308,0.035,0.449335798419227,0.294814739639459,0.0330165050030125,40.9774127310062,0.411896170041495,0.101980179342955,0.422117453834935,18.2959607930578,15.6013377014041,73,0.0026642335766423357
985,1566,1955,10,0.990486305563681,0.879465083890837,0.926358682336286,0.876675345971756,0.921326170340519,0.828646026110718,0.84,,44.6310773223799,0.921326170340519,1.97672826830938,0.397562023406472,0.0916368680452419,0.678900962744958,177.717878581768,75.6049721725005,2,7.299270072992701e-05
24909,1567,2018,250,0.266131183111475,0.186049498481739,0.724972839932889,0.103498510040611,0.217164445655472,0.147602640033284,0.089,0.989549985019005,0.884719216614314,0.217164445655472,64.9774127310062,0.420717028546417,0.108345182279828,0.572163500039413,18.698253573286,5.91920161995877,52,0.0018978102189781021
17091,1568,1999,171,0.873677309567399,0.86377947615117,0.757961172610521,0.810991624489482,0.692114041289381,0.674414316228001,0.644,5.24906502844539,3.30712114015161,0.692114041289381,45.9767282683094,0.413733597332162,0.103306040096175,0.573702106056491,87.4297342984699,68.93560887254,14,0.0005109489051094891
21896,1569,2010,219,0.216123115314999,0.165337902905453,0.986863692989573,0.0824254566648297,0.215114381473322,0.164736989216653,0.086,25.1505380905803,16.4913455657678,0.215114381473322,56.9774127310062,0.417776742378109,0.106223514634204,1.02376089009398,15.5498538075016,5.36156914368448,4,0.00014598540145985403
23330,1570,2014,234,0.100278303669835,0.876659833443808,0.817757115932181,0.100069540643743,0.0907548730761826,0.742266823299932,0.086,3.8170864411883,1.15794715636889,0.0907548730761826,60.9774127310062,0.419246885462263,0.107284348457016,0.622187733399347,8.28535808391962,74.3226270105088,5,0.0001824817518248175
13327,1571,1988,134,0.583588768137606,0.952338975268452,0.686014053644612,0.582756021289545,0.438571163399162,0.670174768794209,0.44,6.76586405956312,1.1836536837972,0.438571163399162,34.9760438056126,0.409690452286214,0.100388565558147,0.534578030649791,42.6821719109141,139.349054721782,5,0.0001824817518248175
19731,1572,2005,198,0.660554591646382,0.174213508566592,0.0167399470228702,0.150567458913571,0.0134450333726244,0.0062646600521221,0.007,0.641500381938945,0.59497160691816,0.0134450333726244,51.9780971937029,0.415939315087442,0.104897653880983,0.417711980296236,50.6804312719126,5.59889166794727,29,0.0010583941605839416
23047,1573,2013,231,0.933326061854322,0.425473387905716,0.0566427323501557,0.415809627149956,0.0551082570045973,0.0318874603345184,0.029,3.42681910725904,3.07033542191928,0.0551082570045973,59.9780971937029,0.41887960125575,0.107019321526608,0.425142114932104,110.250349948782,14.1183863279636,18,0.000656934306569343
4358,1574,1964,44,0.553683280023061,0.561769734959513,0.0686090800445527,0.421752219540516,0.0479267827665211,0.0468692647246168,0.036,0.674567716422694,0.469886807396402,0.0479267827665211,10.9760438056126,0.400869593781293,0.0940235626212744,0.40758141888344,39.9152346297471,21.5650510209457,40,0.00145985401459854
25667,1575,2020,257,0.914233192546247,0.986066405797829,0.590216367971152,0.913460548078349,0.559526772610929,0.586409762104902,0.548,9.57803191230718,3.63126586110365,0.559526772610929,66.9760438056126,0.421451596959443,0.108875236140644,0.524051171367863,101.316144161378,268.345535979808,4,0.00014598540145985403
8059,1576,1973,81,0.719125618305419,0.604608423738547,0.407580527476966,0.526484055039559,0.322735992085584,0.282648233935102,0.217,1.08959932394047,1.02025280217106,0.322735992085584,19.9780971937029,0.404178170414213,0.0964109832984861,0.45629597966032,57.930350888479,24.6943207234955,45,0.0016423357664233577
24335,1577,2016,244,0.922392008375869,0.97600948440148,0.936190142529085,0.91926722898566,0.876912463465372,0.918523048574329,0.872,24.6575506386646,10.9108886900206,0.876912463465372,62.9760438056126,0.41998145387529,0.107814402317832,0.772396428261384,104.870818655741,204.155245111421,2,7.299270072992701e-05
20374,1578,2006,204,0.662239091887155,0.57369379701999,0.294913836754858,0.479548620653885,0.221824702300401,0.227019701338794,0.219,1.12015763716981,0.755652925264864,0.221824702300401,52.9774127310062,0.416306599293956,0.105162680811391,0.453846742638326,50.8726599335095,22.3871877513992,40,0.00145985401459854
13050,1579,1987,131,0.927439364396297,0.641131259462323,0.571433536475524,0.624784654032681,0.546999504118713,0.413169912618035,0.392,3.77715464211111,4.15570571174521,0.546999504118713,33.9767282683094,0.409323168079701,0.100123538627739,0.498687292239043,107.256031186689,27.8056325670939,15,0.0005474452554744526
26948,1580,2024,270,0.850435901767756,0.86266498062662,0.580258594127372,0.795903213264442,0.521878869972221,0.52544488798343,0.492,3.45617174274735,2.19335825928802,0.521878869972221,70.9760438056126,0.422921740043597,0.109936069963456,0.52358305785661,81.3045155091351,68.504322307986,18,0.000656934306569343
14793,1581,1994,148,0.710149904320957,0.994121874216792,0.956284640356898,0.710136592316386,0.690978832813913,0.953214637365223,0.722,,8.14853536966838,0.690978832813913,40.9774127310062,0.411896170041495,0.101980179342955,0.800414264973988,56.7354180214459,398.346755507396,1,3.649635036496351e-05
15082,1582,1994,151,0.90213328658922,0.793700941490732,0.108201786642894,0.762948647903156,0.102177414103926,0.0940485761908189,0.088,2.97891123839188,2.17764484334245,0.102177414103926,40.9774127310062,0.411896170041495,0.101980179342955,0.423656230032272,96.605208437204,48.9138184584126,14,0.0005109489051094891
18552,1583,2002,186,0.838353952660882,0.381575424403933,0.282855002209544,0.359084188897045,0.259152651702171,0.146023864223366,0.163,2.03094498994137,1.44986689927519,0.259152651702171,48.9774127310062,0.414836456209802,0.104101846988579,0.450157751704736,78.4705797003073,12.2746803511121,28,0.0010218978102189782
3263,1584,1961,33,0.491768765077125,0.437795540355225,0.6572791764047,0.316785990145694,0.367199669306127,0.343177227892648,0.275,1.20977933223347,0.916793105398085,0.367199669306127,7.97809719370294,0.399767741161752,0.0932284818300497,0.506397909076095,34.6417065462443,14.6751072320759,43,0.0015693430656934307
26118,1585,2022,262,0.55393539002416,0.656898745408438,0.773079525912181,0.475445413299785,0.467169744125152,0.54307629772579,0.408,2.13270105728713,1.42699329437704,0.467169744125152,68.9774127310062,0.42218717163057,0.10940601610264,0.600020833660279,39.9379015523872,29.3034508169473,21,0.0007664233576642335
11144,1586,1981,112,0.0344411218114186,0.435026975577204,0.372004196280614,0.0314510621351566,0.0177244480801276,0.196461828704721,0.019,0.519257919341529,0.327182771647864,0.0177244480801276,27.9780971937029,0.407118456582521,0.0985326509441104,0.454280545478738,3.68771154219134,14.5484000754604,41,0.0014963503649635037
5919,1587,1968,60,0.997771884098444,0.956531967687878,0.983160763513297,0.955827670848107,0.982078081591089,0.945431584250491,0.961,,174.606309578808,0.982078081591089,14.9760438056126,0.402339736865446,0.0950843964440866,0.90536929580913,226.915848988353,147.08904725696,1,3.649635036496351e-05
21445,1588,2009,215,0.164762883584057,0.862971695419427,0.448837347328663,0.164145794423651,0.0954251551604001,0.412653206492662,0.094,1.96749250363288,0.4150885309893,0.0954251551604001,55.9780971937029,0.417409458171596,0.105958487703795,0.48287618921997,12.3565504989723,68.6225057443889,7,0.00025547445255474455
18443,1589,2002,185,0.999072961373894,0.690302198281633,0.674677523085847,0.690092765077244,0.674534117095688,0.509180253791014,0.517,,255.2216317005,0.674534117095688,48.9774127310062,0.414836456209802,0.104101846988579,0.540101273970719,256.36680463561,32.8534332877856,1,3.649635036496351e-05
5280,1590,1966,53,0.181253184593291,0.990033035309469,0.333169071003795,0.181251817755907,0.0819591696279271,0.331972856278052,0.086,42.2962395363935,0.352399985015127,0.0819591696279271,12.9774127310062,0.401605168452419,0.0945543425832701,0.440880880797668,13.3811921653316,314.417957531333,1,3.649635036496351e-05
18540,1591,2002,186,0.866524563244161,0.93671444996783,0.861388207413256,0.853587300754362,0.774469583156679,0.827874895896572,0.74,3.89828902513491,4.29582673863623,0.774469583156679,48.9774127310062,0.414836456209802,0.104101846988579,0.647394913413459,85.4372499994386,117.216117675538,6,0.00021897810218978101
8507,1592,1975,86,0.171512954400364,0.845633304692957,0.993008908582851,0.170619359724251,0.17118761574468,0.842691018076375,0.183,,30.0041131372594,0.17118761574468,21.9767282683094,0.40491273882724,0.0969410371593026,1.06562010811399,12.7761728536832,62.4899111537997,1,3.649635036496351e-05
6971,1593,1971,70,0.166003223907157,0.924853014275709,0.44719203771092,0.165860980033526,0.0961163702061671,0.43379008943647,0.094,3.13877314339951,0.414146320057819,0.0961163702061671,17.9767282683094,0.403442595743086,0.0958802033364905,0.462375206142188,12.4336886865879,104.992732312343,6,0.00021897810218978101
4232,1594,1964,43,0.966050104577236,0.703802114737377,0.552711957134306,0.695712028905384,0.545131679071411,0.425835436958554,0.408,5.53786998527085,7.584486239242,0.545131679071411,10.9760438056126,0.400869593781293,0.0940235626212744,0.480343975164972,133.909637908925,34.4582897650338,10,0.000364963503649635
22012,1595,2010,221,0.0445828879042689,0.410151817535912,0.929198079043999,0.0396481970343974,0.0434523404201022,0.398644451116318,0.043,3.64882243530795,2.87061945292142,0.0434523404201022,56.9774127310062,0.417776742378109,0.106223514634204,0.749649985519983,4.46545894963385,13.45115127389,8,0.00029197080291970805
18875,1596,2003,189,0.138807498258565,0.516075804175013,0.261907124891877,0.124886671309736,0.0520445646820278,0.165345501599441,0.046,0.527028234193592,0.307064035056802,0.0520445646820278,49.9767282683094,0.415203740416316,0.104366873918988,0.447491459662528,10.7363606872021,18.7092564740957,51,0.0018613138686131387
14720,1597,1994,148,0.805104788561869,0.925417321449817,0.748766757780686,0.794385531726814,0.631339337588583,0.713380880471147,0.639,9.607586768085,2.58171811514316,0.631339337588583,40.9774127310062,0.411896170041495,0.101980179342955,0.565303087793776,71.5985868440069,105.511065495938,9,0.0003284671532846715
8557,1598,1975,86,0.686141621871373,0.93316366326158,0.432048652786762,0.68262264511422,0.333598208403921,0.415733935740091,0.314,3.00296461652488,0.928470908764344,0.333598208403921,21.9767282683094,0.40491273882724,0.0969410371593026,0.461686196487525,53.696817976929,113.237871067452,13,0.00047445255474452553
23171,1599,2013,232,0.453071099929445,0.77187558804979,0.966187859885395,0.435232645391332,0.446461247460269,0.757008248318808,0.434,14.7410078922986,7.35232281221786,0.446461247460269,59.9780971937029,0.41887960125575,0.107019321526608,0.867468801292527,31.5996781701408,44.6301391467971,4,0.00014598540145985403
8985,1600,1976,90,0.459553822739211,0.729885512734185,0.690789525862783,0.431432305588361,0.35635789357078,0.539823560719432,0.335,1.77959852786231,0.970805241107139,0.35635789357078,22.9760438056126,0.405280023033753,0.0972060640897108,0.527925382591136,32.0975340419806,37.8966648680254,17,0.0006204379562043796
1237,1601,1956,13,0.914048172524209,0.897294401563139,0.994971774285659,0.861689733970236,0.912191044119937,0.895348973441898,0.864,,63.0696508003574,0.912191044119937,2.97604380561259,0.397929307612985,0.0919018949756502,1.08082996258395,101.239389558982,84.8975516772947,1,3.649635036496351e-05
17803,1602,2001,179,0.871536579337201,0.98292662098408,0.994287660345435,0.870862864503616,0.869003893715653,0.978724399096185,0.864,34.2448358412112,62.8999249362564,0.869003893715653,47.9780971937029,0.414469172003289,0.103836820058171,1.16102582207089,86.8223192590504,242.88209176901,1,3.649635036496351e-05
5711,1603,1967,58,0.920727140152553,0.96666178397645,0.841432394227013,0.914387700437746,0.794780950792831,0.822369908077165,0.77,6.11298490282554,6.13094163252437,0.794780950792831,13.9767282683094,0.401972452658933,0.0948193695136783,0.597705310058656,104.116965787339,170.992662685818,7,0.00025547445255474455
4073,1604,1963,41,0.782635675915992,0.724431785459519,0.927845998900011,0.650655116296065,0.74816512902368,0.690823393236423,0.636,10.6779549560761,5.30736908824182,0.74816512902368,9.97672826830938,0.400502309574779,0.0937585356908662,0.690986152433507,67.5546031774735,37.1372507006864,11,0.0004014598540145985
9988,1605,1978,100,0.97373313708034,0.992749147380148,0.932841903762892,0.972854350890766,0.913542646810574,0.928981435800422,0.918,,28.7042638371681,0.913542646810574,24.9774127310062,0.40601559770488,0.0977368440517065,0.71852465715648,142.815865409736,363.238892614442,1,3.649635036496351e-05
24505,1606,2017,246,0.922519194600939,0.243987113618058,0.972866742871702,0.237564025337922,0.906253781634867,0.240162560578178,0.237,26.290479835372,18.4029138635554,0.906253781634867,63.9780971937029,0.420349744339903,0.10808015534942,0.909788335213807,104.929051465719,7.56638368506755,1,3.649635036496351e-05
16878,1607,1998,169,0.88409044702861,0.843780501568842,0.496237361105159,0.800046071025995,0.465844402311689,0.445188767873864,0.431,3.57328339207766,2.33872737709707,0.465844402311689,44.9774127310062,0.413366313125648,0.103041013165767,0.4870478869944,90.5326846301886,61.8940949081711,17,0.0006204379562043796
23914,1608,2015,240,0.808770749729786,0.888820041934404,0.978611429687589,0.782058113899611,0.799685960888921,0.876195827333762,0.756,7.77070792754285,16.2551651671101,0.799685960888921,61.9767282683094,0.419614169668776,0.107549375387424,0.946917248980112,72.2995606914219,80.2131814562022,3,0.00010948905109489051
13690,1609,1990,137,0.780660082982585,0.880489412179358,0.719637147616595,0.755012014210393,0.597503599195324,0.663425421339399,0.558,2.59220499186403,2.05747836163826,0.597503599195324,36.9774127310062,0.410426026957341,0.100919345520143,0.549226172341692,67.2179784552332,76.0840206628507,13,0.00047445255474452553
279,1610,1953,3,0.576568769485571,0.501831633511634,0.201657166006044,0.392754000784373,0.130644743561052,0.116136789942902,0.097,0.761968722908909,0.567506601295224,0.130644743561052,-0.0219028062970568,0.396827454993445,0.0911068141844255,0.417630069904211,42.0179607266789,17.9028102173964,56,0.0020437956204379564
24700,1611,2018,248,0.466218422492908,0.555243321590784,0.47444619727321,0.370464548589469,0.259011413159763,0.285043335437398,0.193,0.886480200717125,0.628245687251808,0.259011413159763,64.9774127310062,0.420717028546417,0.108345182279828,0.493216860301399,32.6140976823143,21.1295457316975,61,0.0022262773722627736
8453,1612,1975,85,0.842565179434174,0.959185714645718,0.965896324487403,0.838818608843148,0.824057602520086,0.933768527243724,0.802,7.40808784311195,12.8237199025603,0.824057602520086,21.9767282683094,0.40491273882724,0.0969410371593026,0.81000095981272,79.4348054632158,152.545807473504,4,0.00014598540145985403
21177,1613,2008,212,0.975238941920292,0.970295205549572,0.996467681601644,0.959387470627741,0.973065761541735,0.968106389081315,0.941,11.3909538259587,147.152089844016,0.973065761541735,54.9760438056126,0.417041167706983,0.105692734672208,1.27504092410183,144.859319681391,182.164163197779,2,7.299270072992701e-05
25910,1614,2021,260,0.928456570291939,0.657937398475082,0.879252713639289,0.641356626084748,0.833546995319325,0.604927988420758,0.607,27.8360501575054,7.74062365647993,0.833546995319325,67.9780971937029,0.421819887424057,0.109140989172232,0.684950517809951,107.756174599341,29.4058087015342,5,0.0001824817518248175
9104,1615,1977,92,0.0293105602477342,0.0867932586645005,0.965945458039641,0.0123188267756077,0.0290035716787712,0.085843590610053,0.011,5.86222961169796,5.92635553992462,0.0290035716787712,23.9780971937029,0.405648313498367,0.0974718171212983,0.813166526294936,3.27504360534008,3.32204597599266,6,0.00021897810218978101
11901,1616,1984,120,0.994636803804518,0.932471881592424,0.965886774007231,0.930805563525729,0.96265970094173,0.909327326640916,0.908,111.288448994772,93.6275616292425,0.96265970094173,30.9760438056126,0.408220309202061,0.0993277317353351,0.823239872538297,197.223492957976,112.497375719232,1,3.649635036496351e-05
12455,1617,1985,125,0.959477288201387,0.72741152239654,0.301255100406706,0.717306674849934,0.295704195077614,0.244953557674464,0.243,7.45697791740345,5.71889245053184,0.295704195077614,31.9780971937029,0.408588599666674,0.0995934847669225,0.44508005795964,127.740689528652,37.5493293407982,15,0.0005474452554744526
15187,1618,1994,152,0.988064644557638,0.739963568395448,0.806218097219244,0.737042750798218,0.800687305604378,0.622212463589614,0.612,14.6025800298193,31.2277315656285,0.800687305604378,40.9774127310062,0.411896170041495,0.101980179342955,0.597130031176102,169.966145760109,39.3626724412993,3,0.00010948905109489051
25894,1619,2020,259,0.673099173113391,0.249362142733428,0.884637380251661,0.216365365777925,0.621571311797472,0.236298718136747,0.222,4.43098413733929,3.13308932173264,0.621571311797472,66.9760438056126,0.421451596959443,0.108875236140644,0.690383580714143,52.1328808716638,7.72708565327335,14,0.0005109489051094891
18462,1620,2002,185,0.18263146602014,0.297005244096286,0.78854470490478,0.117280586626944,0.160650548515882,0.259504648727204,0.108,1.24027647391991,1.05555169275585,0.160650548515882,48.9774127310062,0.414836456209802,0.104101846988579,0.592888163841941,13.4667856548351,9.22315637219672,34,0.0012408759124087592
16802,1621,1998,169,0.368676379872755,0.965135467127528,0.822813377249986,0.368566725476831,0.33273305817134,0.805245053843704,0.328,9.12424858027989,1.41599635887287,0.33273305817134,44.9774127310062,0.413366313125648,0.103041013165767,0.611853213706206,25.4773507656424,166.787882607739,3,0.00010948905109489051
20334,1622,2006,204,0.841473602306526,0.606974738097989,0.677599891787395,0.569652341027178,0.598400067777062,0.485946506607974,0.484,4.55055497084071,2.52122322588736,0.598400067777062,52.9774127310062,0.416306599293956,0.105162680811391,0.543936419585104,79.1825429061181,24.8823560476756,20,0.00072992700729927
6703,1623,1970,68,0.225937019052501,0.295278572262204,0.0321142030879855,0.136705052883382,0.0110503871923148,0.0159761579759883,0.009,0.332556368781243,0.265604544177993,0.0110503871923148,16.9774127310062,0.403075311536573,0.0956151764060822,0.406202510857319,16.1629228437566,9.16649196242225,55,0.0020072992700729928
25123,1624,2018,252,0.676122035179831,0.865957721751989,0.865616138093174,0.65893955626727,0.611400774350144,0.771227361520752,0.589,4.45714263450549,2.87098094110117,0.611400774350144,64.9774127310062,0.420717028546417,0.108345182279828,0.667031624603613,52.4903096686429,69.7935362540308,9,0.0003284671532846715
23408,1625,2014,235,0.345109855887887,0.94045185085788,0.904655066551641,0.344770903047417,0.326832404242021,0.863031102845674,0.31,5.81097420903982,2.59512826061392,0.326832404242021,60.9774127310062,0.419246885462263,0.107284348457016,0.711152755816505,23.8672828395897,121.757678610563,4,0.00014598540145985403
17108,1626,1999,172,0.993641432514144,0.852790752191308,0.815272451145574,0.851000717416233,0.812620456177643,0.713680223387973,0.703,15.8770971302006,53.958205062177,0.812620456177643,45.9767282683094,0.413733597332162,0.103306040096175,0.607429426860145,191.442023783997,64.8935361173607,2,7.299270072992701e-05
13417,1627,1989,135,0.462488919437875,0.654569197009845,0.442144765518606,0.410417154895915,0.246534533833986,0.343713781393126,0.223,0.915488558876461,0.584964912069157,0.246534533833986,35.9780971937029,0.410058742750828,0.100654318589735,0.470943036008582,32.3244285595173,29.0755896962985,32,0.0011678832116788322
10278,1628,1979,103,0.943132278963459,0.935417465657136,0.670399069786072,0.910615482849414,0.642231113447094,0.641522665428004,0.607,5.20556146432767,6.96869824918744,0.642231113447094,25.9767282683094,0.406382881911394,0.0980018709821147,0.522840838704757,115.861616081005,115.727331549746,6,0.00021897810218978101
23144,1629,2013,232,0.927690098974714,0.847844212989275,0.585388401523232,0.823684723285699,0.562006175794068,0.525214215098342,0.535,13.3489955399231,4.08766610695384,0.562006175794068,59.9780971937029,0.41887960125575,0.107019321526608,0.518333964584864,107.378678191485,63.2147194162562,14,0.0005109489051094891
14226,1630,1993,143,0.628241768279837,0.41320909211272,0.962736770045012,0.343555927032872,0.616881515821654,0.407859696785554,0.345,10.4659935470096,7.72112009226251,0.616881515821654,39.9780971937029,0.411528885834981,0.101715152412547,0.823044327017685,47.14733706315,13.5821610037758,12,0.00043795620437956203
19859,1631,2005,199,0.992067993571453,0.953072309593781,0.992478518746793,0.950477078836698,0.986421736923145,0.950696118793673,0.95,,106.653890673939,0.986421736923145,51.9780971937029,0.415939315087442,0.104897653880983,1.11690414347037,183.918451579986,140.63287325292,2,7.299270072992701e-05
14946,1632,1994,150,0.129014232360426,0.378421555962581,0.860288113355637,0.102136168808928,0.117744447793328,0.345950033491898,0.111,2.29603335720871,1.55712182193723,0.117744447793328,40.9774127310062,0.411896170041495,0.101980179342955,0.638690062265935,10.120319751038,12.1498890447949,20,0.00072992700729927
23283,1633,2013,233,0.500774018381456,0.359855502164727,0.934237750479952,0.268506076668009,0.484468033188154,0.348371780794637,0.294,16.0274137697633,4.04397709213629,0.484468033188154,59.9780971937029,0.41887960125575,0.107019321526608,0.764195446387234,35.3753550464579,11.4341518178991,15,0.0005474452554744526
5486,1634,1966,55,0.525473105932685,0.433965586595421,0.742565965047106,0.326938150791899,0.422514121260522,0.351642836904218,0.288,1.80033474986346,1.29470746011434,0.422514121260522,12.9774127310062,0.401605168452419,0.0945543425832701,0.54111810956393,37.4432689192672,14.5000767455501,37,0.0013503649635036496
18486,1635,2002,185,0.62853956552849,0.965169611901198,0.419082692125812,0.628021670768442,0.303146487405478,0.413073206883253,0.334,,0.782704638987682,0.303146487405478,48.9774127310062,0.414836456209802,0.104101846988579,0.473289747709768,47.1786438645848,166.879156209731,9,0.0003284671532846715
3954,1636,1963,40,0.703031118069597,0.387373709891318,0.818038363708183,0.33982092249949,0.607728638269703,0.340997122425004,0.309,2.81280139287397,2.30789230008996,0.607728638269703,9.97672826830938,0.400502309574779,0.0937585356908662,0.578035665373676,55.8113798801662,12.5066362047471,25,0.0009124087591240876
21819,1637,2010,219,0.854914676200121,0.253515720783004,0.960124382516369,0.240493068235991,0.832580408470566,0.249678727372398,0.239,13.1601245299344,11.4016311631618,0.832580408470566,56.9774127310062,0.417776742378109,0.106223514634204,0.836834664574011,82.410695769269,7.8523101989027,6,0.00021897810218978101
25396,1638,2019,254,0.911989327354369,0.934519283294671,0.344338942551985,0.889144199756759,0.327744375403429,0.332644101548384,0.314,4.47576249769621,2.80048874981278,0.327744375403429,65.9767282683094,0.42108431275293,0.108610209210236,0.468127948291768,100.395909477437,114.720773568875,11,0.0004014598540145985
14337,1639,1993,144,0.962452179588049,0.826868049386587,0.910814226604998,0.815962148931111,0.889499209307108,0.781692318732645,0.759,7.13795709050635,12.3207309664686,0.889499209307108,39.9780971937029,0.411528885834981,0.101715152412547,0.697360370312616,130.401207205253,56.8957102484972,4,0.00014598540145985403
14976,1640,1994,150,0.664090100608939,0.677511033681026,0.954966499935836,0.554502979414859,0.64468821460098,0.659984591613433,0.569,,7.80286405535922,0.64468821460098,40.9774127310062,0.411896170041495,0.101980179342955,0.795988045697786,51.0848759272829,31.4279570629105,17,0.0006204379562043796
10039,1641,1979,101,0.0812180952185882,0.9606009048527,0.587673629168421,0.081208681600392,0.0557712122779156,0.574683917113843,0.065,11.6474219936301,0.516956846407935,0.0557712122779156,25.9767282683094,0.406382881911394,0.0980018709821147,0.498060337097932,7.03250307105089,155.66128045033,3,0.00010948905109489051
10304,1642,1979,104,0.888949744384311,0.822485409991775,0.267324496759102,0.783700881364601,0.247706160768547,0.23481383737113,0.23,3.48060780593377,2.18741989471499,0.247706160768547,25.9767282683094,0.406382881911394,0.0980018709821147,0.4374509506529,92.0733944244189,55.7161221343283,14,0.0005109489051094891
9322,1643,1977,94,0.866020808198428,0.863293886654233,0.94145955122076,0.80606462490507,0.829995871414177,0.828738635152696,0.748,4.34547524167049,8.88276491533985,0.829995871414177,23.9780971937029,0.405648313498367,0.0974718171212983,0.736061261445974,85.3007992188958,68.7470675050593,6,0.00021897810218978101
25738,1644,2020,258,0.977264527659154,0.939354625218749,0.927535274531692,0.931372138125329,0.913185073977914,0.882180780108823,0.874,23.3003425269715,23.8513437702106,0.913185073977914,66.9760438056126,0.421451596959443,0.108875236140644,0.758126088053488,147.809863271159,120.383676103551,3,0.00010948905109489051
13181,1645,1988,132,0.231460640814571,0.165580471992488,0.157068307511508,0.0859910468055563,0.0481680362144196,0.0402586144924698,0.031,0.339380944982385,0.30319610173534,0.0481680362144196,34.9760438056126,0.409690452286214,0.100388565558147,0.427023381237882,16.508817494543,5.36802479289343,117,0.0042700729927007295
21906,1646,2010,220,0.731235318274774,0.753146608921472,0.907236278057098,0.644341595840549,0.690420291083667,0.710041382587482,0.623,6.62579341518737,3.84995236079716,0.690420291083667,56.9774127310062,0.417776742378109,0.106223514634204,0.710683480997669,59.5989586200053,41.4146402958957,9,0.0003284671532846715
13145,1647,1988,132,0.533694672002145,0.878240079850026,0.981020058272406,0.527718070116003,0.528428158528397,0.869440547683007,0.532,316.472620061608,14.5842451863862,0.528428158528397,34.9760438056126,0.409690452286214,0.100388565558147,0.921175345465535,38.1509428066453,75.0397414955794,2,7.299270072992701e-05
15590,1648,1995,156,0.724926323833754,0.909551514184483,0.402665985981002,0.715616342923375,0.322248229826278,0.380425495606572,0.313,2.93486459726664,1.02745398130281,0.322248229826278,41.9767282683094,0.412263454248008,0.102245206273363,0.466635306239961,58.7212536824878,92.7506645568426,13,0.00047445255474452553
6442,1649,1969,65,0.904279491111178,0.995800920196503,0.715041231131181,0.904239879909746,0.67916729527314,0.714208024488818,0.681,133.908494165656,3.34187890586711,0.67916729527314,15.9780971937029,0.40270802733006,0.095350149475674,0.532040437405237,97.3982148149595,459.774386627305,1,3.649635036496351e-05
22970,1650,2012,230,0.815371977783962,0.951218321490228,0.670430731028318,0.810982175382325,0.575422057027223,0.652610203797262,0.589,15.3924230084883,2.23166095250235,0.575422057027223,58.9760438056126,0.418511310791136,0.10675356849502,0.545380856510061,73.5942867753561,137.439442618846,8,0.00029197080291970805
19369,1651,2004,194,0.946882761457468,0.870492509793934,0.888635250274092,0.852847900285104,0.856178090558809,0.790996125313896,0.772,9.08612044428496,9.68050517485016,0.856178090558809,50.9760438056126,0.415571024622829,0.104631900849396,0.678831599615999,118.261000637175,71.6463056771592,9,0.0003284671532846715
8148,1652,1974,82,0.887921375175986,0.755749980510561,0.472560614580289,0.722355142433662,0.435467175089783,0.384745956921304,0.367,3.37061774862685,2.6671935144318,0.435467175089783,20.9774127310062,0.404545454620727,0.0966760102288944,0.468862440501921,91.7420035472033,41.8393997931018,19,0.0006934306569343065
26226,1653,2022,263,0.420352756657949,0.875785084000871,0.691563628613949,0.417102795979676,0.322775117591144,0.62947601629625,0.332,4.02799775894606,0.948502335189961,0.322775117591144,68.9774127310062,0.42218717163057,0.10940601610264,0.56054166800372,29.1517601771585,73.9313552705039,10,0.000364963503649635
21409,1654,2009,215,0.944243940714409,0.691955806930967,0.974917656509206,0.678542800881955,0.928041131456029,0.683799674142829,0.688,,22.5237039201801,0.928041131456029,55.9780971937029,0.417409458171596,0.105958487703795,0.910219841417095,116.556317660746,33.0442583739647,3,0.00010948905109489051
26061,1655,2021,261,0.616678289485202,0.817538830714413,0.987761129857972,0.591447708406715,0.613458841429627,0.812483639725947,0.597,,22.1743697193636,0.613458841429627,67.9780971937029,0.421819887424057,0.109140989172232,1.05758948268793,45.9482903662831,54.4352410323992,4,0.00014598540145985403
12048,1656,1985,121,0.869632055630823,0.928819882154182,0.951115170260891,0.852434696222152,0.83815956298548,0.892499046380127,0.795,5.19127276401167,11.4861088964106,0.83815956298548,31.9780971937029,0.408588599666674,0.0995934847669225,0.771831804375613,86.2900143693204,108.758457212386,2,7.299270072992701e-05
17138,1657,1999,172,0.962786222014475,0.983333373170311,0.990573076764122,0.959191305073294,0.956483146569534,0.975814853438135,0.941,14.4962903692294,64.0236059452875,0.956483146569534,45.9767282683094,0.413733597332162,0.103306040096175,1.06233997824655,130.712747188082,245.809555207762,1,3.649635036496351e-05
13551,1658,1989,136,0.884965953032631,0.338070704772256,0.785036747111008,0.324460332562094,0.714496723907484,0.295301426452132,0.295,6.41332370445554,4.49498568755007,0.714496723907484,35.9780971937029,0.410058742750828,0.100654318589735,0.580215085293279,90.8056368555468,10.6329321208497,10,0.000364963503649635
18609,1659,2002,187,0.987881954301114,0.904639391901059,0.703175645088777,0.900927532023065,0.699755033224334,0.66200757175426,0.672,,22.9952884732475,0.699755033224334,48.9774127310062,0.414836456209802,0.104101846988579,0.551103853468696,169.446115519926,89.4304072248474,3,0.00010948905109489051
15980,1660,1996,160,0.721117897085207,0.865136388877911,0.56796498852782,0.698242304671294,0.455242136586235,0.53116044830157,0.435,2.09587331302125,1.20366454969304,0.455242136586235,42.9760438056126,0.412630738454522,0.102510233203772,0.503209455443702,58.2002948125664,69.4676810865975,20,0.00072992700729927
23373,1661,2014,234,0.461981919391522,0.961947646190016,0.484628159552813,0.461743604207695,0.264960696742715,0.475947870861353,0.289,39.2584342646611,0.628238140020401,0.264960696742715,60.9774127310062,0.419246885462263,0.107284348457016,0.493309392736999,32.2851683457103,158.773434974175,4,0.00014598540145985403
9413,1662,1977,95,0.854977011216356,0.916329181242373,0.980022092815489,0.833857798403118,0.845987978894694,0.905177705755451,0.797,5.45030445684682,18.200225454942,0.845987978894694,23.9780971937029,0.405648313498367,0.0974718171212983,0.894205250729642,82.4263197716163,97.7792497963303,4,0.00014598540145985403
890,1663,1955,9,0.894836052866673,0.98501065488712,0.90345785417594,0.894160047224499,0.82521278144531,0.894523926809993,0.83,337.727420329036,7.42973116216043,0.82521278144531,1.97672826830938,0.397562023406472,0.0916368680452419,0.645372276052521,94.0289999721202,258.985494431436,2,7.299270072992701e-05
5984,1664,1968,60,0.946649639897171,0.996027448855999,0.856021236162633,0.946567710826891,0.827649419036796,0.854580406868286,0.835,,8.0068721455938,0.827649419036796,14.9760438056126,0.402339736865446,0.0950843964440866,0.61017005135173,118.1071149356,470.542225256247,1,3.649635036496351e-05
1632,1665,1958,17,0.650533588444843,0.987247222746391,0.145013225730509,0.650478208322712,0.110301962237849,0.144366255424545,0.117,37.3664914176311,0.635414547565361,0.110301962237849,4.97741273100616,0.398664882284112,0.0924326749376458,0.413285185316714,49.5540734747794,280.015677806146,4,0.00014598540145985403
25977,1666,2021,260,0.977735330136047,0.988794716913288,0.948067629011348,0.974930369094677,0.933606973553659,0.941566520105553,0.936,,25.6278358276034,0.933606973553659,67.9780971937029,0.421819887424057,0.109140989172232,0.810390166732739,148.53265127619,297.713213054885,3,0.00010948905109489051
