time,WL_trend_30d_filled
2020-02-01 00:00:00,0.0748375
2020-02-01 01:00:00,0.07485
2020-02-01 02:00:00,0.074841667
2020-02-01 03:00:00,0.074820833
2020-02-01 04:00:00,0.074734722
2020-02-01 05:00:00,0.074629167
2020-02-01 06:00:00,0.074486111
2020-02-01 07:00:00,0.074269444
2020-02-01 08:00:00,0.074011111
2020-02-01 09:00:00,0.07375
2020-02-01 10:00:00,0.073451389
2020-02-01 11:00:00,0.073138889
2020-02-01 12:00:00,0.0728375
2020-02-01 13:00:00,0.072563889
2020-02-01 14:00:00,0.072331944
2020-02-01 15:00:00,0.0721375
2020-02-01 16:00:00,0.071983333
2020-02-01 17:00:00,0.071866667
2020-02-01 18:00:00,0.071776389
2020-02-01 19:00:00,0.071688889
2020-02-01 20:00:00,0.071734722
2020-02-01 21:00:00,0.071825
2020-02-01 22:00:00,0.0718875
2020-02-01 23:00:00,0.071968056
2020-02-02 00:00:00,0.0720625
2020-02-02 01:00:00,0.072159722
2020-02-02 02:00:00,0.072183333
2020-02-02 03:00:00,0.072186111
2020-02-02 04:00:00,0.072116667
2020-02-02 05:00:00,0.071973611
2020-02-02 06:00:00,0.071794444
2020-02-02 07:00:00,0.071586111
2020-02-02 08:00:00,0.071327778
2020-02-02 09:00:00,0.071029167
2020-02-02 10:00:00,0.070715278
2020-02-02 11:00:00,0.070363889
2020-02-02 12:00:00,0.0699875
2020-02-02 13:00:00,0.069643056
2020-02-02 14:00:00,0.069334722
2020-02-02 15:00:00,0.069045833
2020-02-02 16:00:00,0.068765278
2020-02-02 17:00:00,0.068522222
2020-02-02 18:00:00,0.068327778
2020-02-02 19:00:00,0.06815
2020-02-02 20:00:00,0.068030556
2020-02-02 21:00:00,0.067919444
2020-02-02 22:00:00,0.067791667
2020-02-02 23:00:00,0.067698611
2020-02-03 00:00:00,0.067595833
2020-02-03 01:00:00,0.067459722
2020-02-03 02:00:00,0.067333333
2020-02-03 03:00:00,0.0672125
2020-02-03 04:00:00,0.067091667
2020-02-03 05:00:00,0.066961111
2020-02-03 06:00:00,0.0668125
2020-02-03 07:00:00,0.066668056
2020-02-03 08:00:00,0.066498611
2020-02-03 09:00:00,0.066316667
2020-02-03 10:00:00,0.066101389
2020-02-03 11:00:00,0.065863889
2020-02-03 12:00:00,0.065619444
2020-02-03 13:00:00,0.065380556
2020-02-03 14:00:00,0.065134722
2020-02-03 15:00:00,0.06495
2020-02-03 16:00:00,0.064834722
2020-02-03 17:00:00,0.064756944
2020-02-03 18:00:00,0.064691667
2020-02-03 19:00:00,0.064656944
2020-02-03 20:00:00,0.064629167
2020-02-03 21:00:00,0.064622222
2020-02-03 22:00:00,0.0646125
2020-02-03 23:00:00,0.064616667
2020-02-04 00:00:00,0.06465
2020-02-04 01:00:00,0.064708333
2020-02-04 02:00:00,0.0648
2020-02-04 03:00:00,0.064934722
2020-02-04 04:00:00,0.0651
2020-02-04 05:00:00,0.065297222
2020-02-04 06:00:00,0.065502778
2020-02-04 07:00:00,0.065708333
2020-02-04 08:00:00,0.065918056
2020-02-04 09:00:00,0.066145833
2020-02-04 10:00:00,0.066365278
2020-02-04 11:00:00,0.066590278
2020-02-04 12:00:00,0.066806944
2020-02-04 13:00:00,0.067015278
2020-02-04 14:00:00,0.067198611
2020-02-04 15:00:00,0.067370833
2020-02-04 16:00:00,0.067522222
2020-02-04 17:00:00,0.067681944
2020-02-04 18:00:00,0.067822222
2020-02-04 19:00:00,0.067933333
2020-02-04 20:00:00,0.068043056
2020-02-04 21:00:00,0.06815
2020-02-04 22:00:00,0.068229167
2020-02-04 23:00:00,0.068318056
2020-02-05 00:00:00,0.068420833
2020-02-05 01:00:00,0.068522222
2020-02-05 02:00:00,0.068645833
2020-02-05 03:00:00,0.068761111
2020-02-05 04:00:00,0.068881944
2020-02-05 05:00:00,0.069018056
2020-02-05 06:00:00,0.069180556
2020-02-05 07:00:00,0.0693375
2020-02-05 08:00:00,0.069481944
2020-02-05 09:00:00,0.069636111
2020-02-05 10:00:00,0.069815278
2020-02-05 11:00:00,0.070027778
2020-02-05 12:00:00,0.070266667
2020-02-05 13:00:00,0.070520833
2020-02-05 14:00:00,0.070781944
2020-02-05 15:00:00,0.071081944
2020-02-05 16:00:00,0.071405556
2020-02-05 17:00:00,0.071756944
2020-02-05 18:00:00,0.072141667
2020-02-05 19:00:00,0.072527778
2020-02-05 20:00:00,0.072902778
2020-02-05 21:00:00,0.073268056
2020-02-05 22:00:00,0.073656944
2020-02-05 23:00:00,0.073980556
2020-02-06 00:00:00,0.074222222
2020-02-06 01:00:00,0.074484722
2020-02-06 02:00:00,0.074638889
2020-02-06 03:00:00,0.074733333
2020-02-06 04:00:00,0.074779167
2020-02-06 05:00:00,0.074811111
2020-02-06 06:00:00,0.074823611
2020-02-06 07:00:00,0.074834722
2020-02-06 08:00:00,0.0748375
2020-02-06 09:00:00,0.074801389
2020-02-06 10:00:00,0.0747875
2020-02-06 11:00:00,0.074804167
2020-02-06 12:00:00,0.074790278
2020-02-06 13:00:00,0.074766667
2020-02-06 14:00:00,0.074766667
2020-02-06 15:00:00,0.074748611
2020-02-06 16:00:00,0.0747125
2020-02-06 17:00:00,0.074694444
2020-02-06 18:00:00,0.074679167
2020-02-06 19:00:00,0.074622222
2020-02-06 20:00:00,0.074554167
2020-02-06 21:00:00,0.074491667
2020-02-06 22:00:00,0.074380556
2020-02-06 23:00:00,0.074236111
2020-02-07 00:00:00,0.074079167
2020-02-07 01:00:00,0.073906944
2020-02-07 02:00:00,0.073704167
2020-02-07 03:00:00,0.073469444
2020-02-07 04:00:00,0.0732375
2020-02-07 05:00:00,0.073015278
2020-02-07 06:00:00,0.072768056
2020-02-07 07:00:00,0.072538889
2020-02-07 08:00:00,0.072323611
2020-02-07 09:00:00,0.072133333
2020-02-07 10:00:00,0.071956944
2020-02-07 11:00:00,0.071783333
2020-02-07 12:00:00,0.071604167
2020-02-07 13:00:00,0.071434722
2020-02-07 14:00:00,0.071294444
2020-02-07 15:00:00,0.071156944
2020-02-07 16:00:00,0.071056944
2020-02-07 17:00:00,0.070915278
2020-02-07 18:00:00,0.070738889
2020-02-07 19:00:00,0.070555556
2020-02-07 20:00:00,0.070334722
2020-02-07 21:00:00,0.070104167
2020-02-07 22:00:00,0.069825
2020-02-07 23:00:00,0.069519444
2020-02-08 00:00:00,0.069190278
2020-02-08 01:00:00,0.068805556
2020-02-08 02:00:00,0.068429167
2020-02-08 03:00:00,0.068054167
2020-02-08 04:00:00,0.067643056
2020-02-08 05:00:00,0.067248611
2020-02-08 06:00:00,0.066861111
2020-02-08 07:00:00,0.066472222
2020-02-08 08:00:00,0.066102778
2020-02-08 09:00:00,0.065755556
2020-02-08 10:00:00,0.065423611
2020-02-08 11:00:00,0.065101389
2020-02-08 12:00:00,0.064815278
2020-02-08 13:00:00,0.064540278
2020-02-08 14:00:00,0.064294444
2020-02-08 15:00:00,0.064072222
2020-02-08 16:00:00,0.063890278
2020-02-08 17:00:00,0.063741667
2020-02-08 18:00:00,0.063593056
2020-02-08 19:00:00,0.063436111
2020-02-08 20:00:00,0.063276389
2020-02-08 21:00:00,0.063101389
2020-02-08 22:00:00,0.062881944
2020-02-08 23:00:00,0.0626375
2020-02-09 00:00:00,0.062390278
2020-02-09 01:00:00,0.062129167
2020-02-09 02:00:00,0.06185
2020-02-09 03:00:00,0.061561111
2020-02-09 04:00:00,0.061283333
2020-02-09 05:00:00,0.061033333
2020-02-09 06:00:00,0.060831944
2020-02-09 07:00:00,0.060698611
2020-02-09 08:00:00,0.060615278
2020-02-09 09:00:00,0.060584722
2020-02-09 10:00:00,0.060611111
2020-02-09 11:00:00,0.060684722
2020-02-09 12:00:00,0.0608125
2020-02-09 13:00:00,0.060993056
2020-02-09 14:00:00,0.061233333
2020-02-09 15:00:00,0.061526389
2020-02-09 16:00:00,0.061877778
2020-02-09 17:00:00,0.062316667
2020-02-09 18:00:00,0.062811111
2020-02-09 19:00:00,0.063329167
2020-02-09 20:00:00,0.063861111
2020-02-09 21:00:00,0.064377778
2020-02-09 22:00:00,0.064875
2020-02-09 23:00:00,0.0653625
2020-02-10 00:00:00,0.065761111
2020-02-10 01:00:00,0.066126389
2020-02-10 02:00:00,0.066447222
2020-02-10 03:00:00,0.066736111
2020-02-10 04:00:00,0.067015278
2020-02-10 05:00:00,0.0672875
2020-02-10 06:00:00,0.067566667
2020-02-10 07:00:00,0.067851389
2020-02-10 08:00:00,0.068140278
2020-02-10 09:00:00,0.068456944
2020-02-10 10:00:00,0.068794444
2020-02-10 11:00:00,0.069152778
2020-02-10 12:00:00,0.069531944
2020-02-10 13:00:00,0.06995
2020-02-10 14:00:00,0.070401389
2020-02-10 15:00:00,0.070881944
2020-02-10 16:00:00,0.071381944
2020-02-10 17:00:00,0.071905556
2020-02-10 18:00:00,0.072434722
2020-02-10 19:00:00,0.072945833
2020-02-10 20:00:00,0.073427778
2020-02-10 21:00:00,0.073873611
2020-02-10 22:00:00,0.0742875
2020-02-10 23:00:00,0.074626389
2020-02-11 00:00:00,0.074944444
2020-02-11 01:00:00,0.075177778
2020-02-11 02:00:00,0.075359722
2020-02-11 03:00:00,0.075498611
2020-02-11 04:00:00,0.075555556
2020-02-11 05:00:00,0.075626389
2020-02-11 06:00:00,0.075690278
2020-02-11 07:00:00,0.075756944
2020-02-11 08:00:00,0.075861111
2020-02-11 09:00:00,0.075956944
2020-02-11 10:00:00,0.076109722
2020-02-11 11:00:00,0.076298611
2020-02-11 12:00:00,0.076495833
2020-02-11 13:00:00,0.076729167
2020-02-11 14:00:00,0.077006944
2020-02-11 15:00:00,0.077327778
2020-02-11 16:00:00,0.077645833
2020-02-11 17:00:00,0.077986111
2020-02-11 18:00:00,0.078280556
2020-02-11 19:00:00,0.078579167
2020-02-11 20:00:00,0.078855556
2020-02-11 21:00:00,0.079090278
2020-02-11 22:00:00,0.079259722
2020-02-11 23:00:00,0.079343056
2020-02-12 00:00:00,0.079440278
2020-02-12 01:00:00,0.079444444
2020-02-12 02:00:00,0.079347222
2020-02-12 03:00:00,0.079173611
2020-02-12 04:00:00,0.078916667
2020-02-12 05:00:00,0.078618056
2020-02-12 06:00:00,0.078280556
2020-02-12 07:00:00,0.077929167
2020-02-12 08:00:00,0.077552778
2020-02-12 09:00:00,0.077175
2020-02-12 10:00:00,0.076818056
2020-02-12 11:00:00,0.076479167
2020-02-12 12:00:00,0.076176389
2020-02-12 13:00:00,0.075920833
2020-02-12 14:00:00,0.075713889
2020-02-12 15:00:00,0.075545833
2020-02-12 16:00:00,0.075419444
2020-02-12 17:00:00,0.075326389
2020-02-12 18:00:00,0.075286111
2020-02-12 19:00:00,0.075233333
2020-02-12 20:00:00,0.075181944
2020-02-12 21:00:00,0.075136111
2020-02-12 22:00:00,0.075044444
2020-02-12 23:00:00,0.074922222
2020-02-13 00:00:00,0.074768056
2020-02-13 01:00:00,0.074538889
2020-02-13 02:00:00,0.074241667
2020-02-13 03:00:00,0.0739125
2020-02-13 04:00:00,0.073531944
2020-02-13 05:00:00,0.073116667
2020-02-13 06:00:00,0.072706944
2020-02-13 07:00:00,0.072277778
2020-02-13 08:00:00,0.071851389
2020-02-13 09:00:00,0.071465278
2020-02-13 10:00:00,0.0711
2020-02-13 11:00:00,0.070731944
2020-02-13 12:00:00,0.070419444
2020-02-13 13:00:00,0.070144444
2020-02-13 14:00:00,0.069886111
2020-02-13 15:00:00,0.069658333
2020-02-13 16:00:00,0.069404167
2020-02-13 17:00:00,0.069148611
2020-02-13 18:00:00,0.0688625
2020-02-13 19:00:00,0.068620833
2020-02-13 20:00:00,0.0684375
2020-02-13 21:00:00,0.068273611
2020-02-13 22:00:00,0.068051389
2020-02-13 23:00:00,0.067765278
2020-02-14 00:00:00,0.067473611
2020-02-14 01:00:00,0.067191667
2020-02-14 02:00:00,0.066901389
2020-02-14 03:00:00,0.066575
2020-02-14 04:00:00,0.066158333
2020-02-14 05:00:00,0.065679167
2020-02-14 06:00:00,0.065133333
2020-02-14 07:00:00,0.064548611
2020-02-14 08:00:00,0.063947222
2020-02-14 09:00:00,0.063319444
2020-02-14 10:00:00,0.06275
2020-02-14 11:00:00,0.062247222
2020-02-14 12:00:00,0.061777778
2020-02-14 13:00:00,0.061352778
2020-02-14 14:00:00,0.061011111
2020-02-14 15:00:00,0.060723611
2020-02-14 16:00:00,0.060498611
2020-02-14 17:00:00,0.0603125
2020-02-14 18:00:00,0.060151389
2020-02-14 19:00:00,0.060020833
2020-02-14 20:00:00,0.059881944
2020-02-14 21:00:00,0.059694444
2020-02-14 22:00:00,0.059493056
2020-02-14 23:00:00,0.059256944
2020-02-15 00:00:00,0.0589625
2020-02-15 01:00:00,0.058652778
2020-02-15 02:00:00,0.058329167
2020-02-15 03:00:00,0.057972222
2020-02-15 04:00:00,0.057586111
2020-02-15 05:00:00,0.057158333
2020-02-15 06:00:00,0.056694444
2020-02-15 07:00:00,0.056204167
2020-02-15 08:00:00,0.055729167
2020-02-15 09:00:00,0.055281944
2020-02-15 10:00:00,0.054856944
2020-02-15 11:00:00,0.054470833
2020-02-15 12:00:00,0.0541625
2020-02-15 13:00:00,0.053894444
2020-02-15 14:00:00,0.053686111
2020-02-15 15:00:00,0.053525
2020-02-15 16:00:00,0.053394444
2020-02-15 17:00:00,0.053295833
2020-02-15 18:00:00,0.053213889
2020-02-15 19:00:00,0.053141667
2020-02-15 20:00:00,0.053080556
2020-02-15 21:00:00,0.053059722
2020-02-15 22:00:00,0.053045833
2020-02-15 23:00:00,0.053016667
2020-02-16 00:00:00,0.052970833
2020-02-16 01:00:00,0.052888889
2020-02-16 02:00:00,0.052770833
2020-02-16 03:00:00,0.052633333
2020-02-16 04:00:00,0.052470833
2020-02-16 05:00:00,0.052301389
2020-02-16 06:00:00,0.052130556
2020-02-16 07:00:00,0.051945833
2020-02-16 08:00:00,0.051777778
2020-02-16 09:00:00,0.0516
2020-02-16 10:00:00,0.051469444
2020-02-16 11:00:00,0.051380556
2020-02-16 12:00:00,0.051326389
2020-02-16 13:00:00,0.051331944
2020-02-16 14:00:00,0.051381944
2020-02-16 15:00:00,0.051522222
2020-02-16 16:00:00,0.051691667
2020-02-16 17:00:00,0.051919444
2020-02-16 18:00:00,0.052226389
2020-02-16 19:00:00,0.052526389
2020-02-16 20:00:00,0.052851389
2020-02-16 21:00:00,0.053179167
2020-02-16 22:00:00,0.053540278
2020-02-16 23:00:00,0.053958333
2020-02-17 00:00:00,0.054356944
2020-02-17 01:00:00,0.054777778
2020-02-17 02:00:00,0.055213889
2020-02-17 03:00:00,0.055620833
2020-02-17 04:00:00,0.056022222
2020-02-17 05:00:00,0.056431944
2020-02-17 06:00:00,0.056811111
2020-02-17 07:00:00,0.057190278
2020-02-17 08:00:00,0.057559722
2020-02-17 09:00:00,0.057923611
2020-02-17 10:00:00,0.058291667
2020-02-17 11:00:00,0.058666667
2020-02-17 12:00:00,0.059051389
2020-02-17 13:00:00,0.059472222
2020-02-17 14:00:00,0.059913889
2020-02-17 15:00:00,0.060365278
2020-02-17 16:00:00,0.060870833
2020-02-17 17:00:00,0.061427778
2020-02-17 18:00:00,0.061977778
2020-02-17 19:00:00,0.062544444
2020-02-17 20:00:00,0.063152778
2020-02-17 21:00:00,0.063729167
2020-02-17 22:00:00,0.0642875
2020-02-17 23:00:00,0.064859722
2020-02-18 00:00:00,0.0654125
2020-02-18 01:00:00,0.065913889
2020-02-18 02:00:00,0.066383333
2020-02-18 03:00:00,0.066841667
2020-02-18 04:00:00,0.067266667
2020-02-18 05:00:00,0.067698611
2020-02-18 06:00:00,0.068140278
2020-02-18 07:00:00,0.068555556
2020-02-18 08:00:00,0.068940278
2020-02-18 09:00:00,0.069301389
2020-02-18 10:00:00,0.069669444
2020-02-18 11:00:00,0.070055556
2020-02-18 12:00:00,0.070438889
2020-02-18 13:00:00,0.070858333
2020-02-18 14:00:00,0.071265278
2020-02-18 15:00:00,0.071701389
2020-02-18 16:00:00,0.072188889
2020-02-18 17:00:00,0.072708333
2020-02-18 18:00:00,0.073181944
2020-02-18 19:00:00,0.073679167
2020-02-18 20:00:00,0.074169444
2020-02-18 21:00:00,0.074602778
2020-02-18 22:00:00,0.075047222
2020-02-18 23:00:00,0.0754625
2020-02-19 00:00:00,0.075861111
2020-02-19 01:00:00,0.076254167
2020-02-19 02:00:00,0.076666667
2020-02-19 03:00:00,0.077111111
2020-02-19 04:00:00,0.077515278
2020-02-19 05:00:00,0.077902778
2020-02-19 06:00:00,0.078265278
2020-02-19 07:00:00,0.078595833
2020-02-19 08:00:00,0.078913889
2020-02-19 09:00:00,0.079229167
2020-02-19 10:00:00,0.079552778
2020-02-19 11:00:00,0.079898611
2020-02-19 12:00:00,0.080265278
2020-02-19 13:00:00,0.080605556
2020-02-19 14:00:00,0.080965278
2020-02-19 15:00:00,0.081318056
2020-02-19 16:00:00,0.081684722
2020-02-19 17:00:00,0.082027778
2020-02-19 18:00:00,0.082366667
2020-02-19 19:00:00,0.082659722
2020-02-19 20:00:00,0.082926389
2020-02-19 21:00:00,0.083205556
2020-02-19 22:00:00,0.083430556
2020-02-19 23:00:00,0.083629167
2020-02-20 00:00:00,0.083805556
2020-02-20 01:00:00,0.083944444
2020-02-20 02:00:00,0.084040278
2020-02-20 03:00:00,0.084104167
2020-02-20 04:00:00,0.084145833
2020-02-20 05:00:00,0.084155556
2020-02-20 06:00:00,0.084144444
2020-02-20 07:00:00,0.084130556
2020-02-20 08:00:00,0.084075
2020-02-20 09:00:00,0.084018056
2020-02-20 10:00:00,0.083952778
2020-02-20 11:00:00,0.083886111
2020-02-20 12:00:00,0.083822222
2020-02-20 13:00:00,0.083747222
2020-02-20 14:00:00,0.083658333
2020-02-20 15:00:00,0.083531944
2020-02-20 16:00:00,0.083391667
2020-02-20 17:00:00,0.083269444
2020-02-20 18:00:00,0.083091667
2020-02-20 19:00:00,0.082819444
2020-02-20 20:00:00,0.082529167
2020-02-20 21:00:00,0.082198611
2020-02-20 22:00:00,0.081851389
2020-02-20 23:00:00,0.081479167
2020-02-21 00:00:00,0.081123611
2020-02-21 01:00:00,0.080734722
2020-02-21 02:00:00,0.080302778
2020-02-21 03:00:00,0.079856944
2020-02-21 04:00:00,0.079366667
2020-02-21 05:00:00,0.078877778
2020-02-21 06:00:00,0.078372222
2020-02-21 07:00:00,0.077858333
2020-02-21 08:00:00,0.077361111
2020-02-21 09:00:00,0.076836111
2020-02-21 10:00:00,0.076261111
2020-02-21 11:00:00,0.075679167
2020-02-21 12:00:00,0.075086111
2020-02-21 13:00:00,0.074455556
2020-02-21 14:00:00,0.073816667
2020-02-21 15:00:00,0.073198611
2020-02-21 16:00:00,0.072529167
2020-02-21 17:00:00,0.071790278
2020-02-21 18:00:00,0.071077778
2020-02-21 19:00:00,0.0703375
2020-02-21 20:00:00,0.0695625
2020-02-21 21:00:00,0.068822222
2020-02-21 22:00:00,0.068131944
2020-02-21 23:00:00,0.067413889
2020-02-22 00:00:00,0.066747222
2020-02-22 01:00:00,0.066109722
2020-02-22 02:00:00,0.0655
2020-02-22 03:00:00,0.064894444
2020-02-22 04:00:00,0.064333333
2020-02-22 05:00:00,0.063861111
2020-02-22 06:00:00,0.063438889
2020-02-22 07:00:00,0.063093056
2020-02-22 08:00:00,0.062819444
2020-02-22 09:00:00,0.06255
2020-02-22 10:00:00,0.062329167
2020-02-22 11:00:00,0.062105556
2020-02-22 12:00:00,0.061902778
2020-02-22 13:00:00,0.061734722
2020-02-22 14:00:00,0.0615875
2020-02-22 15:00:00,0.061519444
2020-02-22 16:00:00,0.061513889
2020-02-22 17:00:00,0.061520833
2020-02-22 18:00:00,0.061580556
2020-02-22 19:00:00,0.0616375
2020-02-22 20:00:00,0.061679167
2020-02-22 21:00:00,0.061680556
2020-02-22 22:00:00,0.061693056
2020-02-22 23:00:00,0.061704167
2020-02-23 00:00:00,0.061676389
2020-02-23 01:00:00,0.061654167
2020-02-23 02:00:00,0.061619444
2020-02-23 03:00:00,0.061594444
2020-02-23 04:00:00,0.061598611
2020-02-23 05:00:00,0.061651389
2020-02-23 06:00:00,0.061790278
2020-02-23 07:00:00,0.061990278
2020-02-23 08:00:00,0.062208333
2020-02-23 09:00:00,0.062454167
2020-02-23 10:00:00,0.062741667
2020-02-23 11:00:00,0.063079167
2020-02-23 12:00:00,0.063430556
2020-02-23 13:00:00,0.063811111
2020-02-23 14:00:00,0.064231944
2020-02-23 15:00:00,0.064698611
2020-02-23 16:00:00,0.065181944
2020-02-23 17:00:00,0.065679167
2020-02-23 18:00:00,0.0661625
2020-02-23 19:00:00,0.066619444
2020-02-23 20:00:00,0.067031944
2020-02-23 21:00:00,0.067394444
2020-02-23 22:00:00,0.067716667
2020-02-23 23:00:00,0.067995833
2020-02-24 00:00:00,0.068220833
2020-02-24 01:00:00,0.068390278
2020-02-24 02:00:00,0.068527778
2020-02-24 03:00:00,0.068620833
2020-02-24 04:00:00,0.068691667
2020-02-24 05:00:00,0.068747222
2020-02-24 06:00:00,0.068827778
2020-02-24 07:00:00,0.068943056
2020-02-24 08:00:00,0.069108333
2020-02-24 09:00:00,0.069294444
2020-02-24 10:00:00,0.069480556
2020-02-24 11:00:00,0.069695833
2020-02-24 12:00:00,0.069918056
2020-02-24 13:00:00,0.070168056
2020-02-24 14:00:00,0.070440278
2020-02-24 15:00:00,0.070711111
2020-02-24 16:00:00,0.070990278
2020-02-24 17:00:00,0.071288889
2020-02-24 18:00:00,0.071573611
2020-02-24 19:00:00,0.071838889
2020-02-24 20:00:00,0.072097222
2020-02-24 21:00:00,0.072304167
2020-02-24 22:00:00,0.072461111
2020-02-24 23:00:00,0.072565278
2020-02-25 00:00:00,0.072593056
2020-02-25 01:00:00,0.072533333
2020-02-25 02:00:00,0.072431944
2020-02-25 03:00:00,0.072268056
2020-02-25 04:00:00,0.072058333
2020-02-25 05:00:00,0.0718375
2020-02-25 06:00:00,0.0716375
2020-02-25 07:00:00,0.071447222
2020-02-25 08:00:00,0.071301389
2020-02-25 09:00:00,0.071184722
2020-02-25 10:00:00,0.0711
2020-02-25 11:00:00,0.071059722
2020-02-25 12:00:00,0.071054167
2020-02-25 13:00:00,0.071061111
2020-02-25 14:00:00,0.071126389
2020-02-25 15:00:00,0.071230556
2020-02-25 16:00:00,0.071368056
2020-02-25 17:00:00,0.071547222
2020-02-25 18:00:00,0.071743056
2020-02-25 19:00:00,0.071941667
2020-02-25 20:00:00,0.0721375
2020-02-25 21:00:00,0.072298611
2020-02-25 22:00:00,0.072379167
2020-02-25 23:00:00,0.0723625
2020-02-26 00:00:00,0.072268056
2020-02-26 01:00:00,0.072073611
2020-02-26 02:00:00,0.071797222
2020-02-26 03:00:00,0.071465278
2020-02-26 04:00:00,0.071086111
2020-02-26 05:00:00,0.070669444
2020-02-26 06:00:00,0.070251389
2020-02-26 07:00:00,0.069858333
2020-02-26 08:00:00,0.069480556
2020-02-26 09:00:00,0.069159722
2020-02-26 10:00:00,0.068890278
2020-02-26 11:00:00,0.068690278
2020-02-26 12:00:00,0.068538889
2020-02-26 13:00:00,0.068455556
2020-02-26 14:00:00,0.068447222
2020-02-26 15:00:00,0.068497222
2020-02-26 16:00:00,0.068620833
2020-02-26 17:00:00,0.068794444
2020-02-26 18:00:00,0.069005556
2020-02-26 19:00:00,0.06925
2020-02-26 20:00:00,0.069479167
2020-02-26 21:00:00,0.069688889
2020-02-26 22:00:00,0.069830556
2020-02-26 23:00:00,0.069902778
2020-02-27 00:00:00,0.069890278
2020-02-27 01:00:00,0.069804167
2020-02-27 02:00:00,0.069643056
2020-02-27 03:00:00,0.069401389
2020-02-27 04:00:00,0.069113889
2020-02-27 05:00:00,0.068765278
2020-02-27 06:00:00,0.068394444
2020-02-27 07:00:00,0.068023611
2020-02-27 08:00:00,0.067676389
2020-02-27 09:00:00,0.067376389
2020-02-27 10:00:00,0.067151389
2020-02-27 11:00:00,0.067019444
2020-02-27 12:00:00,0.066966667
2020-02-27 13:00:00,0.066994444
2020-02-27 14:00:00,0.067105556
2020-02-27 15:00:00,0.067277778
2020-02-27 16:00:00,0.0675
2020-02-27 17:00:00,0.067779167
2020-02-27 18:00:00,0.068113889
2020-02-27 19:00:00,0.068443056
2020-02-27 20:00:00,0.068733333
2020-02-27 21:00:00,0.068991667
2020-02-27 22:00:00,0.069184722
2020-02-27 23:00:00,0.069286111
2020-02-28 00:00:00,0.069298611
2020-02-28 01:00:00,0.069216667
2020-02-28 02:00:00,0.069031944
2020-02-28 03:00:00,0.068755556
2020-02-28 04:00:00,0.0683875
2020-02-28 05:00:00,0.067934722
2020-02-28 06:00:00,0.0674
2020-02-28 07:00:00,0.066822222
2020-02-28 08:00:00,0.066218056
2020-02-28 09:00:00,0.065606944
2020-02-28 10:00:00,0.065022222
2020-02-28 11:00:00,0.064504167
2020-02-28 12:00:00,0.064044444
2020-02-28 13:00:00,0.063672222
2020-02-28 14:00:00,0.063352778
2020-02-28 15:00:00,0.063183333
2020-02-28 16:00:00,0.063065278
2020-02-28 17:00:00,0.062990278
2020-02-28 18:00:00,0.063006944
2020-02-28 19:00:00,0.063104167
2020-02-28 20:00:00,0.063205556
2020-02-28 21:00:00,0.063316667
2020-02-28 22:00:00,0.063431944
2020-02-28 23:00:00,0.063541667
2020-02-29 00:00:00,0.0636125
2020-02-29 01:00:00,0.063713889
2020-02-29 02:00:00,0.063776389
2020-02-29 03:00:00,0.063804167
2020-02-29 04:00:00,0.063816667
2020-02-29 05:00:00,0.063795833
2020-02-29 06:00:00,0.063744444
2020-02-29 07:00:00,0.063659722
2020-02-29 08:00:00,0.063526389
2020-02-29 09:00:00,0.0633875
2020-02-29 10:00:00,0.063195833
2020-02-29 11:00:00,0.063019444
2020-02-29 12:00:00,0.062915278
2020-02-29 13:00:00,0.062841667
2020-02-29 14:00:00,0.062805556
2020-02-29 15:00:00,0.062802778
2020-02-29 16:00:00,0.062840278
2020-02-29 17:00:00,0.062919444
2020-02-29 18:00:00,0.063036111
2020-02-29 19:00:00,0.0632
2020-02-29 20:00:00,0.063393056
2020-02-29 21:00:00,0.063601389
2020-02-29 22:00:00,0.063825
2020-02-29 23:00:00,0.064048611
2021-02-01 00:00:00,0.027490278
2021-02-01 01:00:00,0.027823611
2021-02-01 02:00:00,0.028140278
2021-02-01 03:00:00,0.028420833
2021-02-01 04:00:00,0.028577778
2021-02-01 05:00:00,0.028670833
2021-02-01 06:00:00,0.028793056
2021-02-01 07:00:00,0.0288125
2021-02-01 08:00:00,0.028765278
2021-02-01 09:00:00,0.028790278
2021-02-01 10:00:00,0.028830556
2021-02-01 11:00:00,0.028843056
2021-02-01 12:00:00,0.028870833
2021-02-01 13:00:00,0.028977778
2021-02-01 14:00:00,0.029090278
2021-02-01 15:00:00,0.029201389
2021-02-01 16:00:00,0.029390278
2021-02-01 17:00:00,0.029609722
2021-02-01 18:00:00,0.029834722
2021-02-01 19:00:00,0.030058333
2021-02-01 20:00:00,0.030276389
2021-02-01 21:00:00,0.030438889
2021-02-01 22:00:00,0.030577778
2021-02-01 23:00:00,0.030698611
2021-02-02 00:00:00,0.030729167
2021-02-02 01:00:00,0.030686111
2021-02-02 02:00:00,0.030593056
2021-02-02 03:00:00,0.0304375
2021-02-02 04:00:00,0.030229167
2021-02-02 05:00:00,0.030015278
2021-02-02 06:00:00,0.029780556
2021-02-02 07:00:00,0.029520833
2021-02-02 08:00:00,0.029276389
2021-02-02 09:00:00,0.029059722
2021-02-02 10:00:00,0.028891667
2021-02-02 11:00:00,0.028776389
2021-02-02 12:00:00,0.028723611
2021-02-02 13:00:00,0.028716667
2021-02-02 14:00:00,0.028741667
2021-02-02 15:00:00,0.0288875
2021-02-02 16:00:00,0.029040278
2021-02-02 17:00:00,0.029234722
2021-02-02 18:00:00,0.029481944
2021-02-02 19:00:00,0.029731944
2021-02-02 20:00:00,0.030015278
2021-02-02 21:00:00,0.030283333
2021-02-02 22:00:00,0.030565278
2021-02-02 23:00:00,0.030847222
2021-02-03 00:00:00,0.031131944
2021-02-03 01:00:00,0.031372222
2021-02-03 02:00:00,0.031565278
2021-02-03 03:00:00,0.031726389
2021-02-03 04:00:00,0.031901389
2021-02-03 05:00:00,0.032086111
2021-02-03 06:00:00,0.032283333
2021-02-03 07:00:00,0.032452778
2021-02-03 08:00:00,0.032611111
2021-02-03 09:00:00,0.032820833
2021-02-03 10:00:00,0.032969444
2021-02-03 11:00:00,0.033136111
2021-02-03 12:00:00,0.033331944
2021-02-03 13:00:00,0.033483333
2021-02-03 14:00:00,0.033679167
2021-02-03 15:00:00,0.033926389
2021-02-03 16:00:00,0.034190278
2021-02-03 17:00:00,0.034518056
2021-02-03 18:00:00,0.034865278
2021-02-03 19:00:00,0.035245833
2021-02-03 20:00:00,0.035658333
2021-02-03 21:00:00,0.036048611
2021-02-03 22:00:00,0.036380556
2021-02-03 23:00:00,0.036698611
2021-02-04 00:00:00,0.036993056
2021-02-04 01:00:00,0.037248611
2021-02-04 02:00:00,0.037466667
2021-02-04 03:00:00,0.037651389
2021-02-04 04:00:00,0.037808333
2021-02-04 05:00:00,0.037940278
2021-02-04 06:00:00,0.0380375
2021-02-04 07:00:00,0.038130556
2021-02-04 08:00:00,0.038198611
2021-02-04 09:00:00,0.038241667
2021-02-04 10:00:00,0.038288889
2021-02-04 11:00:00,0.038327778
2021-02-04 12:00:00,0.038404167
2021-02-04 13:00:00,0.038523611
2021-02-04 14:00:00,0.038630556
2021-02-04 15:00:00,0.038784722
2021-02-04 16:00:00,0.038927778
2021-02-04 17:00:00,0.039088889
2021-02-04 18:00:00,0.039286111
2021-02-04 19:00:00,0.0394875
2021-02-04 20:00:00,0.039643056
2021-02-04 21:00:00,0.039768056
2021-02-04 22:00:00,0.039879167
2021-02-04 23:00:00,0.039931944
2021-02-05 00:00:00,0.039948611
2021-02-05 01:00:00,0.039916667
2021-02-05 02:00:00,0.039829167
2021-02-05 03:00:00,0.039690278
2021-02-05 04:00:00,0.039534722
2021-02-05 05:00:00,0.039331944
2021-02-05 06:00:00,0.039101389
2021-02-05 07:00:00,0.038851389
2021-02-05 08:00:00,0.038577778
2021-02-05 09:00:00,0.038270833
2021-02-05 10:00:00,0.03795
2021-02-05 11:00:00,0.037623611
2021-02-05 12:00:00,0.037288889
2021-02-05 13:00:00,0.036936111
2021-02-05 14:00:00,0.036597222
2021-02-05 15:00:00,0.0362625
2021-02-05 16:00:00,0.0359375
2021-02-05 17:00:00,0.035654167
2021-02-05 18:00:00,0.035363889
2021-02-05 19:00:00,0.035090278
2021-02-05 20:00:00,0.034844444
2021-02-05 21:00:00,0.0346125
2021-02-05 22:00:00,0.034398611
2021-02-05 23:00:00,0.0341875
2021-02-06 00:00:00,0.033988889
2021-02-06 01:00:00,0.033776389
2021-02-06 02:00:00,0.033559722
2021-02-06 03:00:00,0.033331944
2021-02-06 04:00:00,0.033076389
2021-02-06 05:00:00,0.032811111
2021-02-06 06:00:00,0.032543056
2021-02-06 07:00:00,0.032265278
2021-02-06 08:00:00,0.031981944
2021-02-06 09:00:00,0.031681944
2021-02-06 10:00:00,0.031358333
2021-02-06 11:00:00,0.031030556
2021-02-06 12:00:00,0.030727778
2021-02-06 13:00:00,0.030455556
2021-02-06 14:00:00,0.030173611
2021-02-06 15:00:00,0.029902778
2021-02-06 16:00:00,0.029655556
2021-02-06 17:00:00,0.029419444
2021-02-06 18:00:00,0.0292
2021-02-06 19:00:00,0.029013889
2021-02-06 20:00:00,0.028829167
2021-02-06 21:00:00,0.028629167
2021-02-06 22:00:00,0.028448611
2021-02-06 23:00:00,0.028273611
2021-02-07 00:00:00,0.028104167
2021-02-07 01:00:00,0.027948611
2021-02-07 02:00:00,0.027823611
2021-02-07 03:00:00,0.027729167
2021-02-07 04:00:00,0.0276375
2021-02-07 05:00:00,0.027561111
2021-02-07 06:00:00,0.027483333
2021-02-07 07:00:00,0.027431944
2021-02-07 08:00:00,0.027391667
2021-02-07 09:00:00,0.027352778
2021-02-07 10:00:00,0.027297222
2021-02-07 11:00:00,0.027230556
2021-02-07 12:00:00,0.027202778
2021-02-07 13:00:00,0.027201389
2021-02-07 14:00:00,0.027241667
2021-02-07 15:00:00,0.027275
2021-02-07 16:00:00,0.027316667
2021-02-07 17:00:00,0.027395833
2021-02-07 18:00:00,0.027477778
2021-02-07 19:00:00,0.027591667
2021-02-07 20:00:00,0.027718056
2021-02-07 21:00:00,0.027845833
2021-02-07 22:00:00,0.027965278
2021-02-07 23:00:00,0.028086111
2021-02-08 00:00:00,0.028195833
2021-02-08 01:00:00,0.028298611
2021-02-08 02:00:00,0.028380556
2021-02-08 03:00:00,0.028470833
2021-02-08 04:00:00,0.028534722
2021-02-08 05:00:00,0.028598611
2021-02-08 06:00:00,0.028654167
2021-02-08 07:00:00,0.028686111
2021-02-08 08:00:00,0.028704167
2021-02-08 09:00:00,0.028719444
2021-02-08 10:00:00,0.028725
2021-02-08 11:00:00,0.028733333
2021-02-08 12:00:00,0.028730556
2021-02-08 13:00:00,0.028718056
2021-02-08 14:00:00,0.028702778
2021-02-08 15:00:00,0.028690278
2021-02-08 16:00:00,0.028686111
2021-02-08 17:00:00,0.028675
2021-02-08 18:00:00,0.028668056
2021-02-08 19:00:00,0.028659722
2021-02-08 20:00:00,0.0286625
2021-02-08 21:00:00,0.028672222
2021-02-08 22:00:00,0.0287125
2021-02-08 23:00:00,0.028751389
2021-02-09 00:00:00,0.028820833
2021-02-09 01:00:00,0.028888889
2021-02-09 02:00:00,0.028976389
2021-02-09 03:00:00,0.029040278
2021-02-09 04:00:00,0.029093056
2021-02-09 05:00:00,0.029161111
2021-02-09 06:00:00,0.029220833
2021-02-09 07:00:00,0.029277778
2021-02-09 08:00:00,0.029323611
2021-02-09 09:00:00,0.029373611
2021-02-09 10:00:00,0.029416667
2021-02-09 11:00:00,0.029452778
2021-02-09 12:00:00,0.029469444
2021-02-09 13:00:00,0.029472222
2021-02-09 14:00:00,0.029454167
2021-02-09 15:00:00,0.029398611
2021-02-09 16:00:00,0.029319444
2021-02-09 17:00:00,0.029240278
2021-02-09 18:00:00,0.029133333
2021-02-09 19:00:00,0.029011111
2021-02-09 20:00:00,0.028870833
2021-02-09 21:00:00,0.028744444
2021-02-09 22:00:00,0.028627778
2021-02-09 23:00:00,0.028498611
2021-02-10 00:00:00,0.028373611
2021-02-10 01:00:00,0.028254167
2021-02-10 02:00:00,0.028136111
2021-02-10 03:00:00,0.028002778
2021-02-10 04:00:00,0.027870833
2021-02-10 05:00:00,0.0277375
2021-02-10 06:00:00,0.027588889
2021-02-10 07:00:00,0.027438889
2021-02-10 08:00:00,0.027284722
2021-02-10 09:00:00,0.027113889
2021-02-10 10:00:00,0.026945833
2021-02-10 11:00:00,0.026775
2021-02-10 12:00:00,0.026604167
2021-02-10 13:00:00,0.0264375
2021-02-10 14:00:00,0.026276389
2021-02-10 15:00:00,0.026115278
2021-02-10 16:00:00,0.025976389
2021-02-10 17:00:00,0.025843056
2021-02-10 18:00:00,0.025722222
2021-02-10 19:00:00,0.025563889
2021-02-10 20:00:00,0.025416667
2021-02-10 21:00:00,0.025302778
2021-02-10 22:00:00,0.025175
2021-02-10 23:00:00,0.025069444
2021-02-11 00:00:00,0.0249625
2021-02-11 01:00:00,0.024856944
2021-02-11 02:00:00,0.024743056
2021-02-11 03:00:00,0.024641667
2021-02-11 04:00:00,0.024543056
2021-02-11 05:00:00,0.024438889
2021-02-11 06:00:00,0.024352778
2021-02-11 07:00:00,0.024269444
2021-02-11 08:00:00,0.024176389
2021-02-11 09:00:00,0.0240875
2021-02-11 10:00:00,0.024016667
2021-02-11 11:00:00,0.023951389
2021-02-11 12:00:00,0.023877778
2021-02-11 13:00:00,0.023806944
2021-02-11 14:00:00,0.023718056
2021-02-11 15:00:00,0.023643056
2021-02-11 16:00:00,0.023577778
2021-02-11 17:00:00,0.023505556
2021-02-11 18:00:00,0.023418056
2021-02-11 19:00:00,0.023330556
2021-02-11 20:00:00,0.023219444
2021-02-11 21:00:00,0.023116667
2021-02-11 22:00:00,0.0230125
2021-02-11 23:00:00,0.022918056
2021-02-12 00:00:00,0.022815278
2021-02-12 01:00:00,0.0227125
2021-02-12 02:00:00,0.022644444
2021-02-12 03:00:00,0.022601389
2021-02-12 04:00:00,0.022580556
2021-02-12 05:00:00,0.022623611
2021-02-12 06:00:00,0.022773611
2021-02-12 07:00:00,0.022980556
2021-02-12 08:00:00,0.023195833
2021-02-12 09:00:00,0.0234125
2021-02-12 10:00:00,0.023675
2021-02-12 11:00:00,0.023945833
2021-02-12 12:00:00,0.024256944
2021-02-12 13:00:00,0.024595833
2021-02-12 14:00:00,0.024968056
2021-02-12 15:00:00,0.025373611
2021-02-12 16:00:00,0.025798611
2021-02-12 17:00:00,0.026304167
2021-02-12 18:00:00,0.026866667
2021-02-12 19:00:00,0.027422222
2021-02-12 20:00:00,0.027941667
2021-02-12 21:00:00,0.028472222
2021-02-12 22:00:00,0.028979167
2021-02-12 23:00:00,0.029452778
2021-02-13 00:00:00,0.029902778
2021-02-13 01:00:00,0.030315278
2021-02-13 02:00:00,0.030704167
2021-02-13 03:00:00,0.031080556
2021-02-13 04:00:00,0.031433333
2021-02-13 05:00:00,0.031779167
2021-02-13 06:00:00,0.032129167
2021-02-13 07:00:00,0.032493056
2021-02-13 08:00:00,0.032883333
2021-02-13 09:00:00,0.033290278
2021-02-13 10:00:00,0.033706944
2021-02-13 11:00:00,0.034148611
2021-02-13 12:00:00,0.034613889
2021-02-13 13:00:00,0.035101389
2021-02-13 14:00:00,0.035602778
2021-02-13 15:00:00,0.036127778
2021-02-13 16:00:00,0.036668056
2021-02-13 17:00:00,0.037193056
2021-02-13 18:00:00,0.037733333
2021-02-13 19:00:00,0.038251389
2021-02-13 20:00:00,0.038729167
2021-02-13 21:00:00,0.039166667
2021-02-13 22:00:00,0.039558333
2021-02-13 23:00:00,0.039884722
2021-02-14 00:00:00,0.040134722
2021-02-14 01:00:00,0.040341667
2021-02-14 02:00:00,0.040494444
2021-02-14 03:00:00,0.040626389
2021-02-14 04:00:00,0.040745833
2021-02-14 05:00:00,0.040848611
2021-02-14 06:00:00,0.040948611
2021-02-14 07:00:00,0.041075
2021-02-14 08:00:00,0.041238889
2021-02-14 09:00:00,0.041452778
2021-02-14 10:00:00,0.041709722
2021-02-14 11:00:00,0.041997222
2021-02-14 12:00:00,0.042330556
2021-02-14 13:00:00,0.042705556
2021-02-14 14:00:00,0.043109722
2021-02-14 15:00:00,0.043548611
2021-02-14 16:00:00,0.044030556
2021-02-14 17:00:00,0.044523611
2021-02-14 18:00:00,0.045019444
2021-02-14 19:00:00,0.045475
2021-02-14 20:00:00,0.045922222
2021-02-14 21:00:00,0.046354167
2021-02-14 22:00:00,0.046668056
2021-02-14 23:00:00,0.046841667
2021-02-15 00:00:00,0.046920833
2021-02-15 01:00:00,0.046811111
2021-02-15 02:00:00,0.046568056
2021-02-15 03:00:00,0.046247222
2021-02-15 04:00:00,0.045858333
2021-02-15 05:00:00,0.045447222
2021-02-15 06:00:00,0.045023611
2021-02-15 07:00:00,0.044591667
2021-02-15 08:00:00,0.044186111
2021-02-15 09:00:00,0.043801389
2021-02-15 10:00:00,0.043465278
2021-02-15 11:00:00,0.043159722
2021-02-15 12:00:00,0.042875
2021-02-15 13:00:00,0.042676389
2021-02-15 14:00:00,0.042536111
2021-02-15 15:00:00,0.042475
2021-02-15 16:00:00,0.042490278
2021-02-15 17:00:00,0.042469444
2021-02-15 18:00:00,0.042459722
2021-02-15 19:00:00,0.042486111
2021-02-15 20:00:00,0.042502778
2021-02-15 21:00:00,0.042547222
2021-02-15 22:00:00,0.042631944
2021-02-15 23:00:00,0.042654167
2021-02-16 00:00:00,0.042694444
2021-02-16 01:00:00,0.042640278
2021-02-16 02:00:00,0.042531944
2021-02-16 03:00:00,0.042377778
2021-02-16 04:00:00,0.042190278
2021-02-16 05:00:00,0.041966667
2021-02-16 06:00:00,0.041755556
2021-02-16 07:00:00,0.041583333
2021-02-16 08:00:00,0.041416667
2021-02-16 09:00:00,0.041304167
2021-02-16 10:00:00,0.041305556
2021-02-16 11:00:00,0.041329167
2021-02-16 12:00:00,0.041498611
2021-02-16 13:00:00,0.041794444
2021-02-16 14:00:00,0.042144444
2021-02-16 15:00:00,0.042540278
2021-02-16 16:00:00,0.043001389
2021-02-16 17:00:00,0.043516667
2021-02-16 18:00:00,0.044056944
2021-02-16 19:00:00,0.044577778
2021-02-16 20:00:00,0.045129167
2021-02-16 21:00:00,0.045711111
2021-02-16 22:00:00,0.046216667
2021-02-16 23:00:00,0.046640278
2021-02-17 00:00:00,0.047020833
2021-02-17 01:00:00,0.047348611
2021-02-17 02:00:00,0.047615278
2021-02-17 03:00:00,0.047794444
2021-02-17 04:00:00,0.047958333
2021-02-17 05:00:00,0.048063889
2021-02-17 06:00:00,0.048115278
2021-02-17 07:00:00,0.048127778
2021-02-17 08:00:00,0.048130556
2021-02-17 09:00:00,0.0481375
2021-02-17 10:00:00,0.048148611
2021-02-17 11:00:00,0.048206944
2021-02-17 12:00:00,0.048330556
2021-02-17 13:00:00,0.048541667
2021-02-17 14:00:00,0.048851389
2021-02-17 15:00:00,0.049227778
2021-02-17 16:00:00,0.049670833
2021-02-17 17:00:00,0.050163889
2021-02-17 18:00:00,0.050713889
2021-02-17 19:00:00,0.051279167
2021-02-17 20:00:00,0.05185
2021-02-17 21:00:00,0.052406944
2021-02-17 22:00:00,0.052961111
2021-02-17 23:00:00,0.053465278
2021-02-18 00:00:00,0.053904167
2021-02-18 01:00:00,0.054301389
2021-02-18 02:00:00,0.054645833
2021-02-18 03:00:00,0.054908333
2021-02-18 04:00:00,0.0551125
2021-02-18 05:00:00,0.055229167
2021-02-18 06:00:00,0.055277778
2021-02-18 07:00:00,0.055255556
2021-02-18 08:00:00,0.055191667
2021-02-18 09:00:00,0.055077778
2021-02-18 10:00:00,0.0549375
2021-02-18 11:00:00,0.054806944
2021-02-18 12:00:00,0.054702778
2021-02-18 13:00:00,0.05465
2021-02-18 14:00:00,0.054656944
2021-02-18 15:00:00,0.054731944
2021-02-18 16:00:00,0.054861111
2021-02-18 17:00:00,0.055026389
2021-02-18 18:00:00,0.055272222
2021-02-18 19:00:00,0.055575
2021-02-18 20:00:00,0.055901389
2021-02-18 21:00:00,0.056236111
2021-02-18 22:00:00,0.056573611
2021-02-18 23:00:00,0.056908333
2021-02-19 00:00:00,0.057213889
2021-02-19 01:00:00,0.0574875
2021-02-19 02:00:00,0.057720833
2021-02-19 03:00:00,0.057927778
2021-02-19 04:00:00,0.0581125
2021-02-19 05:00:00,0.058270833
2021-02-19 06:00:00,0.058380556
2021-02-19 07:00:00,0.058455556
2021-02-19 08:00:00,0.058470833
2021-02-19 09:00:00,0.058447222
2021-02-19 10:00:00,0.058359722
2021-02-19 11:00:00,0.058241667
2021-02-19 12:00:00,0.058106944
2021-02-19 13:00:00,0.058004167
2021-02-19 14:00:00,0.057901389
2021-02-19 15:00:00,0.057790278
2021-02-19 16:00:00,0.057744444
2021-02-19 17:00:00,0.057695833
2021-02-19 18:00:00,0.057693056
2021-02-19 19:00:00,0.057731944
2021-02-19 20:00:00,0.057770833
2021-02-19 21:00:00,0.057840278
2021-02-19 22:00:00,0.057920833
2021-02-19 23:00:00,0.057983333
2021-02-20 00:00:00,0.058047222
2021-02-20 01:00:00,0.058111111
2021-02-20 02:00:00,0.058136111
2021-02-20 03:00:00,0.058133333
2021-02-20 04:00:00,0.058097222
2021-02-20 05:00:00,0.058027778
2021-02-20 06:00:00,0.057941667
2021-02-20 07:00:00,0.057819444
2021-02-20 08:00:00,0.057670833
2021-02-20 09:00:00,0.057505556
2021-02-20 10:00:00,0.0572875
2021-02-20 11:00:00,0.057041667
2021-02-20 12:00:00,0.056780556
2021-02-20 13:00:00,0.0565
2021-02-20 14:00:00,0.056241667
2021-02-20 15:00:00,0.055983333
2021-02-20 16:00:00,0.055731944
2021-02-20 17:00:00,0.0554625
2021-02-20 18:00:00,0.055204167
2021-02-20 19:00:00,0.054963889
2021-02-20 20:00:00,0.054743056
2021-02-20 21:00:00,0.054561111
2021-02-20 22:00:00,0.054375
2021-02-20 23:00:00,0.054209722
2021-02-21 00:00:00,0.054080556
2021-02-21 01:00:00,0.053951389
2021-02-21 02:00:00,0.053851389
2021-02-21 03:00:00,0.053715278
2021-02-21 04:00:00,0.053576389
2021-02-21 05:00:00,0.053431944
2021-02-21 06:00:00,0.053275
2021-02-21 07:00:00,0.053104167
2021-02-21 08:00:00,0.052902778
2021-02-21 09:00:00,0.052652778
2021-02-21 10:00:00,0.052352778
2021-02-21 11:00:00,0.052031944
2021-02-21 12:00:00,0.051654167
2021-02-21 13:00:00,0.051240278
2021-02-21 14:00:00,0.050836111
2021-02-21 15:00:00,0.050370833
2021-02-21 16:00:00,0.049841667
2021-02-21 17:00:00,0.049325
2021-02-21 18:00:00,0.048783333
2021-02-21 19:00:00,0.048241667
2021-02-21 20:00:00,0.047704167
2021-02-21 21:00:00,0.047198611
2021-02-21 22:00:00,0.046690278
2021-02-21 23:00:00,0.046168056
2021-02-22 00:00:00,0.045655556
2021-02-22 01:00:00,0.045158333
2021-02-22 02:00:00,0.044691667
2021-02-22 03:00:00,0.044244444
2021-02-22 04:00:00,0.043813889
2021-02-22 05:00:00,0.043394444
2021-02-22 06:00:00,0.0429875
2021-02-22 07:00:00,0.042583333
2021-02-22 08:00:00,0.042194444
2021-02-22 09:00:00,0.041805556
2021-02-22 10:00:00,0.041427778
2021-02-22 11:00:00,0.041079167
2021-02-22 12:00:00,0.040727778
2021-02-22 13:00:00,0.040369444
2021-02-22 14:00:00,0.040036111
2021-02-22 15:00:00,0.039697222
2021-02-22 16:00:00,0.039359722
2021-02-22 17:00:00,0.039002778
2021-02-22 18:00:00,0.038652778
2021-02-22 19:00:00,0.038311111
2021-02-22 20:00:00,0.037976389
2021-02-22 21:00:00,0.037623611
2021-02-22 22:00:00,0.037255556
2021-02-22 23:00:00,0.036906944
2021-02-23 00:00:00,0.036548611
2021-02-23 01:00:00,0.036223611
2021-02-23 02:00:00,0.035930556
2021-02-23 03:00:00,0.035680556
2021-02-23 04:00:00,0.035476389
2021-02-23 05:00:00,0.035320833
2021-02-23 06:00:00,0.035195833
2021-02-23 07:00:00,0.035088889
2021-02-23 08:00:00,0.035015278
2021-02-23 09:00:00,0.034959722
2021-02-23 10:00:00,0.034913889
2021-02-23 11:00:00,0.034888889
2021-02-23 12:00:00,0.034880556
2021-02-23 13:00:00,0.034904167
2021-02-23 14:00:00,0.034943056
2021-02-23 15:00:00,0.034980556
2021-02-23 16:00:00,0.035019444
2021-02-23 17:00:00,0.035041667
2021-02-23 18:00:00,0.035040278
2021-02-23 19:00:00,0.035048611
2021-02-23 20:00:00,0.035041667
2021-02-23 21:00:00,0.035004167
2021-02-23 22:00:00,0.034933333
2021-02-23 23:00:00,0.0348375
2021-02-24 00:00:00,0.0347
2021-02-24 01:00:00,0.034555556
2021-02-24 02:00:00,0.034402778
2021-02-24 03:00:00,0.034209722
2021-02-24 04:00:00,0.034047222
2021-02-24 05:00:00,0.033929167
2021-02-24 06:00:00,0.033845833
2021-02-24 07:00:00,0.033777778
2021-02-24 08:00:00,0.033733333
2021-02-24 09:00:00,0.033704167
2021-02-24 10:00:00,0.033719444
2021-02-24 11:00:00,0.033729167
2021-02-24 12:00:00,0.033751389
2021-02-24 13:00:00,0.033788889
2021-02-24 14:00:00,0.033881944
2021-02-24 15:00:00,0.033956944
2021-02-24 16:00:00,0.033993056
2021-02-24 17:00:00,0.034065278
2021-02-24 18:00:00,0.034130556
2021-02-24 19:00:00,0.034163889
2021-02-24 20:00:00,0.034179167
2021-02-24 21:00:00,0.034183333
2021-02-24 22:00:00,0.034134722
2021-02-24 23:00:00,0.034075
2021-02-25 00:00:00,0.034025
2021-02-25 01:00:00,0.033947222
2021-02-25 02:00:00,0.033851389
2021-02-25 03:00:00,0.0337875
2021-02-25 04:00:00,0.033733333
2021-02-25 05:00:00,0.033711111
2021-02-25 06:00:00,0.03375
2021-02-25 07:00:00,0.033836111
2021-02-25 08:00:00,0.033954167
2021-02-25 09:00:00,0.034097222
2021-02-25 10:00:00,0.034276389
2021-02-25 11:00:00,0.034484722
2021-02-25 12:00:00,0.0347125
2021-02-25 13:00:00,0.03495
2021-02-25 14:00:00,0.035205556
2021-02-25 15:00:00,0.035455556
2021-02-25 16:00:00,0.035693056
2021-02-25 17:00:00,0.035909722
2021-02-25 18:00:00,0.036090278
2021-02-25 19:00:00,0.036216667
2021-02-25 20:00:00,0.036293056
2021-02-25 21:00:00,0.036293056
2021-02-25 22:00:00,0.036247222
2021-02-25 23:00:00,0.0361375
2021-02-26 00:00:00,0.035970833
2021-02-26 01:00:00,0.035763889
2021-02-26 02:00:00,0.035530556
2021-02-26 03:00:00,0.035280556
2021-02-26 04:00:00,0.035008333
2021-02-26 05:00:00,0.034740278
2021-02-26 06:00:00,0.0345
2021-02-26 07:00:00,0.034308333
2021-02-26 08:00:00,0.034140278
2021-02-26 09:00:00,0.034011111
2021-02-26 10:00:00,0.033920833
2021-02-26 11:00:00,0.033866667
2021-02-26 12:00:00,0.033866667
2021-02-26 13:00:00,0.033927778
2021-02-26 14:00:00,0.034033333
2021-02-26 15:00:00,0.034191667
2021-02-26 16:00:00,0.034379167
2021-02-26 17:00:00,0.034611111
2021-02-26 18:00:00,0.034855556
2021-02-26 19:00:00,0.035081944
2021-02-26 20:00:00,0.035265278
2021-02-26 21:00:00,0.035436111
2021-02-26 22:00:00,0.035541667
2021-02-26 23:00:00,0.035568056
2021-02-27 00:00:00,0.035530556
2021-02-27 01:00:00,0.035402778
2021-02-27 02:00:00,0.035284722
2021-02-27 03:00:00,0.0351
2021-02-27 04:00:00,0.0348875
2021-02-27 05:00:00,0.034723611
2021-02-27 06:00:00,0.034555556
2021-02-27 07:00:00,0.0343875
2021-02-27 08:00:00,0.034243056
2021-02-27 09:00:00,0.034175
2021-02-27 10:00:00,0.034141667
2021-02-27 11:00:00,0.034127778
2021-02-27 12:00:00,0.034172222
2021-02-27 13:00:00,0.034261111
2021-02-27 14:00:00,0.034384722
2021-02-27 15:00:00,0.034556944
2021-02-27 16:00:00,0.034783333
2021-02-27 17:00:00,0.035069444
2021-02-27 18:00:00,0.035351389
2021-02-27 19:00:00,0.0356375
2021-02-27 20:00:00,0.035883333
2021-02-27 21:00:00,0.036141667
2021-02-27 22:00:00,0.036288889
2021-02-27 23:00:00,0.036372222
2021-02-28 00:00:00,0.036388889
2021-02-28 01:00:00,0.036281944
2021-02-28 02:00:00,0.036156944
2021-02-28 03:00:00,0.035995833
2021-02-28 04:00:00,0.035801389
2021-02-28 05:00:00,0.035586111
2021-02-28 06:00:00,0.035393056
2021-02-28 07:00:00,0.035273611
2021-02-28 08:00:00,0.035190278
2021-02-28 09:00:00,0.035155556
2021-02-28 10:00:00,0.035205556
2021-02-28 11:00:00,0.035276389
2021-02-28 12:00:00,0.035355556
2021-02-28 13:00:00,0.035481944
2021-02-28 14:00:00,0.035691667
2021-02-28 15:00:00,0.035938889
2021-02-28 16:00:00,0.036236111
2021-02-28 17:00:00,0.036544444
2021-02-28 18:00:00,0.036868056
2021-02-28 19:00:00,0.037184722
2021-02-28 20:00:00,0.037518056
2021-02-28 21:00:00,0.037788889
2021-02-28 22:00:00,0.037994444
2021-02-28 23:00:00,0.038148611
2022-02-01 00:00:00,0.047876389
2022-02-01 01:00:00,0.047729167
2022-02-01 02:00:00,0.047615278
2022-02-01 03:00:00,0.047502778
2022-02-01 04:00:00,0.047423611
2022-02-01 05:00:00,0.0473875
2022-02-01 06:00:00,0.047416667
2022-02-01 07:00:00,0.0475
2022-02-01 08:00:00,0.047595833
2022-02-01 09:00:00,0.047705556
2022-02-01 10:00:00,0.047845833
2022-02-01 11:00:00,0.048009722
2022-02-01 12:00:00,0.048198611
2022-02-01 13:00:00,0.048391667
2022-02-01 14:00:00,0.0486
2022-02-01 15:00:00,0.048845833
2022-02-01 16:00:00,0.049123611
2022-02-01 17:00:00,0.049434722
2022-02-01 18:00:00,0.049776389
2022-02-01 19:00:00,0.050116667
2022-02-01 20:00:00,0.050438889
2022-02-01 21:00:00,0.050748611
2022-02-01 22:00:00,0.051040278
2022-02-01 23:00:00,0.051319444
2022-02-02 00:00:00,0.051579167
2022-02-02 01:00:00,0.051836111
2022-02-02 02:00:00,0.052113889
2022-02-02 03:00:00,0.052393056
2022-02-02 04:00:00,0.052680556
2022-02-02 05:00:00,0.052981944
2022-02-02 06:00:00,0.053302778
2022-02-02 07:00:00,0.053655556
2022-02-02 08:00:00,0.054036111
2022-02-02 09:00:00,0.05445
2022-02-02 10:00:00,0.054880556
2022-02-02 11:00:00,0.055334722
2022-02-02 12:00:00,0.055813889
2022-02-02 13:00:00,0.056301389
2022-02-02 14:00:00,0.056819444
2022-02-02 15:00:00,0.057363889
2022-02-02 16:00:00,0.057920833
2022-02-02 17:00:00,0.058491667
2022-02-02 18:00:00,0.059061111
2022-02-02 19:00:00,0.059638889
2022-02-02 20:00:00,0.060202778
2022-02-02 21:00:00,0.060740278
2022-02-02 22:00:00,0.061268056
2022-02-02 23:00:00,0.061779167
2022-02-03 00:00:00,0.062208333
2022-02-03 01:00:00,0.062618056
2022-02-03 02:00:00,0.062979167
2022-02-03 03:00:00,0.0633125
2022-02-03 04:00:00,0.063608333
2022-02-03 05:00:00,0.063894444
2022-02-03 06:00:00,0.064175
2022-02-03 07:00:00,0.064436111
2022-02-03 08:00:00,0.064711111
2022-02-03 09:00:00,0.065015278
2022-02-03 10:00:00,0.065311111
2022-02-03 11:00:00,0.065622222
2022-02-03 12:00:00,0.065926389
2022-02-03 13:00:00,0.066227778
2022-02-03 14:00:00,0.066526389
2022-02-03 15:00:00,0.066833333
2022-02-03 16:00:00,0.067106944
2022-02-03 17:00:00,0.067359722
2022-02-03 18:00:00,0.067558333
2022-02-03 19:00:00,0.067747222
2022-02-03 20:00:00,0.067894444
2022-02-03 21:00:00,0.067975
2022-02-03 22:00:00,0.068031944
2022-02-03 23:00:00,0.068025
2022-02-04 00:00:00,0.067976389
2022-02-04 01:00:00,0.067898611
2022-02-04 02:00:00,0.067758333
2022-02-04 03:00:00,0.067588889
2022-02-04 04:00:00,0.067381944
2022-02-04 05:00:00,0.067169444
2022-02-04 06:00:00,0.066920833
2022-02-04 07:00:00,0.066675
2022-02-04 08:00:00,0.066463889
2022-02-04 09:00:00,0.066284722
2022-02-04 10:00:00,0.066122222
2022-02-04 11:00:00,0.065970833
2022-02-04 12:00:00,0.065840278
2022-02-04 13:00:00,0.065745833
2022-02-04 14:00:00,0.065681944
2022-02-04 15:00:00,0.065631944
2022-02-04 16:00:00,0.065555556
2022-02-04 17:00:00,0.065565278
2022-02-04 18:00:00,0.065583333
2022-02-04 19:00:00,0.065618056
2022-02-04 20:00:00,0.065663889
2022-02-04 21:00:00,0.065676389
2022-02-04 22:00:00,0.065651389
2022-02-04 23:00:00,0.0655875
2022-02-05 00:00:00,0.065461111
2022-02-05 01:00:00,0.065270833
2022-02-05 02:00:00,0.065043056
2022-02-05 03:00:00,0.06475
2022-02-05 04:00:00,0.064466667
2022-02-05 05:00:00,0.064172222
2022-02-05 06:00:00,0.0638375
2022-02-05 07:00:00,0.063505556
2022-02-05 08:00:00,0.063190278
2022-02-05 09:00:00,0.062926389
2022-02-05 10:00:00,0.0627125
2022-02-05 11:00:00,0.062538889
2022-02-05 12:00:00,0.062381944
2022-02-05 13:00:00,0.062309722
2022-02-05 14:00:00,0.062340278
2022-02-05 15:00:00,0.062429167
2022-02-05 16:00:00,0.062594444
2022-02-05 17:00:00,0.062827778
2022-02-05 18:00:00,0.063130556
2022-02-05 19:00:00,0.063440278
2022-02-05 20:00:00,0.063766667
2022-02-05 21:00:00,0.064152778
2022-02-05 22:00:00,0.064465278
2022-02-05 23:00:00,0.0647
2022-02-06 00:00:00,0.064938889
2022-02-06 01:00:00,0.065081944
2022-02-06 02:00:00,0.065138889
2022-02-06 03:00:00,0.065141667
2022-02-06 04:00:00,0.065075
2022-02-06 05:00:00,0.064945833
2022-02-06 06:00:00,0.064797222
2022-02-06 07:00:00,0.064630556
2022-02-06 08:00:00,0.064448611
2022-02-06 09:00:00,0.064270833
2022-02-06 10:00:00,0.064129167
2022-02-06 11:00:00,0.064041667
2022-02-06 12:00:00,0.064002778
2022-02-06 13:00:00,0.064044444
2022-02-06 14:00:00,0.064138889
2022-02-06 15:00:00,0.064302778
2022-02-06 16:00:00,0.064565278
2022-02-06 17:00:00,0.064904167
2022-02-06 18:00:00,0.065269444
2022-02-06 19:00:00,0.065672222
2022-02-06 20:00:00,0.066097222
2022-02-06 21:00:00,0.066504167
2022-02-06 22:00:00,0.066884722
2022-02-06 23:00:00,0.067244444
2022-02-07 00:00:00,0.067529167
2022-02-07 01:00:00,0.067743056
2022-02-07 02:00:00,0.067915278
2022-02-07 03:00:00,0.068022222
2022-02-07 04:00:00,0.0680875
2022-02-07 05:00:00,0.068101389
2022-02-07 06:00:00,0.068075
2022-02-07 07:00:00,0.068052778
2022-02-07 08:00:00,0.068015278
2022-02-07 09:00:00,0.067994444
2022-02-07 10:00:00,0.068001389
2022-02-07 11:00:00,0.068056944
2022-02-07 12:00:00,0.068156944
2022-02-07 13:00:00,0.068316667
2022-02-07 14:00:00,0.068531944
2022-02-07 15:00:00,0.068805556
2022-02-07 16:00:00,0.069108333
2022-02-07 17:00:00,0.069463889
2022-02-07 18:00:00,0.069831944
2022-02-07 19:00:00,0.070204167
2022-02-07 20:00:00,0.070581944
2022-02-07 21:00:00,0.070925
2022-02-07 22:00:00,0.071225
2022-02-07 23:00:00,0.071481944
2022-02-08 00:00:00,0.071681944
2022-02-08 01:00:00,0.071802778
2022-02-08 02:00:00,0.071868056
2022-02-08 03:00:00,0.071884722
2022-02-08 04:00:00,0.07185
2022-02-08 05:00:00,0.0717875
2022-02-08 06:00:00,0.071698611
2022-02-08 07:00:00,0.071577778
2022-02-08 08:00:00,0.071433333
2022-02-08 09:00:00,0.0712875
2022-02-08 10:00:00,0.071144444
2022-02-08 11:00:00,0.071043056
2022-02-08 12:00:00,0.071006944
2022-02-08 13:00:00,0.071030556
2022-02-08 14:00:00,0.071104167
2022-02-08 15:00:00,0.071268056
2022-02-08 16:00:00,0.071504167
2022-02-08 17:00:00,0.071773611
2022-02-08 18:00:00,0.072068056
2022-02-08 19:00:00,0.072395833
2022-02-08 20:00:00,0.072719444
2022-02-08 21:00:00,0.073020833
2022-02-08 22:00:00,0.073295833
2022-02-08 23:00:00,0.073548611
2022-02-09 00:00:00,0.073744444
2022-02-09 01:00:00,0.073905556
2022-02-09 02:00:00,0.073988889
2022-02-09 03:00:00,0.0740125
2022-02-09 04:00:00,0.073975
2022-02-09 05:00:00,0.0738875
2022-02-09 06:00:00,0.073747222
2022-02-09 07:00:00,0.073545833
2022-02-09 08:00:00,0.073311111
2022-02-09 09:00:00,0.073008333
2022-02-09 10:00:00,0.072656944
2022-02-09 11:00:00,0.072273611
2022-02-09 12:00:00,0.071895833
2022-02-09 13:00:00,0.071573611
2022-02-09 14:00:00,0.071290278
2022-02-09 15:00:00,0.0710625
2022-02-09 16:00:00,0.070909722
2022-02-09 17:00:00,0.070791667
2022-02-09 18:00:00,0.070709722
2022-02-09 19:00:00,0.070688889
2022-02-09 20:00:00,0.070669444
2022-02-09 21:00:00,0.070647222
2022-02-09 22:00:00,0.070672222
2022-02-09 23:00:00,0.070719444
2022-02-10 00:00:00,0.070748611
2022-02-10 01:00:00,0.070790278
2022-02-10 02:00:00,0.070852778
2022-02-10 03:00:00,0.070880556
2022-02-10 04:00:00,0.0708875
2022-02-10 05:00:00,0.070884722
2022-02-10 06:00:00,0.070852778
2022-02-10 07:00:00,0.070768056
2022-02-10 08:00:00,0.070648611
2022-02-10 09:00:00,0.070504167
2022-02-10 10:00:00,0.070327778
2022-02-10 11:00:00,0.0701375
2022-02-10 12:00:00,0.069951389
2022-02-10 13:00:00,0.069780556
2022-02-10 14:00:00,0.069634722
2022-02-10 15:00:00,0.069523611
2022-02-10 16:00:00,0.069431944
2022-02-10 17:00:00,0.069366667
2022-02-10 18:00:00,0.069377778
2022-02-10 19:00:00,0.069379167
2022-02-10 20:00:00,0.069375
2022-02-10 21:00:00,0.069377778
2022-02-10 22:00:00,0.069354167
2022-02-10 23:00:00,0.0693
2022-02-11 00:00:00,0.069240278
2022-02-11 01:00:00,0.069169444
2022-02-11 02:00:00,0.069081944
2022-02-11 03:00:00,0.068975
2022-02-11 04:00:00,0.068852778
2022-02-11 05:00:00,0.068711111
2022-02-11 06:00:00,0.068565278
2022-02-11 07:00:00,0.068422222
2022-02-11 08:00:00,0.068275
2022-02-11 09:00:00,0.068108333
2022-02-11 10:00:00,0.067931944
2022-02-11 11:00:00,0.067756944
2022-02-11 12:00:00,0.067573611
2022-02-11 13:00:00,0.067379167
2022-02-11 14:00:00,0.067206944
2022-02-11 15:00:00,0.067044444
2022-02-11 16:00:00,0.066890278
2022-02-11 17:00:00,0.066752778
2022-02-11 18:00:00,0.066629167
2022-02-11 19:00:00,0.066522222
2022-02-11 20:00:00,0.066420833
2022-02-11 21:00:00,0.066334722
2022-02-11 22:00:00,0.066245833
2022-02-11 23:00:00,0.066144444
2022-02-12 00:00:00,0.066065278
2022-02-12 01:00:00,0.065983333
2022-02-12 02:00:00,0.065926389
2022-02-12 03:00:00,0.065901389
2022-02-12 04:00:00,0.065905556
2022-02-12 05:00:00,0.065933333
2022-02-12 06:00:00,0.065945833
2022-02-12 07:00:00,0.065963889
2022-02-12 08:00:00,0.0659875
2022-02-12 09:00:00,0.066002778
2022-02-12 10:00:00,0.065988889
2022-02-12 11:00:00,0.065983333
2022-02-12 12:00:00,0.0659625
2022-02-12 13:00:00,0.065908333
2022-02-12 14:00:00,0.065851389
2022-02-12 15:00:00,0.065780556
2022-02-12 16:00:00,0.065702778
2022-02-12 17:00:00,0.065613889
2022-02-12 18:00:00,0.065523611
2022-02-12 19:00:00,0.065430556
2022-02-12 20:00:00,0.065356944
2022-02-12 21:00:00,0.065295833
2022-02-12 22:00:00,0.065272222
2022-02-12 23:00:00,0.065247222
2022-02-13 00:00:00,0.065208333
2022-02-13 01:00:00,0.065216667
2022-02-13 02:00:00,0.065252778
2022-02-13 03:00:00,0.065340278
2022-02-13 04:00:00,0.0654875
2022-02-13 05:00:00,0.065670833
2022-02-13 06:00:00,0.065858333
2022-02-13 07:00:00,0.066055556
2022-02-13 08:00:00,0.066265278
2022-02-13 09:00:00,0.066486111
2022-02-13 10:00:00,0.066669444
2022-02-13 11:00:00,0.066852778
2022-02-13 12:00:00,0.067056944
2022-02-13 13:00:00,0.067247222
2022-02-13 14:00:00,0.06745
2022-02-13 15:00:00,0.067638889
2022-02-13 16:00:00,0.0678125
2022-02-13 17:00:00,0.067969444
2022-02-13 18:00:00,0.068123611
2022-02-13 19:00:00,0.068286111
2022-02-13 20:00:00,0.068441667
2022-02-13 21:00:00,0.068575
2022-02-13 22:00:00,0.068683333
2022-02-13 23:00:00,0.068808333
2022-02-14 00:00:00,0.068926389
2022-02-14 01:00:00,0.069022222
2022-02-14 02:00:00,0.069113889
2022-02-14 03:00:00,0.069209722
2022-02-14 04:00:00,0.069308333
2022-02-14 05:00:00,0.069452778
2022-02-14 06:00:00,0.069654167
2022-02-14 07:00:00,0.069847222
2022-02-14 08:00:00,0.070038889
2022-02-14 09:00:00,0.070245833
2022-02-14 10:00:00,0.070477778
2022-02-14 11:00:00,0.070706944
2022-02-14 12:00:00,0.07095
2022-02-14 13:00:00,0.071206944
2022-02-14 14:00:00,0.071444444
2022-02-14 15:00:00,0.071672222
2022-02-14 16:00:00,0.071905556
2022-02-14 17:00:00,0.072126389
2022-02-14 18:00:00,0.072330556
2022-02-14 19:00:00,0.072527778
2022-02-14 20:00:00,0.072702778
2022-02-14 21:00:00,0.072848611
2022-02-14 22:00:00,0.072959722
2022-02-14 23:00:00,0.073033333
2022-02-15 00:00:00,0.073072222
2022-02-15 01:00:00,0.073084722
2022-02-15 02:00:00,0.073075
2022-02-15 03:00:00,0.073059722
2022-02-15 04:00:00,0.073019444
2022-02-15 05:00:00,0.0729875
2022-02-15 06:00:00,0.072986111
2022-02-15 07:00:00,0.073011111
2022-02-15 08:00:00,0.073040278
2022-02-15 09:00:00,0.073072222
2022-02-15 10:00:00,0.073133333
2022-02-15 11:00:00,0.0732125
2022-02-15 12:00:00,0.073298611
2022-02-15 13:00:00,0.073404167
2022-02-15 14:00:00,0.073526389
2022-02-15 15:00:00,0.073648611
2022-02-15 16:00:00,0.073784722
2022-02-15 17:00:00,0.073913889
2022-02-15 18:00:00,0.074027778
2022-02-15 19:00:00,0.074120833
2022-02-15 20:00:00,0.074172222
2022-02-15 21:00:00,0.074194444
2022-02-15 22:00:00,0.0741625
2022-02-15 23:00:00,0.074084722
2022-02-16 00:00:00,0.073961111
2022-02-16 01:00:00,0.073777778
2022-02-16 02:00:00,0.073536111
2022-02-16 03:00:00,0.073258333
2022-02-16 04:00:00,0.072965278
2022-02-16 05:00:00,0.072647222
2022-02-16 06:00:00,0.072301389
2022-02-16 07:00:00,0.071980556
2022-02-16 08:00:00,0.071679167
2022-02-16 09:00:00,0.071388889
2022-02-16 10:00:00,0.071125
2022-02-16 11:00:00,0.070879167
2022-02-16 12:00:00,0.070679167
2022-02-16 13:00:00,0.0705125
2022-02-16 14:00:00,0.070372222
2022-02-16 15:00:00,0.070270833
2022-02-16 16:00:00,0.070219444
2022-02-16 17:00:00,0.070193056
2022-02-16 18:00:00,0.070172222
2022-02-16 19:00:00,0.070127778
2022-02-16 20:00:00,0.070051389
2022-02-16 21:00:00,0.069941667
2022-02-16 22:00:00,0.069806944
2022-02-16 23:00:00,0.069618056
2022-02-17 00:00:00,0.069365278
2022-02-17 01:00:00,0.069036111
2022-02-17 02:00:00,0.068643056
2022-02-17 03:00:00,0.068177778
2022-02-17 04:00:00,0.067681944
2022-02-17 05:00:00,0.0671625
2022-02-17 06:00:00,0.066597222
2022-02-17 07:00:00,0.066006944
2022-02-17 08:00:00,0.065426389
2022-02-17 09:00:00,0.064875
2022-02-17 10:00:00,0.0643125
2022-02-17 11:00:00,0.063766667
2022-02-17 12:00:00,0.063229167
2022-02-17 13:00:00,0.062694444
2022-02-17 14:00:00,0.062215278
2022-02-17 15:00:00,0.061751389
2022-02-17 16:00:00,0.061345833
2022-02-17 17:00:00,0.060975
2022-02-17 18:00:00,0.060611111
2022-02-17 19:00:00,0.060294444
2022-02-17 20:00:00,0.059988889
2022-02-17 21:00:00,0.059652778
2022-02-17 22:00:00,0.059275
2022-02-17 23:00:00,0.058834722
2022-02-18 00:00:00,0.058320833
2022-02-18 01:00:00,0.057756944
2022-02-18 02:00:00,0.057134722
2022-02-18 03:00:00,0.056444444
2022-02-18 04:00:00,0.055716667
2022-02-18 05:00:00,0.054973611
2022-02-18 06:00:00,0.054234722
2022-02-18 07:00:00,0.0534875
2022-02-18 08:00:00,0.052769444
2022-02-18 09:00:00,0.052093056
2022-02-18 10:00:00,0.051465278
2022-02-18 11:00:00,0.050870833
2022-02-18 12:00:00,0.050355556
2022-02-18 13:00:00,0.0498375
2022-02-18 14:00:00,0.049388889
2022-02-18 15:00:00,0.048956944
2022-02-18 16:00:00,0.048584722
2022-02-18 17:00:00,0.0482625
2022-02-18 18:00:00,0.047959722
2022-02-18 19:00:00,0.0476875
2022-02-18 20:00:00,0.047406944
2022-02-18 21:00:00,0.047095833
2022-02-18 22:00:00,0.046725
2022-02-18 23:00:00,0.046277778
2022-02-19 00:00:00,0.045768056
2022-02-19 01:00:00,0.045188889
2022-02-19 02:00:00,0.04455
2022-02-19 03:00:00,0.043858333
2022-02-19 04:00:00,0.043127778
2022-02-19 05:00:00,0.042375
2022-02-19 06:00:00,0.041623611
2022-02-19 07:00:00,0.040888889
2022-02-19 08:00:00,0.040172222
2022-02-19 09:00:00,0.039540278
2022-02-19 10:00:00,0.038943056
2022-02-19 11:00:00,0.038411111
2022-02-19 12:00:00,0.037966667
2022-02-19 13:00:00,0.037613889
2022-02-19 14:00:00,0.037356944
2022-02-19 15:00:00,0.037163889
2022-02-19 16:00:00,0.037065278
2022-02-19 17:00:00,0.037070833
2022-02-19 18:00:00,0.037166667
2022-02-19 19:00:00,0.037290278
2022-02-19 20:00:00,0.037423611
2022-02-19 21:00:00,0.0375875
2022-02-19 22:00:00,0.037722222
2022-02-19 23:00:00,0.0377875
2022-02-20 00:00:00,0.037813889
2022-02-20 01:00:00,0.0377625
2022-02-20 02:00:00,0.0376625
2022-02-20 03:00:00,0.037504167
2022-02-20 04:00:00,0.037301389
2022-02-20 05:00:00,0.037072222
2022-02-20 06:00:00,0.036836111
2022-02-20 07:00:00,0.036602778
2022-02-20 08:00:00,0.036375
2022-02-20 09:00:00,0.036208333
2022-02-20 10:00:00,0.036083333
2022-02-20 11:00:00,0.036029167
2022-02-20 12:00:00,0.036058333
2022-02-20 13:00:00,0.036184722
2022-02-20 14:00:00,0.036419444
2022-02-20 15:00:00,0.036736111
2022-02-20 16:00:00,0.037080556
2022-02-20 17:00:00,0.037473611
2022-02-20 18:00:00,0.037930556
2022-02-20 19:00:00,0.038356944
2022-02-20 20:00:00,0.038794444
2022-02-20 21:00:00,0.039229167
2022-02-20 22:00:00,0.039638889
2022-02-20 23:00:00,0.040016667
2022-02-21 00:00:00,0.040327778
2022-02-21 01:00:00,0.040611111
2022-02-21 02:00:00,0.040859722
2022-02-21 03:00:00,0.041041667
2022-02-21 04:00:00,0.041169444
2022-02-21 05:00:00,0.041272222
2022-02-21 06:00:00,0.041315278
2022-02-21 07:00:00,0.041327778
2022-02-21 08:00:00,0.041298611
2022-02-21 09:00:00,0.041229167
2022-02-21 10:00:00,0.041186111
2022-02-21 11:00:00,0.041152778
2022-02-21 12:00:00,0.041147222
2022-02-21 13:00:00,0.041188889
2022-02-21 14:00:00,0.0412375
2022-02-21 15:00:00,0.041355556
2022-02-21 16:00:00,0.041497222
2022-02-21 17:00:00,0.041666667
2022-02-21 18:00:00,0.041868056
2022-02-21 19:00:00,0.042084722
2022-02-21 20:00:00,0.0423125
2022-02-21 21:00:00,0.042534722
2022-02-21 22:00:00,0.042748611
2022-02-21 23:00:00,0.042943056
2022-02-22 00:00:00,0.043098611
2022-02-22 01:00:00,0.043231944
2022-02-22 02:00:00,0.043340278
2022-02-22 03:00:00,0.043434722
2022-02-22 04:00:00,0.043511111
2022-02-22 05:00:00,0.043566667
2022-02-22 06:00:00,0.043616667
2022-02-22 07:00:00,0.043645833
2022-02-22 08:00:00,0.043676389
2022-02-22 09:00:00,0.043729167
2022-02-22 10:00:00,0.043798611
2022-02-22 11:00:00,0.043875
2022-02-22 12:00:00,0.0440125
2022-02-22 13:00:00,0.044245833
2022-02-22 14:00:00,0.044466667
2022-02-22 15:00:00,0.044766667
2022-02-22 16:00:00,0.04505
2022-02-22 17:00:00,0.045322222
2022-02-22 18:00:00,0.0456125
2022-02-22 19:00:00,0.045844444
2022-02-22 20:00:00,0.046101389
2022-02-22 21:00:00,0.046301389
2022-02-22 22:00:00,0.046447222
2022-02-22 23:00:00,0.046618056
2022-02-23 00:00:00,0.0468125
2022-02-23 01:00:00,0.046888889
2022-02-23 02:00:00,0.046977778
2022-02-23 03:00:00,0.047034722
2022-02-23 04:00:00,0.047076389
2022-02-23 05:00:00,0.047095833
2022-02-23 06:00:00,0.047152778
2022-02-23 07:00:00,0.047231944
2022-02-23 08:00:00,0.047269444
2022-02-23 09:00:00,0.047348611
2022-02-23 10:00:00,0.047494444
2022-02-23 11:00:00,0.047613889
2022-02-23 12:00:00,0.047777778
2022-02-23 13:00:00,0.047980556
2022-02-23 14:00:00,0.048220833
2022-02-23 15:00:00,0.0485
2022-02-23 16:00:00,0.048868056
2022-02-23 17:00:00,0.049211111
2022-02-23 18:00:00,0.049556944
2022-02-23 19:00:00,0.049923611
2022-02-23 20:00:00,0.050276389
2022-02-23 21:00:00,0.050613889
2022-02-23 22:00:00,0.050938889
2022-02-23 23:00:00,0.051297222
2022-02-24 00:00:00,0.051630556
2022-02-24 01:00:00,0.051945833
2022-02-24 02:00:00,0.052234722
2022-02-24 03:00:00,0.052509722
2022-02-24 04:00:00,0.052779167
2022-02-24 05:00:00,0.053023611
2022-02-24 06:00:00,0.05325
2022-02-24 07:00:00,0.053451389
2022-02-24 08:00:00,0.053630556
2022-02-24 09:00:00,0.053763889
2022-02-24 10:00:00,0.053898611
2022-02-24 11:00:00,0.054001389
2022-02-24 12:00:00,0.054066667
2022-02-24 13:00:00,0.054159722
2022-02-24 14:00:00,0.054263889
2022-02-24 15:00:00,0.0543875
2022-02-24 16:00:00,0.054545833
2022-02-24 17:00:00,0.054730556
2022-02-24 18:00:00,0.054911111
2022-02-24 19:00:00,0.055111111
2022-02-24 20:00:00,0.055329167
2022-02-24 21:00:00,0.055561111
2022-02-24 22:00:00,0.0558125
2022-02-24 23:00:00,0.056072222
2022-02-25 00:00:00,0.056356944
2022-02-25 01:00:00,0.056644444
2022-02-25 02:00:00,0.056948611
2022-02-25 03:00:00,0.057294444
2022-02-25 04:00:00,0.057640278
2022-02-25 05:00:00,0.057986111
2022-02-25 06:00:00,0.0583625
2022-02-25 07:00:00,0.058733333
2022-02-25 08:00:00,0.059056944
2022-02-25 09:00:00,0.059397222
2022-02-25 10:00:00,0.059697222
2022-02-25 11:00:00,0.059854167
2022-02-25 12:00:00,0.060033333
2022-02-25 13:00:00,0.060147222
2022-02-25 14:00:00,0.060125
2022-02-25 15:00:00,0.060052778
2022-02-25 16:00:00,0.060018056
2022-02-25 17:00:00,0.059851389
2022-02-25 18:00:00,0.059615278
2022-02-25 19:00:00,0.059498611
2022-02-25 20:00:00,0.059313889
2022-02-25 21:00:00,0.059051389
2022-02-25 22:00:00,0.058833333
2022-02-25 23:00:00,0.058619444
2022-02-26 00:00:00,0.058311111
2022-02-26 01:00:00,0.057968056
2022-02-26 02:00:00,0.057613889
2022-02-26 03:00:00,0.057209722
2022-02-26 04:00:00,0.056773611
2022-02-26 05:00:00,0.056345833
2022-02-26 06:00:00,0.055936111
2022-02-26 07:00:00,0.055509722
2022-02-26 08:00:00,0.055081944
2022-02-26 09:00:00,0.054638889
2022-02-26 10:00:00,0.054198611
2022-02-26 11:00:00,0.053781944
2022-02-26 12:00:00,0.053369444
2022-02-26 13:00:00,0.0529875
2022-02-26 14:00:00,0.052622222
2022-02-26 15:00:00,0.052244444
2022-02-26 16:00:00,0.0518875
2022-02-26 17:00:00,0.051520833
2022-02-26 18:00:00,0.051145833
2022-02-26 19:00:00,0.050766667
2022-02-26 20:00:00,0.0504
2022-02-26 21:00:00,0.050030556
2022-02-26 22:00:00,0.049643056
2022-02-26 23:00:00,0.049295833
2022-02-27 00:00:00,0.048926389
2022-02-27 01:00:00,0.048572222
2022-02-27 02:00:00,0.048206944
2022-02-27 03:00:00,0.047848611
2022-02-27 04:00:00,0.047480556
2022-02-27 05:00:00,0.047111111
2022-02-27 06:00:00,0.0467625
2022-02-27 07:00:00,0.046402778
2022-02-27 08:00:00,0.046041667
2022-02-27 09:00:00,0.045693056
2022-02-27 10:00:00,0.045348611
2022-02-27 11:00:00,0.045001389
2022-02-27 12:00:00,0.044683333
2022-02-27 13:00:00,0.044384722
2022-02-27 14:00:00,0.044111111
2022-02-27 15:00:00,0.04385
2022-02-27 16:00:00,0.043580556
2022-02-27 17:00:00,0.043331944
2022-02-27 18:00:00,0.043075
2022-02-27 19:00:00,0.042852778
2022-02-27 20:00:00,0.042606944
2022-02-27 21:00:00,0.042377778
2022-02-27 22:00:00,0.042156944
2022-02-27 23:00:00,0.041923611
2022-02-28 00:00:00,0.041705556
2022-02-28 01:00:00,0.041506944
2022-02-28 02:00:00,0.041311111
2022-02-28 03:00:00,0.041122222
2022-02-28 04:00:00,0.0409875
2022-02-28 05:00:00,0.040870833
2022-02-28 06:00:00,0.040779167
2022-02-28 07:00:00,0.0407125
2022-02-28 08:00:00,0.040648611
2022-02-28 09:00:00,0.040594444
2022-02-28 10:00:00,0.040579167
2022-02-28 11:00:00,0.040594444
2022-02-28 12:00:00,0.040625
2022-02-28 13:00:00,0.040736111
2022-02-28 14:00:00,0.040934722
2022-02-28 15:00:00,0.041195833
2022-02-28 16:00:00,0.041555556
2022-02-28 17:00:00,0.041838889
2022-02-28 18:00:00,0.042198611
2022-02-28 19:00:00,0.0426125
2022-02-28 20:00:00,0.043051389
2022-02-28 21:00:00,0.043393056
2022-02-28 22:00:00,0.043713889
2022-02-28 23:00:00,0.044016667
2023-02-01 00:00:00,0.098915278
2023-02-01 01:00:00,0.098926389
2023-02-01 02:00:00,0.098976389
2023-02-01 03:00:00,0.099002778
2023-02-01 04:00:00,0.0990125
2023-02-01 05:00:00,0.099015278
2023-02-01 06:00:00,0.099
2023-02-01 07:00:00,0.098973611
2023-02-01 08:00:00,0.098945833
2023-02-01 09:00:00,0.0989
2023-02-01 10:00:00,0.098831944
2023-02-01 11:00:00,0.098754167
2023-02-01 12:00:00,0.098658333
2023-02-01 13:00:00,0.098531944
2023-02-01 14:00:00,0.098413889
2023-02-01 15:00:00,0.098295833
2023-02-01 16:00:00,0.098180556
2023-02-01 17:00:00,0.098083333
2023-02-01 18:00:00,0.098005556
2023-02-01 19:00:00,0.097947222
2023-02-01 20:00:00,0.097888889
2023-02-01 21:00:00,0.097859722
2023-02-01 22:00:00,0.097840278
2023-02-01 23:00:00,0.097833333
2023-02-02 00:00:00,0.097865278
2023-02-02 01:00:00,0.097906944
2023-02-02 02:00:00,0.097965278
2023-02-02 03:00:00,0.098034722
2023-02-02 04:00:00,0.098122222
2023-02-02 05:00:00,0.098219444
2023-02-02 06:00:00,0.098315278
2023-02-02 07:00:00,0.098406944
2023-02-02 08:00:00,0.098508333
2023-02-02 09:00:00,0.098593056
2023-02-02 10:00:00,0.098656944
2023-02-02 11:00:00,0.098704167
2023-02-02 12:00:00,0.098754167
2023-02-02 13:00:00,0.098727778
2023-02-02 14:00:00,0.098672222
2023-02-02 15:00:00,0.098581944
2023-02-02 16:00:00,0.098383333
2023-02-02 17:00:00,0.098104167
2023-02-02 18:00:00,0.097818056
2023-02-02 19:00:00,0.097513889
2023-02-02 20:00:00,0.09715
2023-02-02 21:00:00,0.096815278
2023-02-02 22:00:00,0.096466667
2023-02-02 23:00:00,0.096109722
2023-02-03 00:00:00,0.095791667
2023-02-03 01:00:00,0.095493056
2023-02-03 02:00:00,0.095152778
2023-02-03 03:00:00,0.094784722
2023-02-03 04:00:00,0.094440278
2023-02-03 05:00:00,0.094070833
2023-02-03 06:00:00,0.093681944
2023-02-03 07:00:00,0.093315278
2023-02-03 08:00:00,0.092915278
2023-02-03 09:00:00,0.092504167
2023-02-03 10:00:00,0.092102778
2023-02-03 11:00:00,0.091694444
2023-02-03 12:00:00,0.091252778
2023-02-03 13:00:00,0.090790278
2023-02-03 14:00:00,0.090322222
2023-02-03 15:00:00,0.089805556
2023-02-03 16:00:00,0.089334722
2023-02-03 17:00:00,0.088795833
2023-02-03 18:00:00,0.088268056
2023-02-03 19:00:00,0.087759722
2023-02-03 20:00:00,0.087218056
2023-02-03 21:00:00,0.086673611
2023-02-03 22:00:00,0.086155556
2023-02-03 23:00:00,0.085652778
2023-02-04 00:00:00,0.085156944
2023-02-04 01:00:00,0.084690278
2023-02-04 02:00:00,0.0842375
2023-02-04 03:00:00,0.083818056
2023-02-04 04:00:00,0.083431944
2023-02-04 05:00:00,0.083113889
2023-02-04 06:00:00,0.082854167
2023-02-04 07:00:00,0.082609722
2023-02-04 08:00:00,0.082369444
2023-02-04 09:00:00,0.082173611
2023-02-04 10:00:00,0.082001389
2023-02-04 11:00:00,0.081818056
2023-02-04 12:00:00,0.081648611
2023-02-04 13:00:00,0.0814875
2023-02-04 14:00:00,0.081338889
2023-02-04 15:00:00,0.081188889
2023-02-04 16:00:00,0.081061111
2023-02-04 17:00:00,0.080901389
2023-02-04 18:00:00,0.080751389
2023-02-04 19:00:00,0.080615278
2023-02-04 20:00:00,0.080436111
2023-02-04 21:00:00,0.080258333
2023-02-04 22:00:00,0.080079167
2023-02-04 23:00:00,0.079859722
2023-02-05 00:00:00,0.079625
2023-02-05 01:00:00,0.079395833
2023-02-05 02:00:00,0.079194444
2023-02-05 03:00:00,0.078995833
2023-02-05 04:00:00,0.0788125
2023-02-05 05:00:00,0.078659722
2023-02-05 06:00:00,0.078544444
2023-02-05 07:00:00,0.078508333
2023-02-05 08:00:00,0.078501389
2023-02-05 09:00:00,0.078488889
2023-02-05 10:00:00,0.078508333
2023-02-05 11:00:00,0.078544444
2023-02-05 12:00:00,0.0786
2023-02-05 13:00:00,0.078663889
2023-02-05 14:00:00,0.078730556
2023-02-05 15:00:00,0.078802778
2023-02-05 16:00:00,0.078854167
2023-02-05 17:00:00,0.078859722
2023-02-05 18:00:00,0.078808333
2023-02-05 19:00:00,0.078756944
2023-02-05 20:00:00,0.078676389
2023-02-05 21:00:00,0.078543056
2023-02-05 22:00:00,0.078363889
2023-02-05 23:00:00,0.078134722
2023-02-06 00:00:00,0.077891667
2023-02-06 01:00:00,0.077584722
2023-02-06 02:00:00,0.077276389
2023-02-06 03:00:00,0.0769
2023-02-06 04:00:00,0.076522222
2023-02-06 05:00:00,0.0760875
2023-02-06 06:00:00,0.07565
2023-02-06 07:00:00,0.075205556
2023-02-06 08:00:00,0.074805556
2023-02-06 09:00:00,0.074422222
2023-02-06 10:00:00,0.074081944
2023-02-06 11:00:00,0.073726389
2023-02-06 12:00:00,0.073458333
2023-02-06 13:00:00,0.073131944
2023-02-06 14:00:00,0.07285
2023-02-06 15:00:00,0.072598611
2023-02-06 16:00:00,0.072372222
2023-02-06 17:00:00,0.072181944
2023-02-06 18:00:00,0.072019444
2023-02-06 19:00:00,0.071854167
2023-02-06 20:00:00,0.071711111
2023-02-06 21:00:00,0.071559722
2023-02-06 22:00:00,0.071427778
2023-02-06 23:00:00,0.071206944
2023-02-07 00:00:00,0.070958333
2023-02-07 01:00:00,0.070665278
2023-02-07 02:00:00,0.070329167
2023-02-07 03:00:00,0.069968056
2023-02-07 04:00:00,0.069570833
2023-02-07 05:00:00,0.069177778
2023-02-07 06:00:00,0.068786111
2023-02-07 07:00:00,0.06845
2023-02-07 08:00:00,0.068186111
2023-02-07 09:00:00,0.067998611
2023-02-07 10:00:00,0.067845833
2023-02-07 11:00:00,0.067754167
2023-02-07 12:00:00,0.067704167
2023-02-07 13:00:00,0.067713889
2023-02-07 14:00:00,0.067798611
2023-02-07 15:00:00,0.067948611
2023-02-07 16:00:00,0.068170833
2023-02-07 17:00:00,0.068458333
2023-02-07 18:00:00,0.068825
2023-02-07 19:00:00,0.069255556
2023-02-07 20:00:00,0.069670833
2023-02-07 21:00:00,0.0700625
2023-02-07 22:00:00,0.070406944
2023-02-07 23:00:00,0.070658333
2023-02-08 00:00:00,0.070855556
2023-02-08 01:00:00,0.070934722
2023-02-08 02:00:00,0.070952778
2023-02-08 03:00:00,0.070920833
2023-02-08 04:00:00,0.070855556
2023-02-08 05:00:00,0.070763889
2023-02-08 06:00:00,0.070661111
2023-02-08 07:00:00,0.070565278
2023-02-08 08:00:00,0.070466667
2023-02-08 09:00:00,0.070458333
2023-02-08 10:00:00,0.070540278
2023-02-08 11:00:00,0.070666667
2023-02-08 12:00:00,0.070813889
2023-02-08 13:00:00,0.071031944
2023-02-08 14:00:00,0.071316667
2023-02-08 15:00:00,0.071679167
2023-02-08 16:00:00,0.072081944
2023-02-08 17:00:00,0.072527778
2023-02-08 18:00:00,0.072966667
2023-02-08 19:00:00,0.073404167
2023-02-08 20:00:00,0.073827778
2023-02-08 21:00:00,0.074188889
2023-02-08 22:00:00,0.074461111
2023-02-08 23:00:00,0.074661111
2023-02-09 00:00:00,0.074733333
2023-02-09 01:00:00,0.074648611
2023-02-09 02:00:00,0.074416667
2023-02-09 03:00:00,0.074066667
2023-02-09 04:00:00,0.073597222
2023-02-09 05:00:00,0.07305
2023-02-09 06:00:00,0.072461111
2023-02-09 07:00:00,0.071829167
2023-02-09 08:00:00,0.071129167
2023-02-09 09:00:00,0.070422222
2023-02-09 10:00:00,0.069697222
2023-02-09 11:00:00,0.069083333
2023-02-09 12:00:00,0.068625
2023-02-09 13:00:00,0.068095833
2023-02-09 14:00:00,0.0676375
2023-02-09 15:00:00,0.067313889
2023-02-09 16:00:00,0.067109722
2023-02-09 17:00:00,0.066975
2023-02-09 18:00:00,0.066906944
2023-02-09 19:00:00,0.066916667
2023-02-09 20:00:00,0.066952778
2023-02-09 21:00:00,0.066994444
2023-02-09 22:00:00,0.067031944
2023-02-09 23:00:00,0.0670375
2023-02-10 00:00:00,0.066956944
2023-02-10 01:00:00,0.066820833
2023-02-10 02:00:00,0.066654167
2023-02-10 03:00:00,0.066404167
2023-02-10 04:00:00,0.066104167
2023-02-10 05:00:00,0.065777778
2023-02-10 06:00:00,0.0653875
2023-02-10 07:00:00,0.064970833
2023-02-10 08:00:00,0.064529167
2023-02-10 09:00:00,0.064086111
2023-02-10 10:00:00,0.063676389
2023-02-10 11:00:00,0.063315278
2023-02-10 12:00:00,0.063033333
2023-02-10 13:00:00,0.062827778
2023-02-10 14:00:00,0.062705556
2023-02-10 15:00:00,0.062675
2023-02-10 16:00:00,0.062722222
2023-02-10 17:00:00,0.062813889
2023-02-10 18:00:00,0.0629875
2023-02-10 19:00:00,0.063216667
2023-02-10 20:00:00,0.063445833
2023-02-10 21:00:00,0.063690278
2023-02-10 22:00:00,0.063944444
2023-02-10 23:00:00,0.064175
2023-02-11 00:00:00,0.064372222
2023-02-11 01:00:00,0.064544444
2023-02-11 02:00:00,0.0647125
2023-02-11 03:00:00,0.064854167
2023-02-11 04:00:00,0.06495
2023-02-11 05:00:00,0.0650125
2023-02-11 06:00:00,0.065044444
2023-02-11 07:00:00,0.065041667
2023-02-11 08:00:00,0.065029167
2023-02-11 09:00:00,0.064993056
2023-02-11 10:00:00,0.064961111
2023-02-11 11:00:00,0.064972222
2023-02-11 12:00:00,0.0650375
2023-02-11 13:00:00,0.065154167
2023-02-11 14:00:00,0.065341667
2023-02-11 15:00:00,0.065573611
2023-02-11 16:00:00,0.065848611
2023-02-11 17:00:00,0.066152778
2023-02-11 18:00:00,0.0664875
2023-02-11 19:00:00,0.066845833
2023-02-11 20:00:00,0.067195833
2023-02-11 21:00:00,0.067534722
2023-02-11 22:00:00,0.067865278
2023-02-11 23:00:00,0.068176389
2023-02-12 00:00:00,0.068456944
2023-02-12 01:00:00,0.068704167
2023-02-12 02:00:00,0.068929167
2023-02-12 03:00:00,0.069134722
2023-02-12 04:00:00,0.069297222
2023-02-12 05:00:00,0.0694375
2023-02-12 06:00:00,0.069544444
2023-02-12 07:00:00,0.069616667
2023-02-12 08:00:00,0.069673611
2023-02-12 09:00:00,0.069705556
2023-02-12 10:00:00,0.069718056
2023-02-12 11:00:00,0.069741667
2023-02-12 12:00:00,0.0697875
2023-02-12 13:00:00,0.069880556
2023-02-12 14:00:00,0.070002778
2023-02-12 15:00:00,0.070148611
2023-02-12 16:00:00,0.070330556
2023-02-12 17:00:00,0.070538889
2023-02-12 18:00:00,0.0707625
2023-02-12 19:00:00,0.070990278
2023-02-12 20:00:00,0.071244444
2023-02-12 21:00:00,0.0715
2023-02-12 22:00:00,0.071777778
2023-02-12 23:00:00,0.072045833
2023-02-13 00:00:00,0.072325
2023-02-13 01:00:00,0.072581944
2023-02-13 02:00:00,0.072827778
2023-02-13 03:00:00,0.073056944
2023-02-13 04:00:00,0.073270833
2023-02-13 05:00:00,0.073483333
2023-02-13 06:00:00,0.073693056
2023-02-13 07:00:00,0.0738875
2023-02-13 08:00:00,0.074069444
2023-02-13 09:00:00,0.074240278
2023-02-13 10:00:00,0.074394444
2023-02-13 11:00:00,0.074534722
2023-02-13 12:00:00,0.074619444
2023-02-13 13:00:00,0.074713889
2023-02-13 14:00:00,0.074809722
2023-02-13 15:00:00,0.074891667
2023-02-13 16:00:00,0.074981944
2023-02-13 17:00:00,0.075075
2023-02-13 18:00:00,0.075166667
2023-02-13 19:00:00,0.0752625
2023-02-13 20:00:00,0.075356944
2023-02-13 21:00:00,0.075436111
2023-02-13 22:00:00,0.075502778
2023-02-13 23:00:00,0.075548611
2023-02-14 00:00:00,0.075634722
2023-02-14 01:00:00,0.075706944
2023-02-14 02:00:00,0.075766667
2023-02-14 03:00:00,0.075802778
2023-02-14 04:00:00,0.075833333
2023-02-14 05:00:00,0.075847222
2023-02-14 06:00:00,0.075833333
2023-02-14 07:00:00,0.075823611
2023-02-14 08:00:00,0.075790278
2023-02-14 09:00:00,0.075752778
2023-02-14 10:00:00,0.075704167
2023-02-14 11:00:00,0.075652778
2023-02-14 12:00:00,0.075586111
2023-02-14 13:00:00,0.075501389
2023-02-14 14:00:00,0.075408333
2023-02-14 15:00:00,0.075318056
2023-02-14 16:00:00,0.075219444
2023-02-14 17:00:00,0.075129167
2023-02-14 18:00:00,0.075025
2023-02-14 19:00:00,0.074919444
2023-02-14 20:00:00,0.074801389
2023-02-14 21:00:00,0.074669444
2023-02-14 22:00:00,0.074552778
2023-02-14 23:00:00,0.074431944
2023-02-15 00:00:00,0.074319444
2023-02-15 01:00:00,0.074213889
2023-02-15 02:00:00,0.074134722
2023-02-15 03:00:00,0.074079167
2023-02-15 04:00:00,0.074038889
2023-02-15 05:00:00,0.074023611
2023-02-15 06:00:00,0.074006944
2023-02-15 07:00:00,0.074011111
2023-02-15 08:00:00,0.074025
2023-02-15 09:00:00,0.074041667
2023-02-15 10:00:00,0.074052778
2023-02-15 11:00:00,0.074084722
2023-02-15 12:00:00,0.074131944
2023-02-15 13:00:00,0.074191667
2023-02-15 14:00:00,0.074272222
2023-02-15 15:00:00,0.074369444
2023-02-15 16:00:00,0.074466667
2023-02-15 17:00:00,0.074577778
2023-02-15 18:00:00,0.0747125
2023-02-15 19:00:00,0.074856944
2023-02-15 20:00:00,0.074997222
2023-02-15 21:00:00,0.075134722
2023-02-15 22:00:00,0.075263889
2023-02-15 23:00:00,0.0754
2023-02-16 00:00:00,0.075531944
2023-02-16 01:00:00,0.075672222
2023-02-16 02:00:00,0.075811111
2023-02-16 03:00:00,0.075969444
2023-02-16 04:00:00,0.076156944
2023-02-16 05:00:00,0.076373611
2023-02-16 06:00:00,0.076618056
2023-02-16 07:00:00,0.076870833
2023-02-16 08:00:00,0.077151389
2023-02-16 09:00:00,0.077459722
2023-02-16 10:00:00,0.077768056
2023-02-16 11:00:00,0.078134722
2023-02-16 12:00:00,0.078513889
2023-02-16 13:00:00,0.078919444
2023-02-16 14:00:00,0.079361111
2023-02-16 15:00:00,0.079801389
2023-02-16 16:00:00,0.080211111
2023-02-16 17:00:00,0.0806875
2023-02-16 18:00:00,0.081155556
2023-02-16 19:00:00,0.0815875
2023-02-16 20:00:00,0.082011111
2023-02-16 21:00:00,0.082391667
2023-02-16 22:00:00,0.082770833
2023-02-16 23:00:00,0.083111111
2023-02-17 00:00:00,0.083441667
2023-02-17 01:00:00,0.083723611
2023-02-17 02:00:00,0.083979167
2023-02-17 03:00:00,0.084243056
2023-02-17 04:00:00,0.084504167
2023-02-17 05:00:00,0.0847875
2023-02-17 06:00:00,0.085091667
2023-02-17 07:00:00,0.085404167
2023-02-17 08:00:00,0.085716667
2023-02-17 09:00:00,0.086052778
2023-02-17 10:00:00,0.086415278
2023-02-17 11:00:00,0.086776389
2023-02-17 12:00:00,0.087130556
2023-02-17 13:00:00,0.087479167
2023-02-17 14:00:00,0.0878
2023-02-17 15:00:00,0.088094444
2023-02-17 16:00:00,0.088363889
2023-02-17 17:00:00,0.0886125
2023-02-17 18:00:00,0.088844444
2023-02-17 19:00:00,0.089036111
2023-02-17 20:00:00,0.089205556
2023-02-17 21:00:00,0.089355556
2023-02-17 22:00:00,0.089465278
2023-02-17 23:00:00,0.089548611
2023-02-18 00:00:00,0.089622222
2023-02-18 01:00:00,0.089669444
2023-02-18 02:00:00,0.089694444
2023-02-18 03:00:00,0.089701389
2023-02-18 04:00:00,0.089694444
2023-02-18 05:00:00,0.089719444
2023-02-18 06:00:00,0.089747222
2023-02-18 07:00:00,0.0898125
2023-02-18 08:00:00,0.089869444
2023-02-18 09:00:00,0.089940278
2023-02-18 10:00:00,0.09005
2023-02-18 11:00:00,0.090188889
2023-02-18 12:00:00,0.090340278
2023-02-18 13:00:00,0.090519444
2023-02-18 14:00:00,0.090741667
2023-02-18 15:00:00,0.090988889
2023-02-18 16:00:00,0.091219444
2023-02-18 17:00:00,0.091473611
2023-02-18 18:00:00,0.091768056
2023-02-18 19:00:00,0.092041667
2023-02-18 20:00:00,0.092306944
2023-02-18 21:00:00,0.092538889
2023-02-18 22:00:00,0.092786111
2023-02-18 23:00:00,0.093016667
2023-02-19 00:00:00,0.09325
2023-02-19 01:00:00,0.093477778
2023-02-19 02:00:00,0.093697222
2023-02-19 03:00:00,0.093911111
2023-02-19 04:00:00,0.094116667
2023-02-19 05:00:00,0.094326389
2023-02-19 06:00:00,0.094569444
2023-02-19 07:00:00,0.094841667
2023-02-19 08:00:00,0.095123611
2023-02-19 09:00:00,0.095425
2023-02-19 10:00:00,0.095748611
2023-02-19 11:00:00,0.096077778
2023-02-19 12:00:00,0.096406944
2023-02-19 13:00:00,0.096743056
2023-02-19 14:00:00,0.097105556
2023-02-19 15:00:00,0.097491667
2023-02-19 16:00:00,0.097863889
2023-02-19 17:00:00,0.098241667
2023-02-19 18:00:00,0.098620833
2023-02-19 19:00:00,0.098963889
2023-02-19 20:00:00,0.099266667
2023-02-19 21:00:00,0.099530556
2023-02-19 22:00:00,0.099773611
2023-02-19 23:00:00,0.099979167
2023-02-20 00:00:00,0.100165278
2023-02-20 01:00:00,0.100336111
2023-02-20 02:00:00,0.100488889
2023-02-20 03:00:00,0.100631944
2023-02-20 04:00:00,0.100775
2023-02-20 05:00:00,0.100902778
2023-02-20 06:00:00,0.101048611
2023-02-20 07:00:00,0.101211111
2023-02-20 08:00:00,0.101373611
2023-02-20 09:00:00,0.101575
2023-02-20 10:00:00,0.101781944
2023-02-20 11:00:00,0.102020833
2023-02-20 12:00:00,0.102290278
2023-02-20 13:00:00,0.102545833
2023-02-20 14:00:00,0.1028125
2023-02-20 15:00:00,0.1030875
2023-02-20 16:00:00,0.103319444
2023-02-20 17:00:00,0.103538889
2023-02-20 18:00:00,0.103766667
2023-02-20 19:00:00,0.103961111
2023-02-20 20:00:00,0.104105556
2023-02-20 21:00:00,0.104211111
2023-02-20 22:00:00,0.104255556
2023-02-20 23:00:00,0.104230556
2023-02-21 00:00:00,0.104179167
2023-02-21 01:00:00,0.104055556
2023-02-21 02:00:00,0.103908333
2023-02-21 03:00:00,0.103752778
2023-02-21 04:00:00,0.103606944
2023-02-21 05:00:00,0.103476389
2023-02-21 06:00:00,0.103368056
2023-02-21 07:00:00,0.103309722
2023-02-21 08:00:00,0.1032875
2023-02-21 09:00:00,0.103302778
2023-02-21 10:00:00,0.103334722
2023-02-21 11:00:00,0.103409722
2023-02-21 12:00:00,0.103526389
2023-02-21 13:00:00,0.103669444
2023-02-21 14:00:00,0.1038375
2023-02-21 15:00:00,0.104068056
2023-02-21 16:00:00,0.1043125
2023-02-21 17:00:00,0.104572222
2023-02-21 18:00:00,0.104826389
2023-02-21 19:00:00,0.1050875
2023-02-21 20:00:00,0.105326389
2023-02-21 21:00:00,0.105494444
2023-02-21 22:00:00,0.105604167
2023-02-21 23:00:00,0.105663889
2023-02-22 00:00:00,0.105643056
2023-02-22 01:00:00,0.105558333
2023-02-22 02:00:00,0.105419444
2023-02-22 03:00:00,0.1052625
2023-02-22 04:00:00,0.1050875
2023-02-22 05:00:00,0.1049
2023-02-22 06:00:00,0.104730556
2023-02-22 07:00:00,0.104586111
2023-02-22 08:00:00,0.104486111
2023-02-22 09:00:00,0.104420833
2023-02-22 10:00:00,0.104377778
2023-02-22 11:00:00,0.104391667
2023-02-22 12:00:00,0.104443056
2023-02-22 13:00:00,0.104530556
2023-02-22 14:00:00,0.104681944
2023-02-22 15:00:00,0.104909722
2023-02-22 16:00:00,0.105179167
2023-02-22 17:00:00,0.105502778
2023-02-22 18:00:00,0.105847222
2023-02-22 19:00:00,0.106202778
2023-02-22 20:00:00,0.106538889
2023-02-22 21:00:00,0.1067875
2023-02-22 22:00:00,0.106973611
2023-02-22 23:00:00,0.107102778
2023-02-23 00:00:00,0.107159722
2023-02-23 01:00:00,0.107151389
2023-02-23 02:00:00,0.107086111
2023-02-23 03:00:00,0.106966667
2023-02-23 04:00:00,0.106819444
2023-02-23 05:00:00,0.106658333
2023-02-23 06:00:00,0.106522222
2023-02-23 07:00:00,0.106408333
2023-02-23 08:00:00,0.106330556
2023-02-23 09:00:00,0.106315278
2023-02-23 10:00:00,0.106369444
2023-02-23 11:00:00,0.106484722
2023-02-23 12:00:00,0.106654167
2023-02-23 13:00:00,0.1068875
2023-02-23 14:00:00,0.107168056
2023-02-23 15:00:00,0.107506944
2023-02-23 16:00:00,0.107902778
2023-02-23 17:00:00,0.108336111
2023-02-23 18:00:00,0.108798611
2023-02-23 19:00:00,0.109238889
2023-02-23 20:00:00,0.10965
2023-02-23 21:00:00,0.110008333
2023-02-23 22:00:00,0.110294444
2023-02-23 23:00:00,0.110486111
2023-02-24 00:00:00,0.110575
2023-02-24 01:00:00,0.110575
2023-02-24 02:00:00,0.110501389
2023-02-24 03:00:00,0.110345833
2023-02-24 04:00:00,0.110130556
2023-02-24 05:00:00,0.109875
2023-02-24 06:00:00,0.109591667
2023-02-24 07:00:00,0.109315278
2023-02-24 08:00:00,0.109038889
2023-02-24 09:00:00,0.108758333
2023-02-24 10:00:00,0.108522222
2023-02-24 11:00:00,0.108377778
2023-02-24 12:00:00,0.108283333
2023-02-24 13:00:00,0.108340278
2023-02-24 14:00:00,0.108420833
2023-02-24 15:00:00,0.108558333
2023-02-24 16:00:00,0.108823611
2023-02-24 17:00:00,0.109109722
2023-02-24 18:00:00,0.109406944
2023-02-24 19:00:00,0.109758333
2023-02-24 20:00:00,0.110077778
2023-02-24 21:00:00,0.110368056
2023-02-24 22:00:00,0.110601389
2023-02-24 23:00:00,0.110777778
2023-02-25 00:00:00,0.110880556
2023-02-25 01:00:00,0.110916667
2023-02-25 02:00:00,0.110906944
2023-02-25 03:00:00,0.110845833
2023-02-25 04:00:00,0.110736111
2023-02-25 05:00:00,0.110598611
2023-02-25 06:00:00,0.110429167
2023-02-25 07:00:00,0.110273611
2023-02-25 08:00:00,0.110136111
2023-02-25 09:00:00,0.110052778
2023-02-25 10:00:00,0.110040278
2023-02-25 11:00:00,0.110094444
2023-02-25 12:00:00,0.110229167
2023-02-25 13:00:00,0.110440278
2023-02-25 14:00:00,0.110697222
2023-02-25 15:00:00,0.111030556
2023-02-25 16:00:00,0.111422222
2023-02-25 17:00:00,0.111840278
2023-02-25 18:00:00,0.112295833
2023-02-25 19:00:00,0.112761111
2023-02-25 20:00:00,0.113297222
2023-02-25 21:00:00,0.113729167
2023-02-25 22:00:00,0.114175
2023-02-25 23:00:00,0.114555556
2023-02-26 00:00:00,0.114893056
2023-02-26 01:00:00,0.115234722
2023-02-26 02:00:00,0.115544444
2023-02-26 03:00:00,0.115809722
2023-02-26 04:00:00,0.116001389
2023-02-26 05:00:00,0.116143056
2023-02-26 06:00:00,0.116247222
2023-02-26 07:00:00,0.116341667
2023-02-26 08:00:00,0.116365278
2023-02-26 09:00:00,0.116368056
2023-02-26 10:00:00,0.116411111
2023-02-26 11:00:00,0.116430556
2023-02-26 12:00:00,0.116459722
2023-02-26 13:00:00,0.116588889
2023-02-26 14:00:00,0.116708333
2023-02-26 15:00:00,0.116791667
2023-02-26 16:00:00,0.116994444
2023-02-26 17:00:00,0.117223611
2023-02-26 18:00:00,0.117438889
2023-02-26 19:00:00,0.117695833
2023-02-26 20:00:00,0.117995833
2023-02-26 21:00:00,0.118276389
2023-02-26 22:00:00,0.118576389
2023-02-26 23:00:00,0.118806944
2023-02-27 00:00:00,0.118944444
2023-02-27 01:00:00,0.119098611
2023-02-27 02:00:00,0.119258333
2023-02-27 03:00:00,0.119366667
2023-02-27 04:00:00,0.119419444
2023-02-27 05:00:00,0.119454167
2023-02-27 06:00:00,0.119476389
2023-02-27 07:00:00,0.119475
2023-02-27 08:00:00,0.119436111
2023-02-27 09:00:00,0.119408333
2023-02-27 10:00:00,0.119383333
2023-02-27 11:00:00,0.119434722
2023-02-27 12:00:00,0.119529167
2023-02-27 13:00:00,0.119715278
2023-02-27 14:00:00,0.119981944
2023-02-27 15:00:00,0.120313889
2023-02-27 16:00:00,0.120738889
2023-02-27 17:00:00,0.1212
2023-02-27 18:00:00,0.121663889
2023-02-27 19:00:00,0.122156944
2023-02-27 20:00:00,0.122679167
2023-02-27 21:00:00,0.123194444
2023-02-27 22:00:00,0.123676389
2023-02-27 23:00:00,0.124126389
2023-02-28 00:00:00,0.124551389
2023-02-28 01:00:00,0.124943056
2023-02-28 02:00:00,0.125295833
2023-02-28 03:00:00,0.125636111
2023-02-28 04:00:00,0.125972222
2023-02-28 05:00:00,0.126254167
2023-02-28 06:00:00,0.126490278
2023-02-28 07:00:00,0.126715278
2023-02-28 08:00:00,0.126894444
2023-02-28 09:00:00,0.127036111
2023-02-28 10:00:00,0.127191667
2023-02-28 11:00:00,0.127326389
2023-02-28 12:00:00,0.127416667
2023-02-28 13:00:00,0.127497222
2023-02-28 14:00:00,0.127638889
2023-02-28 15:00:00,0.127801389
2023-02-28 16:00:00,0.127977778
2023-02-28 17:00:00,0.128169444
2023-02-28 18:00:00,0.128376389
2023-02-28 19:00:00,0.128629167
2023-02-28 20:00:00,0.128904167
2023-02-28 21:00:00,0.129186111
2023-02-28 22:00:00,0.129488889
2023-02-28 23:00:00,0.129818056
2024-02-01 00:00:00,0.003758333
2024-02-01 01:00:00,0.0039
2024-02-01 02:00:00,0.003975
2024-02-01 03:00:00,0.004023611
2024-02-01 04:00:00,0.004054167
2024-02-01 05:00:00,0.004056944
2024-02-01 06:00:00,0.0040125
2024-02-01 07:00:00,0.003925
2024-02-01 08:00:00,0.0038125
2024-02-01 09:00:00,0.003676389
2024-02-01 10:00:00,0.0035375
2024-02-01 11:00:00,0.00345
2024-02-01 12:00:00,0.003419444
2024-02-01 13:00:00,0.003425
2024-02-01 14:00:00,0.003525
2024-02-01 15:00:00,0.003715278
2024-02-01 16:00:00,0.003956944
2024-02-01 17:00:00,0.004281944
2024-02-01 18:00:00,0.004663889
2024-02-01 19:00:00,0.005061111
2024-02-01 20:00:00,0.005495833
2024-02-01 21:00:00,0.005941667
2024-02-01 22:00:00,0.006372222
2024-02-01 23:00:00,0.006795833
2024-02-02 00:00:00,0.007231944
2024-02-02 01:00:00,0.007663889
2024-02-02 02:00:00,0.008059722
2024-02-02 03:00:00,0.008433333
2024-02-02 04:00:00,0.008770833
2024-02-02 05:00:00,0.009072222
2024-02-02 06:00:00,0.009344444
2024-02-02 07:00:00,0.0095875
2024-02-02 08:00:00,0.009768056
2024-02-02 09:00:00,0.009909722
2024-02-02 10:00:00,0.010018056
2024-02-02 11:00:00,0.010090278
2024-02-02 12:00:00,0.010147222
2024-02-02 13:00:00,0.010198611
2024-02-02 14:00:00,0.010277778
2024-02-02 15:00:00,0.0104
2024-02-02 16:00:00,0.010533333
2024-02-02 17:00:00,0.010722222
2024-02-02 18:00:00,0.010936111
2024-02-02 19:00:00,0.011152778
2024-02-02 20:00:00,0.011352778
2024-02-02 21:00:00,0.0115375
2024-02-02 22:00:00,0.011718056
2024-02-02 23:00:00,0.011872222
2024-02-03 00:00:00,0.012011111
2024-02-03 01:00:00,0.012145833
2024-02-03 02:00:00,0.012266667
2024-02-03 03:00:00,0.012363889
2024-02-03 04:00:00,0.012443056
2024-02-03 05:00:00,0.012491667
2024-02-03 06:00:00,0.012522222
2024-02-03 07:00:00,0.012529167
2024-02-03 08:00:00,0.012530556
2024-02-03 09:00:00,0.012481944
2024-02-03 10:00:00,0.012383333
2024-02-03 11:00:00,0.012288889
2024-02-03 12:00:00,0.0121875
2024-02-03 13:00:00,0.012083333
2024-02-03 14:00:00,0.011997222
2024-02-03 15:00:00,0.011966667
2024-02-03 16:00:00,0.011933333
2024-02-03 17:00:00,0.011918056
2024-02-03 18:00:00,0.01195
2024-02-03 19:00:00,0.012006944
2024-02-03 20:00:00,0.012068056
2024-02-03 21:00:00,0.012173611
2024-02-03 22:00:00,0.0123125
2024-02-03 23:00:00,0.012459722
2024-02-04 00:00:00,0.012625
2024-02-04 01:00:00,0.012847222
2024-02-04 02:00:00,0.013094444
2024-02-04 03:00:00,0.013358333
2024-02-04 04:00:00,0.013676389
2024-02-04 05:00:00,0.014002778
2024-02-04 06:00:00,0.014344444
2024-02-04 07:00:00,0.014690278
2024-02-04 08:00:00,0.015031944
2024-02-04 09:00:00,0.015341667
2024-02-04 10:00:00,0.015655556
2024-02-04 11:00:00,0.015952778
2024-02-04 12:00:00,0.016244444
2024-02-04 13:00:00,0.016505556
2024-02-04 14:00:00,0.016725
2024-02-04 15:00:00,0.016913889
2024-02-04 16:00:00,0.017105556
2024-02-04 17:00:00,0.017286111
2024-02-04 18:00:00,0.017458333
2024-02-04 19:00:00,0.017609722
2024-02-04 20:00:00,0.017761111
2024-02-04 21:00:00,0.017906944
2024-02-04 22:00:00,0.01805
2024-02-04 23:00:00,0.018184722
2024-02-05 00:00:00,0.0183375
2024-02-05 01:00:00,0.0185375
2024-02-05 02:00:00,0.018768056
2024-02-05 03:00:00,0.019033333
2024-02-05 04:00:00,0.019323611
2024-02-05 05:00:00,0.019656944
2024-02-05 06:00:00,0.019988889
2024-02-05 07:00:00,0.020330556
2024-02-05 08:00:00,0.020668056
2024-02-05 09:00:00,0.021019444
2024-02-05 10:00:00,0.021358333
2024-02-05 11:00:00,0.021690278
2024-02-05 12:00:00,0.022020833
2024-02-05 13:00:00,0.022354167
2024-02-05 14:00:00,0.022663889
2024-02-05 15:00:00,0.022925
2024-02-05 16:00:00,0.023163889
2024-02-05 17:00:00,0.023395833
2024-02-05 18:00:00,0.023636111
2024-02-05 19:00:00,0.023875
2024-02-05 20:00:00,0.024080556
2024-02-05 21:00:00,0.024272222
2024-02-05 22:00:00,0.024447222
2024-02-05 23:00:00,0.024576389
2024-02-06 00:00:00,0.024698611
2024-02-06 01:00:00,0.024822222
2024-02-06 02:00:00,0.024915278
2024-02-06 03:00:00,0.0249875
2024-02-06 04:00:00,0.025079167
2024-02-06 05:00:00,0.025181944
2024-02-06 06:00:00,0.025290278
2024-02-06 07:00:00,0.025373611
2024-02-06 08:00:00,0.025488889
2024-02-06 09:00:00,0.025598611
2024-02-06 10:00:00,0.025706944
2024-02-06 11:00:00,0.025826389
2024-02-06 12:00:00,0.025938889
2024-02-06 13:00:00,0.026029167
2024-02-06 14:00:00,0.026127778
2024-02-06 15:00:00,0.026204167
2024-02-06 16:00:00,0.026248611
2024-02-06 17:00:00,0.026279167
2024-02-06 18:00:00,0.026288889
2024-02-06 19:00:00,0.026281944
2024-02-06 20:00:00,0.026234722
2024-02-06 21:00:00,0.026155556
2024-02-06 22:00:00,0.026047222
2024-02-06 23:00:00,0.025947222
2024-02-07 00:00:00,0.025808333
2024-02-07 01:00:00,0.025684722
2024-02-07 02:00:00,0.025563889
2024-02-07 03:00:00,0.025406944
2024-02-07 04:00:00,0.025240278
2024-02-07 05:00:00,0.025120833
2024-02-07 06:00:00,0.024980556
2024-02-07 07:00:00,0.024834722
2024-02-07 08:00:00,0.024691667
2024-02-07 09:00:00,0.024548611
2024-02-07 10:00:00,0.024395833
2024-02-07 11:00:00,0.024259722
2024-02-07 12:00:00,0.024131944
2024-02-07 13:00:00,0.024030556
2024-02-07 14:00:00,0.023933333
2024-02-07 15:00:00,0.023858333
2024-02-07 16:00:00,0.023795833
2024-02-07 17:00:00,0.02375
2024-02-07 18:00:00,0.0237
2024-02-07 19:00:00,0.023645833
2024-02-07 20:00:00,0.023594444
2024-02-07 21:00:00,0.023556944
2024-02-07 22:00:00,0.023493056
2024-02-07 23:00:00,0.023408333
2024-02-08 00:00:00,0.023308333
2024-02-08 01:00:00,0.023230556
2024-02-08 02:00:00,0.023131944
2024-02-08 03:00:00,0.0230375
2024-02-08 04:00:00,0.022956944
2024-02-08 05:00:00,0.022891667
2024-02-08 06:00:00,0.022854167
2024-02-08 07:00:00,0.022834722
2024-02-08 08:00:00,0.022833333
2024-02-08 09:00:00,0.022836111
2024-02-08 10:00:00,0.022861111
2024-02-08 11:00:00,0.022926389
2024-02-08 12:00:00,0.023011111
2024-02-08 13:00:00,0.023095833
2024-02-08 14:00:00,0.023226389
2024-02-08 15:00:00,0.023352778
2024-02-08 16:00:00,0.023472222
2024-02-08 17:00:00,0.023598611
2024-02-08 18:00:00,0.023704167
2024-02-08 19:00:00,0.023776389
2024-02-08 20:00:00,0.023825
2024-02-08 21:00:00,0.023861111
2024-02-08 22:00:00,0.023854167
2024-02-08 23:00:00,0.023826389
2024-02-09 00:00:00,0.023758333
2024-02-09 01:00:00,0.023659722
2024-02-09 02:00:00,0.023529167
2024-02-09 03:00:00,0.0234
2024-02-09 04:00:00,0.0232625
2024-02-09 05:00:00,0.023104167
2024-02-09 06:00:00,0.022955556
2024-02-09 07:00:00,0.022811111
2024-02-09 08:00:00,0.022651389
2024-02-09 09:00:00,0.022518056
2024-02-09 10:00:00,0.022395833
2024-02-09 11:00:00,0.022291667
2024-02-09 12:00:00,0.022195833
2024-02-09 13:00:00,0.022116667
2024-02-09 14:00:00,0.022084722
2024-02-09 15:00:00,0.022066667
2024-02-09 16:00:00,0.0220875
2024-02-09 17:00:00,0.022140278
2024-02-09 18:00:00,0.022231944
2024-02-09 19:00:00,0.022327778
2024-02-09 20:00:00,0.022409722
2024-02-09 21:00:00,0.022473611
2024-02-09 22:00:00,0.022501389
2024-02-09 23:00:00,0.022479167
2024-02-10 00:00:00,0.022440278
2024-02-10 01:00:00,0.022369444
2024-02-10 02:00:00,0.022298611
2024-02-10 03:00:00,0.0222125
2024-02-10 04:00:00,0.022084722
2024-02-10 05:00:00,0.021911111
2024-02-10 06:00:00,0.021683333
2024-02-10 07:00:00,0.021469444
2024-02-10 08:00:00,0.021201389
2024-02-10 09:00:00,0.020929167
2024-02-10 10:00:00,0.020661111
2024-02-10 11:00:00,0.020394444
2024-02-10 12:00:00,0.020172222
2024-02-10 13:00:00,0.019973611
2024-02-10 14:00:00,0.019829167
2024-02-10 15:00:00,0.019741667
2024-02-10 16:00:00,0.019718056
2024-02-10 17:00:00,0.019697222
2024-02-10 18:00:00,0.019722222
2024-02-10 19:00:00,0.019775
2024-02-10 20:00:00,0.019825
2024-02-10 21:00:00,0.019870833
2024-02-10 22:00:00,0.019858333
2024-02-10 23:00:00,0.019831944
2024-02-11 00:00:00,0.019780556
2024-02-11 01:00:00,0.0196875
2024-02-11 02:00:00,0.0195125
2024-02-11 03:00:00,0.019327778
2024-02-11 04:00:00,0.019102778
2024-02-11 05:00:00,0.018830556
2024-02-11 06:00:00,0.018584722
2024-02-11 07:00:00,0.018306944
2024-02-11 08:00:00,0.018073611
2024-02-11 09:00:00,0.017869444
2024-02-11 10:00:00,0.0176875
2024-02-11 11:00:00,0.017526389
2024-02-11 12:00:00,0.017390278
2024-02-11 13:00:00,0.017302778
2024-02-11 14:00:00,0.017261111
2024-02-11 15:00:00,0.01725
2024-02-11 16:00:00,0.017280556
2024-02-11 17:00:00,0.017347222
2024-02-11 18:00:00,0.017409722
2024-02-11 19:00:00,0.017505556
2024-02-11 20:00:00,0.017570833
2024-02-11 21:00:00,0.0175875
2024-02-11 22:00:00,0.017613889
2024-02-11 23:00:00,0.01765
2024-02-12 00:00:00,0.017631944
2024-02-12 01:00:00,0.017544444
2024-02-12 02:00:00,0.017445833
2024-02-12 03:00:00,0.017319444
2024-02-12 04:00:00,0.017156944
2024-02-12 05:00:00,0.017043056
2024-02-12 06:00:00,0.016966667
2024-02-12 07:00:00,0.016897222
2024-02-12 08:00:00,0.016913889
2024-02-12 09:00:00,0.017009722
2024-02-12 10:00:00,0.017116667
2024-02-12 11:00:00,0.017279167
2024-02-12 12:00:00,0.017479167
2024-02-12 13:00:00,0.017704167
2024-02-12 14:00:00,0.017995833
2024-02-12 15:00:00,0.018368056
2024-02-12 16:00:00,0.018797222
2024-02-12 17:00:00,0.019248611
2024-02-12 18:00:00,0.01975
2024-02-12 19:00:00,0.020273611
2024-02-12 20:00:00,0.020793056
2024-02-12 21:00:00,0.0213
2024-02-12 22:00:00,0.021763889
2024-02-12 23:00:00,0.022175
2024-02-13 00:00:00,0.022513889
2024-02-13 01:00:00,0.022795833
2024-02-13 02:00:00,0.023036111
2024-02-13 03:00:00,0.023251389
2024-02-13 04:00:00,0.023429167
2024-02-13 05:00:00,0.023619444
2024-02-13 06:00:00,0.023843056
2024-02-13 07:00:00,0.024088889
2024-02-13 08:00:00,0.024411111
2024-02-13 09:00:00,0.024795833
2024-02-13 10:00:00,0.02525
2024-02-13 11:00:00,0.025783333
2024-02-13 12:00:00,0.026381944
2024-02-13 13:00:00,0.0270125
2024-02-13 14:00:00,0.027679167
2024-02-13 15:00:00,0.028436111
2024-02-13 16:00:00,0.029234722
2024-02-13 17:00:00,0.030063889
2024-02-13 18:00:00,0.030926389
2024-02-13 19:00:00,0.031780556
2024-02-13 20:00:00,0.032611111
2024-02-13 21:00:00,0.033406944
2024-02-13 22:00:00,0.034145833
2024-02-13 23:00:00,0.034829167
2024-02-14 00:00:00,0.035423611
2024-02-14 01:00:00,0.035963889
2024-02-14 02:00:00,0.036456944
2024-02-14 03:00:00,0.036852778
2024-02-14 04:00:00,0.037144444
2024-02-14 05:00:00,0.037336111
2024-02-14 06:00:00,0.0374625
2024-02-14 07:00:00,0.037529167
2024-02-14 08:00:00,0.037565278
2024-02-14 09:00:00,0.037591667
2024-02-14 10:00:00,0.037661111
2024-02-14 11:00:00,0.037747222
2024-02-14 12:00:00,0.037848611
2024-02-14 13:00:00,0.037993056
2024-02-14 14:00:00,0.0382125
2024-02-14 15:00:00,0.038502778
2024-02-14 16:00:00,0.038844444
2024-02-14 17:00:00,0.039229167
2024-02-14 18:00:00,0.039633333
2024-02-14 19:00:00,0.040031944
2024-02-14 20:00:00,0.0404375
2024-02-14 21:00:00,0.040818056
2024-02-14 22:00:00,0.041175
2024-02-14 23:00:00,0.041469444
2024-02-15 00:00:00,0.041691667
2024-02-15 01:00:00,0.041847222
2024-02-15 02:00:00,0.0419375
2024-02-15 03:00:00,0.041972222
2024-02-15 04:00:00,0.041991667
2024-02-15 05:00:00,0.0419875
2024-02-15 06:00:00,0.042001389
2024-02-15 07:00:00,0.042009722
2024-02-15 08:00:00,0.0420875
2024-02-15 09:00:00,0.042144444
2024-02-15 10:00:00,0.042259722
2024-02-15 11:00:00,0.042481944
2024-02-15 12:00:00,0.042715278
2024-02-15 13:00:00,0.043025
2024-02-15 14:00:00,0.043404167
2024-02-15 15:00:00,0.043829167
2024-02-15 16:00:00,0.0443375
2024-02-15 17:00:00,0.044918056
2024-02-15 18:00:00,0.045527778
2024-02-15 19:00:00,0.046091667
2024-02-15 20:00:00,0.046670833
2024-02-15 21:00:00,0.047229167
2024-02-15 22:00:00,0.047779167
2024-02-15 23:00:00,0.048272222
2024-02-16 00:00:00,0.048697222
2024-02-16 01:00:00,0.0491375
2024-02-16 02:00:00,0.049497222
2024-02-16 03:00:00,0.049813889
2024-02-16 04:00:00,0.050101389
2024-02-16 05:00:00,0.050340278
2024-02-16 06:00:00,0.050559722
2024-02-16 07:00:00,0.050726389
2024-02-16 08:00:00,0.050859722
2024-02-16 09:00:00,0.050972222
2024-02-16 10:00:00,0.051068056
2024-02-16 11:00:00,0.051166667
2024-02-16 12:00:00,0.051280556
2024-02-16 13:00:00,0.051452778
2024-02-16 14:00:00,0.0516625
2024-02-16 15:00:00,0.051916667
2024-02-16 16:00:00,0.052211111
2024-02-16 17:00:00,0.052530556
2024-02-16 18:00:00,0.052902778
2024-02-16 19:00:00,0.053277778
2024-02-16 20:00:00,0.053631944
2024-02-16 21:00:00,0.054008333
2024-02-16 22:00:00,0.054345833
2024-02-16 23:00:00,0.05465
2024-02-17 00:00:00,0.054927778
2024-02-17 01:00:00,0.055170833
2024-02-17 02:00:00,0.055401389
2024-02-17 03:00:00,0.055570833
2024-02-17 04:00:00,0.055697222
2024-02-17 05:00:00,0.055784722
2024-02-17 06:00:00,0.055823611
2024-02-17 07:00:00,0.055834722
2024-02-17 08:00:00,0.055806944
2024-02-17 09:00:00,0.055745833
2024-02-17 10:00:00,0.055661111
2024-02-17 11:00:00,0.055566667
2024-02-17 12:00:00,0.055497222
2024-02-17 13:00:00,0.055440278
2024-02-17 14:00:00,0.055411111
2024-02-17 15:00:00,0.055427778
2024-02-17 16:00:00,0.055493056
2024-02-17 17:00:00,0.055575
2024-02-17 18:00:00,0.055663889
2024-02-17 19:00:00,0.055790278
2024-02-17 20:00:00,0.055920833
2024-02-17 21:00:00,0.056043056
2024-02-17 22:00:00,0.056154167
2024-02-17 23:00:00,0.056273611
2024-02-18 00:00:00,0.056386111
2024-02-18 01:00:00,0.056476389
2024-02-18 02:00:00,0.056545833
2024-02-18 03:00:00,0.056608333
2024-02-18 04:00:00,0.056640278
2024-02-18 05:00:00,0.056647222
2024-02-18 06:00:00,0.056636111
2024-02-18 07:00:00,0.056609722
2024-02-18 08:00:00,0.056554167
2024-02-18 09:00:00,0.056491667
2024-02-18 10:00:00,0.056418056
2024-02-18 11:00:00,0.056355556
2024-02-18 12:00:00,0.056269444
2024-02-18 13:00:00,0.056198611
2024-02-18 14:00:00,0.056133333
2024-02-18 15:00:00,0.056070833
2024-02-18 16:00:00,0.056031944
2024-02-18 17:00:00,0.056013889
2024-02-18 18:00:00,0.055995833
2024-02-18 19:00:00,0.055984722
2024-02-18 20:00:00,0.055986111
2024-02-18 21:00:00,0.055933333
2024-02-18 22:00:00,0.055901389
2024-02-18 23:00:00,0.055859722
2024-02-19 00:00:00,0.055834722
2024-02-19 01:00:00,0.055801389
2024-02-19 02:00:00,0.055727778
2024-02-19 03:00:00,0.055652778
2024-02-19 04:00:00,0.055525
2024-02-19 05:00:00,0.055394444
2024-02-19 06:00:00,0.055255556
2024-02-19 07:00:00,0.055104167
2024-02-19 08:00:00,0.054905556
2024-02-19 09:00:00,0.054716667
2024-02-19 10:00:00,0.0544875
2024-02-19 11:00:00,0.054243056
2024-02-19 12:00:00,0.053951389
2024-02-19 13:00:00,0.053598611
2024-02-19 14:00:00,0.053368056
2024-02-19 15:00:00,0.053183333
2024-02-19 16:00:00,0.053115278
2024-02-19 17:00:00,0.053069444
2024-02-19 18:00:00,0.052933333
2024-02-19 19:00:00,0.052866667
2024-02-19 20:00:00,0.052923611
2024-02-19 21:00:00,0.052875
2024-02-19 22:00:00,0.052795833
2024-02-19 23:00:00,0.052683333
2024-02-20 00:00:00,0.052613889
2024-02-20 01:00:00,0.052563889
2024-02-20 02:00:00,0.052484722
2024-02-20 03:00:00,0.052419444
2024-02-20 04:00:00,0.05235
2024-02-20 05:00:00,0.052281944
2024-02-20 06:00:00,0.052206944
2024-02-20 07:00:00,0.052118056
2024-02-20 08:00:00,0.052025
2024-02-20 09:00:00,0.051925
2024-02-20 10:00:00,0.051798611
2024-02-20 11:00:00,0.051672222
2024-02-20 12:00:00,0.051548611
2024-02-20 13:00:00,0.051354167
2024-02-20 14:00:00,0.051169444
2024-02-20 15:00:00,0.050983333
2024-02-20 16:00:00,0.050783333
2024-02-20 17:00:00,0.050583333
2024-02-20 18:00:00,0.050380556
2024-02-20 19:00:00,0.050173611
2024-02-20 20:00:00,0.049981944
2024-02-20 21:00:00,0.049838889
2024-02-20 22:00:00,0.0497125
2024-02-20 23:00:00,0.049629167
2024-02-21 00:00:00,0.049604167
2024-02-21 01:00:00,0.049605556
2024-02-21 02:00:00,0.0496625
2024-02-21 03:00:00,0.049777778
2024-02-21 04:00:00,0.049920833
2024-02-21 05:00:00,0.050081944
2024-02-21 06:00:00,0.050216667
2024-02-21 07:00:00,0.050372222
2024-02-21 08:00:00,0.050518056
2024-02-21 09:00:00,0.050652778
2024-02-21 10:00:00,0.050786111
2024-02-21 11:00:00,0.050905556
2024-02-21 12:00:00,0.051047222
2024-02-21 13:00:00,0.051173611
2024-02-21 14:00:00,0.051281944
2024-02-21 15:00:00,0.051391667
2024-02-21 16:00:00,0.051501389
2024-02-21 17:00:00,0.051613889
2024-02-21 18:00:00,0.051715278
2024-02-21 19:00:00,0.0518
2024-02-21 20:00:00,0.051884722
2024-02-21 21:00:00,0.051961111
2024-02-21 22:00:00,0.052038889
2024-02-21 23:00:00,0.052106944
2024-02-22 00:00:00,0.052176389
2024-02-22 01:00:00,0.052248611
2024-02-22 02:00:00,0.052352778
2024-02-22 03:00:00,0.052472222
2024-02-22 04:00:00,0.052636111
2024-02-22 05:00:00,0.052833333
2024-02-22 06:00:00,0.053059722
2024-02-22 07:00:00,0.053288889
2024-02-22 08:00:00,0.0535375
2024-02-22 09:00:00,0.0538125
2024-02-22 10:00:00,0.054075
2024-02-22 11:00:00,0.054347222
2024-02-22 12:00:00,0.054633333
2024-02-22 13:00:00,0.054906944
2024-02-22 14:00:00,0.055179167
2024-02-22 15:00:00,0.055481944
2024-02-22 16:00:00,0.055790278
2024-02-22 17:00:00,0.056131944
2024-02-22 18:00:00,0.056466667
2024-02-22 19:00:00,0.056773611
2024-02-22 20:00:00,0.057063889
2024-02-22 21:00:00,0.057373611
2024-02-22 22:00:00,0.0576625
2024-02-22 23:00:00,0.057947222
2024-02-23 00:00:00,0.058223611
2024-02-23 01:00:00,0.058481944
2024-02-23 02:00:00,0.058747222
2024-02-23 03:00:00,0.059
2024-02-23 04:00:00,0.059275
2024-02-23 05:00:00,0.059552778
2024-02-23 06:00:00,0.059880556
2024-02-23 07:00:00,0.0602
2024-02-23 08:00:00,0.060548611
2024-02-23 09:00:00,0.060965278
2024-02-23 10:00:00,0.061369444
2024-02-23 11:00:00,0.061804167
2024-02-23 12:00:00,0.062261111
2024-02-23 13:00:00,0.062727778
2024-02-23 14:00:00,0.063209722
2024-02-23 15:00:00,0.063684722
2024-02-23 16:00:00,0.064069444
2024-02-23 17:00:00,0.064422222
2024-02-23 18:00:00,0.064718056
2024-02-23 19:00:00,0.064956944
2024-02-23 20:00:00,0.065113889
2024-02-23 21:00:00,0.065211111
2024-02-23 22:00:00,0.065255556
2024-02-23 23:00:00,0.065243056
2024-02-24 00:00:00,0.065175
2024-02-24 01:00:00,0.065066667
2024-02-24 02:00:00,0.064923611
2024-02-24 03:00:00,0.0647625
2024-02-24 04:00:00,0.064563889
2024-02-24 05:00:00,0.064358333
2024-02-24 06:00:00,0.064163889
2024-02-24 07:00:00,0.063984722
2024-02-24 08:00:00,0.063815278
2024-02-24 09:00:00,0.063669444
2024-02-24 10:00:00,0.063501389
2024-02-24 11:00:00,0.063358333
2024-02-24 12:00:00,0.063241667
2024-02-24 13:00:00,0.063148611
2024-02-24 14:00:00,0.063076389
2024-02-24 15:00:00,0.063030556
2024-02-24 16:00:00,0.062994444
2024-02-24 17:00:00,0.062954167
2024-02-24 18:00:00,0.062901389
2024-02-24 19:00:00,0.062843056
2024-02-24 20:00:00,0.062751389
2024-02-24 21:00:00,0.062570833
2024-02-24 22:00:00,0.062323611
2024-02-24 23:00:00,0.062025
2024-02-25 00:00:00,0.061648611
2024-02-25 01:00:00,0.061218056
2024-02-25 02:00:00,0.060713889
2024-02-25 03:00:00,0.060169444
2024-02-25 04:00:00,0.059602778
2024-02-25 05:00:00,0.059018056
2024-02-25 06:00:00,0.058445833
2024-02-25 07:00:00,0.057916667
2024-02-25 08:00:00,0.057427778
2024-02-25 09:00:00,0.056955556
2024-02-25 10:00:00,0.056525
2024-02-25 11:00:00,0.056154167
2024-02-25 12:00:00,0.055813889
2024-02-25 13:00:00,0.055533333
2024-02-25 14:00:00,0.0553125
2024-02-25 15:00:00,0.055126389
2024-02-25 16:00:00,0.055005556
2024-02-25 17:00:00,0.054929167
2024-02-25 18:00:00,0.054854167
2024-02-25 19:00:00,0.054766667
2024-02-25 20:00:00,0.054654167
2024-02-25 21:00:00,0.054477778
2024-02-25 22:00:00,0.054209722
2024-02-25 23:00:00,0.053859722
2024-02-26 00:00:00,0.053373611
2024-02-26 01:00:00,0.052793056
2024-02-26 02:00:00,0.052131944
2024-02-26 03:00:00,0.051411111
2024-02-26 04:00:00,0.050652778
2024-02-26 05:00:00,0.049861111
2024-02-26 06:00:00,0.049075
2024-02-26 07:00:00,0.048320833
2024-02-26 08:00:00,0.047609722
2024-02-26 09:00:00,0.0469875
2024-02-26 10:00:00,0.046408333
2024-02-26 11:00:00,0.045901389
2024-02-26 12:00:00,0.045465278
2024-02-26 13:00:00,0.045102778
2024-02-26 14:00:00,0.044820833
2024-02-26 15:00:00,0.044609722
2024-02-26 16:00:00,0.044468056
2024-02-26 17:00:00,0.044363889
2024-02-26 18:00:00,0.044275
2024-02-26 19:00:00,0.044220833
2024-02-26 20:00:00,0.044155556
2024-02-26 21:00:00,0.044031944
2024-02-26 22:00:00,0.043830556
2024-02-26 23:00:00,0.0435625
2024-02-27 00:00:00,0.043188889
2024-02-27 01:00:00,0.042704167
2024-02-27 02:00:00,0.042140278
2024-02-27 03:00:00,0.041463889
2024-02-27 04:00:00,0.040695833
2024-02-27 05:00:00,0.039925
2024-02-27 06:00:00,0.039143056
2024-02-27 07:00:00,0.038322222
2024-02-27 08:00:00,0.037568056
2024-02-27 09:00:00,0.036845833
2024-02-27 10:00:00,0.0362
2024-02-27 11:00:00,0.035647222
2024-02-27 12:00:00,0.035208333
2024-02-27 13:00:00,0.034847222
2024-02-27 14:00:00,0.0345875
2024-02-27 15:00:00,0.0344375
2024-02-27 16:00:00,0.034313889
2024-02-27 17:00:00,0.034241667
2024-02-27 18:00:00,0.034243056
2024-02-27 19:00:00,0.034302778
2024-02-27 20:00:00,0.034351389
2024-02-27 21:00:00,0.034351389
2024-02-27 22:00:00,0.034366667
2024-02-27 23:00:00,0.034302778
2024-02-28 00:00:00,0.034169444
2024-02-28 01:00:00,0.034009722
2024-02-28 02:00:00,0.0337875
2024-02-28 03:00:00,0.0335
2024-02-28 04:00:00,0.033168056
2024-02-28 05:00:00,0.032859722
2024-02-28 06:00:00,0.0325625
2024-02-28 07:00:00,0.032218056
2024-02-28 08:00:00,0.031908333
2024-02-28 09:00:00,0.031663889
2024-02-28 10:00:00,0.031454167
2024-02-28 11:00:00,0.031352778
2024-02-28 12:00:00,0.031330556
2024-02-28 13:00:00,0.031401389
2024-02-28 14:00:00,0.031554167
2024-02-28 15:00:00,0.031797222
2024-02-28 16:00:00,0.032140278
2024-02-28 17:00:00,0.032556944
2024-02-28 18:00:00,0.033011111
2024-02-28 19:00:00,0.033484722
2024-02-28 20:00:00,0.033956944
2024-02-28 21:00:00,0.034404167
2024-02-28 22:00:00,0.034826389
2024-02-28 23:00:00,0.035223611
2024-02-29 00:00:00,0.035581944
2024-02-29 01:00:00,0.035886111
2024-02-29 02:00:00,0.036151389
2024-02-29 03:00:00,0.036379167
2024-02-29 04:00:00,0.036556944
2024-02-29 05:00:00,0.036683333
2024-02-29 06:00:00,0.036773611
2024-02-29 07:00:00,0.0368125
2024-02-29 08:00:00,0.036818056
2024-02-29 09:00:00,0.036811111
2024-02-29 10:00:00,0.036808333
2024-02-29 11:00:00,0.0368375
2024-02-29 12:00:00,0.036922222
2024-02-29 13:00:00,0.037040278
2024-02-29 14:00:00,0.037215278
2024-02-29 15:00:00,0.037456944
2024-02-29 16:00:00,0.03775
2024-02-29 17:00:00,0.0380875
2024-02-29 18:00:00,0.038469444
2024-02-29 19:00:00,0.038852778
2024-02-29 20:00:00,0.039240278
2024-02-29 21:00:00,0.039620833
2024-02-29 22:00:00,0.0400125
2024-02-29 23:00:00,0.040408333
