time,WL_trend_30d_filled
2020-12-01 00:00:00,0.1187
2020-12-01 01:00:00,0.118384722
2020-12-01 02:00:00,0.118108333
2020-12-01 03:00:00,0.117877778
2020-12-01 04:00:00,0.117684722
2020-12-01 05:00:00,0.117575
2020-12-01 06:00:00,0.117522222
2020-12-01 07:00:00,0.117540278
2020-12-01 08:00:00,0.117629167
2020-12-01 09:00:00,0.117756944
2020-12-01 10:00:00,0.117877778
2020-12-01 11:00:00,0.118026389
2020-12-01 12:00:00,0.118170833
2020-12-01 13:00:00,0.118313889
2020-12-01 14:00:00,0.118434722
2020-12-01 15:00:00,0.118551389
2020-12-01 16:00:00,0.118625
2020-12-01 17:00:00,0.118652778
2020-12-01 18:00:00,0.118643056
2020-12-01 19:00:00,0.118576389
2020-12-01 20:00:00,0.118418056
2020-12-01 21:00:00,0.118273611
2020-12-01 22:00:00,0.1181
2020-12-01 23:00:00,0.117884722
2020-12-02 00:00:00,0.117661111
2020-12-02 01:00:00,0.117463889
2020-12-02 02:00:00,0.117258333
2020-12-02 03:00:00,0.117052778
2020-12-02 04:00:00,0.1168875
2020-12-02 05:00:00,0.116734722
2020-12-02 06:00:00,0.116622222
2020-12-02 07:00:00,0.116561111
2020-12-02 08:00:00,0.116544444
2020-12-02 09:00:00,0.116545833
2020-12-02 10:00:00,0.1165625
2020-12-02 11:00:00,0.116598611
2020-12-02 12:00:00,0.116652778
2020-12-02 13:00:00,0.116722222
2020-12-02 14:00:00,0.116791667
2020-12-02 15:00:00,0.116859722
2020-12-02 16:00:00,0.116930556
2020-12-02 17:00:00,0.116994444
2020-12-02 18:00:00,0.117033333
2020-12-02 19:00:00,0.117036111
2020-12-02 20:00:00,0.117022222
2020-12-02 21:00:00,0.116983333
2020-12-02 22:00:00,0.116922222
2020-12-02 23:00:00,0.1168125
2020-12-03 00:00:00,0.116711111
2020-12-03 01:00:00,0.116594444
2020-12-03 02:00:00,0.116440278
2020-12-03 03:00:00,0.116291667
2020-12-03 04:00:00,0.116151389
2020-12-03 05:00:00,0.115986111
2020-12-03 06:00:00,0.115804167
2020-12-03 07:00:00,0.115616667
2020-12-03 08:00:00,0.115420833
2020-12-03 09:00:00,0.115251389
2020-12-03 10:00:00,0.115093056
2020-12-03 11:00:00,0.114938889
2020-12-03 12:00:00,0.114773611
2020-12-03 13:00:00,0.114616667
2020-12-03 14:00:00,0.114488889
2020-12-03 15:00:00,0.114334722
2020-12-03 16:00:00,0.114181944
2020-12-03 17:00:00,0.114040278
2020-12-03 18:00:00,0.113883333
2020-12-03 19:00:00,0.113711111
2020-12-03 20:00:00,0.113522222
2020-12-03 21:00:00,0.113333333
2020-12-03 22:00:00,0.113118056
2020-12-03 23:00:00,0.112902778
2020-12-04 00:00:00,0.1126875
2020-12-04 01:00:00,0.112455556
2020-12-04 02:00:00,0.112206944
2020-12-04 03:00:00,0.111936111
2020-12-04 04:00:00,0.111638889
2020-12-04 05:00:00,0.111334722
2020-12-04 06:00:00,0.111013889
2020-12-04 07:00:00,0.1106875
2020-12-04 08:00:00,0.110363889
2020-12-04 09:00:00,0.110052778
2020-12-04 10:00:00,0.109752778
2020-12-04 11:00:00,0.109476389
2020-12-04 12:00:00,0.109208333
2020-12-04 13:00:00,0.108916667
2020-12-04 14:00:00,0.108647222
2020-12-04 15:00:00,0.108384722
2020-12-04 16:00:00,0.108144444
2020-12-04 17:00:00,0.107938889
2020-12-04 18:00:00,0.107755556
2020-12-04 19:00:00,0.107590278
2020-12-04 20:00:00,0.107480556
2020-12-04 21:00:00,0.107359722
2020-12-04 22:00:00,0.107236111
2020-12-04 23:00:00,0.107140278
2020-12-05 00:00:00,0.107025
2020-12-05 01:00:00,0.106897222
2020-12-05 02:00:00,0.106758333
2020-12-05 03:00:00,0.106670833
2020-12-05 04:00:00,0.1065375
2020-12-05 05:00:00,0.106380556
2020-12-05 06:00:00,0.106209722
2020-12-05 07:00:00,0.106030556
2020-12-05 08:00:00,0.105830556
2020-12-05 09:00:00,0.105636111
2020-12-05 10:00:00,0.105509722
2020-12-05 11:00:00,0.105402778
2020-12-05 12:00:00,0.105240278
2020-12-05 13:00:00,0.105173611
2020-12-05 14:00:00,0.105119444
2020-12-05 15:00:00,0.105076389
2020-12-05 16:00:00,0.105098611
2020-12-05 17:00:00,0.105126389
2020-12-05 18:00:00,0.105190278
2020-12-05 19:00:00,0.1052625
2020-12-05 20:00:00,0.105369444
2020-12-05 21:00:00,0.105481944
2020-12-05 22:00:00,0.105577778
2020-12-05 23:00:00,0.105679167
2020-12-06 00:00:00,0.105777778
2020-12-06 01:00:00,0.105836111
2020-12-06 02:00:00,0.105859722
2020-12-06 03:00:00,0.105859722
2020-12-06 04:00:00,0.1058125
2020-12-06 05:00:00,0.105730556
2020-12-06 06:00:00,0.105601389
2020-12-06 07:00:00,0.105447222
2020-12-06 08:00:00,0.105251389
2020-12-06 09:00:00,0.105
2020-12-06 10:00:00,0.104748611
2020-12-06 11:00:00,0.104484722
2020-12-06 12:00:00,0.104211111
2020-12-06 13:00:00,0.103954167
2020-12-06 14:00:00,0.103715278
2020-12-06 15:00:00,0.103502778
2020-12-06 16:00:00,0.103327778
2020-12-06 17:00:00,0.103173611
2020-12-06 18:00:00,0.103041667
2020-12-06 19:00:00,0.102945833
2020-12-06 20:00:00,0.102883333
2020-12-06 21:00:00,0.102855556
2020-12-06 22:00:00,0.102827778
2020-12-06 23:00:00,0.102768056
2020-12-07 00:00:00,0.102695833
2020-12-07 01:00:00,0.102613889
2020-12-07 02:00:00,0.102501389
2020-12-07 03:00:00,0.102327778
2020-12-07 04:00:00,0.102080556
2020-12-07 05:00:00,0.101780556
2020-12-07 06:00:00,0.101415278
2020-12-07 07:00:00,0.101001389
2020-12-07 08:00:00,0.100548611
2020-12-07 09:00:00,0.100048611
2020-12-07 10:00:00,0.099525
2020-12-07 11:00:00,0.098984722
2020-12-07 12:00:00,0.098419444
2020-12-07 13:00:00,0.097851389
2020-12-07 14:00:00,0.097308333
2020-12-07 15:00:00,0.096788889
2020-12-07 16:00:00,0.096279167
2020-12-07 17:00:00,0.095811111
2020-12-07 18:00:00,0.095381944
2020-12-07 19:00:00,0.094981944
2020-12-07 20:00:00,0.094630556
2020-12-07 21:00:00,0.094316667
2020-12-07 22:00:00,0.094022222
2020-12-07 23:00:00,0.093751389
2020-12-08 00:00:00,0.093493056
2020-12-08 01:00:00,0.09325
2020-12-08 02:00:00,0.092997222
2020-12-08 03:00:00,0.092726389
2020-12-08 04:00:00,0.092433333
2020-12-08 05:00:00,0.092111111
2020-12-08 06:00:00,0.091747222
2020-12-08 07:00:00,0.091358333
2020-12-08 08:00:00,0.090931944
2020-12-08 09:00:00,0.090498611
2020-12-08 10:00:00,0.090066667
2020-12-08 11:00:00,0.089629167
2020-12-08 12:00:00,0.089206944
2020-12-08 13:00:00,0.088818056
2020-12-08 14:00:00,0.088495833
2020-12-08 15:00:00,0.088206944
2020-12-08 16:00:00,0.087983333
2020-12-08 17:00:00,0.087806944
2020-12-08 18:00:00,0.087680556
2020-12-08 19:00:00,0.087609722
2020-12-08 20:00:00,0.087572222
2020-12-08 21:00:00,0.087554167
2020-12-08 22:00:00,0.087554167
2020-12-08 23:00:00,0.087576389
2020-12-09 00:00:00,0.087602778
2020-12-09 01:00:00,0.087655556
2020-12-09 02:00:00,0.087720833
2020-12-09 03:00:00,0.087780556
2020-12-09 04:00:00,0.087813889
2020-12-09 05:00:00,0.087859722
2020-12-09 06:00:00,0.087908333
2020-12-09 07:00:00,0.087938889
2020-12-09 08:00:00,0.087969444
2020-12-09 09:00:00,0.087995833
2020-12-09 10:00:00,0.088019444
2020-12-09 11:00:00,0.0880625
2020-12-09 12:00:00,0.088125
2020-12-09 13:00:00,0.088225
2020-12-09 14:00:00,0.088379167
2020-12-09 15:00:00,0.088551389
2020-12-09 16:00:00,0.088752778
2020-12-09 17:00:00,0.089041667
2020-12-09 18:00:00,0.089259722
2020-12-09 19:00:00,0.089465278
2020-12-09 20:00:00,0.089611111
2020-12-09 21:00:00,0.089665278
2020-12-09 22:00:00,0.089719444
2020-12-09 23:00:00,0.089675
2020-12-10 00:00:00,0.089651389
2020-12-10 01:00:00,0.089618056
2020-12-10 02:00:00,0.089461111
2020-12-10 03:00:00,0.089263889
2020-12-10 04:00:00,0.088970833
2020-12-10 05:00:00,0.088609722
2020-12-10 06:00:00,0.088179167
2020-12-10 07:00:00,0.087693056
2020-12-10 08:00:00,0.087152778
2020-12-10 09:00:00,0.086544444
2020-12-10 10:00:00,0.085865278
2020-12-10 11:00:00,0.085131944
2020-12-10 12:00:00,0.08435
2020-12-10 13:00:00,0.083558333
2020-12-10 14:00:00,0.082781944
2020-12-10 15:00:00,0.082004167
2020-12-10 16:00:00,0.081218056
2020-12-10 17:00:00,0.080416667
2020-12-10 18:00:00,0.079647222
2020-12-10 19:00:00,0.078919444
2020-12-10 20:00:00,0.078240278
2020-12-10 21:00:00,0.077638889
2020-12-10 22:00:00,0.0770875
2020-12-10 23:00:00,0.076555556
2020-12-11 00:00:00,0.076029167
2020-12-11 01:00:00,0.075504167
2020-12-11 02:00:00,0.0749625
2020-12-11 03:00:00,0.074405556
2020-12-11 04:00:00,0.073820833
2020-12-11 05:00:00,0.073219444
2020-12-11 06:00:00,0.072586111
2020-12-11 07:00:00,0.071923611
2020-12-11 08:00:00,0.071234722
2020-12-11 09:00:00,0.070525
2020-12-11 10:00:00,0.069795833
2020-12-11 11:00:00,0.069043056
2020-12-11 12:00:00,0.068261111
2020-12-11 13:00:00,0.067454167
2020-12-11 14:00:00,0.066651389
2020-12-11 15:00:00,0.065852778
2020-12-11 16:00:00,0.065054167
2020-12-11 17:00:00,0.064279167
2020-12-11 18:00:00,0.063543056
2020-12-11 19:00:00,0.062829167
2020-12-11 20:00:00,0.06215
2020-12-11 21:00:00,0.061536111
2020-12-11 22:00:00,0.060947222
2020-12-11 23:00:00,0.060393056
2020-12-12 00:00:00,0.0598875
2020-12-12 01:00:00,0.059408333
2020-12-12 02:00:00,0.058948611
2020-12-12 03:00:00,0.058527778
2020-12-12 04:00:00,0.058120833
2020-12-12 05:00:00,0.0577125
2020-12-12 06:00:00,0.057316667
2020-12-12 07:00:00,0.056919444
2020-12-12 08:00:00,0.056504167
2020-12-12 09:00:00,0.056075
2020-12-12 10:00:00,0.055648611
2020-12-12 11:00:00,0.055195833
2020-12-12 12:00:00,0.054727778
2020-12-12 13:00:00,0.054227778
2020-12-12 14:00:00,0.053727778
2020-12-12 15:00:00,0.053220833
2020-12-12 16:00:00,0.052706944
2020-12-12 17:00:00,0.052175
2020-12-12 18:00:00,0.051668056
2020-12-12 19:00:00,0.051180556
2020-12-12 20:00:00,0.050706944
2020-12-12 21:00:00,0.050281944
2020-12-12 22:00:00,0.049881944
2020-12-12 23:00:00,0.049505556
2020-12-13 00:00:00,0.049163889
2020-12-13 01:00:00,0.048833333
2020-12-13 02:00:00,0.048525
2020-12-13 03:00:00,0.048256944
2020-12-13 04:00:00,0.048025
2020-12-13 05:00:00,0.047813889
2020-12-13 06:00:00,0.0476125
2020-12-13 07:00:00,0.047416667
2020-12-13 08:00:00,0.047198611
2020-12-13 09:00:00,0.046973611
2020-12-13 10:00:00,0.046719444
2020-12-13 11:00:00,0.046441667
2020-12-13 12:00:00,0.046143056
2020-12-13 13:00:00,0.045819444
2020-12-13 14:00:00,0.045438889
2020-12-13 15:00:00,0.045047222
2020-12-13 16:00:00,0.044655556
2020-12-13 17:00:00,0.044218056
2020-12-13 18:00:00,0.043790278
2020-12-13 19:00:00,0.043369444
2020-12-13 20:00:00,0.042936111
2020-12-13 21:00:00,0.042516667
2020-12-13 22:00:00,0.042131944
2020-12-13 23:00:00,0.041763889
2020-12-14 00:00:00,0.041394444
2020-12-14 01:00:00,0.041080556
2020-12-14 02:00:00,0.040769444
2020-12-14 03:00:00,0.040473611
2020-12-14 04:00:00,0.040204167
2020-12-14 05:00:00,0.039969444
2020-12-14 06:00:00,0.039731944
2020-12-14 07:00:00,0.039484722
2020-12-14 08:00:00,0.039252778
2020-12-14 09:00:00,0.039
2020-12-14 10:00:00,0.038722222
2020-12-14 11:00:00,0.038441667
2020-12-14 12:00:00,0.038140278
2020-12-14 13:00:00,0.037784722
2020-12-14 14:00:00,0.037406944
2020-12-14 15:00:00,0.037
2020-12-14 16:00:00,0.036544444
2020-12-14 17:00:00,0.036027778
2020-12-14 18:00:00,0.035469444
2020-12-14 19:00:00,0.0348875
2020-12-14 20:00:00,0.0342875
2020-12-14 21:00:00,0.033713889
2020-12-14 22:00:00,0.033195833
2020-12-14 23:00:00,0.032683333
2020-12-15 00:00:00,0.032202778
2020-12-15 01:00:00,0.031697222
2020-12-15 02:00:00,0.0312
2020-12-15 03:00:00,0.030752778
2020-12-15 04:00:00,0.030326389
2020-12-15 05:00:00,0.029972222
2020-12-15 06:00:00,0.029747222
2020-12-15 07:00:00,0.029481944
2020-12-15 08:00:00,0.029245833
2020-12-15 09:00:00,0.029034722
2020-12-15 10:00:00,0.02885
2020-12-15 11:00:00,0.028720833
2020-12-15 12:00:00,0.028570833
2020-12-15 13:00:00,0.028456944
2020-12-15 14:00:00,0.028322222
2020-12-15 15:00:00,0.028229167
2020-12-15 16:00:00,0.028170833
2020-12-15 17:00:00,0.028134722
2020-12-15 18:00:00,0.028109722
2020-12-15 19:00:00,0.028129167
2020-12-15 20:00:00,0.028180556
2020-12-15 21:00:00,0.028251389
2020-12-15 22:00:00,0.028334722
2020-12-15 23:00:00,0.028431944
2020-12-16 00:00:00,0.028544444
2020-12-16 01:00:00,0.028697222
2020-12-16 02:00:00,0.028876389
2020-12-16 03:00:00,0.029079167
2020-12-16 04:00:00,0.029345833
2020-12-16 05:00:00,0.029676389
2020-12-16 06:00:00,0.030045833
2020-12-16 07:00:00,0.030459722
2020-12-16 08:00:00,0.030897222
2020-12-16 09:00:00,0.031361111
2020-12-16 10:00:00,0.031822222
2020-12-16 11:00:00,0.032268056
2020-12-16 12:00:00,0.032718056
2020-12-16 13:00:00,0.033155556
2020-12-16 14:00:00,0.033579167
2020-12-16 15:00:00,0.033995833
2020-12-16 16:00:00,0.034398611
2020-12-16 17:00:00,0.034788889
2020-12-16 18:00:00,0.035144444
2020-12-16 19:00:00,0.035504167
2020-12-16 20:00:00,0.035858333
2020-12-16 21:00:00,0.036229167
2020-12-16 22:00:00,0.036620833
2020-12-16 23:00:00,0.037029167
2020-12-17 00:00:00,0.037452778
2020-12-17 01:00:00,0.037906944
2020-12-17 02:00:00,0.038393056
2020-12-17 03:00:00,0.038909722
2020-12-17 04:00:00,0.03945
2020-12-17 05:00:00,0.0400375
2020-12-17 06:00:00,0.040643056
2020-12-17 07:00:00,0.041336111
2020-12-17 08:00:00,0.042080556
2020-12-17 09:00:00,0.042816667
2020-12-17 10:00:00,0.043573611
2020-12-17 11:00:00,0.044320833
2020-12-17 12:00:00,0.045052778
2020-12-17 13:00:00,0.045776389
2020-12-17 14:00:00,0.0465
2020-12-17 15:00:00,0.047276389
2020-12-17 16:00:00,0.048
2020-12-17 17:00:00,0.048652778
2020-12-17 18:00:00,0.049280556
2020-12-17 19:00:00,0.049815278
2020-12-17 20:00:00,0.0502875
2020-12-17 21:00:00,0.050701389
2020-12-17 22:00:00,0.051076389
2020-12-17 23:00:00,0.051383333
2020-12-18 00:00:00,0.051625
2020-12-18 01:00:00,0.051894444
2020-12-18 02:00:00,0.052159722
2020-12-18 03:00:00,0.052393056
2020-12-18 04:00:00,0.052630556
2020-12-18 05:00:00,0.052855556
2020-12-18 06:00:00,0.053066667
2020-12-18 07:00:00,0.053266667
2020-12-18 08:00:00,0.053454167
2020-12-18 09:00:00,0.053622222
2020-12-18 10:00:00,0.053788889
2020-12-18 11:00:00,0.053958333
2020-12-18 12:00:00,0.054129167
2020-12-18 13:00:00,0.054263889
2020-12-18 14:00:00,0.054426389
2020-12-18 15:00:00,0.054583333
2020-12-18 16:00:00,0.054720833
2020-12-18 17:00:00,0.054861111
2020-12-18 18:00:00,0.054984722
2020-12-18 19:00:00,0.055047222
2020-12-18 20:00:00,0.055075
2020-12-18 21:00:00,0.055090278
2020-12-18 22:00:00,0.0551
2020-12-18 23:00:00,0.055109722
2020-12-19 00:00:00,0.055083333
2020-12-19 01:00:00,0.055023611
2020-12-19 02:00:00,0.054975
2020-12-19 03:00:00,0.054866667
2020-12-19 04:00:00,0.054722222
2020-12-19 05:00:00,0.054566667
2020-12-19 06:00:00,0.0544
2020-12-19 07:00:00,0.054197222
2020-12-19 08:00:00,0.053968056
2020-12-19 09:00:00,0.053741667
2020-12-19 10:00:00,0.053475
2020-12-19 11:00:00,0.053216667
2020-12-19 12:00:00,0.052929167
2020-12-19 13:00:00,0.052643056
2020-12-19 14:00:00,0.052341667
2020-12-19 15:00:00,0.052070833
2020-12-19 16:00:00,0.051751389
2020-12-19 17:00:00,0.051448611
2020-12-19 18:00:00,0.051126389
2020-12-19 19:00:00,0.050784722
2020-12-19 20:00:00,0.050481944
2020-12-19 21:00:00,0.050188889
2020-12-19 22:00:00,0.049898611
2020-12-19 23:00:00,0.049601389
2020-12-20 00:00:00,0.049275
2020-12-20 01:00:00,0.048965278
2020-12-20 02:00:00,0.04865
2020-12-20 03:00:00,0.048330556
2020-12-20 04:00:00,0.048001389
2020-12-20 05:00:00,0.047670833
2020-12-20 06:00:00,0.047358333
2020-12-20 07:00:00,0.04705
2020-12-20 08:00:00,0.046754167
2020-12-20 09:00:00,0.046498611
2020-12-20 10:00:00,0.046248611
2020-12-20 11:00:00,0.046036111
2020-12-20 12:00:00,0.045834722
2020-12-20 13:00:00,0.045638889
2020-12-20 14:00:00,0.045481944
2020-12-20 15:00:00,0.045344444
2020-12-20 16:00:00,0.045209722
2020-12-20 17:00:00,0.045094444
2020-12-20 18:00:00,0.045
2020-12-20 19:00:00,0.044944444
2020-12-20 20:00:00,0.044893056
2020-12-20 21:00:00,0.044841667
2020-12-20 22:00:00,0.044804167
2020-12-20 23:00:00,0.044744444
2020-12-21 00:00:00,0.044654167
2020-12-21 01:00:00,0.04455
2020-12-21 02:00:00,0.0444375
2020-12-21 03:00:00,0.044279167
2020-12-21 04:00:00,0.044081944
2020-12-21 05:00:00,0.043855556
2020-12-21 06:00:00,0.043572222
2020-12-21 07:00:00,0.043291667
2020-12-21 08:00:00,0.043004167
2020-12-21 09:00:00,0.042709722
2020-12-21 10:00:00,0.042430556
2020-12-21 11:00:00,0.042145833
2020-12-21 12:00:00,0.041888889
2020-12-21 13:00:00,0.041659722
2020-12-21 14:00:00,0.04145
2020-12-21 15:00:00,0.041263889
2020-12-21 16:00:00,0.041115278
2020-12-21 17:00:00,0.040980556
2020-12-21 18:00:00,0.040888889
2020-12-21 19:00:00,0.040848611
2020-12-21 20:00:00,0.040830556
2020-12-21 21:00:00,0.040831944
2020-12-21 22:00:00,0.040852778
2020-12-21 23:00:00,0.040861111
2020-12-22 00:00:00,0.04085
2020-12-22 01:00:00,0.040794444
2020-12-22 02:00:00,0.040676389
2020-12-22 03:00:00,0.040475
2020-12-22 04:00:00,0.040248611
2020-12-22 05:00:00,0.039944444
2020-12-22 06:00:00,0.039573611
2020-12-22 07:00:00,0.039154167
2020-12-22 08:00:00,0.038683333
2020-12-22 09:00:00,0.0382
2020-12-22 10:00:00,0.037705556
2020-12-22 11:00:00,0.037223611
2020-12-22 12:00:00,0.036798611
2020-12-22 13:00:00,0.036441667
2020-12-22 14:00:00,0.036163889
2020-12-22 15:00:00,0.035981944
2020-12-22 16:00:00,0.035858333
2020-12-22 17:00:00,0.035798611
2020-12-22 18:00:00,0.035815278
2020-12-22 19:00:00,0.035901389
2020-12-22 20:00:00,0.036079167
2020-12-22 21:00:00,0.036302778
2020-12-22 22:00:00,0.036576389
2020-12-22 23:00:00,0.036859722
2020-12-23 00:00:00,0.037154167
2020-12-23 01:00:00,0.037458333
2020-12-23 02:00:00,0.037729167
2020-12-23 03:00:00,0.03795
2020-12-23 04:00:00,0.038125
2020-12-23 05:00:00,0.038276389
2020-12-23 06:00:00,0.038386111
2020-12-23 07:00:00,0.038486111
2020-12-23 08:00:00,0.03855
2020-12-23 09:00:00,0.038619444
2020-12-23 10:00:00,0.038719444
2020-12-23 11:00:00,0.038830556
2020-12-23 12:00:00,0.039011111
2020-12-23 13:00:00,0.039256944
2020-12-23 14:00:00,0.039604167
2020-12-23 15:00:00,0.04005
2020-12-23 16:00:00,0.040538889
2020-12-23 17:00:00,0.041095833
2020-12-23 18:00:00,0.041694444
2020-12-23 19:00:00,0.042336111
2020-12-23 20:00:00,0.042995833
2020-12-23 21:00:00,0.043665278
2020-12-23 22:00:00,0.044343056
2020-12-23 23:00:00,0.045023611
2020-12-24 00:00:00,0.045647222
2020-12-24 01:00:00,0.046256944
2020-12-24 02:00:00,0.046820833
2020-12-24 03:00:00,0.047326389
2020-12-24 04:00:00,0.047727778
2020-12-24 05:00:00,0.048069444
2020-12-24 06:00:00,0.048351389
2020-12-24 07:00:00,0.048568056
2020-12-24 08:00:00,0.048743056
2020-12-24 09:00:00,0.048845833
2020-12-24 10:00:00,0.048897222
2020-12-24 11:00:00,0.048901389
2020-12-24 12:00:00,0.048861111
2020-12-24 13:00:00,0.048811111
2020-12-24 14:00:00,0.048752778
2020-12-24 15:00:00,0.048727778
2020-12-24 16:00:00,0.0487625
2020-12-24 17:00:00,0.048820833
2020-12-24 18:00:00,0.048951389
2020-12-24 19:00:00,0.0491375
2020-12-24 20:00:00,0.049355556
2020-12-24 21:00:00,0.049575
2020-12-24 22:00:00,0.049826389
2020-12-24 23:00:00,0.05005
2020-12-25 00:00:00,0.050238889
2020-12-25 01:00:00,0.050393056
2020-12-25 02:00:00,0.050506944
2020-12-25 03:00:00,0.050580556
2020-12-25 04:00:00,0.050594444
2020-12-25 05:00:00,0.050547222
2020-12-25 06:00:00,0.050465278
2020-12-25 07:00:00,0.050338889
2020-12-25 08:00:00,0.0501625
2020-12-25 09:00:00,0.049947222
2020-12-25 10:00:00,0.049701389
2020-12-25 11:00:00,0.049423611
2020-12-25 12:00:00,0.049129167
2020-12-25 13:00:00,0.048811111
2020-12-25 14:00:00,0.048501389
2020-12-25 15:00:00,0.048229167
2020-12-25 16:00:00,0.047990278
2020-12-25 17:00:00,0.047781944
2020-12-25 18:00:00,0.047638889
2020-12-25 19:00:00,0.047545833
2020-12-25 20:00:00,0.047513889
2020-12-25 21:00:00,0.047504167
2020-12-25 22:00:00,0.0475125
2020-12-25 23:00:00,0.047530556
2020-12-26 00:00:00,0.047531944
2020-12-26 01:00:00,0.047526389
2020-12-26 02:00:00,0.047493056
2020-12-26 03:00:00,0.047413889
2020-12-26 04:00:00,0.047295833
2020-12-26 05:00:00,0.047147222
2020-12-26 06:00:00,0.046973611
2020-12-26 07:00:00,0.046763889
2020-12-26 08:00:00,0.046536111
2020-12-26 09:00:00,0.046291667
2020-12-26 10:00:00,0.046001389
2020-12-26 11:00:00,0.045691667
2020-12-26 12:00:00,0.045370833
2020-12-26 13:00:00,0.045
2020-12-26 14:00:00,0.044555556
2020-12-26 15:00:00,0.044119444
2020-12-26 16:00:00,0.043713889
2020-12-26 17:00:00,0.043297222
2020-12-26 18:00:00,0.042898611
2020-12-26 19:00:00,0.042509722
2020-12-26 20:00:00,0.042181944
2020-12-26 21:00:00,0.041861111
2020-12-26 22:00:00,0.041551389
2020-12-26 23:00:00,0.041291667
2020-12-27 00:00:00,0.041081944
2020-12-27 01:00:00,0.040866667
2020-12-27 02:00:00,0.040658333
2020-12-27 03:00:00,0.040463889
2020-12-27 04:00:00,0.040297222
2020-12-27 05:00:00,0.0401375
2020-12-27 06:00:00,0.039968056
2020-12-27 07:00:00,0.039763889
2020-12-27 08:00:00,0.039558333
2020-12-27 09:00:00,0.039366667
2020-12-27 10:00:00,0.039159722
2020-12-27 11:00:00,0.038922222
2020-12-27 12:00:00,0.038675
2020-12-27 13:00:00,0.038427778
2020-12-27 14:00:00,0.038152778
2020-12-27 15:00:00,0.037872222
2020-12-27 16:00:00,0.037541667
2020-12-27 17:00:00,0.037198611
2020-12-27 18:00:00,0.036891667
2020-12-27 19:00:00,0.036590278
2020-12-27 20:00:00,0.036254167
2020-12-27 21:00:00,0.035919444
2020-12-27 22:00:00,0.035638889
2020-12-27 23:00:00,0.035368056
2020-12-28 00:00:00,0.035079167
2020-12-28 01:00:00,0.034813889
2020-12-28 02:00:00,0.034565278
2020-12-28 03:00:00,0.034336111
2020-12-28 04:00:00,0.034101389
2020-12-28 05:00:00,0.033906944
2020-12-28 06:00:00,0.033715278
2020-12-28 07:00:00,0.033543056
2020-12-28 08:00:00,0.033381944
2020-12-28 09:00:00,0.033195833
2020-12-28 10:00:00,0.033005556
2020-12-28 11:00:00,0.032797222
2020-12-28 12:00:00,0.032573611
2020-12-28 13:00:00,0.032316667
2020-12-28 14:00:00,0.032040278
2020-12-28 15:00:00,0.031752778
2020-12-28 16:00:00,0.031429167
2020-12-28 17:00:00,0.031061111
2020-12-28 18:00:00,0.030694444
2020-12-28 19:00:00,0.030318056
2020-12-28 20:00:00,0.029930556
2020-12-28 21:00:00,0.029545833
2020-12-28 22:00:00,0.029154167
2020-12-28 23:00:00,0.028758333
2020-12-29 00:00:00,0.028347222
2020-12-29 01:00:00,0.027944444
2020-12-29 02:00:00,0.027555556
2020-12-29 03:00:00,0.027172222
2020-12-29 04:00:00,0.026788889
2020-12-29 05:00:00,0.026398611
2020-12-29 06:00:00,0.026013889
2020-12-29 07:00:00,0.025627778
2020-12-29 08:00:00,0.025247222
2020-12-29 09:00:00,0.024872222
2020-12-29 10:00:00,0.024484722
2020-12-29 11:00:00,0.0241
2020-12-29 12:00:00,0.023727778
2020-12-29 13:00:00,0.023336111
2020-12-29 14:00:00,0.022965278
2020-12-29 15:00:00,0.022623611
2020-12-29 16:00:00,0.022297222
2020-12-29 17:00:00,0.022
2020-12-29 18:00:00,0.021752778
2020-12-29 19:00:00,0.021543056
2020-12-29 20:00:00,0.021361111
2020-12-29 21:00:00,0.021156944
2020-12-29 22:00:00,0.021002778
2020-12-29 23:00:00,0.020872222
2020-12-30 00:00:00,0.020745833
2020-12-30 01:00:00,0.020640278
2020-12-30 02:00:00,0.020543056
2020-12-30 03:00:00,0.020458333
2020-12-30 04:00:00,0.0203875
2020-12-30 05:00:00,0.020376389
2020-12-30 06:00:00,0.020415278
2020-12-30 07:00:00,0.020493056
2020-12-30 08:00:00,0.020609722
2020-12-30 09:00:00,0.020754167
2020-12-30 10:00:00,0.020901389
2020-12-30 11:00:00,0.021065278
2020-12-30 12:00:00,0.021244444
2020-12-30 13:00:00,0.021418056
2020-12-30 14:00:00,0.0215875
2020-12-30 15:00:00,0.021726389
2020-12-30 16:00:00,0.021844444
2020-12-30 17:00:00,0.021934722
2020-12-30 18:00:00,0.021961111
2020-12-30 19:00:00,0.021955556
2020-12-30 20:00:00,0.021931944
2020-12-30 21:00:00,0.021881944
2020-12-30 22:00:00,0.021786111
2020-12-30 23:00:00,0.021693056
2020-12-31 00:00:00,0.021590278
2020-12-31 01:00:00,0.021452778
2020-12-31 02:00:00,0.021309722
2020-12-31 03:00:00,0.021163889
2020-12-31 04:00:00,0.021019444
2020-12-31 05:00:00,0.020859722
2020-12-31 06:00:00,0.020736111
2020-12-31 07:00:00,0.020631944
2020-12-31 08:00:00,0.0205375
2020-12-31 09:00:00,0.020466667
2020-12-31 10:00:00,0.020445833
2020-12-31 11:00:00,0.020369444
2020-12-31 12:00:00,0.0203125
2020-12-31 13:00:00,0.020281944
2020-12-31 14:00:00,0.020245833
2020-12-31 15:00:00,0.020198611
2020-12-31 16:00:00,0.020168056
2020-12-31 17:00:00,0.020144444
2020-12-31 18:00:00,0.020079167
2020-12-31 19:00:00,0.020034722
2020-12-31 20:00:00,0.0200375
2020-12-31 21:00:00,0.019991667
2020-12-31 22:00:00,0.019940278
2020-12-31 23:00:00,0.019881944
2021-12-01 00:00:00,0.171140278
2021-12-01 01:00:00,0.1711625
2021-12-01 02:00:00,0.171195833
2021-12-01 03:00:00,0.171233333
2021-12-01 04:00:00,0.171259722
2021-12-01 05:00:00,0.171283333
2021-12-01 06:00:00,0.171306944
2021-12-01 07:00:00,0.171316667
2021-12-01 08:00:00,0.171305556
2021-12-01 09:00:00,0.171284722
2021-12-01 10:00:00,0.171245833
2021-12-01 11:00:00,0.171188889
2021-12-01 12:00:00,0.171102778
2021-12-01 13:00:00,0.170980556
2021-12-01 14:00:00,0.170844444
2021-12-01 15:00:00,0.170691667
2021-12-01 16:00:00,0.170543056
2021-12-01 17:00:00,0.170404167
2021-12-01 18:00:00,0.170270833
2021-12-01 19:00:00,0.170169444
2021-12-01 20:00:00,0.1701
2021-12-01 21:00:00,0.17005
2021-12-01 22:00:00,0.170025
2021-12-01 23:00:00,0.170018056
2021-12-02 00:00:00,0.170041667
2021-12-02 01:00:00,0.170080556
2021-12-02 02:00:00,0.170130556
2021-12-02 03:00:00,0.170179167
2021-12-02 04:00:00,0.170223611
2021-12-02 05:00:00,0.170261111
2021-12-02 06:00:00,0.170288889
2021-12-02 07:00:00,0.170291667
2021-12-02 08:00:00,0.170288889
2021-12-02 09:00:00,0.170265278
2021-12-02 10:00:00,0.170222222
2021-12-02 11:00:00,0.170156944
2021-12-02 12:00:00,0.170072222
2021-12-02 13:00:00,0.169955556
2021-12-02 14:00:00,0.169815278
2021-12-02 15:00:00,0.169652778
2021-12-02 16:00:00,0.169461111
2021-12-02 17:00:00,0.169276389
2021-12-02 18:00:00,0.169090278
2021-12-02 19:00:00,0.168906944
2021-12-02 20:00:00,0.168725
2021-12-02 21:00:00,0.168547222
2021-12-02 22:00:00,0.168395833
2021-12-02 23:00:00,0.168258333
2021-12-03 00:00:00,0.168141667
2021-12-03 01:00:00,0.168045833
2021-12-03 02:00:00,0.167968056
2021-12-03 03:00:00,0.167908333
2021-12-03 04:00:00,0.167856944
2021-12-03 05:00:00,0.167825
2021-12-03 06:00:00,0.167815278
2021-12-03 07:00:00,0.167805556
2021-12-03 08:00:00,0.167798611
2021-12-03 09:00:00,0.167784722
2021-12-03 10:00:00,0.167756944
2021-12-03 11:00:00,0.167725
2021-12-03 12:00:00,0.167679167
2021-12-03 13:00:00,0.167618056
2021-12-03 14:00:00,0.167548611
2021-12-03 15:00:00,0.167463889
2021-12-03 16:00:00,0.167380556
2021-12-03 17:00:00,0.167291667
2021-12-03 18:00:00,0.167194444
2021-12-03 19:00:00,0.167119444
2021-12-03 20:00:00,0.167061111
2021-12-03 21:00:00,0.167020833
2021-12-03 22:00:00,0.167
2021-12-03 23:00:00,0.167004167
2021-12-04 00:00:00,0.167023611
2021-12-04 01:00:00,0.16705
2021-12-04 02:00:00,0.167111111
2021-12-04 03:00:00,0.167165278
2021-12-04 04:00:00,0.167236111
2021-12-04 05:00:00,0.167336111
2021-12-04 06:00:00,0.167479167
2021-12-04 07:00:00,0.167680556
2021-12-04 08:00:00,0.1678625
2021-12-04 09:00:00,0.168069444
2021-12-04 10:00:00,0.168281944
2021-12-04 11:00:00,0.168501389
2021-12-04 12:00:00,0.168684722
2021-12-04 13:00:00,0.168877778
2021-12-04 14:00:00,0.169020833
2021-12-04 15:00:00,0.16915
2021-12-04 16:00:00,0.169276389
2021-12-04 17:00:00,0.1693375
2021-12-04 18:00:00,0.169329167
2021-12-04 19:00:00,0.169277778
2021-12-04 20:00:00,0.169227778
2021-12-04 21:00:00,0.169151389
2021-12-04 22:00:00,0.169080556
2021-12-04 23:00:00,0.169025
2021-12-05 00:00:00,0.168959722
2021-12-05 01:00:00,0.168902778
2021-12-05 02:00:00,0.168858333
2021-12-05 03:00:00,0.168819444
2021-12-05 04:00:00,0.16875
2021-12-05 05:00:00,0.168688889
2021-12-05 06:00:00,0.168654167
2021-12-05 07:00:00,0.168580556
2021-12-05 08:00:00,0.168493056
2021-12-05 09:00:00,0.168398611
2021-12-05 10:00:00,0.1682875
2021-12-05 11:00:00,0.168151389
2021-12-05 12:00:00,0.168006944
2021-12-05 13:00:00,0.167845833
2021-12-05 14:00:00,0.167652778
2021-12-05 15:00:00,0.167466667
2021-12-05 16:00:00,0.167273611
2021-12-05 17:00:00,0.167065278
2021-12-05 18:00:00,0.166863889
2021-12-05 19:00:00,0.166672222
2021-12-05 20:00:00,0.166502778
2021-12-05 21:00:00,0.166306944
2021-12-05 22:00:00,0.166104167
2021-12-05 23:00:00,0.165927778
2021-12-06 00:00:00,0.16575
2021-12-06 01:00:00,0.165588889
2021-12-06 02:00:00,0.165441667
2021-12-06 03:00:00,0.165302778
2021-12-06 04:00:00,0.165193056
2021-12-06 05:00:00,0.165116667
2021-12-06 06:00:00,0.165034722
2021-12-06 07:00:00,0.164970833
2021-12-06 08:00:00,0.164941667
2021-12-06 09:00:00,0.164927778
2021-12-06 10:00:00,0.164888889
2021-12-06 11:00:00,0.164855556
2021-12-06 12:00:00,0.164833333
2021-12-06 13:00:00,0.164779167
2021-12-06 14:00:00,0.164716667
2021-12-06 15:00:00,0.164645833
2021-12-06 16:00:00,0.164572222
2021-12-06 17:00:00,0.164466667
2021-12-06 18:00:00,0.164348611
2021-12-06 19:00:00,0.164216667
2021-12-06 20:00:00,0.164069444
2021-12-06 21:00:00,0.163895833
2021-12-06 22:00:00,0.163702778
2021-12-06 23:00:00,0.163525
2021-12-07 00:00:00,0.163330556
2021-12-07 01:00:00,0.163120833
2021-12-07 02:00:00,0.1629125
2021-12-07 03:00:00,0.162681944
2021-12-07 04:00:00,0.162468056
2021-12-07 05:00:00,0.162265278
2021-12-07 06:00:00,0.162063889
2021-12-07 07:00:00,0.161856944
2021-12-07 08:00:00,0.161672222
2021-12-07 09:00:00,0.161505556
2021-12-07 10:00:00,0.161338889
2021-12-07 11:00:00,0.161166667
2021-12-07 12:00:00,0.160970833
2021-12-07 13:00:00,0.160811111
2021-12-07 14:00:00,0.160627778
2021-12-07 15:00:00,0.160445833
2021-12-07 16:00:00,0.160269444
2021-12-07 17:00:00,0.160073611
2021-12-07 18:00:00,0.159877778
2021-12-07 19:00:00,0.159681944
2021-12-07 20:00:00,0.159468056
2021-12-07 21:00:00,0.159256944
2021-12-07 22:00:00,0.159001389
2021-12-07 23:00:00,0.158772222
2021-12-08 00:00:00,0.158538889
2021-12-08 01:00:00,0.158298611
2021-12-08 02:00:00,0.158065278
2021-12-08 03:00:00,0.157809722
2021-12-08 04:00:00,0.157559722
2021-12-08 05:00:00,0.157311111
2021-12-08 06:00:00,0.157055556
2021-12-08 07:00:00,0.156808333
2021-12-08 08:00:00,0.156569444
2021-12-08 09:00:00,0.156365278
2021-12-08 10:00:00,0.156177778
2021-12-08 11:00:00,0.156004167
2021-12-08 12:00:00,0.155844444
2021-12-08 13:00:00,0.155691667
2021-12-08 14:00:00,0.155561111
2021-12-08 15:00:00,0.155447222
2021-12-08 16:00:00,0.15535
2021-12-08 17:00:00,0.155265278
2021-12-08 18:00:00,0.155179167
2021-12-08 19:00:00,0.155097222
2021-12-08 20:00:00,0.155044444
2021-12-08 21:00:00,0.154969444
2021-12-08 22:00:00,0.154897222
2021-12-08 23:00:00,0.154838889
2021-12-09 00:00:00,0.154784722
2021-12-09 01:00:00,0.154738889
2021-12-09 02:00:00,0.154690278
2021-12-09 03:00:00,0.154636111
2021-12-09 04:00:00,0.154563889
2021-12-09 05:00:00,0.154469444
2021-12-09 06:00:00,0.1543625
2021-12-09 07:00:00,0.154247222
2021-12-09 08:00:00,0.154109722
2021-12-09 09:00:00,0.153970833
2021-12-09 10:00:00,0.153826389
2021-12-09 11:00:00,0.153679167
2021-12-09 12:00:00,0.153516667
2021-12-09 13:00:00,0.153344444
2021-12-09 14:00:00,0.153180556
2021-12-09 15:00:00,0.153011111
2021-12-09 16:00:00,0.152827778
2021-12-09 17:00:00,0.152634722
2021-12-09 18:00:00,0.152427778
2021-12-09 19:00:00,0.152222222
2021-12-09 20:00:00,0.151994444
2021-12-09 21:00:00,0.151759722
2021-12-09 22:00:00,0.151527778
2021-12-09 23:00:00,0.151313889
2021-12-10 00:00:00,0.151095833
2021-12-10 01:00:00,0.150886111
2021-12-10 02:00:00,0.150683333
2021-12-10 03:00:00,0.150469444
2021-12-10 04:00:00,0.150241667
2021-12-10 05:00:00,0.150019444
2021-12-10 06:00:00,0.149793056
2021-12-10 07:00:00,0.149568056
2021-12-10 08:00:00,0.149348611
2021-12-10 09:00:00,0.149143056
2021-12-10 10:00:00,0.148966667
2021-12-10 11:00:00,0.148794444
2021-12-10 12:00:00,0.148641667
2021-12-10 13:00:00,0.148502778
2021-12-10 14:00:00,0.148395833
2021-12-10 15:00:00,0.148284722
2021-12-10 16:00:00,0.148195833
2021-12-10 17:00:00,0.1481125
2021-12-10 18:00:00,0.148045833
2021-12-10 19:00:00,0.148005556
2021-12-10 20:00:00,0.147984722
2021-12-10 21:00:00,0.147979167
2021-12-10 22:00:00,0.147961111
2021-12-10 23:00:00,0.147959722
2021-12-11 00:00:00,0.147941667
2021-12-11 01:00:00,0.147915278
2021-12-11 02:00:00,0.147861111
2021-12-11 03:00:00,0.147754167
2021-12-11 04:00:00,0.147608333
2021-12-11 05:00:00,0.147426389
2021-12-11 06:00:00,0.147202778
2021-12-11 07:00:00,0.146938889
2021-12-11 08:00:00,0.146640278
2021-12-11 09:00:00,0.146311111
2021-12-11 10:00:00,0.145941667
2021-12-11 11:00:00,0.145590278
2021-12-11 12:00:00,0.145231944
2021-12-11 13:00:00,0.144890278
2021-12-11 14:00:00,0.144563889
2021-12-11 15:00:00,0.144288889
2021-12-11 16:00:00,0.144052778
2021-12-11 17:00:00,0.143879167
2021-12-11 18:00:00,0.143754167
2021-12-11 19:00:00,0.143661111
2021-12-11 20:00:00,0.143609722
2021-12-11 21:00:00,0.143618056
2021-12-11 22:00:00,0.143647222
2021-12-11 23:00:00,0.143716667
2021-12-12 00:00:00,0.143816667
2021-12-12 01:00:00,0.143913889
2021-12-12 02:00:00,0.143993056
2021-12-12 03:00:00,0.144043056
2021-12-12 04:00:00,0.144023611
2021-12-12 05:00:00,0.143947222
2021-12-12 06:00:00,0.143841667
2021-12-12 07:00:00,0.143716667
2021-12-12 08:00:00,0.143544444
2021-12-12 09:00:00,0.14335
2021-12-12 10:00:00,0.143141667
2021-12-12 11:00:00,0.142944444
2021-12-12 12:00:00,0.142768056
2021-12-12 13:00:00,0.142626389
2021-12-12 14:00:00,0.142511111
2021-12-12 15:00:00,0.142440278
2021-12-12 16:00:00,0.142409722
2021-12-12 17:00:00,0.142404167
2021-12-12 18:00:00,0.142426389
2021-12-12 19:00:00,0.142498611
2021-12-12 20:00:00,0.142570833
2021-12-12 21:00:00,0.142640278
2021-12-12 22:00:00,0.142716667
2021-12-12 23:00:00,0.142813889
2021-12-13 00:00:00,0.142909722
2021-12-13 01:00:00,0.142994444
2021-12-13 02:00:00,0.143048611
2021-12-13 03:00:00,0.143040278
2021-12-13 04:00:00,0.142991667
2021-12-13 05:00:00,0.142893056
2021-12-13 06:00:00,0.142745833
2021-12-13 07:00:00,0.142533333
2021-12-13 08:00:00,0.142288889
2021-12-13 09:00:00,0.142002778
2021-12-13 10:00:00,0.141718056
2021-12-13 11:00:00,0.141425
2021-12-13 12:00:00,0.141183333
2021-12-13 13:00:00,0.141002778
2021-12-13 14:00:00,0.140875
2021-12-13 15:00:00,0.140820833
2021-12-13 16:00:00,0.140819444
2021-12-13 17:00:00,0.140890278
2021-12-13 18:00:00,0.141023611
2021-12-13 19:00:00,0.141186111
2021-12-13 20:00:00,0.141401389
2021-12-13 21:00:00,0.141645833
2021-12-13 22:00:00,0.141919444
2021-12-13 23:00:00,0.142208333
2021-12-14 00:00:00,0.142504167
2021-12-14 01:00:00,0.142783333
2021-12-14 02:00:00,0.143040278
2021-12-14 03:00:00,0.143293056
2021-12-14 04:00:00,0.143486111
2021-12-14 05:00:00,0.143634722
2021-12-14 06:00:00,0.143756944
2021-12-14 07:00:00,0.143843056
2021-12-14 08:00:00,0.143904167
2021-12-14 09:00:00,0.143920833
2021-12-14 10:00:00,0.143930556
2021-12-14 11:00:00,0.143906944
2021-12-14 12:00:00,0.143868056
2021-12-14 13:00:00,0.143820833
2021-12-14 14:00:00,0.143786111
2021-12-14 15:00:00,0.143754167
2021-12-14 16:00:00,0.143783333
2021-12-14 17:00:00,0.143895833
2021-12-14 18:00:00,0.144073611
2021-12-14 19:00:00,0.144318056
2021-12-14 20:00:00,0.144622222
2021-12-14 21:00:00,0.144993056
2021-12-14 22:00:00,0.145386111
2021-12-14 23:00:00,0.145798611
2021-12-15 00:00:00,0.146227778
2021-12-15 01:00:00,0.146659722
2021-12-15 02:00:00,0.1470625
2021-12-15 03:00:00,0.1474125
2021-12-15 04:00:00,0.147733333
2021-12-15 05:00:00,0.148006944
2021-12-15 06:00:00,0.148247222
2021-12-15 07:00:00,0.148458333
2021-12-15 08:00:00,0.148626389
2021-12-15 09:00:00,0.148748611
2021-12-15 10:00:00,0.14885
2021-12-15 11:00:00,0.148916667
2021-12-15 12:00:00,0.148929167
2021-12-15 13:00:00,0.148906944
2021-12-15 14:00:00,0.148851389
2021-12-15 15:00:00,0.1488
2021-12-15 16:00:00,0.148784722
2021-12-15 17:00:00,0.148797222
2021-12-15 18:00:00,0.148875
2021-12-15 19:00:00,0.149034722
2021-12-15 20:00:00,0.149254167
2021-12-15 21:00:00,0.1495375
2021-12-15 22:00:00,0.149863889
2021-12-15 23:00:00,0.150223611
2021-12-16 00:00:00,0.150595833
2021-12-16 01:00:00,0.150966667
2021-12-16 02:00:00,0.151327778
2021-12-16 03:00:00,0.151659722
2021-12-16 04:00:00,0.151947222
2021-12-16 05:00:00,0.152205556
2021-12-16 06:00:00,0.152415278
2021-12-16 07:00:00,0.152595833
2021-12-16 08:00:00,0.152747222
2021-12-16 09:00:00,0.152868056
2021-12-16 10:00:00,0.15295
2021-12-16 11:00:00,0.152980556
2021-12-16 12:00:00,0.1529625
2021-12-16 13:00:00,0.152890278
2021-12-16 14:00:00,0.152780556
2021-12-16 15:00:00,0.152630556
2021-12-16 16:00:00,0.152473611
2021-12-16 17:00:00,0.152343056
2021-12-16 18:00:00,0.152222222
2021-12-16 19:00:00,0.152129167
2021-12-16 20:00:00,0.152073611
2021-12-16 21:00:00,0.152069444
2021-12-16 22:00:00,0.152116667
2021-12-16 23:00:00,0.1522
2021-12-17 00:00:00,0.152294444
2021-12-17 01:00:00,0.152418056
2021-12-17 02:00:00,0.152552778
2021-12-17 03:00:00,0.152704167
2021-12-17 04:00:00,0.152880556
2021-12-17 05:00:00,0.153075
2021-12-17 06:00:00,0.153266667
2021-12-17 07:00:00,0.153454167
2021-12-17 08:00:00,0.153634722
2021-12-17 09:00:00,0.153795833
2021-12-17 10:00:00,0.1539375
2021-12-17 11:00:00,0.154063889
2021-12-17 12:00:00,0.154154167
2021-12-17 13:00:00,0.154202778
2021-12-17 14:00:00,0.154209722
2021-12-17 15:00:00,0.154175
2021-12-17 16:00:00,0.154102778
2021-12-17 17:00:00,0.154013889
2021-12-17 18:00:00,0.153943056
2021-12-17 19:00:00,0.153875
2021-12-17 20:00:00,0.153830556
2021-12-17 21:00:00,0.153818056
2021-12-17 22:00:00,0.153859722
2021-12-17 23:00:00,0.153915278
2021-12-18 00:00:00,0.154
2021-12-18 01:00:00,0.154123611
2021-12-18 02:00:00,0.154281944
2021-12-18 03:00:00,0.154466667
2021-12-18 04:00:00,0.154701389
2021-12-18 05:00:00,0.154981944
2021-12-18 06:00:00,0.155313889
2021-12-18 07:00:00,0.155659722
2021-12-18 08:00:00,0.156018056
2021-12-18 09:00:00,0.1563875
2021-12-18 10:00:00,0.156770833
2021-12-18 11:00:00,0.157152778
2021-12-18 12:00:00,0.157526389
2021-12-18 13:00:00,0.157872222
2021-12-18 14:00:00,0.158195833
2021-12-18 15:00:00,0.158513889
2021-12-18 16:00:00,0.158777778
2021-12-18 17:00:00,0.158993056
2021-12-18 18:00:00,0.159220833
2021-12-18 19:00:00,0.15945
2021-12-18 20:00:00,0.159684722
2021-12-18 21:00:00,0.159929167
2021-12-18 22:00:00,0.160152778
2021-12-18 23:00:00,0.160429167
2021-12-19 00:00:00,0.160655556
2021-12-19 01:00:00,0.160883333
2021-12-19 02:00:00,0.161065278
2021-12-19 03:00:00,0.161143056
2021-12-19 04:00:00,0.161270833
2021-12-19 05:00:00,0.161318056
2021-12-19 06:00:00,0.161359722
2021-12-19 07:00:00,0.1614125
2021-12-19 08:00:00,0.161455556
2021-12-19 09:00:00,0.161430556
2021-12-19 10:00:00,0.161404167
2021-12-19 11:00:00,0.161401389
2021-12-19 12:00:00,0.161368056
2021-12-19 13:00:00,0.161315278
2021-12-19 14:00:00,0.1612375
2021-12-19 15:00:00,0.161123611
2021-12-19 16:00:00,0.160975
2021-12-19 17:00:00,0.160783333
2021-12-19 18:00:00,0.160548611
2021-12-19 19:00:00,0.160277778
2021-12-19 20:00:00,0.159938889
2021-12-19 21:00:00,0.159595833
2021-12-19 22:00:00,0.159216667
2021-12-19 23:00:00,0.158833333
2021-12-20 00:00:00,0.158427778
2021-12-20 01:00:00,0.158005556
2021-12-20 02:00:00,0.157594444
2021-12-20 03:00:00,0.157194444
2021-12-20 04:00:00,0.156819444
2021-12-20 05:00:00,0.156461111
2021-12-20 06:00:00,0.156118056
2021-12-20 07:00:00,0.155823611
2021-12-20 08:00:00,0.155570833
2021-12-20 09:00:00,0.155330556
2021-12-20 10:00:00,0.155086111
2021-12-20 11:00:00,0.154866667
2021-12-20 12:00:00,0.154647222
2021-12-20 13:00:00,0.154416667
2021-12-20 14:00:00,0.154183333
2021-12-20 15:00:00,0.153933333
2021-12-20 16:00:00,0.153677778
2021-12-20 17:00:00,0.153431944
2021-12-20 18:00:00,0.153183333
2021-12-20 19:00:00,0.152931944
2021-12-20 20:00:00,0.152686111
2021-12-20 21:00:00,0.152408333
2021-12-20 22:00:00,0.152104167
2021-12-20 23:00:00,0.1518
2021-12-21 00:00:00,0.151472222
2021-12-21 01:00:00,0.151168056
2021-12-21 02:00:00,0.150863889
2021-12-21 03:00:00,0.150558333
2021-12-21 04:00:00,0.150283333
2021-12-21 05:00:00,0.150020833
2021-12-21 06:00:00,0.149779167
2021-12-21 07:00:00,0.14955
2021-12-21 08:00:00,0.149370833
2021-12-21 09:00:00,0.149244444
2021-12-21 10:00:00,0.149129167
2021-12-21 11:00:00,0.149020833
2021-12-21 12:00:00,0.148925
2021-12-21 13:00:00,0.148833333
2021-12-21 14:00:00,0.148745833
2021-12-21 15:00:00,0.148656944
2021-12-21 16:00:00,0.148581944
2021-12-21 17:00:00,0.148519444
2021-12-21 18:00:00,0.148454167
2021-12-21 19:00:00,0.148404167
2021-12-21 20:00:00,0.148366667
2021-12-21 21:00:00,0.148295833
2021-12-21 22:00:00,0.148209722
2021-12-21 23:00:00,0.148131944
2021-12-22 00:00:00,0.148008333
2021-12-22 01:00:00,0.147891667
2021-12-22 02:00:00,0.1477375
2021-12-22 03:00:00,0.147568056
2021-12-22 04:00:00,0.147409722
2021-12-22 05:00:00,0.147255556
2021-12-22 06:00:00,0.147069444
2021-12-22 07:00:00,0.1468875
2021-12-22 08:00:00,0.146761111
2021-12-22 09:00:00,0.146679167
2021-12-22 10:00:00,0.146641667
2021-12-22 11:00:00,0.146604167
2021-12-22 12:00:00,0.146581944
2021-12-22 13:00:00,0.146588889
2021-12-22 14:00:00,0.146630556
2021-12-22 15:00:00,0.146697222
2021-12-22 16:00:00,0.146781944
2021-12-22 17:00:00,0.146890278
2021-12-22 18:00:00,0.147006944
2021-12-22 19:00:00,0.147134722
2021-12-22 20:00:00,0.147293056
2021-12-22 21:00:00,0.147426389
2021-12-22 22:00:00,0.147527778
2021-12-22 23:00:00,0.147606944
2021-12-23 00:00:00,0.147676389
2021-12-23 01:00:00,0.147702778
2021-12-23 02:00:00,0.147705556
2021-12-23 03:00:00,0.147688889
2021-12-23 04:00:00,0.147638889
2021-12-23 05:00:00,0.147590278
2021-12-23 06:00:00,0.147430556
2021-12-23 07:00:00,0.147188889
2021-12-23 08:00:00,0.1469125
2021-12-23 09:00:00,0.146594444
2021-12-23 10:00:00,0.146281944
2021-12-23 11:00:00,0.145988889
2021-12-23 12:00:00,0.145719444
2021-12-23 13:00:00,0.145468056
2021-12-23 14:00:00,0.1452875
2021-12-23 15:00:00,0.145129167
2021-12-23 16:00:00,0.144988889
2021-12-23 17:00:00,0.144897222
2021-12-23 18:00:00,0.144843056
2021-12-23 19:00:00,0.14485
2021-12-23 20:00:00,0.144893056
2021-12-23 21:00:00,0.144984722
2021-12-23 22:00:00,0.145070833
2021-12-23 23:00:00,0.145129167
2021-12-24 00:00:00,0.145190278
2021-12-24 01:00:00,0.145218056
2021-12-24 02:00:00,0.145218056
2021-12-24 03:00:00,0.145140278
2021-12-24 04:00:00,0.145016667
2021-12-24 05:00:00,0.144854167
2021-12-24 06:00:00,0.144633333
2021-12-24 07:00:00,0.1444
2021-12-24 08:00:00,0.144155556
2021-12-24 09:00:00,0.143879167
2021-12-24 10:00:00,0.143609722
2021-12-24 11:00:00,0.143363889
2021-12-24 12:00:00,0.143144444
2021-12-24 13:00:00,0.142972222
2021-12-24 14:00:00,0.142859722
2021-12-24 15:00:00,0.142786111
2021-12-24 16:00:00,0.142744444
2021-12-24 17:00:00,0.142766667
2021-12-24 18:00:00,0.142838889
2021-12-24 19:00:00,0.142954167
2021-12-24 20:00:00,0.143108333
2021-12-24 21:00:00,0.143305556
2021-12-24 22:00:00,0.143516667
2021-12-24 23:00:00,0.143720833
2021-12-25 00:00:00,0.143904167
2021-12-25 01:00:00,0.144030556
2021-12-25 02:00:00,0.144127778
2021-12-25 03:00:00,0.144184722
2021-12-25 04:00:00,0.144177778
2021-12-25 05:00:00,0.144102778
2021-12-25 06:00:00,0.143965278
2021-12-25 07:00:00,0.143783333
2021-12-25 08:00:00,0.143576389
2021-12-25 09:00:00,0.143330556
2021-12-25 10:00:00,0.143041667
2021-12-25 11:00:00,0.142769444
2021-12-25 12:00:00,0.142516667
2021-12-25 13:00:00,0.142313889
2021-12-25 14:00:00,0.142147222
2021-12-25 15:00:00,0.142038889
2021-12-25 16:00:00,0.142002778
2021-12-25 17:00:00,0.142018056
2021-12-25 18:00:00,0.142084722
2021-12-25 19:00:00,0.142208333
2021-12-25 20:00:00,0.142402778
2021-12-25 21:00:00,0.142633333
2021-12-25 22:00:00,0.142881944
2021-12-25 23:00:00,0.143129167
2021-12-26 00:00:00,0.143366667
2021-12-26 01:00:00,0.143601389
2021-12-26 02:00:00,0.143786111
2021-12-26 03:00:00,0.143936111
2021-12-26 04:00:00,0.144022222
2021-12-26 05:00:00,0.144018056
2021-12-26 06:00:00,0.143990278
2021-12-26 07:00:00,0.143905556
2021-12-26 08:00:00,0.143765278
2021-12-26 09:00:00,0.143593056
2021-12-26 10:00:00,0.1433625
2021-12-26 11:00:00,0.143120833
2021-12-26 12:00:00,0.142830556
2021-12-26 13:00:00,0.142529167
2021-12-26 14:00:00,0.142193056
2021-12-26 15:00:00,0.141838889
2021-12-26 16:00:00,0.141530556
2021-12-26 17:00:00,0.141248611
2021-12-26 18:00:00,0.140988889
2021-12-26 19:00:00,0.140755556
2021-12-26 20:00:00,0.140526389
2021-12-26 21:00:00,0.140298611
2021-12-26 22:00:00,0.140065278
2021-12-26 23:00:00,0.139805556
2021-12-27 00:00:00,0.1395375
2021-12-27 01:00:00,0.139220833
2021-12-27 02:00:00,0.138920833
2021-12-27 03:00:00,0.138626389
2021-12-27 04:00:00,0.138344444
2021-12-27 05:00:00,0.138063889
2021-12-27 06:00:00,0.137784722
2021-12-27 07:00:00,0.137426389
2021-12-27 08:00:00,0.137043056
2021-12-27 09:00:00,0.136669444
2021-12-27 10:00:00,0.136279167
2021-12-27 11:00:00,0.135858333
2021-12-27 12:00:00,0.135443056
2021-12-27 13:00:00,0.135066667
2021-12-27 14:00:00,0.134733333
2021-12-27 15:00:00,0.134429167
2021-12-27 16:00:00,0.1341375
2021-12-27 17:00:00,0.133894444
2021-12-27 18:00:00,0.133716667
2021-12-27 19:00:00,0.133552778
2021-12-27 20:00:00,0.133416667
2021-12-27 21:00:00,0.133326389
2021-12-27 22:00:00,0.133258333
2021-12-27 23:00:00,0.133202778
2021-12-28 00:00:00,0.133161111
2021-12-28 01:00:00,0.133127778
2021-12-28 02:00:00,0.133083333
2021-12-28 03:00:00,0.133016667
2021-12-28 04:00:00,0.132911111
2021-12-28 05:00:00,0.132773611
2021-12-28 06:00:00,0.132613889
2021-12-28 07:00:00,0.132404167
2021-12-28 08:00:00,0.132159722
2021-12-28 09:00:00,0.131905556
2021-12-28 10:00:00,0.131633333
2021-12-28 11:00:00,0.131351389
2021-12-28 12:00:00,0.131056944
2021-12-28 13:00:00,0.130776389
2021-12-28 14:00:00,0.130502778
2021-12-28 15:00:00,0.130220833
2021-12-28 16:00:00,0.129968056
2021-12-28 17:00:00,0.129751389
2021-12-28 18:00:00,0.129581944
2021-12-28 19:00:00,0.129454167
2021-12-28 20:00:00,0.129359722
2021-12-28 21:00:00,0.129305556
2021-12-28 22:00:00,0.129302778
2021-12-28 23:00:00,0.129323611
2021-12-29 00:00:00,0.129372222
2021-12-29 01:00:00,0.129433333
2021-12-29 02:00:00,0.1294875
2021-12-29 03:00:00,0.129573611
2021-12-29 04:00:00,0.129656944
2021-12-29 05:00:00,0.129719444
2021-12-29 06:00:00,0.129769444
2021-12-29 07:00:00,0.129816667
2021-12-29 08:00:00,0.1298375
2021-12-29 09:00:00,0.129827778
2021-12-29 10:00:00,0.129784722
2021-12-29 11:00:00,0.129723611
2021-12-29 12:00:00,0.129615278
2021-12-29 13:00:00,0.1294875
2021-12-29 14:00:00,0.129358333
2021-12-29 15:00:00,0.129211111
2021-12-29 16:00:00,0.129079167
2021-12-29 17:00:00,0.128970833
2021-12-29 18:00:00,0.128904167
2021-12-29 19:00:00,0.128870833
2021-12-29 20:00:00,0.128869444
2021-12-29 21:00:00,0.128893056
2021-12-29 22:00:00,0.128947222
2021-12-29 23:00:00,0.129018056
2021-12-30 00:00:00,0.129111111
2021-12-30 01:00:00,0.129215278
2021-12-30 02:00:00,0.129322222
2021-12-30 03:00:00,0.129423611
2021-12-30 04:00:00,0.129515278
2021-12-30 05:00:00,0.129601389
2021-12-30 06:00:00,0.129668056
2021-12-30 07:00:00,0.129715278
2021-12-30 08:00:00,0.129741667
2021-12-30 09:00:00,0.129748611
2021-12-30 10:00:00,0.129733333
2021-12-30 11:00:00,0.129691667
2021-12-30 12:00:00,0.129634722
2021-12-30 13:00:00,0.129561111
2021-12-30 14:00:00,0.129473611
2021-12-30 15:00:00,0.129368056
2021-12-30 16:00:00,0.1292625
2021-12-30 17:00:00,0.129181944
2021-12-30 18:00:00,0.129090278
2021-12-30 19:00:00,0.129
2021-12-30 20:00:00,0.128936111
2021-12-30 21:00:00,0.128868056
2021-12-30 22:00:00,0.1288375
2021-12-30 23:00:00,0.128823611
2021-12-31 00:00:00,0.128836111
2021-12-31 01:00:00,0.128869444
2021-12-31 02:00:00,0.128925
2021-12-31 03:00:00,0.128980556
2021-12-31 04:00:00,0.129041667
2021-12-31 05:00:00,0.129088889
2021-12-31 06:00:00,0.129118056
2021-12-31 07:00:00,0.129147222
2021-12-31 08:00:00,0.129159722
2021-12-31 09:00:00,0.129145833
2021-12-31 10:00:00,0.129115278
2021-12-31 11:00:00,0.1290625
2021-12-31 12:00:00,0.128994444
2021-12-31 13:00:00,0.128904167
2021-12-31 14:00:00,0.128790278
2021-12-31 15:00:00,0.128661111
2021-12-31 16:00:00,0.128494444
2021-12-31 17:00:00,0.128355556
2021-12-31 18:00:00,0.128254167
2021-12-31 19:00:00,0.128165278
2021-12-31 20:00:00,0.1281
2021-12-31 21:00:00,0.128080556
2021-12-31 22:00:00,0.128094444
2021-12-31 23:00:00,0.128134722
2022-12-01 00:00:00,0.183651389
2022-12-01 01:00:00,0.183902778
2022-12-01 02:00:00,0.184159722
2022-12-01 03:00:00,0.184415278
2022-12-01 04:00:00,0.184618056
2022-12-01 05:00:00,0.1848
2022-12-01 06:00:00,0.184945833
2022-12-01 07:00:00,0.185048611
2022-12-01 08:00:00,0.185113889
2022-12-01 09:00:00,0.18515
2022-12-01 10:00:00,0.185184722
2022-12-01 11:00:00,0.185216667
2022-12-01 12:00:00,0.185234722
2022-12-01 13:00:00,0.185259722
2022-12-01 14:00:00,0.185306944
2022-12-01 15:00:00,0.185375
2022-12-01 16:00:00,0.185455556
2022-12-01 17:00:00,0.185573611
2022-12-01 18:00:00,0.185727778
2022-12-01 19:00:00,0.185936111
2022-12-01 20:00:00,0.1861625
2022-12-01 21:00:00,0.186440278
2022-12-01 22:00:00,0.186776389
2022-12-01 23:00:00,0.187123611
2022-12-02 00:00:00,0.187494444
2022-12-02 01:00:00,0.187877778
2022-12-02 02:00:00,0.188265278
2022-12-02 03:00:00,0.188604167
2022-12-02 04:00:00,0.188891667
2022-12-02 05:00:00,0.189168056
2022-12-02 06:00:00,0.189383333
2022-12-02 07:00:00,0.189525
2022-12-02 08:00:00,0.189647222
2022-12-02 09:00:00,0.189745833
2022-12-02 10:00:00,0.189820833
2022-12-02 11:00:00,0.189890278
2022-12-02 12:00:00,0.189984722
2022-12-02 13:00:00,0.190094444
2022-12-02 14:00:00,0.190233333
2022-12-02 15:00:00,0.190405556
2022-12-02 16:00:00,0.190616667
2022-12-02 17:00:00,0.190886111
2022-12-02 18:00:00,0.191205556
2022-12-02 19:00:00,0.191563889
2022-12-02 20:00:00,0.191988889
2022-12-02 21:00:00,0.192447222
2022-12-02 22:00:00,0.192927778
2022-12-02 23:00:00,0.193413889
2022-12-03 00:00:00,0.1938875
2022-12-03 01:00:00,0.194381944
2022-12-03 02:00:00,0.194844444
2022-12-03 03:00:00,0.195238889
2022-12-03 04:00:00,0.195655556
2022-12-03 05:00:00,0.196016667
2022-12-03 06:00:00,0.196304167
2022-12-03 07:00:00,0.196541667
2022-12-03 08:00:00,0.196730556
2022-12-03 09:00:00,0.196845833
2022-12-03 10:00:00,0.196898611
2022-12-03 11:00:00,0.19695
2022-12-03 12:00:00,0.196933333
2022-12-03 13:00:00,0.196915278
2022-12-03 14:00:00,0.19695
2022-12-03 15:00:00,0.197040278
2022-12-03 16:00:00,0.197156944
2022-12-03 17:00:00,0.1973625
2022-12-03 18:00:00,0.197633333
2022-12-03 19:00:00,0.197934722
2022-12-03 20:00:00,0.198280556
2022-12-03 21:00:00,0.198661111
2022-12-03 22:00:00,0.199069444
2022-12-03 23:00:00,0.199470833
2022-12-04 00:00:00,0.199845833
2022-12-04 01:00:00,0.200220833
2022-12-04 02:00:00,0.200569444
2022-12-04 03:00:00,0.200856944
2022-12-04 04:00:00,0.201113889
2022-12-04 05:00:00,0.201290278
2022-12-04 06:00:00,0.201386111
2022-12-04 07:00:00,0.201429167
2022-12-04 08:00:00,0.201419444
2022-12-04 09:00:00,0.201366667
2022-12-04 10:00:00,0.201244444
2022-12-04 11:00:00,0.201086111
2022-12-04 12:00:00,0.200922222
2022-12-04 13:00:00,0.200731944
2022-12-04 14:00:00,0.200581944
2022-12-04 15:00:00,0.200477778
2022-12-04 16:00:00,0.200401389
2022-12-04 17:00:00,0.200347222
2022-12-04 18:00:00,0.200341667
2022-12-04 19:00:00,0.2004
2022-12-04 20:00:00,0.200544444
2022-12-04 21:00:00,0.200748611
2022-12-04 22:00:00,0.200986111
2022-12-04 23:00:00,0.201261111
2022-12-05 00:00:00,0.20155
2022-12-05 01:00:00,0.2019
2022-12-05 02:00:00,0.202201389
2022-12-05 03:00:00,0.202419444
2022-12-05 04:00:00,0.202613889
2022-12-05 05:00:00,0.202766667
2022-12-05 06:00:00,0.202833333
2022-12-05 07:00:00,0.202855556
2022-12-05 08:00:00,0.202944444
2022-12-05 09:00:00,0.202977778
2022-12-05 10:00:00,0.203016667
2022-12-05 11:00:00,0.203077778
2022-12-05 12:00:00,0.203101389
2022-12-05 13:00:00,0.203118056
2022-12-05 14:00:00,0.203125
2022-12-05 15:00:00,0.203194444
2022-12-05 16:00:00,0.203290278
2022-12-05 17:00:00,0.203408333
2022-12-05 18:00:00,0.203615278
2022-12-05 19:00:00,0.203844444
2022-12-05 20:00:00,0.204145833
2022-12-05 21:00:00,0.204497222
2022-12-05 22:00:00,0.2049
2022-12-05 23:00:00,0.205338889
2022-12-06 00:00:00,0.205727778
2022-12-06 01:00:00,0.206176389
2022-12-06 02:00:00,0.206677778
2022-12-06 03:00:00,0.207052778
2022-12-06 04:00:00,0.20745
2022-12-06 05:00:00,0.207872222
2022-12-06 06:00:00,0.208234722
2022-12-06 07:00:00,0.208575
2022-12-06 08:00:00,0.208894444
2022-12-06 09:00:00,0.209179167
2022-12-06 10:00:00,0.209398611
2022-12-06 11:00:00,0.209591667
2022-12-06 12:00:00,0.209736111
2022-12-06 13:00:00,0.209825
2022-12-06 14:00:00,0.209854167
2022-12-06 15:00:00,0.20985
2022-12-06 16:00:00,0.209836111
2022-12-06 17:00:00,0.209854167
2022-12-06 18:00:00,0.209922222
2022-12-06 19:00:00,0.210004167
2022-12-06 20:00:00,0.210130556
2022-12-06 21:00:00,0.210305556
2022-12-06 22:00:00,0.2105125
2022-12-06 23:00:00,0.210748611
2022-12-07 00:00:00,0.211023611
2022-12-07 01:00:00,0.211348611
2022-12-07 02:00:00,0.211698611
2022-12-07 03:00:00,0.2120625
2022-12-07 04:00:00,0.212451389
2022-12-07 05:00:00,0.2128625
2022-12-07 06:00:00,0.213256944
2022-12-07 07:00:00,0.213638889
2022-12-07 08:00:00,0.214005556
2022-12-07 09:00:00,0.214356944
2022-12-07 10:00:00,0.214681944
2022-12-07 11:00:00,0.2149875
2022-12-07 12:00:00,0.215243056
2022-12-07 13:00:00,0.215468056
2022-12-07 14:00:00,0.215645833
2022-12-07 15:00:00,0.215748611
2022-12-07 16:00:00,0.215841667
2022-12-07 17:00:00,0.215926389
2022-12-07 18:00:00,0.216009722
2022-12-07 19:00:00,0.216102778
2022-12-07 20:00:00,0.2162
2022-12-07 21:00:00,0.216320833
2022-12-07 22:00:00,0.216456944
2022-12-07 23:00:00,0.216627778
2022-12-08 00:00:00,0.2168125
2022-12-08 01:00:00,0.217038889
2022-12-08 02:00:00,0.217288889
2022-12-08 03:00:00,0.217551389
2022-12-08 04:00:00,0.217841667
2022-12-08 05:00:00,0.218151389
2022-12-08 06:00:00,0.218469444
2022-12-08 07:00:00,0.218734722
2022-12-08 08:00:00,0.218973611
2022-12-08 09:00:00,0.219229167
2022-12-08 10:00:00,0.219465278
2022-12-08 11:00:00,0.219625
2022-12-08 12:00:00,0.219711111
2022-12-08 13:00:00,0.219802778
2022-12-08 14:00:00,0.219791667
2022-12-08 15:00:00,0.219633333
2022-12-08 16:00:00,0.219470833
2022-12-08 17:00:00,0.219280556
2022-12-08 18:00:00,0.218969444
2022-12-08 19:00:00,0.218627778
2022-12-08 20:00:00,0.218329167
2022-12-08 21:00:00,0.217979167
2022-12-08 22:00:00,0.217655556
2022-12-08 23:00:00,0.217338889
2022-12-09 00:00:00,0.217019444
2022-12-09 01:00:00,0.216720833
2022-12-09 02:00:00,0.216445833
2022-12-09 03:00:00,0.2161875
2022-12-09 04:00:00,0.215954167
2022-12-09 05:00:00,0.215745833
2022-12-09 06:00:00,0.215544444
2022-12-09 07:00:00,0.215344444
2022-12-09 08:00:00,0.215126389
2022-12-09 09:00:00,0.214927778
2022-12-09 10:00:00,0.214693056
2022-12-09 11:00:00,0.214431944
2022-12-09 12:00:00,0.2141625
2022-12-09 13:00:00,0.213854167
2022-12-09 14:00:00,0.213495833
2022-12-09 15:00:00,0.213097222
2022-12-09 16:00:00,0.212679167
2022-12-09 17:00:00,0.212202778
2022-12-09 18:00:00,0.211661111
2022-12-09 19:00:00,0.211119444
2022-12-09 20:00:00,0.210559722
2022-12-09 21:00:00,0.210002778
2022-12-09 22:00:00,0.209429167
2022-12-09 23:00:00,0.208865278
2022-12-10 00:00:00,0.208297222
2022-12-10 01:00:00,0.207727778
2022-12-10 02:00:00,0.207173611
2022-12-10 03:00:00,0.206609722
2022-12-10 04:00:00,0.206077778
2022-12-10 05:00:00,0.205565278
2022-12-10 06:00:00,0.2050625
2022-12-10 07:00:00,0.204583333
2022-12-10 08:00:00,0.204159722
2022-12-10 09:00:00,0.203755556
2022-12-10 10:00:00,0.203345833
2022-12-10 11:00:00,0.202952778
2022-12-10 12:00:00,0.202568056
2022-12-10 13:00:00,0.202169444
2022-12-10 14:00:00,0.201765278
2022-12-10 15:00:00,0.201354167
2022-12-10 16:00:00,0.200943056
2022-12-10 17:00:00,0.200522222
2022-12-10 18:00:00,0.200045833
2022-12-10 19:00:00,0.199561111
2022-12-10 20:00:00,0.199056944
2022-12-10 21:00:00,0.198555556
2022-12-10 22:00:00,0.198015278
2022-12-10 23:00:00,0.197456944
2022-12-11 00:00:00,0.196915278
2022-12-11 01:00:00,0.196386111
2022-12-11 02:00:00,0.195855556
2022-12-11 03:00:00,0.195354167
2022-12-11 04:00:00,0.194848611
2022-12-11 05:00:00,0.194369444
2022-12-11 06:00:00,0.193919444
2022-12-11 07:00:00,0.193501389
2022-12-11 08:00:00,0.193126389
2022-12-11 09:00:00,0.192797222
2022-12-11 10:00:00,0.192486111
2022-12-11 11:00:00,0.1921875
2022-12-11 12:00:00,0.191915278
2022-12-11 13:00:00,0.191641667
2022-12-11 14:00:00,0.191381944
2022-12-11 15:00:00,0.191115278
2022-12-11 16:00:00,0.190836111
2022-12-11 17:00:00,0.190551389
2022-12-11 18:00:00,0.19025
2022-12-11 19:00:00,0.189936111
2022-12-11 20:00:00,0.189606944
2022-12-11 21:00:00,0.189251389
2022-12-11 22:00:00,0.188875
2022-12-11 23:00:00,0.188486111
2022-12-12 00:00:00,0.188076389
2022-12-12 01:00:00,0.187673611
2022-12-12 02:00:00,0.187268056
2022-12-12 03:00:00,0.186826389
2022-12-12 04:00:00,0.186369444
2022-12-12 05:00:00,0.185977778
2022-12-12 06:00:00,0.185540278
2022-12-12 07:00:00,0.185109722
2022-12-12 08:00:00,0.184659722
2022-12-12 09:00:00,0.184259722
2022-12-12 10:00:00,0.183868056
2022-12-12 11:00:00,0.183470833
2022-12-12 12:00:00,0.183073611
2022-12-12 13:00:00,0.182715278
2022-12-12 14:00:00,0.182358333
2022-12-12 15:00:00,0.182004167
2022-12-12 16:00:00,0.181672222
2022-12-12 17:00:00,0.181368056
2022-12-12 18:00:00,0.1810625
2022-12-12 19:00:00,0.180779167
2022-12-12 20:00:00,0.1805125
2022-12-12 21:00:00,0.180266667
2022-12-12 22:00:00,0.180018056
2022-12-12 23:00:00,0.179766667
2022-12-13 00:00:00,0.179486111
2022-12-13 01:00:00,0.179190278
2022-12-13 02:00:00,0.178893056
2022-12-13 03:00:00,0.178590278
2022-12-13 04:00:00,0.178272222
2022-12-13 05:00:00,0.177940278
2022-12-13 06:00:00,0.177608333
2022-12-13 07:00:00,0.177295833
2022-12-13 08:00:00,0.177008333
2022-12-13 09:00:00,0.176730556
2022-12-13 10:00:00,0.176493056
2022-12-13 11:00:00,0.176301389
2022-12-13 12:00:00,0.176136111
2022-12-13 13:00:00,0.175998611
2022-12-13 14:00:00,0.175888889
2022-12-13 15:00:00,0.175806944
2022-12-13 16:00:00,0.175755556
2022-12-13 17:00:00,0.17575
2022-12-13 18:00:00,0.175773611
2022-12-13 19:00:00,0.1758625
2022-12-13 20:00:00,0.1760125
2022-12-13 21:00:00,0.1762
2022-12-13 22:00:00,0.176391667
2022-12-13 23:00:00,0.176595833
2022-12-14 00:00:00,0.17675
2022-12-14 01:00:00,0.176872222
2022-12-14 02:00:00,0.176948611
2022-12-14 03:00:00,0.176976389
2022-12-14 04:00:00,0.176963889
2022-12-14 05:00:00,0.176901389
2022-12-14 06:00:00,0.176766667
2022-12-14 07:00:00,0.176594444
2022-12-14 08:00:00,0.176363889
2022-12-14 09:00:00,0.176109722
2022-12-14 10:00:00,0.175858333
2022-12-14 11:00:00,0.1756125
2022-12-14 12:00:00,0.175394444
2022-12-14 13:00:00,0.175204167
2022-12-14 14:00:00,0.175043056
2022-12-14 15:00:00,0.174904167
2022-12-14 16:00:00,0.174823611
2022-12-14 17:00:00,0.174783333
2022-12-14 18:00:00,0.174794444
2022-12-14 19:00:00,0.174848611
2022-12-14 20:00:00,0.174952778
2022-12-14 21:00:00,0.175072222
2022-12-14 22:00:00,0.175190278
2022-12-14 23:00:00,0.175323611
2022-12-15 00:00:00,0.175427778
2022-12-15 01:00:00,0.175511111
2022-12-15 02:00:00,0.175569444
2022-12-15 03:00:00,0.175568056
2022-12-15 04:00:00,0.175518056
2022-12-15 05:00:00,0.175411111
2022-12-15 06:00:00,0.175247222
2022-12-15 07:00:00,0.175009722
2022-12-15 08:00:00,0.174725
2022-12-15 09:00:00,0.174404167
2022-12-15 10:00:00,0.174058333
2022-12-15 11:00:00,0.173706944
2022-12-15 12:00:00,0.173383333
2022-12-15 13:00:00,0.173105556
2022-12-15 14:00:00,0.172877778
2022-12-15 15:00:00,0.172705556
2022-12-15 16:00:00,0.172536111
2022-12-15 17:00:00,0.172477778
2022-12-15 18:00:00,0.172475
2022-12-15 19:00:00,0.1726
2022-12-15 20:00:00,0.172830556
2022-12-15 21:00:00,0.173168056
2022-12-15 22:00:00,0.173611111
2022-12-15 23:00:00,0.174036111
2022-12-16 00:00:00,0.174427778
2022-12-16 01:00:00,0.174763889
2022-12-16 02:00:00,0.175068056
2022-12-16 03:00:00,0.175352778
2022-12-16 04:00:00,0.175672222
2022-12-16 05:00:00,0.175916667
2022-12-16 06:00:00,0.176001389
2022-12-16 07:00:00,0.176191667
2022-12-16 08:00:00,0.176306944
2022-12-16 09:00:00,0.176448611
2022-12-16 10:00:00,0.176569444
2022-12-16 11:00:00,0.176669444
2022-12-16 12:00:00,0.176790278
2022-12-16 13:00:00,0.176879167
2022-12-16 14:00:00,0.177038889
2022-12-16 15:00:00,0.177222222
2022-12-16 16:00:00,0.177490278
2022-12-16 17:00:00,0.1777625
2022-12-16 18:00:00,0.178069444
2022-12-16 19:00:00,0.178430556
2022-12-16 20:00:00,0.178773611
2022-12-16 21:00:00,0.179152778
2022-12-16 22:00:00,0.179555556
2022-12-16 23:00:00,0.179938889
2022-12-17 00:00:00,0.1802875
2022-12-17 01:00:00,0.1806
2022-12-17 02:00:00,0.180873611
2022-12-17 03:00:00,0.181098611
2022-12-17 04:00:00,0.181254167
2022-12-17 05:00:00,0.181361111
2022-12-17 06:00:00,0.181394444
2022-12-17 07:00:00,0.181359722
2022-12-17 08:00:00,0.18125
2022-12-17 09:00:00,0.181076389
2022-12-17 10:00:00,0.1808625
2022-12-17 11:00:00,0.180581944
2022-12-17 12:00:00,0.180273611
2022-12-17 13:00:00,0.179945833
2022-12-17 14:00:00,0.179648611
2022-12-17 15:00:00,0.179405556
2022-12-17 16:00:00,0.179211111
2022-12-17 17:00:00,0.179080556
2022-12-17 18:00:00,0.179015278
2022-12-17 19:00:00,0.179019444
2022-12-17 20:00:00,0.179106944
2022-12-17 21:00:00,0.179245833
2022-12-17 22:00:00,0.179419444
2022-12-17 23:00:00,0.179608333
2022-12-18 00:00:00,0.179815278
2022-12-18 01:00:00,0.180016667
2022-12-18 02:00:00,0.1802125
2022-12-18 03:00:00,0.180372222
2022-12-18 04:00:00,0.180490278
2022-12-18 05:00:00,0.18055
2022-12-18 06:00:00,0.180568056
2022-12-18 07:00:00,0.18055
2022-12-18 08:00:00,0.180491667
2022-12-18 09:00:00,0.180394444
2022-12-18 10:00:00,0.180258333
2022-12-18 11:00:00,0.180077778
2022-12-18 12:00:00,0.179856944
2022-12-18 13:00:00,0.179591667
2022-12-18 14:00:00,0.179309722
2022-12-18 15:00:00,0.179027778
2022-12-18 16:00:00,0.178758333
2022-12-18 17:00:00,0.1785125
2022-12-18 18:00:00,0.178315278
2022-12-18 19:00:00,0.1781625
2022-12-18 20:00:00,0.178058333
2022-12-18 21:00:00,0.177991667
2022-12-18 22:00:00,0.177966667
2022-12-18 23:00:00,0.177969444
2022-12-19 00:00:00,0.178006944
2022-12-19 01:00:00,0.178055556
2022-12-19 02:00:00,0.178144444
2022-12-19 03:00:00,0.178240278
2022-12-19 04:00:00,0.178356944
2022-12-19 05:00:00,0.178498611
2022-12-19 06:00:00,0.178630556
2022-12-19 07:00:00,0.178769444
2022-12-19 08:00:00,0.178901389
2022-12-19 09:00:00,0.179029167
2022-12-19 10:00:00,0.179155556
2022-12-19 11:00:00,0.179256944
2022-12-19 12:00:00,0.179359722
2022-12-19 13:00:00,0.179444444
2022-12-19 14:00:00,0.179527778
2022-12-19 15:00:00,0.179616667
2022-12-19 16:00:00,0.179705556
2022-12-19 17:00:00,0.179818056
2022-12-19 18:00:00,0.179954167
2022-12-19 19:00:00,0.180108333
2022-12-19 20:00:00,0.180295833
2022-12-19 21:00:00,0.180529167
2022-12-19 22:00:00,0.180773611
2022-12-19 23:00:00,0.1810375
2022-12-20 00:00:00,0.181319444
2022-12-20 01:00:00,0.181625
2022-12-20 02:00:00,0.181936111
2022-12-20 03:00:00,0.182244444
2022-12-20 04:00:00,0.182529167
2022-12-20 05:00:00,0.182816667
2022-12-20 06:00:00,0.183106944
2022-12-20 07:00:00,0.183394444
2022-12-20 08:00:00,0.1836625
2022-12-20 09:00:00,0.1839125
2022-12-20 10:00:00,0.184155556
2022-12-20 11:00:00,0.184369444
2022-12-20 12:00:00,0.184563889
2022-12-20 13:00:00,0.184697222
2022-12-20 14:00:00,0.184818056
2022-12-20 15:00:00,0.184869444
2022-12-20 16:00:00,0.184929167
2022-12-20 17:00:00,0.184883333
2022-12-20 18:00:00,0.184777778
2022-12-20 19:00:00,0.1846875
2022-12-20 20:00:00,0.184575
2022-12-20 21:00:00,0.184452778
2022-12-20 22:00:00,0.184344444
2022-12-20 23:00:00,0.1843
2022-12-21 00:00:00,0.184227778
2022-12-21 01:00:00,0.184211111
2022-12-21 02:00:00,0.184236111
2022-12-21 03:00:00,0.184263889
2022-12-21 04:00:00,0.184297222
2022-12-21 05:00:00,0.184355556
2022-12-21 06:00:00,0.184436111
2022-12-21 07:00:00,0.184519444
2022-12-21 08:00:00,0.1846125
2022-12-21 09:00:00,0.184688889
2022-12-21 10:00:00,0.184754167
2022-12-21 11:00:00,0.184808333
2022-12-21 12:00:00,0.184844444
2022-12-21 13:00:00,0.184847222
2022-12-21 14:00:00,0.184825
2022-12-21 15:00:00,0.184798611
2022-12-21 16:00:00,0.184723611
2022-12-21 17:00:00,0.1846125
2022-12-21 18:00:00,0.184479167
2022-12-21 19:00:00,0.184329167
2022-12-21 20:00:00,0.184163889
2022-12-21 21:00:00,0.183983333
2022-12-21 22:00:00,0.183806944
2022-12-21 23:00:00,0.1836375
2022-12-22 00:00:00,0.183466667
2022-12-22 01:00:00,0.183305556
2022-12-22 02:00:00,0.183145833
2022-12-22 03:00:00,0.182984722
2022-12-22 04:00:00,0.182834722
2022-12-22 05:00:00,0.182709722
2022-12-22 06:00:00,0.1825875
2022-12-22 07:00:00,0.182476389
2022-12-22 08:00:00,0.182359722
2022-12-22 09:00:00,0.182258333
2022-12-22 10:00:00,0.182154167
2022-12-22 11:00:00,0.182029167
2022-12-22 12:00:00,0.181897222
2022-12-22 13:00:00,0.181755556
2022-12-22 14:00:00,0.181598611
2022-12-22 15:00:00,0.181431944
2022-12-22 16:00:00,0.181255556
2022-12-22 17:00:00,0.181066667
2022-12-22 18:00:00,0.180873611
2022-12-22 19:00:00,0.180697222
2022-12-22 20:00:00,0.180525
2022-12-22 21:00:00,0.180341667
2022-12-22 22:00:00,0.180154167
2022-12-22 23:00:00,0.179973611
2022-12-23 00:00:00,0.179795833
2022-12-23 01:00:00,0.179622222
2022-12-23 02:00:00,0.1794625
2022-12-23 03:00:00,0.179322222
2022-12-23 04:00:00,0.179194444
2022-12-23 05:00:00,0.1790875
2022-12-23 06:00:00,0.179009722
2022-12-23 07:00:00,0.178954167
2022-12-23 08:00:00,0.178906944
2022-12-23 09:00:00,0.178863889
2022-12-23 10:00:00,0.178838889
2022-12-23 11:00:00,0.1788125
2022-12-23 12:00:00,0.178793056
2022-12-23 13:00:00,0.178769444
2022-12-23 14:00:00,0.178740278
2022-12-23 15:00:00,0.178715278
2022-12-23 16:00:00,0.178680556
2022-12-23 17:00:00,0.178633333
2022-12-23 18:00:00,0.178597222
2022-12-23 19:00:00,0.178552778
2022-12-23 20:00:00,0.178504167
2022-12-23 21:00:00,0.178468056
2022-12-23 22:00:00,0.178426389
2022-12-23 23:00:00,0.178372222
2022-12-24 00:00:00,0.178311111
2022-12-24 01:00:00,0.178254167
2022-12-24 02:00:00,0.178186111
2022-12-24 03:00:00,0.178118056
2022-12-24 04:00:00,0.178048611
2022-12-24 05:00:00,0.177988889
2022-12-24 06:00:00,0.177938889
2022-12-24 07:00:00,0.177898611
2022-12-24 08:00:00,0.177866667
2022-12-24 09:00:00,0.177848611
2022-12-24 10:00:00,0.177822222
2022-12-24 11:00:00,0.177802778
2022-12-24 12:00:00,0.177790278
2022-12-24 13:00:00,0.177780556
2022-12-24 14:00:00,0.177769444
2022-12-24 15:00:00,0.177756944
2022-12-24 16:00:00,0.177745833
2022-12-24 17:00:00,0.177741667
2022-12-24 18:00:00,0.1777375
2022-12-24 19:00:00,0.1777125
2022-12-24 20:00:00,0.177679167
2022-12-24 21:00:00,0.177638889
2022-12-24 22:00:00,0.177593056
2022-12-24 23:00:00,0.177558333
2022-12-25 00:00:00,0.1775
2022-12-25 01:00:00,0.177433333
2022-12-25 02:00:00,0.177345833
2022-12-25 03:00:00,0.177295833
2022-12-25 04:00:00,0.177240278
2022-12-25 05:00:00,0.177176389
2022-12-25 06:00:00,0.177126389
2022-12-25 07:00:00,0.1771
2022-12-25 08:00:00,0.177079167
2022-12-25 09:00:00,0.177093056
2022-12-25 10:00:00,0.177116667
2022-12-25 11:00:00,0.177143056
2022-12-25 12:00:00,0.177183333
2022-12-25 13:00:00,0.177231944
2022-12-25 14:00:00,0.177281944
2022-12-25 15:00:00,0.177319444
2022-12-25 16:00:00,0.177359722
2022-12-25 17:00:00,0.177402778
2022-12-25 18:00:00,0.177427778
2022-12-25 19:00:00,0.177444444
2022-12-25 20:00:00,0.177466667
2022-12-25 21:00:00,0.177454167
2022-12-25 22:00:00,0.177438889
2022-12-25 23:00:00,0.177415278
2022-12-26 00:00:00,0.177355556
2022-12-26 01:00:00,0.177268056
2022-12-26 02:00:00,0.177155556
2022-12-26 03:00:00,0.177054167
2022-12-26 04:00:00,0.176927778
2022-12-26 05:00:00,0.176806944
2022-12-26 06:00:00,0.1766625
2022-12-26 07:00:00,0.176497222
2022-12-26 08:00:00,0.176352778
2022-12-26 09:00:00,0.176216667
2022-12-26 10:00:00,0.176081944
2022-12-26 11:00:00,0.175952778
2022-12-26 12:00:00,0.175827778
2022-12-26 13:00:00,0.175729167
2022-12-26 14:00:00,0.175640278
2022-12-26 15:00:00,0.175572222
2022-12-26 16:00:00,0.175504167
2022-12-26 17:00:00,0.175456944
2022-12-26 18:00:00,0.175431944
2022-12-26 19:00:00,0.175418056
2022-12-26 20:00:00,0.175405556
2022-12-26 21:00:00,0.175404167
2022-12-26 22:00:00,0.175390278
2022-12-26 23:00:00,0.175358333
2022-12-27 00:00:00,0.175313889
2022-12-27 01:00:00,0.1752625
2022-12-27 02:00:00,0.175145833
2022-12-27 03:00:00,0.175011111
2022-12-27 04:00:00,0.174888889
2022-12-27 05:00:00,0.174738889
2022-12-27 06:00:00,0.174591667
2022-12-27 07:00:00,0.174448611
2022-12-27 08:00:00,0.174279167
2022-12-27 09:00:00,0.174123611
2022-12-27 10:00:00,0.173986111
2022-12-27 11:00:00,0.173863889
2022-12-27 12:00:00,0.173747222
2022-12-27 13:00:00,0.173663889
2022-12-27 14:00:00,0.173595833
2022-12-27 15:00:00,0.173534722
2022-12-27 16:00:00,0.173501389
2022-12-27 17:00:00,0.173498611
2022-12-27 18:00:00,0.173520833
2022-12-27 19:00:00,0.173563889
2022-12-27 20:00:00,0.173609722
2022-12-27 21:00:00,0.173684722
2022-12-27 22:00:00,0.173776389
2022-12-27 23:00:00,0.17385
2022-12-28 00:00:00,0.173908333
2022-12-28 01:00:00,0.173925
2022-12-28 02:00:00,0.173902778
2022-12-28 03:00:00,0.173848611
2022-12-28 04:00:00,0.173744444
2022-12-28 05:00:00,0.173620833
2022-12-28 06:00:00,0.173479167
2022-12-28 07:00:00,0.173333333
2022-12-28 08:00:00,0.173183333
2022-12-28 09:00:00,0.173005556
2022-12-28 10:00:00,0.172830556
2022-12-28 11:00:00,0.172668056
2022-12-28 12:00:00,0.172505556
2022-12-28 13:00:00,0.172351389
2022-12-28 14:00:00,0.172215278
2022-12-28 15:00:00,0.172063889
2022-12-28 16:00:00,0.171883333
2022-12-28 17:00:00,0.171745833
2022-12-28 18:00:00,0.171586111
2022-12-28 19:00:00,0.171434722
2022-12-28 20:00:00,0.171304167
2022-12-28 21:00:00,0.171231944
2022-12-28 22:00:00,0.171140278
2022-12-28 23:00:00,0.171036111
2022-12-29 00:00:00,0.170944444
2022-12-29 01:00:00,0.170833333
2022-12-29 02:00:00,0.170680556
2022-12-29 03:00:00,0.170475
2022-12-29 04:00:00,0.170208333
2022-12-29 05:00:00,0.169856944
2022-12-29 06:00:00,0.169393056
2022-12-29 07:00:00,0.168861111
2022-12-29 08:00:00,0.168295833
2022-12-29 09:00:00,0.167677778
2022-12-29 10:00:00,0.167036111
2022-12-29 11:00:00,0.166419444
2022-12-29 12:00:00,0.165736111
2022-12-29 13:00:00,0.165051389
2022-12-29 14:00:00,0.164427778
2022-12-29 15:00:00,0.163823611
2022-12-29 16:00:00,0.163280556
2022-12-29 17:00:00,0.162740278
2022-12-29 18:00:00,0.162231944
2022-12-29 19:00:00,0.161727778
2022-12-29 20:00:00,0.161190278
2022-12-29 21:00:00,0.160680556
2022-12-29 22:00:00,0.160141667
2022-12-29 23:00:00,0.159573611
2022-12-30 00:00:00,0.158973611
2022-12-30 01:00:00,0.158322222
2022-12-30 02:00:00,0.157626389
2022-12-30 03:00:00,0.156872222
2022-12-30 04:00:00,0.156025
2022-12-30 05:00:00,0.155052778
2022-12-30 06:00:00,0.154073611
2022-12-30 07:00:00,0.152973611
2022-12-30 08:00:00,0.151894444
2022-12-30 09:00:00,0.150870833
2022-12-30 10:00:00,0.149947222
2022-12-30 11:00:00,0.149026389
2022-12-30 12:00:00,0.148131944
2022-12-30 13:00:00,0.147304167
2022-12-30 14:00:00,0.146533333
2022-12-30 15:00:00,0.145823611
2022-12-30 16:00:00,0.145156944
2022-12-30 17:00:00,0.144565278
2022-12-30 18:00:00,0.144031944
2022-12-30 19:00:00,0.143529167
2022-12-30 20:00:00,0.143093056
2022-12-30 21:00:00,0.142688889
2022-12-30 22:00:00,0.142304167
2022-12-30 23:00:00,0.141945833
2022-12-31 00:00:00,0.141559722
2022-12-31 01:00:00,0.141143056
2022-12-31 02:00:00,0.140675
2022-12-31 03:00:00,0.140145833
2022-12-31 04:00:00,0.139575
2022-12-31 05:00:00,0.1389625
2022-12-31 06:00:00,0.138316667
2022-12-31 07:00:00,0.137641667
2022-12-31 08:00:00,0.136930556
2022-12-31 09:00:00,0.136225
2022-12-31 10:00:00,0.135516667
2022-12-31 11:00:00,0.1348375
2022-12-31 12:00:00,0.1342125
2022-12-31 13:00:00,0.133611111
2022-12-31 14:00:00,0.133048611
2022-12-31 15:00:00,0.132538889
2022-12-31 16:00:00,0.132090278
2022-12-31 17:00:00,0.1316875
2022-12-31 18:00:00,0.131358333
2022-12-31 19:00:00,0.131073611
2022-12-31 20:00:00,0.130816667
2022-12-31 21:00:00,0.130595833
2022-12-31 22:00:00,0.130379167
2022-12-31 23:00:00,0.130168056
2023-12-01 00:00:00,0.164240278
2023-12-01 01:00:00,0.163843056
2023-12-01 02:00:00,0.163454167
2023-12-01 03:00:00,0.163075
2023-12-01 04:00:00,0.162733333
2023-12-01 05:00:00,0.1624125
2023-12-01 06:00:00,0.162123611
2023-12-01 07:00:00,0.161856944
2023-12-01 08:00:00,0.161638889
2023-12-01 09:00:00,0.161481944
2023-12-01 10:00:00,0.161356944
2023-12-01 11:00:00,0.161233333
2023-12-01 12:00:00,0.161118056
2023-12-01 13:00:00,0.161013889
2023-12-01 14:00:00,0.160894444
2023-12-01 15:00:00,0.160781944
2023-12-01 16:00:00,0.160694444
2023-12-01 17:00:00,0.160627778
2023-12-01 18:00:00,0.160552778
2023-12-01 19:00:00,0.160493056
2023-12-01 20:00:00,0.160430556
2023-12-01 21:00:00,0.160343056
2023-12-01 22:00:00,0.160263889
2023-12-01 23:00:00,0.1601875
2023-12-02 00:00:00,0.160105556
2023-12-02 01:00:00,0.160036111
2023-12-02 02:00:00,0.159943056
2023-12-02 03:00:00,0.159855556
2023-12-02 04:00:00,0.159811111
2023-12-02 05:00:00,0.1597625
2023-12-02 06:00:00,0.159748611
2023-12-02 07:00:00,0.159781944
2023-12-02 08:00:00,0.159795833
2023-12-02 09:00:00,0.159886111
2023-12-02 10:00:00,0.160088889
2023-12-02 11:00:00,0.160293056
2023-12-02 12:00:00,0.160458333
2023-12-02 13:00:00,0.160654167
2023-12-02 14:00:00,0.1608875
2023-12-02 15:00:00,0.161104167
2023-12-02 16:00:00,0.161334722
2023-12-02 17:00:00,0.161561111
2023-12-02 18:00:00,0.161761111
2023-12-02 19:00:00,0.161958333
2023-12-02 20:00:00,0.1621125
2023-12-02 21:00:00,0.162227778
2023-12-02 22:00:00,0.162286111
2023-12-02 23:00:00,0.162323611
2023-12-03 00:00:00,0.162318056
2023-12-03 01:00:00,0.162269444
2023-12-03 02:00:00,0.162168056
2023-12-03 03:00:00,0.162020833
2023-12-03 04:00:00,0.161856944
2023-12-03 05:00:00,0.161661111
2023-12-03 06:00:00,0.161436111
2023-12-03 07:00:00,0.161194444
2023-12-03 08:00:00,0.160926389
2023-12-03 09:00:00,0.160622222
2023-12-03 10:00:00,0.160345833
2023-12-03 11:00:00,0.160098611
2023-12-03 12:00:00,0.159847222
2023-12-03 13:00:00,0.1596
2023-12-03 14:00:00,0.159375
2023-12-03 15:00:00,0.159176389
2023-12-03 16:00:00,0.158986111
2023-12-03 17:00:00,0.158858333
2023-12-03 18:00:00,0.158766667
2023-12-03 19:00:00,0.158679167
2023-12-03 20:00:00,0.158630556
2023-12-03 21:00:00,0.158626389
2023-12-03 22:00:00,0.158622222
2023-12-03 23:00:00,0.158604167
2023-12-04 00:00:00,0.158577778
2023-12-04 01:00:00,0.158515278
2023-12-04 02:00:00,0.158447222
2023-12-04 03:00:00,0.158330556
2023-12-04 04:00:00,0.1581375
2023-12-04 05:00:00,0.157895833
2023-12-04 06:00:00,0.157602778
2023-12-04 07:00:00,0.157254167
2023-12-04 08:00:00,0.156861111
2023-12-04 09:00:00,0.156433333
2023-12-04 10:00:00,0.155983333
2023-12-04 11:00:00,0.155515278
2023-12-04 12:00:00,0.155036111
2023-12-04 13:00:00,0.154572222
2023-12-04 14:00:00,0.154133333
2023-12-04 15:00:00,0.153765278
2023-12-04 16:00:00,0.153452778
2023-12-04 17:00:00,0.153201389
2023-12-04 18:00:00,0.153002778
2023-12-04 19:00:00,0.152855556
2023-12-04 20:00:00,0.152784722
2023-12-04 21:00:00,0.152763889
2023-12-04 22:00:00,0.152766667
2023-12-04 23:00:00,0.152777778
2023-12-05 00:00:00,0.152759722
2023-12-05 01:00:00,0.152706944
2023-12-05 02:00:00,0.152608333
2023-12-05 03:00:00,0.152461111
2023-12-05 04:00:00,0.152263889
2023-12-05 05:00:00,0.151981944
2023-12-05 06:00:00,0.151651389
2023-12-05 07:00:00,0.151261111
2023-12-05 08:00:00,0.150833333
2023-12-05 09:00:00,0.150365278
2023-12-05 10:00:00,0.149890278
2023-12-05 11:00:00,0.149415278
2023-12-05 12:00:00,0.148970833
2023-12-05 13:00:00,0.148584722
2023-12-05 14:00:00,0.148259722
2023-12-05 15:00:00,0.147995833
2023-12-05 16:00:00,0.147770833
2023-12-05 17:00:00,0.14755
2023-12-05 18:00:00,0.147401389
2023-12-05 19:00:00,0.147270833
2023-12-05 20:00:00,0.147140278
2023-12-05 21:00:00,0.147109722
2023-12-05 22:00:00,0.147138889
2023-12-05 23:00:00,0.1471375
2023-12-06 00:00:00,0.147075
2023-12-06 01:00:00,0.146954167
2023-12-06 02:00:00,0.146780556
2023-12-06 03:00:00,0.146551389
2023-12-06 04:00:00,0.146229167
2023-12-06 05:00:00,0.145831944
2023-12-06 06:00:00,0.145313889
2023-12-06 07:00:00,0.144704167
2023-12-06 08:00:00,0.143970833
2023-12-06 09:00:00,0.1432125
2023-12-06 10:00:00,0.142409722
2023-12-06 11:00:00,0.141518056
2023-12-06 12:00:00,0.140608333
2023-12-06 13:00:00,0.139747222
2023-12-06 14:00:00,0.138933333
2023-12-06 15:00:00,0.138144444
2023-12-06 16:00:00,0.137461111
2023-12-06 17:00:00,0.136879167
2023-12-06 18:00:00,0.136344444
2023-12-06 19:00:00,0.135929167
2023-12-06 20:00:00,0.135643056
2023-12-06 21:00:00,0.1354625
2023-12-06 22:00:00,0.135325
2023-12-06 23:00:00,0.135270833
2023-12-07 00:00:00,0.135294444
2023-12-07 01:00:00,0.135338889
2023-12-07 02:00:00,0.135380556
2023-12-07 03:00:00,0.135463889
2023-12-07 04:00:00,0.135511111
2023-12-07 05:00:00,0.135473611
2023-12-07 06:00:00,0.135377778
2023-12-07 07:00:00,0.135231944
2023-12-07 08:00:00,0.134993056
2023-12-07 09:00:00,0.134669444
2023-12-07 10:00:00,0.134318056
2023-12-07 11:00:00,0.133897222
2023-12-07 12:00:00,0.133448611
2023-12-07 13:00:00,0.133020833
2023-12-07 14:00:00,0.132606944
2023-12-07 15:00:00,0.132225
2023-12-07 16:00:00,0.131913889
2023-12-07 17:00:00,0.1316875
2023-12-07 18:00:00,0.131498611
2023-12-07 19:00:00,0.131404167
2023-12-07 20:00:00,0.1314
2023-12-07 21:00:00,0.131452778
2023-12-07 22:00:00,0.131533333
2023-12-07 23:00:00,0.1316625
2023-12-08 00:00:00,0.131823611
2023-12-08 01:00:00,0.131994444
2023-12-08 02:00:00,0.132154167
2023-12-08 03:00:00,0.132320833
2023-12-08 04:00:00,0.132459722
2023-12-08 05:00:00,0.132544444
2023-12-08 06:00:00,0.132615278
2023-12-08 07:00:00,0.132631944
2023-12-08 08:00:00,0.132579167
2023-12-08 09:00:00,0.132483333
2023-12-08 10:00:00,0.13235
2023-12-08 11:00:00,0.132152778
2023-12-08 12:00:00,0.131898611
2023-12-08 13:00:00,0.131576389
2023-12-08 14:00:00,0.131208333
2023-12-08 15:00:00,0.130834722
2023-12-08 16:00:00,0.130476389
2023-12-08 17:00:00,0.130148611
2023-12-08 18:00:00,0.129841667
2023-12-08 19:00:00,0.129606944
2023-12-08 20:00:00,0.129448611
2023-12-08 21:00:00,0.12935
2023-12-08 22:00:00,0.129305556
2023-12-08 23:00:00,0.129311111
2023-12-09 00:00:00,0.129333333
2023-12-09 01:00:00,0.129394444
2023-12-09 02:00:00,0.129468056
2023-12-09 03:00:00,0.129568056
2023-12-09 04:00:00,0.129683333
2023-12-09 05:00:00,0.129766667
2023-12-09 06:00:00,0.129873611
2023-12-09 07:00:00,0.129961111
2023-12-09 08:00:00,0.130041667
2023-12-09 09:00:00,0.130090278
2023-12-09 10:00:00,0.130108333
2023-12-09 11:00:00,0.130122222
2023-12-09 12:00:00,0.130095833
2023-12-09 13:00:00,0.130045833
2023-12-09 14:00:00,0.129958333
2023-12-09 15:00:00,0.129843056
2023-12-09 16:00:00,0.12975
2023-12-09 17:00:00,0.129704167
2023-12-09 18:00:00,0.129668056
2023-12-09 19:00:00,0.129645833
2023-12-09 20:00:00,0.129661111
2023-12-09 21:00:00,0.129734722
2023-12-09 22:00:00,0.129841667
2023-12-09 23:00:00,0.129970833
2023-12-10 00:00:00,0.130156944
2023-12-10 01:00:00,0.130395833
2023-12-10 02:00:00,0.1306625
2023-12-10 03:00:00,0.131015278
2023-12-10 04:00:00,0.1314125
2023-12-10 05:00:00,0.131858333
2023-12-10 06:00:00,0.132348611
2023-12-10 07:00:00,0.132877778
2023-12-10 08:00:00,0.133394444
2023-12-10 09:00:00,0.133980556
2023-12-10 10:00:00,0.134573611
2023-12-10 11:00:00,0.135180556
2023-12-10 12:00:00,0.135795833
2023-12-10 13:00:00,0.136352778
2023-12-10 14:00:00,0.136906944
2023-12-10 15:00:00,0.137386111
2023-12-10 16:00:00,0.137844444
2023-12-10 17:00:00,0.138272222
2023-12-10 18:00:00,0.138629167
2023-12-10 19:00:00,0.138956944
2023-12-10 20:00:00,0.1392625
2023-12-10 21:00:00,0.139533333
2023-12-10 22:00:00,0.139804167
2023-12-10 23:00:00,0.140106944
2023-12-11 00:00:00,0.140390278
2023-12-11 01:00:00,0.140701389
2023-12-11 02:00:00,0.1410125
2023-12-11 03:00:00,0.141305556
2023-12-11 04:00:00,0.141598611
2023-12-11 05:00:00,0.141898611
2023-12-11 06:00:00,0.142176389
2023-12-11 07:00:00,0.142418056
2023-12-11 08:00:00,0.142666667
2023-12-11 09:00:00,0.142898611
2023-12-11 10:00:00,0.143130556
2023-12-11 11:00:00,0.143319444
2023-12-11 12:00:00,0.143491667
2023-12-11 13:00:00,0.143615278
2023-12-11 14:00:00,0.143661111
2023-12-11 15:00:00,0.143665278
2023-12-11 16:00:00,0.143580556
2023-12-11 17:00:00,0.143454167
2023-12-11 18:00:00,0.143270833
2023-12-11 19:00:00,0.143055556
2023-12-11 20:00:00,0.1428125
2023-12-11 21:00:00,0.1425625
2023-12-11 22:00:00,0.142311111
2023-12-11 23:00:00,0.142030556
2023-12-12 00:00:00,0.141791667
2023-12-12 01:00:00,0.141598611
2023-12-12 02:00:00,0.141409722
2023-12-12 03:00:00,0.141241667
2023-12-12 04:00:00,0.141098611
2023-12-12 05:00:00,0.140997222
2023-12-12 06:00:00,0.140934722
2023-12-12 07:00:00,0.140908333
2023-12-12 08:00:00,0.140891667
2023-12-12 09:00:00,0.140873611
2023-12-12 10:00:00,0.140875
2023-12-12 11:00:00,0.140906944
2023-12-12 12:00:00,0.140918056
2023-12-12 13:00:00,0.140922222
2023-12-12 14:00:00,0.140926389
2023-12-12 15:00:00,0.140909722
2023-12-12 16:00:00,0.140884722
2023-12-12 17:00:00,0.140868056
2023-12-12 18:00:00,0.140816667
2023-12-12 19:00:00,0.140722222
2023-12-12 20:00:00,0.140655556
2023-12-12 21:00:00,0.140586111
2023-12-12 22:00:00,0.140495833
2023-12-12 23:00:00,0.140415278
2023-12-13 00:00:00,0.140322222
2023-12-13 01:00:00,0.14025
2023-12-13 02:00:00,0.140193056
2023-12-13 03:00:00,0.140141667
2023-12-13 04:00:00,0.140108333
2023-12-13 05:00:00,0.140102778
2023-12-13 06:00:00,0.140125
2023-12-13 07:00:00,0.140179167
2023-12-13 08:00:00,0.140276389
2023-12-13 09:00:00,0.140379167
2023-12-13 10:00:00,0.140506944
2023-12-13 11:00:00,0.140663889
2023-12-13 12:00:00,0.140836111
2023-12-13 13:00:00,0.141009722
2023-12-13 14:00:00,0.141184722
2023-12-13 15:00:00,0.141375
2023-12-13 16:00:00,0.141554167
2023-12-13 17:00:00,0.141704167
2023-12-13 18:00:00,0.141872222
2023-12-13 19:00:00,0.142025
2023-12-13 20:00:00,0.142154167
2023-12-13 21:00:00,0.1423
2023-12-13 22:00:00,0.142401389
2023-12-13 23:00:00,0.142497222
2023-12-14 00:00:00,0.142595833
2023-12-14 01:00:00,0.142690278
2023-12-14 02:00:00,0.142769444
2023-12-14 03:00:00,0.142829167
2023-12-14 04:00:00,0.142880556
2023-12-14 05:00:00,0.1429
2023-12-14 06:00:00,0.142909722
2023-12-14 07:00:00,0.142923611
2023-12-14 08:00:00,0.142947222
2023-12-14 09:00:00,0.142993056
2023-12-14 10:00:00,0.143027778
2023-12-14 11:00:00,0.143069444
2023-12-14 12:00:00,0.143105556
2023-12-14 13:00:00,0.143133333
2023-12-14 14:00:00,0.143169444
2023-12-14 15:00:00,0.143205556
2023-12-14 16:00:00,0.143259722
2023-12-14 17:00:00,0.143315278
2023-12-14 18:00:00,0.14335
2023-12-14 19:00:00,0.143331944
2023-12-14 20:00:00,0.143281944
2023-12-14 21:00:00,0.1432125
2023-12-14 22:00:00,0.14315
2023-12-14 23:00:00,0.14305
2023-12-15 00:00:00,0.142927778
2023-12-15 01:00:00,0.142793056
2023-12-15 02:00:00,0.142647222
2023-12-15 03:00:00,0.142472222
2023-12-15 04:00:00,0.142295833
2023-12-15 05:00:00,0.142108333
2023-12-15 06:00:00,0.141906944
2023-12-15 07:00:00,0.141686111
2023-12-15 08:00:00,0.141458333
2023-12-15 09:00:00,0.141238889
2023-12-15 10:00:00,0.141001389
2023-12-15 11:00:00,0.140768056
2023-12-15 12:00:00,0.140525
2023-12-15 13:00:00,0.140280556
2023-12-15 14:00:00,0.140054167
2023-12-15 15:00:00,0.139826389
2023-12-15 16:00:00,0.139613889
2023-12-15 17:00:00,0.139395833
2023-12-15 18:00:00,0.139169444
2023-12-15 19:00:00,0.138922222
2023-12-15 20:00:00,0.138651389
2023-12-15 21:00:00,0.138377778
2023-12-15 22:00:00,0.138073611
2023-12-15 23:00:00,0.137752778
2023-12-16 00:00:00,0.137423611
2023-12-16 01:00:00,0.137083333
2023-12-16 02:00:00,0.136701389
2023-12-16 03:00:00,0.136318056
2023-12-16 04:00:00,0.135923611
2023-12-16 05:00:00,0.135481944
2023-12-16 06:00:00,0.135058333
2023-12-16 07:00:00,0.1346125
2023-12-16 08:00:00,0.134115278
2023-12-16 09:00:00,0.133601389
2023-12-16 10:00:00,0.133061111
2023-12-16 11:00:00,0.132516667
2023-12-16 12:00:00,0.131968056
2023-12-16 13:00:00,0.131411111
2023-12-16 14:00:00,0.130841667
2023-12-16 15:00:00,0.130279167
2023-12-16 16:00:00,0.129726389
2023-12-16 17:00:00,0.129183333
2023-12-16 18:00:00,0.128638889
2023-12-16 19:00:00,0.1280375
2023-12-16 20:00:00,0.127561111
2023-12-16 21:00:00,0.127109722
2023-12-16 22:00:00,0.126619444
2023-12-16 23:00:00,0.126140278
2023-12-17 00:00:00,0.125675
2023-12-17 01:00:00,0.125205556
2023-12-17 02:00:00,0.124725
2023-12-17 03:00:00,0.124234722
2023-12-17 04:00:00,0.123725
2023-12-17 05:00:00,0.123190278
2023-12-17 06:00:00,0.122620833
2023-12-17 07:00:00,0.122061111
2023-12-17 08:00:00,0.121473611
2023-12-17 09:00:00,0.120859722
2023-12-17 10:00:00,0.120205556
2023-12-17 11:00:00,0.119561111
2023-12-17 12:00:00,0.118879167
2023-12-17 13:00:00,0.118209722
2023-12-17 14:00:00,0.117597222
2023-12-17 15:00:00,0.116951389
2023-12-17 16:00:00,0.116329167
2023-12-17 17:00:00,0.115725
2023-12-17 18:00:00,0.115179167
2023-12-17 19:00:00,0.114606944
2023-12-17 20:00:00,0.114083333
2023-12-17 21:00:00,0.113594444
2023-12-17 22:00:00,0.113118056
2023-12-17 23:00:00,0.112665278
2023-12-18 00:00:00,0.112198611
2023-12-18 01:00:00,0.111704167
2023-12-18 02:00:00,0.111175
2023-12-18 03:00:00,0.110630556
2023-12-18 04:00:00,0.110043056
2023-12-18 05:00:00,0.1094125
2023-12-18 06:00:00,0.108751389
2023-12-18 07:00:00,0.108030556
2023-12-18 08:00:00,0.107293056
2023-12-18 09:00:00,0.106583333
2023-12-18 10:00:00,0.105861111
2023-12-18 11:00:00,0.105144444
2023-12-18 12:00:00,0.104447222
2023-12-18 13:00:00,0.103780556
2023-12-18 14:00:00,0.103140278
2023-12-18 15:00:00,0.102566667
2023-12-18 16:00:00,0.102054167
2023-12-18 17:00:00,0.101594444
2023-12-18 18:00:00,0.101204167
2023-12-18 19:00:00,0.100883333
2023-12-18 20:00:00,0.100641667
2023-12-18 21:00:00,0.100451389
2023-12-18 22:00:00,0.100306944
2023-12-18 23:00:00,0.100183333
2023-12-19 00:00:00,0.100054167
2023-12-19 01:00:00,0.099906944
2023-12-19 02:00:00,0.099719444
2023-12-19 03:00:00,0.099469444
2023-12-19 04:00:00,0.099165278
2023-12-19 05:00:00,0.098825
2023-12-19 06:00:00,0.098465278
2023-12-19 07:00:00,0.098051389
2023-12-19 08:00:00,0.097608333
2023-12-19 09:00:00,0.097173611
2023-12-19 10:00:00,0.096761111
2023-12-19 11:00:00,0.096358333
2023-12-19 12:00:00,0.095956944
2023-12-19 13:00:00,0.095625
2023-12-19 14:00:00,0.095336111
2023-12-19 15:00:00,0.095075
2023-12-19 16:00:00,0.094915278
2023-12-19 17:00:00,0.094833333
2023-12-19 18:00:00,0.094773611
2023-12-19 19:00:00,0.094758333
2023-12-19 20:00:00,0.094804167
2023-12-19 21:00:00,0.094870833
2023-12-19 22:00:00,0.094929167
2023-12-19 23:00:00,0.095081944
2023-12-20 00:00:00,0.095131944
2023-12-20 01:00:00,0.095191667
2023-12-20 02:00:00,0.095238889
2023-12-20 03:00:00,0.095225
2023-12-20 04:00:00,0.095151389
2023-12-20 05:00:00,0.095033333
2023-12-20 06:00:00,0.094913889
2023-12-20 07:00:00,0.094758333
2023-12-20 08:00:00,0.094606944
2023-12-20 09:00:00,0.094486111
2023-12-20 10:00:00,0.094376389
2023-12-20 11:00:00,0.0942875
2023-12-20 12:00:00,0.094229167
2023-12-20 13:00:00,0.0941875
2023-12-20 14:00:00,0.094158333
2023-12-20 15:00:00,0.094152778
2023-12-20 16:00:00,0.094169444
2023-12-20 17:00:00,0.094219444
2023-12-20 18:00:00,0.094291667
2023-12-20 19:00:00,0.094379167
2023-12-20 20:00:00,0.094498611
2023-12-20 21:00:00,0.094630556
2023-12-20 22:00:00,0.094763889
2023-12-20 23:00:00,0.094909722
2023-12-21 00:00:00,0.095047222
2023-12-21 01:00:00,0.095154167
2023-12-21 02:00:00,0.095219444
2023-12-21 03:00:00,0.095225
2023-12-21 04:00:00,0.095180556
2023-12-21 05:00:00,0.0951
2023-12-21 06:00:00,0.0949875
2023-12-21 07:00:00,0.094844444
2023-12-21 08:00:00,0.094688889
2023-12-21 09:00:00,0.094529167
2023-12-21 10:00:00,0.094376389
2023-12-21 11:00:00,0.0942625
2023-12-21 12:00:00,0.094205556
2023-12-21 13:00:00,0.094209722
2023-12-21 14:00:00,0.094256944
2023-12-21 15:00:00,0.094352778
2023-12-21 16:00:00,0.094472222
2023-12-21 17:00:00,0.094681944
2023-12-21 18:00:00,0.095001389
2023-12-21 19:00:00,0.0953375
2023-12-21 20:00:00,0.095713889
2023-12-21 21:00:00,0.0961625
2023-12-21 22:00:00,0.096618056
2023-12-21 23:00:00,0.097098611
2023-12-22 00:00:00,0.097611111
2023-12-22 01:00:00,0.098140278
2023-12-22 02:00:00,0.098705556
2023-12-22 03:00:00,0.099286111
2023-12-22 04:00:00,0.099830556
2023-12-22 05:00:00,0.1004625
2023-12-22 06:00:00,0.101045833
2023-12-22 07:00:00,0.101656944
2023-12-22 08:00:00,0.102141667
2023-12-22 09:00:00,0.102538889
2023-12-22 10:00:00,0.102927778
2023-12-22 11:00:00,0.103220833
2023-12-22 12:00:00,0.103531944
2023-12-22 13:00:00,0.103809722
2023-12-22 14:00:00,0.104006944
2023-12-22 15:00:00,0.104218056
2023-12-22 16:00:00,0.104422222
2023-12-22 17:00:00,0.104656944
2023-12-22 18:00:00,0.104909722
2023-12-22 19:00:00,0.105206944
2023-12-22 20:00:00,0.105515278
2023-12-22 21:00:00,0.105873611
2023-12-22 22:00:00,0.1062875
2023-12-22 23:00:00,0.106677778
2023-12-23 00:00:00,0.107083333
2023-12-23 01:00:00,0.107476389
2023-12-23 02:00:00,0.107847222
2023-12-23 03:00:00,0.108184722
2023-12-23 04:00:00,0.108473611
2023-12-23 05:00:00,0.108731944
2023-12-23 06:00:00,0.108945833
2023-12-23 07:00:00,0.109105556
2023-12-23 08:00:00,0.109238889
2023-12-23 09:00:00,0.109318056
2023-12-23 10:00:00,0.109327778
2023-12-23 11:00:00,0.109293056
2023-12-23 12:00:00,0.109198611
2023-12-23 13:00:00,0.109029167
2023-12-23 14:00:00,0.108809722
2023-12-23 15:00:00,0.108576389
2023-12-23 16:00:00,0.108297222
2023-12-23 17:00:00,0.108011111
2023-12-23 18:00:00,0.107759722
2023-12-23 19:00:00,0.107536111
2023-12-23 20:00:00,0.107302778
2023-12-23 21:00:00,0.107076389
2023-12-23 22:00:00,0.106859722
2023-12-23 23:00:00,0.106665278
2023-12-24 00:00:00,0.106477778
2023-12-24 01:00:00,0.106277778
2023-12-24 02:00:00,0.10605
2023-12-24 03:00:00,0.105784722
2023-12-24 04:00:00,0.105501389
2023-12-24 05:00:00,0.105151389
2023-12-24 06:00:00,0.104759722
2023-12-24 07:00:00,0.104368056
2023-12-24 08:00:00,0.103936111
2023-12-24 09:00:00,0.103484722
2023-12-24 10:00:00,0.103052778
2023-12-24 11:00:00,0.102591667
2023-12-24 12:00:00,0.102116667
2023-12-24 13:00:00,0.101644444
2023-12-24 14:00:00,0.101177778
2023-12-24 15:00:00,0.100781944
2023-12-24 16:00:00,0.100413889
2023-12-24 17:00:00,0.100125
2023-12-24 18:00:00,0.0999125
2023-12-24 19:00:00,0.099730556
2023-12-24 20:00:00,0.099581944
2023-12-24 21:00:00,0.099476389
2023-12-24 22:00:00,0.099416667
2023-12-24 23:00:00,0.099380556
2023-12-25 00:00:00,0.099420833
2023-12-25 01:00:00,0.099522222
2023-12-25 02:00:00,0.099636111
2023-12-25 03:00:00,0.099816667
2023-12-25 04:00:00,0.100058333
2023-12-25 05:00:00,0.100298611
2023-12-25 06:00:00,0.100588889
2023-12-25 07:00:00,0.100975
2023-12-25 08:00:00,0.101325
2023-12-25 09:00:00,0.101691667
2023-12-25 10:00:00,0.102113889
2023-12-25 11:00:00,0.102490278
2023-12-25 12:00:00,0.102880556
2023-12-25 13:00:00,0.103259722
2023-12-25 14:00:00,0.103722222
2023-12-25 15:00:00,0.103905556
2023-12-25 16:00:00,0.1042375
2023-12-25 17:00:00,0.104554167
2023-12-25 18:00:00,0.104669444
2023-12-25 19:00:00,0.104769444
2023-12-25 20:00:00,0.104894444
2023-12-25 21:00:00,0.1051375
2023-12-25 22:00:00,0.105277778
2023-12-25 23:00:00,0.1055125
2023-12-26 00:00:00,0.105698611
2023-12-26 01:00:00,0.105947222
2023-12-26 02:00:00,0.106229167
2023-12-26 03:00:00,0.106470833
2023-12-26 04:00:00,0.106636111
2023-12-26 05:00:00,0.1068375
2023-12-26 06:00:00,0.107051389
2023-12-26 07:00:00,0.107225
2023-12-26 08:00:00,0.107381944
2023-12-26 09:00:00,0.1075375
2023-12-26 10:00:00,0.107704167
2023-12-26 11:00:00,0.107861111
2023-12-26 12:00:00,0.107990278
2023-12-26 13:00:00,0.108098611
2023-12-26 14:00:00,0.108188889
2023-12-26 15:00:00,0.108270833
2023-12-26 16:00:00,0.108336111
2023-12-26 17:00:00,0.1083875
2023-12-26 18:00:00,0.108429167
2023-12-26 19:00:00,0.108458333
2023-12-26 20:00:00,0.108493056
2023-12-26 21:00:00,0.108520833
2023-12-26 22:00:00,0.108495833
2023-12-26 23:00:00,0.108493056
2023-12-27 00:00:00,0.108497222
2023-12-27 01:00:00,0.108544444
2023-12-27 02:00:00,0.108609722
2023-12-27 03:00:00,0.108675
2023-12-27 04:00:00,0.108768056
2023-12-27 05:00:00,0.1088875
2023-12-27 06:00:00,0.109051389
2023-12-27 07:00:00,0.109247222
2023-12-27 08:00:00,0.109427778
2023-12-27 09:00:00,0.1096125
2023-12-27 10:00:00,0.109797222
2023-12-27 11:00:00,0.109966667
2023-12-27 12:00:00,0.110116667
2023-12-27 13:00:00,0.110245833
2023-12-27 14:00:00,0.110352778
2023-12-27 15:00:00,0.110425
2023-12-27 16:00:00,0.110491667
2023-12-27 17:00:00,0.110518056
2023-12-27 18:00:00,0.110495833
2023-12-27 19:00:00,0.110469444
2023-12-27 20:00:00,0.110463889
2023-12-27 21:00:00,0.110444444
2023-12-27 22:00:00,0.110420833
2023-12-27 23:00:00,0.110422222
2023-12-28 00:00:00,0.110447222
2023-12-28 01:00:00,0.110508333
2023-12-28 02:00:00,0.1106
2023-12-28 03:00:00,0.110709722
2023-12-28 04:00:00,0.110883333
2023-12-28 05:00:00,0.111116667
2023-12-28 06:00:00,0.111416667
2023-12-28 07:00:00,0.111801389
2023-12-28 08:00:00,0.112220833
2023-12-28 09:00:00,0.112638889
2023-12-28 10:00:00,0.113094444
2023-12-28 11:00:00,0.113561111
2023-12-28 12:00:00,0.1140375
2023-12-28 13:00:00,0.114490278
2023-12-28 14:00:00,0.114925
2023-12-28 15:00:00,0.115369444
2023-12-28 16:00:00,0.115813889
2023-12-28 17:00:00,0.116277778
2023-12-28 18:00:00,0.116704167
2023-12-28 19:00:00,0.117127778
2023-12-28 20:00:00,0.117477778
2023-12-28 21:00:00,0.117861111
2023-12-28 22:00:00,0.118252778
2023-12-28 23:00:00,0.118659722
2023-12-29 00:00:00,0.1190125
2023-12-29 01:00:00,0.119356944
2023-12-29 02:00:00,0.119669444
2023-12-29 03:00:00,0.119972222
2023-12-29 04:00:00,0.120251389
2023-12-29 05:00:00,0.120472222
2023-12-29 06:00:00,0.120683333
2023-12-29 07:00:00,0.120855556
2023-12-29 08:00:00,0.120952778
2023-12-29 09:00:00,0.121073611
2023-12-29 10:00:00,0.121165278
2023-12-29 11:00:00,0.121234722
2023-12-29 12:00:00,0.121318056
2023-12-29 13:00:00,0.121402778
2023-12-29 14:00:00,0.121456944
2023-12-29 15:00:00,0.121498611
2023-12-29 16:00:00,0.121548611
2023-12-29 17:00:00,0.121601389
2023-12-29 18:00:00,0.121630556
2023-12-29 19:00:00,0.121615278
2023-12-29 20:00:00,0.121588889
2023-12-29 21:00:00,0.121520833
2023-12-29 22:00:00,0.121436111
2023-12-29 23:00:00,0.121336111
2023-12-30 00:00:00,0.121209722
2023-12-30 01:00:00,0.121054167
2023-12-30 02:00:00,0.120893056
2023-12-30 03:00:00,0.120706944
2023-12-30 04:00:00,0.120515278
2023-12-30 05:00:00,0.120313889
2023-12-30 06:00:00,0.120131944
2023-12-30 07:00:00,0.119968056
2023-12-30 08:00:00,0.119819444
2023-12-30 09:00:00,0.119716667
2023-12-30 10:00:00,0.119630556
2023-12-30 11:00:00,0.119531944
2023-12-30 12:00:00,0.119422222
2023-12-30 13:00:00,0.119320833
2023-12-30 14:00:00,0.119215278
2023-12-30 15:00:00,0.119120833
2023-12-30 16:00:00,0.119
2023-12-30 17:00:00,0.118855556
2023-12-30 18:00:00,0.118698611
2023-12-30 19:00:00,0.118494444
2023-12-30 20:00:00,0.118247222
2023-12-30 21:00:00,0.1179625
2023-12-30 22:00:00,0.117654167
2023-12-30 23:00:00,0.117313889
2023-12-31 00:00:00,0.116952778
2023-12-31 01:00:00,0.116580556
2023-12-31 02:00:00,0.116181944
2023-12-31 03:00:00,0.115779167
2023-12-31 04:00:00,0.115341667
2023-12-31 05:00:00,0.114891667
2023-12-31 06:00:00,0.114441667
2023-12-31 07:00:00,0.114009722
2023-12-31 08:00:00,0.113619444
2023-12-31 09:00:00,0.113245833
2023-12-31 10:00:00,0.112901389
2023-12-31 11:00:00,0.112581944
2023-12-31 12:00:00,0.112270833
2023-12-31 13:00:00,0.111973611
2023-12-31 14:00:00,0.111705556
2023-12-31 15:00:00,0.111441667
2023-12-31 16:00:00,0.111201389
2023-12-31 17:00:00,0.110975
2023-12-31 18:00:00,0.110791667
2023-12-31 19:00:00,0.1106375
2023-12-31 20:00:00,0.110494444
2023-12-31 21:00:00,0.110345833
2023-12-31 22:00:00,0.110202778
2023-12-31 23:00:00,0.110051389
2024-12-01 00:00:00,0.098745833
2024-12-01 01:00:00,0.098322222
2024-12-01 02:00:00,0.097926389
2024-12-01 03:00:00,0.097566667
2024-12-01 04:00:00,0.097240278
2024-12-01 05:00:00,0.096938889
2024-12-01 06:00:00,0.096669444
2024-12-01 07:00:00,0.09645
2024-12-01 08:00:00,0.09625
2024-12-01 09:00:00,0.09605
2024-12-01 10:00:00,0.095861111
2024-12-01 11:00:00,0.095686111
2024-12-01 12:00:00,0.0955
2024-12-01 13:00:00,0.095284722
2024-12-01 14:00:00,0.09505
2024-12-01 15:00:00,0.094806944
2024-12-01 16:00:00,0.094534722
2024-12-01 17:00:00,0.094216667
2024-12-01 18:00:00,0.093843056
2024-12-01 19:00:00,0.093447222
2024-12-01 20:00:00,0.093020833
2024-12-01 21:00:00,0.092602778
2024-12-01 22:00:00,0.092172222
2024-12-01 23:00:00,0.091711111
2024-12-02 00:00:00,0.091269444
2024-12-02 01:00:00,0.090841667
2024-12-02 02:00:00,0.090413889
2024-12-02 03:00:00,0.090008333
2024-12-02 04:00:00,0.089616667
2024-12-02 05:00:00,0.089243056
2024-12-02 06:00:00,0.088902778
2024-12-02 07:00:00,0.088591667
2024-12-02 08:00:00,0.088322222
2024-12-02 09:00:00,0.088070833
2024-12-02 10:00:00,0.087822222
2024-12-02 11:00:00,0.087583333
2024-12-02 12:00:00,0.0873375
2024-12-02 13:00:00,0.087091667
2024-12-02 14:00:00,0.086836111
2024-12-02 15:00:00,0.086579167
2024-12-02 16:00:00,0.086320833
2024-12-02 17:00:00,0.086051389
2024-12-02 18:00:00,0.0857625
2024-12-02 19:00:00,0.085459722
2024-12-02 20:00:00,0.085113889
2024-12-02 21:00:00,0.084748611
2024-12-02 22:00:00,0.084373611
2024-12-02 23:00:00,0.083991667
2024-12-03 00:00:00,0.083605556
2024-12-03 01:00:00,0.083191667
2024-12-03 02:00:00,0.082768056
2024-12-03 03:00:00,0.082347222
2024-12-03 04:00:00,0.081929167
2024-12-03 05:00:00,0.081501389
2024-12-03 06:00:00,0.081070833
2024-12-03 07:00:00,0.080638889
2024-12-03 08:00:00,0.080218056
2024-12-03 09:00:00,0.079823611
2024-12-03 10:00:00,0.07945
2024-12-03 11:00:00,0.079069444
2024-12-03 12:00:00,0.0786875
2024-12-03 13:00:00,0.078293056
2024-12-03 14:00:00,0.0779
2024-12-03 15:00:00,0.077508333
2024-12-03 16:00:00,0.077116667
2024-12-03 17:00:00,0.076722222
2024-12-03 18:00:00,0.076336111
2024-12-03 19:00:00,0.075916667
2024-12-03 20:00:00,0.075515278
2024-12-03 21:00:00,0.075115278
2024-12-03 22:00:00,0.074706944
2024-12-03 23:00:00,0.074295833
2024-12-04 00:00:00,0.073873611
2024-12-04 01:00:00,0.073447222
2024-12-04 02:00:00,0.073
2024-12-04 03:00:00,0.072526389
2024-12-04 04:00:00,0.072027778
2024-12-04 05:00:00,0.071526389
2024-12-04 06:00:00,0.071016667
2024-12-04 07:00:00,0.070490278
2024-12-04 08:00:00,0.069922222
2024-12-04 09:00:00,0.0693125
2024-12-04 10:00:00,0.068704167
2024-12-04 11:00:00,0.068091667
2024-12-04 12:00:00,0.067458333
2024-12-04 13:00:00,0.066823611
2024-12-04 14:00:00,0.066177778
2024-12-04 15:00:00,0.065531944
2024-12-04 16:00:00,0.064872222
2024-12-04 17:00:00,0.064215278
2024-12-04 18:00:00,0.0635125
2024-12-04 19:00:00,0.062747222
2024-12-04 20:00:00,0.062056944
2024-12-04 21:00:00,0.061343056
2024-12-04 22:00:00,0.060625
2024-12-04 23:00:00,0.059952778
2024-12-05 00:00:00,0.059222222
2024-12-05 01:00:00,0.058502778
2024-12-05 02:00:00,0.057784722
2024-12-05 03:00:00,0.057033333
2024-12-05 04:00:00,0.05625
2024-12-05 05:00:00,0.055456944
2024-12-05 06:00:00,0.054643056
2024-12-05 07:00:00,0.053783333
2024-12-05 08:00:00,0.052920833
2024-12-05 09:00:00,0.052094444
2024-12-05 10:00:00,0.051277778
2024-12-05 11:00:00,0.050488889
2024-12-05 12:00:00,0.049686111
2024-12-05 13:00:00,0.048906944
2024-12-05 14:00:00,0.048154167
2024-12-05 15:00:00,0.047431944
2024-12-05 16:00:00,0.046743056
2024-12-05 17:00:00,0.04605
2024-12-05 18:00:00,0.045418056
2024-12-05 19:00:00,0.044847222
2024-12-05 20:00:00,0.044298611
2024-12-05 21:00:00,0.043811111
2024-12-05 22:00:00,0.043401389
2024-12-05 23:00:00,0.043025
2024-12-06 00:00:00,0.042661111
2024-12-06 01:00:00,0.042298611
2024-12-06 02:00:00,0.041941667
2024-12-06 03:00:00,0.041555556
2024-12-06 04:00:00,0.041173611
2024-12-06 05:00:00,0.040730556
2024-12-06 06:00:00,0.040205556
2024-12-06 07:00:00,0.039643056
2024-12-06 08:00:00,0.039073611
2024-12-06 09:00:00,0.038511111
2024-12-06 10:00:00,0.037956944
2024-12-06 11:00:00,0.037426389
2024-12-06 12:00:00,0.036944444
2024-12-06 13:00:00,0.036502778
2024-12-06 14:00:00,0.036118056
2024-12-06 15:00:00,0.0358
2024-12-06 16:00:00,0.035548611
2024-12-06 17:00:00,0.035373611
2024-12-06 18:00:00,0.035241667
2024-12-06 19:00:00,0.035159722
2024-12-06 20:00:00,0.035147222
2024-12-06 21:00:00,0.035191667
2024-12-06 22:00:00,0.0352875
2024-12-06 23:00:00,0.035397222
2024-12-07 00:00:00,0.035480556
2024-12-07 01:00:00,0.035522222
2024-12-07 02:00:00,0.035516667
2024-12-07 03:00:00,0.035469444
2024-12-07 04:00:00,0.035348611
2024-12-07 05:00:00,0.035166667
2024-12-07 06:00:00,0.034940278
2024-12-07 07:00:00,0.034681944
2024-12-07 08:00:00,0.034413889
2024-12-07 09:00:00,0.034123611
2024-12-07 10:00:00,0.033819444
2024-12-07 11:00:00,0.033516667
2024-12-07 12:00:00,0.033223611
2024-12-07 13:00:00,0.032959722
2024-12-07 14:00:00,0.032748611
2024-12-07 15:00:00,0.032579167
2024-12-07 16:00:00,0.032476389
2024-12-07 17:00:00,0.032419444
2024-12-07 18:00:00,0.032419444
2024-12-07 19:00:00,0.032473611
2024-12-07 20:00:00,0.032568056
2024-12-07 21:00:00,0.032693056
2024-12-07 22:00:00,0.032851389
2024-12-07 23:00:00,0.033004167
2024-12-08 00:00:00,0.033140278
2024-12-08 01:00:00,0.033280556
2024-12-08 02:00:00,0.033395833
2024-12-08 03:00:00,0.033456944
2024-12-08 04:00:00,0.033466667
2024-12-08 05:00:00,0.033409722
2024-12-08 06:00:00,0.033281944
2024-12-08 07:00:00,0.033106944
2024-12-08 08:00:00,0.032890278
2024-12-08 09:00:00,0.032641667
2024-12-08 10:00:00,0.032372222
2024-12-08 11:00:00,0.0320875
2024-12-08 12:00:00,0.031822222
2024-12-08 13:00:00,0.031577778
2024-12-08 14:00:00,0.0313625
2024-12-08 15:00:00,0.031186111
2024-12-08 16:00:00,0.031055556
2024-12-08 17:00:00,0.030966667
2024-12-08 18:00:00,0.030902778
2024-12-08 19:00:00,0.030904167
2024-12-08 20:00:00,0.030944444
2024-12-08 21:00:00,0.031006944
2024-12-08 22:00:00,0.031088889
2024-12-08 23:00:00,0.031177778
2024-12-09 00:00:00,0.031259722
2024-12-09 01:00:00,0.031316667
2024-12-09 02:00:00,0.031345833
2024-12-09 03:00:00,0.031341667
2024-12-09 04:00:00,0.031276389
2024-12-09 05:00:00,0.031138889
2024-12-09 06:00:00,0.030943056
2024-12-09 07:00:00,0.030688889
2024-12-09 08:00:00,0.030383333
2024-12-09 09:00:00,0.030034722
2024-12-09 10:00:00,0.029661111
2024-12-09 11:00:00,0.029265278
2024-12-09 12:00:00,0.028866667
2024-12-09 13:00:00,0.028477778
2024-12-09 14:00:00,0.028088889
2024-12-09 15:00:00,0.027751389
2024-12-09 16:00:00,0.027463889
2024-12-09 17:00:00,0.027236111
2024-12-09 18:00:00,0.027034722
2024-12-09 19:00:00,0.026890278
2024-12-09 20:00:00,0.026791667
2024-12-09 21:00:00,0.026715278
2024-12-09 22:00:00,0.026673611
2024-12-09 23:00:00,0.026651389
2024-12-10 00:00:00,0.026627778
2024-12-10 01:00:00,0.026618056
2024-12-10 02:00:00,0.026583333
2024-12-10 03:00:00,0.026520833
2024-12-10 04:00:00,0.026425
2024-12-10 05:00:00,0.026308333
2024-12-10 06:00:00,0.026151389
2024-12-10 07:00:00,0.02595
2024-12-10 08:00:00,0.025729167
2024-12-10 09:00:00,0.025488889
2024-12-10 10:00:00,0.025236111
2024-12-10 11:00:00,0.024969444
2024-12-10 12:00:00,0.024697222
2024-12-10 13:00:00,0.024416667
2024-12-10 14:00:00,0.024158333
2024-12-10 15:00:00,0.023918056
2024-12-10 16:00:00,0.023693056
2024-12-10 17:00:00,0.023495833
2024-12-10 18:00:00,0.0233375
2024-12-10 19:00:00,0.023213889
2024-12-10 20:00:00,0.023119444
2024-12-10 21:00:00,0.023056944
2024-12-10 22:00:00,0.023005556
2024-12-10 23:00:00,0.022993056
2024-12-11 00:00:00,0.022976389
2024-12-11 01:00:00,0.022947222
2024-12-11 02:00:00,0.022934722
2024-12-11 03:00:00,0.022911111
2024-12-11 04:00:00,0.0228875
2024-12-11 05:00:00,0.022858333
2024-12-11 06:00:00,0.022786111
2024-12-11 07:00:00,0.022693056
2024-12-11 08:00:00,0.022570833
2024-12-11 09:00:00,0.022405556
2024-12-11 10:00:00,0.022238889
2024-12-11 11:00:00,0.0220875
2024-12-11 12:00:00,0.021927778
2024-12-11 13:00:00,0.021776389
2024-12-11 14:00:00,0.021616667
2024-12-11 15:00:00,0.021469444
2024-12-11 16:00:00,0.021369444
2024-12-11 17:00:00,0.021319444
2024-12-11 18:00:00,0.021309722
2024-12-11 19:00:00,0.021356944
2024-12-11 20:00:00,0.021451389
2024-12-11 21:00:00,0.021566667
2024-12-11 22:00:00,0.021705556
2024-12-11 23:00:00,0.021875
2024-12-12 00:00:00,0.022066667
2024-12-12 01:00:00,0.022245833
2024-12-12 02:00:00,0.022458333
2024-12-12 03:00:00,0.0226625
2024-12-12 04:00:00,0.022858333
2024-12-12 05:00:00,0.023068056
2024-12-12 06:00:00,0.023265278
2024-12-12 07:00:00,0.023430556
2024-12-12 08:00:00,0.023583333
2024-12-12 09:00:00,0.023719444
2024-12-12 10:00:00,0.023825
2024-12-12 11:00:00,0.023891667
2024-12-12 12:00:00,0.023954167
2024-12-12 13:00:00,0.023981944
2024-12-12 14:00:00,0.023998611
2024-12-12 15:00:00,0.024009722
2024-12-12 16:00:00,0.023975
2024-12-12 17:00:00,0.023956944
2024-12-12 18:00:00,0.023958333
2024-12-12 19:00:00,0.023984722
2024-12-12 20:00:00,0.023995833
2024-12-12 21:00:00,0.024070833
2024-12-12 22:00:00,0.024151389
2024-12-12 23:00:00,0.024268056
2024-12-13 00:00:00,0.024397222
2024-12-13 01:00:00,0.0245375
2024-12-13 02:00:00,0.024704167
2024-12-13 03:00:00,0.024880556
2024-12-13 04:00:00,0.025063889
2024-12-13 05:00:00,0.025225
2024-12-13 06:00:00,0.025377778
2024-12-13 07:00:00,0.025508333
2024-12-13 08:00:00,0.025609722
2024-12-13 09:00:00,0.0257125
2024-12-13 10:00:00,0.025790278
2024-12-13 11:00:00,0.025825
2024-12-13 12:00:00,0.025858333
2024-12-13 13:00:00,0.025865278
2024-12-13 14:00:00,0.025840278
2024-12-13 15:00:00,0.025734722
2024-12-13 16:00:00,0.025643056
2024-12-13 17:00:00,0.025570833
2024-12-13 18:00:00,0.025476389
2024-12-13 19:00:00,0.025391667
2024-12-13 20:00:00,0.025309722
2024-12-13 21:00:00,0.025261111
2024-12-13 22:00:00,0.025230556
2024-12-13 23:00:00,0.025270833
2024-12-14 00:00:00,0.025376389
2024-12-14 01:00:00,0.025504167
2024-12-14 02:00:00,0.025684722
2024-12-14 03:00:00,0.025897222
2024-12-14 04:00:00,0.026175
2024-12-14 05:00:00,0.026473611
2024-12-14 06:00:00,0.026795833
2024-12-14 07:00:00,0.0271625
2024-12-14 08:00:00,0.0275375
2024-12-14 09:00:00,0.027918056
2024-12-14 10:00:00,0.028331944
2024-12-14 11:00:00,0.028715278
2024-12-14 12:00:00,0.029072222
2024-12-14 13:00:00,0.029376389
2024-12-14 14:00:00,0.029673611
2024-12-14 15:00:00,0.029926389
2024-12-14 16:00:00,0.030188889
2024-12-14 17:00:00,0.030336111
2024-12-14 18:00:00,0.030525
2024-12-14 19:00:00,0.030666667
2024-12-14 20:00:00,0.030798611
2024-12-14 21:00:00,0.0309875
2024-12-14 22:00:00,0.031130556
2024-12-14 23:00:00,0.031315278
2024-12-15 00:00:00,0.031566667
2024-12-15 01:00:00,0.031855556
2024-12-15 02:00:00,0.032130556
2024-12-15 03:00:00,0.032454167
2024-12-15 04:00:00,0.0328125
2024-12-15 05:00:00,0.033190278
2024-12-15 06:00:00,0.033608333
2024-12-15 07:00:00,0.034040278
2024-12-15 08:00:00,0.034472222
2024-12-15 09:00:00,0.034902778
2024-12-15 10:00:00,0.0353125
2024-12-15 11:00:00,0.035722222
2024-12-15 12:00:00,0.036098611
2024-12-15 13:00:00,0.036461111
2024-12-15 14:00:00,0.036795833
2024-12-15 15:00:00,0.037054167
2024-12-15 16:00:00,0.037270833
2024-12-15 17:00:00,0.037466667
2024-12-15 18:00:00,0.037640278
2024-12-15 19:00:00,0.037788889
2024-12-15 20:00:00,0.0379375
2024-12-15 21:00:00,0.038083333
2024-12-15 22:00:00,0.038226389
2024-12-15 23:00:00,0.038413889
2024-12-16 00:00:00,0.038620833
2024-12-16 01:00:00,0.038873611
2024-12-16 02:00:00,0.039141667
2024-12-16 03:00:00,0.039423611
2024-12-16 04:00:00,0.039720833
2024-12-16 05:00:00,0.040063889
2024-12-16 06:00:00,0.040433333
2024-12-16 07:00:00,0.040818056
2024-12-16 08:00:00,0.041213889
2024-12-16 09:00:00,0.041609722
2024-12-16 10:00:00,0.041998611
2024-12-16 11:00:00,0.042383333
2024-12-16 12:00:00,0.042758333
2024-12-16 13:00:00,0.043108333
2024-12-16 14:00:00,0.043444444
2024-12-16 15:00:00,0.043756944
2024-12-16 16:00:00,0.044045833
2024-12-16 17:00:00,0.044290278
2024-12-16 18:00:00,0.0445
2024-12-16 19:00:00,0.044695833
2024-12-16 20:00:00,0.044886111
2024-12-16 21:00:00,0.045083333
2024-12-16 22:00:00,0.045251389
2024-12-16 23:00:00,0.045419444
2024-12-17 00:00:00,0.0455875
2024-12-17 01:00:00,0.045745833
2024-12-17 02:00:00,0.045557719
2024-12-17 03:00:00,0.045302228
2024-12-17 04:00:00,0.044998605
2024-12-17 05:00:00,0.044670391
2024-12-17 06:00:00,0.044342657
2024-12-17 07:00:00,0.044067227
2024-12-17 08:00:00,0.043865358
2024-12-17 09:00:00,0.04375
2024-12-17 10:00:00,0.043724332
2024-12-17 11:00:00,0.043802817
2024-12-17 12:00:00,0.043984485
2024-12-17 13:00:00,0.044266949
2024-12-17 14:00:00,0.044625177
2024-12-17 15:00:00,0.045065156
2024-12-17 16:00:00,0.045570213
2024-12-17 17:00:00,0.046120739
2024-12-17 18:00:00,0.046692745
2024-12-17 19:00:00,0.047242165
2024-12-17 20:00:00,0.047741797
2024-12-17 21:00:00,0.04819
2024-12-17 22:00:00,0.04858083
2024-12-17 23:00:00,0.048889685
2024-12-18 00:00:00,0.049110473
2024-12-18 01:00:00,0.049237069
2024-12-18 02:00:00,0.049267626
2024-12-18 03:00:00,0.049221902
2024-12-18 04:00:00,0.049106782
2024-12-18 05:00:00,0.048934971
2024-12-18 06:00:00,0.048733719
2024-12-18 07:00:00,0.048530435
2024-12-18 08:00:00,0.048375907
2024-12-18 09:00:00,0.048305233
2024-12-18 10:00:00,0.048317322
2024-12-18 11:00:00,0.048434402
2024-12-18 12:00:00,0.048654015
2024-12-18 13:00:00,0.04897807
2024-12-18 14:00:00,0.049395315
2024-12-18 15:00:00,0.049898827
2024-12-18 16:00:00,0.050481645
2024-12-18 17:00:00,0.051132353
2024-12-18 18:00:00,0.051826215
2024-12-18 19:00:00,0.052535398
2024-12-18 20:00:00,0.053199409
2024-12-18 21:00:00,0.053815089
2024-12-18 22:00:00,0.054374815
2024-12-18 23:00:00,0.054850148
2024-12-19 00:00:00,0.055248143
2024-12-19 01:00:00,0.055547619
2024-12-19 02:00:00,0.055740686
2024-12-19 03:00:00,0.055838806
2024-12-19 04:00:00,0.055849028
2024-12-19 05:00:00,0.055769461
2024-12-19 06:00:00,0.055641679
2024-12-19 07:00:00,0.055484985
2024-12-19 08:00:00,0.055317293
2024-12-19 09:00:00,0.055207831
2024-12-19 10:00:00,0.055176471
2024-12-19 11:00:00,0.055220544
2024-12-19 12:00:00,0.055354009
2024-12-19 13:00:00,0.055584848
2024-12-19 14:00:00,0.055913505
2024-12-19 15:00:00,0.056325228
2024-12-19 16:00:00,0.05682344
2024-12-19 17:00:00,0.057396341
2024-12-19 18:00:00,0.058006107
2024-12-19 19:00:00,0.05861315
2024-12-19 20:00:00,0.059192956
2024-12-19 21:00:00,0.059703988
2024-12-19 22:00:00,0.06015361
2024-12-19 23:00:00,0.060536923
2024-12-20 00:00:00,0.060824345
2024-12-20 01:00:00,0.060993827
2024-12-20 02:00:00,0.061058733
2024-12-20 03:00:00,0.061029412
2024-12-20 04:00:00,0.060882171
2024-12-20 05:00:00,0.060663043
2024-12-20 06:00:00,0.060379471
2024-12-20 07:00:00,0.060037383
2024-12-20 08:00:00,0.059656786
2024-12-20 09:00:00,0.059279688
2024-12-20 10:00:00,0.058973396
2024-12-20 11:00:00,0.058741379
2024-12-20 12:00:00,0.058591837
2024-12-20 13:00:00,0.058562893
2024-12-20 14:00:00,0.058622047
2024-12-20 15:00:00,0.058772871
2024-12-20 16:00:00,0.059020537
2024-12-20 17:00:00,0.059338608
2024-12-20 18:00:00,0.059732171
2024-12-20 19:00:00,0.0602
2024-12-20 20:00:00,0.060669316
2024-12-20 21:00:00,0.061124204
2024-12-20 22:00:00,0.061558214
2024-12-20 23:00:00,0.06191853
2024-12-21 00:00:00,0.0621968
2024-12-21 01:00:00,0.062423077
2024-12-21 02:00:00,0.062561798
2024-12-21 03:00:00,0.062586817
2024-12-21 04:00:00,0.062521739
2024-12-21 05:00:00,0.062366129
2024-12-21 06:00:00,0.06212601
2024-12-21 07:00:00,0.061852751
2024-12-21 08:00:00,0.06156564
2024-12-21 09:00:00,0.061275974
2024-12-21 10:00:00,0.061045528
2024-12-21 11:00:00,0.060897394
2024-12-21 12:00:00,0.060846656
2024-12-21 13:00:00,0.060879085
2024-12-21 14:00:00,0.061011457
2024-12-21 15:00:00,0.061244262
2024-12-21 16:00:00,0.061581281
2024-12-21 17:00:00,0.062013158
2024-12-21 18:00:00,0.062505766
2024-12-21 19:00:00,0.063028053
2024-12-21 20:00:00,0.063563636
2024-12-21 21:00:00,0.064087748
2024-12-21 22:00:00,0.064543947
2024-12-21 23:00:00,0.064946844
2024-12-22 00:00:00,0.06528619
2024-12-22 01:00:00,0.065571667
2024-12-22 02:00:00,0.065769616
2024-12-22 03:00:00,0.065882943
2024-12-22 04:00:00,0.065911223
2024-12-22 05:00:00,0.065869128
2024-12-22 06:00:00,0.065769748
2024-12-22 07:00:00,0.065632997
2024-12-22 08:00:00,0.065445194
2024-12-22 09:00:00,0.065260135
2024-12-22 10:00:00,0.065111675
2024-12-22 11:00:00,0.065011864
2024-12-22 12:00:00,0.064966044
2024-12-22 13:00:00,0.065013605
2024-12-22 14:00:00,0.065182283
2024-12-22 15:00:00,0.065424915
2024-12-22 16:00:00,0.065769231
2024-12-22 17:00:00,0.066200342
2024-12-22 18:00:00,0.066689537
2024-12-22 19:00:00,0.067257732
2024-12-22 20:00:00,0.06783821
2024-12-22 21:00:00,0.068406897
2024-12-22 22:00:00,0.068944732
2024-12-22 23:00:00,0.069401384
2024-12-23 00:00:00,0.069781629
2024-12-23 01:00:00,0.070083333
2024-12-23 02:00:00,0.070292174
2024-12-23 03:00:00,0.070409408
2024-12-23 04:00:00,0.070460733
2024-12-23 05:00:00,0.070421329
2024-12-23 06:00:00,0.070308231
2024-12-23 07:00:00,0.070138596
2024-12-23 08:00:00,0.069912127
2024-12-23 09:00:00,0.069623239
2024-12-23 10:00:00,0.06933157
2024-12-23 11:00:00,0.069056537
2024-12-23 12:00:00,0.068824779
2024-12-23 13:00:00,0.068647163
2024-12-23 14:00:00,0.068536412
2024-12-23 15:00:00,0.068523132
2024-12-23 16:00:00,0.068565062
2024-12-23 17:00:00,0.068701786
2024-12-23 18:00:00,0.068928444
2024-12-23 19:00:00,0.069179211
2024-12-23 20:00:00,0.0694614
2024-12-23 21:00:00,0.069714029
2024-12-23 22:00:00,0.069981982
2024-12-23 23:00:00,0.070207581
2024-12-24 00:00:00,0.070367089
2024-12-24 01:00:00,0.070490942
2024-12-24 02:00:00,0.070544465
2024-12-24 03:00:00,0.070556364
2024-12-24 04:00:00,0.07052459
2024-12-24 05:00:00,0.070461679
2024-12-24 06:00:00,0.07035649
2024-12-24 07:00:00,0.070203297
2024-12-24 08:00:00,0.070033028
2024-12-24 09:00:00,0.069852941
2024-12-24 10:00:00,0.069640884
2024-12-24 11:00:00,0.069426199
2024-12-24 12:00:00,0.069221811
2024-12-24 13:00:00,0.069044444
2024-12-24 14:00:00,0.068888683
2024-12-24 15:00:00,0.068756506
2024-12-24 16:00:00,0.068655493
2024-12-24 17:00:00,0.068589552
2024-12-24 18:00:00,0.068530841
2024-12-24 19:00:00,0.068468165
2024-12-24 20:00:00,0.068380863
2024-12-24 21:00:00,0.06825188
2024-12-24 22:00:00,0.06806403
2024-12-24 23:00:00,0.067815094
2024-12-25 00:00:00,0.067499055
2024-12-25 01:00:00,0.067117424
2024-12-25 02:00:00,0.066694497
2024-12-25 03:00:00,0.066243346
2024-12-25 04:00:00,0.065798095
2024-12-25 05:00:00,0.065379771
2024-12-25 06:00:00,0.064998088
2024-12-25 07:00:00,0.064637931
2024-12-25 08:00:00,0.064332054
2024-12-25 09:00:00,0.064059615
2024-12-25 10:00:00,0.063822736
2024-12-25 11:00:00,0.063633205
2024-12-25 12:00:00,0.063460348
2024-12-25 13:00:00,0.06327907
2024-12-25 14:00:00,0.063083495
2024-12-25 15:00:00,0.062892996
2024-12-25 16:00:00,0.062660819
2024-12-25 17:00:00,0.062378906
2024-12-25 18:00:00,0.062078278
2024-12-25 19:00:00,0.061739216
2024-12-25 20:00:00,0.061363458
2024-12-25 21:00:00,0.060933071
2024-12-25 22:00:00,0.060455621
2024-12-25 23:00:00,0.059960474
2024-12-26 00:00:00,0.059443564
2024-12-26 01:00:00,0.058900794
2024-12-26 02:00:00,0.058324056
2024-12-26 03:00:00,0.057731076
2024-12-26 04:00:00,0.057155689
2024-12-26 05:00:00,0.056656
2024-12-26 06:00:00,0.056166333
2024-12-26 07:00:00,0.05574498
2024-12-26 08:00:00,0.055404427
2024-12-26 09:00:00,0.055211694
2024-12-26 10:00:00,0.055078788
2024-12-26 11:00:00,0.055048583
2024-12-26 12:00:00,0.055117647
2024-12-26 13:00:00,0.055268293
2024-12-26 14:00:00,0.055443992
2024-12-26 15:00:00,0.055595918
2024-12-26 16:00:00,0.055848671
2024-12-26 17:00:00,0.056063525
2024-12-26 18:00:00,0.05624846
2024-12-26 19:00:00,0.056446502
2024-12-26 20:00:00,0.056515464
2024-12-26 21:00:00,0.056522727
2024-12-26 22:00:00,0.056490683
2024-12-26 23:00:00,0.05639834
2024-12-27 00:00:00,0.056239085
2024-12-27 01:00:00,0.056052083
2024-12-27 02:00:00,0.055837161
2024-12-27 03:00:00,0.05565272
2024-12-27 04:00:00,0.055542977
2024-12-27 05:00:00,0.055542017
2024-12-27 06:00:00,0.055688421
2024-12-27 07:00:00,0.055972574
2024-12-27 08:00:00,0.056386892
2024-12-27 09:00:00,0.056938559
2024-12-27 10:00:00,0.057619958
2024-12-27 11:00:00,0.058421277
2024-12-27 12:00:00,0.059311301
2024-12-27 13:00:00,0.060262821
2024-12-27 14:00:00,0.061224839
2024-12-27 15:00:00,0.062137339
2024-12-27 16:00:00,0.063
2024-12-27 17:00:00,0.063790948
2024-12-27 18:00:00,0.064483801
2024-12-27 19:00:00,0.065093074
2024-12-27 20:00:00,0.065603037
2024-12-27 21:00:00,0.065976087
2024-12-27 22:00:00,0.066213508
2024-12-27 23:00:00,0.066325328
2024-12-28 00:00:00,0.066301969
2024-12-28 01:00:00,0.066166667
2024-12-28 02:00:00,0.065956044
2024-12-28 03:00:00,0.065682819
2024-12-28 04:00:00,0.065401766
2024-12-28 05:00:00,0.065216814
2024-12-28 06:00:00,0.065157428
2024-12-28 07:00:00,0.065228889
2024-12-28 08:00:00,0.065447661
2024-12-28 09:00:00,0.065828125
2024-12-28 10:00:00,0.066373602
2024-12-28 11:00:00,0.067058296
2024-12-28 12:00:00,0.067878652
2024-12-28 13:00:00,0.068801802
2024-12-28 14:00:00,0.069812641
2024-12-28 15:00:00,0.070832579
2024-12-28 16:00:00,0.071823129
2024-12-28 17:00:00,0.072768182
2024-12-28 18:00:00,0.073626424
2024-12-28 19:00:00,0.074422374
2024-12-28 20:00:00,0.075084668
2024-12-28 21:00:00,0.075573394
2024-12-28 22:00:00,0.075912644
2024-12-28 23:00:00,0.076131336
2024-12-29 00:00:00,0.07617321
2024-12-29 01:00:00,0.076034722
2024-12-29 02:00:00,0.075772622
2024-12-29 03:00:00,0.075404651
2024-12-29 04:00:00,0.074944056
2024-12-29 05:00:00,0.074469626
2024-12-29 06:00:00,0.074053864
2024-12-29 07:00:00,0.073758216
2024-12-29 08:00:00,0.073607059
2024-12-29 09:00:00,0.073591981
2024-12-29 10:00:00,0.073749409
2024-12-29 11:00:00,0.074078199
2024-12-29 12:00:00,0.074574822
2024-12-29 13:00:00,0.075216667
2024-12-29 14:00:00,0.075966587
2024-12-29 15:00:00,0.076777512
2024-12-29 16:00:00,0.077633094
2024-12-29 17:00:00,0.078432692
2024-12-29 18:00:00,0.079154217
2024-12-29 19:00:00,0.079794686
2024-12-29 20:00:00,0.080355932
2024-12-29 21:00:00,0.080740291
2024-12-29 22:00:00,0.080961071
2024-12-29 23:00:00,0.080985366
2024-12-30 00:00:00,0.080811736
2024-12-30 01:00:00,0.080443627
2024-12-30 02:00:00,0.079943489
2024-12-30 03:00:00,0.07932266
2024-12-30 04:00:00,0.078592593
2024-12-30 05:00:00,0.077814356
2024-12-30 06:00:00,0.077074442
2024-12-30 07:00:00,0.076432836
2024-12-30 08:00:00,0.075922693
2024-12-30 09:00:00,0.07557
2024-12-30 10:00:00,0.075418546
2024-12-30 11:00:00,0.075457286
2024-12-30 12:00:00,0.075690176
2024-12-30 13:00:00,0.076080808
2024-12-30 14:00:00,0.076610127
2024-12-30 15:00:00,0.077251269
2024-12-30 16:00:00,0.078
2024-12-30 17:00:00,0.078767857
2024-12-30 18:00:00,0.079514066
2024-12-30 19:00:00,0.080215385
2024-12-30 20:00:00,0.080784062
2024-12-30 21:00:00,0.081252577
2024-12-30 22:00:00,0.081586563
2024-12-30 23:00:00,0.081738342
2024-12-31 00:00:00,0.081701299
2024-12-31 01:00:00,0.081463542
2024-12-31 02:00:00,0.081028721
2024-12-31 03:00:00,0.080421466
2024-12-31 04:00:00,0.079666667
2024-12-31 05:00:00,0.078823684
2024-12-31 06:00:00,0.077912929
2024-12-31 07:00:00,0.077013228
2024-12-31 08:00:00,0.076222812
2024-12-31 09:00:00,0.075579787
2024-12-31 10:00:00,0.075090667
2024-12-31 11:00:00,0.074802139
2024-12-31 12:00:00,0.074715818
2024-12-31 13:00:00,0.07483871
2024-12-31 14:00:00,0.075134771
2024-12-31 15:00:00,0.075583784
2024-12-31 16:00:00,0.076165312
2024-12-31 17:00:00,0.076866848
2024-12-31 18:00:00,0.077632153
2024-12-31 19:00:00,0.078357923
2024-12-31 20:00:00,0.079008219
2024-12-31 21:00:00,0.07953022
2024-12-31 22:00:00,0.07992011
2024-12-31 23:00:00,0.080165746
