time,WL_trend_30d_filled
2020-08-01 00:00:00,0.203573611
2020-08-01 01:00:00,0.203618056
2020-08-01 02:00:00,0.203693056
2020-08-01 03:00:00,0.203751389
2020-08-01 04:00:00,0.203808333
2020-08-01 05:00:00,0.203891667
2020-08-01 06:00:00,0.203981944
2020-08-01 07:00:00,0.204084722
2020-08-01 08:00:00,0.204194444
2020-08-01 09:00:00,0.204330556
2020-08-01 10:00:00,0.204475
2020-08-01 11:00:00,0.204602778
2020-08-01 12:00:00,0.204747222
2020-08-01 13:00:00,0.204894444
2020-08-01 14:00:00,0.205044444
2020-08-01 15:00:00,0.205225
2020-08-01 16:00:00,0.205427778
2020-08-01 17:00:00,0.205633333
2020-08-01 18:00:00,0.205848611
2020-08-01 19:00:00,0.206051389
2020-08-01 20:00:00,0.20625
2020-08-01 21:00:00,0.206433333
2020-08-01 22:00:00,0.206593056
2020-08-01 23:00:00,0.206711111
2020-08-02 00:00:00,0.2068125
2020-08-02 01:00:00,0.206881944
2020-08-02 02:00:00,0.206918056
2020-08-02 03:00:00,0.206955556
2020-08-02 04:00:00,0.206990278
2020-08-02 05:00:00,0.207023611
2020-08-02 06:00:00,0.2070625
2020-08-02 07:00:00,0.207059722
2020-08-02 08:00:00,0.207094444
2020-08-02 09:00:00,0.207116667
2020-08-02 10:00:00,0.207148611
2020-08-02 11:00:00,0.207208333
2020-08-02 12:00:00,0.2071875
2020-08-02 13:00:00,0.207215278
2020-08-02 14:00:00,0.207251389
2020-08-02 15:00:00,0.207281944
2020-08-02 16:00:00,0.207344444
2020-08-02 17:00:00,0.207438889
2020-08-02 18:00:00,0.207523611
2020-08-02 19:00:00,0.207608333
2020-08-02 20:00:00,0.2076875
2020-08-02 21:00:00,0.207775
2020-08-02 22:00:00,0.2078625
2020-08-02 23:00:00,0.207966667
2020-08-03 00:00:00,0.208040278
2020-08-03 01:00:00,0.208080556
2020-08-03 02:00:00,0.208105556
2020-08-03 03:00:00,0.208136111
2020-08-03 04:00:00,0.208147222
2020-08-03 05:00:00,0.208176389
2020-08-03 06:00:00,0.208173611
2020-08-03 07:00:00,0.208152778
2020-08-03 08:00:00,0.208147222
2020-08-03 09:00:00,0.208129167
2020-08-03 10:00:00,0.208095833
2020-08-03 11:00:00,0.208051389
2020-08-03 12:00:00,0.208013889
2020-08-03 13:00:00,0.207975
2020-08-03 14:00:00,0.207943056
2020-08-03 15:00:00,0.207909722
2020-08-03 16:00:00,0.207898611
2020-08-03 17:00:00,0.207902778
2020-08-03 18:00:00,0.207966667
2020-08-03 19:00:00,0.208034722
2020-08-03 20:00:00,0.2081125
2020-08-03 21:00:00,0.208175
2020-08-03 22:00:00,0.208270833
2020-08-03 23:00:00,0.208359722
2020-08-04 00:00:00,0.208455556
2020-08-04 01:00:00,0.20855
2020-08-04 02:00:00,0.208658333
2020-08-04 03:00:00,0.208777778
2020-08-04 04:00:00,0.208888889
2020-08-04 05:00:00,0.208983333
2020-08-04 06:00:00,0.209066667
2020-08-04 07:00:00,0.209155556
2020-08-04 08:00:00,0.209247222
2020-08-04 09:00:00,0.209301389
2020-08-04 10:00:00,0.209336111
2020-08-04 11:00:00,0.209420833
2020-08-04 12:00:00,0.2093625
2020-08-04 13:00:00,0.209345833
2020-08-04 14:00:00,0.2093625
2020-08-04 15:00:00,0.209354167
2020-08-04 16:00:00,0.209355556
2020-08-04 17:00:00,0.209386111
2020-08-04 18:00:00,0.209401389
2020-08-04 19:00:00,0.209470833
2020-08-04 20:00:00,0.209556944
2020-08-04 21:00:00,0.209634722
2020-08-04 22:00:00,0.209730556
2020-08-04 23:00:00,0.209833333
2020-08-05 00:00:00,0.209972222
2020-08-05 01:00:00,0.210101389
2020-08-05 02:00:00,0.210229167
2020-08-05 03:00:00,0.210375
2020-08-05 04:00:00,0.210541667
2020-08-05 05:00:00,0.210695833
2020-08-05 06:00:00,0.210876389
2020-08-05 07:00:00,0.211040278
2020-08-05 08:00:00,0.211211111
2020-08-05 09:00:00,0.211330556
2020-08-05 10:00:00,0.211430556
2020-08-05 11:00:00,0.211527778
2020-08-05 12:00:00,0.211593056
2020-08-05 13:00:00,0.211602778
2020-08-05 14:00:00,0.211597222
2020-08-05 15:00:00,0.211583333
2020-08-05 16:00:00,0.211590278
2020-08-05 17:00:00,0.2116125
2020-08-05 18:00:00,0.211638889
2020-08-05 19:00:00,0.2117125
2020-08-05 20:00:00,0.211713889
2020-08-05 21:00:00,0.211755556
2020-08-05 22:00:00,0.211823611
2020-08-05 23:00:00,0.2118875
2020-08-06 00:00:00,0.2119625
2020-08-06 01:00:00,0.212038889
2020-08-06 02:00:00,0.212158333
2020-08-06 03:00:00,0.212263889
2020-08-06 04:00:00,0.212434722
2020-08-06 05:00:00,0.2126125
2020-08-06 06:00:00,0.212726389
2020-08-06 07:00:00,0.212809722
2020-08-06 08:00:00,0.212915278
2020-08-06 09:00:00,0.212961111
2020-08-06 10:00:00,0.2129625
2020-08-06 11:00:00,0.212936111
2020-08-06 12:00:00,0.212883333
2020-08-06 13:00:00,0.212754167
2020-08-06 14:00:00,0.212605556
2020-08-06 15:00:00,0.212426389
2020-08-06 16:00:00,0.2122
2020-08-06 17:00:00,0.2119625
2020-08-06 18:00:00,0.211722222
2020-08-06 19:00:00,0.211459722
2020-08-06 20:00:00,0.211223611
2020-08-06 21:00:00,0.211030556
2020-08-06 22:00:00,0.210848611
2020-08-06 23:00:00,0.210654167
2020-08-07 00:00:00,0.210515278
2020-08-07 01:00:00,0.210429167
2020-08-07 02:00:00,0.210397222
2020-08-07 03:00:00,0.210363889
2020-08-07 04:00:00,0.210420833
2020-08-07 05:00:00,0.210473611
2020-08-07 06:00:00,0.210569444
2020-08-07 07:00:00,0.210669444
2020-08-07 08:00:00,0.210755556
2020-08-07 09:00:00,0.210836111
2020-08-07 10:00:00,0.21085
2020-08-07 11:00:00,0.210801389
2020-08-07 12:00:00,0.210694444
2020-08-07 13:00:00,0.210515278
2020-08-07 14:00:00,0.210241667
2020-08-07 15:00:00,0.209919444
2020-08-07 16:00:00,0.209483333
2020-08-07 17:00:00,0.209036111
2020-08-07 18:00:00,0.208583333
2020-08-07 19:00:00,0.208109722
2020-08-07 20:00:00,0.207665278
2020-08-07 21:00:00,0.207266667
2020-08-07 22:00:00,0.2069375
2020-08-07 23:00:00,0.206670833
2020-08-08 00:00:00,0.206411111
2020-08-08 01:00:00,0.206198611
2020-08-08 02:00:00,0.206077778
2020-08-08 03:00:00,0.206018056
2020-08-08 04:00:00,0.206047222
2020-08-08 05:00:00,0.206061111
2020-08-08 06:00:00,0.206177778
2020-08-08 07:00:00,0.206348611
2020-08-08 08:00:00,0.206508333
2020-08-08 09:00:00,0.206684722
2020-08-08 10:00:00,0.206833333
2020-08-08 11:00:00,0.206968056
2020-08-08 12:00:00,0.207015278
2020-08-08 13:00:00,0.206972222
2020-08-08 14:00:00,0.206813889
2020-08-08 15:00:00,0.206533333
2020-08-08 16:00:00,0.206170833
2020-08-08 17:00:00,0.205805556
2020-08-08 18:00:00,0.205409722
2020-08-08 19:00:00,0.205023611
2020-08-08 20:00:00,0.204588889
2020-08-08 21:00:00,0.204211111
2020-08-08 22:00:00,0.203894444
2020-08-08 23:00:00,0.203623611
2020-08-09 00:00:00,0.203475
2020-08-09 01:00:00,0.203358333
2020-08-09 02:00:00,0.203309722
2020-08-09 03:00:00,0.203347222
2020-08-09 04:00:00,0.203475
2020-08-09 05:00:00,0.203673611
2020-08-09 06:00:00,0.203925
2020-08-09 07:00:00,0.204201389
2020-08-09 08:00:00,0.204505556
2020-08-09 09:00:00,0.204823611
2020-08-09 10:00:00,0.205147222
2020-08-09 11:00:00,0.205384722
2020-08-09 12:00:00,0.205586111
2020-08-09 13:00:00,0.205684722
2020-08-09 14:00:00,0.205727778
2020-08-09 15:00:00,0.205688889
2020-08-09 16:00:00,0.205561111
2020-08-09 17:00:00,0.205401389
2020-08-09 18:00:00,0.205201389
2020-08-09 19:00:00,0.205005556
2020-08-09 20:00:00,0.204825
2020-08-09 21:00:00,0.204619444
2020-08-09 22:00:00,0.204411111
2020-08-09 23:00:00,0.204205556
2020-08-10 00:00:00,0.204155556
2020-08-10 01:00:00,0.2041
2020-08-10 02:00:00,0.204143056
2020-08-10 03:00:00,0.204277778
2020-08-10 04:00:00,0.204497222
2020-08-10 05:00:00,0.2048
2020-08-10 06:00:00,0.205170833
2020-08-10 07:00:00,0.205569444
2020-08-10 08:00:00,0.206034722
2020-08-10 09:00:00,0.206545833
2020-08-10 10:00:00,0.207044444
2020-08-10 11:00:00,0.207577778
2020-08-10 12:00:00,0.208048611
2020-08-10 13:00:00,0.208476389
2020-08-10 14:00:00,0.208880556
2020-08-10 15:00:00,0.209230556
2020-08-10 16:00:00,0.209534722
2020-08-10 17:00:00,0.209780556
2020-08-10 18:00:00,0.209979167
2020-08-10 19:00:00,0.210138889
2020-08-10 20:00:00,0.210254167
2020-08-10 21:00:00,0.2103375
2020-08-10 22:00:00,0.210391667
2020-08-10 23:00:00,0.2104125
2020-08-11 00:00:00,0.210494444
2020-08-11 01:00:00,0.210625
2020-08-11 02:00:00,0.210819444
2020-08-11 03:00:00,0.211101389
2020-08-11 04:00:00,0.211438889
2020-08-11 05:00:00,0.211806944
2020-08-11 06:00:00,0.212234722
2020-08-11 07:00:00,0.212695833
2020-08-11 08:00:00,0.213158333
2020-08-11 09:00:00,0.213651389
2020-08-11 10:00:00,0.214151389
2020-08-11 11:00:00,0.214648611
2020-08-11 12:00:00,0.2151375
2020-08-11 13:00:00,0.215619444
2020-08-11 14:00:00,0.216106944
2020-08-11 15:00:00,0.216568056
2020-08-11 16:00:00,0.217011111
2020-08-11 17:00:00,0.217422222
2020-08-11 18:00:00,0.217845833
2020-08-11 19:00:00,0.218209722
2020-08-11 20:00:00,0.218573611
2020-08-11 21:00:00,0.218870833
2020-08-11 22:00:00,0.219168056
2020-08-11 23:00:00,0.219455556
2020-08-12 00:00:00,0.219701389
2020-08-12 01:00:00,0.219956944
2020-08-12 02:00:00,0.220238889
2020-08-12 03:00:00,0.220506944
2020-08-12 04:00:00,0.220804167
2020-08-12 05:00:00,0.221141667
2020-08-12 06:00:00,0.221508333
2020-08-12 07:00:00,0.221908333
2020-08-12 08:00:00,0.222343056
2020-08-12 09:00:00,0.2228
2020-08-12 10:00:00,0.223272222
2020-08-12 11:00:00,0.223738889
2020-08-12 12:00:00,0.2242125
2020-08-12 13:00:00,0.224694444
2020-08-12 14:00:00,0.2251875
2020-08-12 15:00:00,0.225677778
2020-08-12 16:00:00,0.226122222
2020-08-12 17:00:00,0.226575
2020-08-12 18:00:00,0.227015278
2020-08-12 19:00:00,0.227415278
2020-08-12 20:00:00,0.227804167
2020-08-12 21:00:00,0.228134722
2020-08-12 22:00:00,0.228411111
2020-08-12 23:00:00,0.228663889
2020-08-13 00:00:00,0.228911111
2020-08-13 01:00:00,0.229081944
2020-08-13 02:00:00,0.229251389
2020-08-13 03:00:00,0.229405556
2020-08-13 04:00:00,0.229515278
2020-08-13 05:00:00,0.229698611
2020-08-13 06:00:00,0.229897222
2020-08-13 07:00:00,0.230079167
2020-08-13 08:00:00,0.230311111
2020-08-13 09:00:00,0.23055
2020-08-13 10:00:00,0.23075
2020-08-13 11:00:00,0.231001389
2020-08-13 12:00:00,0.231293056
2020-08-13 13:00:00,0.231597222
2020-08-13 14:00:00,0.231908333
2020-08-13 15:00:00,0.232226389
2020-08-13 16:00:00,0.232570833
2020-08-13 17:00:00,0.232911111
2020-08-13 18:00:00,0.233247222
2020-08-13 19:00:00,0.233556944
2020-08-13 20:00:00,0.233838889
2020-08-13 21:00:00,0.234109722
2020-08-13 22:00:00,0.234431944
2020-08-13 23:00:00,0.234716667
2020-08-14 00:00:00,0.234968056
2020-08-14 01:00:00,0.235197222
2020-08-14 02:00:00,0.235406944
2020-08-14 03:00:00,0.2356
2020-08-14 04:00:00,0.235795833
2020-08-14 05:00:00,0.235983333
2020-08-14 06:00:00,0.236154167
2020-08-14 07:00:00,0.236325
2020-08-14 08:00:00,0.236493056
2020-08-14 09:00:00,0.236648611
2020-08-14 10:00:00,0.236811111
2020-08-14 11:00:00,0.236993056
2020-08-14 12:00:00,0.237163889
2020-08-14 13:00:00,0.237345833
2020-08-14 14:00:00,0.237555556
2020-08-14 15:00:00,0.237797222
2020-08-14 16:00:00,0.238047222
2020-08-14 17:00:00,0.2383125
2020-08-14 18:00:00,0.238598611
2020-08-14 19:00:00,0.238902778
2020-08-14 20:00:00,0.239205556
2020-08-14 21:00:00,0.239527778
2020-08-14 22:00:00,0.239852778
2020-08-14 23:00:00,0.240140278
2020-08-15 00:00:00,0.2404125
2020-08-15 01:00:00,0.240636111
2020-08-15 02:00:00,0.240838889
2020-08-15 03:00:00,0.241002778
2020-08-15 04:00:00,0.241120833
2020-08-15 05:00:00,0.241223611
2020-08-15 06:00:00,0.241327778
2020-08-15 07:00:00,0.241413889
2020-08-15 08:00:00,0.241472222
2020-08-15 09:00:00,0.241538889
2020-08-15 10:00:00,0.241591667
2020-08-15 11:00:00,0.241638889
2020-08-15 12:00:00,0.241711111
2020-08-15 13:00:00,0.241773611
2020-08-15 14:00:00,0.241831944
2020-08-15 15:00:00,0.241933333
2020-08-15 16:00:00,0.242019444
2020-08-15 17:00:00,0.242158333
2020-08-15 18:00:00,0.242330556
2020-08-15 19:00:00,0.242486111
2020-08-15 20:00:00,0.242669444
2020-08-15 21:00:00,0.242894444
2020-08-15 22:00:00,0.243113889
2020-08-15 23:00:00,0.2433375
2020-08-16 00:00:00,0.243551389
2020-08-16 01:00:00,0.243754167
2020-08-16 02:00:00,0.243986111
2020-08-16 03:00:00,0.244168056
2020-08-16 04:00:00,0.244345833
2020-08-16 05:00:00,0.244519444
2020-08-16 06:00:00,0.2446625
2020-08-16 07:00:00,0.2448
2020-08-16 08:00:00,0.244909722
2020-08-16 09:00:00,0.244997222
2020-08-16 10:00:00,0.245038889
2020-08-16 11:00:00,0.245075
2020-08-16 12:00:00,0.245098611
2020-08-16 13:00:00,0.2451125
2020-08-16 14:00:00,0.245119444
2020-08-16 15:00:00,0.245113889
2020-08-16 16:00:00,0.245120833
2020-08-16 17:00:00,0.245125
2020-08-16 18:00:00,0.245136111
2020-08-16 19:00:00,0.245188889
2020-08-16 20:00:00,0.245245833
2020-08-16 21:00:00,0.245302778
2020-08-16 22:00:00,0.245415278
2020-08-16 23:00:00,0.245516667
2020-08-17 00:00:00,0.245609722
2020-08-17 01:00:00,0.2457125
2020-08-17 02:00:00,0.245834722
2020-08-17 03:00:00,0.245938889
2020-08-17 04:00:00,0.246058333
2020-08-17 05:00:00,0.246168056
2020-08-17 06:00:00,0.246252778
2020-08-17 07:00:00,0.2463375
2020-08-17 08:00:00,0.246411111
2020-08-17 09:00:00,0.24645
2020-08-17 10:00:00,0.246470833
2020-08-17 11:00:00,0.246480556
2020-08-17 12:00:00,0.246465278
2020-08-17 13:00:00,0.246431944
2020-08-17 14:00:00,0.246388889
2020-08-17 15:00:00,0.246336111
2020-08-17 16:00:00,0.246277778
2020-08-17 17:00:00,0.246225
2020-08-17 18:00:00,0.246201389
2020-08-17 19:00:00,0.246209722
2020-08-17 20:00:00,0.246233333
2020-08-17 21:00:00,0.246273611
2020-08-17 22:00:00,0.246333333
2020-08-17 23:00:00,0.246422222
2020-08-18 00:00:00,0.246547222
2020-08-18 01:00:00,0.246681944
2020-08-18 02:00:00,0.246836111
2020-08-18 03:00:00,0.247002778
2020-08-18 04:00:00,0.247175
2020-08-18 05:00:00,0.247309722
2020-08-18 06:00:00,0.247426389
2020-08-18 07:00:00,0.247548611
2020-08-18 08:00:00,0.247618056
2020-08-18 09:00:00,0.247659722
2020-08-18 10:00:00,0.247669444
2020-08-18 11:00:00,0.247640278
2020-08-18 12:00:00,0.247590278
2020-08-18 13:00:00,0.247509722
2020-08-18 14:00:00,0.247394444
2020-08-18 15:00:00,0.247265278
2020-08-18 16:00:00,0.247123611
2020-08-18 17:00:00,0.246968056
2020-08-18 18:00:00,0.246826389
2020-08-18 19:00:00,0.246720833
2020-08-18 20:00:00,0.246641667
2020-08-18 21:00:00,0.246565278
2020-08-18 22:00:00,0.246527778
2020-08-18 23:00:00,0.246518056
2020-08-19 00:00:00,0.246527778
2020-08-19 01:00:00,0.246568056
2020-08-19 02:00:00,0.246666667
2020-08-19 03:00:00,0.246802778
2020-08-19 04:00:00,0.246961111
2020-08-19 05:00:00,0.247159722
2020-08-19 06:00:00,0.247384722
2020-08-19 07:00:00,0.247597222
2020-08-19 08:00:00,0.247781944
2020-08-19 09:00:00,0.247941667
2020-08-19 10:00:00,0.248061111
2020-08-19 11:00:00,0.248130556
2020-08-19 12:00:00,0.248152778
2020-08-19 13:00:00,0.2481125
2020-08-19 14:00:00,0.248033333
2020-08-19 15:00:00,0.247930556
2020-08-19 16:00:00,0.247816667
2020-08-19 17:00:00,0.2476875
2020-08-19 18:00:00,0.247554167
2020-08-19 19:00:00,0.247434722
2020-08-19 20:00:00,0.247336111
2020-08-19 21:00:00,0.247273611
2020-08-19 22:00:00,0.247233333
2020-08-19 23:00:00,0.247225
2020-08-20 00:00:00,0.2472625
2020-08-20 01:00:00,0.247340278
2020-08-20 02:00:00,0.247448611
2020-08-20 03:00:00,0.247588889
2020-08-20 04:00:00,0.247776389
2020-08-20 05:00:00,0.248016667
2020-08-20 06:00:00,0.248272222
2020-08-20 07:00:00,0.248519444
2020-08-20 08:00:00,0.248754167
2020-08-20 09:00:00,0.248940278
2020-08-20 10:00:00,0.249079167
2020-08-20 11:00:00,0.249156944
2020-08-20 12:00:00,0.249158333
2020-08-20 13:00:00,0.249118056
2020-08-20 14:00:00,0.249020833
2020-08-20 15:00:00,0.248894444
2020-08-20 16:00:00,0.248759722
2020-08-20 17:00:00,0.248631944
2020-08-20 18:00:00,0.248502778
2020-08-20 19:00:00,0.248380556
2020-08-20 20:00:00,0.248276389
2020-08-20 21:00:00,0.248216667
2020-08-20 22:00:00,0.248183333
2020-08-20 23:00:00,0.248191667
2020-08-21 00:00:00,0.2482375
2020-08-21 01:00:00,0.248308333
2020-08-21 02:00:00,0.248411111
2020-08-21 03:00:00,0.248559722
2020-08-21 04:00:00,0.248738889
2020-08-21 05:00:00,0.248931944
2020-08-21 06:00:00,0.249138889
2020-08-21 07:00:00,0.249340278
2020-08-21 08:00:00,0.249534722
2020-08-21 09:00:00,0.249693056
2020-08-21 10:00:00,0.249791667
2020-08-21 11:00:00,0.249819444
2020-08-21 12:00:00,0.249777778
2020-08-21 13:00:00,0.249676389
2020-08-21 14:00:00,0.249513889
2020-08-21 15:00:00,0.2493
2020-08-21 16:00:00,0.249063889
2020-08-21 17:00:00,0.248852778
2020-08-21 18:00:00,0.248615278
2020-08-21 19:00:00,0.248390278
2020-08-21 20:00:00,0.2482125
2020-08-21 21:00:00,0.248052778
2020-08-21 22:00:00,0.247977778
2020-08-21 23:00:00,0.247930556
2020-08-22 00:00:00,0.247925
2020-08-22 01:00:00,0.247988889
2020-08-22 02:00:00,0.248068056
2020-08-22 03:00:00,0.248204167
2020-08-22 04:00:00,0.248356944
2020-08-22 05:00:00,0.248526389
2020-08-22 06:00:00,0.248731944
2020-08-22 07:00:00,0.248938889
2020-08-22 08:00:00,0.2491375
2020-08-22 09:00:00,0.249297222
2020-08-22 10:00:00,0.249416667
2020-08-22 11:00:00,0.249483333
2020-08-22 12:00:00,0.249522222
2020-08-22 13:00:00,0.249486111
2020-08-22 14:00:00,0.249429167
2020-08-22 15:00:00,0.249336111
2020-08-22 16:00:00,0.249193056
2020-08-22 17:00:00,0.2490375
2020-08-22 18:00:00,0.248869444
2020-08-22 19:00:00,0.248709722
2020-08-22 20:00:00,0.248584722
2020-08-22 21:00:00,0.248490278
2020-08-22 22:00:00,0.248409722
2020-08-22 23:00:00,0.248393056
2020-08-23 00:00:00,0.248447222
2020-08-23 01:00:00,0.248547222
2020-08-23 02:00:00,0.248690278
2020-08-23 03:00:00,0.248875
2020-08-23 04:00:00,0.2491125
2020-08-23 05:00:00,0.249377778
2020-08-23 06:00:00,0.2496625
2020-08-23 07:00:00,0.249938889
2020-08-23 08:00:00,0.2502125
2020-08-23 09:00:00,0.250498611
2020-08-23 10:00:00,0.250752778
2020-08-23 11:00:00,0.250988889
2020-08-23 12:00:00,0.251151389
2020-08-23 13:00:00,0.251273611
2020-08-23 14:00:00,0.251390278
2020-08-23 15:00:00,0.251431944
2020-08-23 16:00:00,0.251452778
2020-08-23 17:00:00,0.251455556
2020-08-23 18:00:00,0.251436111
2020-08-23 19:00:00,0.251418056
2020-08-23 20:00:00,0.251401389
2020-08-23 21:00:00,0.2514
2020-08-23 22:00:00,0.251408333
2020-08-23 23:00:00,0.251448611
2020-08-24 00:00:00,0.251561111
2020-08-24 01:00:00,0.251715278
2020-08-24 02:00:00,0.251922222
2020-08-24 03:00:00,0.252188889
2020-08-24 04:00:00,0.252484722
2020-08-24 05:00:00,0.252819444
2020-08-24 06:00:00,0.253180556
2020-08-24 07:00:00,0.253569444
2020-08-24 08:00:00,0.253963889
2020-08-24 09:00:00,0.254365278
2020-08-24 10:00:00,0.254743056
2020-08-24 11:00:00,0.255086111
2020-08-24 12:00:00,0.255415278
2020-08-24 13:00:00,0.255761111
2020-08-24 14:00:00,0.25605
2020-08-24 15:00:00,0.256320833
2020-08-24 16:00:00,0.256575
2020-08-24 17:00:00,0.256802778
2020-08-24 18:00:00,0.256988889
2020-08-24 19:00:00,0.257172222
2020-08-24 20:00:00,0.2573375
2020-08-24 21:00:00,0.257504167
2020-08-24 22:00:00,0.257686111
2020-08-24 23:00:00,0.257880556
2020-08-25 00:00:00,0.258116667
2020-08-25 01:00:00,0.258440278
2020-08-25 02:00:00,0.258779167
2020-08-25 03:00:00,0.259120833
2020-08-25 04:00:00,0.259495833
2020-08-25 05:00:00,0.259934722
2020-08-25 06:00:00,0.260376389
2020-08-25 07:00:00,0.260822222
2020-08-25 08:00:00,0.261279167
2020-08-25 09:00:00,0.261695833
2020-08-25 10:00:00,0.262086111
2020-08-25 11:00:00,0.262447222
2020-08-25 12:00:00,0.262759722
2020-08-25 13:00:00,0.263047222
2020-08-25 14:00:00,0.263318056
2020-08-25 15:00:00,0.263572222
2020-08-25 16:00:00,0.263806944
2020-08-25 17:00:00,0.264019444
2020-08-25 18:00:00,0.264216667
2020-08-25 19:00:00,0.2644
2020-08-25 20:00:00,0.264616667
2020-08-25 21:00:00,0.264823611
2020-08-25 22:00:00,0.265027778
2020-08-25 23:00:00,0.265280556
2020-08-26 00:00:00,0.265563889
2020-08-26 01:00:00,0.265876389
2020-08-26 02:00:00,0.266225
2020-08-26 03:00:00,0.266602778
2020-08-26 04:00:00,0.266995833
2020-08-26 05:00:00,0.267415278
2020-08-26 06:00:00,0.267859722
2020-08-26 07:00:00,0.268313889
2020-08-26 08:00:00,0.268776389
2020-08-26 09:00:00,0.269247222
2020-08-26 10:00:00,0.269683333
2020-08-26 11:00:00,0.270127778
2020-08-26 12:00:00,0.270534722
2020-08-26 13:00:00,0.270919444
2020-08-26 14:00:00,0.271297222
2020-08-26 15:00:00,0.271594444
2020-08-26 16:00:00,0.271884722
2020-08-26 17:00:00,0.272175
2020-08-26 18:00:00,0.272430556
2020-08-26 19:00:00,0.272688889
2020-08-26 20:00:00,0.272922222
2020-08-26 21:00:00,0.273120833
2020-08-26 22:00:00,0.273298611
2020-08-26 23:00:00,0.273441667
2020-08-27 00:00:00,0.273588889
2020-08-27 01:00:00,0.273559722
2020-08-27 02:00:00,0.273777778
2020-08-27 03:00:00,0.274129167
2020-08-27 04:00:00,0.2744
2020-08-27 05:00:00,0.274715278
2020-08-27 06:00:00,0.275065278
2020-08-27 07:00:00,0.2753875
2020-08-27 08:00:00,0.275725
2020-08-27 09:00:00,0.27605
2020-08-27 10:00:00,0.276320833
2020-08-27 11:00:00,0.276601389
2020-08-27 12:00:00,0.276894444
2020-08-27 13:00:00,0.277163889
2020-08-27 14:00:00,0.2774125
2020-08-27 15:00:00,0.277684722
2020-08-27 16:00:00,0.277966667
2020-08-27 17:00:00,0.278215278
2020-08-27 18:00:00,0.278433333
2020-08-27 19:00:00,0.278668056
2020-08-27 20:00:00,0.278829167
2020-08-27 21:00:00,0.278963889
2020-08-27 22:00:00,0.279081944
2020-08-27 23:00:00,0.279163889
2020-08-28 00:00:00,0.279240278
2020-08-28 01:00:00,0.279325
2020-08-28 02:00:00,0.279481944
2020-08-28 03:00:00,0.279580556
2020-08-28 04:00:00,0.2796875
2020-08-28 05:00:00,0.279829167
2020-08-28 06:00:00,0.279959722
2020-08-28 07:00:00,0.280123611
2020-08-28 08:00:00,0.280294444
2020-08-28 09:00:00,0.280483333
2020-08-28 10:00:00,0.280691667
2020-08-28 11:00:00,0.280901389
2020-08-28 12:00:00,0.281120833
2020-08-28 13:00:00,0.281358333
2020-08-28 14:00:00,0.281616667
2020-08-28 15:00:00,0.2819125
2020-08-28 16:00:00,0.282211111
2020-08-28 17:00:00,0.282491667
2020-08-28 18:00:00,0.282783333
2020-08-28 19:00:00,0.283083333
2020-08-28 20:00:00,0.283368056
2020-08-28 21:00:00,0.283634722
2020-08-28 22:00:00,0.283851389
2020-08-28 23:00:00,0.2840875
2020-08-29 00:00:00,0.284318056
2020-08-29 01:00:00,0.284558333
2020-08-29 02:00:00,0.284881944
2020-08-29 03:00:00,0.285129167
2020-08-29 04:00:00,0.285406944
2020-08-29 05:00:00,0.285691667
2020-08-29 06:00:00,0.285958333
2020-08-29 07:00:00,0.286201389
2020-08-29 08:00:00,0.286466667
2020-08-29 09:00:00,0.286729167
2020-08-29 10:00:00,0.286973611
2020-08-29 11:00:00,0.2872625
2020-08-29 12:00:00,0.287491667
2020-08-29 13:00:00,0.287752778
2020-08-29 14:00:00,0.287995833
2020-08-29 15:00:00,0.288268056
2020-08-29 16:00:00,0.2885375
2020-08-29 17:00:00,0.28885
2020-08-29 18:00:00,0.289144444
2020-08-29 19:00:00,0.289440278
2020-08-29 20:00:00,0.289756944
2020-08-29 21:00:00,0.290090278
2020-08-29 22:00:00,0.290447222
2020-08-29 23:00:00,0.290802778
2020-08-30 00:00:00,0.291166667
2020-08-30 01:00:00,0.29155
2020-08-30 02:00:00,0.291943056
2020-08-30 03:00:00,0.292352778
2020-08-30 04:00:00,0.292747222
2020-08-30 05:00:00,0.293159722
2020-08-30 06:00:00,0.293544444
2020-08-30 07:00:00,0.293968056
2020-08-30 08:00:00,0.294391667
2020-08-30 09:00:00,0.294848611
2020-08-30 10:00:00,0.295361111
2020-08-30 11:00:00,0.295886111
2020-08-30 12:00:00,0.296470833
2020-08-30 13:00:00,0.29715
2020-08-30 14:00:00,0.297822222
2020-08-30 15:00:00,0.298595833
2020-08-30 16:00:00,0.299415278
2020-08-30 17:00:00,0.300297222
2020-08-30 18:00:00,0.301254167
2020-08-30 19:00:00,0.302179167
2020-08-30 20:00:00,0.303127778
2020-08-30 21:00:00,0.304131944
2020-08-30 22:00:00,0.305144444
2020-08-30 23:00:00,0.306158333
2020-08-31 00:00:00,0.307191667
2020-08-31 01:00:00,0.308293056
2020-08-31 02:00:00,0.309366667
2020-08-31 03:00:00,0.310427778
2020-08-31 04:00:00,0.311494444
2020-08-31 05:00:00,0.312547222
2020-08-31 06:00:00,0.313568056
2020-08-31 07:00:00,0.314580556
2020-08-31 08:00:00,0.315609722
2020-08-31 09:00:00,0.316627778
2020-08-31 10:00:00,0.317645833
2020-08-31 11:00:00,0.318655556
2020-08-31 12:00:00,0.319679167
2020-08-31 13:00:00,0.320695833
2020-08-31 14:00:00,0.321729167
2020-08-31 15:00:00,0.322813889
2020-08-31 16:00:00,0.323951389
2020-08-31 17:00:00,0.325152778
2020-08-31 18:00:00,0.326348611
2020-08-31 19:00:00,0.327606944
2020-08-31 20:00:00,0.328913889
2020-08-31 21:00:00,0.330229167
2020-08-31 22:00:00,0.331641667
2020-08-31 23:00:00,0.3331375
2021-08-01 00:00:00,0.196713889
2021-08-01 01:00:00,0.196713889
2021-08-01 02:00:00,0.196784722
2021-08-01 03:00:00,0.196929167
2021-08-01 04:00:00,0.197154167
2021-08-01 05:00:00,0.1974625
2021-08-01 06:00:00,0.1978375
2021-08-01 07:00:00,0.198270833
2021-08-01 08:00:00,0.198752778
2021-08-01 09:00:00,0.199240278
2021-08-01 10:00:00,0.1997375
2021-08-01 11:00:00,0.200251389
2021-08-01 12:00:00,0.200756944
2021-08-01 13:00:00,0.2012625
2021-08-01 14:00:00,0.201775
2021-08-01 15:00:00,0.202276389
2021-08-01 16:00:00,0.202752778
2021-08-01 17:00:00,0.203206944
2021-08-01 18:00:00,0.203633333
2021-08-01 19:00:00,0.203997222
2021-08-01 20:00:00,0.204318056
2021-08-01 21:00:00,0.204601389
2021-08-01 22:00:00,0.204847222
2021-08-01 23:00:00,0.205052778
2021-08-02 00:00:00,0.205286111
2021-08-02 01:00:00,0.205548611
2021-08-02 02:00:00,0.205790278
2021-08-02 03:00:00,0.206061111
2021-08-02 04:00:00,0.206380556
2021-08-02 05:00:00,0.206743056
2021-08-02 06:00:00,0.207134722
2021-08-02 07:00:00,0.20755
2021-08-02 08:00:00,0.207963889
2021-08-02 09:00:00,0.208398611
2021-08-02 10:00:00,0.208854167
2021-08-02 11:00:00,0.209308333
2021-08-02 12:00:00,0.209741667
2021-08-02 13:00:00,0.210165278
2021-08-02 14:00:00,0.210569444
2021-08-02 15:00:00,0.2109375
2021-08-02 16:00:00,0.211297222
2021-08-02 17:00:00,0.211593056
2021-08-02 18:00:00,0.2118625
2021-08-02 19:00:00,0.212097222
2021-08-02 20:00:00,0.212305556
2021-08-02 21:00:00,0.212493056
2021-08-02 22:00:00,0.212640278
2021-08-02 23:00:00,0.212745833
2021-08-03 00:00:00,0.212811111
2021-08-03 01:00:00,0.212870833
2021-08-03 02:00:00,0.212936111
2021-08-03 03:00:00,0.213022222
2021-08-03 04:00:00,0.213101389
2021-08-03 05:00:00,0.213194444
2021-08-03 06:00:00,0.213323611
2021-08-03 07:00:00,0.213475
2021-08-03 08:00:00,0.213645833
2021-08-03 09:00:00,0.2138375
2021-08-03 10:00:00,0.214033333
2021-08-03 11:00:00,0.214266667
2021-08-03 12:00:00,0.214508333
2021-08-03 13:00:00,0.214755556
2021-08-03 14:00:00,0.215026389
2021-08-03 15:00:00,0.215322222
2021-08-03 16:00:00,0.215613889
2021-08-03 17:00:00,0.215906944
2021-08-03 18:00:00,0.216172222
2021-08-03 19:00:00,0.2164375
2021-08-03 20:00:00,0.216695833
2021-08-03 21:00:00,0.216904167
2021-08-03 22:00:00,0.217111111
2021-08-03 23:00:00,0.217330556
2021-08-04 00:00:00,0.217477778
2021-08-04 01:00:00,0.217576389
2021-08-04 02:00:00,0.217708333
2021-08-04 03:00:00,0.2177625
2021-08-04 04:00:00,0.217768056
2021-08-04 05:00:00,0.217788889
2021-08-04 06:00:00,0.217815278
2021-08-04 07:00:00,0.217797222
2021-08-04 08:00:00,0.217815278
2021-08-04 09:00:00,0.217843056
2021-08-04 10:00:00,0.217861111
2021-08-04 11:00:00,0.217879167
2021-08-04 12:00:00,0.217916667
2021-08-04 13:00:00,0.217952778
2021-08-04 14:00:00,0.218036111
2021-08-04 15:00:00,0.218113889
2021-08-04 16:00:00,0.218206944
2021-08-04 17:00:00,0.218347222
2021-08-04 18:00:00,0.218444444
2021-08-04 19:00:00,0.218572222
2021-08-04 20:00:00,0.218713889
2021-08-04 21:00:00,0.218843056
2021-08-04 22:00:00,0.218980556
2021-08-04 23:00:00,0.219118056
2021-08-05 00:00:00,0.219265278
2021-08-05 01:00:00,0.219354167
2021-08-05 02:00:00,0.219416667
2021-08-05 03:00:00,0.219463889
2021-08-05 04:00:00,0.219477778
2021-08-05 05:00:00,0.219476389
2021-08-05 06:00:00,0.219448611
2021-08-05 07:00:00,0.219398611
2021-08-05 08:00:00,0.219331944
2021-08-05 09:00:00,0.219283333
2021-08-05 10:00:00,0.219216667
2021-08-05 11:00:00,0.219130556
2021-08-05 12:00:00,0.219061111
2021-08-05 13:00:00,0.219001389
2021-08-05 14:00:00,0.218945833
2021-08-05 15:00:00,0.218927778
2021-08-05 16:00:00,0.218888889
2021-08-05 17:00:00,0.218979167
2021-08-05 18:00:00,0.219090278
2021-08-05 19:00:00,0.219179167
2021-08-05 20:00:00,0.219283333
2021-08-05 21:00:00,0.219431944
2021-08-05 22:00:00,0.219609722
2021-08-05 23:00:00,0.219784722
2021-08-06 00:00:00,0.219955556
2021-08-06 01:00:00,0.2200875
2021-08-06 02:00:00,0.220206944
2021-08-06 03:00:00,0.220305556
2021-08-06 04:00:00,0.220390278
2021-08-06 05:00:00,0.220443056
2021-08-06 06:00:00,0.220486111
2021-08-06 07:00:00,0.220511111
2021-08-06 08:00:00,0.220519444
2021-08-06 09:00:00,0.220506944
2021-08-06 10:00:00,0.220484722
2021-08-06 11:00:00,0.220472222
2021-08-06 12:00:00,0.220456944
2021-08-06 13:00:00,0.220461111
2021-08-06 14:00:00,0.220479167
2021-08-06 15:00:00,0.220505556
2021-08-06 16:00:00,0.220555556
2021-08-06 17:00:00,0.220643056
2021-08-06 18:00:00,0.220788889
2021-08-06 19:00:00,0.22095
2021-08-06 20:00:00,0.221108333
2021-08-06 21:00:00,0.221319444
2021-08-06 22:00:00,0.221552778
2021-08-06 23:00:00,0.221779167
2021-08-07 00:00:00,0.222015278
2021-08-07 01:00:00,0.222269444
2021-08-07 02:00:00,0.222515278
2021-08-07 03:00:00,0.222772222
2021-08-07 04:00:00,0.223022222
2021-08-07 05:00:00,0.223255556
2021-08-07 06:00:00,0.22345
2021-08-07 07:00:00,0.223641667
2021-08-07 08:00:00,0.223809722
2021-08-07 09:00:00,0.223938889
2021-08-07 10:00:00,0.224026389
2021-08-07 11:00:00,0.224068056
2021-08-07 12:00:00,0.2241
2021-08-07 13:00:00,0.224122222
2021-08-07 14:00:00,0.224151389
2021-08-07 15:00:00,0.224193056
2021-08-07 16:00:00,0.2242125
2021-08-07 17:00:00,0.224245833
2021-08-07 18:00:00,0.224327778
2021-08-07 19:00:00,0.224484722
2021-08-07 20:00:00,0.224658333
2021-08-07 21:00:00,0.224852778
2021-08-07 22:00:00,0.225063889
2021-08-07 23:00:00,0.225316667
2021-08-08 00:00:00,0.225602778
2021-08-08 01:00:00,0.225904167
2021-08-08 02:00:00,0.226245833
2021-08-08 03:00:00,0.226591667
2021-08-08 04:00:00,0.226941667
2021-08-08 05:00:00,0.2272875
2021-08-08 06:00:00,0.227633333
2021-08-08 07:00:00,0.2279625
2021-08-08 08:00:00,0.228238889
2021-08-08 09:00:00,0.228452778
2021-08-08 10:00:00,0.228655556
2021-08-08 11:00:00,0.228797222
2021-08-08 12:00:00,0.228898611
2021-08-08 13:00:00,0.228995833
2021-08-08 14:00:00,0.229052778
2021-08-08 15:00:00,0.229069444
2021-08-08 16:00:00,0.229106944
2021-08-08 17:00:00,0.229134722
2021-08-08 18:00:00,0.229138889
2021-08-08 19:00:00,0.229173611
2021-08-08 20:00:00,0.229216667
2021-08-08 21:00:00,0.229290278
2021-08-08 22:00:00,0.229368056
2021-08-08 23:00:00,0.229475
2021-08-09 00:00:00,0.229598611
2021-08-09 01:00:00,0.229752778
2021-08-09 02:00:00,0.229934722
2021-08-09 03:00:00,0.230151389
2021-08-09 04:00:00,0.230381944
2021-08-09 05:00:00,0.230645833
2021-08-09 06:00:00,0.230918056
2021-08-09 07:00:00,0.2311875
2021-08-09 08:00:00,0.231411111
2021-08-09 09:00:00,0.231630556
2021-08-09 10:00:00,0.231829167
2021-08-09 11:00:00,0.231948611
2021-08-09 12:00:00,0.232036111
2021-08-09 13:00:00,0.232063889
2021-08-09 14:00:00,0.232055556
2021-08-09 15:00:00,0.232030556
2021-08-09 16:00:00,0.231981944
2021-08-09 17:00:00,0.231919444
2021-08-09 18:00:00,0.231833333
2021-08-09 19:00:00,0.231758333
2021-08-09 20:00:00,0.231690278
2021-08-09 21:00:00,0.231676389
2021-08-09 22:00:00,0.231711111
2021-08-09 23:00:00,0.23175
2021-08-10 00:00:00,0.231840278
2021-08-10 01:00:00,0.231929167
2021-08-10 02:00:00,0.232065278
2021-08-10 03:00:00,0.232259722
2021-08-10 04:00:00,0.232459722
2021-08-10 05:00:00,0.2327125
2021-08-10 06:00:00,0.233009722
2021-08-10 07:00:00,0.233325
2021-08-10 08:00:00,0.233636111
2021-08-10 09:00:00,0.233918056
2021-08-10 10:00:00,0.234161111
2021-08-10 11:00:00,0.234323611
2021-08-10 12:00:00,0.234425
2021-08-10 13:00:00,0.234454167
2021-08-10 14:00:00,0.234416667
2021-08-10 15:00:00,0.234345833
2021-08-10 16:00:00,0.234238889
2021-08-10 17:00:00,0.234123611
2021-08-10 18:00:00,0.234013889
2021-08-10 19:00:00,0.233923611
2021-08-10 20:00:00,0.233844444
2021-08-10 21:00:00,0.233784722
2021-08-10 22:00:00,0.233780556
2021-08-10 23:00:00,0.233868056
2021-08-11 00:00:00,0.233940278
2021-08-11 01:00:00,0.234040278
2021-08-11 02:00:00,0.234193056
2021-08-11 03:00:00,0.234380556
2021-08-11 04:00:00,0.234626389
2021-08-11 05:00:00,0.234920833
2021-08-11 06:00:00,0.235245833
2021-08-11 07:00:00,0.235609722
2021-08-11 08:00:00,0.235925
2021-08-11 09:00:00,0.236248611
2021-08-11 10:00:00,0.236520833
2021-08-11 11:00:00,0.236720833
2021-08-11 12:00:00,0.236876389
2021-08-11 13:00:00,0.236952778
2021-08-11 14:00:00,0.236954167
2021-08-11 15:00:00,0.236898611
2021-08-11 16:00:00,0.2368
2021-08-11 17:00:00,0.236648611
2021-08-11 18:00:00,0.236495833
2021-08-11 19:00:00,0.236355556
2021-08-11 20:00:00,0.236234722
2021-08-11 21:00:00,0.236145833
2021-08-11 22:00:00,0.236113889
2021-08-11 23:00:00,0.236154167
2021-08-12 00:00:00,0.236252778
2021-08-12 01:00:00,0.236368056
2021-08-12 02:00:00,0.236609722
2021-08-12 03:00:00,0.236911111
2021-08-12 04:00:00,0.237277778
2021-08-12 05:00:00,0.237645833
2021-08-12 06:00:00,0.238075
2021-08-12 07:00:00,0.238476389
2021-08-12 08:00:00,0.238873611
2021-08-12 09:00:00,0.239281944
2021-08-12 10:00:00,0.239631944
2021-08-12 11:00:00,0.239959722
2021-08-12 12:00:00,0.240247222
2021-08-12 13:00:00,0.240530556
2021-08-12 14:00:00,0.240748611
2021-08-12 15:00:00,0.240930556
2021-08-12 16:00:00,0.241058333
2021-08-12 17:00:00,0.24115
2021-08-12 18:00:00,0.2412375
2021-08-12 19:00:00,0.241283333
2021-08-12 20:00:00,0.2413125
2021-08-12 21:00:00,0.241334722
2021-08-12 22:00:00,0.241408333
2021-08-12 23:00:00,0.241491667
2021-08-13 00:00:00,0.241622222
2021-08-13 01:00:00,0.241826389
2021-08-13 02:00:00,0.242079167
2021-08-13 03:00:00,0.242433333
2021-08-13 04:00:00,0.242844444
2021-08-13 05:00:00,0.243283333
2021-08-13 06:00:00,0.243738889
2021-08-13 07:00:00,0.244223611
2021-08-13 08:00:00,0.244743056
2021-08-13 09:00:00,0.245219444
2021-08-13 10:00:00,0.245633333
2021-08-13 11:00:00,0.246044444
2021-08-13 12:00:00,0.246404167
2021-08-13 13:00:00,0.246720833
2021-08-13 14:00:00,0.246997222
2021-08-13 15:00:00,0.247233333
2021-08-13 16:00:00,0.247436111
2021-08-13 17:00:00,0.247611111
2021-08-13 18:00:00,0.247775
2021-08-13 19:00:00,0.247930556
2021-08-13 20:00:00,0.248090278
2021-08-13 21:00:00,0.248255556
2021-08-13 22:00:00,0.248459722
2021-08-13 23:00:00,0.248679167
2021-08-14 00:00:00,0.248948611
2021-08-14 01:00:00,0.249277778
2021-08-14 02:00:00,0.2496625
2021-08-14 03:00:00,0.250119444
2021-08-14 04:00:00,0.250654167
2021-08-14 05:00:00,0.251270833
2021-08-14 06:00:00,0.251941667
2021-08-14 07:00:00,0.252711111
2021-08-14 08:00:00,0.253515278
2021-08-14 09:00:00,0.2543625
2021-08-14 10:00:00,0.255269444
2021-08-14 11:00:00,0.256184722
2021-08-14 12:00:00,0.257141667
2021-08-14 13:00:00,0.258076389
2021-08-14 14:00:00,0.259029167
2021-08-14 15:00:00,0.260069444
2021-08-14 16:00:00,0.261125
2021-08-14 17:00:00,0.262077778
2021-08-14 18:00:00,0.263051389
2021-08-14 19:00:00,0.263976389
2021-08-14 20:00:00,0.264884722
2021-08-14 21:00:00,0.265670833
2021-08-14 22:00:00,0.266495833
2021-08-14 23:00:00,0.267326389
2021-08-15 00:00:00,0.268113889
2021-08-15 01:00:00,0.268891667
2021-08-15 02:00:00,0.269675
2021-08-15 03:00:00,0.270454167
2021-08-15 04:00:00,0.271230556
2021-08-15 05:00:00,0.271983333
2021-08-15 06:00:00,0.2727625
2021-08-15 07:00:00,0.273543056
2021-08-15 08:00:00,0.274305556
2021-08-15 09:00:00,0.275051389
2021-08-15 10:00:00,0.275783333
2021-08-15 11:00:00,0.276484722
2021-08-15 12:00:00,0.277168056
2021-08-15 13:00:00,0.277808333
2021-08-15 14:00:00,0.278388889
2021-08-15 15:00:00,0.279
2021-08-15 16:00:00,0.279625
2021-08-15 17:00:00,0.280198611
2021-08-15 18:00:00,0.280769444
2021-08-15 19:00:00,0.281313889
2021-08-15 20:00:00,0.281843056
2021-08-15 21:00:00,0.2823125
2021-08-15 22:00:00,0.282831944
2021-08-15 23:00:00,0.283226389
2021-08-16 00:00:00,0.283718056
2021-08-16 01:00:00,0.284201389
2021-08-16 02:00:00,0.284659722
2021-08-16 03:00:00,0.285209722
2021-08-16 04:00:00,0.285606944
2021-08-16 05:00:00,0.286148611
2021-08-16 06:00:00,0.286826389
2021-08-16 07:00:00,0.287426389
2021-08-16 08:00:00,0.288036111
2021-08-16 09:00:00,0.288638889
2021-08-16 10:00:00,0.289268056
2021-08-16 11:00:00,0.289863889
2021-08-16 12:00:00,0.290402778
2021-08-16 13:00:00,0.290965278
2021-08-16 14:00:00,0.291531944
2021-08-16 15:00:00,0.292109722
2021-08-16 16:00:00,0.2926375
2021-08-16 17:00:00,0.293172222
2021-08-16 18:00:00,0.293626389
2021-08-16 19:00:00,0.294048611
2021-08-16 20:00:00,0.294451389
2021-08-16 21:00:00,0.294845833
2021-08-16 22:00:00,0.295183333
2021-08-16 23:00:00,0.295523611
2021-08-17 00:00:00,0.295836111
2021-08-17 01:00:00,0.296102778
2021-08-17 02:00:00,0.2963375
2021-08-17 03:00:00,0.296570833
2021-08-17 04:00:00,0.296766667
2021-08-17 05:00:00,0.296983333
2021-08-17 06:00:00,0.297211111
2021-08-17 07:00:00,0.297426389
2021-08-17 08:00:00,0.297652778
2021-08-17 09:00:00,0.297880556
2021-08-17 10:00:00,0.298104167
2021-08-17 11:00:00,0.2983375
2021-08-17 12:00:00,0.298554167
2021-08-17 13:00:00,0.298781944
2021-08-17 14:00:00,0.298986111
2021-08-17 15:00:00,0.299188889
2021-08-17 16:00:00,0.299415278
2021-08-17 17:00:00,0.299638889
2021-08-17 18:00:00,0.299868056
2021-08-17 19:00:00,0.300077778
2021-08-17 20:00:00,0.300288889
2021-08-17 21:00:00,0.300463889
2021-08-17 22:00:00,0.300645833
2021-08-17 23:00:00,0.300829167
2021-08-18 00:00:00,0.300997222
2021-08-18 01:00:00,0.301094444
2021-08-18 02:00:00,0.301293056
2021-08-18 03:00:00,0.301515278
2021-08-18 04:00:00,0.301761111
2021-08-18 05:00:00,0.302045833
2021-08-18 06:00:00,0.302223611
2021-08-18 07:00:00,0.302402778
2021-08-18 08:00:00,0.302576389
2021-08-18 09:00:00,0.302763889
2021-08-18 10:00:00,0.302922222
2021-08-18 11:00:00,0.303091667
2021-08-18 12:00:00,0.303243056
2021-08-18 13:00:00,0.303395833
2021-08-18 14:00:00,0.303541667
2021-08-18 15:00:00,0.303668056
2021-08-18 16:00:00,0.303793056
2021-08-18 17:00:00,0.303933333
2021-08-18 18:00:00,0.304059722
2021-08-18 19:00:00,0.304177778
2021-08-18 20:00:00,0.304256944
2021-08-18 21:00:00,0.304373611
2021-08-18 22:00:00,0.304483333
2021-08-18 23:00:00,0.3045125
2021-08-19 00:00:00,0.304591667
2021-08-19 01:00:00,0.304738889
2021-08-19 02:00:00,0.304859722
2021-08-19 03:00:00,0.304961111
2021-08-19 04:00:00,0.305069444
2021-08-19 05:00:00,0.305175
2021-08-19 06:00:00,0.305284722
2021-08-19 07:00:00,0.305405556
2021-08-19 08:00:00,0.305497222
2021-08-19 09:00:00,0.305581944
2021-08-19 10:00:00,0.305679167
2021-08-19 11:00:00,0.305772222
2021-08-19 12:00:00,0.305865278
2021-08-19 13:00:00,0.305975
2021-08-19 14:00:00,0.3060625
2021-08-19 15:00:00,0.306172222
2021-08-19 16:00:00,0.306273611
2021-08-19 17:00:00,0.306365278
2021-08-19 18:00:00,0.306469444
2021-08-19 19:00:00,0.306563889
2021-08-19 20:00:00,0.306647222
2021-08-19 21:00:00,0.306719444
2021-08-19 22:00:00,0.306793056
2021-08-19 23:00:00,0.306888889
2021-08-20 00:00:00,0.306956944
2021-08-20 01:00:00,0.306995833
2021-08-20 02:00:00,0.307033333
2021-08-20 03:00:00,0.307106944
2021-08-20 04:00:00,0.307154167
2021-08-20 05:00:00,0.3072
2021-08-20 06:00:00,0.307244444
2021-08-20 07:00:00,0.307254167
2021-08-20 08:00:00,0.307273611
2021-08-20 09:00:00,0.307277778
2021-08-20 10:00:00,0.307273611
2021-08-20 11:00:00,0.3072625
2021-08-20 12:00:00,0.307247222
2021-08-20 13:00:00,0.307227778
2021-08-20 14:00:00,0.3072125
2021-08-20 15:00:00,0.307204167
2021-08-20 16:00:00,0.307216667
2021-08-20 17:00:00,0.307272222
2021-08-20 18:00:00,0.307334722
2021-08-20 19:00:00,0.307406944
2021-08-20 20:00:00,0.307490278
2021-08-20 21:00:00,0.307588889
2021-08-20 22:00:00,0.307691667
2021-08-20 23:00:00,0.307788889
2021-08-21 00:00:00,0.307893056
2021-08-21 01:00:00,0.307991667
2021-08-21 02:00:00,0.308101389
2021-08-21 03:00:00,0.30825
2021-08-21 04:00:00,0.308376389
2021-08-21 05:00:00,0.308470833
2021-08-21 06:00:00,0.308525
2021-08-21 07:00:00,0.30865
2021-08-21 08:00:00,0.308756944
2021-08-21 09:00:00,0.308831944
2021-08-21 10:00:00,0.308893056
2021-08-21 11:00:00,0.308929167
2021-08-21 12:00:00,0.308954167
2021-08-21 13:00:00,0.3089875
2021-08-21 14:00:00,0.308997222
2021-08-21 15:00:00,0.308994444
2021-08-21 16:00:00,0.309011111
2021-08-21 17:00:00,0.309016667
2021-08-21 18:00:00,0.309034722
2021-08-21 19:00:00,0.309059722
2021-08-21 20:00:00,0.309080556
2021-08-21 21:00:00,0.309113889
2021-08-21 22:00:00,0.309166667
2021-08-21 23:00:00,0.309225
2021-08-22 00:00:00,0.309298611
2021-08-22 01:00:00,0.309380556
2021-08-22 02:00:00,0.309486111
2021-08-22 03:00:00,0.309609722
2021-08-22 04:00:00,0.309747222
2021-08-22 05:00:00,0.309894444
2021-08-22 06:00:00,0.310033333
2021-08-22 07:00:00,0.310170833
2021-08-22 08:00:00,0.310298611
2021-08-22 09:00:00,0.310406944
2021-08-22 10:00:00,0.310486111
2021-08-22 11:00:00,0.310536111
2021-08-22 12:00:00,0.310565278
2021-08-22 13:00:00,0.310568056
2021-08-22 14:00:00,0.310565278
2021-08-22 15:00:00,0.310534722
2021-08-22 16:00:00,0.310490278
2021-08-22 17:00:00,0.310443056
2021-08-22 18:00:00,0.3104125
2021-08-22 19:00:00,0.310393056
2021-08-22 20:00:00,0.310379167
2021-08-22 21:00:00,0.310381944
2021-08-22 22:00:00,0.310401389
2021-08-22 23:00:00,0.3104375
2021-08-23 00:00:00,0.3104875
2021-08-23 01:00:00,0.310555556
2021-08-23 02:00:00,0.310658333
2021-08-23 03:00:00,0.310788889
2021-08-23 04:00:00,0.310933333
2021-08-23 05:00:00,0.311079167
2021-08-23 06:00:00,0.3112375
2021-08-23 07:00:00,0.311408333
2021-08-23 08:00:00,0.311569444
2021-08-23 09:00:00,0.311675
2021-08-23 10:00:00,0.311740278
2021-08-23 11:00:00,0.311794444
2021-08-23 12:00:00,0.311801389
2021-08-23 13:00:00,0.311775
2021-08-23 14:00:00,0.311743056
2021-08-23 15:00:00,0.311691667
2021-08-23 16:00:00,0.31165
2021-08-23 17:00:00,0.3116125
2021-08-23 18:00:00,0.311597222
2021-08-23 19:00:00,0.311620833
2021-08-23 20:00:00,0.311706944
2021-08-23 21:00:00,0.3117875
2021-08-23 22:00:00,0.311901389
2021-08-23 23:00:00,0.312056944
2021-08-24 00:00:00,0.312215278
2021-08-24 01:00:00,0.312411111
2021-08-24 02:00:00,0.312616667
2021-08-24 03:00:00,0.312843056
2021-08-24 04:00:00,0.313113889
2021-08-24 05:00:00,0.313405556
2021-08-24 06:00:00,0.313731944
2021-08-24 07:00:00,0.314025
2021-08-24 08:00:00,0.314280556
2021-08-24 09:00:00,0.314515278
2021-08-24 10:00:00,0.3146875
2021-08-24 11:00:00,0.314776389
2021-08-24 12:00:00,0.314818056
2021-08-24 13:00:00,0.314784722
2021-08-24 14:00:00,0.314675
2021-08-24 15:00:00,0.3145875
2021-08-24 16:00:00,0.314484722
2021-08-24 17:00:00,0.314375
2021-08-24 18:00:00,0.314293056
2021-08-24 19:00:00,0.314222222
2021-08-24 20:00:00,0.314208333
2021-08-24 21:00:00,0.314233333
2021-08-24 22:00:00,0.314302778
2021-08-24 23:00:00,0.314391667
2021-08-25 00:00:00,0.314536111
2021-08-25 01:00:00,0.3147125
2021-08-25 02:00:00,0.3149375
2021-08-25 03:00:00,0.315202778
2021-08-25 04:00:00,0.315525
2021-08-25 05:00:00,0.315890278
2021-08-25 06:00:00,0.316275
2021-08-25 07:00:00,0.316675
2021-08-25 08:00:00,0.317059722
2021-08-25 09:00:00,0.317411111
2021-08-25 10:00:00,0.317693056
2021-08-25 11:00:00,0.317891667
2021-08-25 12:00:00,0.318005556
2021-08-25 13:00:00,0.318036111
2021-08-25 14:00:00,0.317954167
2021-08-25 15:00:00,0.317847222
2021-08-25 16:00:00,0.317702778
2021-08-25 17:00:00,0.317531944
2021-08-25 18:00:00,0.317358333
2021-08-25 19:00:00,0.3172
2021-08-25 20:00:00,0.317063889
2021-08-25 21:00:00,0.316977778
2021-08-25 22:00:00,0.3169625
2021-08-25 23:00:00,0.316966667
2021-08-26 00:00:00,0.316975
2021-08-26 01:00:00,0.317043056
2021-08-26 02:00:00,0.317165278
2021-08-26 03:00:00,0.317331944
2021-08-26 04:00:00,0.317505556
2021-08-26 05:00:00,0.317743056
2021-08-26 06:00:00,0.3180625
2021-08-26 07:00:00,0.318340278
2021-08-26 08:00:00,0.318584722
2021-08-26 09:00:00,0.318843056
2021-08-26 10:00:00,0.318986111
2021-08-26 11:00:00,0.319068056
2021-08-26 12:00:00,0.319052778
2021-08-26 13:00:00,0.318926389
2021-08-26 14:00:00,0.318738889
2021-08-26 15:00:00,0.318494444
2021-08-26 16:00:00,0.318176389
2021-08-26 17:00:00,0.317811111
2021-08-26 18:00:00,0.317440278
2021-08-26 19:00:00,0.317065278
2021-08-26 20:00:00,0.316756944
2021-08-26 21:00:00,0.316495833
2021-08-26 22:00:00,0.316298611
2021-08-26 23:00:00,0.3162
2021-08-27 00:00:00,0.316188889
2021-08-27 01:00:00,0.316266667
2021-08-27 02:00:00,0.316402778
2021-08-27 03:00:00,0.316615278
2021-08-27 04:00:00,0.316898611
2021-08-27 05:00:00,0.317225
2021-08-27 06:00:00,0.3175375
2021-08-27 07:00:00,0.317847222
2021-08-27 08:00:00,0.318165278
2021-08-27 09:00:00,0.318465278
2021-08-27 10:00:00,0.3187
2021-08-27 11:00:00,0.318866667
2021-08-27 12:00:00,0.3189375
2021-08-27 13:00:00,0.318919444
2021-08-27 14:00:00,0.318830556
2021-08-27 15:00:00,0.318651389
2021-08-27 16:00:00,0.318383333
2021-08-27 17:00:00,0.318045833
2021-08-27 18:00:00,0.317677778
2021-08-27 19:00:00,0.317315278
2021-08-27 20:00:00,0.316961111
2021-08-27 21:00:00,0.316609722
2021-08-27 22:00:00,0.316388889
2021-08-27 23:00:00,0.316223611
2021-08-28 00:00:00,0.316145833
2021-08-28 01:00:00,0.316145833
2021-08-28 02:00:00,0.316223611
2021-08-28 03:00:00,0.316383333
2021-08-28 04:00:00,0.316586111
2021-08-28 05:00:00,0.316851389
2021-08-28 06:00:00,0.317123611
2021-08-28 07:00:00,0.317413889
2021-08-28 08:00:00,0.317698611
2021-08-28 09:00:00,0.317943056
2021-08-28 10:00:00,0.3181375
2021-08-28 11:00:00,0.318308333
2021-08-28 12:00:00,0.31845
2021-08-28 13:00:00,0.318504167
2021-08-28 14:00:00,0.318523611
2021-08-28 15:00:00,0.318509722
2021-08-28 16:00:00,0.318436111
2021-08-28 17:00:00,0.318333333
2021-08-28 18:00:00,0.318186111
2021-08-28 19:00:00,0.317995833
2021-08-28 20:00:00,0.317790278
2021-08-28 21:00:00,0.317570833
2021-08-28 22:00:00,0.317352778
2021-08-28 23:00:00,0.317175
2021-08-29 00:00:00,0.317033333
2021-08-29 01:00:00,0.316959722
2021-08-29 02:00:00,0.317002778
2021-08-29 03:00:00,0.317108333
2021-08-29 04:00:00,0.317269444
2021-08-29 05:00:00,0.317479167
2021-08-29 06:00:00,0.317680556
2021-08-29 07:00:00,0.317904167
2021-08-29 08:00:00,0.31815
2021-08-29 09:00:00,0.318359722
2021-08-29 10:00:00,0.318536111
2021-08-29 11:00:00,0.318704167
2021-08-29 12:00:00,0.318829167
2021-08-29 13:00:00,0.318958333
2021-08-29 14:00:00,0.31905
2021-08-29 15:00:00,0.319079167
2021-08-29 16:00:00,0.319119444
2021-08-29 17:00:00,0.319152778
2021-08-29 18:00:00,0.319083333
2021-08-29 19:00:00,0.319056944
2021-08-29 20:00:00,0.318944444
2021-08-29 21:00:00,0.318772222
2021-08-29 22:00:00,0.318594444
2021-08-29 23:00:00,0.318370833
2021-08-30 00:00:00,0.318140278
2021-08-30 01:00:00,0.317965278
2021-08-30 02:00:00,0.317786111
2021-08-30 03:00:00,0.317684722
2021-08-30 04:00:00,0.317627778
2021-08-30 05:00:00,0.317613889
2021-08-30 06:00:00,0.317620833
2021-08-30 07:00:00,0.317688889
2021-08-30 08:00:00,0.317718056
2021-08-30 09:00:00,0.3177625
2021-08-30 10:00:00,0.317872222
2021-08-30 11:00:00,0.317976389
2021-08-30 12:00:00,0.318095833
2021-08-30 13:00:00,0.3182125
2021-08-30 14:00:00,0.318323611
2021-08-30 15:00:00,0.318443056
2021-08-30 16:00:00,0.318516667
2021-08-30 17:00:00,0.318575
2021-08-30 18:00:00,0.318593056
2021-08-30 19:00:00,0.318593056
2021-08-30 20:00:00,0.318540278
2021-08-30 21:00:00,0.31845
2021-08-30 22:00:00,0.318291667
2021-08-30 23:00:00,0.318122222
2021-08-31 00:00:00,0.317933333
2021-08-31 01:00:00,0.317752778
2021-08-31 02:00:00,0.3175875
2021-08-31 03:00:00,0.317444444
2021-08-31 04:00:00,0.317291667
2021-08-31 05:00:00,0.317155556
2021-08-31 06:00:00,0.317016667
2021-08-31 07:00:00,0.316866667
2021-08-31 08:00:00,0.316741667
2021-08-31 09:00:00,0.3166
2021-08-31 10:00:00,0.316472222
2021-08-31 11:00:00,0.316341667
2021-08-31 12:00:00,0.316215278
2021-08-31 13:00:00,0.3161125
2021-08-31 14:00:00,0.315981944
2021-08-31 15:00:00,0.315875
2021-08-31 16:00:00,0.315766667
2021-08-31 17:00:00,0.315638889
2021-08-31 18:00:00,0.315519444
2021-08-31 19:00:00,0.315425
2021-08-31 20:00:00,0.315290278
2021-08-31 21:00:00,0.315216667
2021-08-31 22:00:00,0.315054167
2021-08-31 23:00:00,0.314888889
2022-08-01 00:00:00,0.247143056
2022-08-01 01:00:00,0.247191667
2022-08-01 02:00:00,0.2472875
2022-08-01 03:00:00,0.247422222
2022-08-01 04:00:00,0.247616667
2022-08-01 05:00:00,0.247893056
2022-08-01 06:00:00,0.248218056
2022-08-01 07:00:00,0.248534722
2022-08-01 08:00:00,0.248927778
2022-08-01 09:00:00,0.2493
2022-08-01 10:00:00,0.249640278
2022-08-01 11:00:00,0.249930556
2022-08-01 12:00:00,0.250140278
2022-08-01 13:00:00,0.250244444
2022-08-01 14:00:00,0.250283333
2022-08-01 15:00:00,0.250231944
2022-08-01 16:00:00,0.250088889
2022-08-01 17:00:00,0.249895833
2022-08-01 18:00:00,0.249634722
2022-08-01 19:00:00,0.249356944
2022-08-01 20:00:00,0.249047222
2022-08-01 21:00:00,0.248738889
2022-08-01 22:00:00,0.2484625
2022-08-01 23:00:00,0.248422222
2022-08-02 00:00:00,0.248168056
2022-08-02 01:00:00,0.247963889
2022-08-02 02:00:00,0.247906944
2022-08-02 03:00:00,0.247856944
2022-08-02 04:00:00,0.247879167
2022-08-02 05:00:00,0.247965278
2022-08-02 06:00:00,0.248084722
2022-08-02 07:00:00,0.248258333
2022-08-02 08:00:00,0.2484875
2022-08-02 09:00:00,0.248715278
2022-08-02 10:00:00,0.248920833
2022-08-02 11:00:00,0.249094444
2022-08-02 12:00:00,0.249222222
2022-08-02 13:00:00,0.249252778
2022-08-02 14:00:00,0.249205556
2022-08-02 15:00:00,0.249093056
2022-08-02 16:00:00,0.248905556
2022-08-02 17:00:00,0.248676389
2022-08-02 18:00:00,0.248397222
2022-08-02 19:00:00,0.248070833
2022-08-02 20:00:00,0.247722222
2022-08-02 21:00:00,0.247375
2022-08-02 22:00:00,0.247063889
2022-08-02 23:00:00,0.246772222
2022-08-03 00:00:00,0.246516667
2022-08-03 01:00:00,0.246376389
2022-08-03 02:00:00,0.246288889
2022-08-03 03:00:00,0.246269444
2022-08-03 04:00:00,0.246327778
2022-08-03 05:00:00,0.246433333
2022-08-03 06:00:00,0.246581944
2022-08-03 07:00:00,0.246777778
2022-08-03 08:00:00,0.247019444
2022-08-03 09:00:00,0.247259722
2022-08-03 10:00:00,0.2474875
2022-08-03 11:00:00,0.247745833
2022-08-03 12:00:00,0.247931944
2022-08-03 13:00:00,0.248044444
2022-08-03 14:00:00,0.248116667
2022-08-03 15:00:00,0.248145833
2022-08-03 16:00:00,0.248129167
2022-08-03 17:00:00,0.248075
2022-08-03 18:00:00,0.247943056
2022-08-03 19:00:00,0.247768056
2022-08-03 20:00:00,0.247602778
2022-08-03 21:00:00,0.247429167
2022-08-03 22:00:00,0.247273611
2022-08-03 23:00:00,0.247129167
2022-08-04 00:00:00,0.246993056
2022-08-04 01:00:00,0.246908333
2022-08-04 02:00:00,0.246856944
2022-08-04 03:00:00,0.2468875
2022-08-04 04:00:00,0.246933333
2022-08-04 05:00:00,0.247023611
2022-08-04 06:00:00,0.247161111
2022-08-04 07:00:00,0.247334722
2022-08-04 08:00:00,0.247523611
2022-08-04 09:00:00,0.247705556
2022-08-04 10:00:00,0.2479
2022-08-04 11:00:00,0.248097222
2022-08-04 12:00:00,0.2482625
2022-08-04 13:00:00,0.248409722
2022-08-04 14:00:00,0.248523611
2022-08-04 15:00:00,0.248620833
2022-08-04 16:00:00,0.248665278
2022-08-04 17:00:00,0.248708333
2022-08-04 18:00:00,0.248691667
2022-08-04 19:00:00,0.248654167
2022-08-04 20:00:00,0.248606944
2022-08-04 21:00:00,0.248484722
2022-08-04 22:00:00,0.248365278
2022-08-04 23:00:00,0.248184722
2022-08-05 00:00:00,0.248016667
2022-08-05 01:00:00,0.247870833
2022-08-05 02:00:00,0.247733333
2022-08-05 03:00:00,0.247644444
2022-08-05 04:00:00,0.247593056
2022-08-05 05:00:00,0.247581944
2022-08-05 06:00:00,0.247627778
2022-08-05 07:00:00,0.247669444
2022-08-05 08:00:00,0.24775
2022-08-05 09:00:00,0.247868056
2022-08-05 10:00:00,0.247993056
2022-08-05 11:00:00,0.248133333
2022-08-05 12:00:00,0.248276389
2022-08-05 13:00:00,0.248440278
2022-08-05 14:00:00,0.2485875
2022-08-05 15:00:00,0.248741667
2022-08-05 16:00:00,0.248879167
2022-08-05 17:00:00,0.249002778
2022-08-05 18:00:00,0.249111111
2022-08-05 19:00:00,0.249194444
2022-08-05 20:00:00,0.249227778
2022-08-05 21:00:00,0.249244444
2022-08-05 22:00:00,0.249229167
2022-08-05 23:00:00,0.249180556
2022-08-06 00:00:00,0.249119444
2022-08-06 01:00:00,0.249077778
2022-08-06 02:00:00,0.249008333
2022-08-06 03:00:00,0.248947222
2022-08-06 04:00:00,0.248893056
2022-08-06 05:00:00,0.24885
2022-08-06 06:00:00,0.248840278
2022-08-06 07:00:00,0.248858333
2022-08-06 08:00:00,0.248861111
2022-08-06 09:00:00,0.248891667
2022-08-06 10:00:00,0.248945833
2022-08-06 11:00:00,0.249026389
2022-08-06 12:00:00,0.2491375
2022-08-06 13:00:00,0.249251389
2022-08-06 14:00:00,0.249320833
2022-08-06 15:00:00,0.249380556
2022-08-06 16:00:00,0.249447222
2022-08-06 17:00:00,0.249518056
2022-08-06 18:00:00,0.249565278
2022-08-06 19:00:00,0.249641667
2022-08-06 20:00:00,0.249693056
2022-08-06 21:00:00,0.249718056
2022-08-06 22:00:00,0.249756944
2022-08-06 23:00:00,0.249777778
2022-08-07 00:00:00,0.249784722
2022-08-07 01:00:00,0.2497625
2022-08-07 02:00:00,0.249759722
2022-08-07 03:00:00,0.249729167
2022-08-07 04:00:00,0.249684722
2022-08-07 05:00:00,0.249681944
2022-08-07 06:00:00,0.249686111
2022-08-07 07:00:00,0.249663889
2022-08-07 08:00:00,0.249666667
2022-08-07 09:00:00,0.249706944
2022-08-07 10:00:00,0.249756944
2022-08-07 11:00:00,0.249805556
2022-08-07 12:00:00,0.2498875
2022-08-07 13:00:00,0.249968056
2022-08-07 14:00:00,0.250047222
2022-08-07 15:00:00,0.250156944
2022-08-07 16:00:00,0.250277778
2022-08-07 17:00:00,0.250379167
2022-08-07 18:00:00,0.250463889
2022-08-07 19:00:00,0.250552778
2022-08-07 20:00:00,0.250626389
2022-08-07 21:00:00,0.250705556
2022-08-07 22:00:00,0.250781944
2022-08-07 23:00:00,0.250826389
2022-08-08 00:00:00,0.250880556
2022-08-08 01:00:00,0.250916667
2022-08-08 02:00:00,0.250923611
2022-08-08 03:00:00,0.250894444
2022-08-08 04:00:00,0.250890278
2022-08-08 05:00:00,0.250898611
2022-08-08 06:00:00,0.250870833
2022-08-08 07:00:00,0.250851389
2022-08-08 08:00:00,0.250822222
2022-08-08 09:00:00,0.250816667
2022-08-08 10:00:00,0.250793056
2022-08-08 11:00:00,0.250772222
2022-08-08 12:00:00,0.250781944
2022-08-08 13:00:00,0.250770833
2022-08-08 14:00:00,0.250793056
2022-08-08 15:00:00,0.250827778
2022-08-08 16:00:00,0.250886111
2022-08-08 17:00:00,0.250965278
2022-08-08 18:00:00,0.251043056
2022-08-08 19:00:00,0.251125
2022-08-08 20:00:00,0.251201389
2022-08-08 21:00:00,0.251283333
2022-08-08 22:00:00,0.25135
2022-08-08 23:00:00,0.251422222
2022-08-09 00:00:00,0.251475
2022-08-09 01:00:00,0.251525
2022-08-09 02:00:00,0.251595833
2022-08-09 03:00:00,0.251656944
2022-08-09 04:00:00,0.251711111
2022-08-09 05:00:00,0.251745833
2022-08-09 06:00:00,0.251755556
2022-08-09 07:00:00,0.251780556
2022-08-09 08:00:00,0.251809722
2022-08-09 09:00:00,0.251836111
2022-08-09 10:00:00,0.251859722
2022-08-09 11:00:00,0.251873611
2022-08-09 12:00:00,0.251905556
2022-08-09 13:00:00,0.251930556
2022-08-09 14:00:00,0.251959722
2022-08-09 15:00:00,0.251980556
2022-08-09 16:00:00,0.252034722
2022-08-09 17:00:00,0.252080556
2022-08-09 18:00:00,0.252125
2022-08-09 19:00:00,0.252181944
2022-08-09 20:00:00,0.252243056
2022-08-09 21:00:00,0.252290278
2022-08-09 22:00:00,0.252355556
2022-08-09 23:00:00,0.252440278
2022-08-10 00:00:00,0.252565278
2022-08-10 01:00:00,0.252663889
2022-08-10 02:00:00,0.252809722
2022-08-10 03:00:00,0.252919444
2022-08-10 04:00:00,0.253004167
2022-08-10 05:00:00,0.253102778
2022-08-10 06:00:00,0.253209722
2022-08-10 07:00:00,0.253275
2022-08-10 08:00:00,0.253347222
2022-08-10 09:00:00,0.253425
2022-08-10 10:00:00,0.253456944
2022-08-10 11:00:00,0.253515278
2022-08-10 12:00:00,0.253569444
2022-08-10 13:00:00,0.253608333
2022-08-10 14:00:00,0.253627778
2022-08-10 15:00:00,0.253691667
2022-08-10 16:00:00,0.253777778
2022-08-10 17:00:00,0.253856944
2022-08-10 18:00:00,0.2539625
2022-08-10 19:00:00,0.254065278
2022-08-10 20:00:00,0.254165278
2022-08-10 21:00:00,0.254247222
2022-08-10 22:00:00,0.254345833
2022-08-10 23:00:00,0.254456944
2022-08-11 00:00:00,0.254545833
2022-08-11 01:00:00,0.254638889
2022-08-11 02:00:00,0.254734722
2022-08-11 03:00:00,0.254852778
2022-08-11 04:00:00,0.254941667
2022-08-11 05:00:00,0.255009722
2022-08-11 06:00:00,0.255094444
2022-08-11 07:00:00,0.2551375
2022-08-11 08:00:00,0.255169444
2022-08-11 09:00:00,0.255166667
2022-08-11 10:00:00,0.255140278
2022-08-11 11:00:00,0.255119444
2022-08-11 12:00:00,0.255079167
2022-08-11 13:00:00,0.255033333
2022-08-11 14:00:00,0.254983333
2022-08-11 15:00:00,0.254947222
2022-08-11 16:00:00,0.254923611
2022-08-11 17:00:00,0.254904167
2022-08-11 18:00:00,0.254897222
2022-08-11 19:00:00,0.254891667
2022-08-11 20:00:00,0.254894444
2022-08-11 21:00:00,0.254916667
2022-08-11 22:00:00,0.2549375
2022-08-11 23:00:00,0.2549625
2022-08-12 00:00:00,0.255001389
2022-08-12 01:00:00,0.25505
2022-08-12 02:00:00,0.2551125
2022-08-12 03:00:00,0.255183333
2022-08-12 04:00:00,0.255293056
2022-08-12 05:00:00,0.255398611
2022-08-12 06:00:00,0.255509722
2022-08-12 07:00:00,0.255620833
2022-08-12 08:00:00,0.255676389
2022-08-12 09:00:00,0.255719444
2022-08-12 10:00:00,0.255738889
2022-08-12 11:00:00,0.255726389
2022-08-12 12:00:00,0.255670833
2022-08-12 13:00:00,0.255594444
2022-08-12 14:00:00,0.255525
2022-08-12 15:00:00,0.255433333
2022-08-12 16:00:00,0.255340278
2022-08-12 17:00:00,0.255245833
2022-08-12 18:00:00,0.255147222
2022-08-12 19:00:00,0.255083333
2022-08-12 20:00:00,0.255016667
2022-08-12 21:00:00,0.254972222
2022-08-12 22:00:00,0.254943056
2022-08-12 23:00:00,0.254934722
2022-08-13 00:00:00,0.254940278
2022-08-13 01:00:00,0.254980556
2022-08-13 02:00:00,0.255045833
2022-08-13 03:00:00,0.255159722
2022-08-13 04:00:00,0.2553
2022-08-13 05:00:00,0.255448611
2022-08-13 06:00:00,0.255631944
2022-08-13 07:00:00,0.255836111
2022-08-13 08:00:00,0.256056944
2022-08-13 09:00:00,0.256247222
2022-08-13 10:00:00,0.256393056
2022-08-13 11:00:00,0.2565125
2022-08-13 12:00:00,0.256590278
2022-08-13 13:00:00,0.256644444
2022-08-13 14:00:00,0.256668056
2022-08-13 15:00:00,0.256702778
2022-08-13 16:00:00,0.256708333
2022-08-13 17:00:00,0.256702778
2022-08-13 18:00:00,0.256697222
2022-08-13 19:00:00,0.256729167
2022-08-13 20:00:00,0.256783333
2022-08-13 21:00:00,0.256870833
2022-08-13 22:00:00,0.256973611
2022-08-13 23:00:00,0.257093056
2022-08-14 00:00:00,0.257241667
2022-08-14 01:00:00,0.257423611
2022-08-14 02:00:00,0.257626389
2022-08-14 03:00:00,0.257840278
2022-08-14 04:00:00,0.258066667
2022-08-14 05:00:00,0.258319444
2022-08-14 06:00:00,0.258572222
2022-08-14 07:00:00,0.258848611
2022-08-14 08:00:00,0.259106944
2022-08-14 09:00:00,0.259343056
2022-08-14 10:00:00,0.259533333
2022-08-14 11:00:00,0.259670833
2022-08-14 12:00:00,0.259756944
2022-08-14 13:00:00,0.259788889
2022-08-14 14:00:00,0.259795833
2022-08-14 15:00:00,0.259791667
2022-08-14 16:00:00,0.259765278
2022-08-14 17:00:00,0.259733333
2022-08-14 18:00:00,0.259734722
2022-08-14 19:00:00,0.259738889
2022-08-14 20:00:00,0.259786111
2022-08-14 21:00:00,0.259873611
2022-08-14 22:00:00,0.260020833
2022-08-14 23:00:00,0.260197222
2022-08-15 00:00:00,0.260398611
2022-08-15 01:00:00,0.260641667
2022-08-15 02:00:00,0.260904167
2022-08-15 03:00:00,0.261233333
2022-08-15 04:00:00,0.261590278
2022-08-15 05:00:00,0.261970833
2022-08-15 06:00:00,0.262372222
2022-08-15 07:00:00,0.262788889
2022-08-15 08:00:00,0.263183333
2022-08-15 09:00:00,0.263519444
2022-08-15 10:00:00,0.263813889
2022-08-15 11:00:00,0.264030556
2022-08-15 12:00:00,0.264143056
2022-08-15 13:00:00,0.264188889
2022-08-15 14:00:00,0.264158333
2022-08-15 15:00:00,0.264061111
2022-08-15 16:00:00,0.263951389
2022-08-15 17:00:00,0.263816667
2022-08-15 18:00:00,0.263665278
2022-08-15 19:00:00,0.263527778
2022-08-15 20:00:00,0.263431944
2022-08-15 21:00:00,0.263377778
2022-08-15 22:00:00,0.263373611
2022-08-15 23:00:00,0.263429167
2022-08-16 00:00:00,0.263522222
2022-08-16 01:00:00,0.263711111
2022-08-16 02:00:00,0.263859722
2022-08-16 03:00:00,0.264059722
2022-08-16 04:00:00,0.264291667
2022-08-16 05:00:00,0.264591667
2022-08-16 06:00:00,0.264902778
2022-08-16 07:00:00,0.265220833
2022-08-16 08:00:00,0.265543056
2022-08-16 09:00:00,0.265838889
2022-08-16 10:00:00,0.266063889
2022-08-16 11:00:00,0.2662125
2022-08-16 12:00:00,0.266298611
2022-08-16 13:00:00,0.266309722
2022-08-16 14:00:00,0.266240278
2022-08-16 15:00:00,0.266115278
2022-08-16 16:00:00,0.265948611
2022-08-16 17:00:00,0.2657375
2022-08-16 18:00:00,0.265527778
2022-08-16 19:00:00,0.265318056
2022-08-16 20:00:00,0.265133333
2022-08-16 21:00:00,0.264975
2022-08-16 22:00:00,0.2649
2022-08-16 23:00:00,0.264876389
2022-08-17 00:00:00,0.264906944
2022-08-17 01:00:00,0.265006944
2022-08-17 02:00:00,0.265177778
2022-08-17 03:00:00,0.2654375
2022-08-17 04:00:00,0.265723611
2022-08-17 05:00:00,0.266072222
2022-08-17 06:00:00,0.2664125
2022-08-17 07:00:00,0.266740278
2022-08-17 08:00:00,0.267059722
2022-08-17 09:00:00,0.267363889
2022-08-17 10:00:00,0.267613889
2022-08-17 11:00:00,0.267809722
2022-08-17 12:00:00,0.267959722
2022-08-17 13:00:00,0.268038889
2022-08-17 14:00:00,0.268045833
2022-08-17 15:00:00,0.268019444
2022-08-17 16:00:00,0.267913889
2022-08-17 17:00:00,0.267722222
2022-08-17 18:00:00,0.2674875
2022-08-17 19:00:00,0.2672875
2022-08-17 20:00:00,0.267091667
2022-08-17 21:00:00,0.266890278
2022-08-17 22:00:00,0.266745833
2022-08-17 23:00:00,0.266654167
2022-08-18 00:00:00,0.266645833
2022-08-18 01:00:00,0.266690278
2022-08-18 02:00:00,0.266808333
2022-08-18 03:00:00,0.267023611
2022-08-18 04:00:00,0.267265278
2022-08-18 05:00:00,0.267577778
2022-08-18 06:00:00,0.267945833
2022-08-18 07:00:00,0.268306944
2022-08-18 08:00:00,0.268663889
2022-08-18 09:00:00,0.2690125
2022-08-18 10:00:00,0.269345833
2022-08-18 11:00:00,0.26965
2022-08-18 12:00:00,0.269913889
2022-08-18 13:00:00,0.270143056
2022-08-18 14:00:00,0.270293056
2022-08-18 15:00:00,0.2704
2022-08-18 16:00:00,0.270472222
2022-08-18 17:00:00,0.270463889
2022-08-18 18:00:00,0.270408333
2022-08-18 19:00:00,0.270322222
2022-08-18 20:00:00,0.270206944
2022-08-18 21:00:00,0.270051389
2022-08-18 22:00:00,0.269894444
2022-08-18 23:00:00,0.269797222
2022-08-19 00:00:00,0.269730556
2022-08-19 01:00:00,0.269719444
2022-08-19 02:00:00,0.269798611
2022-08-19 03:00:00,0.269891667
2022-08-19 04:00:00,0.270058333
2022-08-19 05:00:00,0.270256944
2022-08-19 06:00:00,0.270475
2022-08-19 07:00:00,0.270736111
2022-08-19 08:00:00,0.271015278
2022-08-19 09:00:00,0.271276389
2022-08-19 10:00:00,0.271508333
2022-08-19 11:00:00,0.271690278
2022-08-19 12:00:00,0.271848611
2022-08-19 13:00:00,0.271948611
2022-08-19 14:00:00,0.272019444
2022-08-19 15:00:00,0.272045833
2022-08-19 16:00:00,0.272033333
2022-08-19 17:00:00,0.272004167
2022-08-19 18:00:00,0.271934722
2022-08-19 19:00:00,0.271819444
2022-08-19 20:00:00,0.271669444
2022-08-19 21:00:00,0.271504167
2022-08-19 22:00:00,0.271306944
2022-08-19 23:00:00,0.271094444
2022-08-20 00:00:00,0.270919444
2022-08-20 01:00:00,0.270784722
2022-08-20 02:00:00,0.270661111
2022-08-20 03:00:00,0.270590278
2022-08-20 04:00:00,0.270572222
2022-08-20 05:00:00,0.270594444
2022-08-20 06:00:00,0.2706625
2022-08-20 07:00:00,0.270765278
2022-08-20 08:00:00,0.270865278
2022-08-20 09:00:00,0.270995833
2022-08-20 10:00:00,0.271126389
2022-08-20 11:00:00,0.271268056
2022-08-20 12:00:00,0.271404167
2022-08-20 13:00:00,0.271554167
2022-08-20 14:00:00,0.271698611
2022-08-20 15:00:00,0.271801389
2022-08-20 16:00:00,0.271905556
2022-08-20 17:00:00,0.271973611
2022-08-20 18:00:00,0.272006944
2022-08-20 19:00:00,0.272004167
2022-08-20 20:00:00,0.271979167
2022-08-20 21:00:00,0.271919444
2022-08-20 22:00:00,0.271823611
2022-08-20 23:00:00,0.271715278
2022-08-21 00:00:00,0.271591667
2022-08-21 01:00:00,0.271493056
2022-08-21 02:00:00,0.271411111
2022-08-21 03:00:00,0.271359722
2022-08-21 04:00:00,0.271331944
2022-08-21 05:00:00,0.271341667
2022-08-21 06:00:00,0.271368056
2022-08-21 07:00:00,0.271402778
2022-08-21 08:00:00,0.271461111
2022-08-21 09:00:00,0.271538889
2022-08-21 10:00:00,0.271616667
2022-08-21 11:00:00,0.271729167
2022-08-21 12:00:00,0.271859722
2022-08-21 13:00:00,0.272004167
2022-08-21 14:00:00,0.272179167
2022-08-21 15:00:00,0.272352778
2022-08-21 16:00:00,0.272504167
2022-08-21 17:00:00,0.272651389
2022-08-21 18:00:00,0.272791667
2022-08-21 19:00:00,0.272875
2022-08-21 20:00:00,0.272943056
2022-08-21 21:00:00,0.273004167
2022-08-21 22:00:00,0.272993056
2022-08-21 23:00:00,0.27295
2022-08-22 00:00:00,0.272854167
2022-08-22 01:00:00,0.272747222
2022-08-22 02:00:00,0.272658333
2022-08-22 03:00:00,0.272552778
2022-08-22 04:00:00,0.272466667
2022-08-22 05:00:00,0.272359722
2022-08-22 06:00:00,0.272275
2022-08-22 07:00:00,0.272195833
2022-08-22 08:00:00,0.272131944
2022-08-22 09:00:00,0.272054167
2022-08-22 10:00:00,0.272009722
2022-08-22 11:00:00,0.271990278
2022-08-22 12:00:00,0.271997222
2022-08-22 13:00:00,0.272045833
2022-08-22 14:00:00,0.272116667
2022-08-22 15:00:00,0.272193056
2022-08-22 16:00:00,0.2723
2022-08-22 17:00:00,0.272395833
2022-08-22 18:00:00,0.272494444
2022-08-22 19:00:00,0.272584722
2022-08-22 20:00:00,0.272652778
2022-08-22 21:00:00,0.272729167
2022-08-22 22:00:00,0.272780556
2022-08-22 23:00:00,0.272780556
2022-08-23 00:00:00,0.272795833
2022-08-23 01:00:00,0.272780556
2022-08-23 02:00:00,0.272723611
2022-08-23 03:00:00,0.272681944
2022-08-23 04:00:00,0.272615278
2022-08-23 05:00:00,0.272533333
2022-08-23 06:00:00,0.2724375
2022-08-23 07:00:00,0.272336111
2022-08-23 08:00:00,0.272259722
2022-08-23 09:00:00,0.272172222
2022-08-23 10:00:00,0.2721
2022-08-23 11:00:00,0.271976389
2022-08-23 12:00:00,0.271879167
2022-08-23 13:00:00,0.271801389
2022-08-23 14:00:00,0.271725
2022-08-23 15:00:00,0.271676389
2022-08-23 16:00:00,0.271663889
2022-08-23 17:00:00,0.271663889
2022-08-23 18:00:00,0.271652778
2022-08-23 19:00:00,0.271644444
2022-08-23 20:00:00,0.271645833
2022-08-23 21:00:00,0.271648611
2022-08-23 22:00:00,0.271666667
2022-08-23 23:00:00,0.271668056
2022-08-24 00:00:00,0.271651389
2022-08-24 01:00:00,0.271627778
2022-08-24 02:00:00,0.271581944
2022-08-24 03:00:00,0.271558333
2022-08-24 04:00:00,0.271488889
2022-08-24 05:00:00,0.271443056
2022-08-24 06:00:00,0.271395833
2022-08-24 07:00:00,0.271309722
2022-08-24 08:00:00,0.271234722
2022-08-24 09:00:00,0.2711375
2022-08-24 10:00:00,0.2710375
2022-08-24 11:00:00,0.270898611
2022-08-24 12:00:00,0.2707625
2022-08-24 13:00:00,0.270638889
2022-08-24 14:00:00,0.270506944
2022-08-24 15:00:00,0.270422222
2022-08-24 16:00:00,0.270331944
2022-08-24 17:00:00,0.270301389
2022-08-24 18:00:00,0.270306944
2022-08-24 19:00:00,0.270261111
2022-08-24 20:00:00,0.270343056
2022-08-24 21:00:00,0.270419444
2022-08-24 22:00:00,0.270463889
2022-08-24 23:00:00,0.270531944
2022-08-25 00:00:00,0.270633333
2022-08-25 01:00:00,0.270751389
2022-08-25 02:00:00,0.27085
2022-08-25 03:00:00,0.270994444
2022-08-25 04:00:00,0.2711625
2022-08-25 05:00:00,0.271270833
2022-08-25 06:00:00,0.271381944
2022-08-25 07:00:00,0.271515278
2022-08-25 08:00:00,0.271619444
2022-08-25 09:00:00,0.271681944
2022-08-25 10:00:00,0.271719444
2022-08-25 11:00:00,0.271744444
2022-08-25 12:00:00,0.271741667
2022-08-25 13:00:00,0.271726389
2022-08-25 14:00:00,0.271723611
2022-08-25 15:00:00,0.271745833
2022-08-25 16:00:00,0.271745833
2022-08-25 17:00:00,0.271801389
2022-08-25 18:00:00,0.271923611
2022-08-25 19:00:00,0.272073611
2022-08-25 20:00:00,0.272186111
2022-08-25 21:00:00,0.272394444
2022-08-25 22:00:00,0.272640278
2022-08-25 23:00:00,0.272894444
2022-08-26 00:00:00,0.273181944
2022-08-26 01:00:00,0.273513889
2022-08-26 02:00:00,0.273856944
2022-08-26 03:00:00,0.274240278
2022-08-26 04:00:00,0.274634722
2022-08-26 05:00:00,0.274981944
2022-08-26 06:00:00,0.275345833
2022-08-26 07:00:00,0.275626389
2022-08-26 08:00:00,0.275877778
2022-08-26 09:00:00,0.276063889
2022-08-26 10:00:00,0.276195833
2022-08-26 11:00:00,0.27625
2022-08-26 12:00:00,0.276208333
2022-08-26 13:00:00,0.276190278
2022-08-26 14:00:00,0.276169444
2022-08-26 15:00:00,0.276090278
2022-08-26 16:00:00,0.2759875
2022-08-26 17:00:00,0.275898611
2022-08-26 18:00:00,0.275829167
2022-08-26 19:00:00,0.275795833
2022-08-26 20:00:00,0.275804167
2022-08-26 21:00:00,0.275863889
2022-08-26 22:00:00,0.275898611
2022-08-26 23:00:00,0.276025
2022-08-27 00:00:00,0.276172222
2022-08-27 01:00:00,0.276375
2022-08-27 02:00:00,0.276611111
2022-08-27 03:00:00,0.2768875
2022-08-27 04:00:00,0.277211111
2022-08-27 05:00:00,0.277634722
2022-08-27 06:00:00,0.278058333
2022-08-27 07:00:00,0.278448611
2022-08-27 08:00:00,0.278830556
2022-08-27 09:00:00,0.279131944
2022-08-27 10:00:00,0.279361111
2022-08-27 11:00:00,0.279493056
2022-08-27 12:00:00,0.279552778
2022-08-27 13:00:00,0.279568056
2022-08-27 14:00:00,0.279518056
2022-08-27 15:00:00,0.279447222
2022-08-27 16:00:00,0.279401389
2022-08-27 17:00:00,0.279336111
2022-08-27 18:00:00,0.279280556
2022-08-27 19:00:00,0.279247222
2022-08-27 20:00:00,0.279286111
2022-08-27 21:00:00,0.279363889
2022-08-27 22:00:00,0.2795
2022-08-27 23:00:00,0.279655556
2022-08-28 00:00:00,0.279859722
2022-08-28 01:00:00,0.280111111
2022-08-28 02:00:00,0.280425
2022-08-28 03:00:00,0.280801389
2022-08-28 04:00:00,0.2812125
2022-08-28 05:00:00,0.281679167
2022-08-28 06:00:00,0.282158333
2022-08-28 07:00:00,0.282630556
2022-08-28 08:00:00,0.283065278
2022-08-28 09:00:00,0.283443056
2022-08-28 10:00:00,0.283734722
2022-08-28 11:00:00,0.283906944
2022-08-28 12:00:00,0.2839875
2022-08-28 13:00:00,0.283973611
2022-08-28 14:00:00,0.283869444
2022-08-28 15:00:00,0.283711111
2022-08-28 16:00:00,0.283530556
2022-08-28 17:00:00,0.283344444
2022-08-28 18:00:00,0.283148611
2022-08-28 19:00:00,0.282965278
2022-08-28 20:00:00,0.282848611
2022-08-28 21:00:00,0.282756944
2022-08-28 22:00:00,0.282773611
2022-08-28 23:00:00,0.282825
2022-08-29 00:00:00,0.282943056
2022-08-29 01:00:00,0.283125
2022-08-29 02:00:00,0.283380556
2022-08-29 03:00:00,0.2837
2022-08-29 04:00:00,0.284104167
2022-08-29 05:00:00,0.284554167
2022-08-29 06:00:00,0.285031944
2022-08-29 07:00:00,0.285529167
2022-08-29 08:00:00,0.285972222
2022-08-29 09:00:00,0.286366667
2022-08-29 10:00:00,0.2867125
2022-08-29 11:00:00,0.286969444
2022-08-29 12:00:00,0.287109722
2022-08-29 13:00:00,0.287158333
2022-08-29 14:00:00,0.287130556
2022-08-29 15:00:00,0.287031944
2022-08-29 16:00:00,0.286906944
2022-08-29 17:00:00,0.286744444
2022-08-29 18:00:00,0.286552778
2022-08-29 19:00:00,0.286361111
2022-08-29 20:00:00,0.2861875
2022-08-29 21:00:00,0.286026389
2022-08-29 22:00:00,0.285947222
2022-08-29 23:00:00,0.285961111
2022-08-30 00:00:00,0.286063889
2022-08-30 01:00:00,0.286229167
2022-08-30 02:00:00,0.286455556
2022-08-30 03:00:00,0.286756944
2022-08-30 04:00:00,0.2871125
2022-08-30 05:00:00,0.287494444
2022-08-30 06:00:00,0.287888889
2022-08-30 07:00:00,0.288259722
2022-08-30 08:00:00,0.288619444
2022-08-30 09:00:00,0.288934722
2022-08-30 10:00:00,0.289186111
2022-08-30 11:00:00,0.289384722
2022-08-30 12:00:00,0.289515278
2022-08-30 13:00:00,0.289590278
2022-08-30 14:00:00,0.289606944
2022-08-30 15:00:00,0.289559722
2022-08-30 16:00:00,0.289456944
2022-08-30 17:00:00,0.289331944
2022-08-30 18:00:00,0.289179167
2022-08-30 19:00:00,0.288998611
2022-08-30 20:00:00,0.288808333
2022-08-30 21:00:00,0.288613889
2022-08-30 22:00:00,0.288458333
2022-08-30 23:00:00,0.288363889
2022-08-31 00:00:00,0.288368056
2022-08-31 01:00:00,0.288438889
2022-08-31 02:00:00,0.288590278
2022-08-31 03:00:00,0.288813889
2022-08-31 04:00:00,0.289094444
2022-08-31 05:00:00,0.289419444
2022-08-31 06:00:00,0.289763889
2022-08-31 07:00:00,0.290102778
2022-08-31 08:00:00,0.290409722
2022-08-31 09:00:00,0.290695833
2022-08-31 10:00:00,0.290940278
2022-08-31 11:00:00,0.291143056
2022-08-31 12:00:00,0.291325
2022-08-31 13:00:00,0.291486111
2022-08-31 14:00:00,0.291570833
2022-08-31 15:00:00,0.291648611
2022-08-31 16:00:00,0.291684722
2022-08-31 17:00:00,0.291670833
2022-08-31 18:00:00,0.291659722
2022-08-31 19:00:00,0.291606944
2022-08-31 20:00:00,0.291554167
2022-08-31 21:00:00,0.291508333
2022-08-31 22:00:00,0.291472222
2022-08-31 23:00:00,0.291286111
2023-08-01 00:00:00,0.121916667
2023-08-01 01:00:00,0.121993056
2023-08-01 02:00:00,0.122145833
2023-08-01 03:00:00,0.122251389
2023-08-01 04:00:00,0.122333333
2023-08-01 05:00:00,0.122334722
2023-08-01 06:00:00,0.1223875
2023-08-01 07:00:00,0.122444444
2023-08-01 08:00:00,0.122445833
2023-08-01 09:00:00,0.122445833
2023-08-01 10:00:00,0.122368056
2023-08-01 11:00:00,0.122323611
2023-08-01 12:00:00,0.122266667
2023-08-01 13:00:00,0.122154167
2023-08-01 14:00:00,0.122051389
2023-08-01 15:00:00,0.121958333
2023-08-01 16:00:00,0.121825
2023-08-01 17:00:00,0.121677778
2023-08-01 18:00:00,0.121561111
2023-08-01 19:00:00,0.121488889
2023-08-01 20:00:00,0.121434722
2023-08-01 21:00:00,0.121391667
2023-08-01 22:00:00,0.121366667
2023-08-01 23:00:00,0.121370833
2023-08-02 00:00:00,0.121376389
2023-08-02 01:00:00,0.121390278
2023-08-02 02:00:00,0.121452778
2023-08-02 03:00:00,0.121520833
2023-08-02 04:00:00,0.121606944
2023-08-02 05:00:00,0.121702778
2023-08-02 06:00:00,0.121815278
2023-08-02 07:00:00,0.121930556
2023-08-02 08:00:00,0.122036111
2023-08-02 09:00:00,0.122140278
2023-08-02 10:00:00,0.122197222
2023-08-02 11:00:00,0.122206944
2023-08-02 12:00:00,0.122195833
2023-08-02 13:00:00,0.122152778
2023-08-02 14:00:00,0.122109722
2023-08-02 15:00:00,0.122026389
2023-08-02 16:00:00,0.121929167
2023-08-02 17:00:00,0.121826389
2023-08-02 18:00:00,0.121741667
2023-08-02 19:00:00,0.121670833
2023-08-02 20:00:00,0.121625
2023-08-02 21:00:00,0.121588889
2023-08-02 22:00:00,0.121561111
2023-08-02 23:00:00,0.121551389
2023-08-03 00:00:00,0.121559722
2023-08-03 01:00:00,0.121581944
2023-08-03 02:00:00,0.121641667
2023-08-03 03:00:00,0.121709722
2023-08-03 04:00:00,0.121795833
2023-08-03 05:00:00,0.121904167
2023-08-03 06:00:00,0.122008333
2023-08-03 07:00:00,0.122123611
2023-08-03 08:00:00,0.122215278
2023-08-03 09:00:00,0.122281944
2023-08-03 10:00:00,0.122333333
2023-08-03 11:00:00,0.122338889
2023-08-03 12:00:00,0.122309722
2023-08-03 13:00:00,0.122252778
2023-08-03 14:00:00,0.122168056
2023-08-03 15:00:00,0.1220375
2023-08-03 16:00:00,0.121880556
2023-08-03 17:00:00,0.121709722
2023-08-03 18:00:00,0.121523611
2023-08-03 19:00:00,0.121355556
2023-08-03 20:00:00,0.121211111
2023-08-03 21:00:00,0.121065278
2023-08-03 22:00:00,0.120955556
2023-08-03 23:00:00,0.120875
2023-08-04 00:00:00,0.120822222
2023-08-04 01:00:00,0.120802778
2023-08-04 02:00:00,0.120795833
2023-08-04 03:00:00,0.120827778
2023-08-04 04:00:00,0.120895833
2023-08-04 05:00:00,0.120998611
2023-08-04 06:00:00,0.121131944
2023-08-04 07:00:00,0.121302778
2023-08-04 08:00:00,0.121459722
2023-08-04 09:00:00,0.121584722
2023-08-04 10:00:00,0.121704167
2023-08-04 11:00:00,0.121781944
2023-08-04 12:00:00,0.121826389
2023-08-04 13:00:00,0.121848611
2023-08-04 14:00:00,0.121819444
2023-08-04 15:00:00,0.121736111
2023-08-04 16:00:00,0.12165
2023-08-04 17:00:00,0.121540278
2023-08-04 18:00:00,0.1214125
2023-08-04 19:00:00,0.121298611
2023-08-04 20:00:00,0.121188889
2023-08-04 21:00:00,0.121106944
2023-08-04 22:00:00,0.121058333
2023-08-04 23:00:00,0.121052778
2023-08-05 00:00:00,0.121054167
2023-08-05 01:00:00,0.121093056
2023-08-05 02:00:00,0.121166667
2023-08-05 03:00:00,0.121258333
2023-08-05 04:00:00,0.121391667
2023-08-05 05:00:00,0.121552778
2023-08-05 06:00:00,0.121722222
2023-08-05 07:00:00,0.121893056
2023-08-05 08:00:00,0.122091667
2023-08-05 09:00:00,0.122272222
2023-08-05 10:00:00,0.122395833
2023-08-05 11:00:00,0.122480556
2023-08-05 12:00:00,0.122493056
2023-08-05 13:00:00,0.122452778
2023-08-05 14:00:00,0.122365278
2023-08-05 15:00:00,0.122202778
2023-08-05 16:00:00,0.122015278
2023-08-05 17:00:00,0.121798611
2023-08-05 18:00:00,0.121558333
2023-08-05 19:00:00,0.121338889
2023-08-05 20:00:00,0.121138889
2023-08-05 21:00:00,0.120981944
2023-08-05 22:00:00,0.120855556
2023-08-05 23:00:00,0.120777778
2023-08-06 00:00:00,0.120755556
2023-08-06 01:00:00,0.120797222
2023-08-06 02:00:00,0.120908333
2023-08-06 03:00:00,0.121054167
2023-08-06 04:00:00,0.121231944
2023-08-06 05:00:00,0.121455556
2023-08-06 06:00:00,0.121730556
2023-08-06 07:00:00,0.122034722
2023-08-06 08:00:00,0.122334722
2023-08-06 09:00:00,0.122623611
2023-08-06 10:00:00,0.122883333
2023-08-06 11:00:00,0.123093056
2023-08-06 12:00:00,0.123265278
2023-08-06 13:00:00,0.123383333
2023-08-06 14:00:00,0.123418056
2023-08-06 15:00:00,0.123423611
2023-08-06 16:00:00,0.123413889
2023-08-06 17:00:00,0.123377778
2023-08-06 18:00:00,0.123309722
2023-08-06 19:00:00,0.123261111
2023-08-06 20:00:00,0.123205556
2023-08-06 21:00:00,0.123081944
2023-08-06 22:00:00,0.123020833
2023-08-06 23:00:00,0.123065278
2023-08-07 00:00:00,0.123170833
2023-08-07 01:00:00,0.123351389
2023-08-07 02:00:00,0.123590278
2023-08-07 03:00:00,0.123905556
2023-08-07 04:00:00,0.124258333
2023-08-07 05:00:00,0.124675
2023-08-07 06:00:00,0.125063889
2023-08-07 07:00:00,0.125423611
2023-08-07 08:00:00,0.125819444
2023-08-07 09:00:00,0.126172222
2023-08-07 10:00:00,0.1264625
2023-08-07 11:00:00,0.126723611
2023-08-07 12:00:00,0.126906944
2023-08-07 13:00:00,0.127038889
2023-08-07 14:00:00,0.1271125
2023-08-07 15:00:00,0.127116667
2023-08-07 16:00:00,0.127058333
2023-08-07 17:00:00,0.126944444
2023-08-07 18:00:00,0.1268
2023-08-07 19:00:00,0.126604167
2023-08-07 20:00:00,0.126440278
2023-08-07 21:00:00,0.126273611
2023-08-07 22:00:00,0.12615
2023-08-07 23:00:00,0.126072222
2023-08-08 00:00:00,0.126048611
2023-08-08 01:00:00,0.126105556
2023-08-08 02:00:00,0.126233333
2023-08-08 03:00:00,0.126430556
2023-08-08 04:00:00,0.126672222
2023-08-08 05:00:00,0.1269625
2023-08-08 06:00:00,0.12725
2023-08-08 07:00:00,0.127563889
2023-08-08 08:00:00,0.127884722
2023-08-08 09:00:00,0.1281875
2023-08-08 10:00:00,0.128491667
2023-08-08 11:00:00,0.128769444
2023-08-08 12:00:00,0.128993056
2023-08-08 13:00:00,0.129186111
2023-08-08 14:00:00,0.129333333
2023-08-08 15:00:00,0.129426389
2023-08-08 16:00:00,0.129465278
2023-08-08 17:00:00,0.129461111
2023-08-08 18:00:00,0.129415278
2023-08-08 19:00:00,0.129347222
2023-08-08 20:00:00,0.129269444
2023-08-08 21:00:00,0.129183333
2023-08-08 22:00:00,0.129130556
2023-08-08 23:00:00,0.129091667
2023-08-09 00:00:00,0.129102778
2023-08-09 01:00:00,0.129175
2023-08-09 02:00:00,0.129298611
2023-08-09 03:00:00,0.129490278
2023-08-09 04:00:00,0.129747222
2023-08-09 05:00:00,0.130047222
2023-08-09 06:00:00,0.130375
2023-08-09 07:00:00,0.130743056
2023-08-09 08:00:00,0.1310875
2023-08-09 09:00:00,0.131456944
2023-08-09 10:00:00,0.1318375
2023-08-09 11:00:00,0.132186111
2023-08-09 12:00:00,0.1325375
2023-08-09 13:00:00,0.132861111
2023-08-09 14:00:00,0.133141667
2023-08-09 15:00:00,0.133405556
2023-08-09 16:00:00,0.133659722
2023-08-09 17:00:00,0.133879167
2023-08-09 18:00:00,0.134054167
2023-08-09 19:00:00,0.134193056
2023-08-09 20:00:00,0.134304167
2023-08-09 21:00:00,0.134401389
2023-08-09 22:00:00,0.134479167
2023-08-09 23:00:00,0.134554167
2023-08-10 00:00:00,0.134668056
2023-08-10 01:00:00,0.1348
2023-08-10 02:00:00,0.134970833
2023-08-10 03:00:00,0.135175
2023-08-10 04:00:00,0.135420833
2023-08-10 05:00:00,0.135708333
2023-08-10 06:00:00,0.136026389
2023-08-10 07:00:00,0.136394444
2023-08-10 08:00:00,0.136765278
2023-08-10 09:00:00,0.137131944
2023-08-10 10:00:00,0.137534722
2023-08-10 11:00:00,0.137934722
2023-08-10 12:00:00,0.138329167
2023-08-10 13:00:00,0.138701389
2023-08-10 14:00:00,0.139061111
2023-08-10 15:00:00,0.1394
2023-08-10 16:00:00,0.139725
2023-08-10 17:00:00,0.140027778
2023-08-10 18:00:00,0.140273611
2023-08-10 19:00:00,0.1405
2023-08-10 20:00:00,0.140693056
2023-08-10 21:00:00,0.140854167
2023-08-10 22:00:00,0.140980556
2023-08-10 23:00:00,0.141090278
2023-08-11 00:00:00,0.141206944
2023-08-11 01:00:00,0.141338889
2023-08-11 02:00:00,0.141488889
2023-08-11 03:00:00,0.141654167
2023-08-11 04:00:00,0.141834722
2023-08-11 05:00:00,0.142048611
2023-08-11 06:00:00,0.142281944
2023-08-11 07:00:00,0.142527778
2023-08-11 08:00:00,0.142791667
2023-08-11 09:00:00,0.143059722
2023-08-11 10:00:00,0.1433625
2023-08-11 11:00:00,0.143670833
2023-08-11 12:00:00,0.144009722
2023-08-11 13:00:00,0.144311111
2023-08-11 14:00:00,0.144679167
2023-08-11 15:00:00,0.144991667
2023-08-11 16:00:00,0.145329167
2023-08-11 17:00:00,0.145675
2023-08-11 18:00:00,0.146
2023-08-11 19:00:00,0.146323611
2023-08-11 20:00:00,0.146626389
2023-08-11 21:00:00,0.146908333
2023-08-11 22:00:00,0.147138889
2023-08-11 23:00:00,0.147380556
2023-08-12 00:00:00,0.147643056
2023-08-12 01:00:00,0.147873611
2023-08-12 02:00:00,0.148113889
2023-08-12 03:00:00,0.1483625
2023-08-12 04:00:00,0.148622222
2023-08-12 05:00:00,0.148898611
2023-08-12 06:00:00,0.149177778
2023-08-12 07:00:00,0.149475
2023-08-12 08:00:00,0.149788889
2023-08-12 09:00:00,0.150111111
2023-08-12 10:00:00,0.150441667
2023-08-12 11:00:00,0.150765278
2023-08-12 12:00:00,0.151088889
2023-08-12 13:00:00,0.151423611
2023-08-12 14:00:00,0.151795833
2023-08-12 15:00:00,0.152163889
2023-08-12 16:00:00,0.152523611
2023-08-12 17:00:00,0.152873611
2023-08-12 18:00:00,0.153234722
2023-08-12 19:00:00,0.153594444
2023-08-12 20:00:00,0.153931944
2023-08-12 21:00:00,0.154252778
2023-08-12 22:00:00,0.154544444
2023-08-12 23:00:00,0.154777778
2023-08-13 00:00:00,0.15505
2023-08-13 01:00:00,0.155281944
2023-08-13 02:00:00,0.155444444
2023-08-13 03:00:00,0.155647222
2023-08-13 04:00:00,0.155868056
2023-08-13 05:00:00,0.156052778
2023-08-13 06:00:00,0.156234722
2023-08-13 07:00:00,0.156426389
2023-08-13 08:00:00,0.156640278
2023-08-13 09:00:00,0.156886111
2023-08-13 10:00:00,0.157119444
2023-08-13 11:00:00,0.157379167
2023-08-13 12:00:00,0.157656944
2023-08-13 13:00:00,0.157945833
2023-08-13 14:00:00,0.158265278
2023-08-13 15:00:00,0.158626389
2023-08-13 16:00:00,0.159031944
2023-08-13 17:00:00,0.159456944
2023-08-13 18:00:00,0.159908333
2023-08-13 19:00:00,0.160369444
2023-08-13 20:00:00,0.160813889
2023-08-13 21:00:00,0.161279167
2023-08-13 22:00:00,0.161725
2023-08-13 23:00:00,0.162156944
2023-08-14 00:00:00,0.162591667
2023-08-14 01:00:00,0.163031944
2023-08-14 02:00:00,0.163431944
2023-08-14 03:00:00,0.1638
2023-08-14 04:00:00,0.164170833
2023-08-14 05:00:00,0.164497222
2023-08-14 06:00:00,0.164822222
2023-08-14 07:00:00,0.165144444
2023-08-14 08:00:00,0.165448611
2023-08-14 09:00:00,0.165733333
2023-08-14 10:00:00,0.165995833
2023-08-14 11:00:00,0.166286111
2023-08-14 12:00:00,0.166556944
2023-08-14 13:00:00,0.16685
2023-08-14 14:00:00,0.167115278
2023-08-14 15:00:00,0.167369444
2023-08-14 16:00:00,0.167693056
2023-08-14 17:00:00,0.168043056
2023-08-14 18:00:00,0.168440278
2023-08-14 19:00:00,0.168879167
2023-08-14 20:00:00,0.169309722
2023-08-14 21:00:00,0.169765278
2023-08-14 22:00:00,0.170255556
2023-08-14 23:00:00,0.170752778
2023-08-15 00:00:00,0.171243056
2023-08-15 01:00:00,0.171730556
2023-08-15 02:00:00,0.172244444
2023-08-15 03:00:00,0.172766667
2023-08-15 04:00:00,0.173290278
2023-08-15 05:00:00,0.173766667
2023-08-15 06:00:00,0.174333333
2023-08-15 07:00:00,0.174820833
2023-08-15 08:00:00,0.175270833
2023-08-15 09:00:00,0.175718056
2023-08-15 10:00:00,0.176154167
2023-08-15 11:00:00,0.176543056
2023-08-15 12:00:00,0.176954167
2023-08-15 13:00:00,0.177381944
2023-08-15 14:00:00,0.177770833
2023-08-15 15:00:00,0.178188889
2023-08-15 16:00:00,0.178623611
2023-08-15 17:00:00,0.179123611
2023-08-15 18:00:00,0.179673611
2023-08-15 19:00:00,0.180304167
2023-08-15 20:00:00,0.180938889
2023-08-15 21:00:00,0.181588889
2023-08-15 22:00:00,0.182273611
2023-08-15 23:00:00,0.182997222
2023-08-16 00:00:00,0.183727778
2023-08-16 01:00:00,0.184459722
2023-08-16 02:00:00,0.185163889
2023-08-16 03:00:00,0.185866667
2023-08-16 04:00:00,0.186548611
2023-08-16 05:00:00,0.187195833
2023-08-16 06:00:00,0.187827778
2023-08-16 07:00:00,0.188406944
2023-08-16 08:00:00,0.188925
2023-08-16 09:00:00,0.189390278
2023-08-16 10:00:00,0.189802778
2023-08-16 11:00:00,0.190152778
2023-08-16 12:00:00,0.1904625
2023-08-16 13:00:00,0.190733333
2023-08-16 14:00:00,0.190958333
2023-08-16 15:00:00,0.191168056
2023-08-16 16:00:00,0.191366667
2023-08-16 17:00:00,0.191555556
2023-08-16 18:00:00,0.191765278
2023-08-16 19:00:00,0.192002778
2023-08-16 20:00:00,0.192288889
2023-08-16 21:00:00,0.192584722
2023-08-16 22:00:00,0.192908333
2023-08-16 23:00:00,0.193281944
2023-08-17 00:00:00,0.193693056
2023-08-17 01:00:00,0.194143056
2023-08-17 02:00:00,0.1946125
2023-08-17 03:00:00,0.195111111
2023-08-17 04:00:00,0.195631944
2023-08-17 05:00:00,0.196194444
2023-08-17 06:00:00,0.196736111
2023-08-17 07:00:00,0.197256944
2023-08-17 08:00:00,0.197779167
2023-08-17 09:00:00,0.198275
2023-08-17 10:00:00,0.198691667
2023-08-17 11:00:00,0.199051389
2023-08-17 12:00:00,0.199348611
2023-08-17 13:00:00,0.199590278
2023-08-17 14:00:00,0.199777778
2023-08-17 15:00:00,0.199956944
2023-08-17 16:00:00,0.200131944
2023-08-17 17:00:00,0.200248611
2023-08-17 18:00:00,0.200355556
2023-08-17 19:00:00,0.200531944
2023-08-17 20:00:00,0.2006625
2023-08-17 21:00:00,0.2008875
2023-08-17 22:00:00,0.201163889
2023-08-17 23:00:00,0.201473611
2023-08-18 00:00:00,0.201811111
2023-08-18 01:00:00,0.202197222
2023-08-18 02:00:00,0.202640278
2023-08-18 03:00:00,0.203163889
2023-08-18 04:00:00,0.203706944
2023-08-18 05:00:00,0.204266667
2023-08-18 06:00:00,0.204880556
2023-08-18 07:00:00,0.205463889
2023-08-18 08:00:00,0.206056944
2023-08-18 09:00:00,0.206616667
2023-08-18 10:00:00,0.207079167
2023-08-18 11:00:00,0.207459722
2023-08-18 12:00:00,0.207754167
2023-08-18 13:00:00,0.207951389
2023-08-18 14:00:00,0.2080125
2023-08-18 15:00:00,0.208043056
2023-08-18 16:00:00,0.208006944
2023-08-18 17:00:00,0.207916667
2023-08-18 18:00:00,0.207797222
2023-08-18 19:00:00,0.207659722
2023-08-18 20:00:00,0.20755
2023-08-18 21:00:00,0.207504167
2023-08-18 22:00:00,0.2075125
2023-08-18 23:00:00,0.207558333
2023-08-19 00:00:00,0.207647222
2023-08-19 01:00:00,0.207818056
2023-08-19 02:00:00,0.2080625
2023-08-19 03:00:00,0.208394444
2023-08-19 04:00:00,0.208798611
2023-08-19 05:00:00,0.209231944
2023-08-19 06:00:00,0.209688889
2023-08-19 07:00:00,0.210191667
2023-08-19 08:00:00,0.210670833
2023-08-19 09:00:00,0.211118056
2023-08-19 10:00:00,0.211516667
2023-08-19 11:00:00,0.211820833
2023-08-19 12:00:00,0.212022222
2023-08-19 13:00:00,0.212104167
2023-08-19 14:00:00,0.212090278
2023-08-19 15:00:00,0.212016667
2023-08-19 16:00:00,0.211876389
2023-08-19 17:00:00,0.211666667
2023-08-19 18:00:00,0.211409722
2023-08-19 19:00:00,0.211181944
2023-08-19 20:00:00,0.210988889
2023-08-19 21:00:00,0.2108375
2023-08-19 22:00:00,0.210702778
2023-08-19 23:00:00,0.210658333
2023-08-20 00:00:00,0.210734722
2023-08-20 01:00:00,0.210870833
2023-08-20 02:00:00,0.211116667
2023-08-20 03:00:00,0.211447222
2023-08-20 04:00:00,0.211844444
2023-08-20 05:00:00,0.212319444
2023-08-20 06:00:00,0.212833333
2023-08-20 07:00:00,0.213372222
2023-08-20 08:00:00,0.213894444
2023-08-20 09:00:00,0.214369444
2023-08-20 10:00:00,0.2148125
2023-08-20 11:00:00,0.215170833
2023-08-20 12:00:00,0.21545
2023-08-20 13:00:00,0.215672222
2023-08-20 14:00:00,0.215816667
2023-08-20 15:00:00,0.215870833
2023-08-20 16:00:00,0.215868056
2023-08-20 17:00:00,0.2158
2023-08-20 18:00:00,0.215658333
2023-08-20 19:00:00,0.215480556
2023-08-20 20:00:00,0.215298611
2023-08-20 21:00:00,0.215133333
2023-08-20 22:00:00,0.214843056
2023-08-20 23:00:00,0.214619444
2023-08-21 00:00:00,0.214744444
2023-08-21 01:00:00,0.214838889
2023-08-21 02:00:00,0.215091667
2023-08-21 03:00:00,0.215461111
2023-08-21 04:00:00,0.215830556
2023-08-21 05:00:00,0.216305556
2023-08-21 06:00:00,0.216815278
2023-08-21 07:00:00,0.217331944
2023-08-21 08:00:00,0.217847222
2023-08-21 09:00:00,0.218340278
2023-08-21 10:00:00,0.218813889
2023-08-21 11:00:00,0.219233333
2023-08-21 12:00:00,0.219616667
2023-08-21 13:00:00,0.219958333
2023-08-21 14:00:00,0.220263889
2023-08-21 15:00:00,0.220523611
2023-08-21 16:00:00,0.2207375
2023-08-21 17:00:00,0.220897222
2023-08-21 18:00:00,0.220988889
2023-08-21 19:00:00,0.221015278
2023-08-21 20:00:00,0.221043056
2023-08-21 21:00:00,0.221004167
2023-08-21 22:00:00,0.220854167
2023-08-21 23:00:00,0.220806944
2023-08-22 00:00:00,0.220805556
2023-08-22 01:00:00,0.220827778
2023-08-22 02:00:00,0.220925
2023-08-22 03:00:00,0.221076389
2023-08-22 04:00:00,0.221294444
2023-08-22 05:00:00,0.221570833
2023-08-22 06:00:00,0.221876389
2023-08-22 07:00:00,0.222202778
2023-08-22 08:00:00,0.222552778
2023-08-22 09:00:00,0.222905556
2023-08-22 10:00:00,0.2232625
2023-08-22 11:00:00,0.223616667
2023-08-22 12:00:00,0.223958333
2023-08-22 13:00:00,0.224294444
2023-08-22 14:00:00,0.224618056
2023-08-22 15:00:00,0.2249375
2023-08-22 16:00:00,0.225225
2023-08-22 17:00:00,0.225476389
2023-08-22 18:00:00,0.225705556
2023-08-22 19:00:00,0.225890278
2023-08-22 20:00:00,0.226070833
2023-08-22 21:00:00,0.226206944
2023-08-22 22:00:00,0.226301389
2023-08-22 23:00:00,0.226375
2023-08-23 00:00:00,0.226479167
2023-08-23 01:00:00,0.226593056
2023-08-23 02:00:00,0.226723611
2023-08-23 03:00:00,0.226868056
2023-08-23 04:00:00,0.227023611
2023-08-23 05:00:00,0.227218056
2023-08-23 06:00:00,0.2274375
2023-08-23 07:00:00,0.227670833
2023-08-23 08:00:00,0.227915278
2023-08-23 09:00:00,0.228166667
2023-08-23 10:00:00,0.228429167
2023-08-23 11:00:00,0.228698611
2023-08-23 12:00:00,0.228975
2023-08-23 13:00:00,0.229254167
2023-08-23 14:00:00,0.229531944
2023-08-23 15:00:00,0.229797222
2023-08-23 16:00:00,0.230055556
2023-08-23 17:00:00,0.230301389
2023-08-23 18:00:00,0.230534722
2023-08-23 19:00:00,0.2307625
2023-08-23 20:00:00,0.230973611
2023-08-23 21:00:00,0.231159722
2023-08-23 22:00:00,0.231343056
2023-08-23 23:00:00,0.231518056
2023-08-24 00:00:00,0.231666667
2023-08-24 01:00:00,0.231802778
2023-08-24 02:00:00,0.231986111
2023-08-24 03:00:00,0.2321875
2023-08-24 04:00:00,0.232344444
2023-08-24 05:00:00,0.232518056
2023-08-24 06:00:00,0.232693056
2023-08-24 07:00:00,0.232870833
2023-08-24 08:00:00,0.233045833
2023-08-24 09:00:00,0.233230556
2023-08-24 10:00:00,0.233458333
2023-08-24 11:00:00,0.233651389
2023-08-24 12:00:00,0.233863889
2023-08-24 13:00:00,0.234111111
2023-08-24 14:00:00,0.234372222
2023-08-24 15:00:00,0.2346
2023-08-24 16:00:00,0.234848611
2023-08-24 17:00:00,0.235101389
2023-08-24 18:00:00,0.23535
2023-08-24 19:00:00,0.2355875
2023-08-24 20:00:00,0.235806944
2023-08-24 21:00:00,0.236008333
2023-08-24 22:00:00,0.236177778
2023-08-24 23:00:00,0.236381944
2023-08-25 00:00:00,0.236556944
2023-08-25 01:00:00,0.236676389
2023-08-25 02:00:00,0.236794444
2023-08-25 03:00:00,0.236890278
2023-08-25 04:00:00,0.236977778
2023-08-25 05:00:00,0.237095833
2023-08-25 06:00:00,0.237204167
2023-08-25 07:00:00,0.237302778
2023-08-25 08:00:00,0.237402778
2023-08-25 09:00:00,0.237508333
2023-08-25 10:00:00,0.237597222
2023-08-25 11:00:00,0.237694444
2023-08-25 12:00:00,0.237791667
2023-08-25 13:00:00,0.237888889
2023-08-25 14:00:00,0.238006944
2023-08-25 15:00:00,0.238166667
2023-08-25 16:00:00,0.238338889
2023-08-25 17:00:00,0.238523611
2023-08-25 18:00:00,0.238709722
2023-08-25 19:00:00,0.238901389
2023-08-25 20:00:00,0.239127778
2023-08-25 21:00:00,0.239361111
2023-08-25 22:00:00,0.2395625
2023-08-25 23:00:00,0.239744444
2023-08-26 00:00:00,0.239968056
2023-08-26 01:00:00,0.240186111
2023-08-26 02:00:00,0.240381944
2023-08-26 03:00:00,0.240569444
2023-08-26 04:00:00,0.240744444
2023-08-26 05:00:00,0.2409375
2023-08-26 06:00:00,0.241141667
2023-08-26 07:00:00,0.241329167
2023-08-26 08:00:00,0.241511111
2023-08-26 09:00:00,0.241661111
2023-08-26 10:00:00,0.241818056
2023-08-26 11:00:00,0.2419625
2023-08-26 12:00:00,0.242105556
2023-08-26 13:00:00,0.242269444
2023-08-26 14:00:00,0.242426389
2023-08-26 15:00:00,0.242598611
2023-08-26 16:00:00,0.242783333
2023-08-26 17:00:00,0.242984722
2023-08-26 18:00:00,0.243184722
2023-08-26 19:00:00,0.243386111
2023-08-26 20:00:00,0.243590278
2023-08-26 21:00:00,0.243798611
2023-08-26 22:00:00,0.244031944
2023-08-26 23:00:00,0.2442375
2023-08-27 00:00:00,0.244463889
2023-08-27 01:00:00,0.244684722
2023-08-27 02:00:00,0.244890278
2023-08-27 03:00:00,0.245097222
2023-08-27 04:00:00,0.245298611
2023-08-27 05:00:00,0.245475
2023-08-27 06:00:00,0.245656944
2023-08-27 07:00:00,0.245844444
2023-08-27 08:00:00,0.246034722
2023-08-27 09:00:00,0.246209722
2023-08-27 10:00:00,0.246376389
2023-08-27 11:00:00,0.246530556
2023-08-27 12:00:00,0.246673611
2023-08-27 13:00:00,0.246808333
2023-08-27 14:00:00,0.246927778
2023-08-27 15:00:00,0.247059722
2023-08-27 16:00:00,0.2472125
2023-08-27 17:00:00,0.247379167
2023-08-27 18:00:00,0.2475625
2023-08-27 19:00:00,0.24775
2023-08-27 20:00:00,0.247961111
2023-08-27 21:00:00,0.248188889
2023-08-27 22:00:00,0.248426389
2023-08-27 23:00:00,0.248669444
2023-08-28 00:00:00,0.248966667
2023-08-28 01:00:00,0.249256944
2023-08-28 02:00:00,0.249506944
2023-08-28 03:00:00,0.249820833
2023-08-28 04:00:00,0.250130556
2023-08-28 05:00:00,0.250454167
2023-08-28 06:00:00,0.250758333
2023-08-28 07:00:00,0.251020833
2023-08-28 08:00:00,0.251283333
2023-08-28 09:00:00,0.251523611
2023-08-28 10:00:00,0.25175
2023-08-28 11:00:00,0.251966667
2023-08-28 12:00:00,0.252134722
2023-08-28 13:00:00,0.252313889
2023-08-28 14:00:00,0.252477778
2023-08-28 15:00:00,0.252648611
2023-08-28 16:00:00,0.252833333
2023-08-28 17:00:00,0.253022222
2023-08-28 18:00:00,0.253205556
2023-08-28 19:00:00,0.253429167
2023-08-28 20:00:00,0.253631944
2023-08-28 21:00:00,0.253863889
2023-08-28 22:00:00,0.254083333
2023-08-28 23:00:00,0.254313889
2023-08-29 00:00:00,0.254577778
2023-08-29 01:00:00,0.254880556
2023-08-29 02:00:00,0.255188889
2023-08-29 03:00:00,0.2554875
2023-08-29 04:00:00,0.255793056
2023-08-29 05:00:00,0.256125
2023-08-29 06:00:00,0.256433333
2023-08-29 07:00:00,0.256723611
2023-08-29 08:00:00,0.256988889
2023-08-29 09:00:00,0.257238889
2023-08-29 10:00:00,0.257454167
2023-08-29 11:00:00,0.257620833
2023-08-29 12:00:00,0.257758333
2023-08-29 13:00:00,0.257875
2023-08-29 14:00:00,0.257954167
2023-08-29 15:00:00,0.258030556
2023-08-29 16:00:00,0.2581
2023-08-29 17:00:00,0.258183333
2023-08-29 18:00:00,0.258288889
2023-08-29 19:00:00,0.2584125
2023-08-29 20:00:00,0.258561111
2023-08-29 21:00:00,0.258781944
2023-08-29 22:00:00,0.258988889
2023-08-29 23:00:00,0.259176389
2023-08-30 00:00:00,0.259394444
2023-08-30 01:00:00,0.259651389
2023-08-30 02:00:00,0.259965278
2023-08-30 03:00:00,0.260261111
2023-08-30 04:00:00,0.260597222
2023-08-30 05:00:00,0.260927778
2023-08-30 06:00:00,0.261240278
2023-08-30 07:00:00,0.26155
2023-08-30 08:00:00,0.261840278
2023-08-30 09:00:00,0.2621
2023-08-30 10:00:00,0.262305556
2023-08-30 11:00:00,0.262486111
2023-08-30 12:00:00,0.262644444
2023-08-30 13:00:00,0.262777778
2023-08-30 14:00:00,0.262902778
2023-08-30 15:00:00,0.262995833
2023-08-30 16:00:00,0.263086111
2023-08-30 17:00:00,0.263152778
2023-08-30 18:00:00,0.263206944
2023-08-30 19:00:00,0.263275
2023-08-30 20:00:00,0.263363889
2023-08-30 21:00:00,0.263494444
2023-08-30 22:00:00,0.263618056
2023-08-30 23:00:00,0.263725
2023-08-31 00:00:00,0.263859722
2023-08-31 01:00:00,0.264061111
2023-08-31 02:00:00,0.264236111
2023-08-31 03:00:00,0.264436111
2023-08-31 04:00:00,0.264711111
2023-08-31 05:00:00,0.265101389
2023-08-31 06:00:00,0.265461111
2023-08-31 07:00:00,0.265779167
2023-08-31 08:00:00,0.266059722
2023-08-31 09:00:00,0.2662875
2023-08-31 10:00:00,0.266483333
2023-08-31 11:00:00,0.266581944
2023-08-31 12:00:00,0.266627778
2023-08-31 13:00:00,0.266641667
2023-08-31 14:00:00,0.266619444
2023-08-31 15:00:00,0.2665875
2023-08-31 16:00:00,0.266559722
2023-08-31 17:00:00,0.26655
2023-08-31 18:00:00,0.266543056
2023-08-31 19:00:00,0.266543056
2023-08-31 20:00:00,0.266579167
2023-08-31 21:00:00,0.266634722
2023-08-31 22:00:00,0.266731944
2023-08-31 23:00:00,0.266838889
2024-08-01 00:00:00,0.187652778
2024-08-01 01:00:00,0.187615278
2024-08-01 02:00:00,0.187580556
2024-08-01 03:00:00,0.187584722
2024-08-01 04:00:00,0.187566667
2024-08-01 05:00:00,0.187547222
2024-08-01 06:00:00,0.187561111
2024-08-01 07:00:00,0.187583333
2024-08-01 08:00:00,0.187598611
2024-08-01 09:00:00,0.187626389
2024-08-01 10:00:00,0.187672222
2024-08-01 11:00:00,0.187706944
2024-08-01 12:00:00,0.187765278
2024-08-01 13:00:00,0.187826389
2024-08-01 14:00:00,0.187909722
2024-08-01 15:00:00,0.188041667
2024-08-01 16:00:00,0.188140278
2024-08-01 17:00:00,0.188258333
2024-08-01 18:00:00,0.188347222
2024-08-01 19:00:00,0.188448611
2024-08-01 20:00:00,0.188576389
2024-08-01 21:00:00,0.188641667
2024-08-01 22:00:00,0.188675
2024-08-01 23:00:00,0.188791667
2024-08-02 00:00:00,0.188879167
2024-08-02 01:00:00,0.188929167
2024-08-02 02:00:00,0.188997222
2024-08-02 03:00:00,0.189045833
2024-08-02 04:00:00,0.189065278
2024-08-02 05:00:00,0.189098611
2024-08-02 06:00:00,0.1891125
2024-08-02 07:00:00,0.189147222
2024-08-02 08:00:00,0.189173611
2024-08-02 09:00:00,0.189197222
2024-08-02 10:00:00,0.189252778
2024-08-02 11:00:00,0.189291667
2024-08-02 12:00:00,0.189319444
2024-08-02 13:00:00,0.189388889
2024-08-02 14:00:00,0.189486111
2024-08-02 15:00:00,0.189625
2024-08-02 16:00:00,0.189780556
2024-08-02 17:00:00,0.189909722
2024-08-02 18:00:00,0.190073611
2024-08-02 19:00:00,0.190241667
2024-08-02 20:00:00,0.190397222
2024-08-02 21:00:00,0.190551389
2024-08-02 22:00:00,0.190711111
2024-08-02 23:00:00,0.190876389
2024-08-03 00:00:00,0.191025
2024-08-03 01:00:00,0.19115
2024-08-03 02:00:00,0.191255556
2024-08-03 03:00:00,0.1913375
2024-08-03 04:00:00,0.191391667
2024-08-03 05:00:00,0.191397222
2024-08-03 06:00:00,0.191393056
2024-08-03 07:00:00,0.191393056
2024-08-03 08:00:00,0.191375
2024-08-03 09:00:00,0.191338889
2024-08-03 10:00:00,0.191326389
2024-08-03 11:00:00,0.191291667
2024-08-03 12:00:00,0.19125
2024-08-03 13:00:00,0.191254167
2024-08-03 14:00:00,0.191241667
2024-08-03 15:00:00,0.191209722
2024-08-03 16:00:00,0.191183333
2024-08-03 17:00:00,0.191226389
2024-08-03 18:00:00,0.1913125
2024-08-03 19:00:00,0.191461111
2024-08-03 20:00:00,0.191529167
2024-08-03 21:00:00,0.191630556
2024-08-03 22:00:00,0.191761111
2024-08-03 23:00:00,0.191877778
2024-08-04 00:00:00,0.191991667
2024-08-04 01:00:00,0.192106944
2024-08-04 02:00:00,0.192230556
2024-08-04 03:00:00,0.192344444
2024-08-04 04:00:00,0.192458333
2024-08-04 05:00:00,0.192558333
2024-08-04 06:00:00,0.192645833
2024-08-04 07:00:00,0.1927125
2024-08-04 08:00:00,0.192741667
2024-08-04 09:00:00,0.192755556
2024-08-04 10:00:00,0.192752778
2024-08-04 11:00:00,0.192720833
2024-08-04 12:00:00,0.192731944
2024-08-04 13:00:00,0.192765278
2024-08-04 14:00:00,0.192786111
2024-08-04 15:00:00,0.192795833
2024-08-04 16:00:00,0.192797222
2024-08-04 17:00:00,0.192751389
2024-08-04 18:00:00,0.192744444
2024-08-04 19:00:00,0.192784722
2024-08-04 20:00:00,0.192826389
2024-08-04 21:00:00,0.192886111
2024-08-04 22:00:00,0.192968056
2024-08-04 23:00:00,0.1930625
2024-08-05 00:00:00,0.193177778
2024-08-05 01:00:00,0.193266667
2024-08-05 02:00:00,0.193366667
2024-08-05 03:00:00,0.193490278
2024-08-05 04:00:00,0.193605556
2024-08-05 05:00:00,0.193675
2024-08-05 06:00:00,0.193731944
2024-08-05 07:00:00,0.193766667
2024-08-05 08:00:00,0.193804167
2024-08-05 09:00:00,0.193798611
2024-08-05 10:00:00,0.193752778
2024-08-05 11:00:00,0.193706944
2024-08-05 12:00:00,0.193633333
2024-08-05 13:00:00,0.193526389
2024-08-05 14:00:00,0.193425
2024-08-05 15:00:00,0.193297222
2024-08-05 16:00:00,0.193147222
2024-08-05 17:00:00,0.1931
2024-08-05 18:00:00,0.192944444
2024-08-05 19:00:00,0.192856944
2024-08-05 20:00:00,0.192855556
2024-08-05 21:00:00,0.192895833
2024-08-05 22:00:00,0.192956944
2024-08-05 23:00:00,0.193029167
2024-08-06 00:00:00,0.193144444
2024-08-06 01:00:00,0.193275
2024-08-06 02:00:00,0.193438889
2024-08-06 03:00:00,0.193616667
2024-08-06 04:00:00,0.193811111
2024-08-06 05:00:00,0.1940375
2024-08-06 06:00:00,0.194258333
2024-08-06 07:00:00,0.194456944
2024-08-06 08:00:00,0.194634722
2024-08-06 09:00:00,0.194769444
2024-08-06 10:00:00,0.194861111
2024-08-06 11:00:00,0.194895833
2024-08-06 12:00:00,0.194859722
2024-08-06 13:00:00,0.194773611
2024-08-06 14:00:00,0.194626389
2024-08-06 15:00:00,0.194448611
2024-08-06 16:00:00,0.194252778
2024-08-06 17:00:00,0.194054167
2024-08-06 18:00:00,0.193861111
2024-08-06 19:00:00,0.193690278
2024-08-06 20:00:00,0.193569444
2024-08-06 21:00:00,0.193519444
2024-08-06 22:00:00,0.193504167
2024-08-06 23:00:00,0.193518056
2024-08-07 00:00:00,0.193561111
2024-08-07 01:00:00,0.193647222
2024-08-07 02:00:00,0.193780556
2024-08-07 03:00:00,0.193959722
2024-08-07 04:00:00,0.194195833
2024-08-07 05:00:00,0.194472222
2024-08-07 06:00:00,0.194773611
2024-08-07 07:00:00,0.195097222
2024-08-07 08:00:00,0.195390278
2024-08-07 09:00:00,0.195665278
2024-08-07 10:00:00,0.195866667
2024-08-07 11:00:00,0.1959625
2024-08-07 12:00:00,0.195958333
2024-08-07 13:00:00,0.195866667
2024-08-07 14:00:00,0.195691667
2024-08-07 15:00:00,0.195472222
2024-08-07 16:00:00,0.1952125
2024-08-07 17:00:00,0.194922222
2024-08-07 18:00:00,0.194615278
2024-08-07 19:00:00,0.194323611
2024-08-07 20:00:00,0.194069444
2024-08-07 21:00:00,0.193888889
2024-08-07 22:00:00,0.193697222
2024-08-07 23:00:00,0.193588889
2024-08-08 00:00:00,0.193513889
2024-08-08 01:00:00,0.193533333
2024-08-08 02:00:00,0.193581944
2024-08-08 03:00:00,0.193655556
2024-08-08 04:00:00,0.193802778
2024-08-08 05:00:00,0.194047222
2024-08-08 06:00:00,0.194333333
2024-08-08 07:00:00,0.194619444
2024-08-08 08:00:00,0.194956944
2024-08-08 09:00:00,0.195248611
2024-08-08 10:00:00,0.195475
2024-08-08 11:00:00,0.195666667
2024-08-08 12:00:00,0.195752778
2024-08-08 13:00:00,0.195741667
2024-08-08 14:00:00,0.195634722
2024-08-08 15:00:00,0.195430556
2024-08-08 16:00:00,0.195161111
2024-08-08 17:00:00,0.194841667
2024-08-08 18:00:00,0.194513889
2024-08-08 19:00:00,0.194165278
2024-08-08 20:00:00,0.193806944
2024-08-08 21:00:00,0.193522222
2024-08-08 22:00:00,0.193306944
2024-08-08 23:00:00,0.193208333
2024-08-09 00:00:00,0.193211111
2024-08-09 01:00:00,0.193273611
2024-08-09 02:00:00,0.193416667
2024-08-09 03:00:00,0.193648611
2024-08-09 04:00:00,0.193954167
2024-08-09 05:00:00,0.194309722
2024-08-09 06:00:00,0.194740278
2024-08-09 07:00:00,0.195198611
2024-08-09 08:00:00,0.195681944
2024-08-09 09:00:00,0.196111111
2024-08-09 10:00:00,0.196529167
2024-08-09 11:00:00,0.196927778
2024-08-09 12:00:00,0.197165278
2024-08-09 13:00:00,0.197327778
2024-08-09 14:00:00,0.197422222
2024-08-09 15:00:00,0.197404167
2024-08-09 16:00:00,0.1972875
2024-08-09 17:00:00,0.197080556
2024-08-09 18:00:00,0.196802778
2024-08-09 19:00:00,0.196488889
2024-08-09 20:00:00,0.1961625
2024-08-09 21:00:00,0.195833333
2024-08-09 22:00:00,0.195522222
2024-08-09 23:00:00,0.195311111
2024-08-10 00:00:00,0.195138889
2024-08-10 01:00:00,0.195051389
2024-08-10 02:00:00,0.195055556
2024-08-10 03:00:00,0.195159722
2024-08-10 04:00:00,0.195344444
2024-08-10 05:00:00,0.195613889
2024-08-10 06:00:00,0.195922222
2024-08-10 07:00:00,0.196247222
2024-08-10 08:00:00,0.196602778
2024-08-10 09:00:00,0.196961111
2024-08-10 10:00:00,0.197280556
2024-08-10 11:00:00,0.197543056
2024-08-10 12:00:00,0.197720833
2024-08-10 13:00:00,0.197851389
2024-08-10 14:00:00,0.197894444
2024-08-10 15:00:00,0.197893056
2024-08-10 16:00:00,0.197847222
2024-08-10 17:00:00,0.197736111
2024-08-10 18:00:00,0.197561111
2024-08-10 19:00:00,0.197336111
2024-08-10 20:00:00,0.197063889
2024-08-10 21:00:00,0.196752778
2024-08-10 22:00:00,0.196411111
2024-08-10 23:00:00,0.196115278
2024-08-11 00:00:00,0.195851389
2024-08-11 01:00:00,0.195644444
2024-08-11 02:00:00,0.195536111
2024-08-11 03:00:00,0.1954625
2024-08-11 04:00:00,0.195484722
2024-08-11 05:00:00,0.195516667
2024-08-11 06:00:00,0.195605556
2024-08-11 07:00:00,0.195759722
2024-08-11 08:00:00,0.195886111
2024-08-11 09:00:00,0.196025
2024-08-11 10:00:00,0.1961375
2024-08-11 11:00:00,0.196195833
2024-08-11 12:00:00,0.196223611
2024-08-11 13:00:00,0.196218056
2024-08-11 14:00:00,0.196181944
2024-08-11 15:00:00,0.196111111
2024-08-11 16:00:00,0.196022222
2024-08-11 17:00:00,0.195915278
2024-08-11 18:00:00,0.195759722
2024-08-11 19:00:00,0.195588889
2024-08-11 20:00:00,0.195375
2024-08-11 21:00:00,0.195133333
2024-08-11 22:00:00,0.194854167
2024-08-11 23:00:00,0.194548611
2024-08-12 00:00:00,0.194293056
2024-08-12 01:00:00,0.194056944
2024-08-12 02:00:00,0.193838889
2024-08-12 03:00:00,0.193652778
2024-08-12 04:00:00,0.193498611
2024-08-12 05:00:00,0.193390278
2024-08-12 06:00:00,0.193308333
2024-08-12 07:00:00,0.193254167
2024-08-12 08:00:00,0.193206944
2024-08-12 09:00:00,0.193190278
2024-08-12 10:00:00,0.193197222
2024-08-12 11:00:00,0.193201389
2024-08-12 12:00:00,0.193241667
2024-08-12 13:00:00,0.193309722
2024-08-12 14:00:00,0.193355556
2024-08-12 15:00:00,0.193393056
2024-08-12 16:00:00,0.193416667
2024-08-12 17:00:00,0.19345
2024-08-12 18:00:00,0.193477778
2024-08-12 19:00:00,0.193475
2024-08-12 20:00:00,0.193448611
2024-08-12 21:00:00,0.193433333
2024-08-12 22:00:00,0.193379167
2024-08-12 23:00:00,0.193294444
2024-08-13 00:00:00,0.193170833
2024-08-13 01:00:00,0.1930375
2024-08-13 02:00:00,0.192923611
2024-08-13 03:00:00,0.192831944
2024-08-13 04:00:00,0.192715278
2024-08-13 05:00:00,0.192602778
2024-08-13 06:00:00,0.1925125
2024-08-13 07:00:00,0.192427778
2024-08-13 08:00:00,0.192356944
2024-08-13 09:00:00,0.192308333
2024-08-13 10:00:00,0.192284722
2024-08-13 11:00:00,0.192259722
2024-08-13 12:00:00,0.192243056
2024-08-13 13:00:00,0.192255556
2024-08-13 14:00:00,0.192304167
2024-08-13 15:00:00,0.192370833
2024-08-13 16:00:00,0.192431944
2024-08-13 17:00:00,0.192493056
2024-08-13 18:00:00,0.192572222
2024-08-13 19:00:00,0.192634722
2024-08-13 20:00:00,0.192679167
2024-08-13 21:00:00,0.192705556
2024-08-13 22:00:00,0.192731944
2024-08-13 23:00:00,0.19275
2024-08-14 00:00:00,0.192761111
2024-08-14 01:00:00,0.192726389
2024-08-14 02:00:00,0.192697222
2024-08-14 03:00:00,0.192702778
2024-08-14 04:00:00,0.192695833
2024-08-14 05:00:00,0.192698611
2024-08-14 06:00:00,0.192730556
2024-08-14 07:00:00,0.192761111
2024-08-14 08:00:00,0.192804167
2024-08-14 09:00:00,0.192863889
2024-08-14 10:00:00,0.192966667
2024-08-14 11:00:00,0.193044444
2024-08-14 12:00:00,0.193173611
2024-08-14 13:00:00,0.193348611
2024-08-14 14:00:00,0.193533333
2024-08-14 15:00:00,0.193752778
2024-08-14 16:00:00,0.194004167
2024-08-14 17:00:00,0.194236111
2024-08-14 18:00:00,0.194481944
2024-08-14 19:00:00,0.194729167
2024-08-14 20:00:00,0.194988889
2024-08-14 21:00:00,0.195269444
2024-08-14 22:00:00,0.195518056
2024-08-14 23:00:00,0.195723611
2024-08-15 00:00:00,0.195906944
2024-08-15 01:00:00,0.196076389
2024-08-15 02:00:00,0.196186111
2024-08-15 03:00:00,0.196266667
2024-08-15 04:00:00,0.196302778
2024-08-15 05:00:00,0.196330556
2024-08-15 06:00:00,0.196348611
2024-08-15 07:00:00,0.196352778
2024-08-15 08:00:00,0.196359722
2024-08-15 09:00:00,0.196359722
2024-08-15 10:00:00,0.196380556
2024-08-15 11:00:00,0.196404167
2024-08-15 12:00:00,0.196466667
2024-08-15 13:00:00,0.196529167
2024-08-15 14:00:00,0.196625
2024-08-15 15:00:00,0.196719444
2024-08-15 16:00:00,0.1968875
2024-08-15 17:00:00,0.197097222
2024-08-15 18:00:00,0.1973125
2024-08-15 19:00:00,0.197552778
2024-08-15 20:00:00,0.197818056
2024-08-15 21:00:00,0.198094444
2024-08-15 22:00:00,0.198377778
2024-08-15 23:00:00,0.198648611
2024-08-16 00:00:00,0.198934722
2024-08-16 01:00:00,0.199252778
2024-08-16 02:00:00,0.199554167
2024-08-16 03:00:00,0.199834722
2024-08-16 04:00:00,0.200088889
2024-08-16 05:00:00,0.200320833
2024-08-16 06:00:00,0.200556944
2024-08-16 07:00:00,0.200766667
2024-08-16 08:00:00,0.200948611
2024-08-16 09:00:00,0.201113889
2024-08-16 10:00:00,0.201229167
2024-08-16 11:00:00,0.201326389
2024-08-16 12:00:00,0.2014125
2024-08-16 13:00:00,0.201491667
2024-08-16 14:00:00,0.201547222
2024-08-16 15:00:00,0.201580556
2024-08-16 16:00:00,0.201616667
2024-08-16 17:00:00,0.201655556
2024-08-16 18:00:00,0.201743056
2024-08-16 19:00:00,0.201813889
2024-08-16 20:00:00,0.201911111
2024-08-16 21:00:00,0.202011111
2024-08-16 22:00:00,0.202133333
2024-08-16 23:00:00,0.202261111
2024-08-17 00:00:00,0.202398611
2024-08-17 01:00:00,0.202558333
2024-08-17 02:00:00,0.202719444
2024-08-17 03:00:00,0.202872222
2024-08-17 04:00:00,0.203034722
2024-08-17 05:00:00,0.203191667
2024-08-17 06:00:00,0.203354167
2024-08-17 07:00:00,0.203504167
2024-08-17 08:00:00,0.203640278
2024-08-17 09:00:00,0.203748611
2024-08-17 10:00:00,0.203825
2024-08-17 11:00:00,0.2038875
2024-08-17 12:00:00,0.203943056
2024-08-17 13:00:00,0.203998611
2024-08-17 14:00:00,0.204048611
2024-08-17 15:00:00,0.204090278
2024-08-17 16:00:00,0.204144444
2024-08-17 17:00:00,0.204229167
2024-08-17 18:00:00,0.204336111
2024-08-17 19:00:00,0.204501389
2024-08-17 20:00:00,0.204659722
2024-08-17 21:00:00,0.204841667
2024-08-17 22:00:00,0.205048611
2024-08-17 23:00:00,0.205280556
2024-08-18 00:00:00,0.205538889
2024-08-18 01:00:00,0.205795833
2024-08-18 02:00:00,0.206070833
2024-08-18 03:00:00,0.206340278
2024-08-18 04:00:00,0.206583333
2024-08-18 05:00:00,0.206808333
2024-08-18 06:00:00,0.2070125
2024-08-18 07:00:00,0.207180556
2024-08-18 08:00:00,0.207331944
2024-08-18 09:00:00,0.207445833
2024-08-18 10:00:00,0.207491667
2024-08-18 11:00:00,0.207511111
2024-08-18 12:00:00,0.207536111
2024-08-18 13:00:00,0.207473611
2024-08-18 14:00:00,0.207397222
2024-08-18 15:00:00,0.207318056
2024-08-18 16:00:00,0.207226389
2024-08-18 17:00:00,0.207154167
2024-08-18 18:00:00,0.2070625
2024-08-18 19:00:00,0.207005556
2024-08-18 20:00:00,0.206976389
2024-08-18 21:00:00,0.206973611
2024-08-18 22:00:00,0.2069875
2024-08-18 23:00:00,0.207016667
2024-08-19 00:00:00,0.207083333
2024-08-19 01:00:00,0.207202778
2024-08-19 02:00:00,0.207361111
2024-08-19 03:00:00,0.207544444
2024-08-19 04:00:00,0.20775
2024-08-19 05:00:00,0.208002778
2024-08-19 06:00:00,0.2082375
2024-08-19 07:00:00,0.208443056
2024-08-19 08:00:00,0.208656944
2024-08-19 09:00:00,0.208826389
2024-08-19 10:00:00,0.208931944
2024-08-19 11:00:00,0.208991667
2024-08-19 12:00:00,0.2089875
2024-08-19 13:00:00,0.208940278
2024-08-19 14:00:00,0.208843056
2024-08-19 15:00:00,0.208725
2024-08-19 16:00:00,0.208580556
2024-08-19 17:00:00,0.208404167
2024-08-19 18:00:00,0.208193056
2024-08-19 19:00:00,0.207997222
2024-08-19 20:00:00,0.207852778
2024-08-19 21:00:00,0.207673611
2024-08-19 22:00:00,0.207515278
2024-08-19 23:00:00,0.207395833
2024-08-20 00:00:00,0.207345833
2024-08-20 01:00:00,0.20725
2024-08-20 02:00:00,0.207223611
2024-08-20 03:00:00,0.2071625
2024-08-20 04:00:00,0.207141667
2024-08-20 05:00:00,0.207098611
2024-08-20 06:00:00,0.207144444
2024-08-20 07:00:00,0.207184722
2024-08-20 08:00:00,0.207219444
2024-08-20 09:00:00,0.207227778
2024-08-20 10:00:00,0.207216667
2024-08-20 11:00:00,0.207138889
2024-08-20 12:00:00,0.207038889
2024-08-20 13:00:00,0.206876389
2024-08-20 14:00:00,0.206702778
2024-08-20 15:00:00,0.206502778
2024-08-20 16:00:00,0.206284722
2024-08-20 17:00:00,0.206075
2024-08-20 18:00:00,0.205870833
2024-08-20 19:00:00,0.205694444
2024-08-20 20:00:00,0.205566667
2024-08-20 21:00:00,0.205484722
2024-08-20 22:00:00,0.205426389
2024-08-20 23:00:00,0.205413889
2024-08-21 00:00:00,0.2054875
2024-08-21 01:00:00,0.205606944
2024-08-21 02:00:00,0.205797222
2024-08-21 03:00:00,0.206043056
2024-08-21 04:00:00,0.206306944
2024-08-21 05:00:00,0.206631944
2024-08-21 06:00:00,0.206993056
2024-08-21 07:00:00,0.207338889
2024-08-21 08:00:00,0.207686111
2024-08-21 09:00:00,0.208
2024-08-21 10:00:00,0.2082625
2024-08-21 11:00:00,0.208447222
2024-08-21 12:00:00,0.208575
2024-08-21 13:00:00,0.208663889
2024-08-21 14:00:00,0.208670833
2024-08-21 15:00:00,0.208638889
2024-08-21 16:00:00,0.208588889
2024-08-21 17:00:00,0.208501389
2024-08-21 18:00:00,0.2083875
2024-08-21 19:00:00,0.208301389
2024-08-21 20:00:00,0.208244444
2024-08-21 21:00:00,0.208222222
2024-08-21 22:00:00,0.208241667
2024-08-21 23:00:00,0.208297222
2024-08-22 00:00:00,0.208388889
2024-08-22 01:00:00,0.208541667
2024-08-22 02:00:00,0.208766667
2024-08-22 03:00:00,0.2090375
2024-08-22 04:00:00,0.209341667
2024-08-22 05:00:00,0.209706944
2024-08-22 06:00:00,0.210108333
2024-08-22 07:00:00,0.210508333
2024-08-22 08:00:00,0.210872222
2024-08-22 09:00:00,0.211219444
2024-08-22 10:00:00,0.211506944
2024-08-22 11:00:00,0.211763889
2024-08-22 12:00:00,0.211948611
2024-08-22 13:00:00,0.212068056
2024-08-22 14:00:00,0.21215
2024-08-22 15:00:00,0.2121875
2024-08-22 16:00:00,0.212184722
2024-08-22 17:00:00,0.2121625
2024-08-22 18:00:00,0.2121375
2024-08-22 19:00:00,0.212129167
2024-08-22 20:00:00,0.212168056
2024-08-22 21:00:00,0.21225
2024-08-22 22:00:00,0.212406944
2024-08-22 23:00:00,0.212636111
2024-08-23 00:00:00,0.212881944
2024-08-23 01:00:00,0.213215278
2024-08-23 02:00:00,0.213605556
2024-08-23 03:00:00,0.214025
2024-08-23 04:00:00,0.214486111
2024-08-23 05:00:00,0.214984722
2024-08-23 06:00:00,0.215490278
2024-08-23 07:00:00,0.215984722
2024-08-23 08:00:00,0.216456944
2024-08-23 09:00:00,0.216873611
2024-08-23 10:00:00,0.217231944
2024-08-23 11:00:00,0.217523611
2024-08-23 12:00:00,0.217763889
2024-08-23 13:00:00,0.217947222
2024-08-23 14:00:00,0.218083333
2024-08-23 15:00:00,0.21815
2024-08-23 16:00:00,0.218170833
2024-08-23 17:00:00,0.218175
2024-08-23 18:00:00,0.218122222
2024-08-23 19:00:00,0.218056944
2024-08-23 20:00:00,0.217981944
2024-08-23 21:00:00,0.217916667
2024-08-23 22:00:00,0.217863889
2024-08-23 23:00:00,0.217881944
2024-08-24 00:00:00,0.217973611
2024-08-24 01:00:00,0.21815
2024-08-24 02:00:00,0.218423611
2024-08-24 03:00:00,0.218784722
2024-08-24 04:00:00,0.2192125
2024-08-24 05:00:00,0.21965
2024-08-24 06:00:00,0.220115278
2024-08-24 07:00:00,0.220606944
2024-08-24 08:00:00,0.221091667
2024-08-24 09:00:00,0.221569444
2024-08-24 10:00:00,0.221984722
2024-08-24 11:00:00,0.222352778
2024-08-24 12:00:00,0.222654167
2024-08-24 13:00:00,0.222904167
2024-08-24 14:00:00,0.223119444
2024-08-24 15:00:00,0.223308333
2024-08-24 16:00:00,0.223444444
2024-08-24 17:00:00,0.223525
2024-08-24 18:00:00,0.223575
2024-08-24 19:00:00,0.223636111
2024-08-24 20:00:00,0.223672222
2024-08-24 21:00:00,0.223695833
2024-08-24 22:00:00,0.223770833
2024-08-24 23:00:00,0.223888889
2024-08-25 00:00:00,0.224068056
2024-08-25 01:00:00,0.224318056
2024-08-25 02:00:00,0.2246125
2024-08-25 03:00:00,0.224948611
2024-08-25 04:00:00,0.225341667
2024-08-25 05:00:00,0.225747222
2024-08-25 06:00:00,0.226194444
2024-08-25 07:00:00,0.226670833
2024-08-25 08:00:00,0.227147222
2024-08-25 09:00:00,0.227588889
2024-08-25 10:00:00,0.227998611
2024-08-25 11:00:00,0.228375
2024-08-25 12:00:00,0.228719444
2024-08-25 13:00:00,0.229011111
2024-08-25 14:00:00,0.229279167
2024-08-25 15:00:00,0.229495833
2024-08-25 16:00:00,0.229665278
2024-08-25 17:00:00,0.229827778
2024-08-25 18:00:00,0.229958333
2024-08-25 19:00:00,0.230034722
2024-08-25 20:00:00,0.230098611
2024-08-25 21:00:00,0.230148611
2024-08-25 22:00:00,0.230222222
2024-08-25 23:00:00,0.2303
2024-08-26 00:00:00,0.230398611
2024-08-26 01:00:00,0.230572222
2024-08-26 02:00:00,0.230816667
2024-08-26 03:00:00,0.231081944
2024-08-26 04:00:00,0.231391667
2024-08-26 05:00:00,0.231752778
2024-08-26 06:00:00,0.2321375
2024-08-26 07:00:00,0.232529167
2024-08-26 08:00:00,0.232944444
2024-08-26 09:00:00,0.233331944
2024-08-26 10:00:00,0.233718056
2024-08-26 11:00:00,0.234116667
2024-08-26 12:00:00,0.234486111
2024-08-26 13:00:00,0.234834722
2024-08-26 14:00:00,0.235152778
2024-08-26 15:00:00,0.235456944
2024-08-26 16:00:00,0.235715278
2024-08-26 17:00:00,0.235959722
2024-08-26 18:00:00,0.236163889
2024-08-26 19:00:00,0.236315278
2024-08-26 20:00:00,0.2364375
2024-08-26 21:00:00,0.236545833
2024-08-26 22:00:00,0.23665
2024-08-26 23:00:00,0.236747222
2024-08-27 00:00:00,0.236881944
2024-08-27 01:00:00,0.237086111
2024-08-27 02:00:00,0.237311111
2024-08-27 03:00:00,0.237581944
2024-08-27 04:00:00,0.237908333
2024-08-27 05:00:00,0.238254167
2024-08-27 06:00:00,0.238630556
2024-08-27 07:00:00,0.239026389
2024-08-27 08:00:00,0.239423611
2024-08-27 09:00:00,0.239838889
2024-08-27 10:00:00,0.240277778
2024-08-27 11:00:00,0.240719444
2024-08-27 12:00:00,0.2411625
2024-08-27 13:00:00,0.241601389
2024-08-27 14:00:00,0.242029167
2024-08-27 15:00:00,0.242459722
2024-08-27 16:00:00,0.242869444
2024-08-27 17:00:00,0.2432625
2024-08-27 18:00:00,0.243622222
2024-08-27 19:00:00,0.243965278
2024-08-27 20:00:00,0.2442875
2024-08-27 21:00:00,0.244566667
2024-08-27 22:00:00,0.244830556
2024-08-27 23:00:00,0.245068056
2024-08-28 00:00:00,0.245301389
2024-08-28 01:00:00,0.245552778
2024-08-28 02:00:00,0.2457875
2024-08-28 03:00:00,0.246031944
2024-08-28 04:00:00,0.246354167
2024-08-28 05:00:00,0.246693056
2024-08-28 06:00:00,0.247104167
2024-08-28 07:00:00,0.247608333
2024-08-28 08:00:00,0.248155556
2024-08-28 09:00:00,0.248751389
2024-08-28 10:00:00,0.249373611
2024-08-28 11:00:00,0.2499875
2024-08-28 12:00:00,0.250683333
2024-08-28 13:00:00,0.251401389
2024-08-28 14:00:00,0.252130556
2024-08-28 15:00:00,0.252826389
2024-08-28 16:00:00,0.253533333
2024-08-28 17:00:00,0.2542375
2024-08-28 18:00:00,0.254898611
2024-08-28 19:00:00,0.255555556
2024-08-28 20:00:00,0.256173611
2024-08-28 21:00:00,0.256752778
2024-08-28 22:00:00,0.257352778
2024-08-28 23:00:00,0.257933333
2024-08-29 00:00:00,0.258473611
2024-08-29 01:00:00,0.258973611
2024-08-29 02:00:00,0.259431944
2024-08-29 03:00:00,0.259875
2024-08-29 04:00:00,0.260318056
2024-08-29 05:00:00,0.260769444
2024-08-29 06:00:00,0.261213889
2024-08-29 07:00:00,0.261645833
2024-08-29 08:00:00,0.262090278
2024-08-29 09:00:00,0.262555556
2024-08-29 10:00:00,0.263008333
2024-08-29 11:00:00,0.263465278
2024-08-29 12:00:00,0.263933333
2024-08-29 13:00:00,0.264383333
2024-08-29 14:00:00,0.264851389
2024-08-29 15:00:00,0.265329167
2024-08-29 16:00:00,0.265766667
2024-08-29 17:00:00,0.266238889
2024-08-29 18:00:00,0.266697222
2024-08-29 19:00:00,0.267147222
2024-08-29 20:00:00,0.267594444
2024-08-29 21:00:00,0.268033333
2024-08-29 22:00:00,0.268456944
2024-08-29 23:00:00,0.268856944
2024-08-30 00:00:00,0.269266667
2024-08-30 01:00:00,0.269627778
2024-08-30 02:00:00,0.269961111
2024-08-30 03:00:00,0.270295833
2024-08-30 04:00:00,0.270627778
2024-08-30 05:00:00,0.270952778
2024-08-30 06:00:00,0.271293056
2024-08-30 07:00:00,0.271643056
2024-08-30 08:00:00,0.271984722
2024-08-30 09:00:00,0.272323611
2024-08-30 10:00:00,0.272672222
2024-08-30 11:00:00,0.273015278
2024-08-30 12:00:00,0.273351389
2024-08-30 13:00:00,0.273688889
2024-08-30 14:00:00,0.274029167
2024-08-30 15:00:00,0.274381944
2024-08-30 16:00:00,0.274751389
2024-08-30 17:00:00,0.275118056
2024-08-30 18:00:00,0.275475
2024-08-30 19:00:00,0.275830556
2024-08-30 20:00:00,0.276186111
2024-08-30 21:00:00,0.276527778
2024-08-30 22:00:00,0.276870833
2024-08-30 23:00:00,0.277188889
2024-08-31 00:00:00,0.277508333
2024-08-31 01:00:00,0.277788889
2024-08-31 02:00:00,0.278040278
2024-08-31 03:00:00,0.2782625
2024-08-31 04:00:00,0.278491667
2024-08-31 05:00:00,0.278713889
2024-08-31 06:00:00,0.2789125
2024-08-31 07:00:00,0.279090278
2024-08-31 08:00:00,0.279279167
2024-08-31 09:00:00,0.279431944
2024-08-31 10:00:00,0.279580556
2024-08-31 11:00:00,0.279745833
2024-08-31 12:00:00,0.279891667
2024-08-31 13:00:00,0.280045833
2024-08-31 14:00:00,0.280190278
2024-08-31 15:00:00,0.280336111
2024-08-31 16:00:00,0.280523611
2024-08-31 17:00:00,0.280694444
2024-08-31 18:00:00,0.280911111
2024-08-31 19:00:00,0.281138889
2024-08-31 20:00:00,0.281351389
2024-08-31 21:00:00,0.281586111
2024-08-31 22:00:00,0.281834722
2024-08-31 23:00:00,0.282031944
