time,WL_trend_30d_filled
2020-05-01 00:00:00,0.159154167
2020-05-01 01:00:00,0.159230556
2020-05-01 02:00:00,0.159319444
2020-05-01 03:00:00,0.159433333
2020-05-01 04:00:00,0.159544444
2020-05-01 05:00:00,0.1596875
2020-05-01 06:00:00,0.159873611
2020-05-01 07:00:00,0.160068056
2020-05-01 08:00:00,0.160277778
2020-05-01 09:00:00,0.160520833
2020-05-01 10:00:00,0.1607625
2020-05-01 11:00:00,0.161023611
2020-05-01 12:00:00,0.161298611
2020-05-01 13:00:00,0.161531944
2020-05-01 14:00:00,0.161780556
2020-05-01 15:00:00,0.162025
2020-05-01 16:00:00,0.162213889
2020-05-01 17:00:00,0.1623875
2020-05-01 18:00:00,0.162527778
2020-05-01 19:00:00,0.162644444
2020-05-01 20:00:00,0.162697222
2020-05-01 21:00:00,0.162706944
2020-05-01 22:00:00,0.162670833
2020-05-01 23:00:00,0.162604167
2020-05-02 00:00:00,0.162506944
2020-05-02 01:00:00,0.162451389
2020-05-02 02:00:00,0.162431944
2020-05-02 03:00:00,0.162448611
2020-05-02 04:00:00,0.162513889
2020-05-02 05:00:00,0.162601389
2020-05-02 06:00:00,0.162718056
2020-05-02 07:00:00,0.162852778
2020-05-02 08:00:00,0.16305
2020-05-02 09:00:00,0.163275
2020-05-02 10:00:00,0.163519444
2020-05-02 11:00:00,0.163798611
2020-05-02 12:00:00,0.164101389
2020-05-02 13:00:00,0.164363889
2020-05-02 14:00:00,0.164627778
2020-05-02 15:00:00,0.1648625
2020-05-02 16:00:00,0.165063889
2020-05-02 17:00:00,0.165215278
2020-05-02 18:00:00,0.165305556
2020-05-02 19:00:00,0.165322222
2020-05-02 20:00:00,0.165270833
2020-05-02 21:00:00,0.165169444
2020-05-02 22:00:00,0.165038889
2020-05-02 23:00:00,0.164844444
2020-05-03 00:00:00,0.164611111
2020-05-03 01:00:00,0.164376389
2020-05-03 02:00:00,0.164169444
2020-05-03 03:00:00,0.163975
2020-05-03 04:00:00,0.163763889
2020-05-03 05:00:00,0.1636125
2020-05-03 06:00:00,0.163545833
2020-05-03 07:00:00,0.163472222
2020-05-03 08:00:00,0.163433333
2020-05-03 09:00:00,0.163436111
2020-05-03 10:00:00,0.163509722
2020-05-03 11:00:00,0.163654167
2020-05-03 12:00:00,0.163804167
2020-05-03 13:00:00,0.163986111
2020-05-03 14:00:00,0.164229167
2020-05-03 15:00:00,0.164401389
2020-05-03 16:00:00,0.164602778
2020-05-03 17:00:00,0.164781944
2020-05-03 18:00:00,0.164930556
2020-05-03 19:00:00,0.165036111
2020-05-03 20:00:00,0.165108333
2020-05-03 21:00:00,0.165155556
2020-05-03 22:00:00,0.165148611
2020-05-03 23:00:00,0.1651
2020-05-04 00:00:00,0.165041667
2020-05-04 01:00:00,0.164913889
2020-05-04 02:00:00,0.164720833
2020-05-04 03:00:00,0.164593056
2020-05-04 04:00:00,0.164458333
2020-05-04 05:00:00,0.164308333
2020-05-04 06:00:00,0.164225
2020-05-04 07:00:00,0.164168056
2020-05-04 08:00:00,0.164143056
2020-05-04 09:00:00,0.164131944
2020-05-04 10:00:00,0.164184722
2020-05-04 11:00:00,0.164263889
2020-05-04 12:00:00,0.164379167
2020-05-04 13:00:00,0.1645
2020-05-04 14:00:00,0.164622222
2020-05-04 15:00:00,0.164740278
2020-05-04 16:00:00,0.164827778
2020-05-04 17:00:00,0.164881944
2020-05-04 18:00:00,0.164893056
2020-05-04 19:00:00,0.164851389
2020-05-04 20:00:00,0.164754167
2020-05-04 21:00:00,0.164618056
2020-05-04 22:00:00,0.164458333
2020-05-04 23:00:00,0.164256944
2020-05-05 00:00:00,0.164068056
2020-05-05 01:00:00,0.16385
2020-05-05 02:00:00,0.1635875
2020-05-05 03:00:00,0.163327778
2020-05-05 04:00:00,0.163069444
2020-05-05 05:00:00,0.162826389
2020-05-05 06:00:00,0.162572222
2020-05-05 07:00:00,0.162279167
2020-05-05 08:00:00,0.162076389
2020-05-05 09:00:00,0.161969444
2020-05-05 10:00:00,0.161975
2020-05-05 11:00:00,0.162001389
2020-05-05 12:00:00,0.162045833
2020-05-05 13:00:00,0.162152778
2020-05-05 14:00:00,0.1622375
2020-05-05 15:00:00,0.162252778
2020-05-05 16:00:00,0.162263889
2020-05-05 17:00:00,0.162247222
2020-05-05 18:00:00,0.162195833
2020-05-05 19:00:00,0.162084722
2020-05-05 20:00:00,0.161938889
2020-05-05 21:00:00,0.161752778
2020-05-05 22:00:00,0.161552778
2020-05-05 23:00:00,0.161290278
2020-05-06 00:00:00,0.161009722
2020-05-06 01:00:00,0.160690278
2020-05-06 02:00:00,0.160369444
2020-05-06 03:00:00,0.1600625
2020-05-06 04:00:00,0.159747222
2020-05-06 05:00:00,0.159473611
2020-05-06 06:00:00,0.159247222
2020-05-06 07:00:00,0.159083333
2020-05-06 08:00:00,0.158984722
2020-05-06 09:00:00,0.158954167
2020-05-06 10:00:00,0.158998611
2020-05-06 11:00:00,0.159111111
2020-05-06 12:00:00,0.159258333
2020-05-06 13:00:00,0.159434722
2020-05-06 14:00:00,0.159631944
2020-05-06 15:00:00,0.159815278
2020-05-06 16:00:00,0.160004167
2020-05-06 17:00:00,0.160158333
2020-05-06 18:00:00,0.16025
2020-05-06 19:00:00,0.1603375
2020-05-06 20:00:00,0.160411111
2020-05-06 21:00:00,0.160448611
2020-05-06 22:00:00,0.160465278
2020-05-06 23:00:00,0.160434722
2020-05-07 00:00:00,0.160361111
2020-05-07 01:00:00,0.160243056
2020-05-07 02:00:00,0.160106944
2020-05-07 03:00:00,0.159951389
2020-05-07 04:00:00,0.159777778
2020-05-07 05:00:00,0.159583333
2020-05-07 06:00:00,0.159418056
2020-05-07 07:00:00,0.159288889
2020-05-07 08:00:00,0.159222222
2020-05-07 09:00:00,0.159205556
2020-05-07 10:00:00,0.159258333
2020-05-07 11:00:00,0.159366667
2020-05-07 12:00:00,0.159525
2020-05-07 13:00:00,0.159693056
2020-05-07 14:00:00,0.159893056
2020-05-07 15:00:00,0.160105556
2020-05-07 16:00:00,0.160330556
2020-05-07 17:00:00,0.16055
2020-05-07 18:00:00,0.160727778
2020-05-07 19:00:00,0.160905556
2020-05-07 20:00:00,0.161052778
2020-05-07 21:00:00,0.161170833
2020-05-07 22:00:00,0.161265278
2020-05-07 23:00:00,0.161315278
2020-05-08 00:00:00,0.161316667
2020-05-08 01:00:00,0.161266667
2020-05-08 02:00:00,0.161176389
2020-05-08 03:00:00,0.161019444
2020-05-08 04:00:00,0.160798611
2020-05-08 05:00:00,0.1605
2020-05-08 06:00:00,0.160194444
2020-05-08 07:00:00,0.1599
2020-05-08 08:00:00,0.159619444
2020-05-08 09:00:00,0.159329167
2020-05-08 10:00:00,0.159083333
2020-05-08 11:00:00,0.158848611
2020-05-08 12:00:00,0.158638889
2020-05-08 13:00:00,0.158480556
2020-05-08 14:00:00,0.158288889
2020-05-08 15:00:00,0.158144444
2020-05-08 16:00:00,0.157979167
2020-05-08 17:00:00,0.157843056
2020-05-08 18:00:00,0.157697222
2020-05-08 19:00:00,0.157522222
2020-05-08 20:00:00,0.157281944
2020-05-08 21:00:00,0.157030556
2020-05-08 22:00:00,0.156822222
2020-05-08 23:00:00,0.156544444
2020-05-09 00:00:00,0.156161111
2020-05-09 01:00:00,0.1558125
2020-05-09 02:00:00,0.155470833
2020-05-09 03:00:00,0.155144444
2020-05-09 04:00:00,0.154705556
2020-05-09 05:00:00,0.154288889
2020-05-09 06:00:00,0.153893056
2020-05-09 07:00:00,0.153497222
2020-05-09 08:00:00,0.153102778
2020-05-09 09:00:00,0.152777778
2020-05-09 10:00:00,0.152475
2020-05-09 11:00:00,0.152216667
2020-05-09 12:00:00,0.152001389
2020-05-09 13:00:00,0.151844444
2020-05-09 14:00:00,0.151723611
2020-05-09 15:00:00,0.151658333
2020-05-09 16:00:00,0.151597222
2020-05-09 17:00:00,0.151522222
2020-05-09 18:00:00,0.151468056
2020-05-09 19:00:00,0.151397222
2020-05-09 20:00:00,0.151298611
2020-05-09 21:00:00,0.151215278
2020-05-09 22:00:00,0.151101389
2020-05-09 23:00:00,0.150972222
2020-05-10 00:00:00,0.150875
2020-05-10 01:00:00,0.150727778
2020-05-10 02:00:00,0.150548611
2020-05-10 03:00:00,0.150370833
2020-05-10 04:00:00,0.150155556
2020-05-10 05:00:00,0.149933333
2020-05-10 06:00:00,0.1496875
2020-05-10 07:00:00,0.149436111
2020-05-10 08:00:00,0.149191667
2020-05-10 09:00:00,0.148979167
2020-05-10 10:00:00,0.148783333
2020-05-10 11:00:00,0.148601389
2020-05-10 12:00:00,0.148459722
2020-05-10 13:00:00,0.148390278
2020-05-10 14:00:00,0.148338889
2020-05-10 15:00:00,0.148351389
2020-05-10 16:00:00,0.148365278
2020-05-10 17:00:00,0.148420833
2020-05-10 18:00:00,0.148490278
2020-05-10 19:00:00,0.148566667
2020-05-10 20:00:00,0.1486875
2020-05-10 21:00:00,0.148801389
2020-05-10 22:00:00,0.1489375
2020-05-10 23:00:00,0.149068056
2020-05-11 00:00:00,0.149206944
2020-05-11 01:00:00,0.149352778
2020-05-11 02:00:00,0.149522222
2020-05-11 03:00:00,0.149759722
2020-05-11 04:00:00,0.149918056
2020-05-11 05:00:00,0.150051389
2020-05-11 06:00:00,0.150206944
2020-05-11 07:00:00,0.150359722
2020-05-11 08:00:00,0.150552778
2020-05-11 09:00:00,0.150763889
2020-05-11 10:00:00,0.150995833
2020-05-11 11:00:00,0.151255556
2020-05-11 12:00:00,0.151502778
2020-05-11 13:00:00,0.151763889
2020-05-11 14:00:00,0.152077778
2020-05-11 15:00:00,0.152406944
2020-05-11 16:00:00,0.152723611
2020-05-11 17:00:00,0.153048611
2020-05-11 18:00:00,0.153455556
2020-05-11 19:00:00,0.153872222
2020-05-11 20:00:00,0.154344444
2020-05-11 21:00:00,0.154851389
2020-05-11 22:00:00,0.155370833
2020-05-11 23:00:00,0.155909722
2020-05-12 00:00:00,0.15645
2020-05-12 01:00:00,0.156993056
2020-05-12 02:00:00,0.157577778
2020-05-12 03:00:00,0.158152778
2020-05-12 04:00:00,0.158668056
2020-05-12 05:00:00,0.159158333
2020-05-12 06:00:00,0.159619444
2020-05-12 07:00:00,0.160030556
2020-05-12 08:00:00,0.160431944
2020-05-12 09:00:00,0.160795833
2020-05-12 10:00:00,0.161141667
2020-05-12 11:00:00,0.161505556
2020-05-12 12:00:00,0.161845833
2020-05-12 13:00:00,0.162183333
2020-05-12 14:00:00,0.162536111
2020-05-12 15:00:00,0.162913889
2020-05-12 16:00:00,0.163290278
2020-05-12 17:00:00,0.1636625
2020-05-12 18:00:00,0.164038889
2020-05-12 19:00:00,0.164405556
2020-05-12 20:00:00,0.164784722
2020-05-12 21:00:00,0.165175
2020-05-12 22:00:00,0.1655625
2020-05-12 23:00:00,0.165965278
2020-05-13 00:00:00,0.166384722
2020-05-13 01:00:00,0.166826389
2020-05-13 02:00:00,0.167251389
2020-05-13 03:00:00,0.167688889
2020-05-13 04:00:00,0.168090278
2020-05-13 05:00:00,0.168493056
2020-05-13 06:00:00,0.168897222
2020-05-13 07:00:00,0.1692875
2020-05-13 08:00:00,0.1696625
2020-05-13 09:00:00,0.170026389
2020-05-13 10:00:00,0.1703875
2020-05-13 11:00:00,0.170729167
2020-05-13 12:00:00,0.171080556
2020-05-13 13:00:00,0.171402778
2020-05-13 14:00:00,0.171743056
2020-05-13 15:00:00,0.172079167
2020-05-13 16:00:00,0.172383333
2020-05-13 17:00:00,0.172665278
2020-05-13 18:00:00,0.172923611
2020-05-13 19:00:00,0.173184722
2020-05-13 20:00:00,0.173420833
2020-05-13 21:00:00,0.173644444
2020-05-13 22:00:00,0.173875
2020-05-13 23:00:00,0.174097222
2020-05-14 00:00:00,0.174316667
2020-05-14 01:00:00,0.174563889
2020-05-14 02:00:00,0.174827778
2020-05-14 03:00:00,0.1750125
2020-05-14 04:00:00,0.175205556
2020-05-14 05:00:00,0.175431944
2020-05-14 06:00:00,0.175601389
2020-05-14 07:00:00,0.175726389
2020-05-14 08:00:00,0.175865278
2020-05-14 09:00:00,0.175898611
2020-05-14 10:00:00,0.175744444
2020-05-14 11:00:00,0.175672222
2020-05-14 12:00:00,0.175659722
2020-05-14 13:00:00,0.1755875
2020-05-14 14:00:00,0.175456944
2020-05-14 15:00:00,0.175454167
2020-05-14 16:00:00,0.1754
2020-05-14 17:00:00,0.175323611
2020-05-14 18:00:00,0.175294444
2020-05-14 19:00:00,0.175347222
2020-05-14 20:00:00,0.175329167
2020-05-14 21:00:00,0.175366667
2020-05-14 22:00:00,0.175456944
2020-05-14 23:00:00,0.175323611
2020-05-15 00:00:00,0.175326389
2020-05-15 01:00:00,0.175308333
2020-05-15 02:00:00,0.175268056
2020-05-15 03:00:00,0.175230556
2020-05-15 04:00:00,0.175215278
2020-05-15 05:00:00,0.175191667
2020-05-15 06:00:00,0.175169444
2020-05-15 07:00:00,0.175197222
2020-05-15 08:00:00,0.175233333
2020-05-15 09:00:00,0.175263889
2020-05-15 10:00:00,0.175338889
2020-05-15 11:00:00,0.175429167
2020-05-15 12:00:00,0.175519444
2020-05-15 13:00:00,0.175643056
2020-05-15 14:00:00,0.175766667
2020-05-15 15:00:00,0.175863889
2020-05-15 16:00:00,0.175934722
2020-05-15 17:00:00,0.175972222
2020-05-15 18:00:00,0.176002778
2020-05-15 19:00:00,0.175993056
2020-05-15 20:00:00,0.175988889
2020-05-15 21:00:00,0.175983333
2020-05-15 22:00:00,0.175940278
2020-05-15 23:00:00,0.175916667
2020-05-16 00:00:00,0.175922222
2020-05-16 01:00:00,0.175988889
2020-05-16 02:00:00,0.176081944
2020-05-16 03:00:00,0.1761875
2020-05-16 04:00:00,0.176318056
2020-05-16 05:00:00,0.176481944
2020-05-16 06:00:00,0.176669444
2020-05-16 07:00:00,0.176872222
2020-05-16 08:00:00,0.177086111
2020-05-16 09:00:00,0.177297222
2020-05-16 10:00:00,0.177504167
2020-05-16 11:00:00,0.177722222
2020-05-16 12:00:00,0.177944444
2020-05-16 13:00:00,0.178151389
2020-05-16 14:00:00,0.178370833
2020-05-16 15:00:00,0.178568056
2020-05-16 16:00:00,0.178718056
2020-05-16 17:00:00,0.178829167
2020-05-16 18:00:00,0.178905556
2020-05-16 19:00:00,0.178952778
2020-05-16 20:00:00,0.178975
2020-05-16 21:00:00,0.178965278
2020-05-16 22:00:00,0.178922222
2020-05-16 23:00:00,0.17885
2020-05-17 00:00:00,0.178780556
2020-05-17 01:00:00,0.178741667
2020-05-17 02:00:00,0.1787375
2020-05-17 03:00:00,0.178783333
2020-05-17 04:00:00,0.178856944
2020-05-17 05:00:00,0.178956944
2020-05-17 06:00:00,0.179097222
2020-05-17 07:00:00,0.179268056
2020-05-17 08:00:00,0.179494444
2020-05-17 09:00:00,0.179765278
2020-05-17 10:00:00,0.180069444
2020-05-17 11:00:00,0.180430556
2020-05-17 12:00:00,0.180802778
2020-05-17 13:00:00,0.181177778
2020-05-17 14:00:00,0.181575
2020-05-17 15:00:00,0.181951389
2020-05-17 16:00:00,0.182276389
2020-05-17 17:00:00,0.182538889
2020-05-17 18:00:00,0.182743056
2020-05-17 19:00:00,0.182883333
2020-05-17 20:00:00,0.182947222
2020-05-17 21:00:00,0.182948611
2020-05-17 22:00:00,0.182891667
2020-05-17 23:00:00,0.182797222
2020-05-18 00:00:00,0.182691667
2020-05-18 01:00:00,0.182583333
2020-05-18 02:00:00,0.182506944
2020-05-18 03:00:00,0.182477778
2020-05-18 04:00:00,0.182498611
2020-05-18 05:00:00,0.182594444
2020-05-18 06:00:00,0.18275
2020-05-18 07:00:00,0.182963889
2020-05-18 08:00:00,0.183248611
2020-05-18 09:00:00,0.183595833
2020-05-18 10:00:00,0.184015278
2020-05-18 11:00:00,0.184481944
2020-05-18 12:00:00,0.184986111
2020-05-18 13:00:00,0.185476389
2020-05-18 14:00:00,0.185959722
2020-05-18 15:00:00,0.186436111
2020-05-18 16:00:00,0.186888889
2020-05-18 17:00:00,0.187290278
2020-05-18 18:00:00,0.187623611
2020-05-18 19:00:00,0.187886111
2020-05-18 20:00:00,0.188066667
2020-05-18 21:00:00,0.188188889
2020-05-18 22:00:00,0.188256944
2020-05-18 23:00:00,0.188272222
2020-05-19 00:00:00,0.188263889
2020-05-19 01:00:00,0.188223611
2020-05-19 02:00:00,0.188161111
2020-05-19 03:00:00,0.188136111
2020-05-19 04:00:00,0.188148611
2020-05-19 05:00:00,0.188227778
2020-05-19 06:00:00,0.188365278
2020-05-19 07:00:00,0.188575
2020-05-19 08:00:00,0.188895833
2020-05-19 09:00:00,0.189293056
2020-05-19 10:00:00,0.189736111
2020-05-19 11:00:00,0.190223611
2020-05-19 12:00:00,0.1907375
2020-05-19 13:00:00,0.191245833
2020-05-19 14:00:00,0.191763889
2020-05-19 15:00:00,0.1922625
2020-05-19 16:00:00,0.192731944
2020-05-19 17:00:00,0.193181944
2020-05-19 18:00:00,0.193552778
2020-05-19 19:00:00,0.19385
2020-05-19 20:00:00,0.194127778
2020-05-19 21:00:00,0.194372222
2020-05-19 22:00:00,0.194530556
2020-05-19 23:00:00,0.194597222
2020-05-20 00:00:00,0.194627778
2020-05-20 01:00:00,0.194655556
2020-05-20 02:00:00,0.194604167
2020-05-20 03:00:00,0.194530556
2020-05-20 04:00:00,0.194481944
2020-05-20 05:00:00,0.19445
2020-05-20 06:00:00,0.194468056
2020-05-20 07:00:00,0.194548611
2020-05-20 08:00:00,0.194704167
2020-05-20 09:00:00,0.194927778
2020-05-20 10:00:00,0.195236111
2020-05-20 11:00:00,0.195626389
2020-05-20 12:00:00,0.196063889
2020-05-20 13:00:00,0.196520833
2020-05-20 14:00:00,0.197015278
2020-05-20 15:00:00,0.197516667
2020-05-20 16:00:00,0.197984722
2020-05-20 17:00:00,0.198430556
2020-05-20 18:00:00,0.198820833
2020-05-20 19:00:00,0.199161111
2020-05-20 20:00:00,0.199481944
2020-05-20 21:00:00,0.199773611
2020-05-20 22:00:00,0.200013889
2020-05-20 23:00:00,0.200205556
2020-05-21 00:00:00,0.200344444
2020-05-21 01:00:00,0.200438889
2020-05-21 02:00:00,0.200454167
2020-05-21 03:00:00,0.200416667
2020-05-21 04:00:00,0.200336111
2020-05-21 05:00:00,0.200206944
2020-05-21 06:00:00,0.200104167
2020-05-21 07:00:00,0.200034722
2020-05-21 08:00:00,0.200033333
2020-05-21 09:00:00,0.200075
2020-05-21 10:00:00,0.20015
2020-05-21 11:00:00,0.200325
2020-05-21 12:00:00,0.200566667
2020-05-21 13:00:00,0.200854167
2020-05-21 14:00:00,0.201243056
2020-05-21 15:00:00,0.201641667
2020-05-21 16:00:00,0.202051389
2020-05-21 17:00:00,0.202508333
2020-05-21 18:00:00,0.202954167
2020-05-21 19:00:00,0.203373611
2020-05-21 20:00:00,0.203801389
2020-05-21 21:00:00,0.204205556
2020-05-21 22:00:00,0.204629167
2020-05-21 23:00:00,0.2050375
2020-05-22 00:00:00,0.2054125
2020-05-22 01:00:00,0.205772222
2020-05-22 02:00:00,0.206106944
2020-05-22 03:00:00,0.206398611
2020-05-22 04:00:00,0.206647222
2020-05-22 05:00:00,0.206884722
2020-05-22 06:00:00,0.207093056
2020-05-22 07:00:00,0.207295833
2020-05-22 08:00:00,0.2075375
2020-05-22 09:00:00,0.207833333
2020-05-22 10:00:00,0.208175
2020-05-22 11:00:00,0.208570833
2020-05-22 12:00:00,0.209008333
2020-05-22 13:00:00,0.209497222
2020-05-22 14:00:00,0.210030556
2020-05-22 15:00:00,0.210598611
2020-05-22 16:00:00,0.211226389
2020-05-22 17:00:00,0.211794444
2020-05-22 18:00:00,0.212377778
2020-05-22 19:00:00,0.212981944
2020-05-22 20:00:00,0.213618056
2020-05-22 21:00:00,0.214245833
2020-05-22 22:00:00,0.2148875
2020-05-22 23:00:00,0.215575
2020-05-23 00:00:00,0.216279167
2020-05-23 01:00:00,0.216931944
2020-05-23 02:00:00,0.217584722
2020-05-23 03:00:00,0.218209722
2020-05-23 04:00:00,0.218806944
2020-05-23 05:00:00,0.2193875
2020-05-23 06:00:00,0.219943056
2020-05-23 07:00:00,0.220501389
2020-05-23 08:00:00,0.221088889
2020-05-23 09:00:00,0.221665278
2020-05-23 10:00:00,0.222227778
2020-05-23 11:00:00,0.222795833
2020-05-23 12:00:00,0.223383333
2020-05-23 13:00:00,0.223981944
2020-05-23 14:00:00,0.224629167
2020-05-23 15:00:00,0.225305556
2020-05-23 16:00:00,0.225988889
2020-05-23 17:00:00,0.226675
2020-05-23 18:00:00,0.227409722
2020-05-23 19:00:00,0.228231944
2020-05-23 20:00:00,0.229033333
2020-05-23 21:00:00,0.229938889
2020-05-23 22:00:00,0.230851389
2020-05-23 23:00:00,0.231818056
2020-05-24 00:00:00,0.232773611
2020-05-24 01:00:00,0.2337875
2020-05-24 02:00:00,0.2348375
2020-05-24 03:00:00,0.235802778
2020-05-24 04:00:00,0.236758333
2020-05-24 05:00:00,0.237765278
2020-05-24 06:00:00,0.238740278
2020-05-24 07:00:00,0.239668056
2020-05-24 08:00:00,0.2405875
2020-05-24 09:00:00,0.241515278
2020-05-24 10:00:00,0.242473611
2020-05-24 11:00:00,0.243365278
2020-05-24 12:00:00,0.244261111
2020-05-24 13:00:00,0.245161111
2020-05-24 14:00:00,0.246029167
2020-05-24 15:00:00,0.246888889
2020-05-24 16:00:00,0.247738889
2020-05-24 17:00:00,0.248604167
2020-05-24 18:00:00,0.249431944
2020-05-24 19:00:00,0.2501875
2020-05-24 20:00:00,0.250884722
2020-05-24 21:00:00,0.251591667
2020-05-24 22:00:00,0.252284722
2020-05-24 23:00:00,0.252965278
2020-05-25 00:00:00,0.253658333
2020-05-25 01:00:00,0.254340278
2020-05-25 02:00:00,0.2550375
2020-05-25 03:00:00,0.255741667
2020-05-25 04:00:00,0.256454167
2020-05-25 05:00:00,0.257111111
2020-05-25 06:00:00,0.257727778
2020-05-25 07:00:00,0.2583125
2020-05-25 08:00:00,0.258826389
2020-05-25 09:00:00,0.259291667
2020-05-25 10:00:00,0.259715278
2020-05-25 11:00:00,0.260126389
2020-05-25 12:00:00,0.260504167
2020-05-25 13:00:00,0.260869444
2020-05-25 14:00:00,0.261234722
2020-05-25 15:00:00,0.261613889
2020-05-25 16:00:00,0.261984722
2020-05-25 17:00:00,0.262340278
2020-05-25 18:00:00,0.262695833
2020-05-25 19:00:00,0.263029167
2020-05-25 20:00:00,0.26335
2020-05-25 21:00:00,0.263675
2020-05-25 22:00:00,0.264015278
2020-05-25 23:00:00,0.264395833
2020-05-26 00:00:00,0.264790278
2020-05-26 01:00:00,0.265186111
2020-05-26 02:00:00,0.265580556
2020-05-26 03:00:00,0.265976389
2020-05-26 04:00:00,0.266386111
2020-05-26 05:00:00,0.266783333
2020-05-26 06:00:00,0.267188889
2020-05-26 07:00:00,0.267609722
2020-05-26 08:00:00,0.268006944
2020-05-26 09:00:00,0.2684
2020-05-26 10:00:00,0.268788889
2020-05-26 11:00:00,0.269163889
2020-05-26 12:00:00,0.269526389
2020-05-26 13:00:00,0.269888889
2020-05-26 14:00:00,0.270226389
2020-05-26 15:00:00,0.27055
2020-05-26 16:00:00,0.270873611
2020-05-26 17:00:00,0.271159722
2020-05-26 18:00:00,0.271429167
2020-05-26 19:00:00,0.271686111
2020-05-26 20:00:00,0.271934722
2020-05-26 21:00:00,0.272147222
2020-05-26 22:00:00,0.272375
2020-05-26 23:00:00,0.272583333
2020-05-27 00:00:00,0.272802778
2020-05-27 01:00:00,0.2730625
2020-05-27 02:00:00,0.273344444
2020-05-27 03:00:00,0.273626389
2020-05-27 04:00:00,0.273918056
2020-05-27 05:00:00,0.274223611
2020-05-27 06:00:00,0.274525
2020-05-27 07:00:00,0.274827778
2020-05-27 08:00:00,0.275131944
2020-05-27 09:00:00,0.275405556
2020-05-27 10:00:00,0.275652778
2020-05-27 11:00:00,0.275856944
2020-05-27 12:00:00,0.276009722
2020-05-27 13:00:00,0.276144444
2020-05-27 14:00:00,0.276254167
2020-05-27 15:00:00,0.276341667
2020-05-27 16:00:00,0.276423611
2020-05-27 17:00:00,0.276481944
2020-05-27 18:00:00,0.276534722
2020-05-27 19:00:00,0.276593056
2020-05-27 20:00:00,0.27665
2020-05-27 21:00:00,0.276690278
2020-05-27 22:00:00,0.276716667
2020-05-27 23:00:00,0.276740278
2020-05-28 00:00:00,0.276758333
2020-05-28 01:00:00,0.276794444
2020-05-28 02:00:00,0.276855556
2020-05-28 03:00:00,0.276916667
2020-05-28 04:00:00,0.276983333
2020-05-28 05:00:00,0.277066667
2020-05-28 06:00:00,0.277151389
2020-05-28 07:00:00,0.277248611
2020-05-28 08:00:00,0.277366667
2020-05-28 09:00:00,0.277502778
2020-05-28 10:00:00,0.277625
2020-05-28 11:00:00,0.277731944
2020-05-28 12:00:00,0.277805556
2020-05-28 13:00:00,0.277854167
2020-05-28 14:00:00,0.277909722
2020-05-28 15:00:00,0.277920833
2020-05-28 16:00:00,0.277890278
2020-05-28 17:00:00,0.277826389
2020-05-28 18:00:00,0.277725
2020-05-28 19:00:00,0.277604167
2020-05-28 20:00:00,0.277447222
2020-05-28 21:00:00,0.277261111
2020-05-28 22:00:00,0.277073611
2020-05-28 23:00:00,0.276873611
2020-05-29 00:00:00,0.276648611
2020-05-29 01:00:00,0.276466667
2020-05-29 02:00:00,0.276305556
2020-05-29 03:00:00,0.276152778
2020-05-29 04:00:00,0.276022222
2020-05-29 05:00:00,0.275915278
2020-05-29 06:00:00,0.27585
2020-05-29 07:00:00,0.275813889
2020-05-29 08:00:00,0.275825
2020-05-29 09:00:00,0.27585
2020-05-29 10:00:00,0.275852778
2020-05-29 11:00:00,0.275909722
2020-05-29 12:00:00,0.275904167
2020-05-29 13:00:00,0.275897222
2020-05-29 14:00:00,0.275894444
2020-05-29 15:00:00,0.275843056
2020-05-29 16:00:00,0.275743056
2020-05-29 17:00:00,0.2756125
2020-05-29 18:00:00,0.275451389
2020-05-29 19:00:00,0.275280556
2020-05-29 20:00:00,0.275083333
2020-05-29 21:00:00,0.274884722
2020-05-29 22:00:00,0.274701389
2020-05-29 23:00:00,0.274502778
2020-05-30 00:00:00,0.274316667
2020-05-30 01:00:00,0.274129167
2020-05-30 02:00:00,0.273972222
2020-05-30 03:00:00,0.2738375
2020-05-30 04:00:00,0.273725
2020-05-30 05:00:00,0.273633333
2020-05-30 06:00:00,0.273586111
2020-05-30 07:00:00,0.273576389
2020-05-30 08:00:00,0.2736
2020-05-30 09:00:00,0.273656944
2020-05-30 10:00:00,0.273727778
2020-05-30 11:00:00,0.2738125
2020-05-30 12:00:00,0.273868056
2020-05-30 13:00:00,0.2739125
2020-05-30 14:00:00,0.273938889
2020-05-30 15:00:00,0.273905556
2020-05-30 16:00:00,0.273811111
2020-05-30 17:00:00,0.273677778
2020-05-30 18:00:00,0.2735
2020-05-30 19:00:00,0.2732875
2020-05-30 20:00:00,0.273047222
2020-05-30 21:00:00,0.272793056
2020-05-30 22:00:00,0.272533333
2020-05-30 23:00:00,0.272276389
2020-05-31 00:00:00,0.272016667
2020-05-31 01:00:00,0.271766667
2020-05-31 02:00:00,0.271554167
2020-05-31 03:00:00,0.271370833
2020-05-31 04:00:00,0.271251389
2020-05-31 05:00:00,0.271168056
2020-05-31 06:00:00,0.271116667
2020-05-31 07:00:00,0.271106944
2020-05-31 08:00:00,0.271147222
2020-05-31 09:00:00,0.271240278
2020-05-31 10:00:00,0.271381944
2020-05-31 11:00:00,0.271531944
2020-05-31 12:00:00,0.271688889
2020-05-31 13:00:00,0.271876389
2020-05-31 14:00:00,0.272019444
2020-05-31 15:00:00,0.272130556
2020-05-31 16:00:00,0.272215278
2020-05-31 17:00:00,0.272248611
2020-05-31 18:00:00,0.272248611
2020-05-31 19:00:00,0.272222222
2020-05-31 20:00:00,0.272181944
2020-05-31 21:00:00,0.272095833
2020-05-31 22:00:00,0.272005556
2020-05-31 23:00:00,0.271894444
2021-05-01 00:00:00,0.153638889
2021-05-01 01:00:00,0.153318056
2021-05-01 02:00:00,0.153019444
2021-05-01 03:00:00,0.152734722
2021-05-01 04:00:00,0.152395833
2021-05-01 05:00:00,0.152048611
2021-05-01 06:00:00,0.151736111
2021-05-01 07:00:00,0.151430556
2021-05-01 08:00:00,0.151102778
2021-05-01 09:00:00,0.150772222
2021-05-01 10:00:00,0.150493056
2021-05-01 11:00:00,0.150220833
2021-05-01 12:00:00,0.149958333
2021-05-01 13:00:00,0.149715278
2021-05-01 14:00:00,0.149483333
2021-05-01 15:00:00,0.149277778
2021-05-01 16:00:00,0.1491125
2021-05-01 17:00:00,0.148922222
2021-05-01 18:00:00,0.148797222
2021-05-01 19:00:00,0.148716667
2021-05-01 20:00:00,0.148593056
2021-05-01 21:00:00,0.148494444
2021-05-01 22:00:00,0.148377778
2021-05-01 23:00:00,0.148245833
2021-05-02 00:00:00,0.148104167
2021-05-02 01:00:00,0.147959722
2021-05-02 02:00:00,0.147816667
2021-05-02 03:00:00,0.147631944
2021-05-02 04:00:00,0.147452778
2021-05-02 05:00:00,0.147259722
2021-05-02 06:00:00,0.147038889
2021-05-02 07:00:00,0.146779167
2021-05-02 08:00:00,0.146523611
2021-05-02 09:00:00,0.146248611
2021-05-02 10:00:00,0.1459625
2021-05-02 11:00:00,0.145683333
2021-05-02 12:00:00,0.1454
2021-05-02 13:00:00,0.145133333
2021-05-02 14:00:00,0.144863889
2021-05-02 15:00:00,0.144647222
2021-05-02 16:00:00,0.144438889
2021-05-02 17:00:00,0.144283333
2021-05-02 18:00:00,0.144129167
2021-05-02 19:00:00,0.144008333
2021-05-02 20:00:00,0.143929167
2021-05-02 21:00:00,0.143884722
2021-05-02 22:00:00,0.143843056
2021-05-02 23:00:00,0.143813889
2021-05-03 00:00:00,0.143804167
2021-05-03 01:00:00,0.1437875
2021-05-03 02:00:00,0.143802778
2021-05-03 03:00:00,0.143815278
2021-05-03 04:00:00,0.143838889
2021-05-03 05:00:00,0.143859722
2021-05-03 06:00:00,0.143795833
2021-05-03 07:00:00,0.143831944
2021-05-03 08:00:00,0.143861111
2021-05-03 09:00:00,0.143822222
2021-05-03 10:00:00,0.143823611
2021-05-03 11:00:00,0.143890278
2021-05-03 12:00:00,0.143933333
2021-05-03 13:00:00,0.143923611
2021-05-03 14:00:00,0.143969444
2021-05-03 15:00:00,0.144015278
2021-05-03 16:00:00,0.144048611
2021-05-03 17:00:00,0.144101389
2021-05-03 18:00:00,0.144176389
2021-05-03 19:00:00,0.144277778
2021-05-03 20:00:00,0.1443375
2021-05-03 21:00:00,0.144422222
2021-05-03 22:00:00,0.144522222
2021-05-03 23:00:00,0.144608333
2021-05-04 00:00:00,0.144683333
2021-05-04 01:00:00,0.144793056
2021-05-04 02:00:00,0.144919444
2021-05-04 03:00:00,0.145041667
2021-05-04 04:00:00,0.145163889
2021-05-04 05:00:00,0.145283333
2021-05-04 06:00:00,0.145422222
2021-05-04 07:00:00,0.145593056
2021-05-04 08:00:00,0.145805556
2021-05-04 09:00:00,0.146065278
2021-05-04 10:00:00,0.146359722
2021-05-04 11:00:00,0.146680556
2021-05-04 12:00:00,0.147040278
2021-05-04 13:00:00,0.147381944
2021-05-04 14:00:00,0.147740278
2021-05-04 15:00:00,0.148097222
2021-05-04 16:00:00,0.148431944
2021-05-04 17:00:00,0.148758333
2021-05-04 18:00:00,0.149079167
2021-05-04 19:00:00,0.149372222
2021-05-04 20:00:00,0.149640278
2021-05-04 21:00:00,0.149894444
2021-05-04 22:00:00,0.150129167
2021-05-04 23:00:00,0.150345833
2021-05-05 00:00:00,0.150602778
2021-05-05 01:00:00,0.150859722
2021-05-05 02:00:00,0.151116667
2021-05-05 03:00:00,0.151386111
2021-05-05 04:00:00,0.151665278
2021-05-05 05:00:00,0.151955556
2021-05-05 06:00:00,0.152276389
2021-05-05 07:00:00,0.152613889
2021-05-05 08:00:00,0.152948611
2021-05-05 09:00:00,0.153302778
2021-05-05 10:00:00,0.153634722
2021-05-05 11:00:00,0.153990278
2021-05-05 12:00:00,0.154359722
2021-05-05 13:00:00,0.154677778
2021-05-05 14:00:00,0.154980556
2021-05-05 15:00:00,0.155255556
2021-05-05 16:00:00,0.155530556
2021-05-05 17:00:00,0.155786111
2021-05-05 18:00:00,0.156029167
2021-05-05 19:00:00,0.156225
2021-05-05 20:00:00,0.156393056
2021-05-05 21:00:00,0.156531944
2021-05-05 22:00:00,0.1566625
2021-05-05 23:00:00,0.156779167
2021-05-06 00:00:00,0.156913889
2021-05-06 01:00:00,0.157056944
2021-05-06 02:00:00,0.157226389
2021-05-06 03:00:00,0.157425
2021-05-06 04:00:00,0.157638889
2021-05-06 05:00:00,0.157876389
2021-05-06 06:00:00,0.158147222
2021-05-06 07:00:00,0.158476389
2021-05-06 08:00:00,0.158840278
2021-05-06 09:00:00,0.159202778
2021-05-06 10:00:00,0.159619444
2021-05-06 11:00:00,0.160077778
2021-05-06 12:00:00,0.160534722
2021-05-06 13:00:00,0.160995833
2021-05-06 14:00:00,0.161466667
2021-05-06 15:00:00,0.161933333
2021-05-06 16:00:00,0.162381944
2021-05-06 17:00:00,0.162806944
2021-05-06 18:00:00,0.163188889
2021-05-06 19:00:00,0.163520833
2021-05-06 20:00:00,0.163827778
2021-05-06 21:00:00,0.1640875
2021-05-06 22:00:00,0.164316667
2021-05-06 23:00:00,0.164518056
2021-05-07 00:00:00,0.164736111
2021-05-07 01:00:00,0.164968056
2021-05-07 02:00:00,0.165215278
2021-05-07 03:00:00,0.165494444
2021-05-07 04:00:00,0.165811111
2021-05-07 05:00:00,0.166181944
2021-05-07 06:00:00,0.166581944
2021-05-07 07:00:00,0.167008333
2021-05-07 08:00:00,0.167444444
2021-05-07 09:00:00,0.167881944
2021-05-07 10:00:00,0.168361111
2021-05-07 11:00:00,0.168902778
2021-05-07 12:00:00,0.169422222
2021-05-07 13:00:00,0.169940278
2021-05-07 14:00:00,0.170483333
2021-05-07 15:00:00,0.170990278
2021-05-07 16:00:00,0.17145
2021-05-07 17:00:00,0.171848611
2021-05-07 18:00:00,0.172184722
2021-05-07 19:00:00,0.172440278
2021-05-07 20:00:00,0.1725875
2021-05-07 21:00:00,0.172661111
2021-05-07 22:00:00,0.172658333
2021-05-07 23:00:00,0.172611111
2021-05-08 00:00:00,0.172526389
2021-05-08 01:00:00,0.172430556
2021-05-08 02:00:00,0.1723375
2021-05-08 03:00:00,0.172286111
2021-05-08 04:00:00,0.172294444
2021-05-08 05:00:00,0.172344444
2021-05-08 06:00:00,0.172452778
2021-05-08 07:00:00,0.172618056
2021-05-08 08:00:00,0.172836111
2021-05-08 09:00:00,0.173105556
2021-05-08 10:00:00,0.173427778
2021-05-08 11:00:00,0.173761111
2021-05-08 12:00:00,0.174125
2021-05-08 13:00:00,0.174498611
2021-05-08 14:00:00,0.17485
2021-05-08 15:00:00,0.175152778
2021-05-08 16:00:00,0.175390278
2021-05-08 17:00:00,0.175581944
2021-05-08 18:00:00,0.175705556
2021-05-08 19:00:00,0.175766667
2021-05-08 20:00:00,0.175733333
2021-05-08 21:00:00,0.1756125
2021-05-08 22:00:00,0.175422222
2021-05-08 23:00:00,0.1751625
2021-05-09 00:00:00,0.174847222
2021-05-09 01:00:00,0.174505556
2021-05-09 02:00:00,0.174158333
2021-05-09 03:00:00,0.173804167
2021-05-09 04:00:00,0.173463889
2021-05-09 05:00:00,0.1731625
2021-05-09 06:00:00,0.172906944
2021-05-09 07:00:00,0.172711111
2021-05-09 08:00:00,0.172577778
2021-05-09 09:00:00,0.172488889
2021-05-09 10:00:00,0.172431944
2021-05-09 11:00:00,0.17245
2021-05-09 12:00:00,0.172520833
2021-05-09 13:00:00,0.172594444
2021-05-09 14:00:00,0.172683333
2021-05-09 15:00:00,0.172772222
2021-05-09 16:00:00,0.172831944
2021-05-09 17:00:00,0.172881944
2021-05-09 18:00:00,0.172872222
2021-05-09 19:00:00,0.172726389
2021-05-09 20:00:00,0.172516667
2021-05-09 21:00:00,0.172248611
2021-05-09 22:00:00,0.171901389
2021-05-09 23:00:00,0.171476389
2021-05-10 00:00:00,0.170986111
2021-05-10 01:00:00,0.170468056
2021-05-10 02:00:00,0.169894444
2021-05-10 03:00:00,0.1692875
2021-05-10 04:00:00,0.168718056
2021-05-10 05:00:00,0.1682125
2021-05-10 06:00:00,0.167781944
2021-05-10 07:00:00,0.167463889
2021-05-10 08:00:00,0.167280556
2021-05-10 09:00:00,0.167213889
2021-05-10 10:00:00,0.167240278
2021-05-10 11:00:00,0.167356944
2021-05-10 12:00:00,0.1675375
2021-05-10 13:00:00,0.167773611
2021-05-10 14:00:00,0.168030556
2021-05-10 15:00:00,0.168272222
2021-05-10 16:00:00,0.168506944
2021-05-10 17:00:00,0.168725
2021-05-10 18:00:00,0.168925
2021-05-10 19:00:00,0.169066667
2021-05-10 20:00:00,0.16915
2021-05-10 21:00:00,0.169183333
2021-05-10 22:00:00,0.169169444
2021-05-10 23:00:00,0.169115278
2021-05-11 00:00:00,0.169002778
2021-05-11 01:00:00,0.168820833
2021-05-11 02:00:00,0.168575
2021-05-11 03:00:00,0.1683
2021-05-11 04:00:00,0.167993056
2021-05-11 05:00:00,0.167693056
2021-05-11 06:00:00,0.167420833
2021-05-11 07:00:00,0.167193056
2021-05-11 08:00:00,0.167030556
2021-05-11 09:00:00,0.166943056
2021-05-11 10:00:00,0.166929167
2021-05-11 11:00:00,0.166975
2021-05-11 12:00:00,0.167063889
2021-05-11 13:00:00,0.167201389
2021-05-11 14:00:00,0.167379167
2021-05-11 15:00:00,0.167554167
2021-05-11 16:00:00,0.167738889
2021-05-11 17:00:00,0.167929167
2021-05-11 18:00:00,0.168069444
2021-05-11 19:00:00,0.168170833
2021-05-11 20:00:00,0.168263889
2021-05-11 21:00:00,0.168336111
2021-05-11 22:00:00,0.168365278
2021-05-11 23:00:00,0.168358333
2021-05-12 00:00:00,0.168325
2021-05-12 01:00:00,0.168240278
2021-05-12 02:00:00,0.168093056
2021-05-12 03:00:00,0.167908333
2021-05-12 04:00:00,0.167655556
2021-05-12 05:00:00,0.167358333
2021-05-12 06:00:00,0.1670625
2021-05-12 07:00:00,0.166781944
2021-05-12 08:00:00,0.166498611
2021-05-12 09:00:00,0.166240278
2021-05-12 10:00:00,0.166036111
2021-05-12 11:00:00,0.1658875
2021-05-12 12:00:00,0.165797222
2021-05-12 13:00:00,0.16575
2021-05-12 14:00:00,0.165720833
2021-05-12 15:00:00,0.165745833
2021-05-12 16:00:00,0.165823611
2021-05-12 17:00:00,0.165919444
2021-05-12 18:00:00,0.166033333
2021-05-12 19:00:00,0.166173611
2021-05-12 20:00:00,0.166301389
2021-05-12 21:00:00,0.166419444
2021-05-12 22:00:00,0.166545833
2021-05-12 23:00:00,0.166654167
2021-05-13 00:00:00,0.1667375
2021-05-13 01:00:00,0.166804167
2021-05-13 02:00:00,0.166825
2021-05-13 03:00:00,0.166794444
2021-05-13 04:00:00,0.1667
2021-05-13 05:00:00,0.166556944
2021-05-13 06:00:00,0.166348611
2021-05-13 07:00:00,0.166079167
2021-05-13 08:00:00,0.165813889
2021-05-13 09:00:00,0.165545833
2021-05-13 10:00:00,0.165269444
2021-05-13 11:00:00,0.164981944
2021-05-13 12:00:00,0.164733333
2021-05-13 13:00:00,0.164506944
2021-05-13 14:00:00,0.164318056
2021-05-13 15:00:00,0.164172222
2021-05-13 16:00:00,0.164058333
2021-05-13 17:00:00,0.163961111
2021-05-13 18:00:00,0.163908333
2021-05-13 19:00:00,0.163904167
2021-05-13 20:00:00,0.16395
2021-05-13 21:00:00,0.164013889
2021-05-13 22:00:00,0.164093056
2021-05-13 23:00:00,0.164186111
2021-05-14 00:00:00,0.164286111
2021-05-14 01:00:00,0.164372222
2021-05-14 02:00:00,0.164422222
2021-05-14 03:00:00,0.164454167
2021-05-14 04:00:00,0.164443056
2021-05-14 05:00:00,0.164391667
2021-05-14 06:00:00,0.164309722
2021-05-14 07:00:00,0.164169444
2021-05-14 08:00:00,0.1640125
2021-05-14 09:00:00,0.163843056
2021-05-14 10:00:00,0.163636111
2021-05-14 11:00:00,0.163405556
2021-05-14 12:00:00,0.1631875
2021-05-14 13:00:00,0.162965278
2021-05-14 14:00:00,0.162770833
2021-05-14 15:00:00,0.162581944
2021-05-14 16:00:00,0.162391667
2021-05-14 17:00:00,0.162218056
2021-05-14 18:00:00,0.162118056
2021-05-14 19:00:00,0.162040278
2021-05-14 20:00:00,0.162002778
2021-05-14 21:00:00,0.162011111
2021-05-14 22:00:00,0.162043056
2021-05-14 23:00:00,0.1620625
2021-05-15 00:00:00,0.162093056
2021-05-15 01:00:00,0.162122222
2021-05-15 02:00:00,0.162109722
2021-05-15 03:00:00,0.162084722
2021-05-15 04:00:00,0.162069444
2021-05-15 05:00:00,0.162043056
2021-05-15 06:00:00,0.161977778
2021-05-15 07:00:00,0.161861111
2021-05-15 08:00:00,0.161698611
2021-05-15 09:00:00,0.1615375
2021-05-15 10:00:00,0.161354167
2021-05-15 11:00:00,0.161141667
2021-05-15 12:00:00,0.160918056
2021-05-15 13:00:00,0.160686111
2021-05-15 14:00:00,0.160455556
2021-05-15 15:00:00,0.160229167
2021-05-15 16:00:00,0.16
2021-05-15 17:00:00,0.159766667
2021-05-15 18:00:00,0.159569444
2021-05-15 19:00:00,0.1594
2021-05-15 20:00:00,0.15925
2021-05-15 21:00:00,0.15915
2021-05-15 22:00:00,0.159063889
2021-05-15 23:00:00,0.158991667
2021-05-16 00:00:00,0.158944444
2021-05-16 01:00:00,0.158898611
2021-05-16 02:00:00,0.158883333
2021-05-16 03:00:00,0.158877778
2021-05-16 04:00:00,0.158884722
2021-05-16 05:00:00,0.1588875
2021-05-16 06:00:00,0.1588875
2021-05-16 07:00:00,0.158877778
2021-05-16 08:00:00,0.1588625
2021-05-16 09:00:00,0.158840278
2021-05-16 10:00:00,0.158823611
2021-05-16 11:00:00,0.158791667
2021-05-16 12:00:00,0.158759722
2021-05-16 13:00:00,0.158708333
2021-05-16 14:00:00,0.1586375
2021-05-16 15:00:00,0.158572222
2021-05-16 16:00:00,0.158488889
2021-05-16 17:00:00,0.158419444
2021-05-16 18:00:00,0.158358333
2021-05-16 19:00:00,0.158304167
2021-05-16 20:00:00,0.158247222
2021-05-16 21:00:00,0.1581875
2021-05-16 22:00:00,0.158130556
2021-05-16 23:00:00,0.158104167
2021-05-17 00:00:00,0.158090278
2021-05-17 01:00:00,0.158101389
2021-05-17 02:00:00,0.158130556
2021-05-17 03:00:00,0.158155556
2021-05-17 04:00:00,0.158186111
2021-05-17 05:00:00,0.158223611
2021-05-17 06:00:00,0.158268056
2021-05-17 07:00:00,0.158320833
2021-05-17 08:00:00,0.158365278
2021-05-17 09:00:00,0.158393056
2021-05-17 10:00:00,0.158431944
2021-05-17 11:00:00,0.158447222
2021-05-17 12:00:00,0.158436111
2021-05-17 13:00:00,0.158416667
2021-05-17 14:00:00,0.158377778
2021-05-17 15:00:00,0.158302778
2021-05-17 16:00:00,0.158194444
2021-05-17 17:00:00,0.158072222
2021-05-17 18:00:00,0.1579375
2021-05-17 19:00:00,0.157795833
2021-05-17 20:00:00,0.157627778
2021-05-17 21:00:00,0.157441667
2021-05-17 22:00:00,0.157245833
2021-05-17 23:00:00,0.157069444
2021-05-18 00:00:00,0.156959722
2021-05-18 01:00:00,0.156825
2021-05-18 02:00:00,0.156681944
2021-05-18 03:00:00,0.156594444
2021-05-18 04:00:00,0.156526389
2021-05-18 05:00:00,0.156466667
2021-05-18 06:00:00,0.156451389
2021-05-18 07:00:00,0.156459722
2021-05-18 08:00:00,0.156494444
2021-05-18 09:00:00,0.156543056
2021-05-18 10:00:00,0.156651389
2021-05-18 11:00:00,0.156741667
2021-05-18 12:00:00,0.156815278
2021-05-18 13:00:00,0.156880556
2021-05-18 14:00:00,0.156922222
2021-05-18 15:00:00,0.156954167
2021-05-18 16:00:00,0.156952778
2021-05-18 17:00:00,0.156918056
2021-05-18 18:00:00,0.156827778
2021-05-18 19:00:00,0.156726389
2021-05-18 20:00:00,0.156606944
2021-05-18 21:00:00,0.1564625
2021-05-18 22:00:00,0.156311111
2021-05-18 23:00:00,0.156130556
2021-05-19 00:00:00,0.155938889
2021-05-19 01:00:00,0.155759722
2021-05-19 02:00:00,0.155622222
2021-05-19 03:00:00,0.155495833
2021-05-19 04:00:00,0.1553875
2021-05-19 05:00:00,0.155311111
2021-05-19 06:00:00,0.155254167
2021-05-19 07:00:00,0.155220833
2021-05-19 08:00:00,0.155238889
2021-05-19 09:00:00,0.155304167
2021-05-19 10:00:00,0.155409722
2021-05-19 11:00:00,0.155522222
2021-05-19 12:00:00,0.155656944
2021-05-19 13:00:00,0.155802778
2021-05-19 14:00:00,0.155908333
2021-05-19 15:00:00,0.156013889
2021-05-19 16:00:00,0.156076389
2021-05-19 17:00:00,0.156077778
2021-05-19 18:00:00,0.156033333
2021-05-19 19:00:00,0.155947222
2021-05-19 20:00:00,0.155826389
2021-05-19 21:00:00,0.155661111
2021-05-19 22:00:00,0.155480556
2021-05-19 23:00:00,0.155263889
2021-05-20 00:00:00,0.155023611
2021-05-20 01:00:00,0.154834722
2021-05-20 02:00:00,0.154670833
2021-05-20 03:00:00,0.154529167
2021-05-20 04:00:00,0.154354167
2021-05-20 05:00:00,0.154283333
2021-05-20 06:00:00,0.154215278
2021-05-20 07:00:00,0.154175
2021-05-20 08:00:00,0.154183333
2021-05-20 09:00:00,0.154244444
2021-05-20 10:00:00,0.154347222
2021-05-20 11:00:00,0.154502778
2021-05-20 12:00:00,0.154577778
2021-05-20 13:00:00,0.154654167
2021-05-20 14:00:00,0.154772222
2021-05-20 15:00:00,0.154856944
2021-05-20 16:00:00,0.154870833
2021-05-20 17:00:00,0.154830556
2021-05-20 18:00:00,0.154759722
2021-05-20 19:00:00,0.154640278
2021-05-20 20:00:00,0.1544875
2021-05-20 21:00:00,0.154223611
2021-05-20 22:00:00,0.153973611
2021-05-20 23:00:00,0.153751389
2021-05-21 00:00:00,0.153513889
2021-05-21 01:00:00,0.153308333
2021-05-21 02:00:00,0.153183333
2021-05-21 03:00:00,0.153072222
2021-05-21 04:00:00,0.152994444
2021-05-21 05:00:00,0.152983333
2021-05-21 06:00:00,0.15305
2021-05-21 07:00:00,0.153119444
2021-05-21 08:00:00,0.1532625
2021-05-21 09:00:00,0.153488889
2021-05-21 10:00:00,0.1537625
2021-05-21 11:00:00,0.154079167
2021-05-21 12:00:00,0.154433333
2021-05-21 13:00:00,0.154819444
2021-05-21 14:00:00,0.155197222
2021-05-21 15:00:00,0.155565278
2021-05-21 16:00:00,0.155901389
2021-05-21 17:00:00,0.156184722
2021-05-21 18:00:00,0.156411111
2021-05-21 19:00:00,0.156584722
2021-05-21 20:00:00,0.156701389
2021-05-21 21:00:00,0.156765278
2021-05-21 22:00:00,0.1567625
2021-05-21 23:00:00,0.156720833
2021-05-22 00:00:00,0.156647222
2021-05-22 01:00:00,0.156565278
2021-05-22 02:00:00,0.1564875
2021-05-22 03:00:00,0.156465278
2021-05-22 04:00:00,0.156476389
2021-05-22 05:00:00,0.156551389
2021-05-22 06:00:00,0.1567125
2021-05-22 07:00:00,0.156936111
2021-05-22 08:00:00,0.157244444
2021-05-22 09:00:00,0.157604167
2021-05-22 10:00:00,0.1580125
2021-05-22 11:00:00,0.158434722
2021-05-22 12:00:00,0.158908333
2021-05-22 13:00:00,0.159405556
2021-05-22 14:00:00,0.159902778
2021-05-22 15:00:00,0.160393056
2021-05-22 16:00:00,0.160873611
2021-05-22 17:00:00,0.161322222
2021-05-22 18:00:00,0.161738889
2021-05-22 19:00:00,0.162115278
2021-05-22 20:00:00,0.1624625
2021-05-22 21:00:00,0.162777778
2021-05-22 22:00:00,0.163065278
2021-05-22 23:00:00,0.163331944
2021-05-23 00:00:00,0.163569444
2021-05-23 01:00:00,0.163788889
2021-05-23 02:00:00,0.163979167
2021-05-23 03:00:00,0.164168056
2021-05-23 04:00:00,0.164344444
2021-05-23 05:00:00,0.164555556
2021-05-23 06:00:00,0.164738889
2021-05-23 07:00:00,0.165020833
2021-05-23 08:00:00,0.165370833
2021-05-23 09:00:00,0.165738889
2021-05-23 10:00:00,0.166168056
2021-05-23 11:00:00,0.166597222
2021-05-23 12:00:00,0.167048611
2021-05-23 13:00:00,0.1675375
2021-05-23 14:00:00,0.168030556
2021-05-23 15:00:00,0.168508333
2021-05-23 16:00:00,0.168966667
2021-05-23 17:00:00,0.169405556
2021-05-23 18:00:00,0.169805556
2021-05-23 19:00:00,0.170166667
2021-05-23 20:00:00,0.170508333
2021-05-23 21:00:00,0.170829167
2021-05-23 22:00:00,0.171116667
2021-05-23 23:00:00,0.171370833
2021-05-24 00:00:00,0.171583333
2021-05-24 01:00:00,0.171754167
2021-05-24 02:00:00,0.171875
2021-05-24 03:00:00,0.171958333
2021-05-24 04:00:00,0.172027778
2021-05-24 05:00:00,0.1720875
2021-05-24 06:00:00,0.172172222
2021-05-24 07:00:00,0.172276389
2021-05-24 08:00:00,0.172413889
2021-05-24 09:00:00,0.172595833
2021-05-24 10:00:00,0.172826389
2021-05-24 11:00:00,0.173095833
2021-05-24 12:00:00,0.173390278
2021-05-24 13:00:00,0.173730556
2021-05-24 14:00:00,0.174068056
2021-05-24 15:00:00,0.174429167
2021-05-24 16:00:00,0.174801389
2021-05-24 17:00:00,0.175176389
2021-05-24 18:00:00,0.175501389
2021-05-24 19:00:00,0.175811111
2021-05-24 20:00:00,0.176123611
2021-05-24 21:00:00,0.176391667
2021-05-24 22:00:00,0.176654167
2021-05-24 23:00:00,0.176897222
2021-05-25 00:00:00,0.177111111
2021-05-25 01:00:00,0.177268056
2021-05-25 02:00:00,0.177373611
2021-05-25 03:00:00,0.177433333
2021-05-25 04:00:00,0.177455556
2021-05-25 05:00:00,0.177461111
2021-05-25 06:00:00,0.177455556
2021-05-25 07:00:00,0.177479167
2021-05-25 08:00:00,0.177518056
2021-05-25 09:00:00,0.177594444
2021-05-25 10:00:00,0.177709722
2021-05-25 11:00:00,0.177855556
2021-05-25 12:00:00,0.178038889
2021-05-25 13:00:00,0.178238889
2021-05-25 14:00:00,0.178419444
2021-05-25 15:00:00,0.178654167
2021-05-25 16:00:00,0.178858333
2021-05-25 17:00:00,0.179093056
2021-05-25 18:00:00,0.179406944
2021-05-25 19:00:00,0.179711111
2021-05-25 20:00:00,0.179998611
2021-05-25 21:00:00,0.180295833
2021-05-25 22:00:00,0.180518056
2021-05-25 23:00:00,0.180718056
2021-05-26 00:00:00,0.180877778
2021-05-26 01:00:00,0.181031944
2021-05-26 02:00:00,0.181123611
2021-05-26 03:00:00,0.181208333
2021-05-26 04:00:00,0.181273611
2021-05-26 05:00:00,0.181306944
2021-05-26 06:00:00,0.1813375
2021-05-26 07:00:00,0.181366667
2021-05-26 08:00:00,0.181397222
2021-05-26 09:00:00,0.181409722
2021-05-26 10:00:00,0.181461111
2021-05-26 11:00:00,0.181527778
2021-05-26 12:00:00,0.181640278
2021-05-26 13:00:00,0.181775
2021-05-26 14:00:00,0.181920833
2021-05-26 15:00:00,0.182093056
2021-05-26 16:00:00,0.182277778
2021-05-26 17:00:00,0.182484722
2021-05-26 18:00:00,0.182697222
2021-05-26 19:00:00,0.182916667
2021-05-26 20:00:00,0.1831125
2021-05-26 21:00:00,0.183327778
2021-05-26 22:00:00,0.183590278
2021-05-26 23:00:00,0.183822222
2021-05-27 00:00:00,0.183988889
2021-05-27 01:00:00,0.184147222
2021-05-27 02:00:00,0.184281944
2021-05-27 03:00:00,0.184416667
2021-05-27 04:00:00,0.184516667
2021-05-27 05:00:00,0.184565278
2021-05-27 06:00:00,0.184570833
2021-05-27 07:00:00,0.184611111
2021-05-27 08:00:00,0.184672222
2021-05-27 09:00:00,0.184702778
2021-05-27 10:00:00,0.184731944
2021-05-27 11:00:00,0.184770833
2021-05-27 12:00:00,0.184816667
2021-05-27 13:00:00,0.184886111
2021-05-27 14:00:00,0.185040278
2021-05-27 15:00:00,0.185079167
2021-05-27 16:00:00,0.185147222
2021-05-27 17:00:00,0.1853
2021-05-27 18:00:00,0.185461111
2021-05-27 19:00:00,0.1856125
2021-05-27 20:00:00,0.185759722
2021-05-27 21:00:00,0.185918056
2021-05-27 22:00:00,0.186080556
2021-05-27 23:00:00,0.186265278
2021-05-28 00:00:00,0.186423611
2021-05-28 01:00:00,0.186581944
2021-05-28 02:00:00,0.186727778
2021-05-28 03:00:00,0.186865278
2021-05-28 04:00:00,0.1869875
2021-05-28 05:00:00,0.187111111
2021-05-28 06:00:00,0.187180556
2021-05-28 07:00:00,0.187238889
2021-05-28 08:00:00,0.187326389
2021-05-28 09:00:00,0.187415278
2021-05-28 10:00:00,0.187513889
2021-05-28 11:00:00,0.187611111
2021-05-28 12:00:00,0.187752778
2021-05-28 13:00:00,0.187926389
2021-05-28 14:00:00,0.188105556
2021-05-28 15:00:00,0.188304167
2021-05-28 16:00:00,0.188526389
2021-05-28 17:00:00,0.188776389
2021-05-28 18:00:00,0.189047222
2021-05-28 19:00:00,0.1893375
2021-05-28 20:00:00,0.189651389
2021-05-28 21:00:00,0.189986111
2021-05-28 22:00:00,0.190306944
2021-05-28 23:00:00,0.190661111
2021-05-29 00:00:00,0.190972222
2021-05-29 01:00:00,0.191305556
2021-05-29 02:00:00,0.191633333
2021-05-29 03:00:00,0.191922222
2021-05-29 04:00:00,0.192231944
2021-05-29 05:00:00,0.192473611
2021-05-29 06:00:00,0.192690278
2021-05-29 07:00:00,0.192859722
2021-05-29 08:00:00,0.193
2021-05-29 09:00:00,0.193166667
2021-05-29 10:00:00,0.193331944
2021-05-29 11:00:00,0.193497222
2021-05-29 12:00:00,0.193655556
2021-05-29 13:00:00,0.193822222
2021-05-29 14:00:00,0.194009722
2021-05-29 15:00:00,0.194211111
2021-05-29 16:00:00,0.194416667
2021-05-29 17:00:00,0.1946125
2021-05-29 18:00:00,0.194806944
2021-05-29 19:00:00,0.1950125
2021-05-29 20:00:00,0.195226389
2021-05-29 21:00:00,0.195447222
2021-05-29 22:00:00,0.195666667
2021-05-29 23:00:00,0.195863889
2021-05-30 00:00:00,0.196047222
2021-05-30 01:00:00,0.196268056
2021-05-30 02:00:00,0.196468056
2021-05-30 03:00:00,0.196680556
2021-05-30 04:00:00,0.196905556
2021-05-30 05:00:00,0.197105556
2021-05-30 06:00:00,0.197302778
2021-05-30 07:00:00,0.197498611
2021-05-30 08:00:00,0.197688889
2021-05-30 09:00:00,0.197876389
2021-05-30 10:00:00,0.198088889
2021-05-30 11:00:00,0.1983125
2021-05-30 12:00:00,0.198527778
2021-05-30 13:00:00,0.198747222
2021-05-30 14:00:00,0.198979167
2021-05-30 15:00:00,0.199206944
2021-05-30 16:00:00,0.199431944
2021-05-30 17:00:00,0.199643056
2021-05-30 18:00:00,0.199836111
2021-05-30 19:00:00,0.20005
2021-05-30 20:00:00,0.200309722
2021-05-30 21:00:00,0.200579167
2021-05-30 22:00:00,0.200873611
2021-05-30 23:00:00,0.201155556
2021-05-31 00:00:00,0.201438889
2021-05-31 01:00:00,0.201722222
2021-05-31 02:00:00,0.202013889
2021-05-31 03:00:00,0.202283333
2021-05-31 04:00:00,0.202540278
2021-05-31 05:00:00,0.202776389
2021-05-31 06:00:00,0.202983333
2021-05-31 07:00:00,0.203147222
2021-05-31 08:00:00,0.2033
2021-05-31 09:00:00,0.203427778
2021-05-31 10:00:00,0.203538889
2021-05-31 11:00:00,0.2036375
2021-05-31 12:00:00,0.203713889
2021-05-31 13:00:00,0.2037625
2021-05-31 14:00:00,0.203819444
2021-05-31 15:00:00,0.203851389
2021-05-31 16:00:00,0.203884722
2021-05-31 17:00:00,0.203913889
2021-05-31 18:00:00,0.203934722
2021-05-31 19:00:00,0.203941667
2021-05-31 20:00:00,0.203970833
2021-05-31 21:00:00,0.204011111
2021-05-31 22:00:00,0.204113889
2021-05-31 23:00:00,0.204270833
2022-05-01 00:00:00,0.186375
2022-05-01 01:00:00,0.1863625
2022-05-01 02:00:00,0.18625
2022-05-01 03:00:00,0.186152778
2022-05-01 04:00:00,0.186009722
2022-05-01 05:00:00,0.185781944
2022-05-01 06:00:00,0.185577778
2022-05-01 07:00:00,0.185470833
2022-05-01 08:00:00,0.185352778
2022-05-01 09:00:00,0.185334722
2022-05-01 10:00:00,0.185411111
2022-05-01 11:00:00,0.185516667
2022-05-01 12:00:00,0.185706944
2022-05-01 13:00:00,0.186001389
2022-05-01 14:00:00,0.186305556
2022-05-01 15:00:00,0.1866625
2022-05-01 16:00:00,0.187054167
2022-05-01 17:00:00,0.187438889
2022-05-01 18:00:00,0.187795833
2022-05-01 19:00:00,0.188140278
2022-05-01 20:00:00,0.188477778
2022-05-01 21:00:00,0.188763889
2022-05-01 22:00:00,0.189011111
2022-05-01 23:00:00,0.189220833
2022-05-02 00:00:00,0.189391667
2022-05-02 01:00:00,0.189523611
2022-05-02 02:00:00,0.189588889
2022-05-02 03:00:00,0.1895375
2022-05-02 04:00:00,0.189498611
2022-05-02 05:00:00,0.189475
2022-05-02 06:00:00,0.1894375
2022-05-02 07:00:00,0.189404167
2022-05-02 08:00:00,0.189356944
2022-05-02 09:00:00,0.189302778
2022-05-02 10:00:00,0.189293056
2022-05-02 11:00:00,0.189318056
2022-05-02 12:00:00,0.189422222
2022-05-02 13:00:00,0.189580556
2022-05-02 14:00:00,0.189788889
2022-05-02 15:00:00,0.190029167
2022-05-02 16:00:00,0.190304167
2022-05-02 17:00:00,0.1906
2022-05-02 18:00:00,0.190911111
2022-05-02 19:00:00,0.191238889
2022-05-02 20:00:00,0.191558333
2022-05-02 21:00:00,0.191863889
2022-05-02 22:00:00,0.192143056
2022-05-02 23:00:00,0.192377778
2022-05-03 00:00:00,0.192590278
2022-05-03 01:00:00,0.192751389
2022-05-03 02:00:00,0.192866667
2022-05-03 03:00:00,0.192929167
2022-05-03 04:00:00,0.192929167
2022-05-03 05:00:00,0.192869444
2022-05-03 06:00:00,0.192777778
2022-05-03 07:00:00,0.192575
2022-05-03 08:00:00,0.192365278
2022-05-03 09:00:00,0.192176389
2022-05-03 10:00:00,0.191979167
2022-05-03 11:00:00,0.191854167
2022-05-03 12:00:00,0.191754167
2022-05-03 13:00:00,0.191665278
2022-05-03 14:00:00,0.191648611
2022-05-03 15:00:00,0.191641667
2022-05-03 16:00:00,0.191697222
2022-05-03 17:00:00,0.191776389
2022-05-03 18:00:00,0.191906944
2022-05-03 19:00:00,0.192108333
2022-05-03 20:00:00,0.192365278
2022-05-03 21:00:00,0.192619444
2022-05-03 22:00:00,0.192898611
2022-05-03 23:00:00,0.193179167
2022-05-04 00:00:00,0.193472222
2022-05-04 01:00:00,0.193776389
2022-05-04 02:00:00,0.194101389
2022-05-04 03:00:00,0.1944375
2022-05-04 04:00:00,0.194747222
2022-05-04 05:00:00,0.195033333
2022-05-04 06:00:00,0.195270833
2022-05-04 07:00:00,0.195476389
2022-05-04 08:00:00,0.195648611
2022-05-04 09:00:00,0.195809722
2022-05-04 10:00:00,0.195966667
2022-05-04 11:00:00,0.1961125
2022-05-04 12:00:00,0.196256944
2022-05-04 13:00:00,0.196443056
2022-05-04 14:00:00,0.196625
2022-05-04 15:00:00,0.196815278
2022-05-04 16:00:00,0.197029167
2022-05-04 17:00:00,0.197255556
2022-05-04 18:00:00,0.197508333
2022-05-04 19:00:00,0.197779167
2022-05-04 20:00:00,0.198056944
2022-05-04 21:00:00,0.198377778
2022-05-04 22:00:00,0.1987375
2022-05-04 23:00:00,0.199090278
2022-05-05 00:00:00,0.199448611
2022-05-05 01:00:00,0.199822222
2022-05-05 02:00:00,0.200204167
2022-05-05 03:00:00,0.200576389
2022-05-05 04:00:00,0.200930556
2022-05-05 05:00:00,0.201265278
2022-05-05 06:00:00,0.201568056
2022-05-05 07:00:00,0.201823611
2022-05-05 08:00:00,0.202020833
2022-05-05 09:00:00,0.202209722
2022-05-05 10:00:00,0.202386111
2022-05-05 11:00:00,0.202559722
2022-05-05 12:00:00,0.202711111
2022-05-05 13:00:00,0.202863889
2022-05-05 14:00:00,0.203025
2022-05-05 15:00:00,0.203161111
2022-05-05 16:00:00,0.203298611
2022-05-05 17:00:00,0.203470833
2022-05-05 18:00:00,0.203644444
2022-05-05 19:00:00,0.203831944
2022-05-05 20:00:00,0.204038889
2022-05-05 21:00:00,0.204279167
2022-05-05 22:00:00,0.204559722
2022-05-05 23:00:00,0.204852778
2022-05-06 00:00:00,0.205166667
2022-05-06 01:00:00,0.205509722
2022-05-06 02:00:00,0.205843056
2022-05-06 03:00:00,0.206176389
2022-05-06 04:00:00,0.206502778
2022-05-06 05:00:00,0.206825
2022-05-06 06:00:00,0.207133333
2022-05-06 07:00:00,0.207448611
2022-05-06 08:00:00,0.207706944
2022-05-06 09:00:00,0.207936111
2022-05-06 10:00:00,0.208166667
2022-05-06 11:00:00,0.208358333
2022-05-06 12:00:00,0.208508333
2022-05-06 13:00:00,0.208656944
2022-05-06 14:00:00,0.208790278
2022-05-06 15:00:00,0.208920833
2022-05-06 16:00:00,0.209052778
2022-05-06 17:00:00,0.209205556
2022-05-06 18:00:00,0.209341667
2022-05-06 19:00:00,0.209483333
2022-05-06 20:00:00,0.209648611
2022-05-06 21:00:00,0.209825
2022-05-06 22:00:00,0.210027778
2022-05-06 23:00:00,0.210252778
2022-05-07 00:00:00,0.210515278
2022-05-07 01:00:00,0.210777778
2022-05-07 02:00:00,0.211043056
2022-05-07 03:00:00,0.211301389
2022-05-07 04:00:00,0.211593056
2022-05-07 05:00:00,0.211894444
2022-05-07 06:00:00,0.212208333
2022-05-07 07:00:00,0.212543056
2022-05-07 08:00:00,0.212888889
2022-05-07 09:00:00,0.213188889
2022-05-07 10:00:00,0.213501389
2022-05-07 11:00:00,0.213805556
2022-05-07 12:00:00,0.214081944
2022-05-07 13:00:00,0.214369444
2022-05-07 14:00:00,0.214625
2022-05-07 15:00:00,0.214886111
2022-05-07 16:00:00,0.215266667
2022-05-07 17:00:00,0.215427778
2022-05-07 18:00:00,0.215701389
2022-05-07 19:00:00,0.215963889
2022-05-07 20:00:00,0.216173611
2022-05-07 21:00:00,0.216370833
2022-05-07 22:00:00,0.216538889
2022-05-07 23:00:00,0.216691667
2022-05-08 00:00:00,0.216875
2022-05-08 01:00:00,0.217075
2022-05-08 02:00:00,0.217284722
2022-05-08 03:00:00,0.217548611
2022-05-08 04:00:00,0.217801389
2022-05-08 05:00:00,0.2182
2022-05-08 06:00:00,0.218698611
2022-05-08 07:00:00,0.218986111
2022-05-08 08:00:00,0.219434722
2022-05-08 09:00:00,0.219963889
2022-05-08 10:00:00,0.220491667
2022-05-08 11:00:00,0.220986111
2022-05-08 12:00:00,0.2214125
2022-05-08 13:00:00,0.221779167
2022-05-08 14:00:00,0.222069444
2022-05-08 15:00:00,0.222305556
2022-05-08 16:00:00,0.222501389
2022-05-08 17:00:00,0.222609722
2022-05-08 18:00:00,0.222666667
2022-05-08 19:00:00,0.2225875
2022-05-08 20:00:00,0.222627778
2022-05-08 21:00:00,0.2226
2022-05-08 22:00:00,0.222581944
2022-05-08 23:00:00,0.222434722
2022-05-09 00:00:00,0.222263889
2022-05-09 01:00:00,0.222151389
2022-05-09 02:00:00,0.222025
2022-05-09 03:00:00,0.221933333
2022-05-09 04:00:00,0.221879167
2022-05-09 05:00:00,0.221861111
2022-05-09 06:00:00,0.221872222
2022-05-09 07:00:00,0.221933333
2022-05-09 08:00:00,0.222031944
2022-05-09 09:00:00,0.222179167
2022-05-09 10:00:00,0.222398611
2022-05-09 11:00:00,0.222643056
2022-05-09 12:00:00,0.222909722
2022-05-09 13:00:00,0.223197222
2022-05-09 14:00:00,0.223466667
2022-05-09 15:00:00,0.223719444
2022-05-09 16:00:00,0.223940278
2022-05-09 17:00:00,0.224104167
2022-05-09 18:00:00,0.224201389
2022-05-09 19:00:00,0.224240278
2022-05-09 20:00:00,0.2242125
2022-05-09 21:00:00,0.224148611
2022-05-09 22:00:00,0.224031944
2022-05-09 23:00:00,0.223866667
2022-05-10 00:00:00,0.2237
2022-05-10 01:00:00,0.223522222
2022-05-10 02:00:00,0.223356944
2022-05-10 03:00:00,0.223248611
2022-05-10 04:00:00,0.223166667
2022-05-10 05:00:00,0.223134722
2022-05-10 06:00:00,0.223172222
2022-05-10 07:00:00,0.223248611
2022-05-10 08:00:00,0.223390278
2022-05-10 09:00:00,0.223630556
2022-05-10 10:00:00,0.2239125
2022-05-10 11:00:00,0.224313889
2022-05-10 12:00:00,0.224720833
2022-05-10 13:00:00,0.225173611
2022-05-10 14:00:00,0.225694444
2022-05-10 15:00:00,0.2261375
2022-05-10 16:00:00,0.226622222
2022-05-10 17:00:00,0.226993056
2022-05-10 18:00:00,0.227265278
2022-05-10 19:00:00,0.227443056
2022-05-10 20:00:00,0.227573611
2022-05-10 21:00:00,0.22765
2022-05-10 22:00:00,0.227670833
2022-05-10 23:00:00,0.2276375
2022-05-11 00:00:00,0.2276125
2022-05-11 01:00:00,0.227615278
2022-05-11 02:00:00,0.2276375
2022-05-11 03:00:00,0.227718056
2022-05-11 04:00:00,0.2278375
2022-05-11 05:00:00,0.228084722
2022-05-11 06:00:00,0.228309722
2022-05-11 07:00:00,0.2286375
2022-05-11 08:00:00,0.2290875
2022-05-11 09:00:00,0.229547222
2022-05-11 10:00:00,0.230070833
2022-05-11 11:00:00,0.230665278
2022-05-11 12:00:00,0.231281944
2022-05-11 13:00:00,0.231875
2022-05-11 14:00:00,0.232490278
2022-05-11 15:00:00,0.233101389
2022-05-11 16:00:00,0.233719444
2022-05-11 17:00:00,0.234334722
2022-05-11 18:00:00,0.234791667
2022-05-11 19:00:00,0.235223611
2022-05-11 20:00:00,0.235647222
2022-05-11 21:00:00,0.235938889
2022-05-11 22:00:00,0.236134722
2022-05-11 23:00:00,0.236269444
2022-05-12 00:00:00,0.236318056
2022-05-12 01:00:00,0.236323611
2022-05-12 02:00:00,0.236323611
2022-05-12 03:00:00,0.236397222
2022-05-12 04:00:00,0.236454167
2022-05-12 05:00:00,0.236580556
2022-05-12 06:00:00,0.2368125
2022-05-12 07:00:00,0.237109722
2022-05-12 08:00:00,0.237452778
2022-05-12 09:00:00,0.237841667
2022-05-12 10:00:00,0.238336111
2022-05-12 11:00:00,0.238872222
2022-05-12 12:00:00,0.239423611
2022-05-12 13:00:00,0.240002778
2022-05-12 14:00:00,0.240575
2022-05-12 15:00:00,0.241126389
2022-05-12 16:00:00,0.241636111
2022-05-12 17:00:00,0.2420875
2022-05-12 18:00:00,0.2424625
2022-05-12 19:00:00,0.242770833
2022-05-12 20:00:00,0.243029167
2022-05-12 21:00:00,0.243218056
2022-05-12 22:00:00,0.243359722
2022-05-12 23:00:00,0.243433333
2022-05-13 00:00:00,0.243441667
2022-05-13 01:00:00,0.243393056
2022-05-13 02:00:00,0.2433
2022-05-13 03:00:00,0.243179167
2022-05-13 04:00:00,0.243043056
2022-05-13 05:00:00,0.242931944
2022-05-13 06:00:00,0.242873611
2022-05-13 07:00:00,0.242870833
2022-05-13 08:00:00,0.242945833
2022-05-13 09:00:00,0.243098611
2022-05-13 10:00:00,0.243319444
2022-05-13 11:00:00,0.243583333
2022-05-13 12:00:00,0.243888889
2022-05-13 13:00:00,0.244209722
2022-05-13 14:00:00,0.244533333
2022-05-13 15:00:00,0.244855556
2022-05-13 16:00:00,0.245156944
2022-05-13 17:00:00,0.245454167
2022-05-13 18:00:00,0.245711111
2022-05-13 19:00:00,0.245931944
2022-05-13 20:00:00,0.246116667
2022-05-13 21:00:00,0.246275
2022-05-13 22:00:00,0.246394444
2022-05-13 23:00:00,0.246465278
2022-05-14 00:00:00,0.246491667
2022-05-14 01:00:00,0.246456944
2022-05-14 02:00:00,0.246383333
2022-05-14 03:00:00,0.246288889
2022-05-14 04:00:00,0.246169444
2022-05-14 05:00:00,0.246034722
2022-05-14 06:00:00,0.245919444
2022-05-14 07:00:00,0.245826389
2022-05-14 08:00:00,0.245772222
2022-05-14 09:00:00,0.245763889
2022-05-14 10:00:00,0.245794444
2022-05-14 11:00:00,0.245873611
2022-05-14 12:00:00,0.245984722
2022-05-14 13:00:00,0.246106944
2022-05-14 14:00:00,0.246255556
2022-05-14 15:00:00,0.246405556
2022-05-14 16:00:00,0.246548611
2022-05-14 17:00:00,0.246679167
2022-05-14 18:00:00,0.246775
2022-05-14 19:00:00,0.246847222
2022-05-14 20:00:00,0.246859722
2022-05-14 21:00:00,0.246858333
2022-05-14 22:00:00,0.246845833
2022-05-14 23:00:00,0.246775
2022-05-15 00:00:00,0.246672222
2022-05-15 01:00:00,0.246502778
2022-05-15 02:00:00,0.246311111
2022-05-15 03:00:00,0.246075
2022-05-15 04:00:00,0.245831944
2022-05-15 05:00:00,0.245576389
2022-05-15 06:00:00,0.245320833
2022-05-15 07:00:00,0.245084722
2022-05-15 08:00:00,0.244890278
2022-05-15 09:00:00,0.244705556
2022-05-15 10:00:00,0.244576389
2022-05-15 11:00:00,0.244490278
2022-05-15 12:00:00,0.244454167
2022-05-15 13:00:00,0.244434722
2022-05-15 14:00:00,0.244441667
2022-05-15 15:00:00,0.244506944
2022-05-15 16:00:00,0.244593056
2022-05-15 17:00:00,0.244681944
2022-05-15 18:00:00,0.244773611
2022-05-15 19:00:00,0.244851389
2022-05-15 20:00:00,0.244954167
2022-05-15 21:00:00,0.245033333
2022-05-15 22:00:00,0.245104167
2022-05-15 23:00:00,0.245156944
2022-05-16 00:00:00,0.245193056
2022-05-16 01:00:00,0.245193056
2022-05-16 02:00:00,0.245193056
2022-05-16 03:00:00,0.245173611
2022-05-16 04:00:00,0.245111111
2022-05-16 05:00:00,0.245033333
2022-05-16 06:00:00,0.244918056
2022-05-16 07:00:00,0.244808333
2022-05-16 08:00:00,0.244713889
2022-05-16 09:00:00,0.244631944
2022-05-16 10:00:00,0.244565278
2022-05-16 11:00:00,0.244547222
2022-05-16 12:00:00,0.244533333
2022-05-16 13:00:00,0.244547222
2022-05-16 14:00:00,0.2446
2022-05-16 15:00:00,0.2446375
2022-05-16 16:00:00,0.244719444
2022-05-16 17:00:00,0.244818056
2022-05-16 18:00:00,0.2448875
2022-05-16 19:00:00,0.244983333
2022-05-16 20:00:00,0.245081944
2022-05-16 21:00:00,0.245156944
2022-05-16 22:00:00,0.245238889
2022-05-16 23:00:00,0.245288889
2022-05-17 00:00:00,0.245323611
2022-05-17 01:00:00,0.245375
2022-05-17 02:00:00,0.245388889
2022-05-17 03:00:00,0.245384722
2022-05-17 04:00:00,0.245379167
2022-05-17 05:00:00,0.245338889
2022-05-17 06:00:00,0.245261111
2022-05-17 07:00:00,0.245177778
2022-05-17 08:00:00,0.245075
2022-05-17 09:00:00,0.245004167
2022-05-17 10:00:00,0.244911111
2022-05-17 11:00:00,0.244845833
2022-05-17 12:00:00,0.244815278
2022-05-17 13:00:00,0.244776389
2022-05-17 14:00:00,0.244790278
2022-05-17 15:00:00,0.244826389
2022-05-17 16:00:00,0.244870833
2022-05-17 17:00:00,0.244930556
2022-05-17 18:00:00,0.245008333
2022-05-17 19:00:00,0.245116667
2022-05-17 20:00:00,0.245233333
2022-05-17 21:00:00,0.245370833
2022-05-17 22:00:00,0.245506944
2022-05-17 23:00:00,0.245644444
2022-05-18 00:00:00,0.2457875
2022-05-18 01:00:00,0.245915278
2022-05-18 02:00:00,0.246041667
2022-05-18 03:00:00,0.246161111
2022-05-18 04:00:00,0.246252778
2022-05-18 05:00:00,0.246326389
2022-05-18 06:00:00,0.246381944
2022-05-18 07:00:00,0.246388889
2022-05-18 08:00:00,0.246391667
2022-05-18 09:00:00,0.2464
2022-05-18 10:00:00,0.246397222
2022-05-18 11:00:00,0.246398611
2022-05-18 12:00:00,0.246419444
2022-05-18 13:00:00,0.246444444
2022-05-18 14:00:00,0.246468056
2022-05-18 15:00:00,0.246522222
2022-05-18 16:00:00,0.246573611
2022-05-18 17:00:00,0.246629167
2022-05-18 18:00:00,0.246676389
2022-05-18 19:00:00,0.246759722
2022-05-18 20:00:00,0.246861111
2022-05-18 21:00:00,0.246973611
2022-05-18 22:00:00,0.247084722
2022-05-18 23:00:00,0.247188889
2022-05-19 00:00:00,0.247302778
2022-05-19 01:00:00,0.2474
2022-05-19 02:00:00,0.247502778
2022-05-19 03:00:00,0.247602778
2022-05-19 04:00:00,0.247702778
2022-05-19 05:00:00,0.247815278
2022-05-19 06:00:00,0.247919444
2022-05-19 07:00:00,0.248011111
2022-05-19 08:00:00,0.248069444
2022-05-19 09:00:00,0.248123611
2022-05-19 10:00:00,0.248177778
2022-05-19 11:00:00,0.2482375
2022-05-19 12:00:00,0.248308333
2022-05-19 13:00:00,0.248363889
2022-05-19 14:00:00,0.248422222
2022-05-19 15:00:00,0.2485
2022-05-19 16:00:00,0.248569444
2022-05-19 17:00:00,0.248651389
2022-05-19 18:00:00,0.248744444
2022-05-19 19:00:00,0.248845833
2022-05-19 20:00:00,0.248954167
2022-05-19 21:00:00,0.2491
2022-05-19 22:00:00,0.249230556
2022-05-19 23:00:00,0.249358333
2022-05-20 00:00:00,0.249572222
2022-05-20 01:00:00,0.249758333
2022-05-20 02:00:00,0.249966667
2022-05-20 03:00:00,0.250147222
2022-05-20 04:00:00,0.250330556
2022-05-20 05:00:00,0.250523611
2022-05-20 06:00:00,0.250711111
2022-05-20 07:00:00,0.250922222
2022-05-20 08:00:00,0.251140278
2022-05-20 09:00:00,0.251340278
2022-05-20 10:00:00,0.251558333
2022-05-20 11:00:00,0.251766667
2022-05-20 12:00:00,0.251981944
2022-05-20 13:00:00,0.252177778
2022-05-20 14:00:00,0.252355556
2022-05-20 15:00:00,0.252547222
2022-05-20 16:00:00,0.252733333
2022-05-20 17:00:00,0.252919444
2022-05-20 18:00:00,0.253095833
2022-05-20 19:00:00,0.253275
2022-05-20 20:00:00,0.253461111
2022-05-20 21:00:00,0.253651389
2022-05-20 22:00:00,0.253833333
2022-05-20 23:00:00,0.253997222
2022-05-21 00:00:00,0.254170833
2022-05-21 01:00:00,0.254356944
2022-05-21 02:00:00,0.254563889
2022-05-21 03:00:00,0.254795833
2022-05-21 04:00:00,0.255023611
2022-05-21 05:00:00,0.255243056
2022-05-21 06:00:00,0.255452778
2022-05-21 07:00:00,0.255647222
2022-05-21 08:00:00,0.255830556
2022-05-21 09:00:00,0.255993056
2022-05-21 10:00:00,0.256155556
2022-05-21 11:00:00,0.256333333
2022-05-21 12:00:00,0.256418056
2022-05-21 13:00:00,0.256568056
2022-05-21 14:00:00,0.256613889
2022-05-21 15:00:00,0.256679167
2022-05-21 16:00:00,0.256775
2022-05-21 17:00:00,0.256843056
2022-05-21 18:00:00,0.256895833
2022-05-21 19:00:00,0.257052778
2022-05-21 20:00:00,0.257152778
2022-05-21 21:00:00,0.257215278
2022-05-21 22:00:00,0.257356944
2022-05-21 23:00:00,0.257441667
2022-05-22 00:00:00,0.257561111
2022-05-22 01:00:00,0.257658333
2022-05-22 02:00:00,0.257736111
2022-05-22 03:00:00,0.257836111
2022-05-22 04:00:00,0.257915278
2022-05-22 05:00:00,0.258008333
2022-05-22 06:00:00,0.258108333
2022-05-22 07:00:00,0.258222222
2022-05-22 08:00:00,0.258354167
2022-05-22 09:00:00,0.258523611
2022-05-22 10:00:00,0.258711111
2022-05-22 11:00:00,0.2589125
2022-05-22 12:00:00,0.259118056
2022-05-22 13:00:00,0.259308333
2022-05-22 14:00:00,0.259473611
2022-05-22 15:00:00,0.259648611
2022-05-22 16:00:00,0.259804167
2022-05-22 17:00:00,0.259938889
2022-05-22 18:00:00,0.260073611
2022-05-22 19:00:00,0.260177778
2022-05-22 20:00:00,0.260283333
2022-05-22 21:00:00,0.260381944
2022-05-22 22:00:00,0.260473611
2022-05-22 23:00:00,0.2605625
2022-05-23 00:00:00,0.260702778
2022-05-23 01:00:00,0.260856944
2022-05-23 02:00:00,0.260995833
2022-05-23 03:00:00,0.26115
2022-05-23 04:00:00,0.261302778
2022-05-23 05:00:00,0.2614625
2022-05-23 06:00:00,0.261651389
2022-05-23 07:00:00,0.2618625
2022-05-23 08:00:00,0.262098611
2022-05-23 09:00:00,0.262377778
2022-05-23 10:00:00,0.262661111
2022-05-23 11:00:00,0.262972222
2022-05-23 12:00:00,0.263295833
2022-05-23 13:00:00,0.263622222
2022-05-23 14:00:00,0.263920833
2022-05-23 15:00:00,0.264204167
2022-05-23 16:00:00,0.264454167
2022-05-23 17:00:00,0.264659722
2022-05-23 18:00:00,0.264820833
2022-05-23 19:00:00,0.264922222
2022-05-23 20:00:00,0.264968056
2022-05-23 21:00:00,0.264997222
2022-05-23 22:00:00,0.264981944
2022-05-23 23:00:00,0.264941667
2022-05-24 00:00:00,0.264916667
2022-05-24 01:00:00,0.264877778
2022-05-24 02:00:00,0.264848611
2022-05-24 03:00:00,0.264826389
2022-05-24 04:00:00,0.26485
2022-05-24 05:00:00,0.264880556
2022-05-24 06:00:00,0.264945833
2022-05-24 07:00:00,0.265054167
2022-05-24 08:00:00,0.265180556
2022-05-24 09:00:00,0.265347222
2022-05-24 10:00:00,0.2655375
2022-05-24 11:00:00,0.265741667
2022-05-24 12:00:00,0.265959722
2022-05-24 13:00:00,0.266194444
2022-05-24 14:00:00,0.266391667
2022-05-24 15:00:00,0.266558333
2022-05-24 16:00:00,0.266684722
2022-05-24 17:00:00,0.266770833
2022-05-24 18:00:00,0.266829167
2022-05-24 19:00:00,0.266827778
2022-05-24 20:00:00,0.266766667
2022-05-24 21:00:00,0.266673611
2022-05-24 22:00:00,0.266544444
2022-05-24 23:00:00,0.266401389
2022-05-25 00:00:00,0.266244444
2022-05-25 01:00:00,0.266094444
2022-05-25 02:00:00,0.265979167
2022-05-25 03:00:00,0.265901389
2022-05-25 04:00:00,0.265858333
2022-05-25 05:00:00,0.265852778
2022-05-25 06:00:00,0.265879167
2022-05-25 07:00:00,0.265968056
2022-05-25 08:00:00,0.266116667
2022-05-25 09:00:00,0.266305556
2022-05-25 10:00:00,0.266527778
2022-05-25 11:00:00,0.266776389
2022-05-25 12:00:00,0.267043056
2022-05-25 13:00:00,0.267294444
2022-05-25 14:00:00,0.267509722
2022-05-25 15:00:00,0.267715278
2022-05-25 16:00:00,0.2678625
2022-05-25 17:00:00,0.267943056
2022-05-25 18:00:00,0.2679375
2022-05-25 19:00:00,0.267884722
2022-05-25 20:00:00,0.267743056
2022-05-25 21:00:00,0.267504167
2022-05-25 22:00:00,0.267325
2022-05-25 23:00:00,0.267068056
2022-05-26 00:00:00,0.266776389
2022-05-26 01:00:00,0.266569444
2022-05-26 02:00:00,0.266375
2022-05-26 03:00:00,0.2662125
2022-05-26 04:00:00,0.266101389
2022-05-26 05:00:00,0.266051389
2022-05-26 06:00:00,0.266038889
2022-05-26 07:00:00,0.266111111
2022-05-26 08:00:00,0.2662375
2022-05-26 09:00:00,0.266416667
2022-05-26 10:00:00,0.266663889
2022-05-26 11:00:00,0.266956944
2022-05-26 12:00:00,0.267293056
2022-05-26 13:00:00,0.267618056
2022-05-26 14:00:00,0.267920833
2022-05-26 15:00:00,0.268220833
2022-05-26 16:00:00,0.2685
2022-05-26 17:00:00,0.268695833
2022-05-26 18:00:00,0.268833333
2022-05-26 19:00:00,0.268926389
2022-05-26 20:00:00,0.268876389
2022-05-26 21:00:00,0.268830556
2022-05-26 22:00:00,0.268676389
2022-05-26 23:00:00,0.268486111
2022-05-27 00:00:00,0.268352778
2022-05-27 01:00:00,0.268106944
2022-05-27 02:00:00,0.267843056
2022-05-27 03:00:00,0.267670833
2022-05-27 04:00:00,0.267522222
2022-05-27 05:00:00,0.267383333
2022-05-27 06:00:00,0.267365278
2022-05-27 07:00:00,0.26745
2022-05-27 08:00:00,0.267572222
2022-05-27 09:00:00,0.267777778
2022-05-27 10:00:00,0.2680375
2022-05-27 11:00:00,0.268308333
2022-05-27 12:00:00,0.268593056
2022-05-27 13:00:00,0.268873611
2022-05-27 14:00:00,0.269122222
2022-05-27 15:00:00,0.269351389
2022-05-27 16:00:00,0.269516667
2022-05-27 17:00:00,0.2696375
2022-05-27 18:00:00,0.269697222
2022-05-27 19:00:00,0.269702778
2022-05-27 20:00:00,0.269645833
2022-05-27 21:00:00,0.269527778
2022-05-27 22:00:00,0.269336111
2022-05-27 23:00:00,0.269097222
2022-05-28 00:00:00,0.268819444
2022-05-28 01:00:00,0.268504167
2022-05-28 02:00:00,0.268159722
2022-05-28 03:00:00,0.267791667
2022-05-28 04:00:00,0.267436111
2022-05-28 05:00:00,0.267138889
2022-05-28 06:00:00,0.266898611
2022-05-28 07:00:00,0.266731944
2022-05-28 08:00:00,0.266644444
2022-05-28 09:00:00,0.266616667
2022-05-28 10:00:00,0.266666667
2022-05-28 11:00:00,0.266772222
2022-05-28 12:00:00,0.266906944
2022-05-28 13:00:00,0.267061111
2022-05-28 14:00:00,0.267216667
2022-05-28 15:00:00,0.267373611
2022-05-28 16:00:00,0.267534722
2022-05-28 17:00:00,0.267673611
2022-05-28 18:00:00,0.267754167
2022-05-28 19:00:00,0.267808333
2022-05-28 20:00:00,0.2678
2022-05-28 21:00:00,0.267730556
2022-05-28 22:00:00,0.267630556
2022-05-28 23:00:00,0.267502778
2022-05-29 00:00:00,0.267309722
2022-05-29 01:00:00,0.267019444
2022-05-29 02:00:00,0.266688889
2022-05-29 03:00:00,0.266147222
2022-05-29 04:00:00,0.265827778
2022-05-29 05:00:00,0.2655625
2022-05-29 06:00:00,0.265284722
2022-05-29 07:00:00,0.265019444
2022-05-29 08:00:00,0.2647875
2022-05-29 09:00:00,0.264606944
2022-05-29 10:00:00,0.264447222
2022-05-29 11:00:00,0.264327778
2022-05-29 12:00:00,0.264263889
2022-05-29 13:00:00,0.264204167
2022-05-29 14:00:00,0.264161111
2022-05-29 15:00:00,0.264168056
2022-05-29 16:00:00,0.264194444
2022-05-29 17:00:00,0.264202778
2022-05-29 18:00:00,0.264205556
2022-05-29 19:00:00,0.264190278
2022-05-29 20:00:00,0.264158333
2022-05-29 21:00:00,0.264101389
2022-05-29 22:00:00,0.264016667
2022-05-29 23:00:00,0.2638875
2022-05-30 00:00:00,0.263701389
2022-05-30 01:00:00,0.263484722
2022-05-30 02:00:00,0.263230556
2022-05-30 03:00:00,0.262911111
2022-05-30 04:00:00,0.262547222
2022-05-30 05:00:00,0.262165278
2022-05-30 06:00:00,0.261765278
2022-05-30 07:00:00,0.261355556
2022-05-30 08:00:00,0.260965278
2022-05-30 09:00:00,0.260595833
2022-05-30 10:00:00,0.260251389
2022-05-30 11:00:00,0.259943056
2022-05-30 12:00:00,0.259694444
2022-05-30 13:00:00,0.259465278
2022-05-30 14:00:00,0.259259722
2022-05-30 15:00:00,0.2591
2022-05-30 16:00:00,0.258959722
2022-05-30 17:00:00,0.258868056
2022-05-30 18:00:00,0.258791667
2022-05-30 19:00:00,0.258744444
2022-05-30 20:00:00,0.258683333
2022-05-30 21:00:00,0.258597222
2022-05-30 22:00:00,0.258526389
2022-05-30 23:00:00,0.258340278
2022-05-31 00:00:00,0.258186111
2022-05-31 01:00:00,0.257991667
2022-05-31 02:00:00,0.257822222
2022-05-31 03:00:00,0.257572222
2022-05-31 04:00:00,0.257441667
2022-05-31 05:00:00,0.257061111
2022-05-31 06:00:00,0.256718056
2022-05-31 07:00:00,0.2564125
2022-05-31 08:00:00,0.256108333
2022-05-31 09:00:00,0.255793056
2022-05-31 10:00:00,0.255488889
2022-05-31 11:00:00,0.255205556
2022-05-31 12:00:00,0.2549625
2022-05-31 13:00:00,0.254686111
2022-05-31 14:00:00,0.2544625
2022-05-31 15:00:00,0.254252778
2022-05-31 16:00:00,0.2540375
2022-05-31 17:00:00,0.253888889
2022-05-31 18:00:00,0.253768056
2022-05-31 19:00:00,0.2537
2022-05-31 20:00:00,0.253611111
2022-05-31 21:00:00,0.253555556
2022-05-31 22:00:00,0.2534875
2022-05-31 23:00:00,0.253418056
2023-05-01 00:00:00,0.171011111
2023-05-01 01:00:00,0.170469444
2023-05-01 02:00:00,0.169998611
2023-05-01 03:00:00,0.169668056
2023-05-01 04:00:00,0.169343056
2023-05-01 05:00:00,0.169051389
2023-05-01 06:00:00,0.168795833
2023-05-01 07:00:00,0.168670833
2023-05-01 08:00:00,0.168533333
2023-05-01 09:00:00,0.168491667
2023-05-01 10:00:00,0.168579167
2023-05-01 11:00:00,0.168677778
2023-05-01 12:00:00,0.168809722
2023-05-01 13:00:00,0.169059722
2023-05-01 14:00:00,0.169358333
2023-05-01 15:00:00,0.169625
2023-05-01 16:00:00,0.169845833
2023-05-01 17:00:00,0.170076389
2023-05-01 18:00:00,0.170220833
2023-05-01 19:00:00,0.170297222
2023-05-01 20:00:00,0.170326389
2023-05-01 21:00:00,0.170269444
2023-05-01 22:00:00,0.170172222
2023-05-01 23:00:00,0.170025
2023-05-02 00:00:00,0.169808333
2023-05-02 01:00:00,0.1696
2023-05-02 02:00:00,0.169391667
2023-05-02 03:00:00,0.169183333
2023-05-02 04:00:00,0.169020833
2023-05-02 05:00:00,0.168918056
2023-05-02 06:00:00,0.168881944
2023-05-02 07:00:00,0.168981944
2023-05-02 08:00:00,0.169143056
2023-05-02 09:00:00,0.169433333
2023-05-02 10:00:00,0.169809722
2023-05-02 11:00:00,0.170295833
2023-05-02 12:00:00,0.170879167
2023-05-02 13:00:00,0.1714875
2023-05-02 14:00:00,0.172106944
2023-05-02 15:00:00,0.172701389
2023-05-02 16:00:00,0.173261111
2023-05-02 17:00:00,0.173741667
2023-05-02 18:00:00,0.174156944
2023-05-02 19:00:00,0.174494444
2023-05-02 20:00:00,0.174777778
2023-05-02 21:00:00,0.175009722
2023-05-02 22:00:00,0.175148611
2023-05-02 23:00:00,0.175180556
2023-05-03 00:00:00,0.175144444
2023-05-03 01:00:00,0.175084722
2023-05-03 02:00:00,0.174948611
2023-05-03 03:00:00,0.174786111
2023-05-03 04:00:00,0.174640278
2023-05-03 05:00:00,0.174508333
2023-05-03 06:00:00,0.174431944
2023-05-03 07:00:00,0.174438889
2023-05-03 08:00:00,0.174525
2023-05-03 09:00:00,0.174709722
2023-05-03 10:00:00,0.1750125
2023-05-03 11:00:00,0.175411111
2023-05-03 12:00:00,0.175863889
2023-05-03 13:00:00,0.176377778
2023-05-03 14:00:00,0.176945833
2023-05-03 15:00:00,0.177515278
2023-05-03 16:00:00,0.178076389
2023-05-03 17:00:00,0.178618056
2023-05-03 18:00:00,0.179122222
2023-05-03 19:00:00,0.179572222
2023-05-03 20:00:00,0.179991667
2023-05-03 21:00:00,0.180370833
2023-05-03 22:00:00,0.180698611
2023-05-03 23:00:00,0.180972222
2023-05-04 00:00:00,0.181190278
2023-05-04 01:00:00,0.181334722
2023-05-04 02:00:00,0.181425
2023-05-04 03:00:00,0.181458333
2023-05-04 04:00:00,0.181436111
2023-05-04 05:00:00,0.181397222
2023-05-04 06:00:00,0.181348611
2023-05-04 07:00:00,0.181333333
2023-05-04 08:00:00,0.181361111
2023-05-04 09:00:00,0.181429167
2023-05-04 10:00:00,0.181575
2023-05-04 11:00:00,0.181798611
2023-05-04 12:00:00,0.182065278
2023-05-04 13:00:00,0.182373611
2023-05-04 14:00:00,0.182723611
2023-05-04 15:00:00,0.183108333
2023-05-04 16:00:00,0.183490278
2023-05-04 17:00:00,0.183856944
2023-05-04 18:00:00,0.184173611
2023-05-04 19:00:00,0.184486111
2023-05-04 20:00:00,0.184756944
2023-05-04 21:00:00,0.185009722
2023-05-04 22:00:00,0.185241667
2023-05-04 23:00:00,0.185418056
2023-05-05 00:00:00,0.185559722
2023-05-05 01:00:00,0.185655556
2023-05-05 02:00:00,0.185708333
2023-05-05 03:00:00,0.185697222
2023-05-05 04:00:00,0.185636111
2023-05-05 05:00:00,0.1855125
2023-05-05 06:00:00,0.185356944
2023-05-05 07:00:00,0.185229167
2023-05-05 08:00:00,0.185104167
2023-05-05 09:00:00,0.185004167
2023-05-05 10:00:00,0.184945833
2023-05-05 11:00:00,0.184925
2023-05-05 12:00:00,0.184919444
2023-05-05 13:00:00,0.184941667
2023-05-05 14:00:00,0.185025
2023-05-05 15:00:00,0.185120833
2023-05-05 16:00:00,0.18525
2023-05-05 17:00:00,0.185386111
2023-05-05 18:00:00,0.185525
2023-05-05 19:00:00,0.1856625
2023-05-05 20:00:00,0.185780556
2023-05-05 21:00:00,0.185901389
2023-05-05 22:00:00,0.186018056
2023-05-05 23:00:00,0.186102778
2023-05-06 00:00:00,0.186180556
2023-05-06 01:00:00,0.186241667
2023-05-06 02:00:00,0.1862625
2023-05-06 03:00:00,0.186241667
2023-05-06 04:00:00,0.186180556
2023-05-06 05:00:00,0.186075
2023-05-06 06:00:00,0.185941667
2023-05-06 07:00:00,0.185804167
2023-05-06 08:00:00,0.185661111
2023-05-06 09:00:00,0.185518056
2023-05-06 10:00:00,0.185388889
2023-05-06 11:00:00,0.185280556
2023-05-06 12:00:00,0.185166667
2023-05-06 13:00:00,0.185068056
2023-05-06 14:00:00,0.184986111
2023-05-06 15:00:00,0.184919444
2023-05-06 16:00:00,0.184844444
2023-05-06 17:00:00,0.1847875
2023-05-06 18:00:00,0.184731944
2023-05-06 19:00:00,0.184673611
2023-05-06 20:00:00,0.184615278
2023-05-06 21:00:00,0.184563889
2023-05-06 22:00:00,0.184498611
2023-05-06 23:00:00,0.184405556
2023-05-07 00:00:00,0.184295833
2023-05-07 01:00:00,0.184204167
2023-05-07 02:00:00,0.184070833
2023-05-07 03:00:00,0.183943056
2023-05-07 04:00:00,0.183770833
2023-05-07 05:00:00,0.183561111
2023-05-07 06:00:00,0.183363889
2023-05-07 07:00:00,0.183145833
2023-05-07 08:00:00,0.182922222
2023-05-07 09:00:00,0.1827
2023-05-07 10:00:00,0.182483333
2023-05-07 11:00:00,0.182268056
2023-05-07 12:00:00,0.182070833
2023-05-07 13:00:00,0.181891667
2023-05-07 14:00:00,0.181754167
2023-05-07 15:00:00,0.181633333
2023-05-07 16:00:00,0.181522222
2023-05-07 17:00:00,0.181454167
2023-05-07 18:00:00,0.181415278
2023-05-07 19:00:00,0.181422222
2023-05-07 20:00:00,0.181447222
2023-05-07 21:00:00,0.181488889
2023-05-07 22:00:00,0.181526389
2023-05-07 23:00:00,0.181576389
2023-05-08 00:00:00,0.181631944
2023-05-08 01:00:00,0.181691667
2023-05-08 02:00:00,0.181756944
2023-05-08 03:00:00,0.181833333
2023-05-08 04:00:00,0.181922222
2023-05-08 05:00:00,0.182018056
2023-05-08 06:00:00,0.182093056
2023-05-08 07:00:00,0.182118056
2023-05-08 08:00:00,0.182069444
2023-05-08 09:00:00,0.182045833
2023-05-08 10:00:00,0.182016667
2023-05-08 11:00:00,0.1819625
2023-05-08 12:00:00,0.1819125
2023-05-08 13:00:00,0.181848611
2023-05-08 14:00:00,0.181840278
2023-05-08 15:00:00,0.181873611
2023-05-08 16:00:00,0.181934722
2023-05-08 17:00:00,0.181972222
2023-05-08 18:00:00,0.182018056
2023-05-08 19:00:00,0.182083333
2023-05-08 20:00:00,0.182166667
2023-05-08 21:00:00,0.182294444
2023-05-08 22:00:00,0.18245
2023-05-08 23:00:00,0.182647222
2023-05-09 00:00:00,0.182780556
2023-05-09 01:00:00,0.182895833
2023-05-09 02:00:00,0.183034722
2023-05-09 03:00:00,0.183173611
2023-05-09 04:00:00,0.183268056
2023-05-09 05:00:00,0.183340278
2023-05-09 06:00:00,0.183418056
2023-05-09 07:00:00,0.183472222
2023-05-09 08:00:00,0.183536111
2023-05-09 09:00:00,0.183575
2023-05-09 10:00:00,0.183606944
2023-05-09 11:00:00,0.183644444
2023-05-09 12:00:00,0.1837125
2023-05-09 13:00:00,0.183748611
2023-05-09 14:00:00,0.183790278
2023-05-09 15:00:00,0.183861111
2023-05-09 16:00:00,0.183916667
2023-05-09 17:00:00,0.183970833
2023-05-09 18:00:00,0.184033333
2023-05-09 19:00:00,0.184115278
2023-05-09 20:00:00,0.184230556
2023-05-09 21:00:00,0.184368056
2023-05-09 22:00:00,0.184547222
2023-05-09 23:00:00,0.184727778
2023-05-10 00:00:00,0.184891667
2023-05-10 01:00:00,0.185102778
2023-05-10 02:00:00,0.185309722
2023-05-10 03:00:00,0.185536111
2023-05-10 04:00:00,0.1857625
2023-05-10 05:00:00,0.185993056
2023-05-10 06:00:00,0.186236111
2023-05-10 07:00:00,0.186518056
2023-05-10 08:00:00,0.186804167
2023-05-10 09:00:00,0.187068056
2023-05-10 10:00:00,0.187305556
2023-05-10 11:00:00,0.187543056
2023-05-10 12:00:00,0.187783333
2023-05-10 13:00:00,0.187998611
2023-05-10 14:00:00,0.1882125
2023-05-10 15:00:00,0.1884125
2023-05-10 16:00:00,0.188583333
2023-05-10 17:00:00,0.188727778
2023-05-10 18:00:00,0.188852778
2023-05-10 19:00:00,0.188956944
2023-05-10 20:00:00,0.189073611
2023-05-10 21:00:00,0.189156944
2023-05-10 22:00:00,0.189234722
2023-05-10 23:00:00,0.189283333
2023-05-11 00:00:00,0.189323611
2023-05-11 01:00:00,0.189386111
2023-05-11 02:00:00,0.18945
2023-05-11 03:00:00,0.189494444
2023-05-11 04:00:00,0.189531944
2023-05-11 05:00:00,0.189581944
2023-05-11 06:00:00,0.189648611
2023-05-11 07:00:00,0.189755556
2023-05-11 08:00:00,0.189869444
2023-05-11 09:00:00,0.190020833
2023-05-11 10:00:00,0.190213889
2023-05-11 11:00:00,0.190406944
2023-05-11 12:00:00,0.190597222
2023-05-11 13:00:00,0.190819444
2023-05-11 14:00:00,0.191051389
2023-05-11 15:00:00,0.191243056
2023-05-11 16:00:00,0.191388889
2023-05-11 17:00:00,0.191531944
2023-05-11 18:00:00,0.191675
2023-05-11 19:00:00,0.191805556
2023-05-11 20:00:00,0.191922222
2023-05-11 21:00:00,0.192022222
2023-05-11 22:00:00,0.192095833
2023-05-11 23:00:00,0.192129167
2023-05-12 00:00:00,0.192173611
2023-05-12 01:00:00,0.192236111
2023-05-12 02:00:00,0.192308333
2023-05-12 03:00:00,0.192365278
2023-05-12 04:00:00,0.192415278
2023-05-12 05:00:00,0.192491667
2023-05-12 06:00:00,0.192568056
2023-05-12 07:00:00,0.192638889
2023-05-12 08:00:00,0.192736111
2023-05-12 09:00:00,0.1928125
2023-05-12 10:00:00,0.192901389
2023-05-12 11:00:00,0.193025
2023-05-12 12:00:00,0.193134722
2023-05-12 13:00:00,0.193208333
2023-05-12 14:00:00,0.193265278
2023-05-12 15:00:00,0.193254167
2023-05-12 16:00:00,0.193244444
2023-05-12 17:00:00,0.193194444
2023-05-12 18:00:00,0.193090278
2023-05-12 19:00:00,0.192980556
2023-05-12 20:00:00,0.192859722
2023-05-12 21:00:00,0.192811111
2023-05-12 22:00:00,0.192661111
2023-05-12 23:00:00,0.192619444
2023-05-13 00:00:00,0.192609722
2023-05-13 01:00:00,0.192556944
2023-05-13 02:00:00,0.192452778
2023-05-13 03:00:00,0.192322222
2023-05-13 04:00:00,0.192281944
2023-05-13 05:00:00,0.192193056
2023-05-13 06:00:00,0.192102778
2023-05-13 07:00:00,0.192056944
2023-05-13 08:00:00,0.192059722
2023-05-13 09:00:00,0.192159722
2023-05-13 10:00:00,0.192251389
2023-05-13 11:00:00,0.19235
2023-05-13 12:00:00,0.1924625
2023-05-13 13:00:00,0.192551389
2023-05-13 14:00:00,0.192630556
2023-05-13 15:00:00,0.192697222
2023-05-13 16:00:00,0.192719444
2023-05-13 17:00:00,0.192706944
2023-05-13 18:00:00,0.192638889
2023-05-13 19:00:00,0.192548611
2023-05-13 20:00:00,0.192406944
2023-05-13 21:00:00,0.192222222
2023-05-13 22:00:00,0.191995833
2023-05-13 23:00:00,0.191716667
2023-05-14 00:00:00,0.191423611
2023-05-14 01:00:00,0.191129167
2023-05-14 02:00:00,0.190840278
2023-05-14 03:00:00,0.1905625
2023-05-14 04:00:00,0.190298611
2023-05-14 05:00:00,0.190061111
2023-05-14 06:00:00,0.189879167
2023-05-14 07:00:00,0.1897375
2023-05-14 08:00:00,0.1896625
2023-05-14 09:00:00,0.189647222
2023-05-14 10:00:00,0.1897125
2023-05-14 11:00:00,0.1898375
2023-05-14 12:00:00,0.189997222
2023-05-14 13:00:00,0.190194444
2023-05-14 14:00:00,0.190383333
2023-05-14 15:00:00,0.190573611
2023-05-14 16:00:00,0.190729167
2023-05-14 17:00:00,0.190844444
2023-05-14 18:00:00,0.190918056
2023-05-14 19:00:00,0.190923611
2023-05-14 20:00:00,0.190859722
2023-05-14 21:00:00,0.190611111
2023-05-14 22:00:00,0.190429167
2023-05-14 23:00:00,0.190223611
2023-05-15 00:00:00,0.189923611
2023-05-15 01:00:00,0.1895875
2023-05-15 02:00:00,0.1893
2023-05-15 03:00:00,0.189020833
2023-05-15 04:00:00,0.188715278
2023-05-15 05:00:00,0.188523611
2023-05-15 06:00:00,0.188265278
2023-05-15 07:00:00,0.188040278
2023-05-15 08:00:00,0.187963889
2023-05-15 09:00:00,0.187918056
2023-05-15 10:00:00,0.187952778
2023-05-15 11:00:00,0.188044444
2023-05-15 12:00:00,0.188177778
2023-05-15 13:00:00,0.188344444
2023-05-15 14:00:00,0.188530556
2023-05-15 15:00:00,0.188729167
2023-05-15 16:00:00,0.188893056
2023-05-15 17:00:00,0.1890125
2023-05-15 18:00:00,0.189113889
2023-05-15 19:00:00,0.189186111
2023-05-15 20:00:00,0.189226389
2023-05-15 21:00:00,0.189241667
2023-05-15 22:00:00,0.189198611
2023-05-15 23:00:00,0.1891375
2023-05-16 00:00:00,0.1891
2023-05-16 01:00:00,0.189054167
2023-05-16 02:00:00,0.189058333
2023-05-16 03:00:00,0.189111111
2023-05-16 04:00:00,0.189227778
2023-05-16 05:00:00,0.189420833
2023-05-16 06:00:00,0.189652778
2023-05-16 07:00:00,0.189965278
2023-05-16 08:00:00,0.190363889
2023-05-16 09:00:00,0.190836111
2023-05-16 10:00:00,0.191330556
2023-05-16 11:00:00,0.191872222
2023-05-16 12:00:00,0.192441667
2023-05-16 13:00:00,0.193008333
2023-05-16 14:00:00,0.193573611
2023-05-16 15:00:00,0.194094444
2023-05-16 16:00:00,0.194594444
2023-05-16 17:00:00,0.195051389
2023-05-16 18:00:00,0.195444444
2023-05-16 19:00:00,0.195793056
2023-05-16 20:00:00,0.196098611
2023-05-16 21:00:00,0.196338889
2023-05-16 22:00:00,0.196536111
2023-05-16 23:00:00,0.196690278
2023-05-17 00:00:00,0.196768056
2023-05-17 01:00:00,0.196788889
2023-05-17 02:00:00,0.196811111
2023-05-17 03:00:00,0.196818056
2023-05-17 04:00:00,0.196852778
2023-05-17 05:00:00,0.196961111
2023-05-17 06:00:00,0.197115278
2023-05-17 07:00:00,0.197336111
2023-05-17 08:00:00,0.197627778
2023-05-17 09:00:00,0.198025
2023-05-17 10:00:00,0.198515278
2023-05-17 11:00:00,0.199029167
2023-05-17 12:00:00,0.199594444
2023-05-17 13:00:00,0.200206944
2023-05-17 14:00:00,0.200826389
2023-05-17 15:00:00,0.201438889
2023-05-17 16:00:00,0.202040278
2023-05-17 17:00:00,0.2025875
2023-05-17 18:00:00,0.203077778
2023-05-17 19:00:00,0.203559722
2023-05-17 20:00:00,0.204009722
2023-05-17 21:00:00,0.204454167
2023-05-17 22:00:00,0.204858333
2023-05-17 23:00:00,0.205195833
2023-05-18 00:00:00,0.205465278
2023-05-18 01:00:00,0.2056875
2023-05-18 02:00:00,0.205861111
2023-05-18 03:00:00,0.206026389
2023-05-18 04:00:00,0.206201389
2023-05-18 05:00:00,0.206398611
2023-05-18 06:00:00,0.206641667
2023-05-18 07:00:00,0.206918056
2023-05-18 08:00:00,0.207236111
2023-05-18 09:00:00,0.207608333
2023-05-18 10:00:00,0.208061111
2023-05-18 11:00:00,0.208551389
2023-05-18 12:00:00,0.209051389
2023-05-18 13:00:00,0.209580556
2023-05-18 14:00:00,0.210102778
2023-05-18 15:00:00,0.210594444
2023-05-18 16:00:00,0.211055556
2023-05-18 17:00:00,0.211502778
2023-05-18 18:00:00,0.211904167
2023-05-18 19:00:00,0.21225
2023-05-18 20:00:00,0.212581944
2023-05-18 21:00:00,0.212888889
2023-05-18 22:00:00,0.213159722
2023-05-18 23:00:00,0.213383333
2023-05-19 00:00:00,0.213556944
2023-05-19 01:00:00,0.213693056
2023-05-19 02:00:00,0.213790278
2023-05-19 03:00:00,0.213845833
2023-05-19 04:00:00,0.213876389
2023-05-19 05:00:00,0.213916667
2023-05-19 06:00:00,0.213968056
2023-05-19 07:00:00,0.214066667
2023-05-19 08:00:00,0.214223611
2023-05-19 09:00:00,0.214423611
2023-05-19 10:00:00,0.214697222
2023-05-19 11:00:00,0.215038889
2023-05-19 12:00:00,0.215422222
2023-05-19 13:00:00,0.215826389
2023-05-19 14:00:00,0.216263889
2023-05-19 15:00:00,0.216723611
2023-05-19 16:00:00,0.217190278
2023-05-19 17:00:00,0.217641667
2023-05-19 18:00:00,0.218093056
2023-05-19 19:00:00,0.218536111
2023-05-19 20:00:00,0.218955556
2023-05-19 21:00:00,0.219330556
2023-05-19 22:00:00,0.219673611
2023-05-19 23:00:00,0.219981944
2023-05-20 00:00:00,0.220252778
2023-05-20 01:00:00,0.220465278
2023-05-20 02:00:00,0.220629167
2023-05-20 03:00:00,0.220723611
2023-05-20 04:00:00,0.220745833
2023-05-20 05:00:00,0.220720833
2023-05-20 06:00:00,0.220684722
2023-05-20 07:00:00,0.220661111
2023-05-20 08:00:00,0.220631944
2023-05-20 09:00:00,0.220623611
2023-05-20 10:00:00,0.220651389
2023-05-20 11:00:00,0.220713889
2023-05-20 12:00:00,0.220808333
2023-05-20 13:00:00,0.220933333
2023-05-20 14:00:00,0.221094444
2023-05-20 15:00:00,0.221315278
2023-05-20 16:00:00,0.221490278
2023-05-20 17:00:00,0.221727778
2023-05-20 18:00:00,0.221966667
2023-05-20 19:00:00,0.222201389
2023-05-20 20:00:00,0.222520833
2023-05-20 21:00:00,0.222793056
2023-05-20 22:00:00,0.223051389
2023-05-20 23:00:00,0.2232875
2023-05-21 00:00:00,0.2234875
2023-05-21 01:00:00,0.223652778
2023-05-21 02:00:00,0.223805556
2023-05-21 03:00:00,0.223891667
2023-05-21 04:00:00,0.223875
2023-05-21 05:00:00,0.223865278
2023-05-21 06:00:00,0.223797222
2023-05-21 07:00:00,0.223733333
2023-05-21 08:00:00,0.223698611
2023-05-21 09:00:00,0.223644444
2023-05-21 10:00:00,0.223620833
2023-05-21 11:00:00,0.2236625
2023-05-21 12:00:00,0.2237375
2023-05-21 13:00:00,0.223820833
2023-05-21 14:00:00,0.223934722
2023-05-21 15:00:00,0.224080556
2023-05-21 16:00:00,0.224258333
2023-05-21 17:00:00,0.224459722
2023-05-21 18:00:00,0.224688889
2023-05-21 19:00:00,0.224961111
2023-05-21 20:00:00,0.225252778
2023-05-21 21:00:00,0.225531944
2023-05-21 22:00:00,0.225844444
2023-05-21 23:00:00,0.226138889
2023-05-22 00:00:00,0.226463889
2023-05-22 01:00:00,0.226755556
2023-05-22 02:00:00,0.226998611
2023-05-22 03:00:00,0.227208333
2023-05-22 04:00:00,0.2274125
2023-05-22 05:00:00,0.227572222
2023-05-22 06:00:00,0.227647222
2023-05-22 07:00:00,0.227723611
2023-05-22 08:00:00,0.2277875
2023-05-22 09:00:00,0.227813889
2023-05-22 10:00:00,0.227830556
2023-05-22 11:00:00,0.227851389
2023-05-22 12:00:00,0.227863889
2023-05-22 13:00:00,0.227884722
2023-05-22 14:00:00,0.227933333
2023-05-22 15:00:00,0.227991667
2023-05-22 16:00:00,0.228031944
2023-05-22 17:00:00,0.228102778
2023-05-22 18:00:00,0.228201389
2023-05-22 19:00:00,0.228325
2023-05-22 20:00:00,0.228509722
2023-05-22 21:00:00,0.228715278
2023-05-22 22:00:00,0.2289375
2023-05-22 23:00:00,0.229144444
2023-05-23 00:00:00,0.229379167
2023-05-23 01:00:00,0.229609722
2023-05-23 02:00:00,0.229815278
2023-05-23 03:00:00,0.229998611
2023-05-23 04:00:00,0.230159722
2023-05-23 05:00:00,0.230283333
2023-05-23 06:00:00,0.230375
2023-05-23 07:00:00,0.230433333
2023-05-23 08:00:00,0.230463889
2023-05-23 09:00:00,0.230493056
2023-05-23 10:00:00,0.230502778
2023-05-23 11:00:00,0.230525
2023-05-23 12:00:00,0.2305375
2023-05-23 13:00:00,0.230541667
2023-05-23 14:00:00,0.2305625
2023-05-23 15:00:00,0.230601389
2023-05-23 16:00:00,0.230651389
2023-05-23 17:00:00,0.230709722
2023-05-23 18:00:00,0.230781944
2023-05-23 19:00:00,0.230877778
2023-05-23 20:00:00,0.230875
2023-05-23 21:00:00,0.231072222
2023-05-23 22:00:00,0.231283333
2023-05-23 23:00:00,0.231509722
2023-05-24 00:00:00,0.231766667
2023-05-24 01:00:00,0.232020833
2023-05-24 02:00:00,0.232279167
2023-05-24 03:00:00,0.2325125
2023-05-24 04:00:00,0.232725
2023-05-24 05:00:00,0.232944444
2023-05-24 06:00:00,0.233147222
2023-05-24 07:00:00,0.233309722
2023-05-24 08:00:00,0.233465278
2023-05-24 09:00:00,0.233591667
2023-05-24 10:00:00,0.233698611
2023-05-24 11:00:00,0.233783333
2023-05-24 12:00:00,0.233863889
2023-05-24 13:00:00,0.233940278
2023-05-24 14:00:00,0.234001389
2023-05-24 15:00:00,0.234058333
2023-05-24 16:00:00,0.234123611
2023-05-24 17:00:00,0.234176389
2023-05-24 18:00:00,0.234248611
2023-05-24 19:00:00,0.234322222
2023-05-24 20:00:00,0.234443056
2023-05-24 21:00:00,0.234569444
2023-05-24 22:00:00,0.234719444
2023-05-24 23:00:00,0.234936111
2023-05-25 00:00:00,0.235177778
2023-05-25 01:00:00,0.235419444
2023-05-25 02:00:00,0.235702778
2023-05-25 03:00:00,0.235995833
2023-05-25 04:00:00,0.236286111
2023-05-25 05:00:00,0.236580556
2023-05-25 06:00:00,0.236873611
2023-05-25 07:00:00,0.237141667
2023-05-25 08:00:00,0.237433333
2023-05-25 09:00:00,0.237672222
2023-05-25 10:00:00,0.237906944
2023-05-25 11:00:00,0.2381375
2023-05-25 12:00:00,0.238334722
2023-05-25 13:00:00,0.238522222
2023-05-25 14:00:00,0.238677778
2023-05-25 15:00:00,0.238822222
2023-05-25 16:00:00,0.238947222
2023-05-25 17:00:00,0.239058333
2023-05-25 18:00:00,0.239176389
2023-05-25 19:00:00,0.239291667
2023-05-25 20:00:00,0.239386111
2023-05-25 21:00:00,0.239466667
2023-05-25 22:00:00,0.239569444
2023-05-25 23:00:00,0.239715278
2023-05-26 00:00:00,0.239866667
2023-05-26 01:00:00,0.240038889
2023-05-26 02:00:00,0.240244444
2023-05-26 03:00:00,0.240468056
2023-05-26 04:00:00,0.240705556
2023-05-26 05:00:00,0.240948611
2023-05-26 06:00:00,0.241191667
2023-05-26 07:00:00,0.241433333
2023-05-26 08:00:00,0.241691667
2023-05-26 09:00:00,0.241958333
2023-05-26 10:00:00,0.242218056
2023-05-26 11:00:00,0.242477778
2023-05-26 12:00:00,0.242701389
2023-05-26 13:00:00,0.242919444
2023-05-26 14:00:00,0.2431125
2023-05-26 15:00:00,0.243245833
2023-05-26 16:00:00,0.243341667
2023-05-26 17:00:00,0.243390278
2023-05-26 18:00:00,0.243386111
2023-05-26 19:00:00,0.243338889
2023-05-26 20:00:00,0.243281944
2023-05-26 21:00:00,0.243204167
2023-05-26 22:00:00,0.243126389
2023-05-26 23:00:00,0.243077778
2023-05-27 00:00:00,0.243048611
2023-05-27 01:00:00,0.243068056
2023-05-27 02:00:00,0.243106944
2023-05-27 03:00:00,0.243170833
2023-05-27 04:00:00,0.243297222
2023-05-27 05:00:00,0.243463889
2023-05-27 06:00:00,0.243629167
2023-05-27 07:00:00,0.243870833
2023-05-27 08:00:00,0.244151389
2023-05-27 09:00:00,0.244470833
2023-05-27 10:00:00,0.244816667
2023-05-27 11:00:00,0.245195833
2023-05-27 12:00:00,0.245556944
2023-05-27 13:00:00,0.245904167
2023-05-27 14:00:00,0.246219444
2023-05-27 15:00:00,0.246495833
2023-05-27 16:00:00,0.246668056
2023-05-27 17:00:00,0.246784722
2023-05-27 18:00:00,0.246830556
2023-05-27 19:00:00,0.246804167
2023-05-27 20:00:00,0.246745833
2023-05-27 21:00:00,0.246619444
2023-05-27 22:00:00,0.246488889
2023-05-27 23:00:00,0.246356944
2023-05-28 00:00:00,0.246241667
2023-05-28 01:00:00,0.246165278
2023-05-28 02:00:00,0.246133333
2023-05-28 03:00:00,0.246152778
2023-05-28 04:00:00,0.246209722
2023-05-28 05:00:00,0.246323611
2023-05-28 06:00:00,0.24645
2023-05-28 07:00:00,0.246691667
2023-05-28 08:00:00,0.246979167
2023-05-28 09:00:00,0.2473375
2023-05-28 10:00:00,0.2477375
2023-05-28 11:00:00,0.248159722
2023-05-28 12:00:00,0.2485625
2023-05-28 13:00:00,0.248927778
2023-05-28 14:00:00,0.249218056
2023-05-28 15:00:00,0.249481944
2023-05-28 16:00:00,0.249679167
2023-05-28 17:00:00,0.249797222
2023-05-28 18:00:00,0.249818056
2023-05-28 19:00:00,0.249788889
2023-05-28 20:00:00,0.249672222
2023-05-28 21:00:00,0.249498611
2023-05-28 22:00:00,0.249302778
2023-05-28 23:00:00,0.249048611
2023-05-29 00:00:00,0.248769444
2023-05-29 01:00:00,0.2485125
2023-05-29 02:00:00,0.248306944
2023-05-29 03:00:00,0.248175
2023-05-29 04:00:00,0.248075
2023-05-29 05:00:00,0.247984722
2023-05-29 06:00:00,0.248026389
2023-05-29 07:00:00,0.248118056
2023-05-29 08:00:00,0.248284722
2023-05-29 09:00:00,0.248554167
2023-05-29 10:00:00,0.248848611
2023-05-29 11:00:00,0.249216667
2023-05-29 12:00:00,0.249590278
2023-05-29 13:00:00,0.249981944
2023-05-29 14:00:00,0.250330556
2023-05-29 15:00:00,0.250629167
2023-05-29 16:00:00,0.250890278
2023-05-29 17:00:00,0.251086111
2023-05-29 18:00:00,0.251177778
2023-05-29 19:00:00,0.251188889
2023-05-29 20:00:00,0.251148611
2023-05-29 21:00:00,0.251031944
2023-05-29 22:00:00,0.250825
2023-05-29 23:00:00,0.250609722
2023-05-30 00:00:00,0.250384722
2023-05-30 01:00:00,0.250091667
2023-05-30 02:00:00,0.249808333
2023-05-30 03:00:00,0.249559722
2023-05-30 04:00:00,0.249343056
2023-05-30 05:00:00,0.249233333
2023-05-30 06:00:00,0.2492125
2023-05-30 07:00:00,0.249254167
2023-05-30 08:00:00,0.249390278
2023-05-30 09:00:00,0.249615278
2023-05-30 10:00:00,0.249902778
2023-05-30 11:00:00,0.25025
2023-05-30 12:00:00,0.250622222
2023-05-30 13:00:00,0.251002778
2023-05-30 14:00:00,0.251388889
2023-05-30 15:00:00,0.251756944
2023-05-30 16:00:00,0.252106944
2023-05-30 17:00:00,0.252425
2023-05-30 18:00:00,0.252676389
2023-05-30 19:00:00,0.252916667
2023-05-30 20:00:00,0.253120833
2023-05-30 21:00:00,0.253276389
2023-05-30 22:00:00,0.253361111
2023-05-30 23:00:00,0.253375
2023-05-31 00:00:00,0.253348611
2023-05-31 01:00:00,0.253348611
2023-05-31 02:00:00,0.253301389
2023-05-31 03:00:00,0.253204167
2023-05-31 04:00:00,0.253193056
2023-05-31 05:00:00,0.253104167
2023-05-31 06:00:00,0.253106944
2023-05-31 07:00:00,0.253151389
2023-05-31 08:00:00,0.253244444
2023-05-31 09:00:00,0.253386111
2023-05-31 10:00:00,0.253602778
2023-05-31 11:00:00,0.253898611
2023-05-31 12:00:00,0.254201389
2023-05-31 13:00:00,0.254536111
2023-05-31 14:00:00,0.254897222
2023-05-31 15:00:00,0.2552875
2023-05-31 16:00:00,0.255643056
2023-05-31 17:00:00,0.256004167
2023-05-31 18:00:00,0.256343056
2023-05-31 19:00:00,0.256636111
2023-05-31 20:00:00,0.256930556
2023-05-31 21:00:00,0.257219444
2023-05-31 22:00:00,0.257448611
2023-05-31 23:00:00,0.25765
2024-05-01 00:00:00,0.181620833
2024-05-01 01:00:00,0.181558333
2024-05-01 02:00:00,0.181495833
2024-05-01 03:00:00,0.181427778
2024-05-01 04:00:00,0.181388889
2024-05-01 05:00:00,0.181356944
2024-05-01 06:00:00,0.181341667
2024-05-01 07:00:00,0.181359722
2024-05-01 08:00:00,0.181413889
2024-05-01 09:00:00,0.181509722
2024-05-01 10:00:00,0.181656944
2024-05-01 11:00:00,0.181834722
2024-05-01 12:00:00,0.182040278
2024-05-01 13:00:00,0.182261111
2024-05-01 14:00:00,0.182473611
2024-05-01 15:00:00,0.182652778
2024-05-01 16:00:00,0.182797222
2024-05-01 17:00:00,0.182894444
2024-05-01 18:00:00,0.182930556
2024-05-01 19:00:00,0.182933333
2024-05-01 20:00:00,0.182902778
2024-05-01 21:00:00,0.182825
2024-05-01 22:00:00,0.182715278
2024-05-01 23:00:00,0.182605556
2024-05-02 00:00:00,0.182470833
2024-05-02 01:00:00,0.182344444
2024-05-02 02:00:00,0.182238889
2024-05-02 03:00:00,0.182181944
2024-05-02 04:00:00,0.182173611
2024-05-02 05:00:00,0.182147222
2024-05-02 06:00:00,0.182206944
2024-05-02 07:00:00,0.182305556
2024-05-02 08:00:00,0.182430556
2024-05-02 09:00:00,0.1825625
2024-05-02 10:00:00,0.182763889
2024-05-02 11:00:00,0.182708333
2024-05-02 12:00:00,0.182915278
2024-05-02 13:00:00,0.183151389
2024-05-02 14:00:00,0.183329167
2024-05-02 15:00:00,0.183511111
2024-05-02 16:00:00,0.183736111
2024-05-02 17:00:00,0.183920833
2024-05-02 18:00:00,0.184041667
2024-05-02 19:00:00,0.184236111
2024-05-02 20:00:00,0.184333333
2024-05-02 21:00:00,0.184338889
2024-05-02 22:00:00,0.184347222
2024-05-02 23:00:00,0.184281944
2024-05-03 00:00:00,0.184216667
2024-05-03 01:00:00,0.184033333
2024-05-03 02:00:00,0.183951389
2024-05-03 03:00:00,0.18385
2024-05-03 04:00:00,0.183736111
2024-05-03 05:00:00,0.183705556
2024-05-03 06:00:00,0.183673611
2024-05-03 07:00:00,0.183697222
2024-05-03 08:00:00,0.183759722
2024-05-03 09:00:00,0.183873611
2024-05-03 10:00:00,0.184066667
2024-05-03 11:00:00,0.184304167
2024-05-03 12:00:00,0.184625
2024-05-03 13:00:00,0.184923611
2024-05-03 14:00:00,0.185319444
2024-05-03 15:00:00,0.1856375
2024-05-03 16:00:00,0.185875
2024-05-03 17:00:00,0.186066667
2024-05-03 18:00:00,0.186275
2024-05-03 19:00:00,0.18635
2024-05-03 20:00:00,0.186416667
2024-05-03 21:00:00,0.186406944
2024-05-03 22:00:00,0.186327778
2024-05-03 23:00:00,0.186245833
2024-05-04 00:00:00,0.186091667
2024-05-04 01:00:00,0.185990278
2024-05-04 02:00:00,0.185954167
2024-05-04 03:00:00,0.185923611
2024-05-04 04:00:00,0.185865278
2024-05-04 05:00:00,0.185827778
2024-05-04 06:00:00,0.185855556
2024-05-04 07:00:00,0.185909722
2024-05-04 08:00:00,0.186022222
2024-05-04 09:00:00,0.186177778
2024-05-04 10:00:00,0.186352778
2024-05-04 11:00:00,0.186593056
2024-05-04 12:00:00,0.186833333
2024-05-04 13:00:00,0.187080556
2024-05-04 14:00:00,0.187320833
2024-05-04 15:00:00,0.187525
2024-05-04 16:00:00,0.187688889
2024-05-04 17:00:00,0.187801389
2024-05-04 18:00:00,0.187843056
2024-05-04 19:00:00,0.187851389
2024-05-04 20:00:00,0.187798611
2024-05-04 21:00:00,0.187691667
2024-05-04 22:00:00,0.187566667
2024-05-04 23:00:00,0.187365278
2024-05-05 00:00:00,0.187159722
2024-05-05 01:00:00,0.1869625
2024-05-05 02:00:00,0.186748611
2024-05-05 03:00:00,0.1865375
2024-05-05 04:00:00,0.186383333
2024-05-05 05:00:00,0.186259722
2024-05-05 06:00:00,0.186184722
2024-05-05 07:00:00,0.1861625
2024-05-05 08:00:00,0.1862
2024-05-05 09:00:00,0.186297222
2024-05-05 10:00:00,0.186455556
2024-05-05 11:00:00,0.1866625
2024-05-05 12:00:00,0.186916667
2024-05-05 13:00:00,0.187188889
2024-05-05 14:00:00,0.187447222
2024-05-05 15:00:00,0.187690278
2024-05-05 16:00:00,0.187936111
2024-05-05 17:00:00,0.188126389
2024-05-05 18:00:00,0.188297222
2024-05-05 19:00:00,0.188418056
2024-05-05 20:00:00,0.188481944
2024-05-05 21:00:00,0.188538889
2024-05-05 22:00:00,0.188575
2024-05-05 23:00:00,0.188551389
2024-05-06 00:00:00,0.188466667
2024-05-06 01:00:00,0.188373611
2024-05-06 02:00:00,0.188236111
2024-05-06 03:00:00,0.188080556
2024-05-06 04:00:00,0.187943056
2024-05-06 05:00:00,0.1878
2024-05-06 06:00:00,0.1877
2024-05-06 07:00:00,0.187665278
2024-05-06 08:00:00,0.187691667
2024-05-06 09:00:00,0.187781944
2024-05-06 10:00:00,0.187943056
2024-05-06 11:00:00,0.188163889
2024-05-06 12:00:00,0.188427778
2024-05-06 13:00:00,0.188709722
2024-05-06 14:00:00,0.189054167
2024-05-06 15:00:00,0.189391667
2024-05-06 16:00:00,0.189659722
2024-05-06 17:00:00,0.189947222
2024-05-06 18:00:00,0.190244444
2024-05-06 19:00:00,0.190516667
2024-05-06 20:00:00,0.190773611
2024-05-06 21:00:00,0.191
2024-05-06 22:00:00,0.191223611
2024-05-06 23:00:00,0.191398611
2024-05-07 00:00:00,0.191536111
2024-05-07 01:00:00,0.191626389
2024-05-07 02:00:00,0.191693056
2024-05-07 03:00:00,0.1917625
2024-05-07 04:00:00,0.191820833
2024-05-07 05:00:00,0.191895833
2024-05-07 06:00:00,0.191994444
2024-05-07 07:00:00,0.192147222
2024-05-07 08:00:00,0.1923625
2024-05-07 09:00:00,0.192615278
2024-05-07 10:00:00,0.192919444
2024-05-07 11:00:00,0.193294444
2024-05-07 12:00:00,0.193725
2024-05-07 13:00:00,0.194193056
2024-05-07 14:00:00,0.1947
2024-05-07 15:00:00,0.195186111
2024-05-07 16:00:00,0.195665278
2024-05-07 17:00:00,0.1961375
2024-05-07 18:00:00,0.196565278
2024-05-07 19:00:00,0.196947222
2024-05-07 20:00:00,0.197290278
2024-05-07 21:00:00,0.197619444
2024-05-07 22:00:00,0.197911111
2024-05-07 23:00:00,0.198169444
2024-05-08 00:00:00,0.198404167
2024-05-08 01:00:00,0.198593056
2024-05-08 02:00:00,0.198740278
2024-05-08 03:00:00,0.198852778
2024-05-08 04:00:00,0.198936111
2024-05-08 05:00:00,0.199
2024-05-08 06:00:00,0.199070833
2024-05-08 07:00:00,0.199147222
2024-05-08 08:00:00,0.199252778
2024-05-08 09:00:00,0.199415278
2024-05-08 10:00:00,0.199609722
2024-05-08 11:00:00,0.199852778
2024-05-08 12:00:00,0.200161111
2024-05-08 13:00:00,0.200458333
2024-05-08 14:00:00,0.200808333
2024-05-08 15:00:00,0.201197222
2024-05-08 16:00:00,0.201580556
2024-05-08 17:00:00,0.201983333
2024-05-08 18:00:00,0.202347222
2024-05-08 19:00:00,0.202690278
2024-05-08 20:00:00,0.203023611
2024-05-08 21:00:00,0.20335
2024-05-08 22:00:00,0.203672222
2024-05-08 23:00:00,0.203959722
2024-05-09 00:00:00,0.204209722
2024-05-09 01:00:00,0.204429167
2024-05-09 02:00:00,0.204622222
2024-05-09 03:00:00,0.2047625
2024-05-09 04:00:00,0.204870833
2024-05-09 05:00:00,0.204963889
2024-05-09 06:00:00,0.205034722
2024-05-09 07:00:00,0.205104167
2024-05-09 08:00:00,0.205186111
2024-05-09 09:00:00,0.205301389
2024-05-09 10:00:00,0.205456944
2024-05-09 11:00:00,0.205669444
2024-05-09 12:00:00,0.205943056
2024-05-09 13:00:00,0.206229167
2024-05-09 14:00:00,0.206551389
2024-05-09 15:00:00,0.206909722
2024-05-09 16:00:00,0.207290278
2024-05-09 17:00:00,0.207651389
2024-05-09 18:00:00,0.207994444
2024-05-09 19:00:00,0.208343056
2024-05-09 20:00:00,0.208654167
2024-05-09 21:00:00,0.208966667
2024-05-09 22:00:00,0.2092625
2024-05-09 23:00:00,0.209529167
2024-05-10 00:00:00,0.209780556
2024-05-10 01:00:00,0.2100125
2024-05-10 02:00:00,0.210218056
2024-05-10 03:00:00,0.210380556
2024-05-10 04:00:00,0.210506944
2024-05-10 05:00:00,0.210606944
2024-05-10 06:00:00,0.210675
2024-05-10 07:00:00,0.210729167
2024-05-10 08:00:00,0.210801389
2024-05-10 09:00:00,0.210893056
2024-05-10 10:00:00,0.211
2024-05-10 11:00:00,0.211116667
2024-05-10 12:00:00,0.211275
2024-05-10 13:00:00,0.211463889
2024-05-10 14:00:00,0.211690278
2024-05-10 15:00:00,0.211925
2024-05-10 16:00:00,0.212183333
2024-05-10 17:00:00,0.212479167
2024-05-10 18:00:00,0.212769444
2024-05-10 19:00:00,0.213081944
2024-05-10 20:00:00,0.213413889
2024-05-10 21:00:00,0.213723611
2024-05-10 22:00:00,0.214030556
2024-05-10 23:00:00,0.214326389
2024-05-11 00:00:00,0.214631944
2024-05-11 01:00:00,0.214922222
2024-05-11 02:00:00,0.215183333
2024-05-11 03:00:00,0.215415278
2024-05-11 04:00:00,0.215618056
2024-05-11 05:00:00,0.215776389
2024-05-11 06:00:00,0.215888889
2024-05-11 07:00:00,0.215963889
2024-05-11 08:00:00,0.216030556
2024-05-11 09:00:00,0.216090278
2024-05-11 10:00:00,0.216140278
2024-05-11 11:00:00,0.216193056
2024-05-11 12:00:00,0.216251389
2024-05-11 13:00:00,0.216323611
2024-05-11 14:00:00,0.216430556
2024-05-11 15:00:00,0.2165625
2024-05-11 16:00:00,0.216676389
2024-05-11 17:00:00,0.216811111
2024-05-11 18:00:00,0.216958333
2024-05-11 19:00:00,0.217106944
2024-05-11 20:00:00,0.217288889
2024-05-11 21:00:00,0.217473611
2024-05-11 22:00:00,0.217691667
2024-05-11 23:00:00,0.217891667
2024-05-12 00:00:00,0.218109722
2024-05-12 01:00:00,0.218320833
2024-05-12 02:00:00,0.218530556
2024-05-12 03:00:00,0.218740278
2024-05-12 04:00:00,0.218918056
2024-05-12 05:00:00,0.219068056
2024-05-12 06:00:00,0.219218056
2024-05-12 07:00:00,0.219356944
2024-05-12 08:00:00,0.219454167
2024-05-12 09:00:00,0.219570833
2024-05-12 10:00:00,0.2196625
2024-05-12 11:00:00,0.219731944
2024-05-12 12:00:00,0.219797222
2024-05-12 13:00:00,0.2198375
2024-05-12 14:00:00,0.219876389
2024-05-12 15:00:00,0.219927778
2024-05-12 16:00:00,0.220004167
2024-05-12 17:00:00,0.220059722
2024-05-12 18:00:00,0.220094444
2024-05-12 19:00:00,0.220166667
2024-05-12 20:00:00,0.220256944
2024-05-12 21:00:00,0.220373611
2024-05-12 22:00:00,0.220504167
2024-05-12 23:00:00,0.220630556
2024-05-13 00:00:00,0.220754167
2024-05-13 01:00:00,0.2208875
2024-05-13 02:00:00,0.221027778
2024-05-13 03:00:00,0.221175
2024-05-13 04:00:00,0.221297222
2024-05-13 05:00:00,0.221397222
2024-05-13 06:00:00,0.221477778
2024-05-13 07:00:00,0.221530556
2024-05-13 08:00:00,0.221548611
2024-05-13 09:00:00,0.221555556
2024-05-13 10:00:00,0.221543056
2024-05-13 11:00:00,0.221530556
2024-05-13 12:00:00,0.221480556
2024-05-13 13:00:00,0.221427778
2024-05-13 14:00:00,0.221361111
2024-05-13 15:00:00,0.221284722
2024-05-13 16:00:00,0.221181944
2024-05-13 17:00:00,0.221058333
2024-05-13 18:00:00,0.220930556
2024-05-13 19:00:00,0.220813889
2024-05-13 20:00:00,0.220698611
2024-05-13 21:00:00,0.220595833
2024-05-13 22:00:00,0.220508333
2024-05-13 23:00:00,0.220459722
2024-05-14 00:00:00,0.220409722
2024-05-14 01:00:00,0.220351389
2024-05-14 02:00:00,0.220304167
2024-05-14 03:00:00,0.220277778
2024-05-14 04:00:00,0.2202625
2024-05-14 05:00:00,0.220222222
2024-05-14 06:00:00,0.220176389
2024-05-14 07:00:00,0.220123611
2024-05-14 08:00:00,0.220045833
2024-05-14 09:00:00,0.219994444
2024-05-14 10:00:00,0.219931944
2024-05-14 11:00:00,0.219838889
2024-05-14 12:00:00,0.219734722
2024-05-14 13:00:00,0.219620833
2024-05-14 14:00:00,0.219484722
2024-05-14 15:00:00,0.219348611
2024-05-14 16:00:00,0.219208333
2024-05-14 17:00:00,0.219044444
2024-05-14 18:00:00,0.218873611
2024-05-14 19:00:00,0.2187
2024-05-14 20:00:00,0.2185125
2024-05-14 21:00:00,0.218359722
2024-05-14 22:00:00,0.218206944
2024-05-14 23:00:00,0.218084722
2024-05-15 00:00:00,0.217979167
2024-05-15 01:00:00,0.217876389
2024-05-15 02:00:00,0.217791667
2024-05-15 03:00:00,0.217690278
2024-05-15 04:00:00,0.217601389
2024-05-15 05:00:00,0.217536111
2024-05-15 06:00:00,0.217470833
2024-05-15 07:00:00,0.217433333
2024-05-15 08:00:00,0.217293056
2024-05-15 09:00:00,0.217270833
2024-05-15 10:00:00,0.217194444
2024-05-15 11:00:00,0.217104167
2024-05-15 12:00:00,0.217045833
2024-05-15 13:00:00,0.216945833
2024-05-15 14:00:00,0.216829167
2024-05-15 15:00:00,0.216659722
2024-05-15 16:00:00,0.216440278
2024-05-15 17:00:00,0.216168056
2024-05-15 18:00:00,0.215876389
2024-05-15 19:00:00,0.215573611
2024-05-15 20:00:00,0.2152375
2024-05-15 21:00:00,0.214851389
2024-05-15 22:00:00,0.214531944
2024-05-15 23:00:00,0.214308333
2024-05-16 00:00:00,0.214118056
2024-05-16 01:00:00,0.213983333
2024-05-16 02:00:00,0.213865278
2024-05-16 03:00:00,0.213784722
2024-05-16 04:00:00,0.213747222
2024-05-16 05:00:00,0.213740278
2024-05-16 06:00:00,0.213740278
2024-05-16 07:00:00,0.213756944
2024-05-16 08:00:00,0.2138
2024-05-16 09:00:00,0.213884722
2024-05-16 10:00:00,0.213980556
2024-05-16 11:00:00,0.214083333
2024-05-16 12:00:00,0.214180556
2024-05-16 13:00:00,0.214244444
2024-05-16 14:00:00,0.214305556
2024-05-16 15:00:00,0.214348611
2024-05-16 16:00:00,0.214408333
2024-05-16 17:00:00,0.214381944
2024-05-16 18:00:00,0.21425
2024-05-16 19:00:00,0.214126389
2024-05-16 20:00:00,0.213966667
2024-05-16 21:00:00,0.213795833
2024-05-16 22:00:00,0.213629167
2024-05-16 23:00:00,0.213456944
2024-05-17 00:00:00,0.213336111
2024-05-17 01:00:00,0.213248611
2024-05-17 02:00:00,0.213234722
2024-05-17 03:00:00,0.213283333
2024-05-17 04:00:00,0.213366667
2024-05-17 05:00:00,0.213508333
2024-05-17 06:00:00,0.213708333
2024-05-17 07:00:00,0.213986111
2024-05-17 08:00:00,0.214330556
2024-05-17 09:00:00,0.214701389
2024-05-17 10:00:00,0.215136111
2024-05-17 11:00:00,0.215586111
2024-05-17 12:00:00,0.216263889
2024-05-17 13:00:00,0.216873611
2024-05-17 14:00:00,0.217280556
2024-05-17 15:00:00,0.217723611
2024-05-17 16:00:00,0.218051389
2024-05-17 17:00:00,0.218293056
2024-05-17 18:00:00,0.218444444
2024-05-17 19:00:00,0.218531944
2024-05-17 20:00:00,0.218538889
2024-05-17 21:00:00,0.218495833
2024-05-17 22:00:00,0.218504167
2024-05-17 23:00:00,0.218465278
2024-05-18 00:00:00,0.218423611
2024-05-18 01:00:00,0.218418056
2024-05-18 02:00:00,0.218455556
2024-05-18 03:00:00,0.2185375
2024-05-18 04:00:00,0.218673611
2024-05-18 05:00:00,0.218890278
2024-05-18 06:00:00,0.219168056
2024-05-18 07:00:00,0.219501389
2024-05-18 08:00:00,0.219905556
2024-05-18 09:00:00,0.220394444
2024-05-18 10:00:00,0.2209125
2024-05-18 11:00:00,0.221427778
2024-05-18 12:00:00,0.221975
2024-05-18 13:00:00,0.222515278
2024-05-18 14:00:00,0.223022222
2024-05-18 15:00:00,0.223461111
2024-05-18 16:00:00,0.223861111
2024-05-18 17:00:00,0.224141667
2024-05-18 18:00:00,0.224340278
2024-05-18 19:00:00,0.224461111
2024-05-18 20:00:00,0.224488889
2024-05-18 21:00:00,0.224425
2024-05-18 22:00:00,0.224298611
2024-05-18 23:00:00,0.224109722
2024-05-19 00:00:00,0.223847222
2024-05-19 01:00:00,0.223591667
2024-05-19 02:00:00,0.223373611
2024-05-19 03:00:00,0.223165278
2024-05-19 04:00:00,0.223020833
2024-05-19 05:00:00,0.222963889
2024-05-19 06:00:00,0.223001389
2024-05-19 07:00:00,0.223133333
2024-05-19 08:00:00,0.223347222
2024-05-19 09:00:00,0.2236375
2024-05-19 10:00:00,0.223991667
2024-05-19 11:00:00,0.224397222
2024-05-19 12:00:00,0.224820833
2024-05-19 13:00:00,0.225255556
2024-05-19 14:00:00,0.225679167
2024-05-19 15:00:00,0.226079167
2024-05-19 16:00:00,0.226447222
2024-05-19 17:00:00,0.226763889
2024-05-19 18:00:00,0.227002778
2024-05-19 19:00:00,0.227183333
2024-05-19 20:00:00,0.227311111
2024-05-19 21:00:00,0.227375
2024-05-19 22:00:00,0.227354167
2024-05-19 23:00:00,0.227269444
2024-05-20 00:00:00,0.227133333
2024-05-20 01:00:00,0.226973611
2024-05-20 02:00:00,0.226770833
2024-05-20 03:00:00,0.226544444
2024-05-20 04:00:00,0.226359722
2024-05-20 05:00:00,0.226206944
2024-05-20 06:00:00,0.226144444
2024-05-20 07:00:00,0.2261875
2024-05-20 08:00:00,0.226320833
2024-05-20 09:00:00,0.226520833
2024-05-20 10:00:00,0.226809722
2024-05-20 11:00:00,0.227155556
2024-05-20 12:00:00,0.227545833
2024-05-20 13:00:00,0.227948611
2024-05-20 14:00:00,0.228373611
2024-05-20 15:00:00,0.228765278
2024-05-20 16:00:00,0.229130556
2024-05-20 17:00:00,0.229452778
2024-05-20 18:00:00,0.229711111
2024-05-20 19:00:00,0.229965278
2024-05-20 20:00:00,0.230166667
2024-05-20 21:00:00,0.230313889
2024-05-20 22:00:00,0.230425
2024-05-20 23:00:00,0.230495833
2024-05-21 00:00:00,0.230515278
2024-05-21 01:00:00,0.230456944
2024-05-21 02:00:00,0.230355556
2024-05-21 03:00:00,0.230194444
2024-05-21 04:00:00,0.229973611
2024-05-21 05:00:00,0.229761111
2024-05-21 06:00:00,0.229509722
2024-05-21 07:00:00,0.229452778
2024-05-21 08:00:00,0.229390278
2024-05-21 09:00:00,0.229380556
2024-05-21 10:00:00,0.22945
2024-05-21 11:00:00,0.2296625
2024-05-21 12:00:00,0.229905556
2024-05-21 13:00:00,0.230168056
2024-05-21 14:00:00,0.230518056
2024-05-21 15:00:00,0.230852778
2024-05-21 16:00:00,0.2312125
2024-05-21 17:00:00,0.231565278
2024-05-21 18:00:00,0.231920833
2024-05-21 19:00:00,0.232219444
2024-05-21 20:00:00,0.232477778
2024-05-21 21:00:00,0.232808333
2024-05-21 22:00:00,0.233133333
2024-05-21 23:00:00,0.233416667
2024-05-22 00:00:00,0.233663889
2024-05-22 01:00:00,0.233844444
2024-05-22 02:00:00,0.233977778
2024-05-22 03:00:00,0.234026389
2024-05-22 04:00:00,0.233990278
2024-05-22 05:00:00,0.233902778
2024-05-22 06:00:00,0.233825
2024-05-22 07:00:00,0.233751389
2024-05-22 08:00:00,0.233651389
2024-05-22 09:00:00,0.233566667
2024-05-22 10:00:00,0.233513889
2024-05-22 11:00:00,0.233525
2024-05-22 12:00:00,0.233561111
2024-05-22 13:00:00,0.233625
2024-05-22 14:00:00,0.233701389
2024-05-22 15:00:00,0.233811111
2024-05-22 16:00:00,0.233956944
2024-05-22 17:00:00,0.234140278
2024-05-22 18:00:00,0.234340278
2024-05-22 19:00:00,0.234534722
2024-05-22 20:00:00,0.234713889
2024-05-22 21:00:00,0.234880556
2024-05-22 22:00:00,0.235040278
2024-05-22 23:00:00,0.235179167
2024-05-23 00:00:00,0.235309722
2024-05-23 01:00:00,0.235413889
2024-05-23 02:00:00,0.235480556
2024-05-23 03:00:00,0.235501389
2024-05-23 04:00:00,0.235493056
2024-05-23 05:00:00,0.235419444
2024-05-23 06:00:00,0.235281944
2024-05-23 07:00:00,0.235163889
2024-05-23 08:00:00,0.235019444
2024-05-23 09:00:00,0.234869444
2024-05-23 10:00:00,0.234730556
2024-05-23 11:00:00,0.234601389
2024-05-23 12:00:00,0.234497222
2024-05-23 13:00:00,0.234426389
2024-05-23 14:00:00,0.234372222
2024-05-23 15:00:00,0.234309722
2024-05-23 16:00:00,0.234259722
2024-05-23 17:00:00,0.234255556
2024-05-23 18:00:00,0.234290278
2024-05-23 19:00:00,0.234352778
2024-05-23 20:00:00,0.234433333
2024-05-23 21:00:00,0.234505556
2024-05-23 22:00:00,0.234577778
2024-05-23 23:00:00,0.234640278
2024-05-24 00:00:00,0.234701389
2024-05-24 01:00:00,0.234743056
2024-05-24 02:00:00,0.234752778
2024-05-24 03:00:00,0.234754167
2024-05-24 04:00:00,0.234736111
2024-05-24 05:00:00,0.234652778
2024-05-24 06:00:00,0.234508333
2024-05-24 07:00:00,0.234327778
2024-05-24 08:00:00,0.234113889
2024-05-24 09:00:00,0.233888889
2024-05-24 10:00:00,0.233666667
2024-05-24 11:00:00,0.233434722
2024-05-24 12:00:00,0.233215278
2024-05-24 13:00:00,0.233029167
2024-05-24 14:00:00,0.232856944
2024-05-24 15:00:00,0.232688889
2024-05-24 16:00:00,0.232531944
2024-05-24 17:00:00,0.232413889
2024-05-24 18:00:00,0.232304167
2024-05-24 19:00:00,0.232227778
2024-05-24 20:00:00,0.232180556
2024-05-24 21:00:00,0.232168056
2024-05-24 22:00:00,0.232141667
2024-05-24 23:00:00,0.232119444
2024-05-25 00:00:00,0.232088889
2024-05-25 01:00:00,0.23205
2024-05-25 02:00:00,0.231990278
2024-05-25 03:00:00,0.231929167
2024-05-25 04:00:00,0.231866667
2024-05-25 05:00:00,0.231783333
2024-05-25 06:00:00,0.231651389
2024-05-25 07:00:00,0.231547222
2024-05-25 08:00:00,0.231425
2024-05-25 09:00:00,0.231279167
2024-05-25 10:00:00,0.231144444
2024-05-25 11:00:00,0.230945833
2024-05-25 12:00:00,0.230805556
2024-05-25 13:00:00,0.230625
2024-05-25 14:00:00,0.230443056
2024-05-25 15:00:00,0.230301389
2024-05-25 16:00:00,0.230059722
2024-05-25 17:00:00,0.22985
2024-05-25 18:00:00,0.229675
2024-05-25 19:00:00,0.229527778
2024-05-25 20:00:00,0.229363889
2024-05-25 21:00:00,0.229268056
2024-05-25 22:00:00,0.229220833
2024-05-25 23:00:00,0.229138889
2024-05-26 00:00:00,0.229065278
2024-05-26 01:00:00,0.229031944
2024-05-26 02:00:00,0.229
2024-05-26 03:00:00,0.228966667
2024-05-26 04:00:00,0.228920833
2024-05-26 05:00:00,0.228904167
2024-05-26 06:00:00,0.228901389
2024-05-26 07:00:00,0.228879167
2024-05-26 08:00:00,0.228859722
2024-05-26 09:00:00,0.228843056
2024-05-26 10:00:00,0.228794444
2024-05-26 11:00:00,0.228766667
2024-05-26 12:00:00,0.228744444
2024-05-26 13:00:00,0.228730556
2024-05-26 14:00:00,0.228698611
2024-05-26 15:00:00,0.228641667
2024-05-26 16:00:00,0.228588889
2024-05-26 17:00:00,0.228552778
2024-05-26 18:00:00,0.228483333
2024-05-26 19:00:00,0.228397222
2024-05-26 20:00:00,0.228315278
2024-05-26 21:00:00,0.22825
2024-05-26 22:00:00,0.228231944
2024-05-26 23:00:00,0.228193056
2024-05-27 00:00:00,0.228184722
2024-05-27 01:00:00,0.228238889
2024-05-27 02:00:00,0.228293056
2024-05-27 03:00:00,0.228365278
2024-05-27 04:00:00,0.228431944
2024-05-27 05:00:00,0.228520833
2024-05-27 06:00:00,0.2286125
2024-05-27 07:00:00,0.228718056
2024-05-27 08:00:00,0.228843056
2024-05-27 09:00:00,0.228945833
2024-05-27 10:00:00,0.229083333
2024-05-27 11:00:00,0.229216667
2024-05-27 12:00:00,0.229280556
2024-05-27 13:00:00,0.229326389
2024-05-27 14:00:00,0.229383333
2024-05-27 15:00:00,0.229440278
2024-05-27 16:00:00,0.229458333
2024-05-27 17:00:00,0.229461111
2024-05-27 18:00:00,0.229465278
2024-05-27 19:00:00,0.2294375
2024-05-27 20:00:00,0.229383333
2024-05-27 21:00:00,0.229329167
2024-05-27 22:00:00,0.229329167
2024-05-27 23:00:00,0.229323611
2024-05-28 00:00:00,0.229318056
2024-05-28 01:00:00,0.229308333
2024-05-28 02:00:00,0.229348611
2024-05-28 03:00:00,0.229375
2024-05-28 04:00:00,0.229438889
2024-05-28 05:00:00,0.229536111
2024-05-28 06:00:00,0.229656944
2024-05-28 07:00:00,0.229766667
2024-05-28 08:00:00,0.229879167
2024-05-28 09:00:00,0.229998611
2024-05-28 10:00:00,0.230093056
2024-05-28 11:00:00,0.230166667
2024-05-28 12:00:00,0.2302125
2024-05-28 13:00:00,0.230234722
2024-05-28 14:00:00,0.230206944
2024-05-28 15:00:00,0.230144444
2024-05-28 16:00:00,0.230030556
2024-05-28 17:00:00,0.229845833
2024-05-28 18:00:00,0.229672222
2024-05-28 19:00:00,0.229363889
2024-05-28 20:00:00,0.229277778
2024-05-28 21:00:00,0.2292625
2024-05-28 22:00:00,0.229245833
2024-05-28 23:00:00,0.229202778
2024-05-29 00:00:00,0.229152778
2024-05-29 01:00:00,0.229063889
2024-05-29 02:00:00,0.228980556
2024-05-29 03:00:00,0.22885
2024-05-29 04:00:00,0.228702778
2024-05-29 05:00:00,0.228608333
2024-05-29 06:00:00,0.228513889
2024-05-29 07:00:00,0.228459722
2024-05-29 08:00:00,0.228465278
2024-05-29 09:00:00,0.228605556
2024-05-29 10:00:00,0.2285125
2024-05-29 11:00:00,0.228454167
2024-05-29 12:00:00,0.228477778
2024-05-29 13:00:00,0.228563889
2024-05-29 14:00:00,0.228640278
2024-05-29 15:00:00,0.228391667
2024-05-29 16:00:00,0.228268056
2024-05-29 17:00:00,0.228066667
2024-05-29 18:00:00,0.227834722
2024-05-29 19:00:00,0.227602778
2024-05-29 20:00:00,0.227384722
2024-05-29 21:00:00,0.227065278
2024-05-29 22:00:00,0.226736111
2024-05-29 23:00:00,0.226493056
2024-05-30 00:00:00,0.226281944
2024-05-30 01:00:00,0.226054167
2024-05-30 02:00:00,0.225825
2024-05-30 03:00:00,0.225644444
2024-05-30 04:00:00,0.225518056
2024-05-30 05:00:00,0.2254125
2024-05-30 06:00:00,0.225384722
2024-05-30 07:00:00,0.225381944
2024-05-30 08:00:00,0.225411111
2024-05-30 09:00:00,0.225495833
2024-05-30 10:00:00,0.225641667
2024-05-30 11:00:00,0.2258
2024-05-30 12:00:00,0.225961111
2024-05-30 13:00:00,0.226141667
2024-05-30 14:00:00,0.226294444
2024-05-30 15:00:00,0.226431944
2024-05-30 16:00:00,0.226533333
2024-05-30 17:00:00,0.226584722
2024-05-30 18:00:00,0.226577778
2024-05-30 19:00:00,0.226529167
2024-05-30 20:00:00,0.226455556
2024-05-30 21:00:00,0.226363889
2024-05-30 22:00:00,0.226261111
2024-05-30 23:00:00,0.226156944
2024-05-31 00:00:00,0.22605
2024-05-31 01:00:00,0.22595
2024-05-31 02:00:00,0.225872222
2024-05-31 03:00:00,0.225831944
2024-05-31 04:00:00,0.225815278
2024-05-31 05:00:00,0.225847222
2024-05-31 06:00:00,0.225933333
2024-05-31 07:00:00,0.226059722
2024-05-31 08:00:00,0.226209722
2024-05-31 09:00:00,0.226405556
2024-05-31 10:00:00,0.226631944
2024-05-31 11:00:00,0.226863889
2024-05-31 12:00:00,0.227080556
2024-05-31 13:00:00,0.227268056
2024-05-31 14:00:00,0.227434722
2024-05-31 15:00:00,0.227570833
2024-05-31 16:00:00,0.227652778
2024-05-31 17:00:00,0.227663889
2024-05-31 18:00:00,0.227633333
2024-05-31 19:00:00,0.227559722
2024-05-31 20:00:00,0.227444444
2024-05-31 21:00:00,0.227313889
2024-05-31 22:00:00,0.227179167
2024-05-31 23:00:00,0.227034722
