time,WL_trend_30d_filled
2020-07-01 00:00:00,0.166948611
2020-07-01 01:00:00,0.1665
2020-07-01 02:00:00,0.166055556
2020-07-01 03:00:00,0.165627778
2020-07-01 04:00:00,0.165238889
2020-07-01 05:00:00,0.164884722
2020-07-01 06:00:00,0.164597222
2020-07-01 07:00:00,0.164354167
2020-07-01 08:00:00,0.164133333
2020-07-01 09:00:00,0.1639875
2020-07-01 10:00:00,0.163833333
2020-07-01 11:00:00,0.163736111
2020-07-01 12:00:00,0.163654167
2020-07-01 13:00:00,0.163572222
2020-07-01 14:00:00,0.163502778
2020-07-01 15:00:00,0.163411111
2020-07-01 16:00:00,0.163311111
2020-07-01 17:00:00,0.163175
2020-07-01 18:00:00,0.163015278
2020-07-01 19:00:00,0.162848611
2020-07-01 20:00:00,0.162652778
2020-07-01 21:00:00,0.162429167
2020-07-01 22:00:00,0.162172222
2020-07-01 23:00:00,0.161908333
2020-07-02 00:00:00,0.161619444
2020-07-02 01:00:00,0.161315278
2020-07-02 02:00:00,0.160956944
2020-07-02 03:00:00,0.160645833
2020-07-02 04:00:00,0.160313889
2020-07-02 05:00:00,0.159980556
2020-07-02 06:00:00,0.159740278
2020-07-02 07:00:00,0.159465278
2020-07-02 08:00:00,0.159230556
2020-07-02 09:00:00,0.159034722
2020-07-02 10:00:00,0.158823611
2020-07-02 11:00:00,0.158648611
2020-07-02 12:00:00,0.158494444
2020-07-02 13:00:00,0.158327778
2020-07-02 14:00:00,0.158152778
2020-07-02 15:00:00,0.157981944
2020-07-02 16:00:00,0.157780556
2020-07-02 17:00:00,0.157566667
2020-07-02 18:00:00,0.157336111
2020-07-02 19:00:00,0.157079167
2020-07-02 20:00:00,0.156808333
2020-07-02 21:00:00,0.156516667
2020-07-02 22:00:00,0.156197222
2020-07-02 23:00:00,0.155883333
2020-07-03 00:00:00,0.155566667
2020-07-03 01:00:00,0.155258333
2020-07-03 02:00:00,0.154944444
2020-07-03 03:00:00,0.154616667
2020-07-03 04:00:00,0.154294444
2020-07-03 05:00:00,0.153970833
2020-07-03 06:00:00,0.153659722
2020-07-03 07:00:00,0.153397222
2020-07-03 08:00:00,0.153130556
2020-07-03 09:00:00,0.152902778
2020-07-03 10:00:00,0.152698611
2020-07-03 11:00:00,0.152513889
2020-07-03 12:00:00,0.152373611
2020-07-03 13:00:00,0.152259722
2020-07-03 14:00:00,0.152168056
2020-07-03 15:00:00,0.152088889
2020-07-03 16:00:00,0.152031944
2020-07-03 17:00:00,0.151984722
2020-07-03 18:00:00,0.151958333
2020-07-03 19:00:00,0.151925
2020-07-03 20:00:00,0.151897222
2020-07-03 21:00:00,0.15185
2020-07-03 22:00:00,0.151773611
2020-07-03 23:00:00,0.151655556
2020-07-04 00:00:00,0.151554167
2020-07-04 01:00:00,0.151448611
2020-07-04 02:00:00,0.151319444
2020-07-04 03:00:00,0.151138889
2020-07-04 04:00:00,0.150961111
2020-07-04 05:00:00,0.150766667
2020-07-04 06:00:00,0.150583333
2020-07-04 07:00:00,0.1504125
2020-07-04 08:00:00,0.150240278
2020-07-04 09:00:00,0.150076389
2020-07-04 10:00:00,0.149931944
2020-07-04 11:00:00,0.1498
2020-07-04 12:00:00,0.1496875
2020-07-04 13:00:00,0.149601389
2020-07-04 14:00:00,0.149529167
2020-07-04 15:00:00,0.149461111
2020-07-04 16:00:00,0.149411111
2020-07-04 17:00:00,0.149394444
2020-07-04 18:00:00,0.149368056
2020-07-04 19:00:00,0.1493875
2020-07-04 20:00:00,0.149394444
2020-07-04 21:00:00,0.149408333
2020-07-04 22:00:00,0.149423611
2020-07-04 23:00:00,0.149426389
2020-07-05 00:00:00,0.149433333
2020-07-05 01:00:00,0.149413889
2020-07-05 02:00:00,0.149368056
2020-07-05 03:00:00,0.149313889
2020-07-05 04:00:00,0.149245833
2020-07-05 05:00:00,0.149181944
2020-07-05 06:00:00,0.149120833
2020-07-05 07:00:00,0.149065278
2020-07-05 08:00:00,0.149006944
2020-07-05 09:00:00,0.148945833
2020-07-05 10:00:00,0.1489
2020-07-05 11:00:00,0.148875
2020-07-05 12:00:00,0.148854167
2020-07-05 13:00:00,0.148843056
2020-07-05 14:00:00,0.148833333
2020-07-05 15:00:00,0.148836111
2020-07-05 16:00:00,0.148840278
2020-07-05 17:00:00,0.148861111
2020-07-05 18:00:00,0.148933333
2020-07-05 19:00:00,0.149030556
2020-07-05 20:00:00,0.149140278
2020-07-05 21:00:00,0.149234722
2020-07-05 22:00:00,0.149338889
2020-07-05 23:00:00,0.149438889
2020-07-06 00:00:00,0.149525
2020-07-06 01:00:00,0.149595833
2020-07-06 02:00:00,0.149651389
2020-07-06 03:00:00,0.149694444
2020-07-06 04:00:00,0.149704167
2020-07-06 05:00:00,0.149672222
2020-07-06 06:00:00,0.149620833
2020-07-06 07:00:00,0.149551389
2020-07-06 08:00:00,0.149468056
2020-07-06 09:00:00,0.149391667
2020-07-06 10:00:00,0.149311111
2020-07-06 11:00:00,0.149220833
2020-07-06 12:00:00,0.149138889
2020-07-06 13:00:00,0.149079167
2020-07-06 14:00:00,0.149023611
2020-07-06 15:00:00,0.148986111
2020-07-06 16:00:00,0.148968056
2020-07-06 17:00:00,0.148981944
2020-07-06 18:00:00,0.1490375
2020-07-06 19:00:00,0.149131944
2020-07-06 20:00:00,0.149261111
2020-07-06 21:00:00,0.149398611
2020-07-06 22:00:00,0.149551389
2020-07-06 23:00:00,0.149720833
2020-07-07 00:00:00,0.149894444
2020-07-07 01:00:00,0.150068056
2020-07-07 02:00:00,0.150206944
2020-07-07 03:00:00,0.150356944
2020-07-07 04:00:00,0.150486111
2020-07-07 05:00:00,0.150616667
2020-07-07 06:00:00,0.150754167
2020-07-07 07:00:00,0.150879167
2020-07-07 08:00:00,0.150981944
2020-07-07 09:00:00,0.151104167
2020-07-07 10:00:00,0.151223611
2020-07-07 11:00:00,0.151316667
2020-07-07 12:00:00,0.151405556
2020-07-07 13:00:00,0.151497222
2020-07-07 14:00:00,0.151575
2020-07-07 15:00:00,0.151668056
2020-07-07 16:00:00,0.151770833
2020-07-07 17:00:00,0.151873611
2020-07-07 18:00:00,0.151981944
2020-07-07 19:00:00,0.152138889
2020-07-07 20:00:00,0.152397222
2020-07-07 21:00:00,0.152648611
2020-07-07 22:00:00,0.152929167
2020-07-07 23:00:00,0.153234722
2020-07-08 00:00:00,0.153581944
2020-07-08 01:00:00,0.153905556
2020-07-08 02:00:00,0.154236111
2020-07-08 03:00:00,0.154615278
2020-07-08 04:00:00,0.154913889
2020-07-08 05:00:00,0.155258333
2020-07-08 06:00:00,0.155558333
2020-07-08 07:00:00,0.155851389
2020-07-08 08:00:00,0.156130556
2020-07-08 09:00:00,0.1564
2020-07-08 10:00:00,0.156679167
2020-07-08 11:00:00,0.1569125
2020-07-08 12:00:00,0.157148611
2020-07-08 13:00:00,0.157358333
2020-07-08 14:00:00,0.157611111
2020-07-08 15:00:00,0.157851389
2020-07-08 16:00:00,0.158131944
2020-07-08 17:00:00,0.158388889
2020-07-08 18:00:00,0.158594444
2020-07-08 19:00:00,0.158848611
2020-07-08 20:00:00,0.159111111
2020-07-08 21:00:00,0.1594
2020-07-08 22:00:00,0.159695833
2020-07-08 23:00:00,0.160038889
2020-07-09 00:00:00,0.160430556
2020-07-09 01:00:00,0.160834722
2020-07-09 02:00:00,0.161234722
2020-07-09 03:00:00,0.161631944
2020-07-09 04:00:00,0.162041667
2020-07-09 05:00:00,0.162530556
2020-07-09 06:00:00,0.162956944
2020-07-09 07:00:00,0.163388889
2020-07-09 08:00:00,0.163873611
2020-07-09 09:00:00,0.164320833
2020-07-09 10:00:00,0.164713889
2020-07-09 11:00:00,0.165109722
2020-07-09 12:00:00,0.165472222
2020-07-09 13:00:00,0.165805556
2020-07-09 14:00:00,0.166093056
2020-07-09 15:00:00,0.166363889
2020-07-09 16:00:00,0.16665
2020-07-09 17:00:00,0.166873611
2020-07-09 18:00:00,0.16705
2020-07-09 19:00:00,0.167211111
2020-07-09 20:00:00,0.167419444
2020-07-09 21:00:00,0.167626389
2020-07-09 22:00:00,0.167827778
2020-07-09 23:00:00,0.1681375
2020-07-10 00:00:00,0.168361111
2020-07-10 01:00:00,0.168630556
2020-07-10 02:00:00,0.168936111
2020-07-10 03:00:00,0.169244444
2020-07-10 04:00:00,0.169568056
2020-07-10 05:00:00,0.169920833
2020-07-10 06:00:00,0.1702875
2020-07-10 07:00:00,0.170658333
2020-07-10 08:00:00,0.171025
2020-07-10 09:00:00,0.171390278
2020-07-10 10:00:00,0.171713889
2020-07-10 11:00:00,0.172029167
2020-07-10 12:00:00,0.172301389
2020-07-10 13:00:00,0.172538889
2020-07-10 14:00:00,0.172756944
2020-07-10 15:00:00,0.172913889
2020-07-10 16:00:00,0.173047222
2020-07-10 17:00:00,0.173144444
2020-07-10 18:00:00,0.173238889
2020-07-10 19:00:00,0.173268056
2020-07-10 20:00:00,0.173286111
2020-07-10 21:00:00,0.173322222
2020-07-10 22:00:00,0.173376389
2020-07-10 23:00:00,0.173515278
2020-07-11 00:00:00,0.173563889
2020-07-11 01:00:00,0.173711111
2020-07-11 02:00:00,0.173884722
2020-07-11 03:00:00,0.174083333
2020-07-11 04:00:00,0.174318056
2020-07-11 05:00:00,0.174576389
2020-07-11 06:00:00,0.174881944
2020-07-11 07:00:00,0.175230556
2020-07-11 08:00:00,0.175586111
2020-07-11 09:00:00,0.175955556
2020-07-11 10:00:00,0.176302778
2020-07-11 11:00:00,0.176609722
2020-07-11 12:00:00,0.176886111
2020-07-11 13:00:00,0.177102778
2020-07-11 14:00:00,0.177251389
2020-07-11 15:00:00,0.177333333
2020-07-11 16:00:00,0.177340278
2020-07-11 17:00:00,0.177284722
2020-07-11 18:00:00,0.177177778
2020-07-11 19:00:00,0.177025
2020-07-11 20:00:00,0.176865278
2020-07-11 21:00:00,0.176705556
2020-07-11 22:00:00,0.176579167
2020-07-11 23:00:00,0.176520833
2020-07-12 00:00:00,0.1765
2020-07-12 01:00:00,0.176516667
2020-07-12 02:00:00,0.176569444
2020-07-12 03:00:00,0.176670833
2020-07-12 04:00:00,0.176841667
2020-07-12 05:00:00,0.177084722
2020-07-12 06:00:00,0.177375
2020-07-12 07:00:00,0.177725
2020-07-12 08:00:00,0.178127778
2020-07-12 09:00:00,0.178551389
2020-07-12 10:00:00,0.1789625
2020-07-12 11:00:00,0.179356944
2020-07-12 12:00:00,0.179709722
2020-07-12 13:00:00,0.180022222
2020-07-12 14:00:00,0.180268056
2020-07-12 15:00:00,0.180455556
2020-07-12 16:00:00,0.180577778
2020-07-12 17:00:00,0.180618056
2020-07-12 18:00:00,0.180559722
2020-07-12 19:00:00,0.1804875
2020-07-12 20:00:00,0.180341667
2020-07-12 21:00:00,0.180186111
2020-07-12 22:00:00,0.180004167
2020-07-12 23:00:00,0.179795833
2020-07-13 00:00:00,0.179648611
2020-07-13 01:00:00,0.179531944
2020-07-13 02:00:00,0.179441667
2020-07-13 03:00:00,0.179434722
2020-07-13 04:00:00,0.1795125
2020-07-13 05:00:00,0.179636111
2020-07-13 06:00:00,0.179813889
2020-07-13 07:00:00,0.180013889
2020-07-13 08:00:00,0.180244444
2020-07-13 09:00:00,0.180486111
2020-07-13 10:00:00,0.180723611
2020-07-13 11:00:00,0.180954167
2020-07-13 12:00:00,0.181148611
2020-07-13 13:00:00,0.181304167
2020-07-13 14:00:00,0.181430556
2020-07-13 15:00:00,0.181468056
2020-07-13 16:00:00,0.181469444
2020-07-13 17:00:00,0.181419444
2020-07-13 18:00:00,0.181293056
2020-07-13 19:00:00,0.181144444
2020-07-13 20:00:00,0.180927778
2020-07-13 21:00:00,0.180690278
2020-07-13 22:00:00,0.180469444
2020-07-13 23:00:00,0.180211111
2020-07-14 00:00:00,0.179916667
2020-07-14 01:00:00,0.179680556
2020-07-14 02:00:00,0.1794625
2020-07-14 03:00:00,0.179284722
2020-07-14 04:00:00,0.179205556
2020-07-14 05:00:00,0.179136111
2020-07-14 06:00:00,0.179109722
2020-07-14 07:00:00,0.179168056
2020-07-14 08:00:00,0.179223611
2020-07-14 09:00:00,0.179309722
2020-07-14 10:00:00,0.17945
2020-07-14 11:00:00,0.179563889
2020-07-14 12:00:00,0.179643056
2020-07-14 13:00:00,0.1797125
2020-07-14 14:00:00,0.179769444
2020-07-14 15:00:00,0.179798611
2020-07-14 16:00:00,0.179788889
2020-07-14 17:00:00,0.179744444
2020-07-14 18:00:00,0.179683333
2020-07-14 19:00:00,0.179618056
2020-07-14 20:00:00,0.179527778
2020-07-14 21:00:00,0.179426389
2020-07-14 22:00:00,0.179298611
2020-07-14 23:00:00,0.179108333
2020-07-15 00:00:00,0.178861111
2020-07-15 01:00:00,0.178605556
2020-07-15 02:00:00,0.1783125
2020-07-15 03:00:00,0.1780375
2020-07-15 04:00:00,0.177811111
2020-07-15 05:00:00,0.177627778
2020-07-15 06:00:00,0.1774875
2020-07-15 07:00:00,0.177416667
2020-07-15 08:00:00,0.177376389
2020-07-15 09:00:00,0.177376389
2020-07-15 10:00:00,0.177420833
2020-07-15 11:00:00,0.177475
2020-07-15 12:00:00,0.177544444
2020-07-15 13:00:00,0.177634722
2020-07-15 14:00:00,0.177734722
2020-07-15 15:00:00,0.177848611
2020-07-15 16:00:00,0.177966667
2020-07-15 17:00:00,0.178080556
2020-07-15 18:00:00,0.178177778
2020-07-15 19:00:00,0.178266667
2020-07-15 20:00:00,0.178325
2020-07-15 21:00:00,0.178365278
2020-07-15 22:00:00,0.178344444
2020-07-15 23:00:00,0.178288889
2020-07-16 00:00:00,0.178215278
2020-07-16 01:00:00,0.1781125
2020-07-16 02:00:00,0.177979167
2020-07-16 03:00:00,0.177820833
2020-07-16 04:00:00,0.177681944
2020-07-16 05:00:00,0.177552778
2020-07-16 06:00:00,0.1774375
2020-07-16 07:00:00,0.177331944
2020-07-16 08:00:00,0.177256944
2020-07-16 09:00:00,0.177216667
2020-07-16 10:00:00,0.177206944
2020-07-16 11:00:00,0.177220833
2020-07-16 12:00:00,0.177229167
2020-07-16 13:00:00,0.177266667
2020-07-16 14:00:00,0.1773375
2020-07-16 15:00:00,0.177401389
2020-07-16 16:00:00,0.1774875
2020-07-16 17:00:00,0.177591667
2020-07-16 18:00:00,0.177677778
2020-07-16 19:00:00,0.177770833
2020-07-16 20:00:00,0.177859722
2020-07-16 21:00:00,0.177925
2020-07-16 22:00:00,0.177973611
2020-07-16 23:00:00,0.178025
2020-07-17 00:00:00,0.178108333
2020-07-17 01:00:00,0.178111111
2020-07-17 02:00:00,0.178020833
2020-07-17 03:00:00,0.178006944
2020-07-17 04:00:00,0.177977778
2020-07-17 05:00:00,0.177933333
2020-07-17 06:00:00,0.177895833
2020-07-17 07:00:00,0.177872222
2020-07-17 08:00:00,0.177827778
2020-07-17 09:00:00,0.177822222
2020-07-17 10:00:00,0.177838889
2020-07-17 11:00:00,0.177866667
2020-07-17 12:00:00,0.1778875
2020-07-17 13:00:00,0.177922222
2020-07-17 14:00:00,0.1779875
2020-07-17 15:00:00,0.178070833
2020-07-17 16:00:00,0.178188889
2020-07-17 17:00:00,0.178363889
2020-07-17 18:00:00,0.178530556
2020-07-17 19:00:00,0.1787
2020-07-17 20:00:00,0.178926389
2020-07-17 21:00:00,0.179152778
2020-07-17 22:00:00,0.179351389
2020-07-17 23:00:00,0.1795125
2020-07-18 00:00:00,0.1796625
2020-07-18 01:00:00,0.179840278
2020-07-18 02:00:00,0.179970833
2020-07-18 03:00:00,0.180101389
2020-07-18 04:00:00,0.180152778
2020-07-18 05:00:00,0.180176389
2020-07-18 06:00:00,0.180193056
2020-07-18 07:00:00,0.180190278
2020-07-18 08:00:00,0.180181944
2020-07-18 09:00:00,0.180155556
2020-07-18 10:00:00,0.180131944
2020-07-18 11:00:00,0.180120833
2020-07-18 12:00:00,0.180111111
2020-07-18 13:00:00,0.180118056
2020-07-18 14:00:00,0.180134722
2020-07-18 15:00:00,0.180156944
2020-07-18 16:00:00,0.180177778
2020-07-18 17:00:00,0.180251389
2020-07-18 18:00:00,0.180340278
2020-07-18 19:00:00,0.180440278
2020-07-18 20:00:00,0.1805375
2020-07-18 21:00:00,0.180636111
2020-07-18 22:00:00,0.18075
2020-07-18 23:00:00,0.180869444
2020-07-19 00:00:00,0.180976389
2020-07-19 01:00:00,0.181101389
2020-07-19 02:00:00,0.181206944
2020-07-19 03:00:00,0.1813125
2020-07-19 04:00:00,0.181443056
2020-07-19 05:00:00,0.181551389
2020-07-19 06:00:00,0.181661111
2020-07-19 07:00:00,0.181769444
2020-07-19 08:00:00,0.181873611
2020-07-19 09:00:00,0.181948611
2020-07-19 10:00:00,0.182
2020-07-19 11:00:00,0.182045833
2020-07-19 12:00:00,0.182081944
2020-07-19 13:00:00,0.182105556
2020-07-19 14:00:00,0.182129167
2020-07-19 15:00:00,0.182141667
2020-07-19 16:00:00,0.182143056
2020-07-19 17:00:00,0.182140278
2020-07-19 18:00:00,0.182138889
2020-07-19 19:00:00,0.182152778
2020-07-19 20:00:00,0.182181944
2020-07-19 21:00:00,0.182209722
2020-07-19 22:00:00,0.182213889
2020-07-19 23:00:00,0.182227778
2020-07-20 00:00:00,0.182275
2020-07-20 01:00:00,0.182320833
2020-07-20 02:00:00,0.182365278
2020-07-20 03:00:00,0.1824
2020-07-20 04:00:00,0.182436111
2020-07-20 05:00:00,0.182455556
2020-07-20 06:00:00,0.182427778
2020-07-20 07:00:00,0.182416667
2020-07-20 08:00:00,0.182372222
2020-07-20 09:00:00,0.1822875
2020-07-20 10:00:00,0.182197222
2020-07-20 11:00:00,0.182068056
2020-07-20 12:00:00,0.181936111
2020-07-20 13:00:00,0.181806944
2020-07-20 14:00:00,0.181686111
2020-07-20 15:00:00,0.181544444
2020-07-20 16:00:00,0.181379167
2020-07-20 17:00:00,0.181236111
2020-07-20 18:00:00,0.181138889
2020-07-20 19:00:00,0.181061111
2020-07-20 20:00:00,0.181009722
2020-07-20 21:00:00,0.180956944
2020-07-20 22:00:00,0.180911111
2020-07-20 23:00:00,0.180876389
2020-07-21 00:00:00,0.180859722
2020-07-21 01:00:00,0.180861111
2020-07-21 02:00:00,0.180881944
2020-07-21 03:00:00,0.180918056
2020-07-21 04:00:00,0.180955556
2020-07-21 05:00:00,0.180990278
2020-07-21 06:00:00,0.181029167
2020-07-21 07:00:00,0.181070833
2020-07-21 08:00:00,0.181090278
2020-07-21 09:00:00,0.181102778
2020-07-21 10:00:00,0.181094444
2020-07-21 11:00:00,0.181058333
2020-07-21 12:00:00,0.180998611
2020-07-21 13:00:00,0.180901389
2020-07-21 14:00:00,0.180784722
2020-07-21 15:00:00,0.18065
2020-07-21 16:00:00,0.180504167
2020-07-21 17:00:00,0.180347222
2020-07-21 18:00:00,0.180197222
2020-07-21 19:00:00,0.180055556
2020-07-21 20:00:00,0.179915278
2020-07-21 21:00:00,0.179815278
2020-07-21 22:00:00,0.179766667
2020-07-21 23:00:00,0.179730556
2020-07-22 00:00:00,0.179701389
2020-07-22 01:00:00,0.179675
2020-07-22 02:00:00,0.179677778
2020-07-22 03:00:00,0.179740278
2020-07-22 04:00:00,0.179816667
2020-07-22 05:00:00,0.179943056
2020-07-22 06:00:00,0.1801125
2020-07-22 07:00:00,0.180291667
2020-07-22 08:00:00,0.180504167
2020-07-22 09:00:00,0.180709722
2020-07-22 10:00:00,0.180895833
2020-07-22 11:00:00,0.181058333
2020-07-22 12:00:00,0.181197222
2020-07-22 13:00:00,0.181302778
2020-07-22 14:00:00,0.181393056
2020-07-22 15:00:00,0.181447222
2020-07-22 16:00:00,0.181472222
2020-07-22 17:00:00,0.181469444
2020-07-22 18:00:00,0.181401389
2020-07-22 19:00:00,0.181381944
2020-07-22 20:00:00,0.181386111
2020-07-22 21:00:00,0.181320833
2020-07-22 22:00:00,0.181295833
2020-07-22 23:00:00,0.181286111
2020-07-23 00:00:00,0.181276389
2020-07-23 01:00:00,0.181273611
2020-07-23 02:00:00,0.181327778
2020-07-23 03:00:00,0.181409722
2020-07-23 04:00:00,0.181547222
2020-07-23 05:00:00,0.181711111
2020-07-23 06:00:00,0.181906944
2020-07-23 07:00:00,0.182123611
2020-07-23 08:00:00,0.182347222
2020-07-23 09:00:00,0.182583333
2020-07-23 10:00:00,0.182788889
2020-07-23 11:00:00,0.182988889
2020-07-23 12:00:00,0.183140278
2020-07-23 13:00:00,0.183240278
2020-07-23 14:00:00,0.183306944
2020-07-23 15:00:00,0.183330556
2020-07-23 16:00:00,0.183331944
2020-07-23 17:00:00,0.183329167
2020-07-23 18:00:00,0.183301389
2020-07-23 19:00:00,0.183256944
2020-07-23 20:00:00,0.183234722
2020-07-23 21:00:00,0.183238889
2020-07-23 22:00:00,0.183241667
2020-07-23 23:00:00,0.183259722
2020-07-24 00:00:00,0.183294444
2020-07-24 01:00:00,0.183330556
2020-07-24 02:00:00,0.183429167
2020-07-24 03:00:00,0.183601389
2020-07-24 04:00:00,0.183766667
2020-07-24 05:00:00,0.183983333
2020-07-24 06:00:00,0.184245833
2020-07-24 07:00:00,0.184515278
2020-07-24 08:00:00,0.184795833
2020-07-24 09:00:00,0.185059722
2020-07-24 10:00:00,0.185318056
2020-07-24 11:00:00,0.185522222
2020-07-24 12:00:00,0.185695833
2020-07-24 13:00:00,0.185819444
2020-07-24 14:00:00,0.185868056
2020-07-24 15:00:00,0.185865278
2020-07-24 16:00:00,0.185826389
2020-07-24 17:00:00,0.185743056
2020-07-24 18:00:00,0.185641667
2020-07-24 19:00:00,0.185541667
2020-07-24 20:00:00,0.185420833
2020-07-24 21:00:00,0.185316667
2020-07-24 22:00:00,0.185225
2020-07-24 23:00:00,0.185166667
2020-07-25 00:00:00,0.185113889
2020-07-25 01:00:00,0.185097222
2020-07-25 02:00:00,0.185113889
2020-07-25 03:00:00,0.185154167
2020-07-25 04:00:00,0.1852375
2020-07-25 05:00:00,0.185373611
2020-07-25 06:00:00,0.185559722
2020-07-25 07:00:00,0.185776389
2020-07-25 08:00:00,0.186033333
2020-07-25 09:00:00,0.186291667
2020-07-25 10:00:00,0.186538889
2020-07-25 11:00:00,0.186770833
2020-07-25 12:00:00,0.186954167
2020-07-25 13:00:00,0.187054167
2020-07-25 14:00:00,0.187104167
2020-07-25 15:00:00,0.187079167
2020-07-25 16:00:00,0.187001389
2020-07-25 17:00:00,0.186916667
2020-07-25 18:00:00,0.186809722
2020-07-25 19:00:00,0.186676389
2020-07-25 20:00:00,0.186558333
2020-07-25 21:00:00,0.186479167
2020-07-25 22:00:00,0.186406944
2020-07-25 23:00:00,0.186388889
2020-07-26 00:00:00,0.186404167
2020-07-26 01:00:00,0.186426389
2020-07-26 02:00:00,0.186509722
2020-07-26 03:00:00,0.186669444
2020-07-26 04:00:00,0.1868625
2020-07-26 05:00:00,0.187058333
2020-07-26 06:00:00,0.187301389
2020-07-26 07:00:00,0.187554167
2020-07-26 08:00:00,0.187808333
2020-07-26 09:00:00,0.188073611
2020-07-26 10:00:00,0.188323611
2020-07-26 11:00:00,0.188541667
2020-07-26 12:00:00,0.188731944
2020-07-26 13:00:00,0.188883333
2020-07-26 14:00:00,0.189005556
2020-07-26 15:00:00,0.189076389
2020-07-26 16:00:00,0.189086111
2020-07-26 17:00:00,0.189052778
2020-07-26 18:00:00,0.188991667
2020-07-26 19:00:00,0.188915278
2020-07-26 20:00:00,0.188793056
2020-07-26 21:00:00,0.188670833
2020-07-26 22:00:00,0.188575
2020-07-26 23:00:00,0.188484722
2020-07-27 00:00:00,0.188426389
2020-07-27 01:00:00,0.188433333
2020-07-27 02:00:00,0.1884625
2020-07-27 03:00:00,0.188540278
2020-07-27 04:00:00,0.188698611
2020-07-27 05:00:00,0.188895833
2020-07-27 06:00:00,0.189118056
2020-07-27 07:00:00,0.189354167
2020-07-27 08:00:00,0.189602778
2020-07-27 09:00:00,0.189855556
2020-07-27 10:00:00,0.190104167
2020-07-27 11:00:00,0.190326389
2020-07-27 12:00:00,0.190536111
2020-07-27 13:00:00,0.190708333
2020-07-27 14:00:00,0.190836111
2020-07-27 15:00:00,0.190956944
2020-07-27 16:00:00,0.191026389
2020-07-27 17:00:00,0.191043056
2020-07-27 18:00:00,0.1910125
2020-07-27 19:00:00,0.190931944
2020-07-27 20:00:00,0.190823611
2020-07-27 21:00:00,0.190726389
2020-07-27 22:00:00,0.190633333
2020-07-27 23:00:00,0.190556944
2020-07-28 00:00:00,0.1905125
2020-07-28 01:00:00,0.1906
2020-07-28 02:00:00,0.190575
2020-07-28 03:00:00,0.190505556
2020-07-28 04:00:00,0.190547222
2020-07-28 05:00:00,0.190616667
2020-07-28 06:00:00,0.190766667
2020-07-28 07:00:00,0.190908333
2020-07-28 08:00:00,0.191063889
2020-07-28 09:00:00,0.191284722
2020-07-28 10:00:00,0.191440278
2020-07-28 11:00:00,0.191620833
2020-07-28 12:00:00,0.191794444
2020-07-28 13:00:00,0.191920833
2020-07-28 14:00:00,0.192011111
2020-07-28 15:00:00,0.192075
2020-07-28 16:00:00,0.192068056
2020-07-28 17:00:00,0.192048611
2020-07-28 18:00:00,0.192018056
2020-07-28 19:00:00,0.191944444
2020-07-28 20:00:00,0.191877778
2020-07-28 21:00:00,0.191845833
2020-07-28 22:00:00,0.1918125
2020-07-28 23:00:00,0.191802778
2020-07-29 00:00:00,0.191830556
2020-07-29 01:00:00,0.191866667
2020-07-29 02:00:00,0.191919444
2020-07-29 03:00:00,0.192022222
2020-07-29 04:00:00,0.192159722
2020-07-29 05:00:00,0.192323611
2020-07-29 06:00:00,0.192509722
2020-07-29 07:00:00,0.192706944
2020-07-29 08:00:00,0.192931944
2020-07-29 09:00:00,0.193154167
2020-07-29 10:00:00,0.193368056
2020-07-29 11:00:00,0.193597222
2020-07-29 12:00:00,0.193805556
2020-07-29 13:00:00,0.194001389
2020-07-29 14:00:00,0.194188889
2020-07-29 15:00:00,0.194340278
2020-07-29 16:00:00,0.194434722
2020-07-29 17:00:00,0.194505556
2020-07-29 18:00:00,0.194572222
2020-07-29 19:00:00,0.194609722
2020-07-29 20:00:00,0.194636111
2020-07-29 21:00:00,0.194644444
2020-07-29 22:00:00,0.194680556
2020-07-29 23:00:00,0.194672222
2020-07-30 00:00:00,0.194615278
2020-07-30 01:00:00,0.1946
2020-07-30 02:00:00,0.194579167
2020-07-30 03:00:00,0.194623611
2020-07-30 04:00:00,0.194733333
2020-07-30 05:00:00,0.194847222
2020-07-30 06:00:00,0.195004167
2020-07-30 07:00:00,0.195177778
2020-07-30 08:00:00,0.195373611
2020-07-30 09:00:00,0.195584722
2020-07-30 10:00:00,0.195819444
2020-07-30 11:00:00,0.196031944
2020-07-30 12:00:00,0.196297222
2020-07-30 13:00:00,0.1965625
2020-07-30 14:00:00,0.196876389
2020-07-30 15:00:00,0.197179167
2020-07-30 16:00:00,0.197518056
2020-07-30 17:00:00,0.197802778
2020-07-30 18:00:00,0.198056944
2020-07-30 19:00:00,0.198326389
2020-07-30 20:00:00,0.198572222
2020-07-30 21:00:00,0.198813889
2020-07-30 22:00:00,0.199072222
2020-07-30 23:00:00,0.199311111
2020-07-31 00:00:00,0.199493056
2020-07-31 01:00:00,0.199669444
2020-07-31 02:00:00,0.199822222
2020-07-31 03:00:00,0.199983333
2020-07-31 04:00:00,0.200120833
2020-07-31 05:00:00,0.2003
2020-07-31 06:00:00,0.200483333
2020-07-31 07:00:00,0.200641667
2020-07-31 08:00:00,0.200841667
2020-07-31 09:00:00,0.2010375
2020-07-31 10:00:00,0.201251389
2020-07-31 11:00:00,0.201458333
2020-07-31 12:00:00,0.201655556
2020-07-31 13:00:00,0.201820833
2020-07-31 14:00:00,0.202011111
2020-07-31 15:00:00,0.202218056
2020-07-31 16:00:00,0.202411111
2020-07-31 17:00:00,0.202608333
2020-07-31 18:00:00,0.202776389
2020-07-31 19:00:00,0.202954167
2020-07-31 20:00:00,0.203120833
2020-07-31 21:00:00,0.2032375
2020-07-31 22:00:00,0.203363889
2020-07-31 23:00:00,0.203479167
2021-07-01 00:00:00,0.214475
2021-07-01 01:00:00,0.214429167
2021-07-01 02:00:00,0.2144375
2021-07-01 03:00:00,0.214495833
2021-07-01 04:00:00,0.214556944
2021-07-01 05:00:00,0.214651389
2021-07-01 06:00:00,0.214779167
2021-07-01 07:00:00,0.214922222
2021-07-01 08:00:00,0.215118056
2021-07-01 09:00:00,0.215338889
2021-07-01 10:00:00,0.215541667
2021-07-01 11:00:00,0.215740278
2021-07-01 12:00:00,0.215918056
2021-07-01 13:00:00,0.216070833
2021-07-01 14:00:00,0.216163889
2021-07-01 15:00:00,0.216229167
2021-07-01 16:00:00,0.216268056
2021-07-01 17:00:00,0.216284722
2021-07-01 18:00:00,0.216243056
2021-07-01 19:00:00,0.216158333
2021-07-01 20:00:00,0.216020833
2021-07-01 21:00:00,0.215884722
2021-07-01 22:00:00,0.215788889
2021-07-01 23:00:00,0.215709722
2021-07-02 00:00:00,0.2157
2021-07-02 01:00:00,0.2157125
2021-07-02 02:00:00,0.215758333
2021-07-02 03:00:00,0.21585
2021-07-02 04:00:00,0.215977778
2021-07-02 05:00:00,0.216152778
2021-07-02 06:00:00,0.2164
2021-07-02 07:00:00,0.216694444
2021-07-02 08:00:00,0.2170125
2021-07-02 09:00:00,0.217361111
2021-07-02 10:00:00,0.2177125
2021-07-02 11:00:00,0.218047222
2021-07-02 12:00:00,0.21835
2021-07-02 13:00:00,0.218626389
2021-07-02 14:00:00,0.218848611
2021-07-02 15:00:00,0.218986111
2021-07-02 16:00:00,0.219044444
2021-07-02 17:00:00,0.219033333
2021-07-02 18:00:00,0.21895
2021-07-02 19:00:00,0.218809722
2021-07-02 20:00:00,0.218629167
2021-07-02 21:00:00,0.218423611
2021-07-02 22:00:00,0.218194444
2021-07-02 23:00:00,0.217973611
2021-07-03 00:00:00,0.217769444
2021-07-03 01:00:00,0.217606944
2021-07-03 02:00:00,0.217477778
2021-07-03 03:00:00,0.217409722
2021-07-03 04:00:00,0.217405556
2021-07-03 05:00:00,0.217459722
2021-07-03 06:00:00,0.217565278
2021-07-03 07:00:00,0.217725
2021-07-03 08:00:00,0.217954167
2021-07-03 09:00:00,0.218190278
2021-07-03 10:00:00,0.218415278
2021-07-03 11:00:00,0.218636111
2021-07-03 12:00:00,0.218854167
2021-07-03 13:00:00,0.219002778
2021-07-03 14:00:00,0.2191
2021-07-03 15:00:00,0.219118056
2021-07-03 16:00:00,0.219065278
2021-07-03 17:00:00,0.218975
2021-07-03 18:00:00,0.218808333
2021-07-03 19:00:00,0.218556944
2021-07-03 20:00:00,0.218284722
2021-07-03 21:00:00,0.2179625
2021-07-03 22:00:00,0.217640278
2021-07-03 23:00:00,0.217326389
2021-07-04 00:00:00,0.216975
2021-07-04 01:00:00,0.21665
2021-07-04 02:00:00,0.216295833
2021-07-04 03:00:00,0.216038889
2021-07-04 04:00:00,0.215856944
2021-07-04 05:00:00,0.215743056
2021-07-04 06:00:00,0.215675
2021-07-04 07:00:00,0.215647222
2021-07-04 08:00:00,0.215680556
2021-07-04 09:00:00,0.215695833
2021-07-04 10:00:00,0.215733333
2021-07-04 11:00:00,0.215731944
2021-07-04 12:00:00,0.215716667
2021-07-04 13:00:00,0.215566667
2021-07-04 14:00:00,0.215501389
2021-07-04 15:00:00,0.215290278
2021-07-04 16:00:00,0.214927778
2021-07-04 17:00:00,0.214498611
2021-07-04 18:00:00,0.214091667
2021-07-04 19:00:00,0.213495833
2021-07-04 20:00:00,0.212825
2021-07-04 21:00:00,0.212254167
2021-07-04 22:00:00,0.211638889
2021-07-04 23:00:00,0.210925
2021-07-05 00:00:00,0.210276389
2021-07-05 01:00:00,0.20965
2021-07-05 02:00:00,0.208976389
2021-07-05 03:00:00,0.208445833
2021-07-05 04:00:00,0.208036111
2021-07-05 05:00:00,0.207681944
2021-07-05 06:00:00,0.207406944
2021-07-05 07:00:00,0.207245833
2021-07-05 08:00:00,0.207140278
2021-07-05 09:00:00,0.207065278
2021-07-05 10:00:00,0.207058333
2021-07-05 11:00:00,0.207095833
2021-07-05 12:00:00,0.207154167
2021-07-05 13:00:00,0.207226389
2021-07-05 14:00:00,0.207294444
2021-07-05 15:00:00,0.207390278
2021-07-05 16:00:00,0.207515278
2021-07-05 17:00:00,0.207572222
2021-07-05 18:00:00,0.207652778
2021-07-05 19:00:00,0.207715278
2021-07-05 20:00:00,0.207763889
2021-07-05 21:00:00,0.207730556
2021-07-05 22:00:00,0.207643056
2021-07-05 23:00:00,0.207565278
2021-07-06 00:00:00,0.207441667
2021-07-06 01:00:00,0.207351389
2021-07-06 02:00:00,0.207155556
2021-07-06 03:00:00,0.206926389
2021-07-06 04:00:00,0.206730556
2021-07-06 05:00:00,0.206540278
2021-07-06 06:00:00,0.206415278
2021-07-06 07:00:00,0.206361111
2021-07-06 08:00:00,0.206359722
2021-07-06 09:00:00,0.206352778
2021-07-06 10:00:00,0.206398611
2021-07-06 11:00:00,0.206502778
2021-07-06 12:00:00,0.206594444
2021-07-06 13:00:00,0.206705556
2021-07-06 14:00:00,0.206856944
2021-07-06 15:00:00,0.207023611
2021-07-06 16:00:00,0.207255556
2021-07-06 17:00:00,0.207416667
2021-07-06 18:00:00,0.207601389
2021-07-06 19:00:00,0.207770833
2021-07-06 20:00:00,0.207906944
2021-07-06 21:00:00,0.208027778
2021-07-06 22:00:00,0.208125
2021-07-06 23:00:00,0.208176389
2021-07-07 00:00:00,0.208181944
2021-07-07 01:00:00,0.208184722
2021-07-07 02:00:00,0.208109722
2021-07-07 03:00:00,0.207973611
2021-07-07 04:00:00,0.207844444
2021-07-07 05:00:00,0.207668056
2021-07-07 06:00:00,0.207511111
2021-07-07 07:00:00,0.207288889
2021-07-07 08:00:00,0.207075
2021-07-07 09:00:00,0.206908333
2021-07-07 10:00:00,0.206829167
2021-07-07 11:00:00,0.2067375
2021-07-07 12:00:00,0.206644444
2021-07-07 13:00:00,0.206551389
2021-07-07 14:00:00,0.206480556
2021-07-07 15:00:00,0.206459722
2021-07-07 16:00:00,0.206495833
2021-07-07 17:00:00,0.206523611
2021-07-07 18:00:00,0.206575
2021-07-07 19:00:00,0.206631944
2021-07-07 20:00:00,0.206676389
2021-07-07 21:00:00,0.2067125
2021-07-07 22:00:00,0.206741667
2021-07-07 23:00:00,0.206723611
2021-07-08 00:00:00,0.206666667
2021-07-08 01:00:00,0.206626389
2021-07-08 02:00:00,0.206533333
2021-07-08 03:00:00,0.206461111
2021-07-08 04:00:00,0.206322222
2021-07-08 05:00:00,0.206141667
2021-07-08 06:00:00,0.205970833
2021-07-08 07:00:00,0.205766667
2021-07-08 08:00:00,0.205579167
2021-07-08 09:00:00,0.205380556
2021-07-08 10:00:00,0.205186111
2021-07-08 11:00:00,0.205013889
2021-07-08 12:00:00,0.204852778
2021-07-08 13:00:00,0.204719444
2021-07-08 14:00:00,0.204577778
2021-07-08 15:00:00,0.204447222
2021-07-08 16:00:00,0.204356944
2021-07-08 17:00:00,0.204309722
2021-07-08 18:00:00,0.204288889
2021-07-08 19:00:00,0.204281944
2021-07-08 20:00:00,0.2042625
2021-07-08 21:00:00,0.204230556
2021-07-08 22:00:00,0.204216667
2021-07-08 23:00:00,0.204195833
2021-07-09 00:00:00,0.204154167
2021-07-09 01:00:00,0.204104167
2021-07-09 02:00:00,0.204031944
2021-07-09 03:00:00,0.203958333
2021-07-09 04:00:00,0.20385
2021-07-09 05:00:00,0.2037
2021-07-09 06:00:00,0.203508333
2021-07-09 07:00:00,0.203305556
2021-07-09 08:00:00,0.203101389
2021-07-09 09:00:00,0.202884722
2021-07-09 10:00:00,0.202652778
2021-07-09 11:00:00,0.202411111
2021-07-09 12:00:00,0.202179167
2021-07-09 13:00:00,0.201941667
2021-07-09 14:00:00,0.201718056
2021-07-09 15:00:00,0.201523611
2021-07-09 16:00:00,0.201329167
2021-07-09 17:00:00,0.201170833
2021-07-09 18:00:00,0.201073611
2021-07-09 19:00:00,0.201052778
2021-07-09 20:00:00,0.201081944
2021-07-09 21:00:00,0.201023611
2021-07-09 22:00:00,0.201068056
2021-07-09 23:00:00,0.201131944
2021-07-10 00:00:00,0.201198611
2021-07-10 01:00:00,0.2012625
2021-07-10 02:00:00,0.201341667
2021-07-10 03:00:00,0.201405556
2021-07-10 04:00:00,0.201431944
2021-07-10 05:00:00,0.201494444
2021-07-10 06:00:00,0.201498611
2021-07-10 07:00:00,0.201513889
2021-07-10 08:00:00,0.2014875
2021-07-10 09:00:00,0.2013875
2021-07-10 10:00:00,0.201295833
2021-07-10 11:00:00,0.201163889
2021-07-10 12:00:00,0.200988889
2021-07-10 13:00:00,0.200820833
2021-07-10 14:00:00,0.200623611
2021-07-10 15:00:00,0.200416667
2021-07-10 16:00:00,0.200219444
2021-07-10 17:00:00,0.200036111
2021-07-10 18:00:00,0.199863889
2021-07-10 19:00:00,0.1997375
2021-07-10 20:00:00,0.199663889
2021-07-10 21:00:00,0.199604167
2021-07-10 22:00:00,0.199558333
2021-07-10 23:00:00,0.199526389
2021-07-11 00:00:00,0.1995125
2021-07-11 01:00:00,0.199518056
2021-07-11 02:00:00,0.1995375
2021-07-11 03:00:00,0.199554167
2021-07-11 04:00:00,0.199566667
2021-07-11 05:00:00,0.199605556
2021-07-11 06:00:00,0.199613889
2021-07-11 07:00:00,0.199608333
2021-07-11 08:00:00,0.199602778
2021-07-11 09:00:00,0.199572222
2021-07-11 10:00:00,0.199498611
2021-07-11 11:00:00,0.199426389
2021-07-11 12:00:00,0.199311111
2021-07-11 13:00:00,0.19915
2021-07-11 14:00:00,0.198993056
2021-07-11 15:00:00,0.198811111
2021-07-11 16:00:00,0.198608333
2021-07-11 17:00:00,0.1983875
2021-07-11 18:00:00,0.198154167
2021-07-11 19:00:00,0.197952778
2021-07-11 20:00:00,0.197772222
2021-07-11 21:00:00,0.197606944
2021-07-11 22:00:00,0.197484722
2021-07-11 23:00:00,0.197345833
2021-07-12 00:00:00,0.197231944
2021-07-12 01:00:00,0.197151389
2021-07-12 02:00:00,0.197090278
2021-07-12 03:00:00,0.197034722
2021-07-12 04:00:00,0.197
2021-07-12 05:00:00,0.196972222
2021-07-12 06:00:00,0.196972222
2021-07-12 07:00:00,0.196976389
2021-07-12 08:00:00,0.196958333
2021-07-12 09:00:00,0.196936111
2021-07-12 10:00:00,0.196888889
2021-07-12 11:00:00,0.196784722
2021-07-12 12:00:00,0.196659722
2021-07-12 13:00:00,0.196501389
2021-07-12 14:00:00,0.196309722
2021-07-12 15:00:00,0.196076389
2021-07-12 16:00:00,0.195801389
2021-07-12 17:00:00,0.195526389
2021-07-12 18:00:00,0.195245833
2021-07-12 19:00:00,0.194955556
2021-07-12 20:00:00,0.194663889
2021-07-12 21:00:00,0.194366667
2021-07-12 22:00:00,0.194102778
2021-07-12 23:00:00,0.193875
2021-07-13 00:00:00,0.193702778
2021-07-13 01:00:00,0.193593056
2021-07-13 02:00:00,0.193525
2021-07-13 03:00:00,0.1934375
2021-07-13 04:00:00,0.193363889
2021-07-13 05:00:00,0.193341667
2021-07-13 06:00:00,0.193345833
2021-07-13 07:00:00,0.193391667
2021-07-13 08:00:00,0.193475
2021-07-13 09:00:00,0.193572222
2021-07-13 10:00:00,0.193641667
2021-07-13 11:00:00,0.193704167
2021-07-13 12:00:00,0.1937125
2021-07-13 13:00:00,0.193634722
2021-07-13 14:00:00,0.193513889
2021-07-13 15:00:00,0.193343056
2021-07-13 16:00:00,0.193098611
2021-07-13 17:00:00,0.192804167
2021-07-13 18:00:00,0.192481944
2021-07-13 19:00:00,0.192136111
2021-07-13 20:00:00,0.191777778
2021-07-13 21:00:00,0.191398611
2021-07-13 22:00:00,0.191036111
2021-07-13 23:00:00,0.1907375
2021-07-14 00:00:00,0.190468056
2021-07-14 01:00:00,0.190211111
2021-07-14 02:00:00,0.189993056
2021-07-14 03:00:00,0.189805556
2021-07-14 04:00:00,0.189665278
2021-07-14 05:00:00,0.189575
2021-07-14 06:00:00,0.189554167
2021-07-14 07:00:00,0.189575
2021-07-14 08:00:00,0.189633333
2021-07-14 09:00:00,0.189734722
2021-07-14 10:00:00,0.189831944
2021-07-14 11:00:00,0.189905556
2021-07-14 12:00:00,0.189952778
2021-07-14 13:00:00,0.189973611
2021-07-14 14:00:00,0.189923611
2021-07-14 15:00:00,0.189795833
2021-07-14 16:00:00,0.1896125
2021-07-14 17:00:00,0.189408333
2021-07-14 18:00:00,0.18915
2021-07-14 19:00:00,0.188855556
2021-07-14 20:00:00,0.188552778
2021-07-14 21:00:00,0.188247222
2021-07-14 22:00:00,0.187963889
2021-07-14 23:00:00,0.187693056
2021-07-15 00:00:00,0.187452778
2021-07-15 01:00:00,0.1872625
2021-07-15 02:00:00,0.1871375
2021-07-15 03:00:00,0.187086111
2021-07-15 04:00:00,0.187041667
2021-07-15 05:00:00,0.187051389
2021-07-15 06:00:00,0.187068056
2021-07-15 07:00:00,0.187147222
2021-07-15 08:00:00,0.187265278
2021-07-15 09:00:00,0.187359722
2021-07-15 10:00:00,0.187452778
2021-07-15 11:00:00,0.187558333
2021-07-15 12:00:00,0.187622222
2021-07-15 13:00:00,0.187640278
2021-07-15 14:00:00,0.187619444
2021-07-15 15:00:00,0.187525
2021-07-15 16:00:00,0.187375
2021-07-15 17:00:00,0.187168056
2021-07-15 18:00:00,0.186906944
2021-07-15 19:00:00,0.186620833
2021-07-15 20:00:00,0.186326389
2021-07-15 21:00:00,0.186005556
2021-07-15 22:00:00,0.185691667
2021-07-15 23:00:00,0.185404167
2021-07-16 00:00:00,0.185086111
2021-07-16 01:00:00,0.184851389
2021-07-16 02:00:00,0.184684722
2021-07-16 03:00:00,0.184579167
2021-07-16 04:00:00,0.1845125
2021-07-16 05:00:00,0.184520833
2021-07-16 06:00:00,0.18455
2021-07-16 07:00:00,0.184593056
2021-07-16 08:00:00,0.184713889
2021-07-16 09:00:00,0.184829167
2021-07-16 10:00:00,0.184922222
2021-07-16 11:00:00,0.185008333
2021-07-16 12:00:00,0.185077778
2021-07-16 13:00:00,0.185143056
2021-07-16 14:00:00,0.185152778
2021-07-16 15:00:00,0.185158333
2021-07-16 16:00:00,0.185095833
2021-07-16 17:00:00,0.184993056
2021-07-16 18:00:00,0.1848625
2021-07-16 19:00:00,0.184690278
2021-07-16 20:00:00,0.184480556
2021-07-16 21:00:00,0.184254167
2021-07-16 22:00:00,0.184019444
2021-07-16 23:00:00,0.183752778
2021-07-17 00:00:00,0.183490278
2021-07-17 01:00:00,0.1832625
2021-07-17 02:00:00,0.183102778
2021-07-17 03:00:00,0.182966667
2021-07-17 04:00:00,0.183019444
2021-07-17 05:00:00,0.182965278
2021-07-17 06:00:00,0.182838889
2021-07-17 07:00:00,0.182845833
2021-07-17 08:00:00,0.182890278
2021-07-17 09:00:00,0.1829375
2021-07-17 10:00:00,0.182984722
2021-07-17 11:00:00,0.183055556
2021-07-17 12:00:00,0.183130556
2021-07-17 13:00:00,0.183197222
2021-07-17 14:00:00,0.183251389
2021-07-17 15:00:00,0.183284722
2021-07-17 16:00:00,0.183284722
2021-07-17 17:00:00,0.183256944
2021-07-17 18:00:00,0.183206944
2021-07-17 19:00:00,0.183111111
2021-07-17 20:00:00,0.183019444
2021-07-17 21:00:00,0.182908333
2021-07-17 22:00:00,0.182756944
2021-07-17 23:00:00,0.182597222
2021-07-18 00:00:00,0.182454167
2021-07-18 01:00:00,0.182361111
2021-07-18 02:00:00,0.182358333
2021-07-18 03:00:00,0.182397222
2021-07-18 04:00:00,0.182493056
2021-07-18 05:00:00,0.182631944
2021-07-18 06:00:00,0.1827625
2021-07-18 07:00:00,0.182929167
2021-07-18 08:00:00,0.183113889
2021-07-18 09:00:00,0.183279167
2021-07-18 10:00:00,0.183459722
2021-07-18 11:00:00,0.183630556
2021-07-18 12:00:00,0.183805556
2021-07-18 13:00:00,0.183969444
2021-07-18 14:00:00,0.184131944
2021-07-18 15:00:00,0.184266667
2021-07-18 16:00:00,0.184375
2021-07-18 17:00:00,0.184459722
2021-07-18 18:00:00,0.184509722
2021-07-18 19:00:00,0.1845625
2021-07-18 20:00:00,0.184558333
2021-07-18 21:00:00,0.184547222
2021-07-18 22:00:00,0.184531944
2021-07-18 23:00:00,0.1844875
2021-07-19 00:00:00,0.184422222
2021-07-19 01:00:00,0.1844125
2021-07-19 02:00:00,0.184344444
2021-07-19 03:00:00,0.1842875
2021-07-19 04:00:00,0.184277778
2021-07-19 05:00:00,0.184277778
2021-07-19 06:00:00,0.184325
2021-07-19 07:00:00,0.184397222
2021-07-19 08:00:00,0.184511111
2021-07-19 09:00:00,0.184619444
2021-07-19 10:00:00,0.184754167
2021-07-19 11:00:00,0.184911111
2021-07-19 12:00:00,0.185076389
2021-07-19 13:00:00,0.185231944
2021-07-19 14:00:00,0.185375
2021-07-19 15:00:00,0.185519444
2021-07-19 16:00:00,0.185638889
2021-07-19 17:00:00,0.1857375
2021-07-19 18:00:00,0.185829167
2021-07-19 19:00:00,0.185898611
2021-07-19 20:00:00,0.185994444
2021-07-19 21:00:00,0.186011111
2021-07-19 22:00:00,0.186034722
2021-07-19 23:00:00,0.186127778
2021-07-20 00:00:00,0.186125
2021-07-20 01:00:00,0.186105556
2021-07-20 02:00:00,0.186068056
2021-07-20 03:00:00,0.186011111
2021-07-20 04:00:00,0.185979167
2021-07-20 05:00:00,0.185970833
2021-07-20 06:00:00,0.185976389
2021-07-20 07:00:00,0.186022222
2021-07-20 08:00:00,0.186105556
2021-07-20 09:00:00,0.186208333
2021-07-20 10:00:00,0.186306944
2021-07-20 11:00:00,0.186413889
2021-07-20 12:00:00,0.186530556
2021-07-20 13:00:00,0.186634722
2021-07-20 14:00:00,0.186741667
2021-07-20 15:00:00,0.186819444
2021-07-20 16:00:00,0.186868056
2021-07-20 17:00:00,0.186888889
2021-07-20 18:00:00,0.186904167
2021-07-20 19:00:00,0.186919444
2021-07-20 20:00:00,0.1869125
2021-07-20 21:00:00,0.186909722
2021-07-20 22:00:00,0.1869125
2021-07-20 23:00:00,0.186897222
2021-07-21 00:00:00,0.186906944
2021-07-21 01:00:00,0.186947222
2021-07-21 02:00:00,0.186963889
2021-07-21 03:00:00,0.186972222
2021-07-21 04:00:00,0.186990278
2021-07-21 05:00:00,0.187015278
2021-07-21 06:00:00,0.187073611
2021-07-21 07:00:00,0.187141667
2021-07-21 08:00:00,0.187218056
2021-07-21 09:00:00,0.187304167
2021-07-21 10:00:00,0.187351389
2021-07-21 11:00:00,0.187384722
2021-07-21 12:00:00,0.187401389
2021-07-21 13:00:00,0.187461111
2021-07-21 14:00:00,0.187541667
2021-07-21 15:00:00,0.187648611
2021-07-21 16:00:00,0.187770833
2021-07-21 17:00:00,0.187873611
2021-07-21 18:00:00,0.187956944
2021-07-21 19:00:00,0.188041667
2021-07-21 20:00:00,0.188131944
2021-07-21 21:00:00,0.188184722
2021-07-21 22:00:00,0.188226389
2021-07-21 23:00:00,0.188251389
2021-07-22 00:00:00,0.188254167
2021-07-22 01:00:00,0.188226389
2021-07-22 02:00:00,0.188197222
2021-07-22 03:00:00,0.188111111
2021-07-22 04:00:00,0.188033333
2021-07-22 05:00:00,0.187976389
2021-07-22 06:00:00,0.187975
2021-07-22 07:00:00,0.187888889
2021-07-22 08:00:00,0.187811111
2021-07-22 09:00:00,0.187758333
2021-07-22 10:00:00,0.187690278
2021-07-22 11:00:00,0.187611111
2021-07-22 12:00:00,0.187552778
2021-07-22 13:00:00,0.187469444
2021-07-22 14:00:00,0.187416667
2021-07-22 15:00:00,0.187373611
2021-07-22 16:00:00,0.187315278
2021-07-22 17:00:00,0.187286111
2021-07-22 18:00:00,0.187247222
2021-07-22 19:00:00,0.187202778
2021-07-22 20:00:00,0.187165278
2021-07-22 21:00:00,0.187116667
2021-07-22 22:00:00,0.187068056
2021-07-22 23:00:00,0.1870125
2021-07-23 00:00:00,0.1869375
2021-07-23 01:00:00,0.186869444
2021-07-23 02:00:00,0.186797222
2021-07-23 03:00:00,0.186729167
2021-07-23 04:00:00,0.186655556
2021-07-23 05:00:00,0.186572222
2021-07-23 06:00:00,0.186486111
2021-07-23 07:00:00,0.186390278
2021-07-23 08:00:00,0.1863
2021-07-23 09:00:00,0.186227778
2021-07-23 10:00:00,0.186140278
2021-07-23 11:00:00,0.1860625
2021-07-23 12:00:00,0.185991667
2021-07-23 13:00:00,0.185934722
2021-07-23 14:00:00,0.185875
2021-07-23 15:00:00,0.185836111
2021-07-23 16:00:00,0.185830556
2021-07-23 17:00:00,0.18585
2021-07-23 18:00:00,0.185901389
2021-07-23 19:00:00,0.185988889
2021-07-23 20:00:00,0.186076389
2021-07-23 21:00:00,0.186161111
2021-07-23 22:00:00,0.1862625
2021-07-23 23:00:00,0.186348611
2021-07-24 00:00:00,0.186429167
2021-07-24 01:00:00,0.186508333
2021-07-24 02:00:00,0.186591667
2021-07-24 03:00:00,0.186670833
2021-07-24 04:00:00,0.186745833
2021-07-24 05:00:00,0.186830556
2021-07-24 06:00:00,0.186893056
2021-07-24 07:00:00,0.186930556
2021-07-24 08:00:00,0.186968056
2021-07-24 09:00:00,0.187002778
2021-07-24 10:00:00,0.187029167
2021-07-24 11:00:00,0.187020833
2021-07-24 12:00:00,0.1870125
2021-07-24 13:00:00,0.186991667
2021-07-24 14:00:00,0.186956944
2021-07-24 15:00:00,0.186926389
2021-07-24 16:00:00,0.186891667
2021-07-24 17:00:00,0.186869444
2021-07-24 18:00:00,0.186872222
2021-07-24 19:00:00,0.186879167
2021-07-24 20:00:00,0.186898611
2021-07-24 21:00:00,0.186919444
2021-07-24 22:00:00,0.186936111
2021-07-24 23:00:00,0.186891667
2021-07-25 00:00:00,0.1869
2021-07-25 01:00:00,0.186936111
2021-07-25 02:00:00,0.186970833
2021-07-25 03:00:00,0.187045833
2021-07-25 04:00:00,0.187127778
2021-07-25 05:00:00,0.187197222
2021-07-25 06:00:00,0.187255556
2021-07-25 07:00:00,0.187322222
2021-07-25 08:00:00,0.187390278
2021-07-25 09:00:00,0.18745
2021-07-25 10:00:00,0.187484722
2021-07-25 11:00:00,0.187523611
2021-07-25 12:00:00,0.187556944
2021-07-25 13:00:00,0.187576389
2021-07-25 14:00:00,0.187594444
2021-07-25 15:00:00,0.1876
2021-07-25 16:00:00,0.187623611
2021-07-25 17:00:00,0.187677778
2021-07-25 18:00:00,0.187727778
2021-07-25 19:00:00,0.187819444
2021-07-25 20:00:00,0.187916667
2021-07-25 21:00:00,0.188016667
2021-07-25 22:00:00,0.188127778
2021-07-25 23:00:00,0.188252778
2021-07-26 00:00:00,0.188397222
2021-07-26 01:00:00,0.188556944
2021-07-26 02:00:00,0.188719444
2021-07-26 03:00:00,0.188893056
2021-07-26 04:00:00,0.189059722
2021-07-26 05:00:00,0.18925
2021-07-26 06:00:00,0.189419444
2021-07-26 07:00:00,0.189569444
2021-07-26 08:00:00,0.189729167
2021-07-26 09:00:00,0.189856944
2021-07-26 10:00:00,0.189959722
2021-07-26 11:00:00,0.190047222
2021-07-26 12:00:00,0.190106944
2021-07-26 13:00:00,0.190138889
2021-07-26 14:00:00,0.190145833
2021-07-26 15:00:00,0.190122222
2021-07-26 16:00:00,0.190094444
2021-07-26 17:00:00,0.190069444
2021-07-26 18:00:00,0.190043056
2021-07-26 19:00:00,0.190051389
2021-07-26 20:00:00,0.190047222
2021-07-26 21:00:00,0.190065278
2021-07-26 22:00:00,0.190104167
2021-07-26 23:00:00,0.190159722
2021-07-27 00:00:00,0.190251389
2021-07-27 01:00:00,0.190331944
2021-07-27 02:00:00,0.190416667
2021-07-27 03:00:00,0.190545833
2021-07-27 04:00:00,0.190706944
2021-07-27 05:00:00,0.190941667
2021-07-27 06:00:00,0.191020833
2021-07-27 07:00:00,0.191156944
2021-07-27 08:00:00,0.1913125
2021-07-27 09:00:00,0.191384722
2021-07-27 10:00:00,0.191494444
2021-07-27 11:00:00,0.19155
2021-07-27 12:00:00,0.191611111
2021-07-27 13:00:00,0.1916625
2021-07-27 14:00:00,0.191651389
2021-07-27 15:00:00,0.191598611
2021-07-27 16:00:00,0.191541667
2021-07-27 17:00:00,0.191481944
2021-07-27 18:00:00,0.191433333
2021-07-27 19:00:00,0.191408333
2021-07-27 20:00:00,0.191352778
2021-07-27 21:00:00,0.191325
2021-07-27 22:00:00,0.191343056
2021-07-27 23:00:00,0.191354167
2021-07-28 00:00:00,0.191351389
2021-07-28 01:00:00,0.191454167
2021-07-28 02:00:00,0.191495833
2021-07-28 03:00:00,0.191598611
2021-07-28 04:00:00,0.191729167
2021-07-28 05:00:00,0.191895833
2021-07-28 06:00:00,0.192158333
2021-07-28 07:00:00,0.192401389
2021-07-28 08:00:00,0.192641667
2021-07-28 09:00:00,0.192829167
2021-07-28 10:00:00,0.193
2021-07-28 11:00:00,0.193136111
2021-07-28 12:00:00,0.193204167
2021-07-28 13:00:00,0.193231944
2021-07-28 14:00:00,0.193183333
2021-07-28 15:00:00,0.193063889
2021-07-28 16:00:00,0.192941667
2021-07-28 17:00:00,0.192795833
2021-07-28 18:00:00,0.192630556
2021-07-28 19:00:00,0.192425
2021-07-28 20:00:00,0.192234722
2021-07-28 21:00:00,0.192081944
2021-07-28 22:00:00,0.1919125
2021-07-28 23:00:00,0.191780556
2021-07-29 00:00:00,0.191688889
2021-07-29 01:00:00,0.191638889
2021-07-29 02:00:00,0.191627778
2021-07-29 03:00:00,0.191676389
2021-07-29 04:00:00,0.191772222
2021-07-29 05:00:00,0.191905556
2021-07-29 06:00:00,0.192109722
2021-07-29 07:00:00,0.19235
2021-07-29 08:00:00,0.192627778
2021-07-29 09:00:00,0.192904167
2021-07-29 10:00:00,0.193179167
2021-07-29 11:00:00,0.193418056
2021-07-29 12:00:00,0.193568056
2021-07-29 13:00:00,0.1936875
2021-07-29 14:00:00,0.193711111
2021-07-29 15:00:00,0.193641667
2021-07-29 16:00:00,0.193536111
2021-07-29 17:00:00,0.193373611
2021-07-29 18:00:00,0.193166667
2021-07-29 19:00:00,0.192963889
2021-07-29 20:00:00,0.192759722
2021-07-29 21:00:00,0.192566667
2021-07-29 22:00:00,0.192434722
2021-07-29 23:00:00,0.1923625
2021-07-30 00:00:00,0.192340278
2021-07-30 01:00:00,0.192355556
2021-07-30 02:00:00,0.192416667
2021-07-30 03:00:00,0.192526389
2021-07-30 04:00:00,0.192686111
2021-07-30 05:00:00,0.192894444
2021-07-30 06:00:00,0.193158333
2021-07-30 07:00:00,0.1934625
2021-07-30 08:00:00,0.193777778
2021-07-30 09:00:00,0.194105556
2021-07-30 10:00:00,0.1943875
2021-07-30 11:00:00,0.194655556
2021-07-30 12:00:00,0.194883333
2021-07-30 13:00:00,0.195018056
2021-07-30 14:00:00,0.1951
2021-07-30 15:00:00,0.195119444
2021-07-30 16:00:00,0.195059722
2021-07-30 17:00:00,0.194923611
2021-07-30 18:00:00,0.194745833
2021-07-30 19:00:00,0.194522222
2021-07-30 20:00:00,0.194298611
2021-07-30 21:00:00,0.194069444
2021-07-30 22:00:00,0.193847222
2021-07-30 23:00:00,0.1936875
2021-07-31 00:00:00,0.193619444
2021-07-31 01:00:00,0.1935875
2021-07-31 02:00:00,0.193644444
2021-07-31 03:00:00,0.193744444
2021-07-31 04:00:00,0.193930556
2021-07-31 05:00:00,0.194165278
2021-07-31 06:00:00,0.194504167
2021-07-31 07:00:00,0.194836111
2021-07-31 08:00:00,0.195240278
2021-07-31 09:00:00,0.195661111
2021-07-31 10:00:00,0.196025
2021-07-31 11:00:00,0.196369444
2021-07-31 12:00:00,0.196677778
2021-07-31 13:00:00,0.196931944
2021-07-31 14:00:00,0.197130556
2021-07-31 15:00:00,0.197244444
2021-07-31 16:00:00,0.197291667
2021-07-31 17:00:00,0.197280556
2021-07-31 18:00:00,0.197251389
2021-07-31 19:00:00,0.197154167
2021-07-31 20:00:00,0.1970875
2021-07-31 21:00:00,0.196983333
2021-07-31 22:00:00,0.196895833
2021-07-31 23:00:00,0.196809722
2022-07-01 00:00:00,0.1808375
2022-07-01 01:00:00,0.180961111
2022-07-01 02:00:00,0.181104167
2022-07-01 03:00:00,0.181240278
2022-07-01 04:00:00,0.181361111
2022-07-01 05:00:00,0.181483333
2022-07-01 06:00:00,0.181595833
2022-07-01 07:00:00,0.181677778
2022-07-01 08:00:00,0.181713889
2022-07-01 09:00:00,0.181729167
2022-07-01 10:00:00,0.181736111
2022-07-01 11:00:00,0.181698611
2022-07-01 12:00:00,0.1816375
2022-07-01 13:00:00,0.18155
2022-07-01 14:00:00,0.181443056
2022-07-01 15:00:00,0.181331944
2022-07-01 16:00:00,0.181227778
2022-07-01 17:00:00,0.181109722
2022-07-01 18:00:00,0.180993056
2022-07-01 19:00:00,0.180893056
2022-07-01 20:00:00,0.180818056
2022-07-01 21:00:00,0.180781944
2022-07-01 22:00:00,0.180798611
2022-07-01 23:00:00,0.180818056
2022-07-02 00:00:00,0.180858333
2022-07-02 01:00:00,0.180940278
2022-07-02 02:00:00,0.181041667
2022-07-02 03:00:00,0.181163889
2022-07-02 04:00:00,0.181298611
2022-07-02 05:00:00,0.18145
2022-07-02 06:00:00,0.181579167
2022-07-02 07:00:00,0.181801389
2022-07-02 08:00:00,0.181970833
2022-07-02 09:00:00,0.182129167
2022-07-02 10:00:00,0.182333333
2022-07-02 11:00:00,0.182483333
2022-07-02 12:00:00,0.182588889
2022-07-02 13:00:00,0.182708333
2022-07-02 14:00:00,0.182791667
2022-07-02 15:00:00,0.1828125
2022-07-02 16:00:00,0.182827778
2022-07-02 17:00:00,0.182813889
2022-07-02 18:00:00,0.182777778
2022-07-02 19:00:00,0.182738889
2022-07-02 20:00:00,0.182709722
2022-07-02 21:00:00,0.182686111
2022-07-02 22:00:00,0.182706944
2022-07-02 23:00:00,0.182773611
2022-07-03 00:00:00,0.182868056
2022-07-03 01:00:00,0.182983333
2022-07-03 02:00:00,0.183148611
2022-07-03 03:00:00,0.183347222
2022-07-03 04:00:00,0.183551389
2022-07-03 05:00:00,0.183809722
2022-07-03 06:00:00,0.184109722
2022-07-03 07:00:00,0.184430556
2022-07-03 08:00:00,0.1847625
2022-07-03 09:00:00,0.185098611
2022-07-03 10:00:00,0.1854125
2022-07-03 11:00:00,0.185695833
2022-07-03 12:00:00,0.185948611
2022-07-03 13:00:00,0.186163889
2022-07-03 14:00:00,0.186298611
2022-07-03 15:00:00,0.186368056
2022-07-03 16:00:00,0.186381944
2022-07-03 17:00:00,0.186334722
2022-07-03 18:00:00,0.186236111
2022-07-03 19:00:00,0.186125
2022-07-03 20:00:00,0.185981944
2022-07-03 21:00:00,0.185845833
2022-07-03 22:00:00,0.1857125
2022-07-03 23:00:00,0.185616667
2022-07-04 00:00:00,0.1855625
2022-07-04 01:00:00,0.185545833
2022-07-04 02:00:00,0.185570833
2022-07-04 03:00:00,0.185645833
2022-07-04 04:00:00,0.185772222
2022-07-04 05:00:00,0.185947222
2022-07-04 06:00:00,0.186188889
2022-07-04 07:00:00,0.186448611
2022-07-04 08:00:00,0.186738889
2022-07-04 09:00:00,0.187070833
2022-07-04 10:00:00,0.187409722
2022-07-04 11:00:00,0.187730556
2022-07-04 12:00:00,0.188008333
2022-07-04 13:00:00,0.188241667
2022-07-04 14:00:00,0.188411111
2022-07-04 15:00:00,0.188534722
2022-07-04 16:00:00,0.188581944
2022-07-04 17:00:00,0.1885375
2022-07-04 18:00:00,0.188438889
2022-07-04 19:00:00,0.188280556
2022-07-04 20:00:00,0.188083333
2022-07-04 21:00:00,0.187827778
2022-07-04 22:00:00,0.187568056
2022-07-04 23:00:00,0.187336111
2022-07-05 00:00:00,0.1871375
2022-07-05 01:00:00,0.187
2022-07-05 02:00:00,0.1869125
2022-07-05 03:00:00,0.186891667
2022-07-05 04:00:00,0.186919444
2022-07-05 05:00:00,0.187013889
2022-07-05 06:00:00,0.187179167
2022-07-05 07:00:00,0.187394444
2022-07-05 08:00:00,0.187652778
2022-07-05 09:00:00,0.1879375
2022-07-05 10:00:00,0.188206944
2022-07-05 11:00:00,0.188436111
2022-07-05 12:00:00,0.188640278
2022-07-05 13:00:00,0.188790278
2022-07-05 14:00:00,0.188869444
2022-07-05 15:00:00,0.188851389
2022-07-05 16:00:00,0.188777778
2022-07-05 17:00:00,0.188591667
2022-07-05 18:00:00,0.188363889
2022-07-05 19:00:00,0.188077778
2022-07-05 20:00:00,0.1877375
2022-07-05 21:00:00,0.187395833
2022-07-05 22:00:00,0.187034722
2022-07-05 23:00:00,0.186727778
2022-07-06 00:00:00,0.186470833
2022-07-06 01:00:00,0.186273611
2022-07-06 02:00:00,0.186130556
2022-07-06 03:00:00,0.18605
2022-07-06 04:00:00,0.186041667
2022-07-06 05:00:00,0.186108333
2022-07-06 06:00:00,0.186216667
2022-07-06 07:00:00,0.186398611
2022-07-06 08:00:00,0.186618056
2022-07-06 09:00:00,0.186834722
2022-07-06 10:00:00,0.187068056
2022-07-06 11:00:00,0.187268056
2022-07-06 12:00:00,0.187458333
2022-07-06 13:00:00,0.187619444
2022-07-06 14:00:00,0.187718056
2022-07-06 15:00:00,0.1877625
2022-07-06 16:00:00,0.187765278
2022-07-06 17:00:00,0.187705556
2022-07-06 18:00:00,0.187626389
2022-07-06 19:00:00,0.187488889
2022-07-06 20:00:00,0.187319444
2022-07-06 21:00:00,0.187101389
2022-07-06 22:00:00,0.186875
2022-07-06 23:00:00,0.186675
2022-07-07 00:00:00,0.1864625
2022-07-07 01:00:00,0.186261111
2022-07-07 02:00:00,0.186127778
2022-07-07 03:00:00,0.186054167
2022-07-07 04:00:00,0.186044444
2022-07-07 05:00:00,0.186104167
2022-07-07 06:00:00,0.186194444
2022-07-07 07:00:00,0.186334722
2022-07-07 08:00:00,0.186540278
2022-07-07 09:00:00,0.186776389
2022-07-07 10:00:00,0.187011111
2022-07-07 11:00:00,0.187252778
2022-07-07 12:00:00,0.187473611
2022-07-07 13:00:00,0.187683333
2022-07-07 14:00:00,0.187927778
2022-07-07 15:00:00,0.188166667
2022-07-07 16:00:00,0.188359722
2022-07-07 17:00:00,0.188519444
2022-07-07 18:00:00,0.188670833
2022-07-07 19:00:00,0.188731944
2022-07-07 20:00:00,0.188781944
2022-07-07 21:00:00,0.188815278
2022-07-07 22:00:00,0.188777778
2022-07-07 23:00:00,0.1887125
2022-07-08 00:00:00,0.188633333
2022-07-08 01:00:00,0.188534722
2022-07-08 02:00:00,0.188411111
2022-07-08 03:00:00,0.188293056
2022-07-08 04:00:00,0.188230556
2022-07-08 05:00:00,0.188181944
2022-07-08 06:00:00,0.188168056
2022-07-08 07:00:00,0.1882
2022-07-08 08:00:00,0.188276389
2022-07-08 09:00:00,0.188365278
2022-07-08 10:00:00,0.188481944
2022-07-08 11:00:00,0.188602778
2022-07-08 12:00:00,0.188730556
2022-07-08 13:00:00,0.188876389
2022-07-08 14:00:00,0.189033333
2022-07-08 15:00:00,0.189158333
2022-07-08 16:00:00,0.189256944
2022-07-08 17:00:00,0.189348611
2022-07-08 18:00:00,0.189447222
2022-07-08 19:00:00,0.1895375
2022-07-08 20:00:00,0.189602778
2022-07-08 21:00:00,0.189648611
2022-07-08 22:00:00,0.189669444
2022-07-08 23:00:00,0.189666667
2022-07-09 00:00:00,0.189615278
2022-07-09 01:00:00,0.189543056
2022-07-09 02:00:00,0.189458333
2022-07-09 03:00:00,0.189379167
2022-07-09 04:00:00,0.189290278
2022-07-09 05:00:00,0.189186111
2022-07-09 06:00:00,0.189125
2022-07-09 07:00:00,0.189073611
2022-07-09 08:00:00,0.1890625
2022-07-09 09:00:00,0.189054167
2022-07-09 10:00:00,0.189081944
2022-07-09 11:00:00,0.189113889
2022-07-09 12:00:00,0.189143056
2022-07-09 13:00:00,0.1892
2022-07-09 14:00:00,0.189247222
2022-07-09 15:00:00,0.189293056
2022-07-09 16:00:00,0.189351389
2022-07-09 17:00:00,0.189393056
2022-07-09 18:00:00,0.189441667
2022-07-09 19:00:00,0.189475
2022-07-09 20:00:00,0.1895125
2022-07-09 21:00:00,0.189548611
2022-07-09 22:00:00,0.189525
2022-07-09 23:00:00,0.1896
2022-07-10 00:00:00,0.189615278
2022-07-10 01:00:00,0.1896375
2022-07-10 02:00:00,0.189677778
2022-07-10 03:00:00,0.189690278
2022-07-10 04:00:00,0.189706944
2022-07-10 05:00:00,0.18975
2022-07-10 06:00:00,0.189780556
2022-07-10 07:00:00,0.189840278
2022-07-10 08:00:00,0.189894444
2022-07-10 09:00:00,0.1899375
2022-07-10 10:00:00,0.189991667
2022-07-10 11:00:00,0.190091667
2022-07-10 12:00:00,0.190194444
2022-07-10 13:00:00,0.190263889
2022-07-10 14:00:00,0.190354167
2022-07-10 15:00:00,0.190463889
2022-07-10 16:00:00,0.190594444
2022-07-10 17:00:00,0.190625
2022-07-10 18:00:00,0.19075
2022-07-10 19:00:00,0.190854167
2022-07-10 20:00:00,0.190952778
2022-07-10 21:00:00,0.191020833
2022-07-10 22:00:00,0.191106944
2022-07-10 23:00:00,0.191175
2022-07-11 00:00:00,0.191288889
2022-07-11 01:00:00,0.19135
2022-07-11 02:00:00,0.191358333
2022-07-11 03:00:00,0.191370833
2022-07-11 04:00:00,0.191394444
2022-07-11 05:00:00,0.191359722
2022-07-11 06:00:00,0.191319444
2022-07-11 07:00:00,0.191333333
2022-07-11 08:00:00,0.1913125
2022-07-11 09:00:00,0.1912875
2022-07-11 10:00:00,0.191315278
2022-07-11 11:00:00,0.191311111
2022-07-11 12:00:00,0.191313889
2022-07-11 13:00:00,0.191345833
2022-07-11 14:00:00,0.191393056
2022-07-11 15:00:00,0.191413889
2022-07-11 16:00:00,0.191441667
2022-07-11 17:00:00,0.191529167
2022-07-11 18:00:00,0.191616667
2022-07-11 19:00:00,0.191686111
2022-07-11 20:00:00,0.191790278
2022-07-11 21:00:00,0.191906944
2022-07-11 22:00:00,0.192023611
2022-07-11 23:00:00,0.192161111
2022-07-12 00:00:00,0.1922875
2022-07-12 01:00:00,0.192402778
2022-07-12 02:00:00,0.192533333
2022-07-12 03:00:00,0.192636111
2022-07-12 04:00:00,0.192741667
2022-07-12 05:00:00,0.192861111
2022-07-12 06:00:00,0.192966667
2022-07-12 07:00:00,0.193068056
2022-07-12 08:00:00,0.193179167
2022-07-12 09:00:00,0.193302778
2022-07-12 10:00:00,0.193418056
2022-07-12 11:00:00,0.193519444
2022-07-12 12:00:00,0.193625
2022-07-12 13:00:00,0.19375
2022-07-12 14:00:00,0.193869444
2022-07-12 15:00:00,0.194004167
2022-07-12 16:00:00,0.194151389
2022-07-12 17:00:00,0.1943125
2022-07-12 18:00:00,0.194495833
2022-07-12 19:00:00,0.194691667
2022-07-12 20:00:00,0.194884722
2022-07-12 21:00:00,0.195070833
2022-07-12 22:00:00,0.195258333
2022-07-12 23:00:00,0.195473611
2022-07-13 00:00:00,0.195698611
2022-07-13 01:00:00,0.195915278
2022-07-13 02:00:00,0.196140278
2022-07-13 03:00:00,0.196369444
2022-07-13 04:00:00,0.196541667
2022-07-13 05:00:00,0.196715278
2022-07-13 06:00:00,0.196891667
2022-07-13 07:00:00,0.197055556
2022-07-13 08:00:00,0.197234722
2022-07-13 09:00:00,0.197398611
2022-07-13 10:00:00,0.197529167
2022-07-13 11:00:00,0.197666667
2022-07-13 12:00:00,0.197798611
2022-07-13 13:00:00,0.197929167
2022-07-13 14:00:00,0.198026389
2022-07-13 15:00:00,0.198125
2022-07-13 16:00:00,0.198219444
2022-07-13 17:00:00,0.198311111
2022-07-13 18:00:00,0.198408333
2022-07-13 19:00:00,0.198488889
2022-07-13 20:00:00,0.198594444
2022-07-13 21:00:00,0.198688889
2022-07-13 22:00:00,0.198788889
2022-07-13 23:00:00,0.198906944
2022-07-14 00:00:00,0.198941667
2022-07-14 01:00:00,0.199076389
2022-07-14 02:00:00,0.199175
2022-07-14 03:00:00,0.199266667
2022-07-14 04:00:00,0.199356944
2022-07-14 05:00:00,0.199451389
2022-07-14 06:00:00,0.199506944
2022-07-14 07:00:00,0.199565278
2022-07-14 08:00:00,0.199595833
2022-07-14 09:00:00,0.199591667
2022-07-14 10:00:00,0.199618056
2022-07-14 11:00:00,0.199641667
2022-07-14 12:00:00,0.1996375
2022-07-14 13:00:00,0.199633333
2022-07-14 14:00:00,0.199625
2022-07-14 15:00:00,0.199569444
2022-07-14 16:00:00,0.199530556
2022-07-14 17:00:00,0.199504167
2022-07-14 18:00:00,0.199466667
2022-07-14 19:00:00,0.199406944
2022-07-14 20:00:00,0.199394444
2022-07-14 21:00:00,0.199336111
2022-07-14 22:00:00,0.199295833
2022-07-14 23:00:00,0.199302778
2022-07-15 00:00:00,0.199327778
2022-07-15 01:00:00,0.199358333
2022-07-15 02:00:00,0.199411111
2022-07-15 03:00:00,0.199472222
2022-07-15 04:00:00,0.199534722
2022-07-15 05:00:00,0.199622222
2022-07-15 06:00:00,0.199720833
2022-07-15 07:00:00,0.199806944
2022-07-15 08:00:00,0.199859722
2022-07-15 09:00:00,0.199913889
2022-07-15 10:00:00,0.199993056
2022-07-15 11:00:00,0.200036111
2022-07-15 12:00:00,0.200054167
2022-07-15 13:00:00,0.200052778
2022-07-15 14:00:00,0.200034722
2022-07-15 15:00:00,0.200006944
2022-07-15 16:00:00,0.199977778
2022-07-15 17:00:00,0.199986111
2022-07-15 18:00:00,0.199906944
2022-07-15 19:00:00,0.19985
2022-07-15 20:00:00,0.199827778
2022-07-15 21:00:00,0.199791667
2022-07-15 22:00:00,0.199758333
2022-07-15 23:00:00,0.199754167
2022-07-16 00:00:00,0.199773611
2022-07-16 01:00:00,0.199802778
2022-07-16 02:00:00,0.199859722
2022-07-16 03:00:00,0.199926389
2022-07-16 04:00:00,0.199991667
2022-07-16 05:00:00,0.2000875
2022-07-16 06:00:00,0.200195833
2022-07-16 07:00:00,0.200306944
2022-07-16 08:00:00,0.200408333
2022-07-16 09:00:00,0.200506944
2022-07-16 10:00:00,0.200597222
2022-07-16 11:00:00,0.200666667
2022-07-16 12:00:00,0.200733333
2022-07-16 13:00:00,0.200773611
2022-07-16 14:00:00,0.200769444
2022-07-16 15:00:00,0.200730556
2022-07-16 16:00:00,0.200683333
2022-07-16 17:00:00,0.200636111
2022-07-16 18:00:00,0.200616667
2022-07-16 19:00:00,0.200597222
2022-07-16 20:00:00,0.200608333
2022-07-16 21:00:00,0.200648611
2022-07-16 22:00:00,0.200681944
2022-07-16 23:00:00,0.200722222
2022-07-17 00:00:00,0.200788889
2022-07-17 01:00:00,0.200869444
2022-07-17 02:00:00,0.200984722
2022-07-17 03:00:00,0.2011125
2022-07-17 04:00:00,0.201283333
2022-07-17 05:00:00,0.201476389
2022-07-17 06:00:00,0.201695833
2022-07-17 07:00:00,0.201934722
2022-07-17 08:00:00,0.202193056
2022-07-17 09:00:00,0.202452778
2022-07-17 10:00:00,0.202704167
2022-07-17 11:00:00,0.202931944
2022-07-17 12:00:00,0.203127778
2022-07-17 13:00:00,0.203288889
2022-07-17 14:00:00,0.203408333
2022-07-17 15:00:00,0.2035
2022-07-17 16:00:00,0.2035625
2022-07-17 17:00:00,0.203604167
2022-07-17 18:00:00,0.203655556
2022-07-17 19:00:00,0.203677778
2022-07-17 20:00:00,0.203691667
2022-07-17 21:00:00,0.203715278
2022-07-17 22:00:00,0.203755556
2022-07-17 23:00:00,0.203825
2022-07-18 00:00:00,0.203888889
2022-07-18 01:00:00,0.203977778
2022-07-18 02:00:00,0.204083333
2022-07-18 03:00:00,0.204176389
2022-07-18 04:00:00,0.204343056
2022-07-18 05:00:00,0.204530556
2022-07-18 06:00:00,0.204726389
2022-07-18 07:00:00,0.204961111
2022-07-18 08:00:00,0.205205556
2022-07-18 09:00:00,0.205436111
2022-07-18 10:00:00,0.205652778
2022-07-18 11:00:00,0.205836111
2022-07-18 12:00:00,0.205975
2022-07-18 13:00:00,0.206056944
2022-07-18 14:00:00,0.206080556
2022-07-18 15:00:00,0.206040278
2022-07-18 16:00:00,0.206002778
2022-07-18 17:00:00,0.205952778
2022-07-18 18:00:00,0.2059
2022-07-18 19:00:00,0.205809722
2022-07-18 20:00:00,0.205673611
2022-07-18 21:00:00,0.205654167
2022-07-18 22:00:00,0.205638889
2022-07-18 23:00:00,0.205654167
2022-07-19 00:00:00,0.205680556
2022-07-19 01:00:00,0.2057625
2022-07-19 02:00:00,0.205866667
2022-07-19 03:00:00,0.205980556
2022-07-19 04:00:00,0.206170833
2022-07-19 05:00:00,0.206393056
2022-07-19 06:00:00,0.206633333
2022-07-19 07:00:00,0.206904167
2022-07-19 08:00:00,0.207198611
2022-07-19 09:00:00,0.207502778
2022-07-19 10:00:00,0.2077875
2022-07-19 11:00:00,0.2080375
2022-07-19 12:00:00,0.208220833
2022-07-19 13:00:00,0.208361111
2022-07-19 14:00:00,0.208455556
2022-07-19 15:00:00,0.208476389
2022-07-19 16:00:00,0.208431944
2022-07-19 17:00:00,0.2083625
2022-07-19 18:00:00,0.208261111
2022-07-19 19:00:00,0.208116667
2022-07-19 20:00:00,0.207966667
2022-07-19 21:00:00,0.207854167
2022-07-19 22:00:00,0.207797222
2022-07-19 23:00:00,0.207765278
2022-07-20 00:00:00,0.2078
2022-07-20 01:00:00,0.207884722
2022-07-20 02:00:00,0.207997222
2022-07-20 03:00:00,0.208181944
2022-07-20 04:00:00,0.208405556
2022-07-20 05:00:00,0.2086875
2022-07-20 06:00:00,0.209027778
2022-07-20 07:00:00,0.209368056
2022-07-20 08:00:00,0.209713889
2022-07-20 09:00:00,0.210079167
2022-07-20 10:00:00,0.210445833
2022-07-20 11:00:00,0.210777778
2022-07-20 12:00:00,0.211065278
2022-07-20 13:00:00,0.211304167
2022-07-20 14:00:00,0.211484722
2022-07-20 15:00:00,0.211590278
2022-07-20 16:00:00,0.211633333
2022-07-20 17:00:00,0.211593056
2022-07-20 18:00:00,0.211494444
2022-07-20 19:00:00,0.211390278
2022-07-20 20:00:00,0.211241667
2022-07-20 21:00:00,0.211063889
2022-07-20 22:00:00,0.210931944
2022-07-20 23:00:00,0.210825
2022-07-21 00:00:00,0.210765278
2022-07-21 01:00:00,0.210743056
2022-07-21 02:00:00,0.210808333
2022-07-21 03:00:00,0.210951389
2022-07-21 04:00:00,0.211156944
2022-07-21 05:00:00,0.211413889
2022-07-21 06:00:00,0.211706944
2022-07-21 07:00:00,0.212026389
2022-07-21 08:00:00,0.212394444
2022-07-21 09:00:00,0.212740278
2022-07-21 10:00:00,0.213083333
2022-07-21 11:00:00,0.213404167
2022-07-21 12:00:00,0.213684722
2022-07-21 13:00:00,0.213915278
2022-07-21 14:00:00,0.2140875
2022-07-21 15:00:00,0.214205556
2022-07-21 16:00:00,0.2142625
2022-07-21 17:00:00,0.214284722
2022-07-21 18:00:00,0.214252778
2022-07-21 19:00:00,0.214181944
2022-07-21 20:00:00,0.214081944
2022-07-21 21:00:00,0.213965278
2022-07-21 22:00:00,0.213845833
2022-07-21 23:00:00,0.213725
2022-07-22 00:00:00,0.213654167
2022-07-22 01:00:00,0.2136
2022-07-22 02:00:00,0.213615278
2022-07-22 03:00:00,0.213686111
2022-07-22 04:00:00,0.213826389
2022-07-22 05:00:00,0.214011111
2022-07-22 06:00:00,0.214251389
2022-07-22 07:00:00,0.214558333
2022-07-22 08:00:00,0.214875
2022-07-22 09:00:00,0.215211111
2022-07-22 10:00:00,0.215568056
2022-07-22 11:00:00,0.215873611
2022-07-22 12:00:00,0.216165278
2022-07-22 13:00:00,0.216431944
2022-07-22 14:00:00,0.21665
2022-07-22 15:00:00,0.216822222
2022-07-22 16:00:00,0.216979167
2022-07-22 17:00:00,0.217119444
2022-07-22 18:00:00,0.217226389
2022-07-22 19:00:00,0.217308333
2022-07-22 20:00:00,0.217366667
2022-07-22 21:00:00,0.217377778
2022-07-22 22:00:00,0.217356944
2022-07-22 23:00:00,0.217311111
2022-07-23 00:00:00,0.217286111
2022-07-23 01:00:00,0.217245833
2022-07-23 02:00:00,0.217204167
2022-07-23 03:00:00,0.2172125
2022-07-23 04:00:00,0.217268056
2022-07-23 05:00:00,0.217398611
2022-07-23 06:00:00,0.217570833
2022-07-23 07:00:00,0.217791667
2022-07-23 08:00:00,0.218047222
2022-07-23 09:00:00,0.218338889
2022-07-23 10:00:00,0.218626389
2022-07-23 11:00:00,0.218901389
2022-07-23 12:00:00,0.219158333
2022-07-23 13:00:00,0.219418056
2022-07-23 14:00:00,0.219658333
2022-07-23 15:00:00,0.219884722
2022-07-23 16:00:00,0.220072222
2022-07-23 17:00:00,0.220261111
2022-07-23 18:00:00,0.220418056
2022-07-23 19:00:00,0.220547222
2022-07-23 20:00:00,0.220645833
2022-07-23 21:00:00,0.2207125
2022-07-23 22:00:00,0.220744444
2022-07-23 23:00:00,0.220773611
2022-07-24 00:00:00,0.220733333
2022-07-24 01:00:00,0.220665278
2022-07-24 02:00:00,0.220615278
2022-07-24 03:00:00,0.220565278
2022-07-24 04:00:00,0.220533333
2022-07-24 05:00:00,0.220522222
2022-07-24 06:00:00,0.220558333
2022-07-24 07:00:00,0.220645833
2022-07-24 08:00:00,0.220758333
2022-07-24 09:00:00,0.220880556
2022-07-24 10:00:00,0.221026389
2022-07-24 11:00:00,0.221231944
2022-07-24 12:00:00,0.221441667
2022-07-24 13:00:00,0.221670833
2022-07-24 14:00:00,0.221927778
2022-07-24 15:00:00,0.222195833
2022-07-24 16:00:00,0.222465278
2022-07-24 17:00:00,0.222715278
2022-07-24 18:00:00,0.222966667
2022-07-24 19:00:00,0.223206944
2022-07-24 20:00:00,0.223430556
2022-07-24 21:00:00,0.223655556
2022-07-24 22:00:00,0.223818056
2022-07-24 23:00:00,0.223966667
2022-07-25 00:00:00,0.224079167
2022-07-25 01:00:00,0.224075
2022-07-25 02:00:00,0.224206944
2022-07-25 03:00:00,0.224240278
2022-07-25 04:00:00,0.224306944
2022-07-25 05:00:00,0.224370833
2022-07-25 06:00:00,0.224434722
2022-07-25 07:00:00,0.224554167
2022-07-25 08:00:00,0.224504167
2022-07-25 09:00:00,0.224616667
2022-07-25 10:00:00,0.224770833
2022-07-25 11:00:00,0.224941667
2022-07-25 12:00:00,0.225158333
2022-07-25 13:00:00,0.225376389
2022-07-25 14:00:00,0.225606944
2022-07-25 15:00:00,0.225813889
2022-07-25 16:00:00,0.226076389
2022-07-25 17:00:00,0.226355556
2022-07-25 18:00:00,0.226634722
2022-07-25 19:00:00,0.226995833
2022-07-25 20:00:00,0.227230556
2022-07-25 21:00:00,0.227556944
2022-07-25 22:00:00,0.227876389
2022-07-25 23:00:00,0.228129167
2022-07-26 00:00:00,0.228406944
2022-07-26 01:00:00,0.2286
2022-07-26 02:00:00,0.2287875
2022-07-26 03:00:00,0.228931944
2022-07-26 04:00:00,0.229051389
2022-07-26 05:00:00,0.229213889
2022-07-26 06:00:00,0.229351389
2022-07-26 07:00:00,0.229469444
2022-07-26 08:00:00,0.229593056
2022-07-26 09:00:00,0.229723611
2022-07-26 10:00:00,0.229856944
2022-07-26 11:00:00,0.229994444
2022-07-26 12:00:00,0.230140278
2022-07-26 13:00:00,0.230305556
2022-07-26 14:00:00,0.230518056
2022-07-26 15:00:00,0.230681944
2022-07-26 16:00:00,0.230951389
2022-07-26 17:00:00,0.231247222
2022-07-26 18:00:00,0.2315375
2022-07-26 19:00:00,0.231815278
2022-07-26 20:00:00,0.232119444
2022-07-26 21:00:00,0.232429167
2022-07-26 22:00:00,0.232705556
2022-07-26 23:00:00,0.232909722
2022-07-27 00:00:00,0.23315
2022-07-27 01:00:00,0.233345833
2022-07-27 02:00:00,0.233566667
2022-07-27 03:00:00,0.233768056
2022-07-27 04:00:00,0.233933333
2022-07-27 05:00:00,0.234098611
2022-07-27 06:00:00,0.234248611
2022-07-27 07:00:00,0.234375
2022-07-27 08:00:00,0.2345
2022-07-27 09:00:00,0.234620833
2022-07-27 10:00:00,0.234720833
2022-07-27 11:00:00,0.234804167
2022-07-27 12:00:00,0.234944444
2022-07-27 13:00:00,0.235018056
2022-07-27 14:00:00,0.235077778
2022-07-27 15:00:00,0.235183333
2022-07-27 16:00:00,0.235304167
2022-07-27 17:00:00,0.235469444
2022-07-27 18:00:00,0.235654167
2022-07-27 19:00:00,0.235859722
2022-07-27 20:00:00,0.236083333
2022-07-27 21:00:00,0.236291667
2022-07-27 22:00:00,0.236551389
2022-07-27 23:00:00,0.236819444
2022-07-28 00:00:00,0.2371
2022-07-28 01:00:00,0.237331944
2022-07-28 02:00:00,0.237595833
2022-07-28 03:00:00,0.237844444
2022-07-28 04:00:00,0.238055556
2022-07-28 05:00:00,0.238201389
2022-07-28 06:00:00,0.238329167
2022-07-28 07:00:00,0.238463889
2022-07-28 08:00:00,0.238534722
2022-07-28 09:00:00,0.2386375
2022-07-28 10:00:00,0.238691667
2022-07-28 11:00:00,0.238722222
2022-07-28 12:00:00,0.238719444
2022-07-28 13:00:00,0.238720833
2022-07-28 14:00:00,0.238688889
2022-07-28 15:00:00,0.238648611
2022-07-28 16:00:00,0.238598611
2022-07-28 17:00:00,0.238569444
2022-07-28 18:00:00,0.238558333
2022-07-28 19:00:00,0.238636111
2022-07-28 20:00:00,0.238727778
2022-07-28 21:00:00,0.2388375
2022-07-28 22:00:00,0.238961111
2022-07-28 23:00:00,0.239134722
2022-07-29 00:00:00,0.239345833
2022-07-29 01:00:00,0.239555556
2022-07-29 02:00:00,0.239768056
2022-07-29 03:00:00,0.239977778
2022-07-29 04:00:00,0.2402125
2022-07-29 05:00:00,0.240445833
2022-07-29 06:00:00,0.240684722
2022-07-29 07:00:00,0.240898611
2022-07-29 08:00:00,0.241073611
2022-07-29 09:00:00,0.241272222
2022-07-29 10:00:00,0.241420833
2022-07-29 11:00:00,0.241505556
2022-07-29 12:00:00,0.241566667
2022-07-29 13:00:00,0.241625
2022-07-29 14:00:00,0.241658333
2022-07-29 15:00:00,0.241663889
2022-07-29 16:00:00,0.241666667
2022-07-29 17:00:00,0.241654167
2022-07-29 18:00:00,0.241651389
2022-07-29 19:00:00,0.241677778
2022-07-29 20:00:00,0.241708333
2022-07-29 21:00:00,0.241838889
2022-07-29 22:00:00,0.241929167
2022-07-29 23:00:00,0.242029167
2022-07-30 00:00:00,0.242145833
2022-07-30 01:00:00,0.242348611
2022-07-30 02:00:00,0.242568056
2022-07-30 03:00:00,0.242783333
2022-07-30 04:00:00,0.2430125
2022-07-30 05:00:00,0.243269444
2022-07-30 06:00:00,0.243536111
2022-07-30 07:00:00,0.243811111
2022-07-30 08:00:00,0.244079167
2022-07-30 09:00:00,0.244304167
2022-07-30 10:00:00,0.244495833
2022-07-30 11:00:00,0.244647222
2022-07-30 12:00:00,0.244725
2022-07-30 13:00:00,0.244811111
2022-07-30 14:00:00,0.244858333
2022-07-30 15:00:00,0.244843056
2022-07-30 16:00:00,0.244804167
2022-07-30 17:00:00,0.2447625
2022-07-30 18:00:00,0.2447125
2022-07-30 19:00:00,0.244647222
2022-07-30 20:00:00,0.244620833
2022-07-30 21:00:00,0.244640278
2022-07-30 22:00:00,0.244690278
2022-07-30 23:00:00,0.244748611
2022-07-31 00:00:00,0.2448
2022-07-31 01:00:00,0.244918056
2022-07-31 02:00:00,0.245061111
2022-07-31 03:00:00,0.245258333
2022-07-31 04:00:00,0.245501389
2022-07-31 05:00:00,0.245777778
2022-07-31 06:00:00,0.2460875
2022-07-31 07:00:00,0.246445833
2022-07-31 08:00:00,0.2468125
2022-07-31 09:00:00,0.247154167
2022-07-31 10:00:00,0.247468056
2022-07-31 11:00:00,0.2477375
2022-07-31 12:00:00,0.247929167
2022-07-31 13:00:00,0.248059722
2022-07-31 14:00:00,0.248104167
2022-07-31 15:00:00,0.248081944
2022-07-31 16:00:00,0.248001389
2022-07-31 17:00:00,0.247879167
2022-07-31 18:00:00,0.247727778
2022-07-31 19:00:00,0.247566667
2022-07-31 20:00:00,0.247404167
2022-07-31 21:00:00,0.247280556
2022-07-31 22:00:00,0.247195833
2022-07-31 23:00:00,0.247156944
2023-07-01 00:00:00,0.194291667
2023-07-01 01:00:00,0.194059722
2023-07-01 02:00:00,0.193820833
2023-07-01 03:00:00,0.193472222
2023-07-01 04:00:00,0.193031944
2023-07-01 05:00:00,0.192756944
2023-07-01 06:00:00,0.192418056
2023-07-01 07:00:00,0.192030556
2023-07-01 08:00:00,0.1916625
2023-07-01 09:00:00,0.191348611
2023-07-01 10:00:00,0.191011111
2023-07-01 11:00:00,0.190736111
2023-07-01 12:00:00,0.190461111
2023-07-01 13:00:00,0.190145833
2023-07-01 14:00:00,0.189880556
2023-07-01 15:00:00,0.1896125
2023-07-01 16:00:00,0.189320833
2023-07-01 17:00:00,0.189179167
2023-07-01 18:00:00,0.189018056
2023-07-01 19:00:00,0.188859722
2023-07-01 20:00:00,0.188761111
2023-07-01 21:00:00,0.188655556
2023-07-01 22:00:00,0.188515278
2023-07-01 23:00:00,0.188358333
2023-07-02 00:00:00,0.188266667
2023-07-02 01:00:00,0.188133333
2023-07-02 02:00:00,0.188
2023-07-02 03:00:00,0.187961111
2023-07-02 04:00:00,0.187859722
2023-07-02 05:00:00,0.187681944
2023-07-02 06:00:00,0.187468056
2023-07-02 07:00:00,0.187226389
2023-07-02 08:00:00,0.186956944
2023-07-02 09:00:00,0.186826389
2023-07-02 10:00:00,0.18665
2023-07-02 11:00:00,0.186443056
2023-07-02 12:00:00,0.186248611
2023-07-02 13:00:00,0.186063889
2023-07-02 14:00:00,0.185869444
2023-07-02 15:00:00,0.185644444
2023-07-02 16:00:00,0.185430556
2023-07-02 17:00:00,0.185247222
2023-07-02 18:00:00,0.185084722
2023-07-02 19:00:00,0.184934722
2023-07-02 20:00:00,0.184781944
2023-07-02 21:00:00,0.184669444
2023-07-02 22:00:00,0.184572222
2023-07-02 23:00:00,0.184455556
2023-07-03 00:00:00,0.1842625
2023-07-03 01:00:00,0.184051389
2023-07-03 02:00:00,0.183941667
2023-07-03 03:00:00,0.183797222
2023-07-03 04:00:00,0.183634722
2023-07-03 05:00:00,0.183566667
2023-07-03 06:00:00,0.183438889
2023-07-03 07:00:00,0.1833875
2023-07-03 08:00:00,0.183341667
2023-07-03 09:00:00,0.183223611
2023-07-03 10:00:00,0.183151389
2023-07-03 11:00:00,0.183068056
2023-07-03 12:00:00,0.182958333
2023-07-03 13:00:00,0.182825
2023-07-03 14:00:00,0.182694444
2023-07-03 15:00:00,0.182554167
2023-07-03 16:00:00,0.182402778
2023-07-03 17:00:00,0.182273611
2023-07-03 18:00:00,0.182075
2023-07-03 19:00:00,0.182001389
2023-07-03 20:00:00,0.181947222
2023-07-03 21:00:00,0.181873611
2023-07-03 22:00:00,0.181843056
2023-07-03 23:00:00,0.1818
2023-07-04 00:00:00,0.181770833
2023-07-04 01:00:00,0.181716667
2023-07-04 02:00:00,0.181698611
2023-07-04 03:00:00,0.181693056
2023-07-04 04:00:00,0.181619444
2023-07-04 05:00:00,0.181531944
2023-07-04 06:00:00,0.181444444
2023-07-04 07:00:00,0.181331944
2023-07-04 08:00:00,0.181176389
2023-07-04 09:00:00,0.181016667
2023-07-04 10:00:00,0.180818056
2023-07-04 11:00:00,0.180609722
2023-07-04 12:00:00,0.180405556
2023-07-04 13:00:00,0.180184722
2023-07-04 14:00:00,0.179975
2023-07-04 15:00:00,0.179777778
2023-07-04 16:00:00,0.179597222
2023-07-04 17:00:00,0.179405556
2023-07-04 18:00:00,0.179211111
2023-07-04 19:00:00,0.179008333
2023-07-04 20:00:00,0.1788625
2023-07-04 21:00:00,0.178666667
2023-07-04 22:00:00,0.178440278
2023-07-04 23:00:00,0.178211111
2023-07-05 00:00:00,0.177994444
2023-07-05 01:00:00,0.177798611
2023-07-05 02:00:00,0.177665278
2023-07-05 03:00:00,0.177519444
2023-07-05 04:00:00,0.177406944
2023-07-05 05:00:00,0.177304167
2023-07-05 06:00:00,0.177238889
2023-07-05 07:00:00,0.177138889
2023-07-05 08:00:00,0.177066667
2023-07-05 09:00:00,0.176991667
2023-07-05 10:00:00,0.176894444
2023-07-05 11:00:00,0.176822222
2023-07-05 12:00:00,0.176708333
2023-07-05 13:00:00,0.176561111
2023-07-05 14:00:00,0.176398611
2023-07-05 15:00:00,0.1762375
2023-07-05 16:00:00,0.176023611
2023-07-05 17:00:00,0.175804167
2023-07-05 18:00:00,0.175566667
2023-07-05 19:00:00,0.175325
2023-07-05 20:00:00,0.175070833
2023-07-05 21:00:00,0.1748125
2023-07-05 22:00:00,0.174561111
2023-07-05 23:00:00,0.174318056
2023-07-06 00:00:00,0.174080556
2023-07-06 01:00:00,0.173866667
2023-07-06 02:00:00,0.173645833
2023-07-06 03:00:00,0.173473611
2023-07-06 04:00:00,0.173304167
2023-07-06 05:00:00,0.173184722
2023-07-06 06:00:00,0.173091667
2023-07-06 07:00:00,0.1730375
2023-07-06 08:00:00,0.173004167
2023-07-06 09:00:00,0.172938889
2023-07-06 10:00:00,0.172911111
2023-07-06 11:00:00,0.172845833
2023-07-06 12:00:00,0.172752778
2023-07-06 13:00:00,0.1726625
2023-07-06 14:00:00,0.172530556
2023-07-06 15:00:00,0.172352778
2023-07-06 16:00:00,0.172173611
2023-07-06 17:00:00,0.171984722
2023-07-06 18:00:00,0.171772222
2023-07-06 19:00:00,0.171593056
2023-07-06 20:00:00,0.171329167
2023-07-06 21:00:00,0.171048611
2023-07-06 22:00:00,0.170825
2023-07-06 23:00:00,0.170616667
2023-07-07 00:00:00,0.170395833
2023-07-07 01:00:00,0.170176389
2023-07-07 02:00:00,0.169961111
2023-07-07 03:00:00,0.169802778
2023-07-07 04:00:00,0.169709722
2023-07-07 05:00:00,0.169672222
2023-07-07 06:00:00,0.169626389
2023-07-07 07:00:00,0.169579167
2023-07-07 08:00:00,0.169551389
2023-07-07 09:00:00,0.169534722
2023-07-07 10:00:00,0.169508333
2023-07-07 11:00:00,0.169451389
2023-07-07 12:00:00,0.169370833
2023-07-07 13:00:00,0.1692375
2023-07-07 14:00:00,0.169072222
2023-07-07 15:00:00,0.168870833
2023-07-07 16:00:00,0.168618056
2023-07-07 17:00:00,0.168343056
2023-07-07 18:00:00,0.168063889
2023-07-07 19:00:00,0.167763889
2023-07-07 20:00:00,0.167468056
2023-07-07 21:00:00,0.167244444
2023-07-07 22:00:00,0.167034722
2023-07-07 23:00:00,0.166765278
2023-07-08 00:00:00,0.166538889
2023-07-08 01:00:00,0.166311111
2023-07-08 02:00:00,0.166123611
2023-07-08 03:00:00,0.1659
2023-07-08 04:00:00,0.165736111
2023-07-08 05:00:00,0.165604167
2023-07-08 06:00:00,0.165547222
2023-07-08 07:00:00,0.1656
2023-07-08 08:00:00,0.165641667
2023-07-08 09:00:00,0.165691667
2023-07-08 10:00:00,0.165793056
2023-07-08 11:00:00,0.165843056
2023-07-08 12:00:00,0.165877778
2023-07-08 13:00:00,0.165875
2023-07-08 14:00:00,0.165798611
2023-07-08 15:00:00,0.165694444
2023-07-08 16:00:00,0.165544444
2023-07-08 17:00:00,0.165377778
2023-07-08 18:00:00,0.165173611
2023-07-08 19:00:00,0.164973611
2023-07-08 20:00:00,0.164734722
2023-07-08 21:00:00,0.164534722
2023-07-08 22:00:00,0.164270833
2023-07-08 23:00:00,0.164020833
2023-07-09 00:00:00,0.163826389
2023-07-09 01:00:00,0.163622222
2023-07-09 02:00:00,0.163426389
2023-07-09 03:00:00,0.163277778
2023-07-09 04:00:00,0.163159722
2023-07-09 05:00:00,0.163086111
2023-07-09 06:00:00,0.163086111
2023-07-09 07:00:00,0.163111111
2023-07-09 08:00:00,0.163195833
2023-07-09 09:00:00,0.1632875
2023-07-09 10:00:00,0.163345833
2023-07-09 11:00:00,0.1634
2023-07-09 12:00:00,0.163415278
2023-07-09 13:00:00,0.163406944
2023-07-09 14:00:00,0.163334722
2023-07-09 15:00:00,0.163198611
2023-07-09 16:00:00,0.163018056
2023-07-09 17:00:00,0.162791667
2023-07-09 18:00:00,0.162525
2023-07-09 19:00:00,0.162252778
2023-07-09 20:00:00,0.1619625
2023-07-09 21:00:00,0.161672222
2023-07-09 22:00:00,0.161384722
2023-07-09 23:00:00,0.161130556
2023-07-10 00:00:00,0.160894444
2023-07-10 01:00:00,0.1606875
2023-07-10 02:00:00,0.160516667
2023-07-10 03:00:00,0.160383333
2023-07-10 04:00:00,0.160294444
2023-07-10 05:00:00,0.160263889
2023-07-10 06:00:00,0.160286111
2023-07-10 07:00:00,0.160320833
2023-07-10 08:00:00,0.160381944
2023-07-10 09:00:00,0.160475
2023-07-10 10:00:00,0.160543056
2023-07-10 11:00:00,0.1606125
2023-07-10 12:00:00,0.160634722
2023-07-10 13:00:00,0.160594444
2023-07-10 14:00:00,0.160508333
2023-07-10 15:00:00,0.160345833
2023-07-10 16:00:00,0.160125
2023-07-10 17:00:00,0.159854167
2023-07-10 18:00:00,0.159522222
2023-07-10 19:00:00,0.159147222
2023-07-10 20:00:00,0.158756944
2023-07-10 21:00:00,0.158352778
2023-07-10 22:00:00,0.157941667
2023-07-10 23:00:00,0.157561111
2023-07-11 00:00:00,0.157186111
2023-07-11 01:00:00,0.156845833
2023-07-11 02:00:00,0.156566667
2023-07-11 03:00:00,0.156345833
2023-07-11 04:00:00,0.156156944
2023-07-11 05:00:00,0.156040278
2023-07-11 06:00:00,0.155983333
2023-07-11 07:00:00,0.155934722
2023-07-11 08:00:00,0.155930556
2023-07-11 09:00:00,0.15595
2023-07-11 10:00:00,0.156026389
2023-07-11 11:00:00,0.156029167
2023-07-11 12:00:00,0.156009722
2023-07-11 13:00:00,0.155963889
2023-07-11 14:00:00,0.155844444
2023-07-11 15:00:00,0.155734722
2023-07-11 16:00:00,0.155576389
2023-07-11 17:00:00,0.155370833
2023-07-11 18:00:00,0.155119444
2023-07-11 19:00:00,0.154870833
2023-07-11 20:00:00,0.154543056
2023-07-11 21:00:00,0.154209722
2023-07-11 22:00:00,0.1539
2023-07-11 23:00:00,0.153586111
2023-07-12 00:00:00,0.153276389
2023-07-12 01:00:00,0.152986111
2023-07-12 02:00:00,0.152741667
2023-07-12 03:00:00,0.152559722
2023-07-12 04:00:00,0.152418056
2023-07-12 05:00:00,0.152304167
2023-07-12 06:00:00,0.152234722
2023-07-12 07:00:00,0.152213889
2023-07-12 08:00:00,0.152223611
2023-07-12 09:00:00,0.1522625
2023-07-12 10:00:00,0.152288889
2023-07-12 11:00:00,0.1523125
2023-07-12 12:00:00,0.152340278
2023-07-12 13:00:00,0.152348611
2023-07-12 14:00:00,0.152322222
2023-07-12 15:00:00,0.152254167
2023-07-12 16:00:00,0.152125
2023-07-12 17:00:00,0.151959722
2023-07-12 18:00:00,0.151752778
2023-07-12 19:00:00,0.151511111
2023-07-12 20:00:00,0.151245833
2023-07-12 21:00:00,0.150948611
2023-07-12 22:00:00,0.150640278
2023-07-12 23:00:00,0.150280556
2023-07-13 00:00:00,0.149901389
2023-07-13 01:00:00,0.149541667
2023-07-13 02:00:00,0.149208333
2023-07-13 03:00:00,0.148902778
2023-07-13 04:00:00,0.148644444
2023-07-13 05:00:00,0.148401389
2023-07-13 06:00:00,0.148219444
2023-07-13 07:00:00,0.148084722
2023-07-13 08:00:00,0.147965278
2023-07-13 09:00:00,0.147854167
2023-07-13 10:00:00,0.147784722
2023-07-13 11:00:00,0.147726389
2023-07-13 12:00:00,0.147684722
2023-07-13 13:00:00,0.147665278
2023-07-13 14:00:00,0.147652778
2023-07-13 15:00:00,0.147630556
2023-07-13 16:00:00,0.147605556
2023-07-13 17:00:00,0.147575
2023-07-13 18:00:00,0.147509722
2023-07-13 19:00:00,0.147406944
2023-07-13 20:00:00,0.147281944
2023-07-13 21:00:00,0.147140278
2023-07-13 22:00:00,0.146980556
2023-07-13 23:00:00,0.146801389
2023-07-14 00:00:00,0.146588889
2023-07-14 01:00:00,0.146372222
2023-07-14 02:00:00,0.146175
2023-07-14 03:00:00,0.145948611
2023-07-14 04:00:00,0.1457375
2023-07-14 05:00:00,0.145555556
2023-07-14 06:00:00,0.145413889
2023-07-14 07:00:00,0.145298611
2023-07-14 08:00:00,0.145219444
2023-07-14 09:00:00,0.145138889
2023-07-14 10:00:00,0.145098611
2023-07-14 11:00:00,0.145054167
2023-07-14 12:00:00,0.145018056
2023-07-14 13:00:00,0.145002778
2023-07-14 14:00:00,0.144973611
2023-07-14 15:00:00,0.144955556
2023-07-14 16:00:00,0.144922222
2023-07-14 17:00:00,0.144879167
2023-07-14 18:00:00,0.144834722
2023-07-14 19:00:00,0.144761111
2023-07-14 20:00:00,0.144652778
2023-07-14 21:00:00,0.144504167
2023-07-14 22:00:00,0.144334722
2023-07-14 23:00:00,0.144136111
2023-07-15 00:00:00,0.143925
2023-07-15 01:00:00,0.143654167
2023-07-15 02:00:00,0.143380556
2023-07-15 03:00:00,0.143101389
2023-07-15 04:00:00,0.142830556
2023-07-15 05:00:00,0.142586111
2023-07-15 06:00:00,0.142348611
2023-07-15 07:00:00,0.142102778
2023-07-15 08:00:00,0.141884722
2023-07-15 09:00:00,0.141680556
2023-07-15 10:00:00,0.141504167
2023-07-15 11:00:00,0.141345833
2023-07-15 12:00:00,0.141202778
2023-07-15 13:00:00,0.141070833
2023-07-15 14:00:00,0.140984722
2023-07-15 15:00:00,0.140940278
2023-07-15 16:00:00,0.140931944
2023-07-15 17:00:00,0.140954167
2023-07-15 18:00:00,0.140977778
2023-07-15 19:00:00,0.1410125
2023-07-15 20:00:00,0.141041667
2023-07-15 21:00:00,0.141040278
2023-07-15 22:00:00,0.141016667
2023-07-15 23:00:00,0.140995833
2023-07-16 00:00:00,0.140929167
2023-07-16 01:00:00,0.140865278
2023-07-16 02:00:00,0.140752778
2023-07-16 03:00:00,0.140581944
2023-07-16 04:00:00,0.140401389
2023-07-16 05:00:00,0.140252778
2023-07-16 06:00:00,0.139988889
2023-07-16 07:00:00,0.139763889
2023-07-16 08:00:00,0.139569444
2023-07-16 09:00:00,0.139372222
2023-07-16 10:00:00,0.139172222
2023-07-16 11:00:00,0.139005556
2023-07-16 12:00:00,0.138861111
2023-07-16 13:00:00,0.138709722
2023-07-16 14:00:00,0.138618056
2023-07-16 15:00:00,0.138541667
2023-07-16 16:00:00,0.138506944
2023-07-16 17:00:00,0.138502778
2023-07-16 18:00:00,0.138531944
2023-07-16 19:00:00,0.138576389
2023-07-16 20:00:00,0.138625
2023-07-16 21:00:00,0.138681944
2023-07-16 22:00:00,0.138736111
2023-07-16 23:00:00,0.138776389
2023-07-17 00:00:00,0.138804167
2023-07-17 01:00:00,0.138809722
2023-07-17 02:00:00,0.138788889
2023-07-17 03:00:00,0.138731944
2023-07-17 04:00:00,0.138620833
2023-07-17 05:00:00,0.138483333
2023-07-17 06:00:00,0.138326389
2023-07-17 07:00:00,0.138136111
2023-07-17 08:00:00,0.137926389
2023-07-17 09:00:00,0.1377
2023-07-17 10:00:00,0.137448611
2023-07-17 11:00:00,0.137208333
2023-07-17 12:00:00,0.136972222
2023-07-17 13:00:00,0.136745833
2023-07-17 14:00:00,0.136547222
2023-07-17 15:00:00,0.136368056
2023-07-17 16:00:00,0.1362125
2023-07-17 17:00:00,0.136094444
2023-07-17 18:00:00,0.136016667
2023-07-17 19:00:00,0.135991667
2023-07-17 20:00:00,0.135973611
2023-07-17 21:00:00,0.135958333
2023-07-17 22:00:00,0.135959722
2023-07-17 23:00:00,0.135947222
2023-07-18 00:00:00,0.135923611
2023-07-18 01:00:00,0.135881944
2023-07-18 02:00:00,0.135830556
2023-07-18 03:00:00,0.135768056
2023-07-18 04:00:00,0.135693056
2023-07-18 05:00:00,0.135583333
2023-07-18 06:00:00,0.135440278
2023-07-18 07:00:00,0.135281944
2023-07-18 08:00:00,0.135104167
2023-07-18 09:00:00,0.134884722
2023-07-18 10:00:00,0.13465
2023-07-18 11:00:00,0.134404167
2023-07-18 12:00:00,0.134147222
2023-07-18 13:00:00,0.133872222
2023-07-18 14:00:00,0.133618056
2023-07-18 15:00:00,0.133345833
2023-07-18 16:00:00,0.133065278
2023-07-18 17:00:00,0.132822222
2023-07-18 18:00:00,0.1326125
2023-07-18 19:00:00,0.132433333
2023-07-18 20:00:00,0.132331944
2023-07-18 21:00:00,0.132219444
2023-07-18 22:00:00,0.132116667
2023-07-18 23:00:00,0.132033333
2023-07-19 00:00:00,0.131954167
2023-07-19 01:00:00,0.131870833
2023-07-19 02:00:00,0.131784722
2023-07-19 03:00:00,0.1317
2023-07-19 04:00:00,0.131618056
2023-07-19 05:00:00,0.1315375
2023-07-19 06:00:00,0.13145
2023-07-19 07:00:00,0.131341667
2023-07-19 08:00:00,0.131201389
2023-07-19 09:00:00,0.131036111
2023-07-19 10:00:00,0.130861111
2023-07-19 11:00:00,0.130669444
2023-07-19 12:00:00,0.130441667
2023-07-19 13:00:00,0.1302
2023-07-19 14:00:00,0.129954167
2023-07-19 15:00:00,0.129683333
2023-07-19 16:00:00,0.1294125
2023-07-19 17:00:00,0.129148611
2023-07-19 18:00:00,0.128891667
2023-07-19 19:00:00,0.128677778
2023-07-19 20:00:00,0.128513889
2023-07-19 21:00:00,0.128359722
2023-07-19 22:00:00,0.128229167
2023-07-19 23:00:00,0.128133333
2023-07-20 00:00:00,0.128072222
2023-07-20 01:00:00,0.128038889
2023-07-20 02:00:00,0.128009722
2023-07-20 03:00:00,0.128
2023-07-20 04:00:00,0.128018056
2023-07-20 05:00:00,0.128084722
2023-07-20 06:00:00,0.128188889
2023-07-20 07:00:00,0.128318056
2023-07-20 08:00:00,0.128423611
2023-07-20 09:00:00,0.128486111
2023-07-20 10:00:00,0.128536111
2023-07-20 11:00:00,0.128566667
2023-07-20 12:00:00,0.128556944
2023-07-20 13:00:00,0.128498611
2023-07-20 14:00:00,0.128397222
2023-07-20 15:00:00,0.128283333
2023-07-20 16:00:00,0.128141667
2023-07-20 17:00:00,0.127973611
2023-07-20 18:00:00,0.127797222
2023-07-20 19:00:00,0.127602778
2023-07-20 20:00:00,0.127425
2023-07-20 21:00:00,0.127281944
2023-07-20 22:00:00,0.127197222
2023-07-20 23:00:00,0.127122222
2023-07-21 00:00:00,0.127029167
2023-07-21 01:00:00,0.126963889
2023-07-21 02:00:00,0.127
2023-07-21 03:00:00,0.127073611
2023-07-21 04:00:00,0.127201389
2023-07-21 05:00:00,0.127343056
2023-07-21 06:00:00,0.127516667
2023-07-21 07:00:00,0.127725
2023-07-21 08:00:00,0.127926389
2023-07-21 09:00:00,0.128133333
2023-07-21 10:00:00,0.1283125
2023-07-21 11:00:00,0.128444444
2023-07-21 12:00:00,0.128502778
2023-07-21 13:00:00,0.1285
2023-07-21 14:00:00,0.128427778
2023-07-21 15:00:00,0.128297222
2023-07-21 16:00:00,0.128126389
2023-07-21 17:00:00,0.127901389
2023-07-21 18:00:00,0.127658333
2023-07-21 19:00:00,0.127394444
2023-07-21 20:00:00,0.127118056
2023-07-21 21:00:00,0.126868056
2023-07-21 22:00:00,0.126845833
2023-07-21 23:00:00,0.126848611
2023-07-22 00:00:00,0.126643056
2023-07-22 01:00:00,0.126616667
2023-07-22 02:00:00,0.126593056
2023-07-22 03:00:00,0.126595833
2023-07-22 04:00:00,0.126715278
2023-07-22 05:00:00,0.126879167
2023-07-22 06:00:00,0.127101389
2023-07-22 07:00:00,0.127390278
2023-07-22 08:00:00,0.127731944
2023-07-22 09:00:00,0.128095833
2023-07-22 10:00:00,0.128441667
2023-07-22 11:00:00,0.128758333
2023-07-22 12:00:00,0.128990278
2023-07-22 13:00:00,0.129147222
2023-07-22 14:00:00,0.129204167
2023-07-22 15:00:00,0.129151389
2023-07-22 16:00:00,0.129005556
2023-07-22 17:00:00,0.128798611
2023-07-22 18:00:00,0.12855
2023-07-22 19:00:00,0.128248611
2023-07-22 20:00:00,0.127905556
2023-07-22 21:00:00,0.127573611
2023-07-22 22:00:00,0.127375
2023-07-22 23:00:00,0.127108333
2023-07-23 00:00:00,0.1269375
2023-07-23 01:00:00,0.126830556
2023-07-23 02:00:00,0.126731944
2023-07-23 03:00:00,0.126736111
2023-07-23 04:00:00,0.126847222
2023-07-23 05:00:00,0.127025
2023-07-23 06:00:00,0.127276389
2023-07-23 07:00:00,0.127602778
2023-07-23 08:00:00,0.127956944
2023-07-23 09:00:00,0.128329167
2023-07-23 10:00:00,0.128693056
2023-07-23 11:00:00,0.129009722
2023-07-23 12:00:00,0.129281944
2023-07-23 13:00:00,0.129470833
2023-07-23 14:00:00,0.129565278
2023-07-23 15:00:00,0.129545833
2023-07-23 16:00:00,0.129436111
2023-07-23 17:00:00,0.129265278
2023-07-23 18:00:00,0.129027778
2023-07-23 19:00:00,0.128740278
2023-07-23 20:00:00,0.128405556
2023-07-23 21:00:00,0.128036111
2023-07-23 22:00:00,0.127722222
2023-07-23 23:00:00,0.127433333
2023-07-24 00:00:00,0.127147222
2023-07-24 01:00:00,0.126995833
2023-07-24 02:00:00,0.126897222
2023-07-24 03:00:00,0.1269
2023-07-24 04:00:00,0.127008333
2023-07-24 05:00:00,0.127168056
2023-07-24 06:00:00,0.127380556
2023-07-24 07:00:00,0.12765
2023-07-24 08:00:00,0.127929167
2023-07-24 09:00:00,0.1282375
2023-07-24 10:00:00,0.128518056
2023-07-24 11:00:00,0.128758333
2023-07-24 12:00:00,0.128940278
2023-07-24 13:00:00,0.129066667
2023-07-24 14:00:00,0.129143056
2023-07-24 15:00:00,0.129151389
2023-07-24 16:00:00,0.129122222
2023-07-24 17:00:00,0.129052778
2023-07-24 18:00:00,0.128908333
2023-07-24 19:00:00,0.128695833
2023-07-24 20:00:00,0.128436111
2023-07-24 21:00:00,0.128155556
2023-07-24 22:00:00,0.127838889
2023-07-24 23:00:00,0.127518056
2023-07-25 00:00:00,0.127197222
2023-07-25 01:00:00,0.126936111
2023-07-25 02:00:00,0.126701389
2023-07-25 03:00:00,0.126545833
2023-07-25 04:00:00,0.126494444
2023-07-25 05:00:00,0.126495833
2023-07-25 06:00:00,0.126545833
2023-07-25 07:00:00,0.126644444
2023-07-25 08:00:00,0.126723611
2023-07-25 09:00:00,0.126834722
2023-07-25 10:00:00,0.126965278
2023-07-25 11:00:00,0.127070833
2023-07-25 12:00:00,0.127144444
2023-07-25 13:00:00,0.127223611
2023-07-25 14:00:00,0.127243056
2023-07-25 15:00:00,0.127259722
2023-07-25 16:00:00,0.127244444
2023-07-25 17:00:00,0.127194444
2023-07-25 18:00:00,0.127129167
2023-07-25 19:00:00,0.127027778
2023-07-25 20:00:00,0.126895833
2023-07-25 21:00:00,0.126731944
2023-07-25 22:00:00,0.126561111
2023-07-25 23:00:00,0.126405556
2023-07-26 00:00:00,0.126194444
2023-07-26 01:00:00,0.126026389
2023-07-26 02:00:00,0.125863889
2023-07-26 03:00:00,0.125706944
2023-07-26 04:00:00,0.125613889
2023-07-26 05:00:00,0.125491667
2023-07-26 06:00:00,0.125413889
2023-07-26 07:00:00,0.125391667
2023-07-26 08:00:00,0.125359722
2023-07-26 09:00:00,0.125372222
2023-07-26 10:00:00,0.125416667
2023-07-26 11:00:00,0.125476389
2023-07-26 12:00:00,0.125568056
2023-07-26 13:00:00,0.125695833
2023-07-26 14:00:00,0.125834722
2023-07-26 15:00:00,0.125970833
2023-07-26 16:00:00,0.126102778
2023-07-26 17:00:00,0.126240278
2023-07-26 18:00:00,0.126372222
2023-07-26 19:00:00,0.126480556
2023-07-26 20:00:00,0.126506944
2023-07-26 21:00:00,0.126520833
2023-07-26 22:00:00,0.126536111
2023-07-26 23:00:00,0.126551389
2023-07-27 00:00:00,0.1265375
2023-07-27 01:00:00,0.126483333
2023-07-27 02:00:00,0.126425
2023-07-27 03:00:00,0.126395833
2023-07-27 04:00:00,0.126379167
2023-07-27 05:00:00,0.126329167
2023-07-27 06:00:00,0.126298611
2023-07-27 07:00:00,0.126247222
2023-07-27 08:00:00,0.126186111
2023-07-27 09:00:00,0.126190278
2023-07-27 10:00:00,0.126184722
2023-07-27 11:00:00,0.126173611
2023-07-27 12:00:00,0.126193056
2023-07-27 13:00:00,0.126227778
2023-07-27 14:00:00,0.126256944
2023-07-27 15:00:00,0.126319444
2023-07-27 16:00:00,0.126386111
2023-07-27 17:00:00,0.1264625
2023-07-27 18:00:00,0.126568056
2023-07-27 19:00:00,0.126672222
2023-07-27 20:00:00,0.126722222
2023-07-27 21:00:00,0.126766667
2023-07-27 22:00:00,0.1267625
2023-07-27 23:00:00,0.126806944
2023-07-28 00:00:00,0.126854167
2023-07-28 01:00:00,0.126869444
2023-07-28 02:00:00,0.126877778
2023-07-28 03:00:00,0.126875
2023-07-28 04:00:00,0.126873611
2023-07-28 05:00:00,0.126895833
2023-07-28 06:00:00,0.126894444
2023-07-28 07:00:00,0.126856944
2023-07-28 08:00:00,0.126798611
2023-07-28 09:00:00,0.126748611
2023-07-28 10:00:00,0.126690278
2023-07-28 11:00:00,0.126644444
2023-07-28 12:00:00,0.126601389
2023-07-28 13:00:00,0.126577778
2023-07-28 14:00:00,0.126559722
2023-07-28 15:00:00,0.126548611
2023-07-28 16:00:00,0.126552778
2023-07-28 17:00:00,0.126556944
2023-07-28 18:00:00,0.126568056
2023-07-28 19:00:00,0.126584722
2023-07-28 20:00:00,0.126543056
2023-07-28 21:00:00,0.126522222
2023-07-28 22:00:00,0.1264875
2023-07-28 23:00:00,0.126466667
2023-07-29 00:00:00,0.126409722
2023-07-29 01:00:00,0.126363889
2023-07-29 02:00:00,0.126363889
2023-07-29 03:00:00,0.126258333
2023-07-29 04:00:00,0.126156944
2023-07-29 05:00:00,0.126044444
2023-07-29 06:00:00,0.125929167
2023-07-29 07:00:00,0.125830556
2023-07-29 08:00:00,0.125706944
2023-07-29 09:00:00,0.1255875
2023-07-29 10:00:00,0.125444444
2023-07-29 11:00:00,0.125301389
2023-07-29 12:00:00,0.125190278
2023-07-29 13:00:00,0.125080556
2023-07-29 14:00:00,0.124951389
2023-07-29 15:00:00,0.124845833
2023-07-29 16:00:00,0.124751389
2023-07-29 17:00:00,0.124733333
2023-07-29 18:00:00,0.124684722
2023-07-29 19:00:00,0.124558333
2023-07-29 20:00:00,0.124452778
2023-07-29 21:00:00,0.124406944
2023-07-29 22:00:00,0.124379167
2023-07-29 23:00:00,0.124365278
2023-07-30 00:00:00,0.124327778
2023-07-30 01:00:00,0.124284722
2023-07-30 02:00:00,0.124251389
2023-07-30 03:00:00,0.124234722
2023-07-30 04:00:00,0.124225
2023-07-30 05:00:00,0.124206944
2023-07-30 06:00:00,0.124176389
2023-07-30 07:00:00,0.124111111
2023-07-30 08:00:00,0.124061111
2023-07-30 09:00:00,0.123990278
2023-07-30 10:00:00,0.123890278
2023-07-30 11:00:00,0.123783333
2023-07-30 12:00:00,0.123677778
2023-07-30 13:00:00,0.123561111
2023-07-30 14:00:00,0.123444444
2023-07-30 15:00:00,0.123329167
2023-07-30 16:00:00,0.123205556
2023-07-30 17:00:00,0.123097222
2023-07-30 18:00:00,0.123001389
2023-07-30 19:00:00,0.122933333
2023-07-30 20:00:00,0.122868056
2023-07-30 21:00:00,0.122794444
2023-07-30 22:00:00,0.122713889
2023-07-30 23:00:00,0.122676389
2023-07-31 00:00:00,0.122625
2023-07-31 01:00:00,0.1225875
2023-07-31 02:00:00,0.122533333
2023-07-31 03:00:00,0.122468056
2023-07-31 04:00:00,0.122430556
2023-07-31 05:00:00,0.122418056
2023-07-31 06:00:00,0.122373611
2023-07-31 07:00:00,0.12235
2023-07-31 08:00:00,0.1223
2023-07-31 09:00:00,0.122252778
2023-07-31 10:00:00,0.1222
2023-07-31 11:00:00,0.122122222
2023-07-31 12:00:00,0.122040278
2023-07-31 13:00:00,0.121961111
2023-07-31 14:00:00,0.121865278
2023-07-31 15:00:00,0.121777778
2023-07-31 16:00:00,0.121697222
2023-07-31 17:00:00,0.121644444
2023-07-31 18:00:00,0.121634722
2023-07-31 19:00:00,0.121645833
2023-07-31 20:00:00,0.121656944
2023-07-31 21:00:00,0.121665278
2023-07-31 22:00:00,0.1217125
2023-07-31 23:00:00,0.121805556
2024-07-01 00:00:00,0.198208333
2024-07-01 01:00:00,0.197968056
2024-07-01 02:00:00,0.197755556
2024-07-01 03:00:00,0.197593056
2024-07-01 04:00:00,0.197469444
2024-07-01 05:00:00,0.197388889
2024-07-01 06:00:00,0.197355556
2024-07-01 07:00:00,0.197348611
2024-07-01 08:00:00,0.197365278
2024-07-01 09:00:00,0.197406944
2024-07-01 10:00:00,0.197470833
2024-07-01 11:00:00,0.197531944
2024-07-01 12:00:00,0.197591667
2024-07-01 13:00:00,0.197634722
2024-07-01 14:00:00,0.197645833
2024-07-01 15:00:00,0.197629167
2024-07-01 16:00:00,0.197584722
2024-07-01 17:00:00,0.197519444
2024-07-01 18:00:00,0.197390278
2024-07-01 19:00:00,0.197256944
2024-07-01 20:00:00,0.197026389
2024-07-01 21:00:00,0.196795833
2024-07-01 22:00:00,0.196551389
2024-07-01 23:00:00,0.196270833
2024-07-02 00:00:00,0.195965278
2024-07-02 01:00:00,0.195694444
2024-07-02 02:00:00,0.195438889
2024-07-02 03:00:00,0.195169444
2024-07-02 04:00:00,0.194975
2024-07-02 05:00:00,0.194804167
2024-07-02 06:00:00,0.194591667
2024-07-02 07:00:00,0.194415278
2024-07-02 08:00:00,0.194281944
2024-07-02 09:00:00,0.194175
2024-07-02 10:00:00,0.194098611
2024-07-02 11:00:00,0.1940375
2024-07-02 12:00:00,0.194002778
2024-07-02 13:00:00,0.193993056
2024-07-02 14:00:00,0.193986111
2024-07-02 15:00:00,0.193997222
2024-07-02 16:00:00,0.194008333
2024-07-02 17:00:00,0.194008333
2024-07-02 18:00:00,0.193976389
2024-07-02 19:00:00,0.193925
2024-07-02 20:00:00,0.193822222
2024-07-02 21:00:00,0.193725
2024-07-02 22:00:00,0.193586111
2024-07-02 23:00:00,0.193384722
2024-07-03 00:00:00,0.193165278
2024-07-03 01:00:00,0.1929375
2024-07-03 02:00:00,0.192640278
2024-07-03 03:00:00,0.192326389
2024-07-03 04:00:00,0.192045833
2024-07-03 05:00:00,0.191752778
2024-07-03 06:00:00,0.191481944
2024-07-03 07:00:00,0.191197222
2024-07-03 08:00:00,0.190943056
2024-07-03 09:00:00,0.190691667
2024-07-03 10:00:00,0.190459722
2024-07-03 11:00:00,0.190269444
2024-07-03 12:00:00,0.190080556
2024-07-03 13:00:00,0.189891667
2024-07-03 14:00:00,0.189702778
2024-07-03 15:00:00,0.189479167
2024-07-03 16:00:00,0.189241667
2024-07-03 17:00:00,0.189009722
2024-07-03 18:00:00,0.188715278
2024-07-03 19:00:00,0.188395833
2024-07-03 20:00:00,0.188094444
2024-07-03 21:00:00,0.187754167
2024-07-03 22:00:00,0.187368056
2024-07-03 23:00:00,0.186936111
2024-07-04 00:00:00,0.186475
2024-07-04 01:00:00,0.186002778
2024-07-04 02:00:00,0.185497222
2024-07-04 03:00:00,0.184995833
2024-07-04 04:00:00,0.184501389
2024-07-04 05:00:00,0.184045833
2024-07-04 06:00:00,0.183581944
2024-07-04 07:00:00,0.183104167
2024-07-04 08:00:00,0.182619444
2024-07-04 09:00:00,0.182159722
2024-07-04 10:00:00,0.181725
2024-07-04 11:00:00,0.181344444
2024-07-04 12:00:00,0.180947222
2024-07-04 13:00:00,0.180588889
2024-07-04 14:00:00,0.180258333
2024-07-04 15:00:00,0.17995
2024-07-04 16:00:00,0.179690278
2024-07-04 17:00:00,0.179398611
2024-07-04 18:00:00,0.1791
2024-07-04 19:00:00,0.178759722
2024-07-04 20:00:00,0.178518056
2024-07-04 21:00:00,0.178251389
2024-07-04 22:00:00,0.177920833
2024-07-04 23:00:00,0.177595833
2024-07-05 00:00:00,0.1772625
2024-07-05 01:00:00,0.1769125
2024-07-05 02:00:00,0.176579167
2024-07-05 03:00:00,0.176234722
2024-07-05 04:00:00,0.175856944
2024-07-05 05:00:00,0.175523611
2024-07-05 06:00:00,0.175188889
2024-07-05 07:00:00,0.174829167
2024-07-05 08:00:00,0.174438889
2024-07-05 09:00:00,0.174070833
2024-07-05 10:00:00,0.173731944
2024-07-05 11:00:00,0.173429167
2024-07-05 12:00:00,0.173111111
2024-07-05 13:00:00,0.172795833
2024-07-05 14:00:00,0.172525
2024-07-05 15:00:00,0.172276389
2024-07-05 16:00:00,0.172047222
2024-07-05 17:00:00,0.171881944
2024-07-05 18:00:00,0.171709722
2024-07-05 19:00:00,0.171531944
2024-07-05 20:00:00,0.171354167
2024-07-05 21:00:00,0.171169444
2024-07-05 22:00:00,0.170966667
2024-07-05 23:00:00,0.170738889
2024-07-06 00:00:00,0.170469444
2024-07-06 01:00:00,0.170222222
2024-07-06 02:00:00,0.169973611
2024-07-06 03:00:00,0.169686111
2024-07-06 04:00:00,0.169418056
2024-07-06 05:00:00,0.169156944
2024-07-06 06:00:00,0.168894444
2024-07-06 07:00:00,0.16865
2024-07-06 08:00:00,0.168393056
2024-07-06 09:00:00,0.168138889
2024-07-06 10:00:00,0.167904167
2024-07-06 11:00:00,0.167644444
2024-07-06 12:00:00,0.167405556
2024-07-06 13:00:00,0.167197222
2024-07-06 14:00:00,0.166994444
2024-07-06 15:00:00,0.166840278
2024-07-06 16:00:00,0.166720833
2024-07-06 17:00:00,0.166530556
2024-07-06 18:00:00,0.166494444
2024-07-06 19:00:00,0.166448611
2024-07-06 20:00:00,0.166397222
2024-07-06 21:00:00,0.166333333
2024-07-06 22:00:00,0.166268056
2024-07-06 23:00:00,0.166222222
2024-07-07 00:00:00,0.166145833
2024-07-07 01:00:00,0.166077778
2024-07-07 02:00:00,0.165965278
2024-07-07 03:00:00,0.165833333
2024-07-07 04:00:00,0.165679167
2024-07-07 05:00:00,0.165477778
2024-07-07 06:00:00,0.165254167
2024-07-07 07:00:00,0.165031944
2024-07-07 08:00:00,0.164768056
2024-07-07 09:00:00,0.164473611
2024-07-07 10:00:00,0.164159722
2024-07-07 11:00:00,0.163825
2024-07-07 12:00:00,0.163493056
2024-07-07 13:00:00,0.163169444
2024-07-07 14:00:00,0.1628625
2024-07-07 15:00:00,0.162575
2024-07-07 16:00:00,0.162305556
2024-07-07 17:00:00,0.162047222
2024-07-07 18:00:00,0.1618375
2024-07-07 19:00:00,0.161705556
2024-07-07 20:00:00,0.161616667
2024-07-07 21:00:00,0.161518056
2024-07-07 22:00:00,0.161436111
2024-07-07 23:00:00,0.161377778
2024-07-08 00:00:00,0.161347222
2024-07-08 01:00:00,0.161322222
2024-07-08 02:00:00,0.161306944
2024-07-08 03:00:00,0.161297222
2024-07-08 04:00:00,0.161279167
2024-07-08 05:00:00,0.161280556
2024-07-08 06:00:00,0.161261111
2024-07-08 07:00:00,0.161247222
2024-07-08 08:00:00,0.161243056
2024-07-08 09:00:00,0.161191667
2024-07-08 10:00:00,0.161122222
2024-07-08 11:00:00,0.161055556
2024-07-08 12:00:00,0.160972222
2024-07-08 13:00:00,0.1608625
2024-07-08 14:00:00,0.160727778
2024-07-08 15:00:00,0.160570833
2024-07-08 16:00:00,0.160426389
2024-07-08 17:00:00,0.160281944
2024-07-08 18:00:00,0.160136111
2024-07-08 19:00:00,0.160008333
2024-07-08 20:00:00,0.159891667
2024-07-08 21:00:00,0.159820833
2024-07-08 22:00:00,0.159775
2024-07-08 23:00:00,0.159743056
2024-07-09 00:00:00,0.159720833
2024-07-09 01:00:00,0.159713889
2024-07-09 02:00:00,0.159709722
2024-07-09 03:00:00,0.159702778
2024-07-09 04:00:00,0.159723611
2024-07-09 05:00:00,0.159722222
2024-07-09 06:00:00,0.159745833
2024-07-09 07:00:00,0.159797222
2024-07-09 08:00:00,0.159826389
2024-07-09 09:00:00,0.159880556
2024-07-09 10:00:00,0.159919444
2024-07-09 11:00:00,0.159904167
2024-07-09 12:00:00,0.159876389
2024-07-09 13:00:00,0.1598125
2024-07-09 14:00:00,0.159720833
2024-07-09 15:00:00,0.159619444
2024-07-09 16:00:00,0.159504167
2024-07-09 17:00:00,0.159365278
2024-07-09 18:00:00,0.159222222
2024-07-09 19:00:00,0.159093056
2024-07-09 20:00:00,0.159002778
2024-07-09 21:00:00,0.158915278
2024-07-09 22:00:00,0.158875
2024-07-09 23:00:00,0.158826389
2024-07-10 00:00:00,0.158795833
2024-07-10 01:00:00,0.158831944
2024-07-10 02:00:00,0.158883333
2024-07-10 03:00:00,0.158955556
2024-07-10 04:00:00,0.159054167
2024-07-10 05:00:00,0.1591875
2024-07-10 06:00:00,0.159351389
2024-07-10 07:00:00,0.159504167
2024-07-10 08:00:00,0.159645833
2024-07-10 09:00:00,0.159811111
2024-07-10 10:00:00,0.159943056
2024-07-10 11:00:00,0.160009722
2024-07-10 12:00:00,0.160066667
2024-07-10 13:00:00,0.160061111
2024-07-10 14:00:00,0.159977778
2024-07-10 15:00:00,0.159852778
2024-07-10 16:00:00,0.1597
2024-07-10 17:00:00,0.159502778
2024-07-10 18:00:00,0.159286111
2024-07-10 19:00:00,0.159045833
2024-07-10 20:00:00,0.158825
2024-07-10 21:00:00,0.158616667
2024-07-10 22:00:00,0.158452778
2024-07-10 23:00:00,0.158330556
2024-07-11 00:00:00,0.158275
2024-07-11 01:00:00,0.158240278
2024-07-11 02:00:00,0.158252778
2024-07-11 03:00:00,0.158290278
2024-07-11 04:00:00,0.158384722
2024-07-11 05:00:00,0.158547222
2024-07-11 06:00:00,0.158776389
2024-07-11 07:00:00,0.159065278
2024-07-11 08:00:00,0.159398611
2024-07-11 09:00:00,0.159733333
2024-07-11 10:00:00,0.1600875
2024-07-11 11:00:00,0.160416667
2024-07-11 12:00:00,0.160723611
2024-07-11 13:00:00,0.160968056
2024-07-11 14:00:00,0.161130556
2024-07-11 15:00:00,0.161180556
2024-07-11 16:00:00,0.161152778
2024-07-11 17:00:00,0.161063889
2024-07-11 18:00:00,0.160926389
2024-07-11 19:00:00,0.16075
2024-07-11 20:00:00,0.160563889
2024-07-11 21:00:00,0.160380556
2024-07-11 22:00:00,0.160229167
2024-07-11 23:00:00,0.160131944
2024-07-12 00:00:00,0.160080556
2024-07-12 01:00:00,0.160066667
2024-07-12 02:00:00,0.160063889
2024-07-12 03:00:00,0.160168056
2024-07-12 04:00:00,0.160319444
2024-07-12 05:00:00,0.160588889
2024-07-12 06:00:00,0.160905556
2024-07-12 07:00:00,0.161255556
2024-07-12 08:00:00,0.161693056
2024-07-12 09:00:00,0.162143056
2024-07-12 10:00:00,0.162586111
2024-07-12 11:00:00,0.163038889
2024-07-12 12:00:00,0.163470833
2024-07-12 13:00:00,0.163816667
2024-07-12 14:00:00,0.164084722
2024-07-12 15:00:00,0.164273611
2024-07-12 16:00:00,0.164361111
2024-07-12 17:00:00,0.164327778
2024-07-12 18:00:00,0.164230556
2024-07-12 19:00:00,0.164101389
2024-07-12 20:00:00,0.163880556
2024-07-12 21:00:00,0.163633333
2024-07-12 22:00:00,0.163420833
2024-07-12 23:00:00,0.163208333
2024-07-13 00:00:00,0.163038889
2024-07-13 01:00:00,0.162909722
2024-07-13 02:00:00,0.162891667
2024-07-13 03:00:00,0.162980556
2024-07-13 04:00:00,0.163180556
2024-07-13 05:00:00,0.163456944
2024-07-13 06:00:00,0.163830556
2024-07-13 07:00:00,0.164251389
2024-07-13 08:00:00,0.164715278
2024-07-13 09:00:00,0.165211111
2024-07-13 10:00:00,0.165666667
2024-07-13 11:00:00,0.166095833
2024-07-13 12:00:00,0.166493056
2024-07-13 13:00:00,0.166820833
2024-07-13 14:00:00,0.167109722
2024-07-13 15:00:00,0.167290278
2024-07-13 16:00:00,0.167419444
2024-07-13 17:00:00,0.167475
2024-07-13 18:00:00,0.167445833
2024-07-13 19:00:00,0.167365278
2024-07-13 20:00:00,0.167220833
2024-07-13 21:00:00,0.166988889
2024-07-13 22:00:00,0.166738889
2024-07-13 23:00:00,0.166466667
2024-07-14 00:00:00,0.166180556
2024-07-14 01:00:00,0.165948611
2024-07-14 02:00:00,0.165766667
2024-07-14 03:00:00,0.165640278
2024-07-14 04:00:00,0.165634722
2024-07-14 05:00:00,0.165715278
2024-07-14 06:00:00,0.165875
2024-07-14 07:00:00,0.1660875
2024-07-14 08:00:00,0.166347222
2024-07-14 09:00:00,0.166605556
2024-07-14 10:00:00,0.166851389
2024-07-14 11:00:00,0.167145833
2024-07-14 12:00:00,0.167436111
2024-07-14 13:00:00,0.167731944
2024-07-14 14:00:00,0.1680125
2024-07-14 15:00:00,0.168279167
2024-07-14 16:00:00,0.168519444
2024-07-14 17:00:00,0.168740278
2024-07-14 18:00:00,0.168923611
2024-07-14 19:00:00,0.169044444
2024-07-14 20:00:00,0.169116667
2024-07-14 21:00:00,0.169116667
2024-07-14 22:00:00,0.169054167
2024-07-14 23:00:00,0.1689375
2024-07-15 00:00:00,0.168773611
2024-07-15 01:00:00,0.168605556
2024-07-15 02:00:00,0.168447222
2024-07-15 03:00:00,0.168330556
2024-07-15 04:00:00,0.168255556
2024-07-15 05:00:00,0.168231944
2024-07-15 06:00:00,0.168269444
2024-07-15 07:00:00,0.168329167
2024-07-15 08:00:00,0.168441667
2024-07-15 09:00:00,0.168580556
2024-07-15 10:00:00,0.168740278
2024-07-15 11:00:00,0.168918056
2024-07-15 12:00:00,0.169108333
2024-07-15 13:00:00,0.169313889
2024-07-15 14:00:00,0.169515278
2024-07-15 15:00:00,0.169727778
2024-07-15 16:00:00,0.169943056
2024-07-15 17:00:00,0.17015
2024-07-15 18:00:00,0.170345833
2024-07-15 19:00:00,0.170536111
2024-07-15 20:00:00,0.170705556
2024-07-15 21:00:00,0.170763889
2024-07-15 22:00:00,0.170843056
2024-07-15 23:00:00,0.170909722
2024-07-16 00:00:00,0.170959722
2024-07-16 01:00:00,0.170979167
2024-07-16 02:00:00,0.170983333
2024-07-16 03:00:00,0.170965278
2024-07-16 04:00:00,0.170995833
2024-07-16 05:00:00,0.171036111
2024-07-16 06:00:00,0.171098611
2024-07-16 07:00:00,0.171188889
2024-07-16 08:00:00,0.171261111
2024-07-16 09:00:00,0.1713625
2024-07-16 10:00:00,0.171484722
2024-07-16 11:00:00,0.171640278
2024-07-16 12:00:00,0.171797222
2024-07-16 13:00:00,0.171959722
2024-07-16 14:00:00,0.172158333
2024-07-16 15:00:00,0.172373611
2024-07-16 16:00:00,0.1726
2024-07-16 17:00:00,0.172813889
2024-07-16 18:00:00,0.173011111
2024-07-16 19:00:00,0.173195833
2024-07-16 20:00:00,0.1733625
2024-07-16 21:00:00,0.173488889
2024-07-16 22:00:00,0.173577778
2024-07-16 23:00:00,0.173668056
2024-07-17 00:00:00,0.173726389
2024-07-17 01:00:00,0.173680556
2024-07-17 02:00:00,0.173593056
2024-07-17 03:00:00,0.173459722
2024-07-17 04:00:00,0.173316667
2024-07-17 05:00:00,0.173169444
2024-07-17 06:00:00,0.172998611
2024-07-17 07:00:00,0.172830556
2024-07-17 08:00:00,0.172698611
2024-07-17 09:00:00,0.172586111
2024-07-17 10:00:00,0.172488889
2024-07-17 11:00:00,0.172422222
2024-07-17 12:00:00,0.1724
2024-07-17 13:00:00,0.172384722
2024-07-17 14:00:00,0.172391667
2024-07-17 15:00:00,0.172463889
2024-07-17 16:00:00,0.172565278
2024-07-17 17:00:00,0.172713889
2024-07-17 18:00:00,0.172873611
2024-07-17 19:00:00,0.1730375
2024-07-17 20:00:00,0.173201389
2024-07-17 21:00:00,0.173380556
2024-07-17 22:00:00,0.173548611
2024-07-17 23:00:00,0.173713889
2024-07-18 00:00:00,0.173872222
2024-07-18 01:00:00,0.174008333
2024-07-18 02:00:00,0.174115278
2024-07-18 03:00:00,0.174205556
2024-07-18 04:00:00,0.174244444
2024-07-18 05:00:00,0.174248611
2024-07-18 06:00:00,0.174256944
2024-07-18 07:00:00,0.174229167
2024-07-18 08:00:00,0.174181944
2024-07-18 09:00:00,0.174120833
2024-07-18 10:00:00,0.174056944
2024-07-18 11:00:00,0.173969444
2024-07-18 12:00:00,0.173870833
2024-07-18 13:00:00,0.173794444
2024-07-18 14:00:00,0.173695833
2024-07-18 15:00:00,0.1735875
2024-07-18 16:00:00,0.173533333
2024-07-18 17:00:00,0.173519444
2024-07-18 18:00:00,0.173526389
2024-07-18 19:00:00,0.173529167
2024-07-18 20:00:00,0.173566667
2024-07-18 21:00:00,0.173609722
2024-07-18 22:00:00,0.173666667
2024-07-18 23:00:00,0.173718056
2024-07-19 00:00:00,0.173772222
2024-07-19 01:00:00,0.173829167
2024-07-19 02:00:00,0.173873611
2024-07-19 03:00:00,0.173913889
2024-07-19 04:00:00,0.173948611
2024-07-19 05:00:00,0.173969444
2024-07-19 06:00:00,0.173979167
2024-07-19 07:00:00,0.173998611
2024-07-19 08:00:00,0.173990278
2024-07-19 09:00:00,0.1739625
2024-07-19 10:00:00,0.173945833
2024-07-19 11:00:00,0.173926389
2024-07-19 12:00:00,0.173883333
2024-07-19 13:00:00,0.173906944
2024-07-19 14:00:00,0.173925
2024-07-19 15:00:00,0.173929167
2024-07-19 16:00:00,0.1739375
2024-07-19 17:00:00,0.173961111
2024-07-19 18:00:00,0.1740375
2024-07-19 19:00:00,0.174134722
2024-07-19 20:00:00,0.1742375
2024-07-19 21:00:00,0.174351389
2024-07-19 22:00:00,0.174483333
2024-07-19 23:00:00,0.174634722
2024-07-20 00:00:00,0.174777778
2024-07-20 01:00:00,0.174923611
2024-07-20 02:00:00,0.175086111
2024-07-20 03:00:00,0.175226389
2024-07-20 04:00:00,0.175386111
2024-07-20 05:00:00,0.175520833
2024-07-20 06:00:00,0.175619444
2024-07-20 07:00:00,0.175731944
2024-07-20 08:00:00,0.175809722
2024-07-20 09:00:00,0.175886111
2024-07-20 10:00:00,0.175959722
2024-07-20 11:00:00,0.176004167
2024-07-20 12:00:00,0.176054167
2024-07-20 13:00:00,0.176088889
2024-07-20 14:00:00,0.176133333
2024-07-20 15:00:00,0.176179167
2024-07-20 16:00:00,0.176222222
2024-07-20 17:00:00,0.176284722
2024-07-20 18:00:00,0.176373611
2024-07-20 19:00:00,0.176505556
2024-07-20 20:00:00,0.176676389
2024-07-20 21:00:00,0.176868056
2024-07-20 22:00:00,0.177068056
2024-07-20 23:00:00,0.1773
2024-07-21 00:00:00,0.177525
2024-07-21 01:00:00,0.177825
2024-07-21 02:00:00,0.178140278
2024-07-21 03:00:00,0.178461111
2024-07-21 04:00:00,0.178848611
2024-07-21 05:00:00,0.179355556
2024-07-21 06:00:00,0.179825
2024-07-21 07:00:00,0.180259722
2024-07-21 08:00:00,0.180729167
2024-07-21 09:00:00,0.181181944
2024-07-21 10:00:00,0.181554167
2024-07-21 11:00:00,0.181920833
2024-07-21 12:00:00,0.182233333
2024-07-21 13:00:00,0.182531944
2024-07-21 14:00:00,0.182795833
2024-07-21 15:00:00,0.183041667
2024-07-21 16:00:00,0.183276389
2024-07-21 17:00:00,0.183491667
2024-07-21 18:00:00,0.183702778
2024-07-21 19:00:00,0.183922222
2024-07-21 20:00:00,0.184126389
2024-07-21 21:00:00,0.184351389
2024-07-21 22:00:00,0.184584722
2024-07-21 23:00:00,0.184809722
2024-07-22 00:00:00,0.185020833
2024-07-22 01:00:00,0.185236111
2024-07-22 02:00:00,0.185461111
2024-07-22 03:00:00,0.185690278
2024-07-22 04:00:00,0.185936111
2024-07-22 05:00:00,0.1861875
2024-07-22 06:00:00,0.186430556
2024-07-22 07:00:00,0.186679167
2024-07-22 08:00:00,0.1869
2024-07-22 09:00:00,0.187080556
2024-07-22 10:00:00,0.187222222
2024-07-22 11:00:00,0.187343056
2024-07-22 12:00:00,0.1874125
2024-07-22 13:00:00,0.187429167
2024-07-22 14:00:00,0.187427778
2024-07-22 15:00:00,0.1873875
2024-07-22 16:00:00,0.187326389
2024-07-22 17:00:00,0.187269444
2024-07-22 18:00:00,0.187195833
2024-07-22 19:00:00,0.187136111
2024-07-22 20:00:00,0.1870625
2024-07-22 21:00:00,0.187013889
2024-07-22 22:00:00,0.186994444
2024-07-22 23:00:00,0.186955556
2024-07-23 00:00:00,0.186955556
2024-07-23 01:00:00,0.186980556
2024-07-23 02:00:00,0.187026389
2024-07-23 03:00:00,0.187098611
2024-07-23 04:00:00,0.187225
2024-07-23 05:00:00,0.187391667
2024-07-23 06:00:00,0.187586111
2024-07-23 07:00:00,0.187818056
2024-07-23 08:00:00,0.188063889
2024-07-23 09:00:00,0.188284722
2024-07-23 10:00:00,0.188469444
2024-07-23 11:00:00,0.188622222
2024-07-23 12:00:00,0.188729167
2024-07-23 13:00:00,0.188773611
2024-07-23 14:00:00,0.188765278
2024-07-23 15:00:00,0.188704167
2024-07-23 16:00:00,0.188620833
2024-07-23 17:00:00,0.188519444
2024-07-23 18:00:00,0.188376389
2024-07-23 19:00:00,0.188236111
2024-07-23 20:00:00,0.188084722
2024-07-23 21:00:00,0.187948611
2024-07-23 22:00:00,0.187823611
2024-07-23 23:00:00,0.1877125
2024-07-24 00:00:00,0.187640278
2024-07-24 01:00:00,0.1875625
2024-07-24 02:00:00,0.187511111
2024-07-24 03:00:00,0.187515278
2024-07-24 04:00:00,0.187556944
2024-07-24 05:00:00,0.187648611
2024-07-24 06:00:00,0.187755556
2024-07-24 07:00:00,0.187876389
2024-07-24 08:00:00,0.188011111
2024-07-24 09:00:00,0.188126389
2024-07-24 10:00:00,0.188240278
2024-07-24 11:00:00,0.188306944
2024-07-24 12:00:00,0.188313889
2024-07-24 13:00:00,0.188280556
2024-07-24 14:00:00,0.188166667
2024-07-24 15:00:00,0.188020833
2024-07-24 16:00:00,0.187859722
2024-07-24 17:00:00,0.187681944
2024-07-24 18:00:00,0.1875
2024-07-24 19:00:00,0.187323611
2024-07-24 20:00:00,0.187134722
2024-07-24 21:00:00,0.186984722
2024-07-24 22:00:00,0.186826389
2024-07-24 23:00:00,0.1867375
2024-07-25 00:00:00,0.186647222
2024-07-25 01:00:00,0.186575
2024-07-25 02:00:00,0.186515278
2024-07-25 03:00:00,0.186504167
2024-07-25 04:00:00,0.186541667
2024-07-25 05:00:00,0.186638889
2024-07-25 06:00:00,0.186780556
2024-07-25 07:00:00,0.186925
2024-07-25 08:00:00,0.187125
2024-07-25 09:00:00,0.187343056
2024-07-25 10:00:00,0.187548611
2024-07-25 11:00:00,0.187720833
2024-07-25 12:00:00,0.187848611
2024-07-25 13:00:00,0.187936111
2024-07-25 14:00:00,0.187956944
2024-07-25 15:00:00,0.187922222
2024-07-25 16:00:00,0.187788889
2024-07-25 17:00:00,0.1876625
2024-07-25 18:00:00,0.187547222
2024-07-25 19:00:00,0.187398611
2024-07-25 20:00:00,0.1872625
2024-07-25 21:00:00,0.187158333
2024-07-25 22:00:00,0.187070833
2024-07-25 23:00:00,0.187020833
2024-07-26 00:00:00,0.186975
2024-07-26 01:00:00,0.186970833
2024-07-26 02:00:00,0.187038889
2024-07-26 03:00:00,0.187161111
2024-07-26 04:00:00,0.187322222
2024-07-26 05:00:00,0.187525
2024-07-26 06:00:00,0.187729167
2024-07-26 07:00:00,0.187945833
2024-07-26 08:00:00,0.188159722
2024-07-26 09:00:00,0.188363889
2024-07-26 10:00:00,0.188572222
2024-07-26 11:00:00,0.188731944
2024-07-26 12:00:00,0.188845833
2024-07-26 13:00:00,0.188945833
2024-07-26 14:00:00,0.188995833
2024-07-26 15:00:00,0.188994444
2024-07-26 16:00:00,0.188952778
2024-07-26 17:00:00,0.188869444
2024-07-26 18:00:00,0.188755556
2024-07-26 19:00:00,0.188641667
2024-07-26 20:00:00,0.188522222
2024-07-26 21:00:00,0.188398611
2024-07-26 22:00:00,0.188281944
2024-07-26 23:00:00,0.1882
2024-07-27 00:00:00,0.188154167
2024-07-27 01:00:00,0.188138889
2024-07-27 02:00:00,0.188172222
2024-07-27 03:00:00,0.188273611
2024-07-27 04:00:00,0.188405556
2024-07-27 05:00:00,0.188552778
2024-07-27 06:00:00,0.188722222
2024-07-27 07:00:00,0.188909722
2024-07-27 08:00:00,0.189109722
2024-07-27 09:00:00,0.189302778
2024-07-27 10:00:00,0.189475
2024-07-27 11:00:00,0.1896125
2024-07-27 12:00:00,0.189705556
2024-07-27 13:00:00,0.189766667
2024-07-27 14:00:00,0.189781944
2024-07-27 15:00:00,0.189740278
2024-07-27 16:00:00,0.189663889
2024-07-27 17:00:00,0.189545833
2024-07-27 18:00:00,0.189406944
2024-07-27 19:00:00,0.189265278
2024-07-27 20:00:00,0.189125
2024-07-27 21:00:00,0.188986111
2024-07-27 22:00:00,0.188847222
2024-07-27 23:00:00,0.188709722
2024-07-28 00:00:00,0.188645833
2024-07-28 01:00:00,0.188569444
2024-07-28 02:00:00,0.188545833
2024-07-28 03:00:00,0.188618056
2024-07-28 04:00:00,0.188730556
2024-07-28 05:00:00,0.188883333
2024-07-28 06:00:00,0.189055556
2024-07-28 07:00:00,0.189236111
2024-07-28 08:00:00,0.189425
2024-07-28 09:00:00,0.189597222
2024-07-28 10:00:00,0.18975
2024-07-28 11:00:00,0.189872222
2024-07-28 12:00:00,0.189980556
2024-07-28 13:00:00,0.190056944
2024-07-28 14:00:00,0.1901
2024-07-28 15:00:00,0.190113889
2024-07-28 16:00:00,0.190098611
2024-07-28 17:00:00,0.190070833
2024-07-28 18:00:00,0.190018056
2024-07-28 19:00:00,0.189976389
2024-07-28 20:00:00,0.189902778
2024-07-28 21:00:00,0.189806944
2024-07-28 22:00:00,0.189708333
2024-07-28 23:00:00,0.189606944
2024-07-29 00:00:00,0.189525
2024-07-29 01:00:00,0.189491667
2024-07-29 02:00:00,0.189473611
2024-07-29 03:00:00,0.189488889
2024-07-29 04:00:00,0.189543056
2024-07-29 05:00:00,0.189625
2024-07-29 06:00:00,0.189727778
2024-07-29 07:00:00,0.189861111
2024-07-29 08:00:00,0.190006944
2024-07-29 09:00:00,0.19015
2024-07-29 10:00:00,0.190284722
2024-07-29 11:00:00,0.190411111
2024-07-29 12:00:00,0.190505556
2024-07-29 13:00:00,0.190573611
2024-07-29 14:00:00,0.190615278
2024-07-29 15:00:00,0.190643056
2024-07-29 16:00:00,0.190641667
2024-07-29 17:00:00,0.190608333
2024-07-29 18:00:00,0.190544444
2024-07-29 19:00:00,0.190469444
2024-07-29 20:00:00,0.190370833
2024-07-29 21:00:00,0.1902375
2024-07-29 22:00:00,0.19005
2024-07-29 23:00:00,0.189848611
2024-07-30 00:00:00,0.189668056
2024-07-30 01:00:00,0.1894875
2024-07-30 02:00:00,0.189359722
2024-07-30 03:00:00,0.189254167
2024-07-30 04:00:00,0.189175
2024-07-30 05:00:00,0.189126389
2024-07-30 06:00:00,0.189102778
2024-07-30 07:00:00,0.189119444
2024-07-30 08:00:00,0.189156944
2024-07-30 09:00:00,0.189170833
2024-07-30 10:00:00,0.189208333
2024-07-30 11:00:00,0.189270833
2024-07-30 12:00:00,0.189325
2024-07-30 13:00:00,0.189395833
2024-07-30 14:00:00,0.18945
2024-07-30 15:00:00,0.189484722
2024-07-30 16:00:00,0.189505556
2024-07-30 17:00:00,0.189501389
2024-07-30 18:00:00,0.189484722
2024-07-30 19:00:00,0.189458333
2024-07-30 20:00:00,0.189394444
2024-07-30 21:00:00,0.189316667
2024-07-30 22:00:00,0.189190278
2024-07-30 23:00:00,0.189030556
2024-07-31 00:00:00,0.188879167
2024-07-31 01:00:00,0.188727778
2024-07-31 02:00:00,0.188572222
2024-07-31 03:00:00,0.188416667
2024-07-31 04:00:00,0.188270833
2024-07-31 05:00:00,0.188141667
2024-07-31 06:00:00,0.188036111
2024-07-31 07:00:00,0.187943056
2024-07-31 08:00:00,0.187883333
2024-07-31 09:00:00,0.187841667
2024-07-31 10:00:00,0.187802778
2024-07-31 11:00:00,0.187781944
2024-07-31 12:00:00,0.187763889
2024-07-31 13:00:00,0.187763889
2024-07-31 14:00:00,0.187784722
2024-07-31 15:00:00,0.187781944
2024-07-31 16:00:00,0.187773611
2024-07-31 17:00:00,0.187768056
2024-07-31 18:00:00,0.187756944
2024-07-31 19:00:00,0.187744444
2024-07-31 20:00:00,0.187751389
2024-07-31 21:00:00,0.1877625
2024-07-31 22:00:00,0.187734722
2024-07-31 23:00:00,0.187684722
