time,WL_trend_30d_filled
2020-06-01 00:00:00,0.271777778
2020-06-01 01:00:00,0.271622222
2020-06-01 02:00:00,0.271490278
2020-06-01 03:00:00,0.271379167
2020-06-01 04:00:00,0.271298611
2020-06-01 05:00:00,0.271259722
2020-06-01 06:00:00,0.271240278
2020-06-01 07:00:00,0.271270833
2020-06-01 08:00:00,0.271336111
2020-06-01 09:00:00,0.271422222
2020-06-01 10:00:00,0.271536111
2020-06-01 11:00:00,0.271640278
2020-06-01 12:00:00,0.271777778
2020-06-01 13:00:00,0.271911111
2020-06-01 14:00:00,0.272016667
2020-06-01 15:00:00,0.2721125
2020-06-01 16:00:00,0.272161111
2020-06-01 17:00:00,0.272172222
2020-06-01 18:00:00,0.2721625
2020-06-01 19:00:00,0.272154167
2020-06-01 20:00:00,0.272123611
2020-06-01 21:00:00,0.272073611
2020-06-01 22:00:00,0.271993056
2020-06-01 23:00:00,0.271884722
2020-06-02 00:00:00,0.2717875
2020-06-02 01:00:00,0.271675
2020-06-02 02:00:00,0.271590278
2020-06-02 03:00:00,0.271461111
2020-06-02 04:00:00,0.271420833
2020-06-02 05:00:00,0.271393056
2020-06-02 06:00:00,0.271298611
2020-06-02 07:00:00,0.2713375
2020-06-02 08:00:00,0.271418056
2020-06-02 09:00:00,0.271522222
2020-06-02 10:00:00,0.271655556
2020-06-02 11:00:00,0.271786111
2020-06-02 12:00:00,0.271934722
2020-06-02 13:00:00,0.272094444
2020-06-02 14:00:00,0.272223611
2020-06-02 15:00:00,0.272380556
2020-06-02 16:00:00,0.272434722
2020-06-02 17:00:00,0.272480556
2020-06-02 18:00:00,0.272511111
2020-06-02 19:00:00,0.272505556
2020-06-02 20:00:00,0.272495833
2020-06-02 21:00:00,0.272447222
2020-06-02 22:00:00,0.272386111
2020-06-02 23:00:00,0.272311111
2020-06-03 00:00:00,0.272201389
2020-06-03 01:00:00,0.272111111
2020-06-03 02:00:00,0.272018056
2020-06-03 03:00:00,0.271945833
2020-06-03 04:00:00,0.271877778
2020-06-03 05:00:00,0.271840278
2020-06-03 06:00:00,0.271847222
2020-06-03 07:00:00,0.271906944
2020-06-03 08:00:00,0.272015278
2020-06-03 09:00:00,0.272163889
2020-06-03 10:00:00,0.272327778
2020-06-03 11:00:00,0.272519444
2020-06-03 12:00:00,0.272727778
2020-06-03 13:00:00,0.272938889
2020-06-03 14:00:00,0.273131944
2020-06-03 15:00:00,0.273320833
2020-06-03 16:00:00,0.273490278
2020-06-03 17:00:00,0.273648611
2020-06-03 18:00:00,0.273773611
2020-06-03 19:00:00,0.273877778
2020-06-03 20:00:00,0.273968056
2020-06-03 21:00:00,0.274056944
2020-06-03 22:00:00,0.274106944
2020-06-03 23:00:00,0.274127778
2020-06-04 00:00:00,0.2740875
2020-06-04 01:00:00,0.274008333
2020-06-04 02:00:00,0.273938889
2020-06-04 03:00:00,0.273861111
2020-06-04 04:00:00,0.273765278
2020-06-04 05:00:00,0.273679167
2020-06-04 06:00:00,0.273609722
2020-06-04 07:00:00,0.273572222
2020-06-04 08:00:00,0.273573611
2020-06-04 09:00:00,0.273606944
2020-06-04 10:00:00,0.273666667
2020-06-04 11:00:00,0.273747222
2020-06-04 12:00:00,0.273851389
2020-06-04 13:00:00,0.273981944
2020-06-04 14:00:00,0.274147222
2020-06-04 15:00:00,0.274375
2020-06-04 16:00:00,0.274598611
2020-06-04 17:00:00,0.274834722
2020-06-04 18:00:00,0.275079167
2020-06-04 19:00:00,0.275295833
2020-06-04 20:00:00,0.275509722
2020-06-04 21:00:00,0.275715278
2020-06-04 22:00:00,0.275901389
2020-06-04 23:00:00,0.276065278
2020-06-05 00:00:00,0.276172222
2020-06-05 01:00:00,0.276273611
2020-06-05 02:00:00,0.276319444
2020-06-05 03:00:00,0.276331944
2020-06-05 04:00:00,0.276327778
2020-06-05 05:00:00,0.276295833
2020-06-05 06:00:00,0.276256944
2020-06-05 07:00:00,0.276209722
2020-06-05 08:00:00,0.276180556
2020-06-05 09:00:00,0.276165278
2020-06-05 10:00:00,0.276176389
2020-06-05 11:00:00,0.276193056
2020-06-05 12:00:00,0.276231944
2020-06-05 13:00:00,0.276294444
2020-06-05 14:00:00,0.276369444
2020-06-05 15:00:00,0.276473611
2020-06-05 16:00:00,0.276590278
2020-06-05 17:00:00,0.276722222
2020-06-05 18:00:00,0.276866667
2020-06-05 19:00:00,0.276994444
2020-06-05 20:00:00,0.277088889
2020-06-05 21:00:00,0.277197222
2020-06-05 22:00:00,0.2772875
2020-06-05 23:00:00,0.277369444
2020-06-06 00:00:00,0.277426389
2020-06-06 01:00:00,0.277475
2020-06-06 02:00:00,0.277490278
2020-06-06 03:00:00,0.277458333
2020-06-06 04:00:00,0.277405556
2020-06-06 05:00:00,0.277358333
2020-06-06 06:00:00,0.277286111
2020-06-06 07:00:00,0.277223611
2020-06-06 08:00:00,0.277168056
2020-06-06 09:00:00,0.277127778
2020-06-06 10:00:00,0.277088889
2020-06-06 11:00:00,0.277068056
2020-06-06 12:00:00,0.277070833
2020-06-06 13:00:00,0.277097222
2020-06-06 14:00:00,0.277131944
2020-06-06 15:00:00,0.277176389
2020-06-06 16:00:00,0.277229167
2020-06-06 17:00:00,0.277293056
2020-06-06 18:00:00,0.277366667
2020-06-06 19:00:00,0.277447222
2020-06-06 20:00:00,0.277541667
2020-06-06 21:00:00,0.277622222
2020-06-06 22:00:00,0.277691667
2020-06-06 23:00:00,0.277754167
2020-06-07 00:00:00,0.277826389
2020-06-07 01:00:00,0.277872222
2020-06-07 02:00:00,0.277893056
2020-06-07 03:00:00,0.277902778
2020-06-07 04:00:00,0.277893056
2020-06-07 05:00:00,0.277858333
2020-06-07 06:00:00,0.277802778
2020-06-07 07:00:00,0.277738889
2020-06-07 08:00:00,0.277643056
2020-06-07 09:00:00,0.277551389
2020-06-07 10:00:00,0.277455556
2020-06-07 11:00:00,0.2773875
2020-06-07 12:00:00,0.277320833
2020-06-07 13:00:00,0.277254167
2020-06-07 14:00:00,0.277233333
2020-06-07 15:00:00,0.277195833
2020-06-07 16:00:00,0.277191667
2020-06-07 17:00:00,0.277194444
2020-06-07 18:00:00,0.277219444
2020-06-07 19:00:00,0.2772875
2020-06-07 20:00:00,0.277308333
2020-06-07 21:00:00,0.277356944
2020-06-07 22:00:00,0.277413889
2020-06-07 23:00:00,0.277483333
2020-06-08 00:00:00,0.277527778
2020-06-08 01:00:00,0.277581944
2020-06-08 02:00:00,0.277597222
2020-06-08 03:00:00,0.2776
2020-06-08 04:00:00,0.277602778
2020-06-08 05:00:00,0.277572222
2020-06-08 06:00:00,0.277525
2020-06-08 07:00:00,0.277420833
2020-06-08 08:00:00,0.277313889
2020-06-08 09:00:00,0.277184722
2020-06-08 10:00:00,0.2770625
2020-06-08 11:00:00,0.276976389
2020-06-08 12:00:00,0.2768625
2020-06-08 13:00:00,0.276768056
2020-06-08 14:00:00,0.276647222
2020-06-08 15:00:00,0.276516667
2020-06-08 16:00:00,0.276426389
2020-06-08 17:00:00,0.276380556
2020-06-08 18:00:00,0.276379167
2020-06-08 19:00:00,0.276398611
2020-06-08 20:00:00,0.276476389
2020-06-08 21:00:00,0.276548611
2020-06-08 22:00:00,0.276651389
2020-06-08 23:00:00,0.276706944
2020-06-09 00:00:00,0.276752778
2020-06-09 01:00:00,0.276811111
2020-06-09 02:00:00,0.276863889
2020-06-09 03:00:00,0.276906944
2020-06-09 04:00:00,0.276919444
2020-06-09 05:00:00,0.276898611
2020-06-09 06:00:00,0.276851389
2020-06-09 07:00:00,0.276765278
2020-06-09 08:00:00,0.276622222
2020-06-09 09:00:00,0.276436111
2020-06-09 10:00:00,0.276255556
2020-06-09 11:00:00,0.276043056
2020-06-09 12:00:00,0.275819444
2020-06-09 13:00:00,0.275561111
2020-06-09 14:00:00,0.275322222
2020-06-09 15:00:00,0.275084722
2020-06-09 16:00:00,0.274854167
2020-06-09 17:00:00,0.274623611
2020-06-09 18:00:00,0.274402778
2020-06-09 19:00:00,0.274222222
2020-06-09 20:00:00,0.274052778
2020-06-09 21:00:00,0.273916667
2020-06-09 22:00:00,0.273788889
2020-06-09 23:00:00,0.273622222
2020-06-10 00:00:00,0.273459722
2020-06-10 01:00:00,0.273311111
2020-06-10 02:00:00,0.273088889
2020-06-10 03:00:00,0.272806944
2020-06-10 04:00:00,0.2725875
2020-06-10 05:00:00,0.272359722
2020-06-10 06:00:00,0.272106944
2020-06-10 07:00:00,0.271883333
2020-06-10 08:00:00,0.271641667
2020-06-10 09:00:00,0.271384722
2020-06-10 10:00:00,0.2711375
2020-06-10 11:00:00,0.270897222
2020-06-10 12:00:00,0.2706375
2020-06-10 13:00:00,0.270366667
2020-06-10 14:00:00,0.270097222
2020-06-10 15:00:00,0.269802778
2020-06-10 16:00:00,0.269481944
2020-06-10 17:00:00,0.269158333
2020-06-10 18:00:00,0.268838889
2020-06-10 19:00:00,0.268531944
2020-06-10 20:00:00,0.268225
2020-06-10 21:00:00,0.267947222
2020-06-10 22:00:00,0.267675
2020-06-10 23:00:00,0.267405556
2020-06-11 00:00:00,0.267179167
2020-06-11 01:00:00,0.266965278
2020-06-11 02:00:00,0.2667
2020-06-11 03:00:00,0.266433333
2020-06-11 04:00:00,0.266225
2020-06-11 05:00:00,0.2660125
2020-06-11 06:00:00,0.2658
2020-06-11 07:00:00,0.265620833
2020-06-11 08:00:00,0.265427778
2020-06-11 09:00:00,0.265219444
2020-06-11 10:00:00,0.265019444
2020-06-11 11:00:00,0.264795833
2020-06-11 12:00:00,0.264591667
2020-06-11 13:00:00,0.264380556
2020-06-11 14:00:00,0.264138889
2020-06-11 15:00:00,0.263872222
2020-06-11 16:00:00,0.263597222
2020-06-11 17:00:00,0.263306944
2020-06-11 18:00:00,0.263015278
2020-06-11 19:00:00,0.262731944
2020-06-11 20:00:00,0.262425
2020-06-11 21:00:00,0.262136111
2020-06-11 22:00:00,0.261881944
2020-06-11 23:00:00,0.261626389
2020-06-12 00:00:00,0.2613875
2020-06-12 01:00:00,0.261166667
2020-06-12 02:00:00,0.260983333
2020-06-12 03:00:00,0.260794444
2020-06-12 04:00:00,0.260652778
2020-06-12 05:00:00,0.260518056
2020-06-12 06:00:00,0.260393056
2020-06-12 07:00:00,0.260298611
2020-06-12 08:00:00,0.260231944
2020-06-12 09:00:00,0.260170833
2020-06-12 10:00:00,0.260125
2020-06-12 11:00:00,0.2600875
2020-06-12 12:00:00,0.260023611
2020-06-12 13:00:00,0.2599625
2020-06-12 14:00:00,0.259859722
2020-06-12 15:00:00,0.259727778
2020-06-12 16:00:00,0.2595625
2020-06-12 17:00:00,0.2593875
2020-06-12 18:00:00,0.259201389
2020-06-12 19:00:00,0.258975
2020-06-12 20:00:00,0.258754167
2020-06-12 21:00:00,0.258531944
2020-06-12 22:00:00,0.258309722
2020-06-12 23:00:00,0.258127778
2020-06-13 00:00:00,0.257981944
2020-06-13 01:00:00,0.257852778
2020-06-13 02:00:00,0.257738889
2020-06-13 03:00:00,0.257719444
2020-06-13 04:00:00,0.257705556
2020-06-13 05:00:00,0.2576875
2020-06-13 06:00:00,0.257730556
2020-06-13 07:00:00,0.257834722
2020-06-13 08:00:00,0.257952778
2020-06-13 09:00:00,0.258122222
2020-06-13 10:00:00,0.258305556
2020-06-13 11:00:00,0.258547222
2020-06-13 12:00:00,0.258759722
2020-06-13 13:00:00,0.258944444
2020-06-13 14:00:00,0.2591
2020-06-13 15:00:00,0.259193056
2020-06-13 16:00:00,0.259211111
2020-06-13 17:00:00,0.259186111
2020-06-13 18:00:00,0.259105556
2020-06-13 19:00:00,0.258952778
2020-06-13 20:00:00,0.258780556
2020-06-13 21:00:00,0.258566667
2020-06-13 22:00:00,0.258344444
2020-06-13 23:00:00,0.258129167
2020-06-14 00:00:00,0.2579625
2020-06-14 01:00:00,0.257845833
2020-06-14 02:00:00,0.257770833
2020-06-14 03:00:00,0.257759722
2020-06-14 04:00:00,0.257788889
2020-06-14 05:00:00,0.257890278
2020-06-14 06:00:00,0.2580625
2020-06-14 07:00:00,0.258281944
2020-06-14 08:00:00,0.258558333
2020-06-14 09:00:00,0.258905556
2020-06-14 10:00:00,0.259283333
2020-06-14 11:00:00,0.259665278
2020-06-14 12:00:00,0.260058333
2020-06-14 13:00:00,0.260416667
2020-06-14 14:00:00,0.260740278
2020-06-14 15:00:00,0.261008333
2020-06-14 16:00:00,0.261204167
2020-06-14 17:00:00,0.261327778
2020-06-14 18:00:00,0.261376389
2020-06-14 19:00:00,0.261361111
2020-06-14 20:00:00,0.261261111
2020-06-14 21:00:00,0.2611
2020-06-14 22:00:00,0.260913889
2020-06-14 23:00:00,0.260718056
2020-06-15 00:00:00,0.260544444
2020-06-15 01:00:00,0.260380556
2020-06-15 02:00:00,0.260277778
2020-06-15 03:00:00,0.260238889
2020-06-15 04:00:00,0.260256944
2020-06-15 05:00:00,0.260333333
2020-06-15 06:00:00,0.260472222
2020-06-15 07:00:00,0.260666667
2020-06-15 08:00:00,0.260944444
2020-06-15 09:00:00,0.261273611
2020-06-15 10:00:00,0.261641667
2020-06-15 11:00:00,0.262018056
2020-06-15 12:00:00,0.262383333
2020-06-15 13:00:00,0.262734722
2020-06-15 14:00:00,0.2630375
2020-06-15 15:00:00,0.263288889
2020-06-15 16:00:00,0.263484722
2020-06-15 17:00:00,0.263602778
2020-06-15 18:00:00,0.263633333
2020-06-15 19:00:00,0.263568056
2020-06-15 20:00:00,0.2634375
2020-06-15 21:00:00,0.2632375
2020-06-15 22:00:00,0.263005556
2020-06-15 23:00:00,0.262777778
2020-06-16 00:00:00,0.262526389
2020-06-16 01:00:00,0.262270833
2020-06-16 02:00:00,0.262043056
2020-06-16 03:00:00,0.261877778
2020-06-16 04:00:00,0.261773611
2020-06-16 05:00:00,0.261745833
2020-06-16 06:00:00,0.261797222
2020-06-16 07:00:00,0.261945833
2020-06-16 08:00:00,0.2621625
2020-06-16 09:00:00,0.262413889
2020-06-16 10:00:00,0.262709722
2020-06-16 11:00:00,0.263008333
2020-06-16 12:00:00,0.263331944
2020-06-16 13:00:00,0.263638889
2020-06-16 14:00:00,0.263908333
2020-06-16 15:00:00,0.2641625
2020-06-16 16:00:00,0.264379167
2020-06-16 17:00:00,0.264540278
2020-06-16 18:00:00,0.264647222
2020-06-16 19:00:00,0.264672222
2020-06-16 20:00:00,0.264659722
2020-06-16 21:00:00,0.2645875
2020-06-16 22:00:00,0.264469444
2020-06-16 23:00:00,0.2643
2020-06-17 00:00:00,0.264045833
2020-06-17 01:00:00,0.263818056
2020-06-17 02:00:00,0.263623611
2020-06-17 03:00:00,0.263302778
2020-06-17 04:00:00,0.263004167
2020-06-17 05:00:00,0.262744444
2020-06-17 06:00:00,0.262527778
2020-06-17 07:00:00,0.262354167
2020-06-17 08:00:00,0.262277778
2020-06-17 09:00:00,0.262226389
2020-06-17 10:00:00,0.262202778
2020-06-17 11:00:00,0.262209722
2020-06-17 12:00:00,0.262256944
2020-06-17 13:00:00,0.262331944
2020-06-17 14:00:00,0.2623875
2020-06-17 15:00:00,0.262441667
2020-06-17 16:00:00,0.262463889
2020-06-17 17:00:00,0.262454167
2020-06-17 18:00:00,0.262441667
2020-06-17 19:00:00,0.262398611
2020-06-17 20:00:00,0.262275
2020-06-17 21:00:00,0.262126389
2020-06-17 22:00:00,0.261941667
2020-06-17 23:00:00,0.261743056
2020-06-18 00:00:00,0.261486111
2020-06-18 01:00:00,0.261155556
2020-06-18 02:00:00,0.260826389
2020-06-18 03:00:00,0.260427778
2020-06-18 04:00:00,0.260055556
2020-06-18 05:00:00,0.2597
2020-06-18 06:00:00,0.2593625
2020-06-18 07:00:00,0.2590625
2020-06-18 08:00:00,0.2587625
2020-06-18 09:00:00,0.258533333
2020-06-18 10:00:00,0.258354167
2020-06-18 11:00:00,0.258183333
2020-06-18 12:00:00,0.258056944
2020-06-18 13:00:00,0.257958333
2020-06-18 14:00:00,0.257873611
2020-06-18 15:00:00,0.257804167
2020-06-18 16:00:00,0.257776389
2020-06-18 17:00:00,0.257734722
2020-06-18 18:00:00,0.257715278
2020-06-18 19:00:00,0.257704167
2020-06-18 20:00:00,0.257663889
2020-06-18 21:00:00,0.257606944
2020-06-18 22:00:00,0.257523611
2020-06-18 23:00:00,0.257430556
2020-06-19 00:00:00,0.2573125
2020-06-19 01:00:00,0.257111111
2020-06-19 02:00:00,0.256916667
2020-06-19 03:00:00,0.256688889
2020-06-19 04:00:00,0.256369444
2020-06-19 05:00:00,0.256054167
2020-06-19 06:00:00,0.255722222
2020-06-19 07:00:00,0.255366667
2020-06-19 08:00:00,0.255013889
2020-06-19 09:00:00,0.254705556
2020-06-19 10:00:00,0.254397222
2020-06-19 11:00:00,0.254115278
2020-06-19 12:00:00,0.253855556
2020-06-19 13:00:00,0.253630556
2020-06-19 14:00:00,0.253426389
2020-06-19 15:00:00,0.253255556
2020-06-19 16:00:00,0.253129167
2020-06-19 17:00:00,0.253055556
2020-06-19 18:00:00,0.253029167
2020-06-19 19:00:00,0.253026389
2020-06-19 20:00:00,0.253002778
2020-06-19 21:00:00,0.252998611
2020-06-19 22:00:00,0.253004167
2020-06-19 23:00:00,0.252995833
2020-06-20 00:00:00,0.252955556
2020-06-20 01:00:00,0.252888889
2020-06-20 02:00:00,0.252808333
2020-06-20 03:00:00,0.252718056
2020-06-20 04:00:00,0.252586111
2020-06-20 05:00:00,0.252427778
2020-06-20 06:00:00,0.252247222
2020-06-20 07:00:00,0.252030556
2020-06-20 08:00:00,0.251820833
2020-06-20 09:00:00,0.251630556
2020-06-20 10:00:00,0.251440278
2020-06-20 11:00:00,0.251265278
2020-06-20 12:00:00,0.251080556
2020-06-20 13:00:00,0.250906944
2020-06-20 14:00:00,0.250734722
2020-06-20 15:00:00,0.250594444
2020-06-20 16:00:00,0.250493056
2020-06-20 17:00:00,0.250386111
2020-06-20 18:00:00,0.250273611
2020-06-20 19:00:00,0.250218056
2020-06-20 20:00:00,0.250176389
2020-06-20 21:00:00,0.250129167
2020-06-20 22:00:00,0.250069444
2020-06-20 23:00:00,0.2500125
2020-06-21 00:00:00,0.249955556
2020-06-21 01:00:00,0.2498875
2020-06-21 02:00:00,0.249795833
2020-06-21 03:00:00,0.249698611
2020-06-21 04:00:00,0.249597222
2020-06-21 05:00:00,0.249459722
2020-06-21 06:00:00,0.249286111
2020-06-21 07:00:00,0.249101389
2020-06-21 08:00:00,0.248904167
2020-06-21 09:00:00,0.248693056
2020-06-21 10:00:00,0.248484722
2020-06-21 11:00:00,0.248245833
2020-06-21 12:00:00,0.248
2020-06-21 13:00:00,0.247748611
2020-06-21 14:00:00,0.247495833
2020-06-21 15:00:00,0.2472375
2020-06-21 16:00:00,0.246933333
2020-06-21 17:00:00,0.246702778
2020-06-21 18:00:00,0.246463889
2020-06-21 19:00:00,0.246229167
2020-06-21 20:00:00,0.246029167
2020-06-21 21:00:00,0.245822222
2020-06-21 22:00:00,0.245577778
2020-06-21 23:00:00,0.245294444
2020-06-22 00:00:00,0.245023611
2020-06-22 01:00:00,0.244793056
2020-06-22 02:00:00,0.244530556
2020-06-22 03:00:00,0.244231944
2020-06-22 04:00:00,0.243931944
2020-06-22 05:00:00,0.243576389
2020-06-22 06:00:00,0.243161111
2020-06-22 07:00:00,0.242698611
2020-06-22 08:00:00,0.242156944
2020-06-22 09:00:00,0.241604167
2020-06-22 10:00:00,0.241033333
2020-06-22 11:00:00,0.240443056
2020-06-22 12:00:00,0.239818056
2020-06-22 13:00:00,0.239170833
2020-06-22 14:00:00,0.238452778
2020-06-22 15:00:00,0.237729167
2020-06-22 16:00:00,0.236973611
2020-06-22 17:00:00,0.236198611
2020-06-22 18:00:00,0.235458333
2020-06-22 19:00:00,0.2346125
2020-06-22 20:00:00,0.233826389
2020-06-22 21:00:00,0.233075
2020-06-22 22:00:00,0.232305556
2020-06-22 23:00:00,0.231466667
2020-06-23 00:00:00,0.230651389
2020-06-23 01:00:00,0.229797222
2020-06-23 02:00:00,0.228859722
2020-06-23 03:00:00,0.227983333
2020-06-23 04:00:00,0.227091667
2020-06-23 05:00:00,0.226180556
2020-06-23 06:00:00,0.225286111
2020-06-23 07:00:00,0.224420833
2020-06-23 08:00:00,0.223518056
2020-06-23 09:00:00,0.222641667
2020-06-23 10:00:00,0.221740278
2020-06-23 11:00:00,0.220841667
2020-06-23 12:00:00,0.2199625
2020-06-23 13:00:00,0.219105556
2020-06-23 14:00:00,0.218247222
2020-06-23 15:00:00,0.217384722
2020-06-23 16:00:00,0.216556944
2020-06-23 17:00:00,0.215713889
2020-06-23 18:00:00,0.214920833
2020-06-23 19:00:00,0.214186111
2020-06-23 20:00:00,0.213483333
2020-06-23 21:00:00,0.212776389
2020-06-23 22:00:00,0.212133333
2020-06-23 23:00:00,0.211509722
2020-06-24 00:00:00,0.210898611
2020-06-24 01:00:00,0.210323611
2020-06-24 02:00:00,0.209747222
2020-06-24 03:00:00,0.209170833
2020-06-24 04:00:00,0.2086375
2020-06-24 05:00:00,0.208125
2020-06-24 06:00:00,0.207643056
2020-06-24 07:00:00,0.207195833
2020-06-24 08:00:00,0.206793056
2020-06-24 09:00:00,0.206425
2020-06-24 10:00:00,0.206052778
2020-06-24 11:00:00,0.205691667
2020-06-24 12:00:00,0.205304167
2020-06-24 13:00:00,0.204909722
2020-06-24 14:00:00,0.204501389
2020-06-24 15:00:00,0.204076389
2020-06-24 16:00:00,0.203633333
2020-06-24 17:00:00,0.203193056
2020-06-24 18:00:00,0.202734722
2020-06-24 19:00:00,0.202268056
2020-06-24 20:00:00,0.201816667
2020-06-24 21:00:00,0.201372222
2020-06-24 22:00:00,0.200944444
2020-06-24 23:00:00,0.2005375
2020-06-25 00:00:00,0.200144444
2020-06-25 01:00:00,0.199769444
2020-06-25 02:00:00,0.199425
2020-06-25 03:00:00,0.199113889
2020-06-25 04:00:00,0.198836111
2020-06-25 05:00:00,0.198584722
2020-06-25 06:00:00,0.198344444
2020-06-25 07:00:00,0.198123611
2020-06-25 08:00:00,0.197927778
2020-06-25 09:00:00,0.197748611
2020-06-25 10:00:00,0.197548611
2020-06-25 11:00:00,0.197325
2020-06-25 12:00:00,0.197084722
2020-06-25 13:00:00,0.1968
2020-06-25 14:00:00,0.196497222
2020-06-25 15:00:00,0.1961625
2020-06-25 16:00:00,0.195780556
2020-06-25 17:00:00,0.195365278
2020-06-25 18:00:00,0.194938889
2020-06-25 19:00:00,0.194484722
2020-06-25 20:00:00,0.194019444
2020-06-25 21:00:00,0.193543056
2020-06-25 22:00:00,0.193030556
2020-06-25 23:00:00,0.192552778
2020-06-26 00:00:00,0.192108333
2020-06-26 01:00:00,0.191643056
2020-06-26 02:00:00,0.191183333
2020-06-26 03:00:00,0.190790278
2020-06-26 04:00:00,0.190425
2020-06-26 05:00:00,0.190093056
2020-06-26 06:00:00,0.189836111
2020-06-26 07:00:00,0.189640278
2020-06-26 08:00:00,0.189491667
2020-06-26 09:00:00,0.189388889
2020-06-26 10:00:00,0.1893125
2020-06-26 11:00:00,0.1892625
2020-06-26 12:00:00,0.189220833
2020-06-26 13:00:00,0.189156944
2020-06-26 14:00:00,0.189047222
2020-06-26 15:00:00,0.188897222
2020-06-26 16:00:00,0.188716667
2020-06-26 17:00:00,0.188506944
2020-06-26 18:00:00,0.18825
2020-06-26 19:00:00,0.18795
2020-06-26 20:00:00,0.187623611
2020-06-26 21:00:00,0.187288889
2020-06-26 22:00:00,0.186961111
2020-06-26 23:00:00,0.186654167
2020-06-27 00:00:00,0.186375
2020-06-27 01:00:00,0.186104167
2020-06-27 02:00:00,0.18585
2020-06-27 03:00:00,0.18565
2020-06-27 04:00:00,0.185477778
2020-06-27 05:00:00,0.185351389
2020-06-27 06:00:00,0.185275
2020-06-27 07:00:00,0.185243056
2020-06-27 08:00:00,0.185248611
2020-06-27 09:00:00,0.185266667
2020-06-27 10:00:00,0.185301389
2020-06-27 11:00:00,0.185348611
2020-06-27 12:00:00,0.185373611
2020-06-27 13:00:00,0.185369444
2020-06-27 14:00:00,0.185316667
2020-06-27 15:00:00,0.185215278
2020-06-27 16:00:00,0.185081944
2020-06-27 17:00:00,0.184908333
2020-06-27 18:00:00,0.1846875
2020-06-27 19:00:00,0.1844375
2020-06-27 20:00:00,0.184158333
2020-06-27 21:00:00,0.183852778
2020-06-27 22:00:00,0.183538889
2020-06-27 23:00:00,0.183243056
2020-06-28 00:00:00,0.183001389
2020-06-28 01:00:00,0.182845833
2020-06-28 02:00:00,0.182631944
2020-06-28 03:00:00,0.182490278
2020-06-28 04:00:00,0.182383333
2020-06-28 05:00:00,0.182298611
2020-06-28 06:00:00,0.1822
2020-06-28 07:00:00,0.182180556
2020-06-28 08:00:00,0.182163889
2020-06-28 09:00:00,0.182125
2020-06-28 10:00:00,0.182197222
2020-06-28 11:00:00,0.182177778
2020-06-28 12:00:00,0.182156944
2020-06-28 13:00:00,0.182130556
2020-06-28 14:00:00,0.182069444
2020-06-28 15:00:00,0.181944444
2020-06-28 16:00:00,0.181791667
2020-06-28 17:00:00,0.181583333
2020-06-28 18:00:00,0.181319444
2020-06-28 19:00:00,0.180994444
2020-06-28 20:00:00,0.180636111
2020-06-28 21:00:00,0.180191667
2020-06-28 22:00:00,0.179725
2020-06-28 23:00:00,0.179272222
2020-06-29 00:00:00,0.178804167
2020-06-29 01:00:00,0.178383333
2020-06-29 02:00:00,0.177975
2020-06-29 03:00:00,0.177609722
2020-06-29 04:00:00,0.177298611
2020-06-29 05:00:00,0.177022222
2020-06-29 06:00:00,0.176791667
2020-06-29 07:00:00,0.176619444
2020-06-29 08:00:00,0.176455556
2020-06-29 09:00:00,0.176320833
2020-06-29 10:00:00,0.176215278
2020-06-29 11:00:00,0.176105556
2020-06-29 12:00:00,0.176008333
2020-06-29 13:00:00,0.1759
2020-06-29 14:00:00,0.175743056
2020-06-29 15:00:00,0.175577778
2020-06-29 16:00:00,0.175406944
2020-06-29 17:00:00,0.175198611
2020-06-29 18:00:00,0.174945833
2020-06-29 19:00:00,0.174658333
2020-06-29 20:00:00,0.174326389
2020-06-29 21:00:00,0.173968056
2020-06-29 22:00:00,0.173594444
2020-06-29 23:00:00,0.173226389
2020-06-30 00:00:00,0.172915278
2020-06-30 01:00:00,0.172580556
2020-06-30 02:00:00,0.172252778
2020-06-30 03:00:00,0.171944444
2020-06-30 04:00:00,0.1716375
2020-06-30 05:00:00,0.171376389
2020-06-30 06:00:00,0.17115
2020-06-30 07:00:00,0.1709875
2020-06-30 08:00:00,0.17085
2020-06-30 09:00:00,0.170725
2020-06-30 10:00:00,0.170630556
2020-06-30 11:00:00,0.170538889
2020-06-30 12:00:00,0.170458333
2020-06-30 13:00:00,0.170359722
2020-06-30 14:00:00,0.170234722
2020-06-30 15:00:00,0.170080556
2020-06-30 16:00:00,0.1698625
2020-06-30 17:00:00,0.169633333
2020-06-30 18:00:00,0.169395833
2020-06-30 19:00:00,0.169090278
2020-06-30 20:00:00,0.168734722
2020-06-30 21:00:00,0.168348611
2020-06-30 22:00:00,0.167881944
2020-06-30 23:00:00,0.167397222
2021-06-01 00:00:00,0.204384722
2021-06-01 01:00:00,0.204502778
2021-06-01 02:00:00,0.2046
2021-06-01 03:00:00,0.204691667
2021-06-01 04:00:00,0.204798611
2021-06-01 05:00:00,0.204908333
2021-06-01 06:00:00,0.205005556
2021-06-01 07:00:00,0.205129167
2021-06-01 08:00:00,0.205225
2021-06-01 09:00:00,0.2053125
2021-06-01 10:00:00,0.205419444
2021-06-01 11:00:00,0.205527778
2021-06-01 12:00:00,0.2056
2021-06-01 13:00:00,0.205644444
2021-06-01 14:00:00,0.205691667
2021-06-01 15:00:00,0.205676389
2021-06-01 16:00:00,0.205625
2021-06-01 17:00:00,0.205536111
2021-06-01 18:00:00,0.205425
2021-06-01 19:00:00,0.205320833
2021-06-01 20:00:00,0.205170833
2021-06-01 21:00:00,0.205030556
2021-06-01 22:00:00,0.204890278
2021-06-01 23:00:00,0.204773611
2021-06-02 00:00:00,0.204673611
2021-06-02 01:00:00,0.204565278
2021-06-02 02:00:00,0.204444444
2021-06-02 03:00:00,0.204345833
2021-06-02 04:00:00,0.204277778
2021-06-02 05:00:00,0.2042125
2021-06-02 06:00:00,0.204143056
2021-06-02 07:00:00,0.204080556
2021-06-02 08:00:00,0.204038889
2021-06-02 09:00:00,0.204011111
2021-06-02 10:00:00,0.204011111
2021-06-02 11:00:00,0.204002778
2021-06-02 12:00:00,0.204004167
2021-06-02 13:00:00,0.203983333
2021-06-02 14:00:00,0.203940278
2021-06-02 15:00:00,0.203877778
2021-06-02 16:00:00,0.203793056
2021-06-02 17:00:00,0.203663889
2021-06-02 18:00:00,0.203519444
2021-06-02 19:00:00,0.2033375
2021-06-02 20:00:00,0.203154167
2021-06-02 21:00:00,0.202966667
2021-06-02 22:00:00,0.202781944
2021-06-02 23:00:00,0.202595833
2021-06-03 00:00:00,0.202427778
2021-06-03 01:00:00,0.202284722
2021-06-03 02:00:00,0.202141667
2021-06-03 03:00:00,0.202008333
2021-06-03 04:00:00,0.201891667
2021-06-03 05:00:00,0.201801389
2021-06-03 06:00:00,0.201729167
2021-06-03 07:00:00,0.201658333
2021-06-03 08:00:00,0.201575
2021-06-03 09:00:00,0.201479167
2021-06-03 10:00:00,0.201379167
2021-06-03 11:00:00,0.2013
2021-06-03 12:00:00,0.201201389
2021-06-03 13:00:00,0.201120833
2021-06-03 14:00:00,0.2010375
2021-06-03 15:00:00,0.200931944
2021-06-03 16:00:00,0.200763889
2021-06-03 17:00:00,0.200558333
2021-06-03 18:00:00,0.200329167
2021-06-03 19:00:00,0.200098611
2021-06-03 20:00:00,0.199818056
2021-06-03 21:00:00,0.199509722
2021-06-03 22:00:00,0.1991875
2021-06-03 23:00:00,0.198875
2021-06-04 00:00:00,0.198618056
2021-06-04 01:00:00,0.198404167
2021-06-04 02:00:00,0.198304167
2021-06-04 03:00:00,0.198186111
2021-06-04 04:00:00,0.198118056
2021-06-04 05:00:00,0.198102778
2021-06-04 06:00:00,0.198123611
2021-06-04 07:00:00,0.198206944
2021-06-04 08:00:00,0.198340278
2021-06-04 09:00:00,0.198531944
2021-06-04 10:00:00,0.198779167
2021-06-04 11:00:00,0.199055556
2021-06-04 12:00:00,0.199344444
2021-06-04 13:00:00,0.199779167
2021-06-04 14:00:00,0.200068056
2021-06-04 15:00:00,0.200406944
2021-06-04 16:00:00,0.2007875
2021-06-04 17:00:00,0.201122222
2021-06-04 18:00:00,0.201331944
2021-06-04 19:00:00,0.201625
2021-06-04 20:00:00,0.201879167
2021-06-04 21:00:00,0.201963889
2021-06-04 22:00:00,0.202002778
2021-06-04 23:00:00,0.202036111
2021-06-05 00:00:00,0.202004167
2021-06-05 01:00:00,0.201963889
2021-06-05 02:00:00,0.201938889
2021-06-05 03:00:00,0.201893056
2021-06-05 04:00:00,0.201848611
2021-06-05 05:00:00,0.201831944
2021-06-05 06:00:00,0.201858333
2021-06-05 07:00:00,0.201884722
2021-06-05 08:00:00,0.201934722
2021-06-05 09:00:00,0.202077778
2021-06-05 10:00:00,0.202226389
2021-06-05 11:00:00,0.202388889
2021-06-05 12:00:00,0.202569444
2021-06-05 13:00:00,0.202744444
2021-06-05 14:00:00,0.202859722
2021-06-05 15:00:00,0.202944444
2021-06-05 16:00:00,0.202968056
2021-06-05 17:00:00,0.202930556
2021-06-05 18:00:00,0.2028125
2021-06-05 19:00:00,0.202608333
2021-06-05 20:00:00,0.202326389
2021-06-05 21:00:00,0.202041667
2021-06-05 22:00:00,0.2017125
2021-06-05 23:00:00,0.201280556
2021-06-06 00:00:00,0.200823611
2021-06-06 01:00:00,0.200308333
2021-06-06 02:00:00,0.199886111
2021-06-06 03:00:00,0.199515278
2021-06-06 04:00:00,0.199177778
2021-06-06 05:00:00,0.198936111
2021-06-06 06:00:00,0.198731944
2021-06-06 07:00:00,0.198590278
2021-06-06 08:00:00,0.198522222
2021-06-06 09:00:00,0.198556944
2021-06-06 10:00:00,0.198626389
2021-06-06 11:00:00,0.198720833
2021-06-06 12:00:00,0.198884722
2021-06-06 13:00:00,0.199045833
2021-06-06 14:00:00,0.199170833
2021-06-06 15:00:00,0.199270833
2021-06-06 16:00:00,0.199318056
2021-06-06 17:00:00,0.199329167
2021-06-06 18:00:00,0.199291667
2021-06-06 19:00:00,0.199223611
2021-06-06 20:00:00,0.199152778
2021-06-06 21:00:00,0.199011111
2021-06-06 22:00:00,0.198813889
2021-06-06 23:00:00,0.198590278
2021-06-07 00:00:00,0.198327778
2021-06-07 01:00:00,0.198005556
2021-06-07 02:00:00,0.197711111
2021-06-07 03:00:00,0.197443056
2021-06-07 04:00:00,0.197165278
2021-06-07 05:00:00,0.196991667
2021-06-07 06:00:00,0.196856944
2021-06-07 07:00:00,0.196859722
2021-06-07 08:00:00,0.196933333
2021-06-07 09:00:00,0.197054167
2021-06-07 10:00:00,0.1971625
2021-06-07 11:00:00,0.197347222
2021-06-07 12:00:00,0.197593056
2021-06-07 13:00:00,0.197866667
2021-06-07 14:00:00,0.198141667
2021-06-07 15:00:00,0.198397222
2021-06-07 16:00:00,0.198608333
2021-06-07 17:00:00,0.198825
2021-06-07 18:00:00,0.198988889
2021-06-07 19:00:00,0.199108333
2021-06-07 20:00:00,0.199201389
2021-06-07 21:00:00,0.199269444
2021-06-07 22:00:00,0.199283333
2021-06-07 23:00:00,0.199276389
2021-06-08 00:00:00,0.199254167
2021-06-08 01:00:00,0.199145833
2021-06-08 02:00:00,0.199034722
2021-06-08 03:00:00,0.198831944
2021-06-08 04:00:00,0.198629167
2021-06-08 05:00:00,0.19845
2021-06-08 06:00:00,0.198270833
2021-06-08 07:00:00,0.198119444
2021-06-08 08:00:00,0.197991667
2021-06-08 09:00:00,0.197925
2021-06-08 10:00:00,0.197904167
2021-06-08 11:00:00,0.197922222
2021-06-08 12:00:00,0.197979167
2021-06-08 13:00:00,0.198055556
2021-06-08 14:00:00,0.198161111
2021-06-08 15:00:00,0.198281944
2021-06-08 16:00:00,0.198419444
2021-06-08 17:00:00,0.198554167
2021-06-08 18:00:00,0.198680556
2021-06-08 19:00:00,0.198798611
2021-06-08 20:00:00,0.198909722
2021-06-08 21:00:00,0.199023611
2021-06-08 22:00:00,0.199115278
2021-06-08 23:00:00,0.199177778
2021-06-09 00:00:00,0.199208333
2021-06-09 01:00:00,0.199204167
2021-06-09 02:00:00,0.199168056
2021-06-09 03:00:00,0.199097222
2021-06-09 04:00:00,0.198969444
2021-06-09 05:00:00,0.198826389
2021-06-09 06:00:00,0.198676389
2021-06-09 07:00:00,0.198544444
2021-06-09 08:00:00,0.198425
2021-06-09 09:00:00,0.198323611
2021-06-09 10:00:00,0.198259722
2021-06-09 11:00:00,0.198244444
2021-06-09 12:00:00,0.1982625
2021-06-09 13:00:00,0.198309722
2021-06-09 14:00:00,0.1983875
2021-06-09 15:00:00,0.198494444
2021-06-09 16:00:00,0.198627778
2021-06-09 17:00:00,0.198770833
2021-06-09 18:00:00,0.198915278
2021-06-09 19:00:00,0.199056944
2021-06-09 20:00:00,0.199201389
2021-06-09 21:00:00,0.199404167
2021-06-09 22:00:00,0.199525
2021-06-09 23:00:00,0.199627778
2021-06-10 00:00:00,0.199702778
2021-06-10 01:00:00,0.199770833
2021-06-10 02:00:00,0.199795833
2021-06-10 03:00:00,0.199783333
2021-06-10 04:00:00,0.199761111
2021-06-10 05:00:00,0.199644444
2021-06-10 06:00:00,0.199511111
2021-06-10 07:00:00,0.199344444
2021-06-10 08:00:00,0.1992
2021-06-10 09:00:00,0.1990875
2021-06-10 10:00:00,0.198955556
2021-06-10 11:00:00,0.198873611
2021-06-10 12:00:00,0.198830556
2021-06-10 13:00:00,0.198794444
2021-06-10 14:00:00,0.198808333
2021-06-10 15:00:00,0.198855556
2021-06-10 16:00:00,0.198911111
2021-06-10 17:00:00,0.198995833
2021-06-10 18:00:00,0.199156944
2021-06-10 19:00:00,0.199355556
2021-06-10 20:00:00,0.199577778
2021-06-10 21:00:00,0.199811111
2021-06-10 22:00:00,0.200047222
2021-06-10 23:00:00,0.200304167
2021-06-11 00:00:00,0.200563889
2021-06-11 01:00:00,0.200818056
2021-06-11 02:00:00,0.201061111
2021-06-11 03:00:00,0.2012875
2021-06-11 04:00:00,0.201525
2021-06-11 05:00:00,0.201713889
2021-06-11 06:00:00,0.201869444
2021-06-11 07:00:00,0.201994444
2021-06-11 08:00:00,0.2021
2021-06-11 09:00:00,0.202195833
2021-06-11 10:00:00,0.202291667
2021-06-11 11:00:00,0.202359722
2021-06-11 12:00:00,0.202433333
2021-06-11 13:00:00,0.202526389
2021-06-11 14:00:00,0.202613889
2021-06-11 15:00:00,0.2027125
2021-06-11 16:00:00,0.202819444
2021-06-11 17:00:00,0.202933333
2021-06-11 18:00:00,0.203080556
2021-06-11 19:00:00,0.203220833
2021-06-11 20:00:00,0.203409722
2021-06-11 21:00:00,0.203634722
2021-06-11 22:00:00,0.203833333
2021-06-11 23:00:00,0.204056944
2021-06-12 00:00:00,0.204293056
2021-06-12 01:00:00,0.204525
2021-06-12 02:00:00,0.204769444
2021-06-12 03:00:00,0.205027778
2021-06-12 04:00:00,0.205281944
2021-06-12 05:00:00,0.205540278
2021-06-12 06:00:00,0.205795833
2021-06-12 07:00:00,0.206036111
2021-06-12 08:00:00,0.206268056
2021-06-12 09:00:00,0.206484722
2021-06-12 10:00:00,0.206698611
2021-06-12 11:00:00,0.206934722
2021-06-12 12:00:00,0.207141667
2021-06-12 13:00:00,0.207343056
2021-06-12 14:00:00,0.207522222
2021-06-12 15:00:00,0.207701389
2021-06-12 16:00:00,0.2079
2021-06-12 17:00:00,0.208105556
2021-06-12 18:00:00,0.208301389
2021-06-12 19:00:00,0.208495833
2021-06-12 20:00:00,0.208718056
2021-06-12 21:00:00,0.208994444
2021-06-12 22:00:00,0.209276389
2021-06-12 23:00:00,0.209531944
2021-06-13 00:00:00,0.209768056
2021-06-13 01:00:00,0.210030556
2021-06-13 02:00:00,0.210331944
2021-06-13 03:00:00,0.210608333
2021-06-13 04:00:00,0.2109125
2021-06-13 05:00:00,0.211202778
2021-06-13 06:00:00,0.211468056
2021-06-13 07:00:00,0.211722222
2021-06-13 08:00:00,0.211906944
2021-06-13 09:00:00,0.212076389
2021-06-13 10:00:00,0.212234722
2021-06-13 11:00:00,0.212379167
2021-06-13 12:00:00,0.212504167
2021-06-13 13:00:00,0.2125875
2021-06-13 14:00:00,0.212648611
2021-06-13 15:00:00,0.212694444
2021-06-13 16:00:00,0.212745833
2021-06-13 17:00:00,0.212830556
2021-06-13 18:00:00,0.212879167
2021-06-13 19:00:00,0.212930556
2021-06-13 20:00:00,0.213013889
2021-06-13 21:00:00,0.213143056
2021-06-13 22:00:00,0.213305556
2021-06-13 23:00:00,0.213481944
2021-06-14 00:00:00,0.213677778
2021-06-14 01:00:00,0.213902778
2021-06-14 02:00:00,0.214186111
2021-06-14 03:00:00,0.214469444
2021-06-14 04:00:00,0.214744444
2021-06-14 05:00:00,0.215036111
2021-06-14 06:00:00,0.215354167
2021-06-14 07:00:00,0.215730556
2021-06-14 08:00:00,0.216115278
2021-06-14 09:00:00,0.216465278
2021-06-14 10:00:00,0.216825
2021-06-14 11:00:00,0.217169444
2021-06-14 12:00:00,0.217495833
2021-06-14 13:00:00,0.217779167
2021-06-14 14:00:00,0.218022222
2021-06-14 15:00:00,0.218252778
2021-06-14 16:00:00,0.218463889
2021-06-14 17:00:00,0.218641667
2021-06-14 18:00:00,0.218794444
2021-06-14 19:00:00,0.218927778
2021-06-14 20:00:00,0.219051389
2021-06-14 21:00:00,0.219165278
2021-06-14 22:00:00,0.219273611
2021-06-14 23:00:00,0.219416667
2021-06-15 00:00:00,0.219580556
2021-06-15 01:00:00,0.219755556
2021-06-15 02:00:00,0.219958333
2021-06-15 03:00:00,0.22015
2021-06-15 04:00:00,0.220365278
2021-06-15 05:00:00,0.220631944
2021-06-15 06:00:00,0.220956944
2021-06-15 07:00:00,0.221272222
2021-06-15 08:00:00,0.221627778
2021-06-15 09:00:00,0.221993056
2021-06-15 10:00:00,0.2223375
2021-06-15 11:00:00,0.222672222
2021-06-15 12:00:00,0.222977778
2021-06-15 13:00:00,0.223241667
2021-06-15 14:00:00,0.223486111
2021-06-15 15:00:00,0.223673611
2021-06-15 16:00:00,0.223825
2021-06-15 17:00:00,0.223945833
2021-06-15 18:00:00,0.224029167
2021-06-15 19:00:00,0.224086111
2021-06-15 20:00:00,0.224122222
2021-06-15 21:00:00,0.224163889
2021-06-15 22:00:00,0.224177778
2021-06-15 23:00:00,0.224191667
2021-06-16 00:00:00,0.224269444
2021-06-16 01:00:00,0.224341667
2021-06-16 02:00:00,0.224438889
2021-06-16 03:00:00,0.224572222
2021-06-16 04:00:00,0.224754167
2021-06-16 05:00:00,0.224966667
2021-06-16 06:00:00,0.225231944
2021-06-16 07:00:00,0.22555
2021-06-16 08:00:00,0.225879167
2021-06-16 09:00:00,0.226258333
2021-06-16 10:00:00,0.226659722
2021-06-16 11:00:00,0.227070833
2021-06-16 12:00:00,0.227470833
2021-06-16 13:00:00,0.227825
2021-06-16 14:00:00,0.228131944
2021-06-16 15:00:00,0.228351389
2021-06-16 16:00:00,0.228522222
2021-06-16 17:00:00,0.228619444
2021-06-16 18:00:00,0.228647222
2021-06-16 19:00:00,0.228620833
2021-06-16 20:00:00,0.228569444
2021-06-16 21:00:00,0.228494444
2021-06-16 22:00:00,0.228422222
2021-06-16 23:00:00,0.228352778
2021-06-17 00:00:00,0.228290278
2021-06-17 01:00:00,0.228272222
2021-06-17 02:00:00,0.228301389
2021-06-17 03:00:00,0.2283625
2021-06-17 04:00:00,0.228455556
2021-06-17 05:00:00,0.228593056
2021-06-17 06:00:00,0.228791667
2021-06-17 07:00:00,0.229011111
2021-06-17 08:00:00,0.229270833
2021-06-17 09:00:00,0.229565278
2021-06-17 10:00:00,0.229855556
2021-06-17 11:00:00,0.230144444
2021-06-17 12:00:00,0.2304125
2021-06-17 13:00:00,0.230651389
2021-06-17 14:00:00,0.2308375
2021-06-17 15:00:00,0.230958333
2021-06-17 16:00:00,0.231016667
2021-06-17 17:00:00,0.2310125
2021-06-17 18:00:00,0.230948611
2021-06-17 19:00:00,0.230830556
2021-06-17 20:00:00,0.230625
2021-06-17 21:00:00,0.230380556
2021-06-17 22:00:00,0.230152778
2021-06-17 23:00:00,0.229931944
2021-06-18 00:00:00,0.229705556
2021-06-18 01:00:00,0.229477778
2021-06-18 02:00:00,0.229222222
2021-06-18 03:00:00,0.229011111
2021-06-18 04:00:00,0.228840278
2021-06-18 05:00:00,0.228693056
2021-06-18 06:00:00,0.2286375
2021-06-18 07:00:00,0.228636111
2021-06-18 08:00:00,0.228655556
2021-06-18 09:00:00,0.228727778
2021-06-18 10:00:00,0.2288125
2021-06-18 11:00:00,0.228916667
2021-06-18 12:00:00,0.228994444
2021-06-18 13:00:00,0.229027778
2021-06-18 14:00:00,0.229036111
2021-06-18 15:00:00,0.2289875
2021-06-18 16:00:00,0.228884722
2021-06-18 17:00:00,0.228745833
2021-06-18 18:00:00,0.228572222
2021-06-18 19:00:00,0.228341667
2021-06-18 20:00:00,0.228070833
2021-06-18 21:00:00,0.227777778
2021-06-18 22:00:00,0.22745
2021-06-18 23:00:00,0.227131944
2021-06-19 00:00:00,0.226816667
2021-06-19 01:00:00,0.226520833
2021-06-19 02:00:00,0.226236111
2021-06-19 03:00:00,0.225961111
2021-06-19 04:00:00,0.225733333
2021-06-19 05:00:00,0.225540278
2021-06-19 06:00:00,0.225409722
2021-06-19 07:00:00,0.2253375
2021-06-19 08:00:00,0.225304167
2021-06-19 09:00:00,0.225313889
2021-06-19 10:00:00,0.225365278
2021-06-19 11:00:00,0.225415278
2021-06-19 12:00:00,0.225470833
2021-06-19 13:00:00,0.225533333
2021-06-19 14:00:00,0.225572222
2021-06-19 15:00:00,0.225598611
2021-06-19 16:00:00,0.225619444
2021-06-19 17:00:00,0.2256
2021-06-19 18:00:00,0.225545833
2021-06-19 19:00:00,0.225469444
2021-06-19 20:00:00,0.225376389
2021-06-19 21:00:00,0.225261111
2021-06-19 22:00:00,0.225101389
2021-06-19 23:00:00,0.224911111
2021-06-20 00:00:00,0.224736111
2021-06-20 01:00:00,0.224526389
2021-06-20 02:00:00,0.224308333
2021-06-20 03:00:00,0.224118056
2021-06-20 04:00:00,0.2239625
2021-06-20 05:00:00,0.223806944
2021-06-20 06:00:00,0.223666667
2021-06-20 07:00:00,0.223554167
2021-06-20 08:00:00,0.223454167
2021-06-20 09:00:00,0.223384722
2021-06-20 10:00:00,0.22335
2021-06-20 11:00:00,0.223338889
2021-06-20 12:00:00,0.223330556
2021-06-20 13:00:00,0.223313889
2021-06-20 14:00:00,0.223309722
2021-06-20 15:00:00,0.223301389
2021-06-20 16:00:00,0.2232875
2021-06-20 17:00:00,0.223280556
2021-06-20 18:00:00,0.223254167
2021-06-20 19:00:00,0.223209722
2021-06-20 20:00:00,0.223161111
2021-06-20 21:00:00,0.223070833
2021-06-20 22:00:00,0.222968056
2021-06-20 23:00:00,0.222833333
2021-06-21 00:00:00,0.222666667
2021-06-21 01:00:00,0.222481944
2021-06-21 02:00:00,0.2223
2021-06-21 03:00:00,0.222063889
2021-06-21 04:00:00,0.221859722
2021-06-21 05:00:00,0.22165
2021-06-21 06:00:00,0.221425
2021-06-21 07:00:00,0.221248611
2021-06-21 08:00:00,0.221070833
2021-06-21 09:00:00,0.220930556
2021-06-21 10:00:00,0.220861111
2021-06-21 11:00:00,0.2208375
2021-06-21 12:00:00,0.220830556
2021-06-21 13:00:00,0.220806944
2021-06-21 14:00:00,0.220761111
2021-06-21 15:00:00,0.220683333
2021-06-21 16:00:00,0.220576389
2021-06-21 17:00:00,0.2204625
2021-06-21 18:00:00,0.220355556
2021-06-21 19:00:00,0.220225
2021-06-21 20:00:00,0.220068056
2021-06-21 21:00:00,0.219918056
2021-06-21 22:00:00,0.219752778
2021-06-21 23:00:00,0.219580556
2021-06-22 00:00:00,0.219401389
2021-06-22 01:00:00,0.219222222
2021-06-22 02:00:00,0.219025
2021-06-22 03:00:00,0.218847222
2021-06-22 04:00:00,0.218690278
2021-06-22 05:00:00,0.218529167
2021-06-22 06:00:00,0.218420833
2021-06-22 07:00:00,0.218298611
2021-06-22 08:00:00,0.218195833
2021-06-22 09:00:00,0.218130556
2021-06-22 10:00:00,0.218080556
2021-06-22 11:00:00,0.218101389
2021-06-22 12:00:00,0.2181375
2021-06-22 13:00:00,0.218193056
2021-06-22 14:00:00,0.21825
2021-06-22 15:00:00,0.218338889
2021-06-22 16:00:00,0.2184625
2021-06-22 17:00:00,0.218573611
2021-06-22 18:00:00,0.218702778
2021-06-22 19:00:00,0.218831944
2021-06-22 20:00:00,0.218936111
2021-06-22 21:00:00,0.219033333
2021-06-22 22:00:00,0.219118056
2021-06-22 23:00:00,0.219190278
2021-06-23 00:00:00,0.2192375
2021-06-23 01:00:00,0.219261111
2021-06-23 02:00:00,0.219266667
2021-06-23 03:00:00,0.219240278
2021-06-23 04:00:00,0.219181944
2021-06-23 05:00:00,0.219120833
2021-06-23 06:00:00,0.219052778
2021-06-23 07:00:00,0.218988889
2021-06-23 08:00:00,0.218916667
2021-06-23 09:00:00,0.218825
2021-06-23 10:00:00,0.218759722
2021-06-23 11:00:00,0.218690278
2021-06-23 12:00:00,0.218644444
2021-06-23 13:00:00,0.218588889
2021-06-23 14:00:00,0.218552778
2021-06-23 15:00:00,0.218518056
2021-06-23 16:00:00,0.218476389
2021-06-23 17:00:00,0.218426389
2021-06-23 18:00:00,0.218373611
2021-06-23 19:00:00,0.218309722
2021-06-23 20:00:00,0.218220833
2021-06-23 21:00:00,0.218148611
2021-06-23 22:00:00,0.218045833
2021-06-23 23:00:00,0.217944444
2021-06-24 00:00:00,0.217847222
2021-06-24 01:00:00,0.2177375
2021-06-24 02:00:00,0.217609722
2021-06-24 03:00:00,0.217484722
2021-06-24 04:00:00,0.217343056
2021-06-24 05:00:00,0.217181944
2021-06-24 06:00:00,0.217036111
2021-06-24 07:00:00,0.216886111
2021-06-24 08:00:00,0.216731944
2021-06-24 09:00:00,0.216595833
2021-06-24 10:00:00,0.216468056
2021-06-24 11:00:00,0.216359722
2021-06-24 12:00:00,0.216263889
2021-06-24 13:00:00,0.216190278
2021-06-24 14:00:00,0.216134722
2021-06-24 15:00:00,0.216091667
2021-06-24 16:00:00,0.216084722
2021-06-24 17:00:00,0.216081944
2021-06-24 18:00:00,0.2160875
2021-06-24 19:00:00,0.216101389
2021-06-24 20:00:00,0.2161
2021-06-24 21:00:00,0.216116667
2021-06-24 22:00:00,0.216136111
2021-06-24 23:00:00,0.216206944
2021-06-25 00:00:00,0.216240278
2021-06-25 01:00:00,0.216227778
2021-06-25 02:00:00,0.216234722
2021-06-25 03:00:00,0.216193056
2021-06-25 04:00:00,0.216127778
2021-06-25 05:00:00,0.216065278
2021-06-25 06:00:00,0.215991667
2021-06-25 07:00:00,0.2159125
2021-06-25 08:00:00,0.215829167
2021-06-25 09:00:00,0.215733333
2021-06-25 10:00:00,0.215647222
2021-06-25 11:00:00,0.215548611
2021-06-25 12:00:00,0.215436111
2021-06-25 13:00:00,0.215322222
2021-06-25 14:00:00,0.215218056
2021-06-25 15:00:00,0.215118056
2021-06-25 16:00:00,0.215011111
2021-06-25 17:00:00,0.214902778
2021-06-25 18:00:00,0.214813889
2021-06-25 19:00:00,0.214716667
2021-06-25 20:00:00,0.214654167
2021-06-25 21:00:00,0.214584722
2021-06-25 22:00:00,0.214505556
2021-06-25 23:00:00,0.214416667
2021-06-26 00:00:00,0.2143125
2021-06-26 01:00:00,0.214194444
2021-06-26 02:00:00,0.214072222
2021-06-26 03:00:00,0.213929167
2021-06-26 04:00:00,0.213794444
2021-06-26 05:00:00,0.213623611
2021-06-26 06:00:00,0.213447222
2021-06-26 07:00:00,0.213288889
2021-06-26 08:00:00,0.213109722
2021-06-26 09:00:00,0.212926389
2021-06-26 10:00:00,0.212763889
2021-06-26 11:00:00,0.212613889
2021-06-26 12:00:00,0.2124375
2021-06-26 13:00:00,0.212293056
2021-06-26 14:00:00,0.212183333
2021-06-26 15:00:00,0.212075
2021-06-26 16:00:00,0.211968056
2021-06-26 17:00:00,0.211870833
2021-06-26 18:00:00,0.2118
2021-06-26 19:00:00,0.211751389
2021-06-26 20:00:00,0.211763889
2021-06-26 21:00:00,0.211776389
2021-06-26 22:00:00,0.211777778
2021-06-26 23:00:00,0.211779167
2021-06-27 00:00:00,0.211805556
2021-06-27 01:00:00,0.211829167
2021-06-27 02:00:00,0.2118375
2021-06-27 03:00:00,0.211830556
2021-06-27 04:00:00,0.21185
2021-06-27 05:00:00,0.211770833
2021-06-27 06:00:00,0.211813889
2021-06-27 07:00:00,0.211854167
2021-06-27 08:00:00,0.211866667
2021-06-27 09:00:00,0.211895833
2021-06-27 10:00:00,0.211913889
2021-06-27 11:00:00,0.211931944
2021-06-27 12:00:00,0.211904167
2021-06-27 13:00:00,0.211866667
2021-06-27 14:00:00,0.211833333
2021-06-27 15:00:00,0.211788889
2021-06-27 16:00:00,0.211731944
2021-06-27 17:00:00,0.211675
2021-06-27 18:00:00,0.2116125
2021-06-27 19:00:00,0.2115625
2021-06-27 20:00:00,0.211538889
2021-06-27 21:00:00,0.211534722
2021-06-27 22:00:00,0.211523611
2021-06-27 23:00:00,0.2115125
2021-06-28 00:00:00,0.211576389
2021-06-28 01:00:00,0.211515278
2021-06-28 02:00:00,0.211541667
2021-06-28 03:00:00,0.211575
2021-06-28 04:00:00,0.211577778
2021-06-28 05:00:00,0.211627778
2021-06-28 06:00:00,0.211643056
2021-06-28 07:00:00,0.211716667
2021-06-28 08:00:00,0.211783333
2021-06-28 09:00:00,0.211855556
2021-06-28 10:00:00,0.211925
2021-06-28 11:00:00,0.211975
2021-06-28 12:00:00,0.212054167
2021-06-28 13:00:00,0.212108333
2021-06-28 14:00:00,0.212159722
2021-06-28 15:00:00,0.212216667
2021-06-28 16:00:00,0.212252778
2021-06-28 17:00:00,0.212301389
2021-06-28 18:00:00,0.212359722
2021-06-28 19:00:00,0.212423611
2021-06-28 20:00:00,0.212495833
2021-06-28 21:00:00,0.2126125
2021-06-28 22:00:00,0.212738889
2021-06-28 23:00:00,0.2129
2021-06-29 00:00:00,0.213083333
2021-06-29 01:00:00,0.213231944
2021-06-29 02:00:00,0.213408333
2021-06-29 03:00:00,0.213572222
2021-06-29 04:00:00,0.213747222
2021-06-29 05:00:00,0.213934722
2021-06-29 06:00:00,0.214118056
2021-06-29 07:00:00,0.214284722
2021-06-29 08:00:00,0.214422222
2021-06-29 09:00:00,0.214575
2021-06-29 10:00:00,0.214679167
2021-06-29 11:00:00,0.214736111
2021-06-29 12:00:00,0.214791667
2021-06-29 13:00:00,0.2148
2021-06-29 14:00:00,0.214783333
2021-06-29 15:00:00,0.214768056
2021-06-29 16:00:00,0.214706944
2021-06-29 17:00:00,0.214619444
2021-06-29 18:00:00,0.214563889
2021-06-29 19:00:00,0.214475
2021-06-29 20:00:00,0.214372222
2021-06-29 21:00:00,0.214298611
2021-06-29 22:00:00,0.214222222
2021-06-29 23:00:00,0.214190278
2021-06-30 00:00:00,0.214152778
2021-06-30 01:00:00,0.214140278
2021-06-30 02:00:00,0.214136111
2021-06-30 03:00:00,0.2141625
2021-06-30 04:00:00,0.214222222
2021-06-30 05:00:00,0.214298611
2021-06-30 06:00:00,0.214415278
2021-06-30 07:00:00,0.214583333
2021-06-30 08:00:00,0.214736111
2021-06-30 09:00:00,0.214908333
2021-06-30 10:00:00,0.215106944
2021-06-30 11:00:00,0.215258333
2021-06-30 12:00:00,0.215379167
2021-06-30 13:00:00,0.215475
2021-06-30 14:00:00,0.2155
2021-06-30 15:00:00,0.215490278
2021-06-30 16:00:00,0.215429167
2021-06-30 17:00:00,0.215329167
2021-06-30 18:00:00,0.215201389
2021-06-30 19:00:00,0.215072222
2021-06-30 20:00:00,0.214940278
2021-06-30 21:00:00,0.214823611
2021-06-30 22:00:00,0.214697222
2021-06-30 23:00:00,0.214552778
2022-06-01 00:00:00,0.253345833
2022-06-01 01:00:00,0.253255556
2022-06-01 02:00:00,0.253144444
2022-06-01 03:00:00,0.253002778
2022-06-01 04:00:00,0.252844444
2022-06-01 05:00:00,0.252643056
2022-06-01 06:00:00,0.252383333
2022-06-01 07:00:00,0.252083333
2022-06-01 08:00:00,0.251783333
2022-06-01 09:00:00,0.251484722
2022-06-01 10:00:00,0.2511625
2022-06-01 11:00:00,0.250854167
2022-06-01 12:00:00,0.250559722
2022-06-01 13:00:00,0.250268056
2022-06-01 14:00:00,0.250002778
2022-06-01 15:00:00,0.249754167
2022-06-01 16:00:00,0.249518056
2022-06-01 17:00:00,0.249320833
2022-06-01 18:00:00,0.249155556
2022-06-01 19:00:00,0.249034722
2022-06-01 20:00:00,0.248961111
2022-06-01 21:00:00,0.248925
2022-06-01 22:00:00,0.248886111
2022-06-01 23:00:00,0.248877778
2022-06-02 00:00:00,0.248875
2022-06-02 01:00:00,0.248859722
2022-06-02 02:00:00,0.248834722
2022-06-02 03:00:00,0.248802778
2022-06-02 04:00:00,0.248763889
2022-06-02 05:00:00,0.248691667
2022-06-02 06:00:00,0.248622222
2022-06-02 07:00:00,0.248502778
2022-06-02 08:00:00,0.248343056
2022-06-02 09:00:00,0.248173611
2022-06-02 10:00:00,0.247958333
2022-06-02 11:00:00,0.247759722
2022-06-02 12:00:00,0.247569444
2022-06-02 13:00:00,0.247330556
2022-06-02 14:00:00,0.247097222
2022-06-02 15:00:00,0.246880556
2022-06-02 16:00:00,0.246652778
2022-06-02 17:00:00,0.246448611
2022-06-02 18:00:00,0.24625
2022-06-02 19:00:00,0.246073611
2022-06-02 20:00:00,0.245931944
2022-06-02 21:00:00,0.245861111
2022-06-02 22:00:00,0.245808333
2022-06-02 23:00:00,0.245765278
2022-06-03 00:00:00,0.245719444
2022-06-03 01:00:00,0.245688889
2022-06-03 02:00:00,0.245643056
2022-06-03 03:00:00,0.245593056
2022-06-03 04:00:00,0.245565278
2022-06-03 05:00:00,0.245513889
2022-06-03 06:00:00,0.245465278
2022-06-03 07:00:00,0.245431944
2022-06-03 08:00:00,0.245388889
2022-06-03 09:00:00,0.245347222
2022-06-03 10:00:00,0.245295833
2022-06-03 11:00:00,0.245234722
2022-06-03 12:00:00,0.245175
2022-06-03 13:00:00,0.245076389
2022-06-03 14:00:00,0.244991667
2022-06-03 15:00:00,0.244901389
2022-06-03 16:00:00,0.244781944
2022-06-03 17:00:00,0.244668056
2022-06-03 18:00:00,0.244568056
2022-06-03 19:00:00,0.244456944
2022-06-03 20:00:00,0.244376389
2022-06-03 21:00:00,0.244293056
2022-06-03 22:00:00,0.244227778
2022-06-03 23:00:00,0.244184722
2022-06-04 00:00:00,0.244147222
2022-06-04 01:00:00,0.244113889
2022-06-04 02:00:00,0.244095833
2022-06-04 03:00:00,0.244070833
2022-06-04 04:00:00,0.24405
2022-06-04 05:00:00,0.244036111
2022-06-04 06:00:00,0.244019444
2022-06-04 07:00:00,0.244036111
2022-06-04 08:00:00,0.2440375
2022-06-04 09:00:00,0.243994444
2022-06-04 10:00:00,0.24395
2022-06-04 11:00:00,0.243875
2022-06-04 12:00:00,0.243773611
2022-06-04 13:00:00,0.243654167
2022-06-04 14:00:00,0.243486111
2022-06-04 15:00:00,0.243256944
2022-06-04 16:00:00,0.242994444
2022-06-04 17:00:00,0.242716667
2022-06-04 18:00:00,0.242427778
2022-06-04 19:00:00,0.242140278
2022-06-04 20:00:00,0.241858333
2022-06-04 21:00:00,0.241611111
2022-06-04 22:00:00,0.241372222
2022-06-04 23:00:00,0.2411625
2022-06-05 00:00:00,0.2409875
2022-06-05 01:00:00,0.240804167
2022-06-05 02:00:00,0.240641667
2022-06-05 03:00:00,0.240509722
2022-06-05 04:00:00,0.240408333
2022-06-05 05:00:00,0.240325
2022-06-05 06:00:00,0.240255556
2022-06-05 07:00:00,0.240195833
2022-06-05 08:00:00,0.240177778
2022-06-05 09:00:00,0.240168056
2022-06-05 10:00:00,0.240177778
2022-06-05 11:00:00,0.240194444
2022-06-05 12:00:00,0.240213889
2022-06-05 13:00:00,0.240201389
2022-06-05 14:00:00,0.240159722
2022-06-05 15:00:00,0.240059722
2022-06-05 16:00:00,0.239933333
2022-06-05 17:00:00,0.239747222
2022-06-05 18:00:00,0.239533333
2022-06-05 19:00:00,0.239288889
2022-06-05 20:00:00,0.238994444
2022-06-05 21:00:00,0.238697222
2022-06-05 22:00:00,0.238386111
2022-06-05 23:00:00,0.238069444
2022-06-06 00:00:00,0.237748611
2022-06-06 01:00:00,0.237466667
2022-06-06 02:00:00,0.237222222
2022-06-06 03:00:00,0.237027778
2022-06-06 04:00:00,0.236838889
2022-06-06 05:00:00,0.236677778
2022-06-06 06:00:00,0.236555556
2022-06-06 07:00:00,0.236473611
2022-06-06 08:00:00,0.236418056
2022-06-06 09:00:00,0.236465278
2022-06-06 10:00:00,0.236509722
2022-06-06 11:00:00,0.236583333
2022-06-06 12:00:00,0.236658333
2022-06-06 13:00:00,0.236686111
2022-06-06 14:00:00,0.236711111
2022-06-06 15:00:00,0.236668056
2022-06-06 16:00:00,0.236404167
2022-06-06 17:00:00,0.236272222
2022-06-06 18:00:00,0.235940278
2022-06-06 19:00:00,0.23555
2022-06-06 20:00:00,0.235170833
2022-06-06 21:00:00,0.234786111
2022-06-06 22:00:00,0.234380556
2022-06-06 23:00:00,0.233970833
2022-06-07 00:00:00,0.233577778
2022-06-07 01:00:00,0.233213889
2022-06-07 02:00:00,0.232897222
2022-06-07 03:00:00,0.232591667
2022-06-07 04:00:00,0.232359722
2022-06-07 05:00:00,0.232048611
2022-06-07 06:00:00,0.231722222
2022-06-07 07:00:00,0.231673611
2022-06-07 08:00:00,0.231526389
2022-06-07 09:00:00,0.231355556
2022-06-07 10:00:00,0.2312375
2022-06-07 11:00:00,0.23115
2022-06-07 12:00:00,0.231116667
2022-06-07 13:00:00,0.231102778
2022-06-07 14:00:00,0.231090278
2022-06-07 15:00:00,0.231056944
2022-06-07 16:00:00,0.230940278
2022-06-07 17:00:00,0.230773611
2022-06-07 18:00:00,0.230536111
2022-06-07 19:00:00,0.230341667
2022-06-07 20:00:00,0.229925
2022-06-07 21:00:00,0.229509722
2022-06-07 22:00:00,0.229036111
2022-06-07 23:00:00,0.228654167
2022-06-08 00:00:00,0.228301389
2022-06-08 01:00:00,0.227943056
2022-06-08 02:00:00,0.227663889
2022-06-08 03:00:00,0.227434722
2022-06-08 04:00:00,0.227254167
2022-06-08 05:00:00,0.227130556
2022-06-08 06:00:00,0.227066667
2022-06-08 07:00:00,0.227036111
2022-06-08 08:00:00,0.227056944
2022-06-08 09:00:00,0.227118056
2022-06-08 10:00:00,0.227183333
2022-06-08 11:00:00,0.227273611
2022-06-08 12:00:00,0.227366667
2022-06-08 13:00:00,0.227423611
2022-06-08 14:00:00,0.227444444
2022-06-08 15:00:00,0.227433333
2022-06-08 16:00:00,0.227355556
2022-06-08 17:00:00,0.227209722
2022-06-08 18:00:00,0.226995833
2022-06-08 19:00:00,0.226725
2022-06-08 20:00:00,0.226409722
2022-06-08 21:00:00,0.226018056
2022-06-08 22:00:00,0.225601389
2022-06-08 23:00:00,0.225170833
2022-06-09 00:00:00,0.224729167
2022-06-09 01:00:00,0.224297222
2022-06-09 02:00:00,0.223895833
2022-06-09 03:00:00,0.223509722
2022-06-09 04:00:00,0.223208333
2022-06-09 05:00:00,0.222969444
2022-06-09 06:00:00,0.222772222
2022-06-09 07:00:00,0.222651389
2022-06-09 08:00:00,0.222576389
2022-06-09 09:00:00,0.222518056
2022-06-09 10:00:00,0.222511111
2022-06-09 11:00:00,0.222488889
2022-06-09 12:00:00,0.222505556
2022-06-09 13:00:00,0.222491667
2022-06-09 14:00:00,0.222394444
2022-06-09 15:00:00,0.222359722
2022-06-09 16:00:00,0.222213889
2022-06-09 17:00:00,0.2220875
2022-06-09 18:00:00,0.22195
2022-06-09 19:00:00,0.2218
2022-06-09 20:00:00,0.221586111
2022-06-09 21:00:00,0.2213125
2022-06-09 22:00:00,0.221056944
2022-06-09 23:00:00,0.22065
2022-06-10 00:00:00,0.220238889
2022-06-10 01:00:00,0.21975
2022-06-10 02:00:00,0.219216667
2022-06-10 03:00:00,0.218655556
2022-06-10 04:00:00,0.2181125
2022-06-10 05:00:00,0.217545833
2022-06-10 06:00:00,0.217101389
2022-06-10 07:00:00,0.216651389
2022-06-10 08:00:00,0.216225
2022-06-10 09:00:00,0.215897222
2022-06-10 10:00:00,0.215615278
2022-06-10 11:00:00,0.215322222
2022-06-10 12:00:00,0.215068056
2022-06-10 13:00:00,0.214893056
2022-06-10 14:00:00,0.214702778
2022-06-10 15:00:00,0.214470833
2022-06-10 16:00:00,0.214177778
2022-06-10 17:00:00,0.213940278
2022-06-10 18:00:00,0.213675
2022-06-10 19:00:00,0.213365278
2022-06-10 20:00:00,0.212981944
2022-06-10 21:00:00,0.212643056
2022-06-10 22:00:00,0.2122875
2022-06-10 23:00:00,0.2119125
2022-06-11 00:00:00,0.211470833
2022-06-11 01:00:00,0.211070833
2022-06-11 02:00:00,0.210676389
2022-06-11 03:00:00,0.210220833
2022-06-11 04:00:00,0.209830556
2022-06-11 05:00:00,0.209461111
2022-06-11 06:00:00,0.209077778
2022-06-11 07:00:00,0.208718056
2022-06-11 08:00:00,0.208433333
2022-06-11 09:00:00,0.208188889
2022-06-11 10:00:00,0.207923611
2022-06-11 11:00:00,0.207731944
2022-06-11 12:00:00,0.207593056
2022-06-11 13:00:00,0.2074625
2022-06-11 14:00:00,0.207340278
2022-06-11 15:00:00,0.207259722
2022-06-11 16:00:00,0.2072
2022-06-11 17:00:00,0.207125
2022-06-11 18:00:00,0.207055556
2022-06-11 19:00:00,0.206998611
2022-06-11 20:00:00,0.206893056
2022-06-11 21:00:00,0.206791667
2022-06-11 22:00:00,0.206644444
2022-06-11 23:00:00,0.206458333
2022-06-12 00:00:00,0.206269444
2022-06-12 01:00:00,0.206063889
2022-06-12 02:00:00,0.205843056
2022-06-12 03:00:00,0.205605556
2022-06-12 04:00:00,0.205355556
2022-06-12 05:00:00,0.205095833
2022-06-12 06:00:00,0.204845833
2022-06-12 07:00:00,0.204620833
2022-06-12 08:00:00,0.204402778
2022-06-12 09:00:00,0.204188889
2022-06-12 10:00:00,0.203998611
2022-06-12 11:00:00,0.203841667
2022-06-12 12:00:00,0.203706944
2022-06-12 13:00:00,0.203597222
2022-06-12 14:00:00,0.203511111
2022-06-12 15:00:00,0.203443056
2022-06-12 16:00:00,0.203390278
2022-06-12 17:00:00,0.203358333
2022-06-12 18:00:00,0.203329167
2022-06-12 19:00:00,0.203298611
2022-06-12 20:00:00,0.203268056
2022-06-12 21:00:00,0.203231944
2022-06-12 22:00:00,0.203193056
2022-06-12 23:00:00,0.203125
2022-06-13 00:00:00,0.203023611
2022-06-13 01:00:00,0.202920833
2022-06-13 02:00:00,0.202793056
2022-06-13 03:00:00,0.202620833
2022-06-13 04:00:00,0.202454167
2022-06-13 05:00:00,0.202266667
2022-06-13 06:00:00,0.202059722
2022-06-13 07:00:00,0.201855556
2022-06-13 08:00:00,0.201647222
2022-06-13 09:00:00,0.201447222
2022-06-13 10:00:00,0.201272222
2022-06-13 11:00:00,0.201101389
2022-06-13 12:00:00,0.200955556
2022-06-13 13:00:00,0.200827778
2022-06-13 14:00:00,0.200706944
2022-06-13 15:00:00,0.200606944
2022-06-13 16:00:00,0.200525
2022-06-13 17:00:00,0.200468056
2022-06-13 18:00:00,0.20045
2022-06-13 19:00:00,0.200459722
2022-06-13 20:00:00,0.200470833
2022-06-13 21:00:00,0.200472222
2022-06-13 22:00:00,0.200472222
2022-06-13 23:00:00,0.2004875
2022-06-14 00:00:00,0.200581944
2022-06-14 01:00:00,0.200552778
2022-06-14 02:00:00,0.200551389
2022-06-14 03:00:00,0.200513889
2022-06-14 04:00:00,0.200444444
2022-06-14 05:00:00,0.200381944
2022-06-14 06:00:00,0.200311111
2022-06-14 07:00:00,0.2002
2022-06-14 08:00:00,0.200102778
2022-06-14 09:00:00,0.200047222
2022-06-14 10:00:00,0.199948611
2022-06-14 11:00:00,0.199831944
2022-06-14 12:00:00,0.199744444
2022-06-14 13:00:00,0.199677778
2022-06-14 14:00:00,0.199618056
2022-06-14 15:00:00,0.199570833
2022-06-14 16:00:00,0.199534722
2022-06-14 17:00:00,0.199506944
2022-06-14 18:00:00,0.199534722
2022-06-14 19:00:00,0.199611111
2022-06-14 20:00:00,0.199656944
2022-06-14 21:00:00,0.199748611
2022-06-14 22:00:00,0.199830556
2022-06-14 23:00:00,0.199890278
2022-06-15 00:00:00,0.199929167
2022-06-15 01:00:00,0.199961111
2022-06-15 02:00:00,0.199958333
2022-06-15 03:00:00,0.199948611
2022-06-15 04:00:00,0.199929167
2022-06-15 05:00:00,0.199869444
2022-06-15 06:00:00,0.199805556
2022-06-15 07:00:00,0.199704167
2022-06-15 08:00:00,0.199606944
2022-06-15 09:00:00,0.199497222
2022-06-15 10:00:00,0.1993375
2022-06-15 11:00:00,0.199181944
2022-06-15 12:00:00,0.199051389
2022-06-15 13:00:00,0.198906944
2022-06-15 14:00:00,0.198768056
2022-06-15 15:00:00,0.198656944
2022-06-15 16:00:00,0.198529167
2022-06-15 17:00:00,0.198368056
2022-06-15 18:00:00,0.198316667
2022-06-15 19:00:00,0.198280556
2022-06-15 20:00:00,0.198238889
2022-06-15 21:00:00,0.198229167
2022-06-15 22:00:00,0.198223611
2022-06-15 23:00:00,0.198205556
2022-06-16 00:00:00,0.198183333
2022-06-16 01:00:00,0.198152778
2022-06-16 02:00:00,0.198126389
2022-06-16 03:00:00,0.198101389
2022-06-16 04:00:00,0.198077778
2022-06-16 05:00:00,0.198051389
2022-06-16 06:00:00,0.198027778
2022-06-16 07:00:00,0.198
2022-06-16 08:00:00,0.197995833
2022-06-16 09:00:00,0.1979625
2022-06-16 10:00:00,0.197951389
2022-06-16 11:00:00,0.197933333
2022-06-16 12:00:00,0.197877778
2022-06-16 13:00:00,0.19785
2022-06-16 14:00:00,0.197829167
2022-06-16 15:00:00,0.197827778
2022-06-16 16:00:00,0.197823611
2022-06-16 17:00:00,0.197818056
2022-06-16 18:00:00,0.197801389
2022-06-16 19:00:00,0.197791667
2022-06-16 20:00:00,0.197777778
2022-06-16 21:00:00,0.197756944
2022-06-16 22:00:00,0.197744444
2022-06-16 23:00:00,0.197744444
2022-06-17 00:00:00,0.197729167
2022-06-17 01:00:00,0.197725
2022-06-17 02:00:00,0.197718056
2022-06-17 03:00:00,0.197702778
2022-06-17 04:00:00,0.197680556
2022-06-17 05:00:00,0.197659722
2022-06-17 06:00:00,0.197631944
2022-06-17 07:00:00,0.197606944
2022-06-17 08:00:00,0.1975625
2022-06-17 09:00:00,0.197497222
2022-06-17 10:00:00,0.197436111
2022-06-17 11:00:00,0.197363889
2022-06-17 12:00:00,0.197276389
2022-06-17 13:00:00,0.197172222
2022-06-17 14:00:00,0.197090278
2022-06-17 15:00:00,0.196981944
2022-06-17 16:00:00,0.196883333
2022-06-17 17:00:00,0.196797222
2022-06-17 18:00:00,0.196698611
2022-06-17 19:00:00,0.196631944
2022-06-17 20:00:00,0.196597222
2022-06-17 21:00:00,0.196576389
2022-06-17 22:00:00,0.196566667
2022-06-17 23:00:00,0.196558333
2022-06-18 00:00:00,0.196568056
2022-06-18 01:00:00,0.196581944
2022-06-18 02:00:00,0.1965875
2022-06-18 03:00:00,0.196593056
2022-06-18 04:00:00,0.196613889
2022-06-18 05:00:00,0.196613889
2022-06-18 06:00:00,0.196619444
2022-06-18 07:00:00,0.196665278
2022-06-18 08:00:00,0.196725
2022-06-18 09:00:00,0.196788889
2022-06-18 10:00:00,0.196851389
2022-06-18 11:00:00,0.196893056
2022-06-18 12:00:00,0.196902778
2022-06-18 13:00:00,0.196904167
2022-06-18 14:00:00,0.196897222
2022-06-18 15:00:00,0.196852778
2022-06-18 16:00:00,0.196783333
2022-06-18 17:00:00,0.196702778
2022-06-18 18:00:00,0.196608333
2022-06-18 19:00:00,0.196504167
2022-06-18 20:00:00,0.196451389
2022-06-18 21:00:00,0.196318056
2022-06-18 22:00:00,0.196193056
2022-06-18 23:00:00,0.196075
2022-06-19 00:00:00,0.195895833
2022-06-19 01:00:00,0.195754167
2022-06-19 02:00:00,0.195606944
2022-06-19 03:00:00,0.195497222
2022-06-19 04:00:00,0.1954
2022-06-19 05:00:00,0.195316667
2022-06-19 06:00:00,0.19525
2022-06-19 07:00:00,0.195177778
2022-06-19 08:00:00,0.195129167
2022-06-19 09:00:00,0.195095833
2022-06-19 10:00:00,0.195031944
2022-06-19 11:00:00,0.194972222
2022-06-19 12:00:00,0.1949
2022-06-19 13:00:00,0.194805556
2022-06-19 14:00:00,0.194686111
2022-06-19 15:00:00,0.194541667
2022-06-19 16:00:00,0.194380556
2022-06-19 17:00:00,0.194180556
2022-06-19 18:00:00,0.193966667
2022-06-19 19:00:00,0.193755556
2022-06-19 20:00:00,0.193529167
2022-06-19 21:00:00,0.193291667
2022-06-19 22:00:00,0.193048611
2022-06-19 23:00:00,0.192829167
2022-06-20 00:00:00,0.192615278
2022-06-20 01:00:00,0.192390278
2022-06-20 02:00:00,0.192175
2022-06-20 03:00:00,0.191955556
2022-06-20 04:00:00,0.191766667
2022-06-20 05:00:00,0.191608333
2022-06-20 06:00:00,0.191479167
2022-06-20 07:00:00,0.191402778
2022-06-20 08:00:00,0.191352778
2022-06-20 09:00:00,0.1913125
2022-06-20 10:00:00,0.191270833
2022-06-20 11:00:00,0.191231944
2022-06-20 12:00:00,0.1912
2022-06-20 13:00:00,0.191141667
2022-06-20 14:00:00,0.191045833
2022-06-20 15:00:00,0.190918056
2022-06-20 16:00:00,0.190755556
2022-06-20 17:00:00,0.190573611
2022-06-20 18:00:00,0.190363889
2022-06-20 19:00:00,0.190119444
2022-06-20 20:00:00,0.189861111
2022-06-20 21:00:00,0.1896
2022-06-20 22:00:00,0.1893375
2022-06-20 23:00:00,0.189113889
2022-06-21 00:00:00,0.188898611
2022-06-21 01:00:00,0.188704167
2022-06-21 02:00:00,0.188520833
2022-06-21 03:00:00,0.188355556
2022-06-21 04:00:00,0.188223611
2022-06-21 05:00:00,0.188129167
2022-06-21 06:00:00,0.188088889
2022-06-21 07:00:00,0.188086111
2022-06-21 08:00:00,0.188088889
2022-06-21 09:00:00,0.188134722
2022-06-21 10:00:00,0.188194444
2022-06-21 11:00:00,0.188229167
2022-06-21 12:00:00,0.188268056
2022-06-21 13:00:00,0.188269444
2022-06-21 14:00:00,0.188243056
2022-06-21 15:00:00,0.18815
2022-06-21 16:00:00,0.187995833
2022-06-21 17:00:00,0.187805556
2022-06-21 18:00:00,0.1875625
2022-06-21 19:00:00,0.187293056
2022-06-21 20:00:00,0.186988889
2022-06-21 21:00:00,0.186666667
2022-06-21 22:00:00,0.186333333
2022-06-21 23:00:00,0.186029167
2022-06-22 00:00:00,0.185745833
2022-06-22 01:00:00,0.185493056
2022-06-22 02:00:00,0.185270833
2022-06-22 03:00:00,0.185070833
2022-06-22 04:00:00,0.184931944
2022-06-22 05:00:00,0.184848611
2022-06-22 06:00:00,0.1848
2022-06-22 07:00:00,0.184784722
2022-06-22 08:00:00,0.184811111
2022-06-22 09:00:00,0.18485
2022-06-22 10:00:00,0.184911111
2022-06-22 11:00:00,0.184984722
2022-06-22 12:00:00,0.185054167
2022-06-22 13:00:00,0.185093056
2022-06-22 14:00:00,0.185094444
2022-06-22 15:00:00,0.185036111
2022-06-22 16:00:00,0.184911111
2022-06-22 17:00:00,0.184716667
2022-06-22 18:00:00,0.184455556
2022-06-22 19:00:00,0.184161111
2022-06-22 20:00:00,0.183827778
2022-06-22 21:00:00,0.183475
2022-06-22 22:00:00,0.183161111
2022-06-22 23:00:00,0.182870833
2022-06-23 00:00:00,0.182602778
2022-06-23 01:00:00,0.182404167
2022-06-23 02:00:00,0.182261111
2022-06-23 03:00:00,0.182176389
2022-06-23 04:00:00,0.182131944
2022-06-23 05:00:00,0.182151389
2022-06-23 06:00:00,0.182223611
2022-06-23 07:00:00,0.182318056
2022-06-23 08:00:00,0.182466667
2022-06-23 09:00:00,0.182645833
2022-06-23 10:00:00,0.182836111
2022-06-23 11:00:00,0.183041667
2022-06-23 12:00:00,0.183245833
2022-06-23 13:00:00,0.1833875
2022-06-23 14:00:00,0.183508333
2022-06-23 15:00:00,0.183565278
2022-06-23 16:00:00,0.183555556
2022-06-23 17:00:00,0.183475
2022-06-23 18:00:00,0.183319444
2022-06-23 19:00:00,0.183120833
2022-06-23 20:00:00,0.1829
2022-06-23 21:00:00,0.182619444
2022-06-23 22:00:00,0.182315278
2022-06-23 23:00:00,0.181986111
2022-06-24 00:00:00,0.181673611
2022-06-24 01:00:00,0.1814
2022-06-24 02:00:00,0.181143056
2022-06-24 03:00:00,0.180918056
2022-06-24 04:00:00,0.180761111
2022-06-24 05:00:00,0.180676389
2022-06-24 06:00:00,0.180655556
2022-06-24 07:00:00,0.180669444
2022-06-24 08:00:00,0.180701389
2022-06-24 09:00:00,0.1807875
2022-06-24 10:00:00,0.180893056
2022-06-24 11:00:00,0.181009722
2022-06-24 12:00:00,0.181151389
2022-06-24 13:00:00,0.181284722
2022-06-24 14:00:00,0.181401389
2022-06-24 15:00:00,0.181509722
2022-06-24 16:00:00,0.181579167
2022-06-24 17:00:00,0.181602778
2022-06-24 18:00:00,0.1815875
2022-06-24 19:00:00,0.181531944
2022-06-24 20:00:00,0.181466667
2022-06-24 21:00:00,0.181376389
2022-06-24 22:00:00,0.181168056
2022-06-24 23:00:00,0.180991667
2022-06-25 00:00:00,0.180833333
2022-06-25 01:00:00,0.180677778
2022-06-25 02:00:00,0.180380556
2022-06-25 03:00:00,0.180188889
2022-06-25 04:00:00,0.180031944
2022-06-25 05:00:00,0.179893056
2022-06-25 06:00:00,0.179830556
2022-06-25 07:00:00,0.179784722
2022-06-25 08:00:00,0.179947222
2022-06-25 09:00:00,0.180026389
2022-06-25 10:00:00,0.180095833
2022-06-25 11:00:00,0.180188889
2022-06-25 12:00:00,0.180247222
2022-06-25 13:00:00,0.180329167
2022-06-25 14:00:00,0.180443056
2022-06-25 15:00:00,0.180561111
2022-06-25 16:00:00,0.180627778
2022-06-25 17:00:00,0.180694444
2022-06-25 18:00:00,0.180726389
2022-06-25 19:00:00,0.180676389
2022-06-25 20:00:00,0.180676389
2022-06-25 21:00:00,0.180541667
2022-06-25 22:00:00,0.180425
2022-06-25 23:00:00,0.180304167
2022-06-26 00:00:00,0.1800375
2022-06-26 01:00:00,0.179872222
2022-06-26 02:00:00,0.179670833
2022-06-26 03:00:00,0.179401389
2022-06-26 04:00:00,0.179155556
2022-06-26 05:00:00,0.178970833
2022-06-26 06:00:00,0.178770833
2022-06-26 07:00:00,0.178563889
2022-06-26 08:00:00,0.178436111
2022-06-26 09:00:00,0.178341667
2022-06-26 10:00:00,0.178275
2022-06-26 11:00:00,0.178248611
2022-06-26 12:00:00,0.178256944
2022-06-26 13:00:00,0.178280556
2022-06-26 14:00:00,0.178320833
2022-06-26 15:00:00,0.1784125
2022-06-26 16:00:00,0.178525
2022-06-26 17:00:00,0.178618056
2022-06-26 18:00:00,0.178691667
2022-06-26 19:00:00,0.178769444
2022-06-26 20:00:00,0.178825
2022-06-26 21:00:00,0.178859722
2022-06-26 22:00:00,0.178897222
2022-06-26 23:00:00,0.178965278
2022-06-27 00:00:00,0.178952778
2022-06-27 01:00:00,0.178918056
2022-06-27 02:00:00,0.178813889
2022-06-27 03:00:00,0.178658333
2022-06-27 04:00:00,0.178483333
2022-06-27 05:00:00,0.178275
2022-06-27 06:00:00,0.178075
2022-06-27 07:00:00,0.177895833
2022-06-27 08:00:00,0.1777125
2022-06-27 09:00:00,0.177569444
2022-06-27 10:00:00,0.177452778
2022-06-27 11:00:00,0.177404167
2022-06-27 12:00:00,0.177380556
2022-06-27 13:00:00,0.177375
2022-06-27 14:00:00,0.177418056
2022-06-27 15:00:00,0.177488889
2022-06-27 16:00:00,0.177579167
2022-06-27 17:00:00,0.177684722
2022-06-27 18:00:00,0.177856944
2022-06-27 19:00:00,0.178030556
2022-06-27 20:00:00,0.178223611
2022-06-27 21:00:00,0.178422222
2022-06-27 22:00:00,0.178597222
2022-06-27 23:00:00,0.178734722
2022-06-28 00:00:00,0.178845833
2022-06-28 01:00:00,0.178986111
2022-06-28 02:00:00,0.179063889
2022-06-28 03:00:00,0.179116667
2022-06-28 04:00:00,0.179116667
2022-06-28 05:00:00,0.179025
2022-06-28 06:00:00,0.178931944
2022-06-28 07:00:00,0.178847222
2022-06-28 08:00:00,0.178775
2022-06-28 09:00:00,0.178683333
2022-06-28 10:00:00,0.178620833
2022-06-28 11:00:00,0.178581944
2022-06-28 12:00:00,0.178565278
2022-06-28 13:00:00,0.178552778
2022-06-28 14:00:00,0.1786
2022-06-28 15:00:00,0.178665278
2022-06-28 16:00:00,0.178743056
2022-06-28 17:00:00,0.178875
2022-06-28 18:00:00,0.1790625
2022-06-28 19:00:00,0.179245833
2022-06-28 20:00:00,0.1794375
2022-06-28 21:00:00,0.179643056
2022-06-28 22:00:00,0.179856944
2022-06-28 23:00:00,0.180047222
2022-06-29 00:00:00,0.180229167
2022-06-29 01:00:00,0.180413889
2022-06-29 02:00:00,0.1805625
2022-06-29 03:00:00,0.180693056
2022-06-29 04:00:00,0.180791667
2022-06-29 05:00:00,0.180823611
2022-06-29 06:00:00,0.180804167
2022-06-29 07:00:00,0.180769444
2022-06-29 08:00:00,0.1807375
2022-06-29 09:00:00,0.180647222
2022-06-29 10:00:00,0.180555556
2022-06-29 11:00:00,0.180506944
2022-06-29 12:00:00,0.180431944
2022-06-29 13:00:00,0.180355556
2022-06-29 14:00:00,0.180311111
2022-06-29 15:00:00,0.1802875
2022-06-29 16:00:00,0.180273611
2022-06-29 17:00:00,0.180268056
2022-06-29 18:00:00,0.180290278
2022-06-29 19:00:00,0.180355556
2022-06-29 20:00:00,0.180484722
2022-06-29 21:00:00,0.180581944
2022-06-29 22:00:00,0.180722222
2022-06-29 23:00:00,0.1808875
2022-06-30 00:00:00,0.181072222
2022-06-30 01:00:00,0.181213889
2022-06-30 02:00:00,0.181325
2022-06-30 03:00:00,0.181447222
2022-06-30 04:00:00,0.181395833
2022-06-30 05:00:00,0.181584722
2022-06-30 06:00:00,0.181641667
2022-06-30 07:00:00,0.181556944
2022-06-30 08:00:00,0.181530556
2022-06-30 09:00:00,0.181472222
2022-06-30 10:00:00,0.181380556
2022-06-30 11:00:00,0.181290278
2022-06-30 12:00:00,0.181188889
2022-06-30 13:00:00,0.18105
2022-06-30 14:00:00,0.180913889
2022-06-30 15:00:00,0.180819444
2022-06-30 16:00:00,0.180715278
2022-06-30 17:00:00,0.1806
2022-06-30 18:00:00,0.180522222
2022-06-30 19:00:00,0.180477778
2022-06-30 20:00:00,0.180490278
2022-06-30 21:00:00,0.180533333
2022-06-30 22:00:00,0.1806
2022-06-30 23:00:00,0.180686111
2023-06-01 00:00:00,0.257815278
2023-06-01 01:00:00,0.257898611
2023-06-01 02:00:00,0.257926389
2023-06-01 03:00:00,0.258040278
2023-06-01 04:00:00,0.258165278
2023-06-01 05:00:00,0.258108333
2023-06-01 06:00:00,0.258169444
2023-06-01 07:00:00,0.258247222
2023-06-01 08:00:00,0.258366667
2023-06-01 09:00:00,0.258433333
2023-06-01 10:00:00,0.258593056
2023-06-01 11:00:00,0.258715278
2023-06-01 12:00:00,0.258852778
2023-06-01 13:00:00,0.259073611
2023-06-01 14:00:00,0.259265278
2023-06-01 15:00:00,0.259508333
2023-06-01 16:00:00,0.259801389
2023-06-01 17:00:00,0.259998611
2023-06-01 18:00:00,0.260219444
2023-06-01 19:00:00,0.260465278
2023-06-01 20:00:00,0.260647222
2023-06-01 21:00:00,0.260820833
2023-06-01 22:00:00,0.261015278
2023-06-01 23:00:00,0.261194444
2023-06-02 00:00:00,0.261288889
2023-06-02 01:00:00,0.261363889
2023-06-02 02:00:00,0.2614
2023-06-02 03:00:00,0.261368056
2023-06-02 04:00:00,0.261298611
2023-06-02 05:00:00,0.261245833
2023-06-02 06:00:00,0.261158333
2023-06-02 07:00:00,0.261084722
2023-06-02 08:00:00,0.261069444
2023-06-02 09:00:00,0.2609
2023-06-02 10:00:00,0.260794444
2023-06-02 11:00:00,0.260723611
2023-06-02 12:00:00,0.260675
2023-06-02 13:00:00,0.260644444
2023-06-02 14:00:00,0.260643056
2023-06-02 15:00:00,0.2606875
2023-06-02 16:00:00,0.260761111
2023-06-02 17:00:00,0.260838889
2023-06-02 18:00:00,0.260945833
2023-06-02 19:00:00,0.261072222
2023-06-02 20:00:00,0.261208333
2023-06-02 21:00:00,0.261311111
2023-06-02 22:00:00,0.261397222
2023-06-02 23:00:00,0.261527778
2023-06-03 00:00:00,0.261709722
2023-06-03 01:00:00,0.261884722
2023-06-03 02:00:00,0.261948611
2023-06-03 03:00:00,0.262018056
2023-06-03 04:00:00,0.262068056
2023-06-03 05:00:00,0.262004167
2023-06-03 06:00:00,0.261954167
2023-06-03 07:00:00,0.261798611
2023-06-03 08:00:00,0.261643056
2023-06-03 09:00:00,0.261545833
2023-06-03 10:00:00,0.261395833
2023-06-03 11:00:00,0.261258333
2023-06-03 12:00:00,0.261148611
2023-06-03 13:00:00,0.261068056
2023-06-03 14:00:00,0.261
2023-06-03 15:00:00,0.260959722
2023-06-03 16:00:00,0.260968056
2023-06-03 17:00:00,0.260994444
2023-06-03 18:00:00,0.261125
2023-06-03 19:00:00,0.261158333
2023-06-03 20:00:00,0.261215278
2023-06-03 21:00:00,0.261305556
2023-06-03 22:00:00,0.261358333
2023-06-03 23:00:00,0.261431944
2023-06-04 00:00:00,0.261493056
2023-06-04 01:00:00,0.261583333
2023-06-04 02:00:00,0.261627778
2023-06-04 03:00:00,0.261655556
2023-06-04 04:00:00,0.261729167
2023-06-04 05:00:00,0.261804167
2023-06-04 06:00:00,0.2618625
2023-06-04 07:00:00,0.261901389
2023-06-04 08:00:00,0.261969444
2023-06-04 09:00:00,0.262029167
2023-06-04 10:00:00,0.262111111
2023-06-04 11:00:00,0.2622
2023-06-04 12:00:00,0.262293056
2023-06-04 13:00:00,0.262398611
2023-06-04 14:00:00,0.262472222
2023-06-04 15:00:00,0.262558333
2023-06-04 16:00:00,0.262640278
2023-06-04 17:00:00,0.262745833
2023-06-04 18:00:00,0.262886111
2023-06-04 19:00:00,0.263059722
2023-06-04 20:00:00,0.263213889
2023-06-04 21:00:00,0.263440278
2023-06-04 22:00:00,0.263702778
2023-06-04 23:00:00,0.264005556
2023-06-05 00:00:00,0.264290278
2023-06-05 01:00:00,0.264544444
2023-06-05 02:00:00,0.264758333
2023-06-05 03:00:00,0.264981944
2023-06-05 04:00:00,0.265168056
2023-06-05 05:00:00,0.2653375
2023-06-05 06:00:00,0.265443056
2023-06-05 07:00:00,0.2655375
2023-06-05 08:00:00,0.2656
2023-06-05 09:00:00,0.265644444
2023-06-05 10:00:00,0.265663889
2023-06-05 11:00:00,0.265627778
2023-06-05 12:00:00,0.265625
2023-06-05 13:00:00,0.265616667
2023-06-05 14:00:00,0.265625
2023-06-05 15:00:00,0.265640278
2023-06-05 16:00:00,0.265709722
2023-06-05 17:00:00,0.265795833
2023-06-05 18:00:00,0.265906944
2023-06-05 19:00:00,0.266054167
2023-06-05 20:00:00,0.266252778
2023-06-05 21:00:00,0.2664875
2023-06-05 22:00:00,0.266740278
2023-06-05 23:00:00,0.267
2023-06-06 00:00:00,0.267279167
2023-06-06 01:00:00,0.267543056
2023-06-06 02:00:00,0.267830556
2023-06-06 03:00:00,0.268093056
2023-06-06 04:00:00,0.268383333
2023-06-06 05:00:00,0.268636111
2023-06-06 06:00:00,0.268880556
2023-06-06 07:00:00,0.269091667
2023-06-06 08:00:00,0.2692375
2023-06-06 09:00:00,0.269404167
2023-06-06 10:00:00,0.269513889
2023-06-06 11:00:00,0.2696125
2023-06-06 12:00:00,0.269709722
2023-06-06 13:00:00,0.269765278
2023-06-06 14:00:00,0.269794444
2023-06-06 15:00:00,0.269852778
2023-06-06 16:00:00,0.269908333
2023-06-06 17:00:00,0.269941667
2023-06-06 18:00:00,0.269972222
2023-06-06 19:00:00,0.269944444
2023-06-06 20:00:00,0.270008333
2023-06-06 21:00:00,0.270104167
2023-06-06 22:00:00,0.270184722
2023-06-06 23:00:00,0.2702625
2023-06-07 00:00:00,0.270359722
2023-06-07 01:00:00,0.270481944
2023-06-07 02:00:00,0.270627778
2023-06-07 03:00:00,0.270741667
2023-06-07 04:00:00,0.270826389
2023-06-07 05:00:00,0.270855556
2023-06-07 06:00:00,0.270927778
2023-06-07 07:00:00,0.271063889
2023-06-07 08:00:00,0.271234722
2023-06-07 09:00:00,0.271381944
2023-06-07 10:00:00,0.271501389
2023-06-07 11:00:00,0.271644444
2023-06-07 12:00:00,0.271752778
2023-06-07 13:00:00,0.271870833
2023-06-07 14:00:00,0.271968056
2023-06-07 15:00:00,0.2720125
2023-06-07 16:00:00,0.272043056
2023-06-07 17:00:00,0.272086111
2023-06-07 18:00:00,0.272105556
2023-06-07 19:00:00,0.2721125
2023-06-07 20:00:00,0.272123611
2023-06-07 21:00:00,0.272134722
2023-06-07 22:00:00,0.272115278
2023-06-07 23:00:00,0.272101389
2023-06-08 00:00:00,0.272131944
2023-06-08 01:00:00,0.272194444
2023-06-08 02:00:00,0.272247222
2023-06-08 03:00:00,0.272358333
2023-06-08 04:00:00,0.272466667
2023-06-08 05:00:00,0.272588889
2023-06-08 06:00:00,0.272733333
2023-06-08 07:00:00,0.272870833
2023-06-08 08:00:00,0.273026389
2023-06-08 09:00:00,0.273209722
2023-06-08 10:00:00,0.273336111
2023-06-08 11:00:00,0.273454167
2023-06-08 12:00:00,0.273552778
2023-06-08 13:00:00,0.273623611
2023-06-08 14:00:00,0.273697222
2023-06-08 15:00:00,0.273695833
2023-06-08 16:00:00,0.273673611
2023-06-08 17:00:00,0.273633333
2023-06-08 18:00:00,0.273563889
2023-06-08 19:00:00,0.273484722
2023-06-08 20:00:00,0.273372222
2023-06-08 21:00:00,0.273231944
2023-06-08 22:00:00,0.273106944
2023-06-08 23:00:00,0.272995833
2023-06-09 00:00:00,0.272886111
2023-06-09 01:00:00,0.272759722
2023-06-09 02:00:00,0.272668056
2023-06-09 03:00:00,0.272570833
2023-06-09 04:00:00,0.272520833
2023-06-09 05:00:00,0.272476389
2023-06-09 06:00:00,0.272445833
2023-06-09 07:00:00,0.2724125
2023-06-09 08:00:00,0.272338889
2023-06-09 09:00:00,0.272304167
2023-06-09 10:00:00,0.2722875
2023-06-09 11:00:00,0.272236111
2023-06-09 12:00:00,0.272159722
2023-06-09 13:00:00,0.272052778
2023-06-09 14:00:00,0.271925
2023-06-09 15:00:00,0.271776389
2023-06-09 16:00:00,0.2716
2023-06-09 17:00:00,0.271402778
2023-06-09 18:00:00,0.271198611
2023-06-09 19:00:00,0.270965278
2023-06-09 20:00:00,0.270705556
2023-06-09 21:00:00,0.270438889
2023-06-09 22:00:00,0.270170833
2023-06-09 23:00:00,0.269923611
2023-06-10 00:00:00,0.269669444
2023-06-10 01:00:00,0.269422222
2023-06-10 02:00:00,0.269208333
2023-06-10 03:00:00,0.269043056
2023-06-10 04:00:00,0.2689125
2023-06-10 05:00:00,0.268808333
2023-06-10 06:00:00,0.268730556
2023-06-10 07:00:00,0.268686111
2023-06-10 08:00:00,0.268661111
2023-06-10 09:00:00,0.268636111
2023-06-10 10:00:00,0.268631944
2023-06-10 11:00:00,0.268619444
2023-06-10 12:00:00,0.268608333
2023-06-10 13:00:00,0.268573611
2023-06-10 14:00:00,0.268504167
2023-06-10 15:00:00,0.268422222
2023-06-10 16:00:00,0.268311111
2023-06-10 17:00:00,0.268155556
2023-06-10 18:00:00,0.267963889
2023-06-10 19:00:00,0.267751389
2023-06-10 20:00:00,0.267511111
2023-06-10 21:00:00,0.267266667
2023-06-10 22:00:00,0.267033333
2023-06-10 23:00:00,0.266815278
2023-06-11 00:00:00,0.266604167
2023-06-11 01:00:00,0.266418056
2023-06-11 02:00:00,0.266244444
2023-06-11 03:00:00,0.266113889
2023-06-11 04:00:00,0.266052778
2023-06-11 05:00:00,0.2659875
2023-06-11 06:00:00,0.265969444
2023-06-11 07:00:00,0.266006944
2023-06-11 08:00:00,0.266059722
2023-06-11 09:00:00,0.266175
2023-06-11 10:00:00,0.266230556
2023-06-11 11:00:00,0.26635
2023-06-11 12:00:00,0.266472222
2023-06-11 13:00:00,0.266595833
2023-06-11 14:00:00,0.2666875
2023-06-11 15:00:00,0.266681944
2023-06-11 16:00:00,0.266652778
2023-06-11 17:00:00,0.266568056
2023-06-11 18:00:00,0.266444444
2023-06-11 19:00:00,0.266201389
2023-06-11 20:00:00,0.265958333
2023-06-11 21:00:00,0.265675
2023-06-11 22:00:00,0.265341667
2023-06-11 23:00:00,0.265008333
2023-06-12 00:00:00,0.2646875
2023-06-12 01:00:00,0.264395833
2023-06-12 02:00:00,0.264145833
2023-06-12 03:00:00,0.263926389
2023-06-12 04:00:00,0.263779167
2023-06-12 05:00:00,0.263713889
2023-06-12 06:00:00,0.2637125
2023-06-12 07:00:00,0.263752778
2023-06-12 08:00:00,0.263829167
2023-06-12 09:00:00,0.263883333
2023-06-12 10:00:00,0.263983333
2023-06-12 11:00:00,0.264102778
2023-06-12 12:00:00,0.264219444
2023-06-12 13:00:00,0.264336111
2023-06-12 14:00:00,0.264436111
2023-06-12 15:00:00,0.264493056
2023-06-12 16:00:00,0.2645125
2023-06-12 17:00:00,0.264494444
2023-06-12 18:00:00,0.264429167
2023-06-12 19:00:00,0.264316667
2023-06-12 20:00:00,0.264163889
2023-06-12 21:00:00,0.264004167
2023-06-12 22:00:00,0.263833333
2023-06-12 23:00:00,0.263680556
2023-06-13 00:00:00,0.263531944
2023-06-13 01:00:00,0.263394444
2023-06-13 02:00:00,0.263283333
2023-06-13 03:00:00,0.263213889
2023-06-13 04:00:00,0.263177778
2023-06-13 05:00:00,0.263190278
2023-06-13 06:00:00,0.26325
2023-06-13 07:00:00,0.263355556
2023-06-13 08:00:00,0.263495833
2023-06-13 09:00:00,0.263663889
2023-06-13 10:00:00,0.263809722
2023-06-13 11:00:00,0.263965278
2023-06-13 12:00:00,0.264113889
2023-06-13 13:00:00,0.264215278
2023-06-13 14:00:00,0.264251389
2023-06-13 15:00:00,0.264258333
2023-06-13 16:00:00,0.264190278
2023-06-13 17:00:00,0.264056944
2023-06-13 18:00:00,0.263886111
2023-06-13 19:00:00,0.263668056
2023-06-13 20:00:00,0.263409722
2023-06-13 21:00:00,0.263144444
2023-06-13 22:00:00,0.262852778
2023-06-13 23:00:00,0.262531944
2023-06-14 00:00:00,0.262241667
2023-06-14 01:00:00,0.261972222
2023-06-14 02:00:00,0.2617375
2023-06-14 03:00:00,0.2615375
2023-06-14 04:00:00,0.261398611
2023-06-14 05:00:00,0.261329167
2023-06-14 06:00:00,0.261316667
2023-06-14 07:00:00,0.261369444
2023-06-14 08:00:00,0.261454167
2023-06-14 09:00:00,0.261586111
2023-06-14 10:00:00,0.261730556
2023-06-14 11:00:00,0.261906944
2023-06-14 12:00:00,0.262080556
2023-06-14 13:00:00,0.262245833
2023-06-14 14:00:00,0.262420833
2023-06-14 15:00:00,0.262551389
2023-06-14 16:00:00,0.262654167
2023-06-14 17:00:00,0.262705556
2023-06-14 18:00:00,0.262705556
2023-06-14 19:00:00,0.262670833
2023-06-14 20:00:00,0.262584722
2023-06-14 21:00:00,0.262470833
2023-06-14 22:00:00,0.262333333
2023-06-14 23:00:00,0.262165278
2023-06-15 00:00:00,0.261926389
2023-06-15 01:00:00,0.261677778
2023-06-15 02:00:00,0.261413889
2023-06-15 03:00:00,0.261143056
2023-06-15 04:00:00,0.260877778
2023-06-15 05:00:00,0.2606375
2023-06-15 06:00:00,0.260438889
2023-06-15 07:00:00,0.260286111
2023-06-15 08:00:00,0.260166667
2023-06-15 09:00:00,0.260093056
2023-06-15 10:00:00,0.260055556
2023-06-15 11:00:00,0.260041667
2023-06-15 12:00:00,0.260043056
2023-06-15 13:00:00,0.260068056
2023-06-15 14:00:00,0.260091667
2023-06-15 15:00:00,0.260120833
2023-06-15 16:00:00,0.260101389
2023-06-15 17:00:00,0.260052778
2023-06-15 18:00:00,0.259988889
2023-06-15 19:00:00,0.259876389
2023-06-15 20:00:00,0.259743056
2023-06-15 21:00:00,0.259588889
2023-06-15 22:00:00,0.259402778
2023-06-15 23:00:00,0.259156944
2023-06-16 00:00:00,0.2588875
2023-06-16 01:00:00,0.258601389
2023-06-16 02:00:00,0.258275
2023-06-16 03:00:00,0.257944444
2023-06-16 04:00:00,0.257648611
2023-06-16 05:00:00,0.257338889
2023-06-16 06:00:00,0.257090278
2023-06-16 07:00:00,0.256886111
2023-06-16 08:00:00,0.256729167
2023-06-16 09:00:00,0.256579167
2023-06-16 10:00:00,0.256452778
2023-06-16 11:00:00,0.256380556
2023-06-16 12:00:00,0.256290278
2023-06-16 13:00:00,0.256188889
2023-06-16 14:00:00,0.256097222
2023-06-16 15:00:00,0.256002778
2023-06-16 16:00:00,0.255883333
2023-06-16 17:00:00,0.255758333
2023-06-16 18:00:00,0.255616667
2023-06-16 19:00:00,0.255416667
2023-06-16 20:00:00,0.255197222
2023-06-16 21:00:00,0.254951389
2023-06-16 22:00:00,0.254647222
2023-06-16 23:00:00,0.254306944
2023-06-17 00:00:00,0.253929167
2023-06-17 01:00:00,0.253556944
2023-06-17 02:00:00,0.253159722
2023-06-17 03:00:00,0.252723611
2023-06-17 04:00:00,0.252291667
2023-06-17 05:00:00,0.251852778
2023-06-17 06:00:00,0.251397222
2023-06-17 07:00:00,0.250973611
2023-06-17 08:00:00,0.250580556
2023-06-17 09:00:00,0.2502375
2023-06-17 10:00:00,0.249923611
2023-06-17 11:00:00,0.249631944
2023-06-17 12:00:00,0.249394444
2023-06-17 13:00:00,0.249179167
2023-06-17 14:00:00,0.248988889
2023-06-17 15:00:00,0.248836111
2023-06-17 16:00:00,0.248725
2023-06-17 17:00:00,0.248615278
2023-06-17 18:00:00,0.248526389
2023-06-17 19:00:00,0.248452778
2023-06-17 20:00:00,0.248370833
2023-06-17 21:00:00,0.248288889
2023-06-17 22:00:00,0.248183333
2023-06-17 23:00:00,0.248061111
2023-06-18 00:00:00,0.247929167
2023-06-18 01:00:00,0.247779167
2023-06-18 02:00:00,0.247597222
2023-06-18 03:00:00,0.247379167
2023-06-18 04:00:00,0.247116667
2023-06-18 05:00:00,0.246819444
2023-06-18 06:00:00,0.246520833
2023-06-18 07:00:00,0.246202778
2023-06-18 08:00:00,0.245861111
2023-06-18 09:00:00,0.24555
2023-06-18 10:00:00,0.245244444
2023-06-18 11:00:00,0.244936111
2023-06-18 12:00:00,0.244675
2023-06-18 13:00:00,0.244429167
2023-06-18 14:00:00,0.244186111
2023-06-18 15:00:00,0.243986111
2023-06-18 16:00:00,0.243813889
2023-06-18 17:00:00,0.243677778
2023-06-18 18:00:00,0.2435625
2023-06-18 19:00:00,0.243461111
2023-06-18 20:00:00,0.24335
2023-06-18 21:00:00,0.243276389
2023-06-18 22:00:00,0.243211111
2023-06-18 23:00:00,0.243147222
2023-06-19 00:00:00,0.243068056
2023-06-19 01:00:00,0.242980556
2023-06-19 02:00:00,0.242893056
2023-06-19 03:00:00,0.242793056
2023-06-19 04:00:00,0.242681944
2023-06-19 05:00:00,0.242555556
2023-06-19 06:00:00,0.242404167
2023-06-19 07:00:00,0.242233333
2023-06-19 08:00:00,0.242072222
2023-06-19 09:00:00,0.2419
2023-06-19 10:00:00,0.241720833
2023-06-19 11:00:00,0.241544444
2023-06-19 12:00:00,0.241359722
2023-06-19 13:00:00,0.241211111
2023-06-19 14:00:00,0.241061111
2023-06-19 15:00:00,0.240898611
2023-06-19 16:00:00,0.2408
2023-06-19 17:00:00,0.240708333
2023-06-19 18:00:00,0.240652778
2023-06-19 19:00:00,0.240638889
2023-06-19 20:00:00,0.240658333
2023-06-19 21:00:00,0.2407
2023-06-19 22:00:00,0.240733333
2023-06-19 23:00:00,0.240775
2023-06-20 00:00:00,0.240811111
2023-06-20 01:00:00,0.240859722
2023-06-20 02:00:00,0.240877778
2023-06-20 03:00:00,0.240875
2023-06-20 04:00:00,0.240854167
2023-06-20 05:00:00,0.240806944
2023-06-20 06:00:00,0.240720833
2023-06-20 07:00:00,0.240530556
2023-06-20 08:00:00,0.240329167
2023-06-20 09:00:00,0.240152778
2023-06-20 10:00:00,0.239933333
2023-06-20 11:00:00,0.239652778
2023-06-20 12:00:00,0.239361111
2023-06-20 13:00:00,0.239091667
2023-06-20 14:00:00,0.238823611
2023-06-20 15:00:00,0.238543056
2023-06-20 16:00:00,0.238276389
2023-06-20 17:00:00,0.238027778
2023-06-20 18:00:00,0.237805556
2023-06-20 19:00:00,0.237640278
2023-06-20 20:00:00,0.237516667
2023-06-20 21:00:00,0.237430556
2023-06-20 22:00:00,0.237359722
2023-06-20 23:00:00,0.237305556
2023-06-21 00:00:00,0.237308333
2023-06-21 01:00:00,0.237341667
2023-06-21 02:00:00,0.237306944
2023-06-21 03:00:00,0.237281944
2023-06-21 04:00:00,0.237245833
2023-06-21 05:00:00,0.237208333
2023-06-21 06:00:00,0.237184722
2023-06-21 07:00:00,0.237136111
2023-06-21 08:00:00,0.237076389
2023-06-21 09:00:00,0.236995833
2023-06-21 10:00:00,0.236891667
2023-06-21 11:00:00,0.236791667
2023-06-21 12:00:00,0.236693056
2023-06-21 13:00:00,0.236555556
2023-06-21 14:00:00,0.236402778
2023-06-21 15:00:00,0.236236111
2023-06-21 16:00:00,0.236055556
2023-06-21 17:00:00,0.235872222
2023-06-21 18:00:00,0.235688889
2023-06-21 19:00:00,0.235513889
2023-06-21 20:00:00,0.235347222
2023-06-21 21:00:00,0.235194444
2023-06-21 22:00:00,0.235069444
2023-06-21 23:00:00,0.234986111
2023-06-22 00:00:00,0.234891667
2023-06-22 01:00:00,0.2348125
2023-06-22 02:00:00,0.234734722
2023-06-22 03:00:00,0.234672222
2023-06-22 04:00:00,0.234633333
2023-06-22 05:00:00,0.2345875
2023-06-22 06:00:00,0.234531944
2023-06-22 07:00:00,0.234480556
2023-06-22 08:00:00,0.234402778
2023-06-22 09:00:00,0.234302778
2023-06-22 10:00:00,0.234183333
2023-06-22 11:00:00,0.234038889
2023-06-22 12:00:00,0.233880556
2023-06-22 13:00:00,0.233669444
2023-06-22 14:00:00,0.233438889
2023-06-22 15:00:00,0.233188889
2023-06-22 16:00:00,0.232905556
2023-06-22 17:00:00,0.232602778
2023-06-22 18:00:00,0.2322875
2023-06-22 19:00:00,0.231983333
2023-06-22 20:00:00,0.231659722
2023-06-22 21:00:00,0.231351389
2023-06-22 22:00:00,0.231055556
2023-06-22 23:00:00,0.230844444
2023-06-23 00:00:00,0.2306125
2023-06-23 01:00:00,0.230426389
2023-06-23 02:00:00,0.230302778
2023-06-23 03:00:00,0.230195833
2023-06-23 04:00:00,0.230080556
2023-06-23 05:00:00,0.229977778
2023-06-23 06:00:00,0.2299
2023-06-23 07:00:00,0.22985
2023-06-23 08:00:00,0.229809722
2023-06-23 09:00:00,0.229769444
2023-06-23 10:00:00,0.229713889
2023-06-23 11:00:00,0.229647222
2023-06-23 12:00:00,0.22955
2023-06-23 13:00:00,0.229409722
2023-06-23 14:00:00,0.229223611
2023-06-23 15:00:00,0.229011111
2023-06-23 16:00:00,0.228741667
2023-06-23 17:00:00,0.228425
2023-06-23 18:00:00,0.228055556
2023-06-23 19:00:00,0.227666667
2023-06-23 20:00:00,0.2272375
2023-06-23 21:00:00,0.226834722
2023-06-23 22:00:00,0.226433333
2023-06-23 23:00:00,0.226038889
2023-06-24 00:00:00,0.225691667
2023-06-24 01:00:00,0.225325
2023-06-24 02:00:00,0.225008333
2023-06-24 03:00:00,0.224730556
2023-06-24 04:00:00,0.224469444
2023-06-24 05:00:00,0.224272222
2023-06-24 06:00:00,0.224143056
2023-06-24 07:00:00,0.224072222
2023-06-24 08:00:00,0.2240625
2023-06-24 09:00:00,0.224081944
2023-06-24 10:00:00,0.224127778
2023-06-24 11:00:00,0.224181944
2023-06-24 12:00:00,0.224234722
2023-06-24 13:00:00,0.22425
2023-06-24 14:00:00,0.2242
2023-06-24 15:00:00,0.224098611
2023-06-24 16:00:00,0.223904167
2023-06-24 17:00:00,0.223623611
2023-06-24 18:00:00,0.223297222
2023-06-24 19:00:00,0.222922222
2023-06-24 20:00:00,0.222515278
2023-06-24 21:00:00,0.222097222
2023-06-24 22:00:00,0.221655556
2023-06-24 23:00:00,0.221219444
2023-06-25 00:00:00,0.220863889
2023-06-25 01:00:00,0.220545833
2023-06-25 02:00:00,0.220256944
2023-06-25 03:00:00,0.220033333
2023-06-25 04:00:00,0.219845833
2023-06-25 05:00:00,0.219726389
2023-06-25 06:00:00,0.219715278
2023-06-25 07:00:00,0.219765278
2023-06-25 08:00:00,0.219905556
2023-06-25 09:00:00,0.220094444
2023-06-25 10:00:00,0.220277778
2023-06-25 11:00:00,0.22045
2023-06-25 12:00:00,0.220622222
2023-06-25 13:00:00,0.220734722
2023-06-25 14:00:00,0.220802778
2023-06-25 15:00:00,0.220773611
2023-06-25 16:00:00,0.220661111
2023-06-25 17:00:00,0.220461111
2023-06-25 18:00:00,0.220168056
2023-06-25 19:00:00,0.219818056
2023-06-25 20:00:00,0.219391667
2023-06-25 21:00:00,0.218929167
2023-06-25 22:00:00,0.218408333
2023-06-25 23:00:00,0.217844444
2023-06-26 00:00:00,0.217361111
2023-06-26 01:00:00,0.216877778
2023-06-26 02:00:00,0.216491667
2023-06-26 03:00:00,0.216195833
2023-06-26 04:00:00,0.215920833
2023-06-26 05:00:00,0.215802778
2023-06-26 06:00:00,0.215763889
2023-06-26 07:00:00,0.215754167
2023-06-26 08:00:00,0.215843056
2023-06-26 09:00:00,0.215959722
2023-06-26 10:00:00,0.216056944
2023-06-26 11:00:00,0.216155556
2023-06-26 12:00:00,0.216240278
2023-06-26 13:00:00,0.216245833
2023-06-26 14:00:00,0.216209722
2023-06-26 15:00:00,0.216111111
2023-06-26 16:00:00,0.215956944
2023-06-26 17:00:00,0.215722222
2023-06-26 18:00:00,0.215444444
2023-06-26 19:00:00,0.215104167
2023-06-26 20:00:00,0.214743056
2023-06-26 21:00:00,0.214333333
2023-06-26 22:00:00,0.213844444
2023-06-26 23:00:00,0.213313889
2023-06-27 00:00:00,0.212761111
2023-06-27 01:00:00,0.212218056
2023-06-27 02:00:00,0.211718056
2023-06-27 03:00:00,0.211247222
2023-06-27 04:00:00,0.210852778
2023-06-27 05:00:00,0.2105625
2023-06-27 06:00:00,0.210323611
2023-06-27 07:00:00,0.210188889
2023-06-27 08:00:00,0.210144444
2023-06-27 09:00:00,0.210079167
2023-06-27 10:00:00,0.210045833
2023-06-27 11:00:00,0.210055556
2023-06-27 12:00:00,0.210048611
2023-06-27 13:00:00,0.210029167
2023-06-27 14:00:00,0.210022222
2023-06-27 15:00:00,0.209972222
2023-06-27 16:00:00,0.209895833
2023-06-27 17:00:00,0.209802778
2023-06-27 18:00:00,0.209651389
2023-06-27 19:00:00,0.209443056
2023-06-27 20:00:00,0.209266667
2023-06-27 21:00:00,0.209027778
2023-06-27 22:00:00,0.208738889
2023-06-27 23:00:00,0.208384722
2023-06-28 00:00:00,0.207984722
2023-06-28 01:00:00,0.207577778
2023-06-28 02:00:00,0.207151389
2023-06-28 03:00:00,0.206701389
2023-06-28 04:00:00,0.206309722
2023-06-28 05:00:00,0.206008333
2023-06-28 06:00:00,0.205695833
2023-06-28 07:00:00,0.205475
2023-06-28 08:00:00,0.205316667
2023-06-28 09:00:00,0.205145833
2023-06-28 10:00:00,0.205022222
2023-06-28 11:00:00,0.204926389
2023-06-28 12:00:00,0.204870833
2023-06-28 13:00:00,0.204772222
2023-06-28 14:00:00,0.204725
2023-06-28 15:00:00,0.204691667
2023-06-28 16:00:00,0.204634722
2023-06-28 17:00:00,0.204586111
2023-06-28 18:00:00,0.204548611
2023-06-28 19:00:00,0.204488889
2023-06-28 20:00:00,0.2044375
2023-06-28 21:00:00,0.204347222
2023-06-28 22:00:00,0.204254167
2023-06-28 23:00:00,0.204079167
2023-06-29 00:00:00,0.203844444
2023-06-29 01:00:00,0.2036125
2023-06-29 02:00:00,0.203366667
2023-06-29 03:00:00,0.203136111
2023-06-29 04:00:00,0.202891667
2023-06-29 05:00:00,0.202629167
2023-06-29 06:00:00,0.2023625
2023-06-29 07:00:00,0.202130556
2023-06-29 08:00:00,0.201920833
2023-06-29 09:00:00,0.201715278
2023-06-29 10:00:00,0.201559722
2023-06-29 11:00:00,0.201409722
2023-06-29 12:00:00,0.201288889
2023-06-29 13:00:00,0.201186111
2023-06-29 14:00:00,0.201102778
2023-06-29 15:00:00,0.201006944
2023-06-29 16:00:00,0.200929167
2023-06-29 17:00:00,0.200793056
2023-06-29 18:00:00,0.200722222
2023-06-29 19:00:00,0.200702778
2023-06-29 20:00:00,0.200644444
2023-06-29 21:00:00,0.200530556
2023-06-29 22:00:00,0.200398611
2023-06-29 23:00:00,0.200245833
2023-06-30 00:00:00,0.200072222
2023-06-30 01:00:00,0.19985
2023-06-30 02:00:00,0.199583333
2023-06-30 03:00:00,0.199290278
2023-06-30 04:00:00,0.198925
2023-06-30 05:00:00,0.1986375
2023-06-30 06:00:00,0.198358333
2023-06-30 07:00:00,0.198115278
2023-06-30 08:00:00,0.197838889
2023-06-30 09:00:00,0.197575
2023-06-30 10:00:00,0.197320833
2023-06-30 11:00:00,0.197070833
2023-06-30 12:00:00,0.196841667
2023-06-30 13:00:00,0.196611111
2023-06-30 14:00:00,0.196388889
2023-06-30 15:00:00,0.196148611
2023-06-30 16:00:00,0.19595
2023-06-30 17:00:00,0.195758333
2023-06-30 18:00:00,0.195584722
2023-06-30 19:00:00,0.195411111
2023-06-30 20:00:00,0.195201389
2023-06-30 21:00:00,0.194988889
2023-06-30 22:00:00,0.194776389
2023-06-30 23:00:00,0.194513889
2024-06-01 00:00:00,0.226905556
2024-06-01 01:00:00,0.226791667
2024-06-01 02:00:00,0.226705556
2024-06-01 03:00:00,0.226615278
2024-06-01 04:00:00,0.226543056
2024-06-01 05:00:00,0.226547222
2024-06-01 06:00:00,0.226536111
2024-06-01 07:00:00,0.226572222
2024-06-01 08:00:00,0.226675
2024-06-01 09:00:00,0.226827778
2024-06-01 10:00:00,0.226976389
2024-06-01 11:00:00,0.227444444
2024-06-01 12:00:00,0.227676389
2024-06-01 13:00:00,0.227895833
2024-06-01 14:00:00,0.228155556
2024-06-01 15:00:00,0.228383333
2024-06-01 16:00:00,0.228479167
2024-06-01 17:00:00,0.228518056
2024-06-01 18:00:00,0.228556944
2024-06-01 19:00:00,0.228373611
2024-06-01 20:00:00,0.228225
2024-06-01 21:00:00,0.228040278
2024-06-01 22:00:00,0.227806944
2024-06-01 23:00:00,0.227623611
2024-06-02 00:00:00,0.227391667
2024-06-02 01:00:00,0.227236111
2024-06-02 02:00:00,0.226984722
2024-06-02 03:00:00,0.226775
2024-06-02 04:00:00,0.226626389
2024-06-02 05:00:00,0.226498611
2024-06-02 06:00:00,0.226486111
2024-06-02 07:00:00,0.226531944
2024-06-02 08:00:00,0.226645833
2024-06-02 09:00:00,0.226779167
2024-06-02 10:00:00,0.226933333
2024-06-02 11:00:00,0.227126389
2024-06-02 12:00:00,0.227243056
2024-06-02 13:00:00,0.227384722
2024-06-02 14:00:00,0.227447222
2024-06-02 15:00:00,0.227531944
2024-06-02 16:00:00,0.227541667
2024-06-02 17:00:00,0.227572222
2024-06-02 18:00:00,0.227526389
2024-06-02 19:00:00,0.227472222
2024-06-02 20:00:00,0.227372222
2024-06-02 21:00:00,0.227273611
2024-06-02 22:00:00,0.227215278
2024-06-02 23:00:00,0.227076389
2024-06-03 00:00:00,0.226968056
2024-06-03 01:00:00,0.226831944
2024-06-03 02:00:00,0.226655556
2024-06-03 03:00:00,0.226523611
2024-06-03 04:00:00,0.226494444
2024-06-03 05:00:00,0.226505556
2024-06-03 06:00:00,0.226538889
2024-06-03 07:00:00,0.226647222
2024-06-03 08:00:00,0.226794444
2024-06-03 09:00:00,0.227031944
2024-06-03 10:00:00,0.2273
2024-06-03 11:00:00,0.227565278
2024-06-03 12:00:00,0.227901389
2024-06-03 13:00:00,0.228233333
2024-06-03 14:00:00,0.228575
2024-06-03 15:00:00,0.228972222
2024-06-03 16:00:00,0.229373611
2024-06-03 17:00:00,0.229779167
2024-06-03 18:00:00,0.230202778
2024-06-03 19:00:00,0.230601389
2024-06-03 20:00:00,0.230973611
2024-06-03 21:00:00,0.231341667
2024-06-03 22:00:00,0.231673611
2024-06-03 23:00:00,0.232011111
2024-06-04 00:00:00,0.232311111
2024-06-04 01:00:00,0.232573611
2024-06-04 02:00:00,0.232822222
2024-06-04 03:00:00,0.233048611
2024-06-04 04:00:00,0.233272222
2024-06-04 05:00:00,0.233505556
2024-06-04 06:00:00,0.233775
2024-06-04 07:00:00,0.2341
2024-06-04 08:00:00,0.234486111
2024-06-04 09:00:00,0.234919444
2024-06-04 10:00:00,0.2353625
2024-06-04 11:00:00,0.235813889
2024-06-04 12:00:00,0.236315278
2024-06-04 13:00:00,0.236781944
2024-06-04 14:00:00,0.237283333
2024-06-04 15:00:00,0.237797222
2024-06-04 16:00:00,0.2383
2024-06-04 17:00:00,0.238818056
2024-06-04 18:00:00,0.239322222
2024-06-04 19:00:00,0.2397875
2024-06-04 20:00:00,0.240223611
2024-06-04 21:00:00,0.240631944
2024-06-04 22:00:00,0.241013889
2024-06-04 23:00:00,0.24135
2024-06-05 00:00:00,0.241641667
2024-06-05 01:00:00,0.241898611
2024-06-05 02:00:00,0.242075
2024-06-05 03:00:00,0.242226389
2024-06-05 04:00:00,0.242348611
2024-06-05 05:00:00,0.242441667
2024-06-05 06:00:00,0.242547222
2024-06-05 07:00:00,0.242669444
2024-06-05 08:00:00,0.242836111
2024-06-05 09:00:00,0.243009722
2024-06-05 10:00:00,0.243211111
2024-06-05 11:00:00,0.243386111
2024-06-05 12:00:00,0.243590278
2024-06-05 13:00:00,0.243844444
2024-06-05 14:00:00,0.244068056
2024-06-05 15:00:00,0.2443125
2024-06-05 16:00:00,0.244576389
2024-06-05 17:00:00,0.244843056
2024-06-05 18:00:00,0.245113889
2024-06-05 19:00:00,0.245390278
2024-06-05 20:00:00,0.245638889
2024-06-05 21:00:00,0.245870833
2024-06-05 22:00:00,0.246073611
2024-06-05 23:00:00,0.246270833
2024-06-06 00:00:00,0.246454167
2024-06-06 01:00:00,0.246586111
2024-06-06 02:00:00,0.246665278
2024-06-06 03:00:00,0.246722222
2024-06-06 04:00:00,0.246720833
2024-06-06 05:00:00,0.246693056
2024-06-06 06:00:00,0.246654167
2024-06-06 07:00:00,0.246602778
2024-06-06 08:00:00,0.246554167
2024-06-06 09:00:00,0.246525
2024-06-06 10:00:00,0.246515278
2024-06-06 11:00:00,0.246522222
2024-06-06 12:00:00,0.246558333
2024-06-06 13:00:00,0.246604167
2024-06-06 14:00:00,0.246643056
2024-06-06 15:00:00,0.246702778
2024-06-06 16:00:00,0.246775
2024-06-06 17:00:00,0.246872222
2024-06-06 18:00:00,0.247009722
2024-06-06 19:00:00,0.2471625
2024-06-06 20:00:00,0.247290278
2024-06-06 21:00:00,0.247398611
2024-06-06 22:00:00,0.247501389
2024-06-06 23:00:00,0.247580556
2024-06-07 00:00:00,0.247641667
2024-06-07 01:00:00,0.247684722
2024-06-07 02:00:00,0.247715278
2024-06-07 03:00:00,0.247738889
2024-06-07 04:00:00,0.24775
2024-06-07 05:00:00,0.247738889
2024-06-07 06:00:00,0.247725
2024-06-07 07:00:00,0.247725
2024-06-07 08:00:00,0.247741667
2024-06-07 09:00:00,0.247758333
2024-06-07 10:00:00,0.247784722
2024-06-07 11:00:00,0.247822222
2024-06-07 12:00:00,0.247841667
2024-06-07 13:00:00,0.247925
2024-06-07 14:00:00,0.247990278
2024-06-07 15:00:00,0.248033333
2024-06-07 16:00:00,0.248093056
2024-06-07 17:00:00,0.248159722
2024-06-07 18:00:00,0.248272222
2024-06-07 19:00:00,0.248366667
2024-06-07 20:00:00,0.2484625
2024-06-07 21:00:00,0.248568056
2024-06-07 22:00:00,0.2486625
2024-06-07 23:00:00,0.248748611
2024-06-08 00:00:00,0.248822222
2024-06-08 01:00:00,0.248873611
2024-06-08 02:00:00,0.248891667
2024-06-08 03:00:00,0.248881944
2024-06-08 04:00:00,0.248844444
2024-06-08 05:00:00,0.248751389
2024-06-08 06:00:00,0.248631944
2024-06-08 07:00:00,0.248477778
2024-06-08 08:00:00,0.248311111
2024-06-08 09:00:00,0.248133333
2024-06-08 10:00:00,0.247948611
2024-06-08 11:00:00,0.247740278
2024-06-08 12:00:00,0.247511111
2024-06-08 13:00:00,0.247322222
2024-06-08 14:00:00,0.247161111
2024-06-08 15:00:00,0.247008333
2024-06-08 16:00:00,0.246856944
2024-06-08 17:00:00,0.246748611
2024-06-08 18:00:00,0.246690278
2024-06-08 19:00:00,0.246681944
2024-06-08 20:00:00,0.246761111
2024-06-08 21:00:00,0.246841667
2024-06-08 22:00:00,0.246920833
2024-06-08 23:00:00,0.247009722
2024-06-09 00:00:00,0.247108333
2024-06-09 01:00:00,0.247194444
2024-06-09 02:00:00,0.247269444
2024-06-09 03:00:00,0.247348611
2024-06-09 04:00:00,0.247398611
2024-06-09 05:00:00,0.2474125
2024-06-09 06:00:00,0.247397222
2024-06-09 07:00:00,0.247343056
2024-06-09 08:00:00,0.247248611
2024-06-09 09:00:00,0.247127778
2024-06-09 10:00:00,0.246984722
2024-06-09 11:00:00,0.246844444
2024-06-09 12:00:00,0.2466875
2024-06-09 13:00:00,0.246527778
2024-06-09 14:00:00,0.2463625
2024-06-09 15:00:00,0.246215278
2024-06-09 16:00:00,0.246080556
2024-06-09 17:00:00,0.245955556
2024-06-09 18:00:00,0.245868056
2024-06-09 19:00:00,0.245809722
2024-06-09 20:00:00,0.245780556
2024-06-09 21:00:00,0.245823611
2024-06-09 22:00:00,0.245868056
2024-06-09 23:00:00,0.245940278
2024-06-10 00:00:00,0.246001389
2024-06-10 01:00:00,0.246054167
2024-06-10 02:00:00,0.246105556
2024-06-10 03:00:00,0.246140278
2024-06-10 04:00:00,0.246170833
2024-06-10 05:00:00,0.246175
2024-06-10 06:00:00,0.246152778
2024-06-10 07:00:00,0.246134722
2024-06-10 08:00:00,0.246076389
2024-06-10 09:00:00,0.246013889
2024-06-10 10:00:00,0.245943056
2024-06-10 11:00:00,0.245852778
2024-06-10 12:00:00,0.24575
2024-06-10 13:00:00,0.245627778
2024-06-10 14:00:00,0.245480556
2024-06-10 15:00:00,0.245330556
2024-06-10 16:00:00,0.245183333
2024-06-10 17:00:00,0.245027778
2024-06-10 18:00:00,0.244888889
2024-06-10 19:00:00,0.244766667
2024-06-10 20:00:00,0.244648611
2024-06-10 21:00:00,0.244573611
2024-06-10 22:00:00,0.244501389
2024-06-10 23:00:00,0.244433333
2024-06-11 00:00:00,0.244370833
2024-06-11 01:00:00,0.244315278
2024-06-11 02:00:00,0.244268056
2024-06-11 03:00:00,0.244223611
2024-06-11 04:00:00,0.244186111
2024-06-11 05:00:00,0.244131944
2024-06-11 06:00:00,0.244054167
2024-06-11 07:00:00,0.243943056
2024-06-11 08:00:00,0.243816667
2024-06-11 09:00:00,0.243663889
2024-06-11 10:00:00,0.2434875
2024-06-11 11:00:00,0.243294444
2024-06-11 12:00:00,0.243081944
2024-06-11 13:00:00,0.242863889
2024-06-11 14:00:00,0.242634722
2024-06-11 15:00:00,0.242391667
2024-06-11 16:00:00,0.242130556
2024-06-11 17:00:00,0.241876389
2024-06-11 18:00:00,0.241611111
2024-06-11 19:00:00,0.241341667
2024-06-11 20:00:00,0.241091667
2024-06-11 21:00:00,0.240875
2024-06-11 22:00:00,0.2407125
2024-06-11 23:00:00,0.240566667
2024-06-12 00:00:00,0.240447222
2024-06-12 01:00:00,0.2403625
2024-06-12 02:00:00,0.2403125
2024-06-12 03:00:00,0.240259722
2024-06-12 04:00:00,0.240216667
2024-06-12 05:00:00,0.240186111
2024-06-12 06:00:00,0.240186111
2024-06-12 07:00:00,0.2402125
2024-06-12 08:00:00,0.240248611
2024-06-12 09:00:00,0.240251389
2024-06-12 10:00:00,0.240269444
2024-06-12 11:00:00,0.240254167
2024-06-12 12:00:00,0.240215278
2024-06-12 13:00:00,0.240165278
2024-06-12 14:00:00,0.240066667
2024-06-12 15:00:00,0.239915278
2024-06-12 16:00:00,0.239736111
2024-06-12 17:00:00,0.239561111
2024-06-12 18:00:00,0.239363889
2024-06-12 19:00:00,0.239094444
2024-06-12 20:00:00,0.238876389
2024-06-12 21:00:00,0.2386625
2024-06-12 22:00:00,0.2384375
2024-06-12 23:00:00,0.238263889
2024-06-13 00:00:00,0.238122222
2024-06-13 01:00:00,0.238044444
2024-06-13 02:00:00,0.237963889
2024-06-13 03:00:00,0.237890278
2024-06-13 04:00:00,0.237823611
2024-06-13 05:00:00,0.237820833
2024-06-13 06:00:00,0.237845833
2024-06-13 07:00:00,0.237909722
2024-06-13 08:00:00,0.238027778
2024-06-13 09:00:00,0.2381375
2024-06-13 10:00:00,0.238288889
2024-06-13 11:00:00,0.238455556
2024-06-13 12:00:00,0.238595833
2024-06-13 13:00:00,0.238693056
2024-06-13 14:00:00,0.238720833
2024-06-13 15:00:00,0.238705556
2024-06-13 16:00:00,0.238615278
2024-06-13 17:00:00,0.238447222
2024-06-13 18:00:00,0.238230556
2024-06-13 19:00:00,0.237959722
2024-06-13 20:00:00,0.237652778
2024-06-13 21:00:00,0.237325
2024-06-13 22:00:00,0.237006944
2024-06-13 23:00:00,0.236706944
2024-06-14 00:00:00,0.236476389
2024-06-14 01:00:00,0.236308333
2024-06-14 02:00:00,0.236198611
2024-06-14 03:00:00,0.236158333
2024-06-14 04:00:00,0.236161111
2024-06-14 05:00:00,0.236215278
2024-06-14 06:00:00,0.236329167
2024-06-14 07:00:00,0.236515278
2024-06-14 08:00:00,0.236747222
2024-06-14 09:00:00,0.237023611
2024-06-14 10:00:00,0.237354167
2024-06-14 11:00:00,0.237659722
2024-06-14 12:00:00,0.237943056
2024-06-14 13:00:00,0.238172222
2024-06-14 14:00:00,0.238341667
2024-06-14 15:00:00,0.238429167
2024-06-14 16:00:00,0.238448611
2024-06-14 17:00:00,0.238375
2024-06-14 18:00:00,0.238208333
2024-06-14 19:00:00,0.237975
2024-06-14 20:00:00,0.237695833
2024-06-14 21:00:00,0.237373611
2024-06-14 22:00:00,0.237019444
2024-06-14 23:00:00,0.236648611
2024-06-15 00:00:00,0.236311111
2024-06-15 01:00:00,0.2360125
2024-06-15 02:00:00,0.235784722
2024-06-15 03:00:00,0.235586111
2024-06-15 04:00:00,0.235458333
2024-06-15 05:00:00,0.235393056
2024-06-15 06:00:00,0.2354
2024-06-15 07:00:00,0.2355
2024-06-15 08:00:00,0.235658333
2024-06-15 09:00:00,0.235851389
2024-06-15 10:00:00,0.236088889
2024-06-15 11:00:00,0.236344444
2024-06-15 12:00:00,0.236595833
2024-06-15 13:00:00,0.2368375
2024-06-15 14:00:00,0.237013889
2024-06-15 15:00:00,0.237118056
2024-06-15 16:00:00,0.237070833
2024-06-15 17:00:00,0.236970833
2024-06-15 18:00:00,0.236840278
2024-06-15 19:00:00,0.23655
2024-06-15 20:00:00,0.236176389
2024-06-15 21:00:00,0.235777778
2024-06-15 22:00:00,0.235276389
2024-06-15 23:00:00,0.234744444
2024-06-16 00:00:00,0.2341625
2024-06-16 01:00:00,0.233604167
2024-06-16 02:00:00,0.233076389
2024-06-16 03:00:00,0.232605556
2024-06-16 04:00:00,0.232191667
2024-06-16 05:00:00,0.231858333
2024-06-16 06:00:00,0.231608333
2024-06-16 07:00:00,0.231413889
2024-06-16 08:00:00,0.231297222
2024-06-16 09:00:00,0.231256944
2024-06-16 10:00:00,0.231243056
2024-06-16 11:00:00,0.231241667
2024-06-16 12:00:00,0.231061111
2024-06-16 13:00:00,0.230908333
2024-06-16 14:00:00,0.230894444
2024-06-16 15:00:00,0.2307875
2024-06-16 16:00:00,0.230663889
2024-06-16 17:00:00,0.230504167
2024-06-16 18:00:00,0.230311111
2024-06-16 19:00:00,0.230069444
2024-06-16 20:00:00,0.229766667
2024-06-16 21:00:00,0.229406944
2024-06-16 22:00:00,0.228938889
2024-06-16 23:00:00,0.228420833
2024-06-17 00:00:00,0.227838889
2024-06-17 01:00:00,0.227265278
2024-06-17 02:00:00,0.226718056
2024-06-17 03:00:00,0.226215278
2024-06-17 04:00:00,0.225772222
2024-06-17 05:00:00,0.225370833
2024-06-17 06:00:00,0.225063889
2024-06-17 07:00:00,0.224834722
2024-06-17 08:00:00,0.224663889
2024-06-17 09:00:00,0.224530556
2024-06-17 10:00:00,0.224466667
2024-06-17 11:00:00,0.224475
2024-06-17 12:00:00,0.224481944
2024-06-17 13:00:00,0.224515278
2024-06-17 14:00:00,0.224561111
2024-06-17 15:00:00,0.224601389
2024-06-17 16:00:00,0.224623611
2024-06-17 17:00:00,0.224631944
2024-06-17 18:00:00,0.224598611
2024-06-17 19:00:00,0.224559722
2024-06-17 20:00:00,0.224511111
2024-06-17 21:00:00,0.224405556
2024-06-17 22:00:00,0.224266667
2024-06-17 23:00:00,0.224097222
2024-06-18 00:00:00,0.223902778
2024-06-18 01:00:00,0.223640278
2024-06-18 02:00:00,0.223334722
2024-06-18 03:00:00,0.223002778
2024-06-18 04:00:00,0.222673611
2024-06-18 05:00:00,0.2223625
2024-06-18 06:00:00,0.222054167
2024-06-18 07:00:00,0.221797222
2024-06-18 08:00:00,0.221566667
2024-06-18 09:00:00,0.221386111
2024-06-18 10:00:00,0.221263889
2024-06-18 11:00:00,0.221183333
2024-06-18 12:00:00,0.221165278
2024-06-18 13:00:00,0.221152778
2024-06-18 14:00:00,0.2211875
2024-06-18 15:00:00,0.221280556
2024-06-18 16:00:00,0.221345833
2024-06-18 17:00:00,0.221415278
2024-06-18 18:00:00,0.221511111
2024-06-18 19:00:00,0.2215875
2024-06-18 20:00:00,0.221634722
2024-06-18 21:00:00,0.2216625
2024-06-18 22:00:00,0.221673611
2024-06-18 23:00:00,0.221643056
2024-06-19 00:00:00,0.221565278
2024-06-19 01:00:00,0.221434722
2024-06-19 02:00:00,0.221266667
2024-06-19 03:00:00,0.221045833
2024-06-19 04:00:00,0.2207875
2024-06-19 05:00:00,0.220523611
2024-06-19 06:00:00,0.220223611
2024-06-19 07:00:00,0.2199
2024-06-19 08:00:00,0.219590278
2024-06-19 09:00:00,0.219322222
2024-06-19 10:00:00,0.219070833
2024-06-19 11:00:00,0.218836111
2024-06-19 12:00:00,0.218609722
2024-06-19 13:00:00,0.218406944
2024-06-19 14:00:00,0.218222222
2024-06-19 15:00:00,0.218077778
2024-06-19 16:00:00,0.217965278
2024-06-19 17:00:00,0.217893056
2024-06-19 18:00:00,0.217856944
2024-06-19 19:00:00,0.217825
2024-06-19 20:00:00,0.217794444
2024-06-19 21:00:00,0.217784722
2024-06-19 22:00:00,0.217766667
2024-06-19 23:00:00,0.217722222
2024-06-20 00:00:00,0.217679167
2024-06-20 01:00:00,0.217622222
2024-06-20 02:00:00,0.217536111
2024-06-20 03:00:00,0.217440278
2024-06-20 04:00:00,0.217323611
2024-06-20 05:00:00,0.217158333
2024-06-20 06:00:00,0.217056944
2024-06-20 07:00:00,0.216776389
2024-06-20 08:00:00,0.216526389
2024-06-20 09:00:00,0.216293056
2024-06-20 10:00:00,0.216031944
2024-06-20 11:00:00,0.215743056
2024-06-20 12:00:00,0.215494444
2024-06-20 13:00:00,0.215269444
2024-06-20 14:00:00,0.215033333
2024-06-20 15:00:00,0.214841667
2024-06-20 16:00:00,0.214676389
2024-06-20 17:00:00,0.214547222
2024-06-20 18:00:00,0.214469444
2024-06-20 19:00:00,0.214445833
2024-06-20 20:00:00,0.214405556
2024-06-20 21:00:00,0.214368056
2024-06-20 22:00:00,0.214361111
2024-06-20 23:00:00,0.214355556
2024-06-21 00:00:00,0.214348611
2024-06-21 01:00:00,0.214330556
2024-06-21 02:00:00,0.214319444
2024-06-21 03:00:00,0.214318056
2024-06-21 04:00:00,0.214305556
2024-06-21 05:00:00,0.214198611
2024-06-21 06:00:00,0.214054167
2024-06-21 07:00:00,0.213901389
2024-06-21 08:00:00,0.213751389
2024-06-21 09:00:00,0.213580556
2024-06-21 10:00:00,0.213415278
2024-06-21 11:00:00,0.213201389
2024-06-21 12:00:00,0.213002778
2024-06-21 13:00:00,0.212818056
2024-06-21 14:00:00,0.212648611
2024-06-21 15:00:00,0.212484722
2024-06-21 16:00:00,0.212336111
2024-06-21 17:00:00,0.212198611
2024-06-21 18:00:00,0.212088889
2024-06-21 19:00:00,0.212045833
2024-06-21 20:00:00,0.212044444
2024-06-21 21:00:00,0.212040278
2024-06-21 22:00:00,0.212045833
2024-06-21 23:00:00,0.212083333
2024-06-22 00:00:00,0.212113889
2024-06-22 01:00:00,0.212143056
2024-06-22 02:00:00,0.212161111
2024-06-22 03:00:00,0.212166667
2024-06-22 04:00:00,0.212155556
2024-06-22 05:00:00,0.212122222
2024-06-22 06:00:00,0.212076389
2024-06-22 07:00:00,0.211975
2024-06-22 08:00:00,0.211869444
2024-06-22 09:00:00,0.211756944
2024-06-22 10:00:00,0.211622222
2024-06-22 11:00:00,0.2114625
2024-06-22 12:00:00,0.211293056
2024-06-22 13:00:00,0.211113889
2024-06-22 14:00:00,0.210944444
2024-06-22 15:00:00,0.210790278
2024-06-22 16:00:00,0.210654167
2024-06-22 17:00:00,0.210506944
2024-06-22 18:00:00,0.210390278
2024-06-22 19:00:00,0.210295833
2024-06-22 20:00:00,0.210251389
2024-06-22 21:00:00,0.210240278
2024-06-22 22:00:00,0.210231944
2024-06-22 23:00:00,0.210269444
2024-06-23 00:00:00,0.210304167
2024-06-23 01:00:00,0.210344444
2024-06-23 02:00:00,0.210411111
2024-06-23 03:00:00,0.210483333
2024-06-23 04:00:00,0.210538889
2024-06-23 05:00:00,0.210611111
2024-06-23 06:00:00,0.210690278
2024-06-23 07:00:00,0.210754167
2024-06-23 08:00:00,0.210795833
2024-06-23 09:00:00,0.210833333
2024-06-23 10:00:00,0.210855556
2024-06-23 11:00:00,0.210858333
2024-06-23 12:00:00,0.210831944
2024-06-23 13:00:00,0.210794444
2024-06-23 14:00:00,0.210738889
2024-06-23 15:00:00,0.210688889
2024-06-23 16:00:00,0.210633333
2024-06-23 17:00:00,0.210558333
2024-06-23 18:00:00,0.210484722
2024-06-23 19:00:00,0.210401389
2024-06-23 20:00:00,0.210361111
2024-06-23 21:00:00,0.210336111
2024-06-23 22:00:00,0.210329167
2024-06-23 23:00:00,0.210334722
2024-06-24 00:00:00,0.2103625
2024-06-24 01:00:00,0.210426389
2024-06-24 02:00:00,0.210508333
2024-06-24 03:00:00,0.2106
2024-06-24 04:00:00,0.210713889
2024-06-24 05:00:00,0.210822222
2024-06-24 06:00:00,0.210973611
2024-06-24 07:00:00,0.211141667
2024-06-24 08:00:00,0.211304167
2024-06-24 09:00:00,0.211495833
2024-06-24 10:00:00,0.211652778
2024-06-24 11:00:00,0.211781944
2024-06-24 12:00:00,0.211890278
2024-06-24 13:00:00,0.211961111
2024-06-24 14:00:00,0.2120375
2024-06-24 15:00:00,0.212073611
2024-06-24 16:00:00,0.212063889
2024-06-24 17:00:00,0.212034722
2024-06-24 18:00:00,0.2119875
2024-06-24 19:00:00,0.211904167
2024-06-24 20:00:00,0.211858333
2024-06-24 21:00:00,0.211784722
2024-06-24 22:00:00,0.211776389
2024-06-24 23:00:00,0.211741667
2024-06-25 00:00:00,0.211759722
2024-06-25 01:00:00,0.211791667
2024-06-25 02:00:00,0.2118375
2024-06-25 03:00:00,0.211881944
2024-06-25 04:00:00,0.211956944
2024-06-25 05:00:00,0.212043056
2024-06-25 06:00:00,0.212125
2024-06-25 07:00:00,0.21225
2024-06-25 08:00:00,0.212355556
2024-06-25 09:00:00,0.212419444
2024-06-25 10:00:00,0.212488889
2024-06-25 11:00:00,0.212530556
2024-06-25 12:00:00,0.212540278
2024-06-25 13:00:00,0.212520833
2024-06-25 14:00:00,0.212465278
2024-06-25 15:00:00,0.212369444
2024-06-25 16:00:00,0.212295833
2024-06-25 17:00:00,0.212165278
2024-06-25 18:00:00,0.211968056
2024-06-25 19:00:00,0.211758333
2024-06-25 20:00:00,0.211548611
2024-06-25 21:00:00,0.211330556
2024-06-25 22:00:00,0.211076389
2024-06-25 23:00:00,0.210859722
2024-06-26 00:00:00,0.210661111
2024-06-26 01:00:00,0.210434722
2024-06-26 02:00:00,0.2102375
2024-06-26 03:00:00,0.210094444
2024-06-26 04:00:00,0.209998611
2024-06-26 05:00:00,0.2099625
2024-06-26 06:00:00,0.209994444
2024-06-26 07:00:00,0.21005
2024-06-26 08:00:00,0.210156944
2024-06-26 09:00:00,0.2103
2024-06-26 10:00:00,0.210425
2024-06-26 11:00:00,0.210540278
2024-06-26 12:00:00,0.210616667
2024-06-26 13:00:00,0.210630556
2024-06-26 14:00:00,0.210598611
2024-06-26 15:00:00,0.210511111
2024-06-26 16:00:00,0.210383333
2024-06-26 17:00:00,0.210206944
2024-06-26 18:00:00,0.2099875
2024-06-26 19:00:00,0.209730556
2024-06-26 20:00:00,0.209454167
2024-06-26 21:00:00,0.209165278
2024-06-26 22:00:00,0.2088625
2024-06-26 23:00:00,0.208581944
2024-06-27 00:00:00,0.208343056
2024-06-27 01:00:00,0.208119444
2024-06-27 02:00:00,0.207902778
2024-06-27 03:00:00,0.207730556
2024-06-27 04:00:00,0.207619444
2024-06-27 05:00:00,0.207547222
2024-06-27 06:00:00,0.207527778
2024-06-27 07:00:00,0.207536111
2024-06-27 08:00:00,0.207566667
2024-06-27 09:00:00,0.207634722
2024-06-27 10:00:00,0.207697222
2024-06-27 11:00:00,0.207747222
2024-06-27 12:00:00,0.2077625
2024-06-27 13:00:00,0.207731944
2024-06-27 14:00:00,0.207668056
2024-06-27 15:00:00,0.207563889
2024-06-27 16:00:00,0.207401389
2024-06-27 17:00:00,0.207202778
2024-06-27 18:00:00,0.206961111
2024-06-27 19:00:00,0.206665278
2024-06-27 20:00:00,0.206354167
2024-06-27 21:00:00,0.206013889
2024-06-27 22:00:00,0.205691667
2024-06-27 23:00:00,0.205408333
2024-06-28 00:00:00,0.205125
2024-06-28 01:00:00,0.204909722
2024-06-28 02:00:00,0.2047375
2024-06-28 03:00:00,0.204577778
2024-06-28 04:00:00,0.204477778
2024-06-28 05:00:00,0.204423611
2024-06-28 06:00:00,0.204423611
2024-06-28 07:00:00,0.204465278
2024-06-28 08:00:00,0.204565278
2024-06-28 09:00:00,0.2047
2024-06-28 10:00:00,0.204823611
2024-06-28 11:00:00,0.204958333
2024-06-28 12:00:00,0.2050625
2024-06-28 13:00:00,0.205122222
2024-06-28 14:00:00,0.205126389
2024-06-28 15:00:00,0.205075
2024-06-28 16:00:00,0.204956944
2024-06-28 17:00:00,0.204779167
2024-06-28 18:00:00,0.204561111
2024-06-28 19:00:00,0.204256944
2024-06-28 20:00:00,0.203940278
2024-06-28 21:00:00,0.203630556
2024-06-28 22:00:00,0.203297222
2024-06-28 23:00:00,0.202981944
2024-06-29 00:00:00,0.202677778
2024-06-29 01:00:00,0.202390278
2024-06-29 02:00:00,0.202183333
2024-06-29 03:00:00,0.202013889
2024-06-29 04:00:00,0.201879167
2024-06-29 05:00:00,0.201808333
2024-06-29 06:00:00,0.201780556
2024-06-29 07:00:00,0.201802778
2024-06-29 08:00:00,0.201856944
2024-06-29 09:00:00,0.201945833
2024-06-29 10:00:00,0.202036111
2024-06-29 11:00:00,0.202125
2024-06-29 12:00:00,0.202213889
2024-06-29 13:00:00,0.202277778
2024-06-29 14:00:00,0.202318056
2024-06-29 15:00:00,0.202305556
2024-06-29 16:00:00,0.202229167
2024-06-29 17:00:00,0.202109722
2024-06-29 18:00:00,0.201965278
2024-06-29 19:00:00,0.20175
2024-06-29 20:00:00,0.201491667
2024-06-29 21:00:00,0.201226389
2024-06-29 22:00:00,0.200930556
2024-06-29 23:00:00,0.20065
2024-06-30 00:00:00,0.200386111
2024-06-30 01:00:00,0.200144444
2024-06-30 02:00:00,0.199943056
2024-06-30 03:00:00,0.199797222
2024-06-30 04:00:00,0.199688889
2024-06-30 05:00:00,0.199622222
2024-06-30 06:00:00,0.199595833
2024-06-30 07:00:00,0.1996
2024-06-30 08:00:00,0.199633333
2024-06-30 09:00:00,0.199702778
2024-06-30 10:00:00,0.19975
2024-06-30 11:00:00,0.199779167
2024-06-30 12:00:00,0.199827778
2024-06-30 13:00:00,0.199852778
2024-06-30 14:00:00,0.199844444
2024-06-30 15:00:00,0.199808333
2024-06-30 16:00:00,0.199745833
2024-06-30 17:00:00,0.199645833
2024-06-30 18:00:00,0.199520833
2024-06-30 19:00:00,0.199355556
2024-06-30 20:00:00,0.1991625
2024-06-30 21:00:00,0.198934722
2024-06-30 22:00:00,0.198704167
2024-06-30 23:00:00,0.198459722
