time,WL_trend_30d_filled
2020-03-01 00:00:00,0.064280556
2020-03-01 01:00:00,0.064526389
2020-03-01 02:00:00,0.064770833
2020-03-01 03:00:00,0.064993056
2020-03-01 04:00:00,0.065201389
2020-03-01 05:00:00,0.0653875
2020-03-01 06:00:00,0.065538889
2020-03-01 07:00:00,0.0656625
2020-03-01 08:00:00,0.065755556
2020-03-01 09:00:00,0.065819444
2020-03-01 10:00:00,0.065880556
2020-03-01 11:00:00,0.065956944
2020-03-01 12:00:00,0.06605
2020-03-01 13:00:00,0.066169444
2020-03-01 14:00:00,0.066284722
2020-03-01 15:00:00,0.066408333
2020-03-01 16:00:00,0.066554167
2020-03-01 17:00:00,0.066736111
2020-03-01 18:00:00,0.066938889
2020-03-01 19:00:00,0.067165278
2020-03-01 20:00:00,0.067370833
2020-03-01 21:00:00,0.067588889
2020-03-01 22:00:00,0.067811111
2020-03-01 23:00:00,0.068002778
2020-03-02 00:00:00,0.068205556
2020-03-02 01:00:00,0.068411111
2020-03-02 02:00:00,0.0685875
2020-03-02 03:00:00,0.068744444
2020-03-02 04:00:00,0.068916667
2020-03-02 05:00:00,0.069070833
2020-03-02 06:00:00,0.069211111
2020-03-02 07:00:00,0.069345833
2020-03-02 08:00:00,0.069461111
2020-03-02 09:00:00,0.069551389
2020-03-02 10:00:00,0.069615278
2020-03-02 11:00:00,0.069659722
2020-03-02 12:00:00,0.069675
2020-03-02 13:00:00,0.069698611
2020-03-02 14:00:00,0.069733333
2020-03-02 15:00:00,0.069773611
2020-03-02 16:00:00,0.0698125
2020-03-02 17:00:00,0.069851389
2020-03-02 18:00:00,0.069904167
2020-03-02 19:00:00,0.070008333
2020-03-02 20:00:00,0.070033333
2020-03-02 21:00:00,0.07005
2020-03-02 22:00:00,0.070111111
2020-03-02 23:00:00,0.070154167
2020-03-03 00:00:00,0.070184722
2020-03-03 01:00:00,0.070198611
2020-03-03 02:00:00,0.070255556
2020-03-03 03:00:00,0.070298611
2020-03-03 04:00:00,0.070358333
2020-03-03 05:00:00,0.070408333
2020-03-03 06:00:00,0.070465278
2020-03-03 07:00:00,0.0705125
2020-03-03 08:00:00,0.070563889
2020-03-03 09:00:00,0.070606944
2020-03-03 10:00:00,0.070619444
2020-03-03 11:00:00,0.070640278
2020-03-03 12:00:00,0.070656944
2020-03-03 13:00:00,0.0706625
2020-03-03 14:00:00,0.070652778
2020-03-03 15:00:00,0.070666667
2020-03-03 16:00:00,0.070654167
2020-03-03 17:00:00,0.070640278
2020-03-03 18:00:00,0.070640278
2020-03-03 19:00:00,0.070630556
2020-03-03 20:00:00,0.0706
2020-03-03 21:00:00,0.0705625
2020-03-03 22:00:00,0.0705125
2020-03-03 23:00:00,0.070447222
2020-03-04 00:00:00,0.070375
2020-03-04 01:00:00,0.0703
2020-03-04 02:00:00,0.070225
2020-03-04 03:00:00,0.070175
2020-03-04 04:00:00,0.070131944
2020-03-04 05:00:00,0.070104167
2020-03-04 06:00:00,0.070079167
2020-03-04 07:00:00,0.070058333
2020-03-04 08:00:00,0.070059722
2020-03-04 09:00:00,0.070073611
2020-03-04 10:00:00,0.070102778
2020-03-04 11:00:00,0.070140278
2020-03-04 12:00:00,0.070194444
2020-03-04 13:00:00,0.070256944
2020-03-04 14:00:00,0.070311111
2020-03-04 15:00:00,0.070406944
2020-03-04 16:00:00,0.070472222
2020-03-04 17:00:00,0.070548611
2020-03-04 18:00:00,0.070618056
2020-03-04 19:00:00,0.070661111
2020-03-04 20:00:00,0.070695833
2020-03-04 21:00:00,0.070715278
2020-03-04 22:00:00,0.0707125
2020-03-04 23:00:00,0.070675
2020-03-05 00:00:00,0.070631944
2020-03-05 01:00:00,0.070586111
2020-03-05 02:00:00,0.070529167
2020-03-05 03:00:00,0.070473611
2020-03-05 04:00:00,0.070441667
2020-03-05 05:00:00,0.070430556
2020-03-05 06:00:00,0.070422222
2020-03-05 07:00:00,0.070440278
2020-03-05 08:00:00,0.070484722
2020-03-05 09:00:00,0.07055
2020-03-05 10:00:00,0.070634722
2020-03-05 11:00:00,0.070733333
2020-03-05 12:00:00,0.070844444
2020-03-05 13:00:00,0.070976389
2020-03-05 14:00:00,0.071116667
2020-03-05 15:00:00,0.071266667
2020-03-05 16:00:00,0.071451389
2020-03-05 17:00:00,0.071633333
2020-03-05 18:00:00,0.071805556
2020-03-05 19:00:00,0.071994444
2020-03-05 20:00:00,0.0721625
2020-03-05 21:00:00,0.072270833
2020-03-05 22:00:00,0.072370833
2020-03-05 23:00:00,0.072426389
2020-03-06 00:00:00,0.072459722
2020-03-06 01:00:00,0.072469444
2020-03-06 02:00:00,0.072461111
2020-03-06 03:00:00,0.072463889
2020-03-06 04:00:00,0.072475
2020-03-06 05:00:00,0.072518056
2020-03-06 06:00:00,0.072591667
2020-03-06 07:00:00,0.072684722
2020-03-06 08:00:00,0.072786111
2020-03-06 09:00:00,0.072909722
2020-03-06 10:00:00,0.073045833
2020-03-06 11:00:00,0.073177778
2020-03-06 12:00:00,0.073318056
2020-03-06 13:00:00,0.073472222
2020-03-06 14:00:00,0.073613889
2020-03-06 15:00:00,0.073748611
2020-03-06 16:00:00,0.073858333
2020-03-06 17:00:00,0.073969444
2020-03-06 18:00:00,0.07405
2020-03-06 19:00:00,0.074088889
2020-03-06 20:00:00,0.074061111
2020-03-06 21:00:00,0.073965278
2020-03-06 22:00:00,0.073761111
2020-03-06 23:00:00,0.073577778
2020-03-07 00:00:00,0.073418056
2020-03-07 01:00:00,0.0732125
2020-03-07 02:00:00,0.073101389
2020-03-07 03:00:00,0.073034722
2020-03-07 04:00:00,0.073009722
2020-03-07 05:00:00,0.072990278
2020-03-07 06:00:00,0.073020833
2020-03-07 07:00:00,0.073104167
2020-03-07 08:00:00,0.073184722
2020-03-07 09:00:00,0.073313889
2020-03-07 10:00:00,0.073481944
2020-03-07 11:00:00,0.073651389
2020-03-07 12:00:00,0.073879167
2020-03-07 13:00:00,0.074130556
2020-03-07 14:00:00,0.074433333
2020-03-07 15:00:00,0.074754167
2020-03-07 16:00:00,0.075083333
2020-03-07 17:00:00,0.075409722
2020-03-07 18:00:00,0.075755556
2020-03-07 19:00:00,0.076045833
2020-03-07 20:00:00,0.076301389
2020-03-07 21:00:00,0.0765375
2020-03-07 22:00:00,0.076748611
2020-03-07 23:00:00,0.076926389
2020-03-08 00:00:00,0.077090278
2020-03-08 01:00:00,0.077266667
2020-03-08 02:00:00,0.077455556
2020-03-08 03:00:00,0.07765
2020-03-08 04:00:00,0.077856944
2020-03-08 05:00:00,0.078088889
2020-03-08 06:00:00,0.078356944
2020-03-08 07:00:00,0.078633333
2020-03-08 08:00:00,0.078938889
2020-03-08 09:00:00,0.07925
2020-03-08 10:00:00,0.0795875
2020-03-08 11:00:00,0.079938889
2020-03-08 12:00:00,0.080318056
2020-03-08 13:00:00,0.080702778
2020-03-08 14:00:00,0.081094444
2020-03-08 15:00:00,0.081511111
2020-03-08 16:00:00,0.081911111
2020-03-08 17:00:00,0.082313889
2020-03-08 18:00:00,0.082720833
2020-03-08 19:00:00,0.083094444
2020-03-08 20:00:00,0.083444444
2020-03-08 21:00:00,0.0837125
2020-03-08 22:00:00,0.083908333
2020-03-08 23:00:00,0.0840625
2020-03-09 00:00:00,0.0841625
2020-03-09 01:00:00,0.084227778
2020-03-09 02:00:00,0.0842625
2020-03-09 03:00:00,0.0842625
2020-03-09 04:00:00,0.084273611
2020-03-09 05:00:00,0.084281944
2020-03-09 06:00:00,0.084308333
2020-03-09 07:00:00,0.084376389
2020-03-09 08:00:00,0.0844875
2020-03-09 09:00:00,0.084644444
2020-03-09 10:00:00,0.084823611
2020-03-09 11:00:00,0.085059722
2020-03-09 12:00:00,0.085306944
2020-03-09 13:00:00,0.085609722
2020-03-09 14:00:00,0.085968056
2020-03-09 15:00:00,0.086347222
2020-03-09 16:00:00,0.086733333
2020-03-09 17:00:00,0.087116667
2020-03-09 18:00:00,0.087502778
2020-03-09 19:00:00,0.087890278
2020-03-09 20:00:00,0.088248611
2020-03-09 21:00:00,0.088533333
2020-03-09 22:00:00,0.088759722
2020-03-09 23:00:00,0.088920833
2020-03-10 00:00:00,0.089005556
2020-03-10 01:00:00,0.089027778
2020-03-10 02:00:00,0.089002778
2020-03-10 03:00:00,0.088965278
2020-03-10 04:00:00,0.088895833
2020-03-10 05:00:00,0.088805556
2020-03-10 06:00:00,0.088716667
2020-03-10 07:00:00,0.088627778
2020-03-10 08:00:00,0.088568056
2020-03-10 09:00:00,0.088516667
2020-03-10 10:00:00,0.088483333
2020-03-10 11:00:00,0.088508333
2020-03-10 12:00:00,0.088552778
2020-03-10 13:00:00,0.088613889
2020-03-10 14:00:00,0.088708333
2020-03-10 15:00:00,0.088813889
2020-03-10 16:00:00,0.088929167
2020-03-10 17:00:00,0.089022222
2020-03-10 18:00:00,0.089079167
2020-03-10 19:00:00,0.089109722
2020-03-10 20:00:00,0.089056944
2020-03-10 21:00:00,0.088931944
2020-03-10 22:00:00,0.088758333
2020-03-10 23:00:00,0.088502778
2020-03-11 00:00:00,0.088220833
2020-03-11 01:00:00,0.087863889
2020-03-11 02:00:00,0.087468056
2020-03-11 03:00:00,0.087052778
2020-03-11 04:00:00,0.086602778
2020-03-11 05:00:00,0.086131944
2020-03-11 06:00:00,0.085665278
2020-03-11 07:00:00,0.085205556
2020-03-11 08:00:00,0.084758333
2020-03-11 09:00:00,0.084352778
2020-03-11 10:00:00,0.083988889
2020-03-11 11:00:00,0.0836625
2020-03-11 12:00:00,0.083397222
2020-03-11 13:00:00,0.083176389
2020-03-11 14:00:00,0.083005556
2020-03-11 15:00:00,0.082861111
2020-03-11 16:00:00,0.082736111
2020-03-11 17:00:00,0.082626389
2020-03-11 18:00:00,0.082511111
2020-03-11 19:00:00,0.082388889
2020-03-11 20:00:00,0.082244444
2020-03-11 21:00:00,0.082056944
2020-03-11 22:00:00,0.081813889
2020-03-11 23:00:00,0.081533333
2020-03-12 00:00:00,0.081172222
2020-03-12 01:00:00,0.080775
2020-03-12 02:00:00,0.080301389
2020-03-12 03:00:00,0.079813889
2020-03-12 04:00:00,0.079341667
2020-03-12 05:00:00,0.078841667
2020-03-12 06:00:00,0.078320833
2020-03-12 07:00:00,0.077809722
2020-03-12 08:00:00,0.077323611
2020-03-12 09:00:00,0.076905556
2020-03-12 10:00:00,0.076541667
2020-03-12 11:00:00,0.076238889
2020-03-12 12:00:00,0.076029167
2020-03-12 13:00:00,0.075877778
2020-03-12 14:00:00,0.075783333
2020-03-12 15:00:00,0.075716667
2020-03-12 16:00:00,0.075726389
2020-03-12 17:00:00,0.07575
2020-03-12 18:00:00,0.075856944
2020-03-12 19:00:00,0.0759625
2020-03-12 20:00:00,0.076033333
2020-03-12 21:00:00,0.076077778
2020-03-12 22:00:00,0.076106944
2020-03-12 23:00:00,0.076118056
2020-03-13 00:00:00,0.076036111
2020-03-13 01:00:00,0.075970833
2020-03-13 02:00:00,0.075909722
2020-03-13 03:00:00,0.075847222
2020-03-13 04:00:00,0.075802778
2020-03-13 05:00:00,0.075784722
2020-03-13 06:00:00,0.075798611
2020-03-13 07:00:00,0.075843056
2020-03-13 08:00:00,0.07595
2020-03-13 09:00:00,0.076106944
2020-03-13 10:00:00,0.076327778
2020-03-13 11:00:00,0.076615278
2020-03-13 12:00:00,0.076952778
2020-03-13 13:00:00,0.077334722
2020-03-13 14:00:00,0.077756944
2020-03-13 15:00:00,0.078209722
2020-03-13 16:00:00,0.078683333
2020-03-13 17:00:00,0.079176389
2020-03-13 18:00:00,0.079665278
2020-03-13 19:00:00,0.080141667
2020-03-13 20:00:00,0.080590278
2020-03-13 21:00:00,0.080980556
2020-03-13 22:00:00,0.081333333
2020-03-13 23:00:00,0.0816375
2020-03-14 00:00:00,0.081886111
2020-03-14 01:00:00,0.082118056
2020-03-14 02:00:00,0.0823125
2020-03-14 03:00:00,0.082472222
2020-03-14 04:00:00,0.082597222
2020-03-14 05:00:00,0.082702778
2020-03-14 06:00:00,0.082779167
2020-03-14 07:00:00,0.082854167
2020-03-14 08:00:00,0.082938889
2020-03-14 09:00:00,0.083025
2020-03-14 10:00:00,0.08315
2020-03-14 11:00:00,0.083355556
2020-03-14 12:00:00,0.083616667
2020-03-14 13:00:00,0.083930556
2020-03-14 14:00:00,0.084298611
2020-03-14 15:00:00,0.084701389
2020-03-14 16:00:00,0.085151389
2020-03-14 17:00:00,0.085633333
2020-03-14 18:00:00,0.0861375
2020-03-14 19:00:00,0.086634722
2020-03-14 20:00:00,0.087115278
2020-03-14 21:00:00,0.087581944
2020-03-14 22:00:00,0.088026389
2020-03-14 23:00:00,0.088429167
2020-03-15 00:00:00,0.088773611
2020-03-15 01:00:00,0.089066667
2020-03-15 02:00:00,0.089304167
2020-03-15 03:00:00,0.089491667
2020-03-15 04:00:00,0.089661111
2020-03-15 05:00:00,0.089827778
2020-03-15 06:00:00,0.089994444
2020-03-15 07:00:00,0.090165278
2020-03-15 08:00:00,0.090356944
2020-03-15 09:00:00,0.090566667
2020-03-15 10:00:00,0.090781944
2020-03-15 11:00:00,0.091016667
2020-03-15 12:00:00,0.091286111
2020-03-15 13:00:00,0.091590278
2020-03-15 14:00:00,0.091916667
2020-03-15 15:00:00,0.092301389
2020-03-15 16:00:00,0.092702778
2020-03-15 17:00:00,0.093115278
2020-03-15 18:00:00,0.093573611
2020-03-15 19:00:00,0.094054167
2020-03-15 20:00:00,0.094527778
2020-03-15 21:00:00,0.095016667
2020-03-15 22:00:00,0.095490278
2020-03-15 23:00:00,0.095931944
2020-03-16 00:00:00,0.0963625
2020-03-16 01:00:00,0.0967375
2020-03-16 02:00:00,0.097059722
2020-03-16 03:00:00,0.097347222
2020-03-16 04:00:00,0.097595833
2020-03-16 05:00:00,0.097833333
2020-03-16 06:00:00,0.098065278
2020-03-16 07:00:00,0.098266667
2020-03-16 08:00:00,0.098454167
2020-03-16 09:00:00,0.098615278
2020-03-16 10:00:00,0.098781944
2020-03-16 11:00:00,0.098975
2020-03-16 12:00:00,0.099183333
2020-03-16 13:00:00,0.099402778
2020-03-16 14:00:00,0.099654167
2020-03-16 15:00:00,0.099944444
2020-03-16 16:00:00,0.100268056
2020-03-16 17:00:00,0.100572222
2020-03-16 18:00:00,0.100894444
2020-03-16 19:00:00,0.1013125
2020-03-16 20:00:00,0.101786111
2020-03-16 21:00:00,0.102205556
2020-03-16 22:00:00,0.1025625
2020-03-16 23:00:00,0.102915278
2020-03-17 00:00:00,0.103238889
2020-03-17 01:00:00,0.103554167
2020-03-17 02:00:00,0.103820833
2020-03-17 03:00:00,0.104029167
2020-03-17 04:00:00,0.104225
2020-03-17 05:00:00,0.104370833
2020-03-17 06:00:00,0.104411111
2020-03-17 07:00:00,0.104409722
2020-03-17 08:00:00,0.104354167
2020-03-17 09:00:00,0.104254167
2020-03-17 10:00:00,0.104105556
2020-03-17 11:00:00,0.103929167
2020-03-17 12:00:00,0.103761111
2020-03-17 13:00:00,0.103576389
2020-03-17 14:00:00,0.103366667
2020-03-17 15:00:00,0.103148611
2020-03-17 16:00:00,0.102943056
2020-03-17 17:00:00,0.102727778
2020-03-17 18:00:00,0.102515278
2020-03-17 19:00:00,0.102316667
2020-03-17 20:00:00,0.102081944
2020-03-17 21:00:00,0.101836111
2020-03-17 22:00:00,0.101609722
2020-03-17 23:00:00,0.101359722
2020-03-18 00:00:00,0.101105556
2020-03-18 01:00:00,0.100819444
2020-03-18 02:00:00,0.1005375
2020-03-18 03:00:00,0.100241667
2020-03-18 04:00:00,0.099941667
2020-03-18 05:00:00,0.099625
2020-03-18 06:00:00,0.099284722
2020-03-18 07:00:00,0.098933333
2020-03-18 08:00:00,0.098602778
2020-03-18 09:00:00,0.098276389
2020-03-18 10:00:00,0.097963889
2020-03-18 11:00:00,0.097665278
2020-03-18 12:00:00,0.097381944
2020-03-18 13:00:00,0.097091667
2020-03-18 14:00:00,0.096815278
2020-03-18 15:00:00,0.096570833
2020-03-18 16:00:00,0.096291667
2020-03-18 17:00:00,0.096001389
2020-03-18 18:00:00,0.095745833
2020-03-18 19:00:00,0.095516667
2020-03-18 20:00:00,0.095283333
2020-03-18 21:00:00,0.095079167
2020-03-18 22:00:00,0.094870833
2020-03-18 23:00:00,0.0946875
2020-03-19 00:00:00,0.094515278
2020-03-19 01:00:00,0.094351389
2020-03-19 02:00:00,0.094198611
2020-03-19 03:00:00,0.094044444
2020-03-19 04:00:00,0.093893056
2020-03-19 05:00:00,0.093731944
2020-03-19 06:00:00,0.093568056
2020-03-19 07:00:00,0.093380556
2020-03-19 08:00:00,0.093175
2020-03-19 09:00:00,0.092979167
2020-03-19 10:00:00,0.092763889
2020-03-19 11:00:00,0.092531944
2020-03-19 12:00:00,0.092306944
2020-03-19 13:00:00,0.092009722
2020-03-19 14:00:00,0.091751389
2020-03-19 15:00:00,0.091479167
2020-03-19 16:00:00,0.091156944
2020-03-19 17:00:00,0.090819444
2020-03-19 18:00:00,0.090543056
2020-03-19 19:00:00,0.090263889
2020-03-19 20:00:00,0.089983333
2020-03-19 21:00:00,0.0897625
2020-03-19 22:00:00,0.089513889
2020-03-19 23:00:00,0.089291667
2020-03-20 00:00:00,0.089094444
2020-03-20 01:00:00,0.088915278
2020-03-20 02:00:00,0.088706944
2020-03-20 03:00:00,0.088465278
2020-03-20 04:00:00,0.088291667
2020-03-20 05:00:00,0.088130556
2020-03-20 06:00:00,0.087979167
2020-03-20 07:00:00,0.087836111
2020-03-20 08:00:00,0.087704167
2020-03-20 09:00:00,0.087552778
2020-03-20 10:00:00,0.087368056
2020-03-20 11:00:00,0.087166667
2020-03-20 12:00:00,0.086918056
2020-03-20 13:00:00,0.086668056
2020-03-20 14:00:00,0.086416667
2020-03-20 15:00:00,0.086155556
2020-03-20 16:00:00,0.085881944
2020-03-20 17:00:00,0.085620833
2020-03-20 18:00:00,0.085343056
2020-03-20 19:00:00,0.085079167
2020-03-20 20:00:00,0.084844444
2020-03-20 21:00:00,0.084547222
2020-03-20 22:00:00,0.084283333
2020-03-20 23:00:00,0.084069444
2020-03-21 00:00:00,0.083859722
2020-03-21 01:00:00,0.083675
2020-03-21 02:00:00,0.08355
2020-03-21 03:00:00,0.083483333
2020-03-21 04:00:00,0.083459722
2020-03-21 05:00:00,0.083477778
2020-03-21 06:00:00,0.083520833
2020-03-21 07:00:00,0.083576389
2020-03-21 08:00:00,0.083694444
2020-03-21 09:00:00,0.083830556
2020-03-21 10:00:00,0.083984722
2020-03-21 11:00:00,0.084134722
2020-03-21 12:00:00,0.084323611
2020-03-21 13:00:00,0.084538889
2020-03-21 14:00:00,0.084776389
2020-03-21 15:00:00,0.085073611
2020-03-21 16:00:00,0.085380556
2020-03-21 17:00:00,0.085648611
2020-03-21 18:00:00,0.085945833
2020-03-21 19:00:00,0.086251389
2020-03-21 20:00:00,0.086520833
2020-03-21 21:00:00,0.086763889
2020-03-21 22:00:00,0.086972222
2020-03-21 23:00:00,0.087152778
2020-03-22 00:00:00,0.087322222
2020-03-22 01:00:00,0.087498611
2020-03-22 02:00:00,0.087658333
2020-03-22 03:00:00,0.087856944
2020-03-22 04:00:00,0.088090278
2020-03-22 05:00:00,0.088356944
2020-03-22 06:00:00,0.088672222
2020-03-22 07:00:00,0.089015278
2020-03-22 08:00:00,0.089366667
2020-03-22 09:00:00,0.0897625
2020-03-22 10:00:00,0.090206944
2020-03-22 11:00:00,0.090665278
2020-03-22 12:00:00,0.091155556
2020-03-22 13:00:00,0.091690278
2020-03-22 14:00:00,0.092241667
2020-03-22 15:00:00,0.092811111
2020-03-22 16:00:00,0.093402778
2020-03-22 17:00:00,0.094022222
2020-03-22 18:00:00,0.094643056
2020-03-22 19:00:00,0.0952125
2020-03-22 20:00:00,0.0957375
2020-03-22 21:00:00,0.096191667
2020-03-22 22:00:00,0.096554167
2020-03-22 23:00:00,0.0968875
2020-03-23 00:00:00,0.097159722
2020-03-23 01:00:00,0.097376389
2020-03-23 02:00:00,0.0975875
2020-03-23 03:00:00,0.097783333
2020-03-23 04:00:00,0.097986111
2020-03-23 05:00:00,0.098218056
2020-03-23 06:00:00,0.098483333
2020-03-23 07:00:00,0.098815278
2020-03-23 08:00:00,0.099188889
2020-03-23 09:00:00,0.099584722
2020-03-23 10:00:00,0.100005556
2020-03-23 11:00:00,0.100463889
2020-03-23 12:00:00,0.100965278
2020-03-23 13:00:00,0.1014875
2020-03-23 14:00:00,0.102031944
2020-03-23 15:00:00,0.102583333
2020-03-23 16:00:00,0.103109722
2020-03-23 17:00:00,0.103634722
2020-03-23 18:00:00,0.104145833
2020-03-23 19:00:00,0.1046375
2020-03-23 20:00:00,0.105073611
2020-03-23 21:00:00,0.105445833
2020-03-23 22:00:00,0.105720833
2020-03-23 23:00:00,0.105920833
2020-03-24 00:00:00,0.106031944
2020-03-24 01:00:00,0.106072222
2020-03-24 02:00:00,0.106077778
2020-03-24 03:00:00,0.106030556
2020-03-24 04:00:00,0.105965278
2020-03-24 05:00:00,0.105913889
2020-03-24 06:00:00,0.105875
2020-03-24 07:00:00,0.105894444
2020-03-24 08:00:00,0.105990278
2020-03-24 09:00:00,0.106133333
2020-03-24 10:00:00,0.106319444
2020-03-24 11:00:00,0.106566667
2020-03-24 12:00:00,0.106876389
2020-03-24 13:00:00,0.107240278
2020-03-24 14:00:00,0.107645833
2020-03-24 15:00:00,0.108055556
2020-03-24 16:00:00,0.108465278
2020-03-24 17:00:00,0.108869444
2020-03-24 18:00:00,0.109256944
2020-03-24 19:00:00,0.109605556
2020-03-24 20:00:00,0.109880556
2020-03-24 21:00:00,0.110058333
2020-03-24 22:00:00,0.110161111
2020-03-24 23:00:00,0.1101625
2020-03-25 00:00:00,0.110095833
2020-03-25 01:00:00,0.109969444
2020-03-25 02:00:00,0.109759722
2020-03-25 03:00:00,0.109516667
2020-03-25 04:00:00,0.109204167
2020-03-25 05:00:00,0.108873611
2020-03-25 06:00:00,0.108554167
2020-03-25 07:00:00,0.108306944
2020-03-25 08:00:00,0.108122222
2020-03-25 09:00:00,0.108029167
2020-03-25 10:00:00,0.108054167
2020-03-25 11:00:00,0.108168056
2020-03-25 12:00:00,0.108404167
2020-03-25 13:00:00,0.108722222
2020-03-25 14:00:00,0.109125
2020-03-25 15:00:00,0.1096125
2020-03-25 16:00:00,0.110173611
2020-03-25 17:00:00,0.110730556
2020-03-25 18:00:00,0.1112875
2020-03-25 19:00:00,0.111815278
2020-03-25 20:00:00,0.112273611
2020-03-25 21:00:00,0.112659722
2020-03-25 22:00:00,0.112969444
2020-03-25 23:00:00,0.113208333
2020-03-26 00:00:00,0.113393056
2020-03-26 01:00:00,0.113509722
2020-03-26 02:00:00,0.113525
2020-03-26 03:00:00,0.113458333
2020-03-26 04:00:00,0.113347222
2020-03-26 05:00:00,0.113197222
2020-03-26 06:00:00,0.113022222
2020-03-26 07:00:00,0.112838889
2020-03-26 08:00:00,0.112669444
2020-03-26 09:00:00,0.112551389
2020-03-26 10:00:00,0.112440278
2020-03-26 11:00:00,0.112501389
2020-03-26 12:00:00,0.112623611
2020-03-26 13:00:00,0.112797222
2020-03-26 14:00:00,0.113090278
2020-03-26 15:00:00,0.113476389
2020-03-26 16:00:00,0.113883333
2020-03-26 17:00:00,0.114326389
2020-03-26 18:00:00,0.114775
2020-03-26 19:00:00,0.115198611
2020-03-26 20:00:00,0.115551389
2020-03-26 21:00:00,0.115883333
2020-03-26 22:00:00,0.116155556
2020-03-26 23:00:00,0.116373611
2020-03-27 00:00:00,0.116548611
2020-03-27 01:00:00,0.116702778
2020-03-27 02:00:00,0.116781944
2020-03-27 03:00:00,0.116751389
2020-03-27 04:00:00,0.116668056
2020-03-27 05:00:00,0.116515278
2020-03-27 06:00:00,0.116293056
2020-03-27 07:00:00,0.1160375
2020-03-27 08:00:00,0.1157875
2020-03-27 09:00:00,0.115568056
2020-03-27 10:00:00,0.115391667
2020-03-27 11:00:00,0.1152875
2020-03-27 12:00:00,0.115252778
2020-03-27 13:00:00,0.115291667
2020-03-27 14:00:00,0.115408333
2020-03-27 15:00:00,0.115608333
2020-03-27 16:00:00,0.115868056
2020-03-27 17:00:00,0.11615
2020-03-27 18:00:00,0.116477778
2020-03-27 19:00:00,0.116818056
2020-03-27 20:00:00,0.117148611
2020-03-27 21:00:00,0.117469444
2020-03-27 22:00:00,0.117795833
2020-03-27 23:00:00,0.118102778
2020-03-28 00:00:00,0.1183875
2020-03-28 01:00:00,0.118652778
2020-03-28 02:00:00,0.118875
2020-03-28 03:00:00,0.119065278
2020-03-28 04:00:00,0.119220833
2020-03-28 05:00:00,0.119351389
2020-03-28 06:00:00,0.119445833
2020-03-28 07:00:00,0.119502778
2020-03-28 08:00:00,0.119538889
2020-03-28 09:00:00,0.119594444
2020-03-28 10:00:00,0.119680556
2020-03-28 11:00:00,0.1197875
2020-03-28 12:00:00,0.119929167
2020-03-28 13:00:00,0.120141667
2020-03-28 14:00:00,0.120415278
2020-03-28 15:00:00,0.120752778
2020-03-28 16:00:00,0.121136111
2020-03-28 17:00:00,0.12155
2020-03-28 18:00:00,0.121981944
2020-03-28 19:00:00,0.12245
2020-03-28 20:00:00,0.122979167
2020-03-28 21:00:00,0.123520833
2020-03-28 22:00:00,0.124094444
2020-03-28 23:00:00,0.124686111
2020-03-29 00:00:00,0.125313889
2020-03-29 01:00:00,0.1259625
2020-03-29 02:00:00,0.126616667
2020-03-29 03:00:00,0.127272222
2020-03-29 04:00:00,0.127894444
2020-03-29 05:00:00,0.128505556
2020-03-29 06:00:00,0.129101389
2020-03-29 07:00:00,0.129688889
2020-03-29 08:00:00,0.130259722
2020-03-29 09:00:00,0.130863889
2020-03-29 10:00:00,0.131411111
2020-03-29 11:00:00,0.131906944
2020-03-29 12:00:00,0.132348611
2020-03-29 13:00:00,0.132743056
2020-03-29 14:00:00,0.133095833
2020-03-29 15:00:00,0.133430556
2020-03-29 16:00:00,0.133769444
2020-03-29 17:00:00,0.134123611
2020-03-29 18:00:00,0.1345
2020-03-29 19:00:00,0.134877778
2020-03-29 20:00:00,0.135255556
2020-03-29 21:00:00,0.135644444
2020-03-29 22:00:00,0.136038889
2020-03-29 23:00:00,0.136452778
2020-03-30 00:00:00,0.136868056
2020-03-30 01:00:00,0.137277778
2020-03-30 02:00:00,0.137709722
2020-03-30 03:00:00,0.138116667
2020-03-30 04:00:00,0.138504167
2020-03-30 05:00:00,0.138876389
2020-03-30 06:00:00,0.139218056
2020-03-30 07:00:00,0.139502778
2020-03-30 08:00:00,0.139755556
2020-03-30 09:00:00,0.139984722
2020-03-30 10:00:00,0.140144444
2020-03-30 11:00:00,0.140280556
2020-03-30 12:00:00,0.140427778
2020-03-30 13:00:00,0.140577778
2020-03-30 14:00:00,0.140706944
2020-03-30 15:00:00,0.140830556
2020-03-30 16:00:00,0.140990278
2020-03-30 17:00:00,0.141180556
2020-03-30 18:00:00,0.141386111
2020-03-30 19:00:00,0.141615278
2020-03-30 20:00:00,0.141872222
2020-03-30 21:00:00,0.142119444
2020-03-30 22:00:00,0.142395833
2020-03-30 23:00:00,0.142697222
2020-03-31 00:00:00,0.1429875
2020-03-31 01:00:00,0.1432625
2020-03-31 02:00:00,0.143534722
2020-03-31 03:00:00,0.143801389
2020-03-31 04:00:00,0.144040278
2020-03-31 05:00:00,0.144258333
2020-03-31 06:00:00,0.144458333
2020-03-31 07:00:00,0.144647222
2020-03-31 08:00:00,0.144809722
2020-03-31 09:00:00,0.144958333
2020-03-31 10:00:00,0.145119444
2020-03-31 11:00:00,0.145243056
2020-03-31 12:00:00,0.14535
2020-03-31 13:00:00,0.145430556
2020-03-31 14:00:00,0.145495833
2020-03-31 15:00:00,0.145506944
2020-03-31 16:00:00,0.145541667
2020-03-31 17:00:00,0.145593056
2020-03-31 18:00:00,0.145625
2020-03-31 19:00:00,0.145668056
2020-03-31 20:00:00,0.145736111
2020-03-31 21:00:00,0.1458
2020-03-31 22:00:00,0.145873611
2020-03-31 23:00:00,0.145970833
2021-03-01 00:00:00,0.038236111
2021-03-01 01:00:00,0.038252778
2021-03-01 02:00:00,0.038248611
2021-03-01 03:00:00,0.038177778
2021-03-01 04:00:00,0.038066667
2021-03-01 05:00:00,0.037965278
2021-03-01 06:00:00,0.0378625
2021-03-01 07:00:00,0.037790278
2021-03-01 08:00:00,0.037730556
2021-03-01 09:00:00,0.037731944
2021-03-01 10:00:00,0.037805556
2021-03-01 11:00:00,0.037930556
2021-03-01 12:00:00,0.038140278
2021-03-01 13:00:00,0.038398611
2021-03-01 14:00:00,0.038713889
2021-03-01 15:00:00,0.039080556
2021-03-01 16:00:00,0.039495833
2021-03-01 17:00:00,0.039918056
2021-03-01 18:00:00,0.040347222
2021-03-01 19:00:00,0.040756944
2021-03-01 20:00:00,0.041163889
2021-03-01 21:00:00,0.041533333
2021-03-01 22:00:00,0.041841667
2021-03-01 23:00:00,0.042086111
2021-03-02 00:00:00,0.042256944
2021-03-02 01:00:00,0.042370833
2021-03-02 02:00:00,0.042463889
2021-03-02 03:00:00,0.042477778
2021-03-02 04:00:00,0.042459722
2021-03-02 05:00:00,0.0424125
2021-03-02 06:00:00,0.042334722
2021-03-02 07:00:00,0.042275
2021-03-02 08:00:00,0.042245833
2021-03-02 09:00:00,0.042229167
2021-03-02 10:00:00,0.042275
2021-03-02 11:00:00,0.042370833
2021-03-02 12:00:00,0.042518056
2021-03-02 13:00:00,0.042756944
2021-03-02 14:00:00,0.043040278
2021-03-02 15:00:00,0.043352778
2021-03-02 16:00:00,0.043683333
2021-03-02 17:00:00,0.044011111
2021-03-02 18:00:00,0.044334722
2021-03-02 19:00:00,0.044644444
2021-03-02 20:00:00,0.044877778
2021-03-02 21:00:00,0.045338889
2021-03-02 22:00:00,0.045677778
2021-03-02 23:00:00,0.045791667
2021-03-03 00:00:00,0.046006944
2021-03-03 01:00:00,0.046325
2021-03-03 02:00:00,0.046548611
2021-03-03 03:00:00,0.046693056
2021-03-03 04:00:00,0.0468625
2021-03-03 05:00:00,0.047008333
2021-03-03 06:00:00,0.047072222
2021-03-03 07:00:00,0.047222222
2021-03-03 08:00:00,0.047433333
2021-03-03 09:00:00,0.047663889
2021-03-03 10:00:00,0.047841667
2021-03-03 11:00:00,0.048165278
2021-03-03 12:00:00,0.048613889
2021-03-03 13:00:00,0.0490875
2021-03-03 14:00:00,0.049641667
2021-03-03 15:00:00,0.050259722
2021-03-03 16:00:00,0.050851389
2021-03-03 17:00:00,0.051479167
2021-03-03 18:00:00,0.052145833
2021-03-03 19:00:00,0.052776389
2021-03-03 20:00:00,0.053394444
2021-03-03 21:00:00,0.053976389
2021-03-03 22:00:00,0.054519444
2021-03-03 23:00:00,0.054997222
2021-03-04 00:00:00,0.055425
2021-03-04 01:00:00,0.055854167
2021-03-04 02:00:00,0.056279167
2021-03-04 03:00:00,0.056651389
2021-03-04 04:00:00,0.056945833
2021-03-04 05:00:00,0.057125
2021-03-04 06:00:00,0.057256944
2021-03-04 07:00:00,0.057311111
2021-03-04 08:00:00,0.0573
2021-03-04 09:00:00,0.057304167
2021-03-04 10:00:00,0.057272222
2021-03-04 11:00:00,0.057244444
2021-03-04 12:00:00,0.057251389
2021-03-04 13:00:00,0.057297222
2021-03-04 14:00:00,0.057395833
2021-03-04 15:00:00,0.057491667
2021-03-04 16:00:00,0.057652778
2021-03-04 17:00:00,0.057861111
2021-03-04 18:00:00,0.058077778
2021-03-04 19:00:00,0.058327778
2021-03-04 20:00:00,0.058531944
2021-03-04 21:00:00,0.058722222
2021-03-04 22:00:00,0.058876389
2021-03-04 23:00:00,0.058956944
2021-03-05 00:00:00,0.058943056
2021-03-05 01:00:00,0.058893056
2021-03-05 02:00:00,0.058791667
2021-03-05 03:00:00,0.058641667
2021-03-05 04:00:00,0.058398611
2021-03-05 05:00:00,0.058111111
2021-03-05 06:00:00,0.0577625
2021-03-05 07:00:00,0.057394444
2021-03-05 08:00:00,0.057026389
2021-03-05 09:00:00,0.056608333
2021-03-05 10:00:00,0.056279167
2021-03-05 11:00:00,0.055947222
2021-03-05 12:00:00,0.055630556
2021-03-05 13:00:00,0.055433333
2021-03-05 14:00:00,0.055261111
2021-03-05 15:00:00,0.055120833
2021-03-05 16:00:00,0.055031944
2021-03-05 17:00:00,0.054948611
2021-03-05 18:00:00,0.054880556
2021-03-05 19:00:00,0.054830556
2021-03-05 20:00:00,0.054759722
2021-03-05 21:00:00,0.054695833
2021-03-05 22:00:00,0.054670833
2021-03-05 23:00:00,0.054631944
2021-03-06 00:00:00,0.054577778
2021-03-06 01:00:00,0.054506944
2021-03-06 02:00:00,0.054427778
2021-03-06 03:00:00,0.054340278
2021-03-06 04:00:00,0.054247222
2021-03-06 05:00:00,0.054131944
2021-03-06 06:00:00,0.054011111
2021-03-06 07:00:00,0.0538875
2021-03-06 08:00:00,0.05375
2021-03-06 09:00:00,0.053618056
2021-03-06 10:00:00,0.0535
2021-03-06 11:00:00,0.053388889
2021-03-06 12:00:00,0.0532875
2021-03-06 13:00:00,0.053231944
2021-03-06 14:00:00,0.053240278
2021-03-06 15:00:00,0.053272222
2021-03-06 16:00:00,0.053363889
2021-03-06 17:00:00,0.053490278
2021-03-06 18:00:00,0.053644444
2021-03-06 19:00:00,0.053834722
2021-03-06 20:00:00,0.054059722
2021-03-06 21:00:00,0.0543
2021-03-06 22:00:00,0.0545625
2021-03-06 23:00:00,0.054863889
2021-03-07 00:00:00,0.055155556
2021-03-07 01:00:00,0.055434722
2021-03-07 02:00:00,0.055719444
2021-03-07 03:00:00,0.056001389
2021-03-07 04:00:00,0.056259722
2021-03-07 05:00:00,0.056498611
2021-03-07 06:00:00,0.056711111
2021-03-07 07:00:00,0.056898611
2021-03-07 08:00:00,0.057073611
2021-03-07 09:00:00,0.057234722
2021-03-07 10:00:00,0.057390278
2021-03-07 11:00:00,0.057530556
2021-03-07 12:00:00,0.057669444
2021-03-07 13:00:00,0.057827778
2021-03-07 14:00:00,0.058016667
2021-03-07 15:00:00,0.058202778
2021-03-07 16:00:00,0.058401389
2021-03-07 17:00:00,0.058601389
2021-03-07 18:00:00,0.0588375
2021-03-07 19:00:00,0.059098611
2021-03-07 20:00:00,0.059359722
2021-03-07 21:00:00,0.059641667
2021-03-07 22:00:00,0.059929167
2021-03-07 23:00:00,0.060241667
2021-03-08 00:00:00,0.060588889
2021-03-08 01:00:00,0.060941667
2021-03-08 02:00:00,0.061311111
2021-03-08 03:00:00,0.061680556
2021-03-08 04:00:00,0.062066667
2021-03-08 05:00:00,0.062452778
2021-03-08 06:00:00,0.062827778
2021-03-08 07:00:00,0.063191667
2021-03-08 08:00:00,0.063543056
2021-03-08 09:00:00,0.063894444
2021-03-08 10:00:00,0.064233333
2021-03-08 11:00:00,0.064595833
2021-03-08 12:00:00,0.064944444
2021-03-08 13:00:00,0.0652875
2021-03-08 14:00:00,0.065656944
2021-03-08 15:00:00,0.066048611
2021-03-08 16:00:00,0.066431944
2021-03-08 17:00:00,0.0668375
2021-03-08 18:00:00,0.067233333
2021-03-08 19:00:00,0.067634722
2021-03-08 20:00:00,0.068033333
2021-03-08 21:00:00,0.068488889
2021-03-08 22:00:00,0.068941667
2021-03-08 23:00:00,0.069415278
2021-03-09 00:00:00,0.069859722
2021-03-09 01:00:00,0.070180556
2021-03-09 02:00:00,0.070548611
2021-03-09 03:00:00,0.070876389
2021-03-09 04:00:00,0.071163889
2021-03-09 05:00:00,0.071419444
2021-03-09 06:00:00,0.071648611
2021-03-09 07:00:00,0.071859722
2021-03-09 08:00:00,0.072033333
2021-03-09 09:00:00,0.072240278
2021-03-09 10:00:00,0.072456944
2021-03-09 11:00:00,0.072690278
2021-03-09 12:00:00,0.072945833
2021-03-09 13:00:00,0.073245833
2021-03-09 14:00:00,0.073456944
2021-03-09 15:00:00,0.073806944
2021-03-09 16:00:00,0.074083333
2021-03-09 17:00:00,0.074304167
2021-03-09 18:00:00,0.074581944
2021-03-09 19:00:00,0.074869444
2021-03-09 20:00:00,0.075168056
2021-03-09 21:00:00,0.0753875
2021-03-09 22:00:00,0.075618056
2021-03-09 23:00:00,0.075825
2021-03-10 00:00:00,0.076090278
2021-03-10 01:00:00,0.076334722
2021-03-10 02:00:00,0.076563889
2021-03-10 03:00:00,0.076783333
2021-03-10 04:00:00,0.077054167
2021-03-10 05:00:00,0.077331944
2021-03-10 06:00:00,0.077636111
2021-03-10 07:00:00,0.077973611
2021-03-10 08:00:00,0.078311111
2021-03-10 09:00:00,0.078686111
2021-03-10 10:00:00,0.079097222
2021-03-10 11:00:00,0.079530556
2021-03-10 12:00:00,0.079993056
2021-03-10 13:00:00,0.080495833
2021-03-10 14:00:00,0.081023611
2021-03-10 15:00:00,0.081551389
2021-03-10 16:00:00,0.082080556
2021-03-10 17:00:00,0.082633333
2021-03-10 18:00:00,0.083168056
2021-03-10 19:00:00,0.083690278
2021-03-10 20:00:00,0.084198611
2021-03-10 21:00:00,0.084661111
2021-03-10 22:00:00,0.085080556
2021-03-10 23:00:00,0.085473611
2021-03-11 00:00:00,0.085813889
2021-03-11 01:00:00,0.086119444
2021-03-11 02:00:00,0.086405556
2021-03-11 03:00:00,0.086684722
2021-03-11 04:00:00,0.086983333
2021-03-11 05:00:00,0.087293056
2021-03-11 06:00:00,0.087597222
2021-03-11 07:00:00,0.087926389
2021-03-11 08:00:00,0.088259722
2021-03-11 09:00:00,0.0885875
2021-03-11 10:00:00,0.088931944
2021-03-11 11:00:00,0.089283333
2021-03-11 12:00:00,0.089645833
2021-03-11 13:00:00,0.090027778
2021-03-11 14:00:00,0.090413889
2021-03-11 15:00:00,0.090788889
2021-03-11 16:00:00,0.091165278
2021-03-11 17:00:00,0.091541667
2021-03-11 18:00:00,0.0919
2021-03-11 19:00:00,0.092223611
2021-03-11 20:00:00,0.092526389
2021-03-11 21:00:00,0.092761111
2021-03-11 22:00:00,0.092958333
2021-03-11 23:00:00,0.093120833
2021-03-12 00:00:00,0.093256944
2021-03-12 01:00:00,0.093373611
2021-03-12 02:00:00,0.093488889
2021-03-12 03:00:00,0.093609722
2021-03-12 04:00:00,0.093765278
2021-03-12 05:00:00,0.093969444
2021-03-12 06:00:00,0.094230556
2021-03-12 07:00:00,0.094520833
2021-03-12 08:00:00,0.094844444
2021-03-12 09:00:00,0.095201389
2021-03-12 10:00:00,0.095586111
2021-03-12 11:00:00,0.096004167
2021-03-12 12:00:00,0.096436111
2021-03-12 13:00:00,0.096897222
2021-03-12 14:00:00,0.097390278
2021-03-12 15:00:00,0.097913889
2021-03-12 16:00:00,0.098456944
2021-03-12 17:00:00,0.0989875
2021-03-12 18:00:00,0.099511111
2021-03-12 19:00:00,0.099991667
2021-03-12 20:00:00,0.100413889
2021-03-12 21:00:00,0.100748611
2021-03-12 22:00:00,0.100970833
2021-03-12 23:00:00,0.101111111
2021-03-13 00:00:00,0.101184722
2021-03-13 01:00:00,0.101215278
2021-03-13 02:00:00,0.101209722
2021-03-13 03:00:00,0.101181944
2021-03-13 04:00:00,0.101155556
2021-03-13 05:00:00,0.101152778
2021-03-13 06:00:00,0.1012
2021-03-13 07:00:00,0.101325
2021-03-13 08:00:00,0.101498611
2021-03-13 09:00:00,0.101691667
2021-03-13 10:00:00,0.101927778
2021-03-13 11:00:00,0.102211111
2021-03-13 12:00:00,0.102538889
2021-03-13 13:00:00,0.102909722
2021-03-13 14:00:00,0.103340278
2021-03-13 15:00:00,0.103795833
2021-03-13 16:00:00,0.104284722
2021-03-13 17:00:00,0.104794444
2021-03-13 18:00:00,0.105333333
2021-03-13 19:00:00,0.10585
2021-03-13 20:00:00,0.106315278
2021-03-13 21:00:00,0.106713889
2021-03-13 22:00:00,0.107054167
2021-03-13 23:00:00,0.107283333
2021-03-14 00:00:00,0.107395833
2021-03-14 01:00:00,0.107415278
2021-03-14 02:00:00,0.107320833
2021-03-14 03:00:00,0.107151389
2021-03-14 04:00:00,0.106951389
2021-03-14 05:00:00,0.106736111
2021-03-14 06:00:00,0.106541667
2021-03-14 07:00:00,0.106411111
2021-03-14 08:00:00,0.106355556
2021-03-14 09:00:00,0.106352778
2021-03-14 10:00:00,0.106398611
2021-03-14 11:00:00,0.106531944
2021-03-14 12:00:00,0.106697222
2021-03-14 13:00:00,0.106902778
2021-03-14 14:00:00,0.107165278
2021-03-14 15:00:00,0.107463889
2021-03-14 16:00:00,0.107781944
2021-03-14 17:00:00,0.108102778
2021-03-14 18:00:00,0.108430556
2021-03-14 19:00:00,0.108733333
2021-03-14 20:00:00,0.109013889
2021-03-14 21:00:00,0.109233333
2021-03-14 22:00:00,0.109361111
2021-03-14 23:00:00,0.109402778
2021-03-15 00:00:00,0.109330556
2021-03-15 01:00:00,0.109179167
2021-03-15 02:00:00,0.108973611
2021-03-15 03:00:00,0.108706944
2021-03-15 04:00:00,0.108405556
2021-03-15 05:00:00,0.108083333
2021-03-15 06:00:00,0.107794444
2021-03-15 07:00:00,0.107556944
2021-03-15 08:00:00,0.107363889
2021-03-15 09:00:00,0.107272222
2021-03-15 10:00:00,0.107301389
2021-03-15 11:00:00,0.107345833
2021-03-15 12:00:00,0.107472222
2021-03-15 13:00:00,0.107722222
2021-03-15 14:00:00,0.108027778
2021-03-15 15:00:00,0.108380556
2021-03-15 16:00:00,0.108794444
2021-03-15 17:00:00,0.109259722
2021-03-15 18:00:00,0.109736111
2021-03-15 19:00:00,0.110231944
2021-03-15 20:00:00,0.1107125
2021-03-15 21:00:00,0.111115278
2021-03-15 22:00:00,0.111430556
2021-03-15 23:00:00,0.111679167
2021-03-16 00:00:00,0.111841667
2021-03-16 01:00:00,0.111905556
2021-03-16 02:00:00,0.111863889
2021-03-16 03:00:00,0.111740278
2021-03-16 04:00:00,0.111531944
2021-03-16 05:00:00,0.111273611
2021-03-16 06:00:00,0.110977778
2021-03-16 07:00:00,0.110669444
2021-03-16 08:00:00,0.110370833
2021-03-16 09:00:00,0.110119444
2021-03-16 10:00:00,0.1099375
2021-03-16 11:00:00,0.109836111
2021-03-16 12:00:00,0.109819444
2021-03-16 13:00:00,0.109904167
2021-03-16 14:00:00,0.110073611
2021-03-16 15:00:00,0.110315278
2021-03-16 16:00:00,0.110611111
2021-03-16 17:00:00,0.110934722
2021-03-16 18:00:00,0.111266667
2021-03-16 19:00:00,0.111619444
2021-03-16 20:00:00,0.1119375
2021-03-16 21:00:00,0.1121625
2021-03-16 22:00:00,0.112370833
2021-03-16 23:00:00,0.112570833
2021-03-17 00:00:00,0.112719444
2021-03-17 01:00:00,0.112880556
2021-03-17 02:00:00,0.113020833
2021-03-17 03:00:00,0.113083333
2021-03-17 04:00:00,0.113091667
2021-03-17 05:00:00,0.112968056
2021-03-17 06:00:00,0.112727778
2021-03-17 07:00:00,0.112351389
2021-03-17 08:00:00,0.111926389
2021-03-17 09:00:00,0.1114875
2021-03-17 10:00:00,0.111029167
2021-03-17 11:00:00,0.110577778
2021-03-17 12:00:00,0.110165278
2021-03-17 13:00:00,0.1097625
2021-03-17 14:00:00,0.109433333
2021-03-17 15:00:00,0.109175
2021-03-17 16:00:00,0.109019444
2021-03-17 17:00:00,0.108968056
2021-03-17 18:00:00,0.108965278
2021-03-17 19:00:00,0.109011111
2021-03-17 20:00:00,0.109034722
2021-03-17 21:00:00,0.109009722
2021-03-17 22:00:00,0.108916667
2021-03-17 23:00:00,0.108765278
2021-03-18 00:00:00,0.1084875
2021-03-18 01:00:00,0.108205556
2021-03-18 02:00:00,0.107858333
2021-03-18 03:00:00,0.107425
2021-03-18 04:00:00,0.106951389
2021-03-18 05:00:00,0.1064625
2021-03-18 06:00:00,0.105977778
2021-03-18 07:00:00,0.105440278
2021-03-18 08:00:00,0.104920833
2021-03-18 09:00:00,0.1044
2021-03-18 10:00:00,0.103879167
2021-03-18 11:00:00,0.103397222
2021-03-18 12:00:00,0.102934722
2021-03-18 13:00:00,0.102495833
2021-03-18 14:00:00,0.102154167
2021-03-18 15:00:00,0.101888889
2021-03-18 16:00:00,0.101666667
2021-03-18 17:00:00,0.1014625
2021-03-18 18:00:00,0.101319444
2021-03-18 19:00:00,0.101238889
2021-03-18 20:00:00,0.101184722
2021-03-18 21:00:00,0.101145833
2021-03-18 22:00:00,0.101138889
2021-03-18 23:00:00,0.101156944
2021-03-19 00:00:00,0.101152778
2021-03-19 01:00:00,0.101123611
2021-03-19 02:00:00,0.101068056
2021-03-19 03:00:00,0.1009875
2021-03-19 04:00:00,0.100886111
2021-03-19 05:00:00,0.100741667
2021-03-19 06:00:00,0.100552778
2021-03-19 07:00:00,0.100330556
2021-03-19 08:00:00,0.100066667
2021-03-19 09:00:00,0.099755556
2021-03-19 10:00:00,0.099463889
2021-03-19 11:00:00,0.0992
2021-03-19 12:00:00,0.098961111
2021-03-19 13:00:00,0.098740278
2021-03-19 14:00:00,0.098561111
2021-03-19 15:00:00,0.0984
2021-03-19 16:00:00,0.098266667
2021-03-19 17:00:00,0.098169444
2021-03-19 18:00:00,0.098095833
2021-03-19 19:00:00,0.098030556
2021-03-19 20:00:00,0.097983333
2021-03-19 21:00:00,0.097945833
2021-03-19 22:00:00,0.097918056
2021-03-19 23:00:00,0.097930556
2021-03-20 00:00:00,0.097959722
2021-03-20 01:00:00,0.097990278
2021-03-20 02:00:00,0.098034722
2021-03-20 03:00:00,0.098070833
2021-03-20 04:00:00,0.098109722
2021-03-20 05:00:00,0.098173611
2021-03-20 06:00:00,0.098219444
2021-03-20 07:00:00,0.098263889
2021-03-20 08:00:00,0.098306944
2021-03-20 09:00:00,0.098340278
2021-03-20 10:00:00,0.098369444
2021-03-20 11:00:00,0.098405556
2021-03-20 12:00:00,0.098454167
2021-03-20 13:00:00,0.098495833
2021-03-20 14:00:00,0.098541667
2021-03-20 15:00:00,0.098583333
2021-03-20 16:00:00,0.098633333
2021-03-20 17:00:00,0.098708333
2021-03-20 18:00:00,0.098768056
2021-03-20 19:00:00,0.098811111
2021-03-20 20:00:00,0.098869444
2021-03-20 21:00:00,0.098919444
2021-03-20 22:00:00,0.098969444
2021-03-20 23:00:00,0.099023611
2021-03-21 00:00:00,0.099108333
2021-03-21 01:00:00,0.099204167
2021-03-21 02:00:00,0.099315278
2021-03-21 03:00:00,0.099430556
2021-03-21 04:00:00,0.099543056
2021-03-21 05:00:00,0.099654167
2021-03-21 06:00:00,0.099769444
2021-03-21 07:00:00,0.099866667
2021-03-21 08:00:00,0.099972222
2021-03-21 09:00:00,0.100043056
2021-03-21 10:00:00,0.100125
2021-03-21 11:00:00,0.100204167
2021-03-21 12:00:00,0.100275
2021-03-21 13:00:00,0.100319444
2021-03-21 14:00:00,0.100369444
2021-03-21 15:00:00,0.100433333
2021-03-21 16:00:00,0.1004625
2021-03-21 17:00:00,0.100511111
2021-03-21 18:00:00,0.100548611
2021-03-21 19:00:00,0.100568056
2021-03-21 20:00:00,0.100593056
2021-03-21 21:00:00,0.100595833
2021-03-21 22:00:00,0.100608333
2021-03-21 23:00:00,0.1006375
2021-03-22 00:00:00,0.100681944
2021-03-22 01:00:00,0.100744444
2021-03-22 02:00:00,0.100855556
2021-03-22 03:00:00,0.100993056
2021-03-22 04:00:00,0.10115
2021-03-22 05:00:00,0.101316667
2021-03-22 06:00:00,0.101505556
2021-03-22 07:00:00,0.101706944
2021-03-22 08:00:00,0.101902778
2021-03-22 09:00:00,0.102097222
2021-03-22 10:00:00,0.102309722
2021-03-22 11:00:00,0.102520833
2021-03-22 12:00:00,0.102698611
2021-03-22 13:00:00,0.102858333
2021-03-22 14:00:00,0.102990278
2021-03-22 15:00:00,0.103116667
2021-03-22 16:00:00,0.103225
2021-03-22 17:00:00,0.103343056
2021-03-22 18:00:00,0.103477778
2021-03-22 19:00:00,0.103629167
2021-03-22 20:00:00,0.103754167
2021-03-22 21:00:00,0.103870833
2021-03-22 22:00:00,0.103980556
2021-03-22 23:00:00,0.104118056
2021-03-23 00:00:00,0.104254167
2021-03-23 01:00:00,0.104420833
2021-03-23 02:00:00,0.104625
2021-03-23 03:00:00,0.104868056
2021-03-23 04:00:00,0.105133333
2021-03-23 05:00:00,0.105438889
2021-03-23 06:00:00,0.105768056
2021-03-23 07:00:00,0.106118056
2021-03-23 08:00:00,0.106484722
2021-03-23 09:00:00,0.106866667
2021-03-23 10:00:00,0.107265278
2021-03-23 11:00:00,0.107675
2021-03-23 12:00:00,0.108105556
2021-03-23 13:00:00,0.1085375
2021-03-23 14:00:00,0.108956944
2021-03-23 15:00:00,0.109386111
2021-03-23 16:00:00,0.109804167
2021-03-23 17:00:00,0.110191667
2021-03-23 18:00:00,0.110583333
2021-03-23 19:00:00,0.1109375
2021-03-23 20:00:00,0.111270833
2021-03-23 21:00:00,0.111570833
2021-03-23 22:00:00,0.111845833
2021-03-23 23:00:00,0.112113889
2021-03-24 00:00:00,0.112373611
2021-03-24 01:00:00,0.112634722
2021-03-24 02:00:00,0.112902778
2021-03-24 03:00:00,0.113193056
2021-03-24 04:00:00,0.113519444
2021-03-24 05:00:00,0.113876389
2021-03-24 06:00:00,0.114280556
2021-03-24 07:00:00,0.114709722
2021-03-24 08:00:00,0.115158333
2021-03-24 09:00:00,0.115644444
2021-03-24 10:00:00,0.116161111
2021-03-24 11:00:00,0.116672222
2021-03-24 12:00:00,0.117230556
2021-03-24 13:00:00,0.117838889
2021-03-24 14:00:00,0.118441667
2021-03-24 15:00:00,0.119052778
2021-03-24 16:00:00,0.119729167
2021-03-24 17:00:00,0.120272222
2021-03-24 18:00:00,0.120898611
2021-03-24 19:00:00,0.121493056
2021-03-24 20:00:00,0.121991667
2021-03-24 21:00:00,0.122441667
2021-03-24 22:00:00,0.12285
2021-03-24 23:00:00,0.123190278
2021-03-25 00:00:00,0.1234875
2021-03-25 01:00:00,0.123736111
2021-03-25 02:00:00,0.123961111
2021-03-25 03:00:00,0.1241625
2021-03-25 04:00:00,0.124379167
2021-03-25 05:00:00,0.124623611
2021-03-25 06:00:00,0.124884722
2021-03-25 07:00:00,0.125191667
2021-03-25 08:00:00,0.125522222
2021-03-25 09:00:00,0.125873611
2021-03-25 10:00:00,0.126251389
2021-03-25 11:00:00,0.126661111
2021-03-25 12:00:00,0.1271
2021-03-25 13:00:00,0.127523611
2021-03-25 14:00:00,0.128038889
2021-03-25 15:00:00,0.128519444
2021-03-25 16:00:00,0.129019444
2021-03-25 17:00:00,0.129545833
2021-03-25 18:00:00,0.129986111
2021-03-25 19:00:00,0.130375
2021-03-25 20:00:00,0.1307375
2021-03-25 21:00:00,0.130990278
2021-03-25 22:00:00,0.131154167
2021-03-25 23:00:00,0.131316667
2021-03-26 00:00:00,0.131468056
2021-03-26 01:00:00,0.131583333
2021-03-26 02:00:00,0.131704167
2021-03-26 03:00:00,0.131847222
2021-03-26 04:00:00,0.131988889
2021-03-26 05:00:00,0.132136111
2021-03-26 06:00:00,0.132358333
2021-03-26 07:00:00,0.132630556
2021-03-26 08:00:00,0.132951389
2021-03-26 09:00:00,0.133301389
2021-03-26 10:00:00,0.133726389
2021-03-26 11:00:00,0.134179167
2021-03-26 12:00:00,0.134754167
2021-03-26 13:00:00,0.135381944
2021-03-26 14:00:00,0.135972222
2021-03-26 15:00:00,0.136523611
2021-03-26 16:00:00,0.137040278
2021-03-26 17:00:00,0.137551389
2021-03-26 18:00:00,0.138002778
2021-03-26 19:00:00,0.138376389
2021-03-26 20:00:00,0.138718056
2021-03-26 21:00:00,0.139073611
2021-03-26 22:00:00,0.139265278
2021-03-26 23:00:00,0.1394375
2021-03-27 00:00:00,0.139556944
2021-03-27 01:00:00,0.139572222
2021-03-27 02:00:00,0.139529167
2021-03-27 03:00:00,0.139519444
2021-03-27 04:00:00,0.139454167
2021-03-27 05:00:00,0.139369444
2021-03-27 06:00:00,0.139291667
2021-03-27 07:00:00,0.139259722
2021-03-27 08:00:00,0.139265278
2021-03-27 09:00:00,0.139295833
2021-03-27 10:00:00,0.139384722
2021-03-27 11:00:00,0.139518056
2021-03-27 12:00:00,0.139704167
2021-03-27 13:00:00,0.140001389
2021-03-27 14:00:00,0.140351389
2021-03-27 15:00:00,0.140780556
2021-03-27 16:00:00,0.141198611
2021-03-27 17:00:00,0.141658333
2021-03-27 18:00:00,0.1421375
2021-03-27 19:00:00,0.142540278
2021-03-27 20:00:00,0.142913889
2021-03-27 21:00:00,0.143236111
2021-03-27 22:00:00,0.143501389
2021-03-27 23:00:00,0.143701389
2021-03-28 00:00:00,0.143845833
2021-03-28 01:00:00,0.143961111
2021-03-28 02:00:00,0.1440375
2021-03-28 03:00:00,0.144081944
2021-03-28 04:00:00,0.144127778
2021-03-28 05:00:00,0.144179167
2021-03-28 06:00:00,0.144240278
2021-03-28 07:00:00,0.144345833
2021-03-28 08:00:00,0.144477778
2021-03-28 09:00:00,0.144654167
2021-03-28 10:00:00,0.144895833
2021-03-28 11:00:00,0.145190278
2021-03-28 12:00:00,0.1455125
2021-03-28 13:00:00,0.145880556
2021-03-28 14:00:00,0.146281944
2021-03-28 15:00:00,0.1467
2021-03-28 16:00:00,0.147123611
2021-03-28 17:00:00,0.147541667
2021-03-28 18:00:00,0.147926389
2021-03-28 19:00:00,0.148268056
2021-03-28 20:00:00,0.148545833
2021-03-28 21:00:00,0.148752778
2021-03-28 22:00:00,0.1489
2021-03-28 23:00:00,0.148981944
2021-03-29 00:00:00,0.148998611
2021-03-29 01:00:00,0.148970833
2021-03-29 02:00:00,0.148881944
2021-03-29 03:00:00,0.1487375
2021-03-29 04:00:00,0.148563889
2021-03-29 05:00:00,0.148356944
2021-03-29 06:00:00,0.148145833
2021-03-29 07:00:00,0.147955556
2021-03-29 08:00:00,0.147761111
2021-03-29 09:00:00,0.147630556
2021-03-29 10:00:00,0.1475625
2021-03-29 11:00:00,0.147531944
2021-03-29 12:00:00,0.147561111
2021-03-29 13:00:00,0.147666667
2021-03-29 14:00:00,0.147819444
2021-03-29 15:00:00,0.147998611
2021-03-29 16:00:00,0.148197222
2021-03-29 17:00:00,0.148386111
2021-03-29 18:00:00,0.148583333
2021-03-29 19:00:00,0.148754167
2021-03-29 20:00:00,0.148909722
2021-03-29 21:00:00,0.149029167
2021-03-29 22:00:00,0.149088889
2021-03-29 23:00:00,0.149118056
2021-03-30 00:00:00,0.149081944
2021-03-30 01:00:00,0.149044444
2021-03-30 02:00:00,0.148901389
2021-03-30 03:00:00,0.148806944
2021-03-30 04:00:00,0.148769444
2021-03-30 05:00:00,0.148659722
2021-03-30 06:00:00,0.148551389
2021-03-30 07:00:00,0.148402778
2021-03-30 08:00:00,0.148238889
2021-03-30 09:00:00,0.148104167
2021-03-30 10:00:00,0.148005556
2021-03-30 11:00:00,0.147944444
2021-03-30 12:00:00,0.147940278
2021-03-30 13:00:00,0.148023611
2021-03-30 14:00:00,0.148158333
2021-03-30 15:00:00,0.148348611
2021-03-30 16:00:00,0.148575
2021-03-30 17:00:00,0.148790278
2021-03-30 18:00:00,0.149016667
2021-03-30 19:00:00,0.149220833
2021-03-30 20:00:00,0.149313889
2021-03-30 21:00:00,0.149361111
2021-03-30 22:00:00,0.149445833
2021-03-30 23:00:00,0.149481944
2021-03-31 00:00:00,0.149466667
2021-03-31 01:00:00,0.149375
2021-03-31 02:00:00,0.149225
2021-03-31 03:00:00,0.148891667
2021-03-31 04:00:00,0.148775
2021-03-31 05:00:00,0.148743056
2021-03-31 06:00:00,0.148580556
2021-03-31 07:00:00,0.148423611
2021-03-31 08:00:00,0.148275
2021-03-31 09:00:00,0.148101389
2021-03-31 10:00:00,0.147825
2021-03-31 11:00:00,0.147629167
2021-03-31 12:00:00,0.147495833
2021-03-31 13:00:00,0.147361111
2021-03-31 14:00:00,0.147325
2021-03-31 15:00:00,0.147365278
2021-03-31 16:00:00,0.1474375
2021-03-31 17:00:00,0.147526389
2021-03-31 18:00:00,0.147666667
2021-03-31 19:00:00,0.147909722
2021-03-31 20:00:00,0.14805
2021-03-31 21:00:00,0.148193056
2021-03-31 22:00:00,0.148340278
2021-03-31 23:00:00,0.148494444
2022-03-01 00:00:00,0.044340278
2022-03-01 01:00:00,0.044654167
2022-03-01 02:00:00,0.044938889
2022-03-01 03:00:00,0.045201389
2022-03-01 04:00:00,0.045473611
2022-03-01 05:00:00,0.045726389
2022-03-01 06:00:00,0.045991667
2022-03-01 07:00:00,0.046286111
2022-03-01 08:00:00,0.046601389
2022-03-01 09:00:00,0.0469375
2022-03-01 10:00:00,0.047290278
2022-03-01 11:00:00,0.047673611
2022-03-01 12:00:00,0.048068056
2022-03-01 13:00:00,0.048491667
2022-03-01 14:00:00,0.048951389
2022-03-01 15:00:00,0.049434722
2022-03-01 16:00:00,0.049958333
2022-03-01 17:00:00,0.050470833
2022-03-01 18:00:00,0.050994444
2022-03-01 19:00:00,0.051508333
2022-03-01 20:00:00,0.051990278
2022-03-01 21:00:00,0.052431944
2022-03-01 22:00:00,0.052848611
2022-03-01 23:00:00,0.053202778
2022-03-02 00:00:00,0.053481944
2022-03-02 01:00:00,0.053727778
2022-03-02 02:00:00,0.053981944
2022-03-02 03:00:00,0.054194444
2022-03-02 04:00:00,0.054395833
2022-03-02 05:00:00,0.054581944
2022-03-02 06:00:00,0.054769444
2022-03-02 07:00:00,0.054979167
2022-03-02 08:00:00,0.0551875
2022-03-02 09:00:00,0.055402778
2022-03-02 10:00:00,0.055644444
2022-03-02 11:00:00,0.055897222
2022-03-02 12:00:00,0.056176389
2022-03-02 13:00:00,0.0565
2022-03-02 14:00:00,0.05685
2022-03-02 15:00:00,0.057213889
2022-03-02 16:00:00,0.057611111
2022-03-02 17:00:00,0.058020833
2022-03-02 18:00:00,0.058429167
2022-03-02 19:00:00,0.058809722
2022-03-02 20:00:00,0.059158333
2022-03-02 21:00:00,0.059445833
2022-03-02 22:00:00,0.059711111
2022-03-02 23:00:00,0.059890278
2022-03-03 00:00:00,0.060009722
2022-03-03 01:00:00,0.060098611
2022-03-03 02:00:00,0.060122222
2022-03-03 03:00:00,0.0601375
2022-03-03 04:00:00,0.060140278
2022-03-03 05:00:00,0.060127778
2022-03-03 06:00:00,0.060093056
2022-03-03 07:00:00,0.060075
2022-03-03 08:00:00,0.060101389
2022-03-03 09:00:00,0.060134722
2022-03-03 10:00:00,0.0601875
2022-03-03 11:00:00,0.060272222
2022-03-03 12:00:00,0.0603875
2022-03-03 13:00:00,0.060536111
2022-03-03 14:00:00,0.060741667
2022-03-03 15:00:00,0.060955556
2022-03-03 16:00:00,0.061202778
2022-03-03 17:00:00,0.061472222
2022-03-03 18:00:00,0.061775
2022-03-03 19:00:00,0.062147222
2022-03-03 20:00:00,0.062394444
2022-03-03 21:00:00,0.062638889
2022-03-03 22:00:00,0.062856944
2022-03-03 23:00:00,0.062998611
2022-03-04 00:00:00,0.063031944
2022-03-04 01:00:00,0.062980556
2022-03-04 02:00:00,0.062848611
2022-03-04 03:00:00,0.062651389
2022-03-04 04:00:00,0.062448611
2022-03-04 05:00:00,0.062231944
2022-03-04 06:00:00,0.062008333
2022-03-04 07:00:00,0.061822222
2022-03-04 08:00:00,0.061661111
2022-03-04 09:00:00,0.061523611
2022-03-04 10:00:00,0.061411111
2022-03-04 11:00:00,0.061311111
2022-03-04 12:00:00,0.061227778
2022-03-04 13:00:00,0.061181944
2022-03-04 14:00:00,0.0611375
2022-03-04 15:00:00,0.061088889
2022-03-04 16:00:00,0.061065278
2022-03-04 17:00:00,0.061043056
2022-03-04 18:00:00,0.061025
2022-03-04 19:00:00,0.060986111
2022-03-04 20:00:00,0.060916667
2022-03-04 21:00:00,0.060793056
2022-03-04 22:00:00,0.060583333
2022-03-04 23:00:00,0.060279167
2022-03-05 00:00:00,0.059920833
2022-03-05 01:00:00,0.059441667
2022-03-05 02:00:00,0.058918056
2022-03-05 03:00:00,0.0583375
2022-03-05 04:00:00,0.057725
2022-03-05 05:00:00,0.057091667
2022-03-05 06:00:00,0.0564375
2022-03-05 07:00:00,0.055822222
2022-03-05 08:00:00,0.055245833
2022-03-05 09:00:00,0.0547
2022-03-05 10:00:00,0.054222222
2022-03-05 11:00:00,0.053780556
2022-03-05 12:00:00,0.053431944
2022-03-05 13:00:00,0.053176389
2022-03-05 14:00:00,0.052981944
2022-03-05 15:00:00,0.0528375
2022-03-05 16:00:00,0.052802778
2022-03-05 17:00:00,0.052829167
2022-03-05 18:00:00,0.052934722
2022-03-05 19:00:00,0.053079167
2022-03-05 20:00:00,0.053216667
2022-03-05 21:00:00,0.053316667
2022-03-05 22:00:00,0.053340278
2022-03-05 23:00:00,0.053277778
2022-03-06 00:00:00,0.053155556
2022-03-06 01:00:00,0.052933333
2022-03-06 02:00:00,0.052640278
2022-03-06 03:00:00,0.052277778
2022-03-06 04:00:00,0.051856944
2022-03-06 05:00:00,0.051376389
2022-03-06 06:00:00,0.050906944
2022-03-06 07:00:00,0.050441667
2022-03-06 08:00:00,0.049997222
2022-03-06 09:00:00,0.0495875
2022-03-06 10:00:00,0.049256944
2022-03-06 11:00:00,0.049029167
2022-03-06 12:00:00,0.048893056
2022-03-06 13:00:00,0.048841667
2022-03-06 14:00:00,0.048883333
2022-03-06 15:00:00,0.049008333
2022-03-06 16:00:00,0.049206944
2022-03-06 17:00:00,0.049451389
2022-03-06 18:00:00,0.049751389
2022-03-06 19:00:00,0.050083333
2022-03-06 20:00:00,0.050418056
2022-03-06 21:00:00,0.050725
2022-03-06 22:00:00,0.050975
2022-03-06 23:00:00,0.051191667
2022-03-07 00:00:00,0.051398611
2022-03-07 01:00:00,0.051561111
2022-03-07 02:00:00,0.051705556
2022-03-07 03:00:00,0.051786111
2022-03-07 04:00:00,0.051823611
2022-03-07 05:00:00,0.051827778
2022-03-07 06:00:00,0.051838889
2022-03-07 07:00:00,0.051863889
2022-03-07 08:00:00,0.051901389
2022-03-07 09:00:00,0.051990278
2022-03-07 10:00:00,0.052138889
2022-03-07 11:00:00,0.052354167
2022-03-07 12:00:00,0.052655556
2022-03-07 13:00:00,0.053029167
2022-03-07 14:00:00,0.053447222
2022-03-07 15:00:00,0.053945833
2022-03-07 16:00:00,0.054480556
2022-03-07 17:00:00,0.055063889
2022-03-07 18:00:00,0.055661111
2022-03-07 19:00:00,0.056234722
2022-03-07 20:00:00,0.056802778
2022-03-07 21:00:00,0.057354167
2022-03-07 22:00:00,0.057863889
2022-03-07 23:00:00,0.058376389
2022-03-08 00:00:00,0.058836111
2022-03-08 01:00:00,0.059276389
2022-03-08 02:00:00,0.059670833
2022-03-08 03:00:00,0.060019444
2022-03-08 04:00:00,0.060330556
2022-03-08 05:00:00,0.0606375
2022-03-08 06:00:00,0.060920833
2022-03-08 07:00:00,0.061194444
2022-03-08 08:00:00,0.061530556
2022-03-08 09:00:00,0.061809722
2022-03-08 10:00:00,0.062119444
2022-03-08 11:00:00,0.062522222
2022-03-08 12:00:00,0.062959722
2022-03-08 13:00:00,0.063465278
2022-03-08 14:00:00,0.064006944
2022-03-08 15:00:00,0.064563889
2022-03-08 16:00:00,0.06515
2022-03-08 17:00:00,0.065766667
2022-03-08 18:00:00,0.066375
2022-03-08 19:00:00,0.066991667
2022-03-08 20:00:00,0.067563889
2022-03-08 21:00:00,0.068141667
2022-03-08 22:00:00,0.068675
2022-03-08 23:00:00,0.069159722
2022-03-09 00:00:00,0.069658333
2022-03-09 01:00:00,0.070119444
2022-03-09 02:00:00,0.070519444
2022-03-09 03:00:00,0.070879167
2022-03-09 04:00:00,0.071186111
2022-03-09 05:00:00,0.071433333
2022-03-09 06:00:00,0.071618056
2022-03-09 07:00:00,0.071736111
2022-03-09 08:00:00,0.071805556
2022-03-09 09:00:00,0.071823611
2022-03-09 10:00:00,0.0717875
2022-03-09 11:00:00,0.071705556
2022-03-09 12:00:00,0.071629167
2022-03-09 13:00:00,0.071559722
2022-03-09 14:00:00,0.071531944
2022-03-09 15:00:00,0.071563889
2022-03-09 16:00:00,0.071627778
2022-03-09 17:00:00,0.071716667
2022-03-09 18:00:00,0.071855556
2022-03-09 19:00:00,0.072041667
2022-03-09 20:00:00,0.072308333
2022-03-09 21:00:00,0.072568056
2022-03-09 22:00:00,0.072834722
2022-03-09 23:00:00,0.073111111
2022-03-10 00:00:00,0.073415278
2022-03-10 01:00:00,0.0737125
2022-03-10 02:00:00,0.073993056
2022-03-10 03:00:00,0.074295833
2022-03-10 04:00:00,0.074566667
2022-03-10 05:00:00,0.074770833
2022-03-10 06:00:00,0.074959722
2022-03-10 07:00:00,0.075101389
2022-03-10 08:00:00,0.075205556
2022-03-10 09:00:00,0.075256944
2022-03-10 10:00:00,0.075243056
2022-03-10 11:00:00,0.075166667
2022-03-10 12:00:00,0.075020833
2022-03-10 13:00:00,0.074843056
2022-03-10 14:00:00,0.074681944
2022-03-10 15:00:00,0.074509722
2022-03-10 16:00:00,0.074348611
2022-03-10 17:00:00,0.074202778
2022-03-10 18:00:00,0.074080556
2022-03-10 19:00:00,0.073980556
2022-03-10 20:00:00,0.073906944
2022-03-10 21:00:00,0.073863889
2022-03-10 22:00:00,0.073829167
2022-03-10 23:00:00,0.073802778
2022-03-11 00:00:00,0.073780556
2022-03-11 01:00:00,0.0737625
2022-03-11 02:00:00,0.073772222
2022-03-11 03:00:00,0.073784722
2022-03-11 04:00:00,0.073798611
2022-03-11 05:00:00,0.073802778
2022-03-11 06:00:00,0.073784722
2022-03-11 07:00:00,0.073743056
2022-03-11 08:00:00,0.073675
2022-03-11 09:00:00,0.073586111
2022-03-11 10:00:00,0.073475
2022-03-11 11:00:00,0.073333333
2022-03-11 12:00:00,0.073158333
2022-03-11 13:00:00,0.072979167
2022-03-11 14:00:00,0.072795833
2022-03-11 15:00:00,0.072593056
2022-03-11 16:00:00,0.072390278
2022-03-11 17:00:00,0.072205556
2022-03-11 18:00:00,0.072011111
2022-03-11 19:00:00,0.071808333
2022-03-11 20:00:00,0.071641667
2022-03-11 21:00:00,0.071475
2022-03-11 22:00:00,0.0713
2022-03-11 23:00:00,0.071147222
2022-03-12 00:00:00,0.071023611
2022-03-12 01:00:00,0.070901389
2022-03-12 02:00:00,0.070769444
2022-03-12 03:00:00,0.070666667
2022-03-12 04:00:00,0.070566667
2022-03-12 05:00:00,0.070463889
2022-03-12 06:00:00,0.070379167
2022-03-12 07:00:00,0.070306944
2022-03-12 08:00:00,0.070230556
2022-03-12 09:00:00,0.070138889
2022-03-12 10:00:00,0.070036111
2022-03-12 11:00:00,0.069919444
2022-03-12 12:00:00,0.0698
2022-03-12 13:00:00,0.069688889
2022-03-12 14:00:00,0.069547222
2022-03-12 15:00:00,0.069402778
2022-03-12 16:00:00,0.069251389
2022-03-12 17:00:00,0.069111111
2022-03-12 18:00:00,0.068915278
2022-03-12 19:00:00,0.068754167
2022-03-12 20:00:00,0.068601389
2022-03-12 21:00:00,0.0684625
2022-03-12 22:00:00,0.068333333
2022-03-12 23:00:00,0.068225
2022-03-13 00:00:00,0.06815
2022-03-13 01:00:00,0.068102778
2022-03-13 02:00:00,0.068118056
2022-03-13 03:00:00,0.068176389
2022-03-13 04:00:00,0.068261111
2022-03-13 05:00:00,0.068373611
2022-03-13 06:00:00,0.068511111
2022-03-13 07:00:00,0.068641667
2022-03-13 08:00:00,0.0688
2022-03-13 09:00:00,0.068975
2022-03-13 10:00:00,0.069165278
2022-03-13 11:00:00,0.069352778
2022-03-13 12:00:00,0.069529167
2022-03-13 13:00:00,0.069705556
2022-03-13 14:00:00,0.069859722
2022-03-13 15:00:00,0.069991667
2022-03-13 16:00:00,0.070118056
2022-03-13 17:00:00,0.070229167
2022-03-13 18:00:00,0.070327778
2022-03-13 19:00:00,0.070416667
2022-03-13 20:00:00,0.070480556
2022-03-13 21:00:00,0.070522222
2022-03-13 22:00:00,0.070559722
2022-03-13 23:00:00,0.070591667
2022-03-14 00:00:00,0.070608333
2022-03-14 01:00:00,0.070623611
2022-03-14 02:00:00,0.070638889
2022-03-14 03:00:00,0.07065
2022-03-14 04:00:00,0.0706625
2022-03-14 05:00:00,0.070701389
2022-03-14 06:00:00,0.070772222
2022-03-14 07:00:00,0.07085
2022-03-14 08:00:00,0.070947222
2022-03-14 09:00:00,0.071070833
2022-03-14 10:00:00,0.071197222
2022-03-14 11:00:00,0.071331944
2022-03-14 12:00:00,0.071486111
2022-03-14 13:00:00,0.071655556
2022-03-14 14:00:00,0.071805556
2022-03-14 15:00:00,0.071938889
2022-03-14 16:00:00,0.0720625
2022-03-14 17:00:00,0.072165278
2022-03-14 18:00:00,0.072231944
2022-03-14 19:00:00,0.072279167
2022-03-14 20:00:00,0.0723
2022-03-14 21:00:00,0.072288889
2022-03-14 22:00:00,0.072243056
2022-03-14 23:00:00,0.072201389
2022-03-15 00:00:00,0.072158333
2022-03-15 01:00:00,0.072088889
2022-03-15 02:00:00,0.072030556
2022-03-15 03:00:00,0.071990278
2022-03-15 04:00:00,0.071993056
2022-03-15 05:00:00,0.072073611
2022-03-15 06:00:00,0.072219444
2022-03-15 07:00:00,0.072408333
2022-03-15 08:00:00,0.072647222
2022-03-15 09:00:00,0.072938889
2022-03-15 10:00:00,0.073301389
2022-03-15 11:00:00,0.073716667
2022-03-15 12:00:00,0.074181944
2022-03-15 13:00:00,0.074722222
2022-03-15 14:00:00,0.0753
2022-03-15 15:00:00,0.075916667
2022-03-15 16:00:00,0.076556944
2022-03-15 17:00:00,0.077213889
2022-03-15 18:00:00,0.077865278
2022-03-15 19:00:00,0.078473611
2022-03-15 20:00:00,0.07905
2022-03-15 21:00:00,0.07955
2022-03-15 22:00:00,0.079997222
2022-03-15 23:00:00,0.080375
2022-03-16 00:00:00,0.080725
2022-03-16 01:00:00,0.081070833
2022-03-16 02:00:00,0.0814
2022-03-16 03:00:00,0.081716667
2022-03-16 04:00:00,0.082066667
2022-03-16 05:00:00,0.082419444
2022-03-16 06:00:00,0.082833333
2022-03-16 07:00:00,0.083338889
2022-03-16 08:00:00,0.083948611
2022-03-16 09:00:00,0.084536111
2022-03-16 10:00:00,0.085266667
2022-03-16 11:00:00,0.086075
2022-03-16 12:00:00,0.086854167
2022-03-16 13:00:00,0.087644444
2022-03-16 14:00:00,0.088470833
2022-03-16 15:00:00,0.089322222
2022-03-16 16:00:00,0.090115278
2022-03-16 17:00:00,0.090902778
2022-03-16 18:00:00,0.0917
2022-03-16 19:00:00,0.092413889
2022-03-16 20:00:00,0.093063889
2022-03-16 21:00:00,0.093658333
2022-03-16 22:00:00,0.094165278
2022-03-16 23:00:00,0.094611111
2022-03-17 00:00:00,0.095001389
2022-03-17 01:00:00,0.095319444
2022-03-17 02:00:00,0.095583333
2022-03-17 03:00:00,0.095801389
2022-03-17 04:00:00,0.095995833
2022-03-17 05:00:00,0.096177778
2022-03-17 06:00:00,0.096375
2022-03-17 07:00:00,0.096611111
2022-03-17 08:00:00,0.096872222
2022-03-17 09:00:00,0.097166667
2022-03-17 10:00:00,0.097498611
2022-03-17 11:00:00,0.097870833
2022-03-17 12:00:00,0.098290278
2022-03-17 13:00:00,0.098756944
2022-03-17 14:00:00,0.099290278
2022-03-17 15:00:00,0.099901389
2022-03-17 16:00:00,0.100540278
2022-03-17 17:00:00,0.1012
2022-03-17 18:00:00,0.101819444
2022-03-17 19:00:00,0.102423611
2022-03-17 20:00:00,0.102973611
2022-03-17 21:00:00,0.103427778
2022-03-17 22:00:00,0.103784722
2022-03-17 23:00:00,0.104043056
2022-03-18 00:00:00,0.104215278
2022-03-18 01:00:00,0.1043
2022-03-18 02:00:00,0.104327778
2022-03-18 03:00:00,0.104315278
2022-03-18 04:00:00,0.104259722
2022-03-18 05:00:00,0.104191667
2022-03-18 06:00:00,0.104141667
2022-03-18 07:00:00,0.104115278
2022-03-18 08:00:00,0.104144444
2022-03-18 09:00:00,0.104233333
2022-03-18 10:00:00,0.104375
2022-03-18 11:00:00,0.104584722
2022-03-18 12:00:00,0.104873611
2022-03-18 13:00:00,0.105280556
2022-03-18 14:00:00,0.105756944
2022-03-18 15:00:00,0.106280556
2022-03-18 16:00:00,0.106851389
2022-03-18 17:00:00,0.1075125
2022-03-18 18:00:00,0.108106944
2022-03-18 19:00:00,0.108694444
2022-03-18 20:00:00,0.109251389
2022-03-18 21:00:00,0.109672222
2022-03-18 22:00:00,0.110051389
2022-03-18 23:00:00,0.110358333
2022-03-19 00:00:00,0.110591667
2022-03-19 01:00:00,0.110718056
2022-03-19 02:00:00,0.110769444
2022-03-19 03:00:00,0.11075
2022-03-19 04:00:00,0.1106875
2022-03-19 05:00:00,0.110594444
2022-03-19 06:00:00,0.110475
2022-03-19 07:00:00,0.110354167
2022-03-19 08:00:00,0.1102875
2022-03-19 09:00:00,0.110269444
2022-03-19 10:00:00,0.110323611
2022-03-19 11:00:00,0.1104625
2022-03-19 12:00:00,0.110675
2022-03-19 13:00:00,0.110963889
2022-03-19 14:00:00,0.111313889
2022-03-19 15:00:00,0.111719444
2022-03-19 16:00:00,0.112143056
2022-03-19 17:00:00,0.112570833
2022-03-19 18:00:00,0.112995833
2022-03-19 19:00:00,0.113390278
2022-03-19 20:00:00,0.113758333
2022-03-19 21:00:00,0.114084722
2022-03-19 22:00:00,0.114365278
2022-03-19 23:00:00,0.114576389
2022-03-20 00:00:00,0.114731944
2022-03-20 01:00:00,0.114845833
2022-03-20 02:00:00,0.114879167
2022-03-20 03:00:00,0.114861111
2022-03-20 04:00:00,0.114795833
2022-03-20 05:00:00,0.114679167
2022-03-20 06:00:00,0.114543056
2022-03-20 07:00:00,0.114384722
2022-03-20 08:00:00,0.114234722
2022-03-20 09:00:00,0.114133333
2022-03-20 10:00:00,0.114088889
2022-03-20 11:00:00,0.114118056
2022-03-20 12:00:00,0.114193056
2022-03-20 13:00:00,0.114355556
2022-03-20 14:00:00,0.114586111
2022-03-20 15:00:00,0.114868056
2022-03-20 16:00:00,0.115176389
2022-03-20 17:00:00,0.115505556
2022-03-20 18:00:00,0.115833333
2022-03-20 19:00:00,0.116133333
2022-03-20 20:00:00,0.116406944
2022-03-20 21:00:00,0.116631944
2022-03-20 22:00:00,0.116816667
2022-03-20 23:00:00,0.116963889
2022-03-21 00:00:00,0.117090278
2022-03-21 01:00:00,0.117170833
2022-03-21 02:00:00,0.117197222
2022-03-21 03:00:00,0.117176389
2022-03-21 04:00:00,0.117118056
2022-03-21 05:00:00,0.117019444
2022-03-21 06:00:00,0.116890278
2022-03-21 07:00:00,0.116738889
2022-03-21 08:00:00,0.116595833
2022-03-21 09:00:00,0.116466667
2022-03-21 10:00:00,0.116369444
2022-03-21 11:00:00,0.116341667
2022-03-21 12:00:00,0.116370833
2022-03-21 13:00:00,0.116477778
2022-03-21 14:00:00,0.116661111
2022-03-21 15:00:00,0.116884722
2022-03-21 16:00:00,0.117129167
2022-03-21 17:00:00,0.117415278
2022-03-21 18:00:00,0.117725
2022-03-21 19:00:00,0.118045833
2022-03-21 20:00:00,0.118394444
2022-03-21 21:00:00,0.1187
2022-03-21 22:00:00,0.118993056
2022-03-21 23:00:00,0.119256944
2022-03-22 00:00:00,0.119508333
2022-03-22 01:00:00,0.1197375
2022-03-22 02:00:00,0.1199375
2022-03-22 03:00:00,0.120113889
2022-03-22 04:00:00,0.120248611
2022-03-22 05:00:00,0.120344444
2022-03-22 06:00:00,0.1204125
2022-03-22 07:00:00,0.120452778
2022-03-22 08:00:00,0.120466667
2022-03-22 09:00:00,0.120490278
2022-03-22 10:00:00,0.120518056
2022-03-22 11:00:00,0.120569444
2022-03-22 12:00:00,0.120645833
2022-03-22 13:00:00,0.120754167
2022-03-22 14:00:00,0.120902778
2022-03-22 15:00:00,0.1210625
2022-03-22 16:00:00,0.121266667
2022-03-22 17:00:00,0.121473611
2022-03-22 18:00:00,0.1216875
2022-03-22 19:00:00,0.121926389
2022-03-22 20:00:00,0.122152778
2022-03-22 21:00:00,0.122369444
2022-03-22 22:00:00,0.122554167
2022-03-22 23:00:00,0.122720833
2022-03-23 00:00:00,0.122898611
2022-03-23 01:00:00,0.123044444
2022-03-23 02:00:00,0.123195833
2022-03-23 03:00:00,0.123326389
2022-03-23 04:00:00,0.123445833
2022-03-23 05:00:00,0.123527778
2022-03-23 06:00:00,0.123611111
2022-03-23 07:00:00,0.123675
2022-03-23 08:00:00,0.123752778
2022-03-23 09:00:00,0.123847222
2022-03-23 10:00:00,0.123840278
2022-03-23 11:00:00,0.123808333
2022-03-23 12:00:00,0.123793056
2022-03-23 13:00:00,0.123775
2022-03-23 14:00:00,0.123777778
2022-03-23 15:00:00,0.123790278
2022-03-23 16:00:00,0.123845833
2022-03-23 17:00:00,0.123908333
2022-03-23 18:00:00,0.124001389
2022-03-23 19:00:00,0.124086111
2022-03-23 20:00:00,0.124170833
2022-03-23 21:00:00,0.124219444
2022-03-23 22:00:00,0.124244444
2022-03-23 23:00:00,0.124248611
2022-03-24 00:00:00,0.124226389
2022-03-24 01:00:00,0.124158333
2022-03-24 02:00:00,0.124061111
2022-03-24 03:00:00,0.123931944
2022-03-24 04:00:00,0.12375
2022-03-24 05:00:00,0.123540278
2022-03-24 06:00:00,0.123318056
2022-03-24 07:00:00,0.123108333
2022-03-24 08:00:00,0.122852778
2022-03-24 09:00:00,0.122547222
2022-03-24 10:00:00,0.122231944
2022-03-24 11:00:00,0.121951389
2022-03-24 12:00:00,0.121626389
2022-03-24 13:00:00,0.121248611
2022-03-24 14:00:00,0.120940278
2022-03-24 15:00:00,0.120572222
2022-03-24 16:00:00,0.120268056
2022-03-24 17:00:00,0.119998611
2022-03-24 18:00:00,0.119713889
2022-03-24 19:00:00,0.119473611
2022-03-24 20:00:00,0.119241667
2022-03-24 21:00:00,0.119075
2022-03-24 22:00:00,0.118898611
2022-03-24 23:00:00,0.118679167
2022-03-25 00:00:00,0.118481944
2022-03-25 01:00:00,0.118388889
2022-03-25 02:00:00,0.118238889
2022-03-25 03:00:00,0.118141667
2022-03-25 04:00:00,0.118019444
2022-03-25 05:00:00,0.117834722
2022-03-25 06:00:00,0.117625
2022-03-25 07:00:00,0.117388889
2022-03-25 08:00:00,0.117155556
2022-03-25 09:00:00,0.116876389
2022-03-25 10:00:00,0.116545833
2022-03-25 11:00:00,0.116229167
2022-03-25 12:00:00,0.115884722
2022-03-25 13:00:00,0.115515278
2022-03-25 14:00:00,0.115151389
2022-03-25 15:00:00,0.114779167
2022-03-25 16:00:00,0.114330556
2022-03-25 17:00:00,0.113904167
2022-03-25 18:00:00,0.113470833
2022-03-25 19:00:00,0.113022222
2022-03-25 20:00:00,0.112559722
2022-03-25 21:00:00,0.112101389
2022-03-25 22:00:00,0.111609722
2022-03-25 23:00:00,0.111066667
2022-03-26 00:00:00,0.110522222
2022-03-26 01:00:00,0.109991667
2022-03-26 02:00:00,0.109480556
2022-03-26 03:00:00,0.108994444
2022-03-26 04:00:00,0.108508333
2022-03-26 05:00:00,0.108044444
2022-03-26 06:00:00,0.107593056
2022-03-26 07:00:00,0.1071625
2022-03-26 08:00:00,0.106747222
2022-03-26 09:00:00,0.106381944
2022-03-26 10:00:00,0.106029167
2022-03-26 11:00:00,0.105729167
2022-03-26 12:00:00,0.105494444
2022-03-26 13:00:00,0.105279167
2022-03-26 14:00:00,0.105073611
2022-03-26 15:00:00,0.104851389
2022-03-26 16:00:00,0.104636111
2022-03-26 17:00:00,0.104422222
2022-03-26 18:00:00,0.104220833
2022-03-26 19:00:00,0.104013889
2022-03-26 20:00:00,0.103793056
2022-03-26 21:00:00,0.103561111
2022-03-26 22:00:00,0.103313889
2022-03-26 23:00:00,0.103068056
2022-03-27 00:00:00,0.102797222
2022-03-27 01:00:00,0.102498611
2022-03-27 02:00:00,0.102177778
2022-03-27 03:00:00,0.101813889
2022-03-27 04:00:00,0.101441667
2022-03-27 05:00:00,0.101061111
2022-03-27 06:00:00,0.100665278
2022-03-27 07:00:00,0.1002875
2022-03-27 08:00:00,0.099963889
2022-03-27 09:00:00,0.099643056
2022-03-27 10:00:00,0.099383333
2022-03-27 11:00:00,0.099283333
2022-03-27 12:00:00,0.099193056
2022-03-27 13:00:00,0.099197222
2022-03-27 14:00:00,0.099358333
2022-03-27 15:00:00,0.0995875
2022-03-27 16:00:00,0.099788889
2022-03-27 17:00:00,0.100136111
2022-03-27 18:00:00,0.100538889
2022-03-27 19:00:00,0.100809722
2022-03-27 20:00:00,0.101148611
2022-03-27 21:00:00,0.101583333
2022-03-27 22:00:00,0.101930556
2022-03-27 23:00:00,0.102230556
2022-03-28 00:00:00,0.102593056
2022-03-28 01:00:00,0.102975
2022-03-28 02:00:00,0.103386111
2022-03-28 03:00:00,0.103901389
2022-03-28 04:00:00,0.104559722
2022-03-28 05:00:00,0.1051875
2022-03-28 06:00:00,0.105838889
2022-03-28 07:00:00,0.106559722
2022-03-28 08:00:00,0.107305556
2022-03-28 09:00:00,0.108084722
2022-03-28 10:00:00,0.108848611
2022-03-28 11:00:00,0.109583333
2022-03-28 12:00:00,0.110334722
2022-03-28 13:00:00,0.111051389
2022-03-28 14:00:00,0.111740278
2022-03-28 15:00:00,0.112426389
2022-03-28 16:00:00,0.113097222
2022-03-28 17:00:00,0.113740278
2022-03-28 18:00:00,0.114373611
2022-03-28 19:00:00,0.114973611
2022-03-28 20:00:00,0.115538889
2022-03-28 21:00:00,0.116070833
2022-03-28 22:00:00,0.116565278
2022-03-28 23:00:00,0.117009722
2022-03-29 00:00:00,0.117418056
2022-03-29 01:00:00,0.117788889
2022-03-29 02:00:00,0.118156944
2022-03-29 03:00:00,0.1185375
2022-03-29 04:00:00,0.118938889
2022-03-29 05:00:00,0.119368056
2022-03-29 06:00:00,0.119798611
2022-03-29 07:00:00,0.120261111
2022-03-29 08:00:00,0.120733333
2022-03-29 09:00:00,0.121236111
2022-03-29 10:00:00,0.121752778
2022-03-29 11:00:00,0.1223125
2022-03-29 12:00:00,0.122873611
2022-03-29 13:00:00,0.123476389
2022-03-29 14:00:00,0.124079167
2022-03-29 15:00:00,0.124681944
2022-03-29 16:00:00,0.125255556
2022-03-29 17:00:00,0.125833333
2022-03-29 18:00:00,0.126393056
2022-03-29 19:00:00,0.126873611
2022-03-29 20:00:00,0.127315278
2022-03-29 21:00:00,0.127688889
2022-03-29 22:00:00,0.128006944
2022-03-29 23:00:00,0.128302778
2022-03-30 00:00:00,0.128563889
2022-03-30 01:00:00,0.128777778
2022-03-30 02:00:00,0.128991667
2022-03-30 03:00:00,0.129205556
2022-03-30 04:00:00,0.129391667
2022-03-30 05:00:00,0.129619444
2022-03-30 06:00:00,0.129851389
2022-03-30 07:00:00,0.130086111
2022-03-30 08:00:00,0.130422222
2022-03-30 09:00:00,0.130720833
2022-03-30 10:00:00,0.131011111
2022-03-30 11:00:00,0.131294444
2022-03-30 12:00:00,0.131636111
2022-03-30 13:00:00,0.131948611
2022-03-30 14:00:00,0.132308333
2022-03-30 15:00:00,0.132647222
2022-03-30 16:00:00,0.132844444
2022-03-30 17:00:00,0.1330875
2022-03-30 18:00:00,0.133268056
2022-03-30 19:00:00,0.1333875
2022-03-30 20:00:00,0.133354167
2022-03-30 21:00:00,0.1333125
2022-03-30 22:00:00,0.133204167
2022-03-30 23:00:00,0.133031944
2022-03-31 00:00:00,0.132763889
2022-03-31 01:00:00,0.1325125
2022-03-31 02:00:00,0.132266667
2022-03-31 03:00:00,0.132027778
2022-03-31 04:00:00,0.1318125
2022-03-31 05:00:00,0.131680556
2022-03-31 06:00:00,0.131579167
2022-03-31 07:00:00,0.131511111
2022-03-31 08:00:00,0.131497222
2022-03-31 09:00:00,0.1315125
2022-03-31 10:00:00,0.131573611
2022-03-31 11:00:00,0.131680556
2022-03-31 12:00:00,0.131808333
2022-03-31 13:00:00,0.131961111
2022-03-31 14:00:00,0.132176389
2022-03-31 15:00:00,0.132425
2022-03-31 16:00:00,0.1326875
2022-03-31 17:00:00,0.132966667
2022-03-31 18:00:00,0.133204167
2022-03-31 19:00:00,0.133406944
2022-03-31 20:00:00,0.133547222
2022-03-31 21:00:00,0.133619444
2022-03-31 22:00:00,0.133626389
2022-03-31 23:00:00,0.1336125
2023-03-01 00:00:00,0.130129167
2023-03-01 01:00:00,0.130445833
2023-03-01 02:00:00,0.130784722
2023-03-01 03:00:00,0.131119444
2023-03-01 04:00:00,0.131448611
2023-03-01 05:00:00,0.131745833
2023-03-01 06:00:00,0.132025
2023-03-01 07:00:00,0.132290278
2023-03-01 08:00:00,0.132530556
2023-03-01 09:00:00,0.132752778
2023-03-01 10:00:00,0.132941667
2023-03-01 11:00:00,0.1331
2023-03-01 12:00:00,0.1332375
2023-03-01 13:00:00,0.133366667
2023-03-01 14:00:00,0.133491667
2023-03-01 15:00:00,0.133622222
2023-03-01 16:00:00,0.133756944
2023-03-01 17:00:00,0.133886111
2023-03-01 18:00:00,0.134048611
2023-03-01 19:00:00,0.134209722
2023-03-01 20:00:00,0.134384722
2023-03-01 21:00:00,0.134516667
2023-03-01 22:00:00,0.134686111
2023-03-01 23:00:00,0.134865278
2023-03-02 00:00:00,0.135065278
2023-03-02 01:00:00,0.135301389
2023-03-02 02:00:00,0.135575
2023-03-02 03:00:00,0.135879167
2023-03-02 04:00:00,0.136213889
2023-03-02 05:00:00,0.136555556
2023-03-02 06:00:00,0.136902778
2023-03-02 07:00:00,0.137255556
2023-03-02 08:00:00,0.137623611
2023-03-02 09:00:00,0.137994444
2023-03-02 10:00:00,0.138348611
2023-03-02 11:00:00,0.138693056
2023-03-02 12:00:00,0.139027778
2023-03-02 13:00:00,0.139365278
2023-03-02 14:00:00,0.139691667
2023-03-02 15:00:00,0.140036111
2023-03-02 16:00:00,0.140388889
2023-03-02 17:00:00,0.140741667
2023-03-02 18:00:00,0.1410875
2023-03-02 19:00:00,0.141413889
2023-03-02 20:00:00,0.141791667
2023-03-02 21:00:00,0.142151389
2023-03-02 22:00:00,0.1425
2023-03-02 23:00:00,0.1429125
2023-03-03 00:00:00,0.143286111
2023-03-03 01:00:00,0.1436375
2023-03-03 02:00:00,0.14405
2023-03-03 03:00:00,0.144422222
2023-03-03 04:00:00,0.144808333
2023-03-03 05:00:00,0.1452
2023-03-03 06:00:00,0.145576389
2023-03-03 07:00:00,0.145922222
2023-03-03 08:00:00,0.146218056
2023-03-03 09:00:00,0.146523611
2023-03-03 10:00:00,0.146809722
2023-03-03 11:00:00,0.147055556
2023-03-03 12:00:00,0.147255556
2023-03-03 13:00:00,0.147420833
2023-03-03 14:00:00,0.147548611
2023-03-03 15:00:00,0.147661111
2023-03-03 16:00:00,0.147761111
2023-03-03 17:00:00,0.147827778
2023-03-03 18:00:00,0.147861111
2023-03-03 19:00:00,0.147851389
2023-03-03 20:00:00,0.147836111
2023-03-03 21:00:00,0.147790278
2023-03-03 22:00:00,0.147705556
2023-03-03 23:00:00,0.147634722
2023-03-04 00:00:00,0.147518056
2023-03-04 01:00:00,0.147408333
2023-03-04 02:00:00,0.147298611
2023-03-04 03:00:00,0.147194444
2023-03-04 04:00:00,0.147111111
2023-03-04 05:00:00,0.147031944
2023-03-04 06:00:00,0.146948611
2023-03-04 07:00:00,0.146858333
2023-03-04 08:00:00,0.146776389
2023-03-04 09:00:00,0.146701389
2023-03-04 10:00:00,0.146618056
2023-03-04 11:00:00,0.146538889
2023-03-04 12:00:00,0.146427778
2023-03-04 13:00:00,0.146354167
2023-03-04 14:00:00,0.146252778
2023-03-04 15:00:00,0.146144444
2023-03-04 16:00:00,0.1461125
2023-03-04 17:00:00,0.146083333
2023-03-04 18:00:00,0.146031944
2023-03-04 19:00:00,0.145973611
2023-03-04 20:00:00,0.1459375
2023-03-04 21:00:00,0.145833333
2023-03-04 22:00:00,0.145729167
2023-03-04 23:00:00,0.145625
2023-03-05 00:00:00,0.145465278
2023-03-05 01:00:00,0.145288889
2023-03-05 02:00:00,0.145156944
2023-03-05 03:00:00,0.145045833
2023-03-05 04:00:00,0.144973611
2023-03-05 05:00:00,0.144991667
2023-03-05 06:00:00,0.145047222
2023-03-05 07:00:00,0.145075
2023-03-05 08:00:00,0.145159722
2023-03-05 09:00:00,0.145265278
2023-03-05 10:00:00,0.145370833
2023-03-05 11:00:00,0.145504167
2023-03-05 12:00:00,0.145673611
2023-03-05 13:00:00,0.145870833
2023-03-05 14:00:00,0.146105556
2023-03-05 15:00:00,0.146373611
2023-03-05 16:00:00,0.146670833
2023-03-05 17:00:00,0.146956944
2023-03-05 18:00:00,0.147208333
2023-03-05 19:00:00,0.147426389
2023-03-05 20:00:00,0.147605556
2023-03-05 21:00:00,0.147745833
2023-03-05 22:00:00,0.147826389
2023-03-05 23:00:00,0.1478375
2023-03-06 00:00:00,0.147777778
2023-03-06 01:00:00,0.147690278
2023-03-06 02:00:00,0.147552778
2023-03-06 03:00:00,0.147383333
2023-03-06 04:00:00,0.147206944
2023-03-06 05:00:00,0.147033333
2023-03-06 06:00:00,0.146895833
2023-03-06 07:00:00,0.146797222
2023-03-06 08:00:00,0.146734722
2023-03-06 09:00:00,0.1467
2023-03-06 10:00:00,0.146697222
2023-03-06 11:00:00,0.146765278
2023-03-06 12:00:00,0.1468625
2023-03-06 13:00:00,0.1470125
2023-03-06 14:00:00,0.147244444
2023-03-06 15:00:00,0.147519444
2023-03-06 16:00:00,0.147816667
2023-03-06 17:00:00,0.148156944
2023-03-06 18:00:00,0.148506944
2023-03-06 19:00:00,0.148831944
2023-03-06 20:00:00,0.149122222
2023-03-06 21:00:00,0.149351389
2023-03-06 22:00:00,0.149470833
2023-03-06 23:00:00,0.149490278
2023-03-07 00:00:00,0.149454167
2023-03-07 01:00:00,0.149345833
2023-03-07 02:00:00,0.149173611
2023-03-07 03:00:00,0.148968056
2023-03-07 04:00:00,0.148744444
2023-03-07 05:00:00,0.148516667
2023-03-07 06:00:00,0.148326389
2023-03-07 07:00:00,0.148188889
2023-03-07 08:00:00,0.148127778
2023-03-07 09:00:00,0.148126389
2023-03-07 10:00:00,0.148177778
2023-03-07 11:00:00,0.148280556
2023-03-07 12:00:00,0.148431944
2023-03-07 13:00:00,0.148643056
2023-03-07 14:00:00,0.148922222
2023-03-07 15:00:00,0.149277778
2023-03-07 16:00:00,0.149691667
2023-03-07 17:00:00,0.15015
2023-03-07 18:00:00,0.150658333
2023-03-07 19:00:00,0.151118056
2023-03-07 20:00:00,0.151527778
2023-03-07 21:00:00,0.151873611
2023-03-07 22:00:00,0.152126389
2023-03-07 23:00:00,0.152251389
2023-03-08 00:00:00,0.152272222
2023-03-08 01:00:00,0.152202778
2023-03-08 02:00:00,0.152036111
2023-03-08 03:00:00,0.151827778
2023-03-08 04:00:00,0.1515875
2023-03-08 05:00:00,0.151341667
2023-03-08 06:00:00,0.151080556
2023-03-08 07:00:00,0.150855556
2023-03-08 08:00:00,0.150708333
2023-03-08 09:00:00,0.150651389
2023-03-08 10:00:00,0.150652778
2023-03-08 11:00:00,0.150733333
2023-03-08 12:00:00,0.150895833
2023-03-08 13:00:00,0.151126389
2023-03-08 14:00:00,0.151431944
2023-03-08 15:00:00,0.151815278
2023-03-08 16:00:00,0.152268056
2023-03-08 17:00:00,0.1527625
2023-03-08 18:00:00,0.153290278
2023-03-08 19:00:00,0.1538125
2023-03-08 20:00:00,0.154263889
2023-03-08 21:00:00,0.154655556
2023-03-08 22:00:00,0.154973611
2023-03-08 23:00:00,0.155198611
2023-03-09 00:00:00,0.155331944
2023-03-09 01:00:00,0.155376389
2023-03-09 02:00:00,0.155348611
2023-03-09 03:00:00,0.155248611
2023-03-09 04:00:00,0.155105556
2023-03-09 05:00:00,0.154945833
2023-03-09 06:00:00,0.154772222
2023-03-09 07:00:00,0.154590278
2023-03-09 08:00:00,0.154434722
2023-03-09 09:00:00,0.154343056
2023-03-09 10:00:00,0.154329167
2023-03-09 11:00:00,0.154401389
2023-03-09 12:00:00,0.154569444
2023-03-09 13:00:00,0.154826389
2023-03-09 14:00:00,0.155156944
2023-03-09 15:00:00,0.155538889
2023-03-09 16:00:00,0.155973611
2023-03-09 17:00:00,0.1564125
2023-03-09 18:00:00,0.156845833
2023-03-09 19:00:00,0.157240278
2023-03-09 20:00:00,0.157608333
2023-03-09 21:00:00,0.1579375
2023-03-09 22:00:00,0.158204167
2023-03-09 23:00:00,0.158433333
2023-03-10 00:00:00,0.1585875
2023-03-10 01:00:00,0.158715278
2023-03-10 02:00:00,0.158780556
2023-03-10 03:00:00,0.158765278
2023-03-10 04:00:00,0.158684722
2023-03-10 05:00:00,0.158559722
2023-03-10 06:00:00,0.1584125
2023-03-10 07:00:00,0.158268056
2023-03-10 08:00:00,0.158138889
2023-03-10 09:00:00,0.158015278
2023-03-10 10:00:00,0.157954167
2023-03-10 11:00:00,0.157965278
2023-03-10 12:00:00,0.158066667
2023-03-10 13:00:00,0.158233333
2023-03-10 14:00:00,0.158461111
2023-03-10 15:00:00,0.158747222
2023-03-10 16:00:00,0.159102778
2023-03-10 17:00:00,0.1595
2023-03-10 18:00:00,0.1599125
2023-03-10 19:00:00,0.160329167
2023-03-10 20:00:00,0.160752778
2023-03-10 21:00:00,0.161169444
2023-03-10 22:00:00,0.161541667
2023-03-10 23:00:00,0.161886111
2023-03-11 00:00:00,0.162233333
2023-03-11 01:00:00,0.162563889
2023-03-11 02:00:00,0.162869444
2023-03-11 03:00:00,0.163133333
2023-03-11 04:00:00,0.163347222
2023-03-11 05:00:00,0.163511111
2023-03-11 06:00:00,0.163615278
2023-03-11 07:00:00,0.163695833
2023-03-11 08:00:00,0.163723611
2023-03-11 09:00:00,0.163719444
2023-03-11 10:00:00,0.163726389
2023-03-11 11:00:00,0.163763889
2023-03-11 12:00:00,0.163829167
2023-03-11 13:00:00,0.163943056
2023-03-11 14:00:00,0.164119444
2023-03-11 15:00:00,0.164340278
2023-03-11 16:00:00,0.164606944
2023-03-11 17:00:00,0.164915278
2023-03-11 18:00:00,0.165254167
2023-03-11 19:00:00,0.165620833
2023-03-11 20:00:00,0.165991667
2023-03-11 21:00:00,0.166368056
2023-03-11 22:00:00,0.166748611
2023-03-11 23:00:00,0.167133333
2023-03-12 00:00:00,0.167522222
2023-03-12 01:00:00,0.167906944
2023-03-12 02:00:00,0.168277778
2023-03-12 03:00:00,0.168641667
2023-03-12 04:00:00,0.168997222
2023-03-12 05:00:00,0.169301389
2023-03-12 06:00:00,0.169579167
2023-03-12 07:00:00,0.169829167
2023-03-12 08:00:00,0.170051389
2023-03-12 09:00:00,0.170243056
2023-03-12 10:00:00,0.170436111
2023-03-12 11:00:00,0.170630556
2023-03-12 12:00:00,0.170836111
2023-03-12 13:00:00,0.171063889
2023-03-12 14:00:00,0.171330556
2023-03-12 15:00:00,0.171620833
2023-03-12 16:00:00,0.171931944
2023-03-12 17:00:00,0.172283333
2023-03-12 18:00:00,0.172626389
2023-03-12 19:00:00,0.172965278
2023-03-12 20:00:00,0.1733125
2023-03-12 21:00:00,0.173641667
2023-03-12 22:00:00,0.173955556
2023-03-12 23:00:00,0.174256944
2023-03-13 00:00:00,0.174538889
2023-03-13 01:00:00,0.1748125
2023-03-13 02:00:00,0.175059722
2023-03-13 03:00:00,0.175298611
2023-03-13 04:00:00,0.175530556
2023-03-13 05:00:00,0.175755556
2023-03-13 06:00:00,0.175966667
2023-03-13 07:00:00,0.176165278
2023-03-13 08:00:00,0.176351389
2023-03-13 09:00:00,0.1765375
2023-03-13 10:00:00,0.176713889
2023-03-13 11:00:00,0.1768875
2023-03-13 12:00:00,0.177052778
2023-03-13 13:00:00,0.177234722
2023-03-13 14:00:00,0.177427778
2023-03-13 15:00:00,0.177633333
2023-03-13 16:00:00,0.177855556
2023-03-13 17:00:00,0.1781
2023-03-13 18:00:00,0.178333333
2023-03-13 19:00:00,0.178573611
2023-03-13 20:00:00,0.178820833
2023-03-13 21:00:00,0.179013889
2023-03-13 22:00:00,0.179218056
2023-03-13 23:00:00,0.179430556
2023-03-14 00:00:00,0.179619444
2023-03-14 01:00:00,0.179806944
2023-03-14 02:00:00,0.179969444
2023-03-14 03:00:00,0.180113889
2023-03-14 04:00:00,0.180240278
2023-03-14 05:00:00,0.180344444
2023-03-14 06:00:00,0.1804375
2023-03-14 07:00:00,0.1805
2023-03-14 08:00:00,0.180527778
2023-03-14 09:00:00,0.180506944
2023-03-14 10:00:00,0.180445833
2023-03-14 11:00:00,0.180345833
2023-03-14 12:00:00,0.180227778
2023-03-14 13:00:00,0.180065278
2023-03-14 14:00:00,0.179916667
2023-03-14 15:00:00,0.179768056
2023-03-14 16:00:00,0.1796
2023-03-14 17:00:00,0.179416667
2023-03-14 18:00:00,0.179230556
2023-03-14 19:00:00,0.179076389
2023-03-14 20:00:00,0.178916667
2023-03-14 21:00:00,0.178756944
2023-03-14 22:00:00,0.178566667
2023-03-14 23:00:00,0.178388889
2023-03-15 00:00:00,0.178202778
2023-03-15 01:00:00,0.1780125
2023-03-15 02:00:00,0.177836111
2023-03-15 03:00:00,0.177651389
2023-03-15 04:00:00,0.177488889
2023-03-15 05:00:00,0.177294444
2023-03-15 06:00:00,0.177111111
2023-03-15 07:00:00,0.176931944
2023-03-15 08:00:00,0.176756944
2023-03-15 09:00:00,0.176598611
2023-03-15 10:00:00,0.1764625
2023-03-15 11:00:00,0.176355556
2023-03-15 12:00:00,0.176277778
2023-03-15 13:00:00,0.176222222
2023-03-15 14:00:00,0.176176389
2023-03-15 15:00:00,0.176133333
2023-03-15 16:00:00,0.176081944
2023-03-15 17:00:00,0.176051389
2023-03-15 18:00:00,0.176005556
2023-03-15 19:00:00,0.175954167
2023-03-15 20:00:00,0.175883333
2023-03-15 21:00:00,0.175804167
2023-03-15 22:00:00,0.175729167
2023-03-15 23:00:00,0.175669444
2023-03-16 00:00:00,0.175604167
2023-03-16 01:00:00,0.175513889
2023-03-16 02:00:00,0.175441667
2023-03-16 03:00:00,0.175380556
2023-03-16 04:00:00,0.175315278
2023-03-16 05:00:00,0.175270833
2023-03-16 06:00:00,0.175252778
2023-03-16 07:00:00,0.175230556
2023-03-16 08:00:00,0.1752125
2023-03-16 09:00:00,0.175209722
2023-03-16 10:00:00,0.175225
2023-03-16 11:00:00,0.175236111
2023-03-16 12:00:00,0.175277778
2023-03-16 13:00:00,0.175327778
2023-03-16 14:00:00,0.175411111
2023-03-16 15:00:00,0.175477778
2023-03-16 16:00:00,0.175533333
2023-03-16 17:00:00,0.175606944
2023-03-16 18:00:00,0.175690278
2023-03-16 19:00:00,0.175794444
2023-03-16 20:00:00,0.175902778
2023-03-16 21:00:00,0.176015278
2023-03-16 22:00:00,0.176102778
2023-03-16 23:00:00,0.176205556
2023-03-17 00:00:00,0.1763
2023-03-17 01:00:00,0.176395833
2023-03-17 02:00:00,0.176481944
2023-03-17 03:00:00,0.176569444
2023-03-17 04:00:00,0.176661111
2023-03-17 05:00:00,0.176748611
2023-03-17 06:00:00,0.176856944
2023-03-17 07:00:00,0.176963889
2023-03-17 08:00:00,0.177075
2023-03-17 09:00:00,0.177198611
2023-03-17 10:00:00,0.177336111
2023-03-17 11:00:00,0.177494444
2023-03-17 12:00:00,0.177681944
2023-03-17 13:00:00,0.177883333
2023-03-17 14:00:00,0.178084722
2023-03-17 15:00:00,0.178281944
2023-03-17 16:00:00,0.178451389
2023-03-17 17:00:00,0.178595833
2023-03-17 18:00:00,0.178706944
2023-03-17 19:00:00,0.178775
2023-03-17 20:00:00,0.178801389
2023-03-17 21:00:00,0.178766667
2023-03-17 22:00:00,0.178708333
2023-03-17 23:00:00,0.178645833
2023-03-18 00:00:00,0.178566667
2023-03-18 01:00:00,0.178441667
2023-03-18 02:00:00,0.178281944
2023-03-18 03:00:00,0.178101389
2023-03-18 04:00:00,0.177893056
2023-03-18 05:00:00,0.177669444
2023-03-18 06:00:00,0.177427778
2023-03-18 07:00:00,0.177195833
2023-03-18 08:00:00,0.176961111
2023-03-18 09:00:00,0.176713889
2023-03-18 10:00:00,0.176484722
2023-03-18 11:00:00,0.176223611
2023-03-18 12:00:00,0.175969444
2023-03-18 13:00:00,0.175709722
2023-03-18 14:00:00,0.1754375
2023-03-18 15:00:00,0.175159722
2023-03-18 16:00:00,0.174905556
2023-03-18 17:00:00,0.174570833
2023-03-18 18:00:00,0.174211111
2023-03-18 19:00:00,0.173873611
2023-03-18 20:00:00,0.173506944
2023-03-18 21:00:00,0.173131944
2023-03-18 22:00:00,0.172743056
2023-03-18 23:00:00,0.172354167
2023-03-19 00:00:00,0.171947222
2023-03-19 01:00:00,0.171569444
2023-03-19 02:00:00,0.171191667
2023-03-19 03:00:00,0.170802778
2023-03-19 04:00:00,0.170438889
2023-03-19 05:00:00,0.170108333
2023-03-19 06:00:00,0.169802778
2023-03-19 07:00:00,0.169511111
2023-03-19 08:00:00,0.169255556
2023-03-19 09:00:00,0.169013889
2023-03-19 10:00:00,0.168794444
2023-03-19 11:00:00,0.168622222
2023-03-19 12:00:00,0.168479167
2023-03-19 13:00:00,0.168422222
2023-03-19 14:00:00,0.168431944
2023-03-19 15:00:00,0.168465278
2023-03-19 16:00:00,0.168580556
2023-03-19 17:00:00,0.168734722
2023-03-19 18:00:00,0.168858333
2023-03-19 19:00:00,0.1689625
2023-03-19 20:00:00,0.169025
2023-03-19 21:00:00,0.169018056
2023-03-19 22:00:00,0.168955556
2023-03-19 23:00:00,0.168838889
2023-03-20 00:00:00,0.168672222
2023-03-20 01:00:00,0.168472222
2023-03-20 02:00:00,0.168258333
2023-03-20 03:00:00,0.168031944
2023-03-20 04:00:00,0.167823611
2023-03-20 05:00:00,0.167665278
2023-03-20 06:00:00,0.167568056
2023-03-20 07:00:00,0.167509722
2023-03-20 08:00:00,0.167477778
2023-03-20 09:00:00,0.167472222
2023-03-20 10:00:00,0.167504167
2023-03-20 11:00:00,0.167576389
2023-03-20 12:00:00,0.167684722
2023-03-20 13:00:00,0.167834722
2023-03-20 14:00:00,0.168051389
2023-03-20 15:00:00,0.168305556
2023-03-20 16:00:00,0.168597222
2023-03-20 17:00:00,0.168904167
2023-03-20 18:00:00,0.169186111
2023-03-20 19:00:00,0.169454167
2023-03-20 20:00:00,0.169675
2023-03-20 21:00:00,0.169809722
2023-03-20 22:00:00,0.169866667
2023-03-20 23:00:00,0.16985
2023-03-21 00:00:00,0.169780556
2023-03-21 01:00:00,0.169661111
2023-03-21 02:00:00,0.169497222
2023-03-21 03:00:00,0.1693125
2023-03-21 04:00:00,0.169147222
2023-03-21 05:00:00,0.168993056
2023-03-21 06:00:00,0.168880556
2023-03-21 07:00:00,0.168820833
2023-03-21 08:00:00,0.168815278
2023-03-21 09:00:00,0.168840278
2023-03-21 10:00:00,0.168911111
2023-03-21 11:00:00,0.169020833
2023-03-21 12:00:00,0.169208333
2023-03-21 13:00:00,0.169452778
2023-03-21 14:00:00,0.169736111
2023-03-21 15:00:00,0.170045833
2023-03-21 16:00:00,0.170379167
2023-03-21 17:00:00,0.170723611
2023-03-21 18:00:00,0.171055556
2023-03-21 19:00:00,0.171363889
2023-03-21 20:00:00,0.171602778
2023-03-21 21:00:00,0.171780556
2023-03-21 22:00:00,0.171880556
2023-03-21 23:00:00,0.171898611
2023-03-22 00:00:00,0.171833333
2023-03-22 01:00:00,0.171709722
2023-03-22 02:00:00,0.171534722
2023-03-22 03:00:00,0.171316667
2023-03-22 04:00:00,0.171079167
2023-03-22 05:00:00,0.170854167
2023-03-22 06:00:00,0.170648611
2023-03-22 07:00:00,0.170472222
2023-03-22 08:00:00,0.170373611
2023-03-22 09:00:00,0.170322222
2023-03-22 10:00:00,0.170348611
2023-03-22 11:00:00,0.170440278
2023-03-22 12:00:00,0.1705625
2023-03-22 13:00:00,0.17075
2023-03-22 14:00:00,0.170994444
2023-03-22 15:00:00,0.171258333
2023-03-22 16:00:00,0.171545833
2023-03-22 17:00:00,0.171820833
2023-03-22 18:00:00,0.172056944
2023-03-22 19:00:00,0.172268056
2023-03-22 20:00:00,0.172443056
2023-03-22 21:00:00,0.172547222
2023-03-22 22:00:00,0.172575
2023-03-22 23:00:00,0.172555556
2023-03-23 00:00:00,0.172479167
2023-03-23 01:00:00,0.172351389
2023-03-23 02:00:00,0.172179167
2023-03-23 03:00:00,0.171979167
2023-03-23 04:00:00,0.171759722
2023-03-23 05:00:00,0.171551389
2023-03-23 06:00:00,0.171381944
2023-03-23 07:00:00,0.171252778
2023-03-23 08:00:00,0.171173611
2023-03-23 09:00:00,0.171166667
2023-03-23 10:00:00,0.17125
2023-03-23 11:00:00,0.1714125
2023-03-23 12:00:00,0.171638889
2023-03-23 13:00:00,0.1719125
2023-03-23 14:00:00,0.172251389
2023-03-23 15:00:00,0.172615278
2023-03-23 16:00:00,0.173004167
2023-03-23 17:00:00,0.1733875
2023-03-23 18:00:00,0.173748611
2023-03-23 19:00:00,0.174073611
2023-03-23 20:00:00,0.174330556
2023-03-23 21:00:00,0.174526389
2023-03-23 22:00:00,0.174669444
2023-03-23 23:00:00,0.174747222
2023-03-24 00:00:00,0.174743056
2023-03-24 01:00:00,0.174679167
2023-03-24 02:00:00,0.174559722
2023-03-24 03:00:00,0.174380556
2023-03-24 04:00:00,0.174138889
2023-03-24 05:00:00,0.173868056
2023-03-24 06:00:00,0.173629167
2023-03-24 07:00:00,0.173375
2023-03-24 08:00:00,0.173144444
2023-03-24 09:00:00,0.173
2023-03-24 10:00:00,0.172931944
2023-03-24 11:00:00,0.172923611
2023-03-24 12:00:00,0.173019444
2023-03-24 13:00:00,0.1732125
2023-03-24 14:00:00,0.173513889
2023-03-24 15:00:00,0.173797222
2023-03-24 16:00:00,0.174148611
2023-03-24 17:00:00,0.1745
2023-03-24 18:00:00,0.174784722
2023-03-24 19:00:00,0.175043056
2023-03-24 20:00:00,0.175266667
2023-03-24 21:00:00,0.175479167
2023-03-24 22:00:00,0.175633333
2023-03-24 23:00:00,0.175743056
2023-03-25 00:00:00,0.175826389
2023-03-25 01:00:00,0.175829167
2023-03-25 02:00:00,0.175775
2023-03-25 03:00:00,0.175659722
2023-03-25 04:00:00,0.175480556
2023-03-25 05:00:00,0.175223611
2023-03-25 06:00:00,0.174905556
2023-03-25 07:00:00,0.1745625
2023-03-25 08:00:00,0.174191667
2023-03-25 09:00:00,0.1738125
2023-03-25 10:00:00,0.173455556
2023-03-25 11:00:00,0.173148611
2023-03-25 12:00:00,0.172908333
2023-03-25 13:00:00,0.172733333
2023-03-25 14:00:00,0.172627778
2023-03-25 15:00:00,0.172573611
2023-03-25 16:00:00,0.172559722
2023-03-25 17:00:00,0.1725625
2023-03-25 18:00:00,0.172548611
2023-03-25 19:00:00,0.172551389
2023-03-25 20:00:00,0.172544444
2023-03-25 21:00:00,0.172519444
2023-03-25 22:00:00,0.172463889
2023-03-25 23:00:00,0.172406944
2023-03-26 00:00:00,0.1723375
2023-03-26 01:00:00,0.172229167
2023-03-26 02:00:00,0.172075
2023-03-26 03:00:00,0.171883333
2023-03-26 04:00:00,0.171627778
2023-03-26 05:00:00,0.171348611
2023-03-26 06:00:00,0.171040278
2023-03-26 07:00:00,0.170720833
2023-03-26 08:00:00,0.170406944
2023-03-26 09:00:00,0.170109722
2023-03-26 10:00:00,0.169848611
2023-03-26 11:00:00,0.169629167
2023-03-26 12:00:00,0.169451389
2023-03-26 13:00:00,0.169311111
2023-03-26 14:00:00,0.169216667
2023-03-26 15:00:00,0.169130556
2023-03-26 16:00:00,0.169056944
2023-03-26 17:00:00,0.169030556
2023-03-26 18:00:00,0.169022222
2023-03-26 19:00:00,0.169034722
2023-03-26 20:00:00,0.16905
2023-03-26 21:00:00,0.169052778
2023-03-26 22:00:00,0.169058333
2023-03-26 23:00:00,0.169036111
2023-03-27 00:00:00,0.168990278
2023-03-27 01:00:00,0.168933333
2023-03-27 02:00:00,0.168844444
2023-03-27 03:00:00,0.168705556
2023-03-27 04:00:00,0.168506944
2023-03-27 05:00:00,0.168272222
2023-03-27 06:00:00,0.167993056
2023-03-27 07:00:00,0.167665278
2023-03-27 08:00:00,0.167322222
2023-03-27 09:00:00,0.166952778
2023-03-27 10:00:00,0.166544444
2023-03-27 11:00:00,0.166155556
2023-03-27 12:00:00,0.165822222
2023-03-27 13:00:00,0.165505556
2023-03-27 14:00:00,0.165241667
2023-03-27 15:00:00,0.165016667
2023-03-27 16:00:00,0.164761111
2023-03-27 17:00:00,0.164540278
2023-03-27 18:00:00,0.164347222
2023-03-27 19:00:00,0.164197222
2023-03-27 20:00:00,0.163966667
2023-03-27 21:00:00,0.163825
2023-03-27 22:00:00,0.163706944
2023-03-27 23:00:00,0.163597222
2023-03-28 00:00:00,0.1635
2023-03-28 01:00:00,0.163394444
2023-03-28 02:00:00,0.163276389
2023-03-28 03:00:00,0.163130556
2023-03-28 04:00:00,0.162954167
2023-03-28 05:00:00,0.162777778
2023-03-28 06:00:00,0.162563889
2023-03-28 07:00:00,0.162311111
2023-03-28 08:00:00,0.162051389
2023-03-28 09:00:00,0.161772222
2023-03-28 10:00:00,0.161468056
2023-03-28 11:00:00,0.161216667
2023-03-28 12:00:00,0.160998611
2023-03-28 13:00:00,0.160809722
2023-03-28 14:00:00,0.160638889
2023-03-28 15:00:00,0.160529167
2023-03-28 16:00:00,0.160461111
2023-03-28 17:00:00,0.160466667
2023-03-28 18:00:00,0.160481944
2023-03-28 19:00:00,0.160501389
2023-03-28 20:00:00,0.160513889
2023-03-28 21:00:00,0.160559722
2023-03-28 22:00:00,0.160647222
2023-03-28 23:00:00,0.160725
2023-03-29 00:00:00,0.160844444
2023-03-29 01:00:00,0.160976389
2023-03-29 02:00:00,0.161126389
2023-03-29 03:00:00,0.161281944
2023-03-29 04:00:00,0.161448611
2023-03-29 05:00:00,0.161629167
2023-03-29 06:00:00,0.161825
2023-03-29 07:00:00,0.162044444
2023-03-29 08:00:00,0.162333333
2023-03-29 09:00:00,0.162683333
2023-03-29 10:00:00,0.1630875
2023-03-29 11:00:00,0.163523611
2023-03-29 12:00:00,0.164059722
2023-03-29 13:00:00,0.164525
2023-03-29 14:00:00,0.164765278
2023-03-29 15:00:00,0.165184722
2023-03-29 16:00:00,0.165491667
2023-03-29 17:00:00,0.165841667
2023-03-29 18:00:00,0.166272222
2023-03-29 19:00:00,0.1667125
2023-03-29 20:00:00,0.167170833
2023-03-29 21:00:00,0.167577778
2023-03-29 22:00:00,0.168016667
2023-03-29 23:00:00,0.168436111
2023-03-30 00:00:00,0.168843056
2023-03-30 01:00:00,0.169293056
2023-03-30 02:00:00,0.169770833
2023-03-30 03:00:00,0.170230556
2023-03-30 04:00:00,0.170681944
2023-03-30 05:00:00,0.171144444
2023-03-30 06:00:00,0.171605556
2023-03-30 07:00:00,0.172038889
2023-03-30 08:00:00,0.172469444
2023-03-30 09:00:00,0.172868056
2023-03-30 10:00:00,0.1731875
2023-03-30 11:00:00,0.173472222
2023-03-30 12:00:00,0.173763889
2023-03-30 13:00:00,0.174025
2023-03-30 14:00:00,0.174216667
2023-03-30 15:00:00,0.174397222
2023-03-30 16:00:00,0.174556944
2023-03-30 17:00:00,0.174718056
2023-03-30 18:00:00,0.174872222
2023-03-30 19:00:00,0.174990278
2023-03-30 20:00:00,0.175119444
2023-03-30 21:00:00,0.175256944
2023-03-30 22:00:00,0.175401389
2023-03-30 23:00:00,0.175543056
2023-03-31 00:00:00,0.175715278
2023-03-31 01:00:00,0.175922222
2023-03-31 02:00:00,0.176136111
2023-03-31 03:00:00,0.176370833
2023-03-31 04:00:00,0.176618056
2023-03-31 05:00:00,0.176883333
2023-03-31 06:00:00,0.177172222
2023-03-31 07:00:00,0.177472222
2023-03-31 08:00:00,0.177781944
2023-03-31 09:00:00,0.178081944
2023-03-31 10:00:00,0.178383333
2023-03-31 11:00:00,0.178690278
2023-03-31 12:00:00,0.178969444
2023-03-31 13:00:00,0.179222222
2023-03-31 14:00:00,0.1794625
2023-03-31 15:00:00,0.179672222
2023-03-31 16:00:00,0.179852778
2023-03-31 17:00:00,0.180006944
2023-03-31 18:00:00,0.180115278
2023-03-31 19:00:00,0.180204167
2023-03-31 20:00:00,0.180297222
2023-03-31 21:00:00,0.180363889
2023-03-31 22:00:00,0.180327778
2023-03-31 23:00:00,0.180268056
2024-03-01 00:00:00,0.040743056
2024-03-01 01:00:00,0.041115278
2024-03-01 02:00:00,0.041418056
2024-03-01 03:00:00,0.041676389
2024-03-01 04:00:00,0.041936111
2024-03-01 05:00:00,0.042168056
2024-03-01 06:00:00,0.0423375
2024-03-01 07:00:00,0.042434722
2024-03-01 08:00:00,0.042525
2024-03-01 09:00:00,0.042554167
2024-03-01 10:00:00,0.042494444
2024-03-01 11:00:00,0.042545833
2024-03-01 12:00:00,0.042625
2024-03-01 13:00:00,0.042634722
2024-03-01 14:00:00,0.042666667
2024-03-01 15:00:00,0.042752778
2024-03-01 16:00:00,0.042883333
2024-03-01 17:00:00,0.043040278
2024-03-01 18:00:00,0.043251389
2024-03-01 19:00:00,0.043469444
2024-03-01 20:00:00,0.043701389
2024-03-01 21:00:00,0.043945833
2024-03-01 22:00:00,0.044209722
2024-03-01 23:00:00,0.0444625
2024-03-02 00:00:00,0.04475
2024-03-02 01:00:00,0.04505
2024-03-02 02:00:00,0.045331944
2024-03-02 03:00:00,0.045609722
2024-03-02 04:00:00,0.045893056
2024-03-02 05:00:00,0.046152778
2024-03-02 06:00:00,0.046384722
2024-03-02 07:00:00,0.046568056
2024-03-02 08:00:00,0.046738889
2024-03-02 09:00:00,0.046855556
2024-03-02 10:00:00,0.046933333
2024-03-02 11:00:00,0.046948611
2024-03-02 12:00:00,0.046943056
2024-03-02 13:00:00,0.046931944
2024-03-02 14:00:00,0.046893056
2024-03-02 15:00:00,0.046886111
2024-03-02 16:00:00,0.046870833
2024-03-02 17:00:00,0.0468375
2024-03-02 18:00:00,0.046852778
2024-03-02 19:00:00,0.046869444
2024-03-02 20:00:00,0.046920833
2024-03-02 21:00:00,0.047036111
2024-03-02 22:00:00,0.047138889
2024-03-02 23:00:00,0.047191667
2024-03-03 00:00:00,0.047244444
2024-03-03 01:00:00,0.047352778
2024-03-03 02:00:00,0.047466667
2024-03-03 03:00:00,0.047527778
2024-03-03 04:00:00,0.047622222
2024-03-03 05:00:00,0.047701389
2024-03-03 06:00:00,0.047798611
2024-03-03 07:00:00,0.047875
2024-03-03 08:00:00,0.047975
2024-03-03 09:00:00,0.048041667
2024-03-03 10:00:00,0.0480875
2024-03-03 11:00:00,0.048120833
2024-03-03 12:00:00,0.048133333
2024-03-03 13:00:00,0.048156944
2024-03-03 14:00:00,0.048172222
2024-03-03 15:00:00,0.048147222
2024-03-03 16:00:00,0.048094444
2024-03-03 17:00:00,0.047991667
2024-03-03 18:00:00,0.047904167
2024-03-03 19:00:00,0.047802778
2024-03-03 20:00:00,0.0477
2024-03-03 21:00:00,0.047609722
2024-03-03 22:00:00,0.047519444
2024-03-03 23:00:00,0.047458333
2024-03-04 00:00:00,0.047418056
2024-03-04 01:00:00,0.047376389
2024-03-04 02:00:00,0.047251389
2024-03-04 03:00:00,0.047176389
2024-03-04 04:00:00,0.047143056
2024-03-04 05:00:00,0.047058333
2024-03-04 06:00:00,0.046938889
2024-03-04 07:00:00,0.046844444
2024-03-04 08:00:00,0.046727778
2024-03-04 09:00:00,0.046636111
2024-03-04 10:00:00,0.046526389
2024-03-04 11:00:00,0.046405556
2024-03-04 12:00:00,0.046286111
2024-03-04 13:00:00,0.046190278
2024-03-04 14:00:00,0.046090278
2024-03-04 15:00:00,0.045955556
2024-03-04 16:00:00,0.045829167
2024-03-04 17:00:00,0.0457
2024-03-04 18:00:00,0.045581944
2024-03-04 19:00:00,0.045477778
2024-03-04 20:00:00,0.045380556
2024-03-04 21:00:00,0.0452375
2024-03-04 22:00:00,0.045066667
2024-03-04 23:00:00,0.044897222
2024-03-05 00:00:00,0.044754167
2024-03-05 01:00:00,0.0446375
2024-03-05 02:00:00,0.044540278
2024-03-05 03:00:00,0.044454167
2024-03-05 04:00:00,0.044381944
2024-03-05 05:00:00,0.044336111
2024-03-05 06:00:00,0.044309722
2024-03-05 07:00:00,0.044319444
2024-03-05 08:00:00,0.044345833
2024-03-05 09:00:00,0.044397222
2024-03-05 10:00:00,0.044452778
2024-03-05 11:00:00,0.044520833
2024-03-05 12:00:00,0.044597222
2024-03-05 13:00:00,0.044695833
2024-03-05 14:00:00,0.0448375
2024-03-05 15:00:00,0.044998611
2024-03-05 16:00:00,0.045155556
2024-03-05 17:00:00,0.045316667
2024-03-05 18:00:00,0.045469444
2024-03-05 19:00:00,0.045629167
2024-03-05 20:00:00,0.045776389
2024-03-05 21:00:00,0.045901389
2024-03-05 22:00:00,0.046036111
2024-03-05 23:00:00,0.046148611
2024-03-06 00:00:00,0.0462625
2024-03-06 01:00:00,0.046355556
2024-03-06 02:00:00,0.046438889
2024-03-06 03:00:00,0.046516667
2024-03-06 04:00:00,0.046598611
2024-03-06 05:00:00,0.046681944
2024-03-06 06:00:00,0.046772222
2024-03-06 07:00:00,0.046883333
2024-03-06 08:00:00,0.047015278
2024-03-06 09:00:00,0.047136111
2024-03-06 10:00:00,0.047268056
2024-03-06 11:00:00,0.047433333
2024-03-06 12:00:00,0.047606944
2024-03-06 13:00:00,0.047805556
2024-03-06 14:00:00,0.048033333
2024-03-06 15:00:00,0.048273611
2024-03-06 16:00:00,0.048515278
2024-03-06 17:00:00,0.048761111
2024-03-06 18:00:00,0.049009722
2024-03-06 19:00:00,0.049243056
2024-03-06 20:00:00,0.0494625
2024-03-06 21:00:00,0.049694444
2024-03-06 22:00:00,0.049863889
2024-03-06 23:00:00,0.050043056
2024-03-07 00:00:00,0.0502125
2024-03-07 01:00:00,0.050379167
2024-03-07 02:00:00,0.050533333
2024-03-07 03:00:00,0.050718056
2024-03-07 04:00:00,0.050886111
2024-03-07 05:00:00,0.05105
2024-03-07 06:00:00,0.051313889
2024-03-07 07:00:00,0.0516
2024-03-07 08:00:00,0.051897222
2024-03-07 09:00:00,0.052263889
2024-03-07 10:00:00,0.052693056
2024-03-07 11:00:00,0.053063889
2024-03-07 12:00:00,0.053491667
2024-03-07 13:00:00,0.054045833
2024-03-07 14:00:00,0.054580556
2024-03-07 15:00:00,0.055141667
2024-03-07 16:00:00,0.055791667
2024-03-07 17:00:00,0.056381944
2024-03-07 18:00:00,0.056969444
2024-03-07 19:00:00,0.057551389
2024-03-07 20:00:00,0.058248611
2024-03-07 21:00:00,0.058779167
2024-03-07 22:00:00,0.059209722
2024-03-07 23:00:00,0.059679167
2024-03-08 00:00:00,0.060076389
2024-03-08 01:00:00,0.060454167
2024-03-08 02:00:00,0.060758333
2024-03-08 03:00:00,0.061079167
2024-03-08 04:00:00,0.061394444
2024-03-08 05:00:00,0.061675
2024-03-08 06:00:00,0.062015278
2024-03-08 07:00:00,0.062358333
2024-03-08 08:00:00,0.062722222
2024-03-08 09:00:00,0.063134722
2024-03-08 10:00:00,0.063576389
2024-03-08 11:00:00,0.064020833
2024-03-08 12:00:00,0.064497222
2024-03-08 13:00:00,0.064980556
2024-03-08 14:00:00,0.065468056
2024-03-08 15:00:00,0.065976389
2024-03-08 16:00:00,0.066458333
2024-03-08 17:00:00,0.066906944
2024-03-08 18:00:00,0.067356944
2024-03-08 19:00:00,0.067711111
2024-03-08 20:00:00,0.067976389
2024-03-08 21:00:00,0.068156944
2024-03-08 22:00:00,0.068225
2024-03-08 23:00:00,0.0682375
2024-03-09 00:00:00,0.068194444
2024-03-09 01:00:00,0.068080556
2024-03-09 02:00:00,0.067923611
2024-03-09 03:00:00,0.067725
2024-03-09 04:00:00,0.067529167
2024-03-09 05:00:00,0.067294444
2024-03-09 06:00:00,0.067034722
2024-03-09 07:00:00,0.066811111
2024-03-09 08:00:00,0.0666
2024-03-09 09:00:00,0.066404167
2024-03-09 10:00:00,0.066245833
2024-03-09 11:00:00,0.066094444
2024-03-09 12:00:00,0.065969444
2024-03-09 13:00:00,0.065904167
2024-03-09 14:00:00,0.065873611
2024-03-09 15:00:00,0.065888889
2024-03-09 16:00:00,0.065947222
2024-03-09 17:00:00,0.066070833
2024-03-09 18:00:00,0.066226389
2024-03-09 19:00:00,0.066356944
2024-03-09 20:00:00,0.066470833
2024-03-09 21:00:00,0.066555556
2024-03-09 22:00:00,0.066583333
2024-03-09 23:00:00,0.066544444
2024-03-10 00:00:00,0.066455556
2024-03-10 01:00:00,0.066319444
2024-03-10 02:00:00,0.066172222
2024-03-10 03:00:00,0.066006944
2024-03-10 04:00:00,0.065845833
2024-03-10 05:00:00,0.065727778
2024-03-10 06:00:00,0.065679167
2024-03-10 07:00:00,0.065716667
2024-03-10 08:00:00,0.065840278
2024-03-10 09:00:00,0.066045833
2024-03-10 10:00:00,0.066331944
2024-03-10 11:00:00,0.066722222
2024-03-10 12:00:00,0.067183333
2024-03-10 13:00:00,0.067727778
2024-03-10 14:00:00,0.068281944
2024-03-10 15:00:00,0.068870833
2024-03-10 16:00:00,0.069502778
2024-03-10 17:00:00,0.070131944
2024-03-10 18:00:00,0.070752778
2024-03-10 19:00:00,0.071326389
2024-03-10 20:00:00,0.071865278
2024-03-10 21:00:00,0.072355556
2024-03-10 22:00:00,0.072815278
2024-03-10 23:00:00,0.073236111
2024-03-11 00:00:00,0.073604167
2024-03-11 01:00:00,0.073883333
2024-03-11 02:00:00,0.074127778
2024-03-11 03:00:00,0.074325
2024-03-11 04:00:00,0.074520833
2024-03-11 05:00:00,0.074772222
2024-03-11 06:00:00,0.075080556
2024-03-11 07:00:00,0.075440278
2024-03-11 08:00:00,0.075869444
2024-03-11 09:00:00,0.076355556
2024-03-11 10:00:00,0.076906944
2024-03-11 11:00:00,0.077522222
2024-03-11 12:00:00,0.078193056
2024-03-11 13:00:00,0.078930556
2024-03-11 14:00:00,0.079698611
2024-03-11 15:00:00,0.080531944
2024-03-11 16:00:00,0.081470833
2024-03-11 17:00:00,0.082272222
2024-03-11 18:00:00,0.083044444
2024-03-11 19:00:00,0.083847222
2024-03-11 20:00:00,0.084530556
2024-03-11 21:00:00,0.085093056
2024-03-11 22:00:00,0.085595833
2024-03-11 23:00:00,0.086044444
2024-03-12 00:00:00,0.086402778
2024-03-12 01:00:00,0.086711111
2024-03-12 02:00:00,0.086993056
2024-03-12 03:00:00,0.087211111
2024-03-12 04:00:00,0.087377778
2024-03-12 05:00:00,0.087545833
2024-03-12 06:00:00,0.087691667
2024-03-12 07:00:00,0.087831944
2024-03-12 08:00:00,0.087955556
2024-03-12 09:00:00,0.088136111
2024-03-12 10:00:00,0.088365278
2024-03-12 11:00:00,0.088616667
2024-03-12 12:00:00,0.088948611
2024-03-12 13:00:00,0.089358333
2024-03-12 14:00:00,0.089793056
2024-03-12 15:00:00,0.090245833
2024-03-12 16:00:00,0.090740278
2024-03-12 17:00:00,0.091254167
2024-03-12 18:00:00,0.091772222
2024-03-12 19:00:00,0.092226389
2024-03-12 20:00:00,0.092645833
2024-03-12 21:00:00,0.093040278
2024-03-12 22:00:00,0.093359722
2024-03-12 23:00:00,0.093606944
2024-03-13 00:00:00,0.093830556
2024-03-13 01:00:00,0.093984722
2024-03-13 02:00:00,0.094054167
2024-03-13 03:00:00,0.094068056
2024-03-13 04:00:00,0.094065278
2024-03-13 05:00:00,0.094005556
2024-03-13 06:00:00,0.093886111
2024-03-13 07:00:00,0.093773611
2024-03-13 08:00:00,0.093679167
2024-03-13 09:00:00,0.093598611
2024-03-13 10:00:00,0.093594444
2024-03-13 11:00:00,0.093629167
2024-03-13 12:00:00,0.093686111
2024-03-13 13:00:00,0.093758333
2024-03-13 14:00:00,0.093916667
2024-03-13 15:00:00,0.094115278
2024-03-13 16:00:00,0.094341667
2024-03-13 17:00:00,0.094583333
2024-03-13 18:00:00,0.094816667
2024-03-13 19:00:00,0.094997222
2024-03-13 20:00:00,0.095129167
2024-03-13 21:00:00,0.095208333
2024-03-13 22:00:00,0.095241667
2024-03-13 23:00:00,0.095206944
2024-03-14 00:00:00,0.095141667
2024-03-14 01:00:00,0.095023611
2024-03-14 02:00:00,0.094851389
2024-03-14 03:00:00,0.094616667
2024-03-14 04:00:00,0.094347222
2024-03-14 05:00:00,0.0940125
2024-03-14 06:00:00,0.093627778
2024-03-14 07:00:00,0.093223611
2024-03-14 08:00:00,0.092766667
2024-03-14 09:00:00,0.092298611
2024-03-14 10:00:00,0.0918625
2024-03-14 11:00:00,0.091436111
2024-03-14 12:00:00,0.091055556
2024-03-14 13:00:00,0.090765278
2024-03-14 14:00:00,0.090511111
2024-03-14 15:00:00,0.090284722
2024-03-14 16:00:00,0.090115278
2024-03-14 17:00:00,0.089966667
2024-03-14 18:00:00,0.089825
2024-03-14 19:00:00,0.089702778
2024-03-14 20:00:00,0.089586111
2024-03-14 21:00:00,0.08945
2024-03-14 22:00:00,0.089298611
2024-03-14 23:00:00,0.089106944
2024-03-15 00:00:00,0.088894444
2024-03-15 01:00:00,0.088638889
2024-03-15 02:00:00,0.088329167
2024-03-15 03:00:00,0.088015278
2024-03-15 04:00:00,0.087748611
2024-03-15 05:00:00,0.087502778
2024-03-15 06:00:00,0.087319444
2024-03-15 07:00:00,0.087197222
2024-03-15 08:00:00,0.087047222
2024-03-15 09:00:00,0.086994444
2024-03-15 10:00:00,0.086981944
2024-03-15 11:00:00,0.087036111
2024-03-15 12:00:00,0.087175
2024-03-15 13:00:00,0.087379167
2024-03-15 14:00:00,0.087627778
2024-03-15 15:00:00,0.087895833
2024-03-15 16:00:00,0.088205556
2024-03-15 17:00:00,0.088520833
2024-03-15 18:00:00,0.088848611
2024-03-15 19:00:00,0.089156944
2024-03-15 20:00:00,0.089426389
2024-03-15 21:00:00,0.089666667
2024-03-15 22:00:00,0.089856944
2024-03-15 23:00:00,0.090001389
2024-03-16 00:00:00,0.090136111
2024-03-16 01:00:00,0.090245833
2024-03-16 02:00:00,0.090334722
2024-03-16 03:00:00,0.090388889
2024-03-16 04:00:00,0.090413889
2024-03-16 05:00:00,0.090420833
2024-03-16 06:00:00,0.090395833
2024-03-16 07:00:00,0.090344444
2024-03-16 08:00:00,0.0902375
2024-03-16 09:00:00,0.090143056
2024-03-16 10:00:00,0.090033333
2024-03-16 11:00:00,0.089904167
2024-03-16 12:00:00,0.0898625
2024-03-16 13:00:00,0.0898375
2024-03-16 14:00:00,0.089834722
2024-03-16 15:00:00,0.0899125
2024-03-16 16:00:00,0.090002778
2024-03-16 17:00:00,0.090086111
2024-03-16 18:00:00,0.0901875
2024-03-16 19:00:00,0.090356944
2024-03-16 20:00:00,0.090476389
2024-03-16 21:00:00,0.090584722
2024-03-16 22:00:00,0.090631944
2024-03-16 23:00:00,0.090694444
2024-03-17 00:00:00,0.090758333
2024-03-17 01:00:00,0.090801389
2024-03-17 02:00:00,0.090875
2024-03-17 03:00:00,0.090931944
2024-03-17 04:00:00,0.090966667
2024-03-17 05:00:00,0.090997222
2024-03-17 06:00:00,0.090994444
2024-03-17 07:00:00,0.091002778
2024-03-17 08:00:00,0.090986111
2024-03-17 09:00:00,0.090980556
2024-03-17 10:00:00,0.0909875
2024-03-17 11:00:00,0.090995833
2024-03-17 12:00:00,0.091019444
2024-03-17 13:00:00,0.091065278
2024-03-17 14:00:00,0.091130556
2024-03-17 15:00:00,0.091195833
2024-03-17 16:00:00,0.0912875
2024-03-17 17:00:00,0.091418056
2024-03-17 18:00:00,0.091520833
2024-03-17 19:00:00,0.091654167
2024-03-17 20:00:00,0.091818056
2024-03-17 21:00:00,0.091956944
2024-03-17 22:00:00,0.0921125
2024-03-17 23:00:00,0.092284722
2024-03-18 00:00:00,0.092463889
2024-03-18 01:00:00,0.092643056
2024-03-18 02:00:00,0.092795833
2024-03-18 03:00:00,0.092972222
2024-03-18 04:00:00,0.093161111
2024-03-18 05:00:00,0.093347222
2024-03-18 06:00:00,0.0935375
2024-03-18 07:00:00,0.093720833
2024-03-18 08:00:00,0.093915278
2024-03-18 09:00:00,0.0941375
2024-03-18 10:00:00,0.094352778
2024-03-18 11:00:00,0.094568056
2024-03-18 12:00:00,0.0948
2024-03-18 13:00:00,0.095084722
2024-03-18 14:00:00,0.095354167
2024-03-18 15:00:00,0.095622222
2024-03-18 16:00:00,0.095908333
2024-03-18 17:00:00,0.096227778
2024-03-18 18:00:00,0.096573611
2024-03-18 19:00:00,0.096919444
2024-03-18 20:00:00,0.097261111
2024-03-18 21:00:00,0.097633333
2024-03-18 22:00:00,0.098025
2024-03-18 23:00:00,0.0984125
2024-03-19 00:00:00,0.098806944
2024-03-19 01:00:00,0.099205556
2024-03-19 02:00:00,0.099594444
2024-03-19 03:00:00,0.1
2024-03-19 04:00:00,0.100415278
2024-03-19 05:00:00,0.100843056
2024-03-19 06:00:00,0.101251389
2024-03-19 07:00:00,0.101675
2024-03-19 08:00:00,0.102065278
2024-03-19 09:00:00,0.102448611
2024-03-19 10:00:00,0.102852778
2024-03-19 11:00:00,0.103230556
2024-03-19 12:00:00,0.103558333
2024-03-19 13:00:00,0.103838889
2024-03-19 14:00:00,0.104048611
2024-03-19 15:00:00,0.104240278
2024-03-19 16:00:00,0.104420833
2024-03-19 17:00:00,0.104544444
2024-03-19 18:00:00,0.104661111
2024-03-19 19:00:00,0.104790278
2024-03-19 20:00:00,0.104897222
2024-03-19 21:00:00,0.1050375
2024-03-19 22:00:00,0.105166667
2024-03-19 23:00:00,0.105280556
2024-03-20 00:00:00,0.105430556
2024-03-20 01:00:00,0.105597222
2024-03-20 02:00:00,0.105745833
2024-03-20 03:00:00,0.105869444
2024-03-20 04:00:00,0.106040278
2024-03-20 05:00:00,0.106177778
2024-03-20 06:00:00,0.106279167
2024-03-20 07:00:00,0.106372222
2024-03-20 08:00:00,0.106452778
2024-03-20 09:00:00,0.106480556
2024-03-20 10:00:00,0.106523611
2024-03-20 11:00:00,0.106519444
2024-03-20 12:00:00,0.106483333
2024-03-20 13:00:00,0.106451389
2024-03-20 14:00:00,0.106355556
2024-03-20 15:00:00,0.106181944
2024-03-20 16:00:00,0.105941667
2024-03-20 17:00:00,0.105681944
2024-03-20 18:00:00,0.105466667
2024-03-20 19:00:00,0.105177778
2024-03-20 20:00:00,0.104758333
2024-03-20 21:00:00,0.104408333
2024-03-20 22:00:00,0.104079167
2024-03-20 23:00:00,0.103747222
2024-03-21 00:00:00,0.103394444
2024-03-21 01:00:00,0.103083333
2024-03-21 02:00:00,0.102838889
2024-03-21 03:00:00,0.102594444
2024-03-21 04:00:00,0.102380556
2024-03-21 05:00:00,0.1021625
2024-03-21 06:00:00,0.101958333
2024-03-21 07:00:00,0.101770833
2024-03-21 08:00:00,0.101577778
2024-03-21 09:00:00,0.101419444
2024-03-21 10:00:00,0.101273611
2024-03-21 11:00:00,0.101120833
2024-03-21 12:00:00,0.1009875
2024-03-21 13:00:00,0.100905556
2024-03-21 14:00:00,0.100830556
2024-03-21 15:00:00,0.100736111
2024-03-21 16:00:00,0.100656944
2024-03-21 17:00:00,0.100541667
2024-03-21 18:00:00,0.100409722
2024-03-21 19:00:00,0.100265278
2024-03-21 20:00:00,0.100098611
2024-03-21 21:00:00,0.099893056
2024-03-21 22:00:00,0.099652778
2024-03-21 23:00:00,0.099388889
2024-03-22 00:00:00,0.099119444
2024-03-22 01:00:00,0.098851389
2024-03-22 02:00:00,0.098558333
2024-03-22 03:00:00,0.098255556
2024-03-22 04:00:00,0.097991667
2024-03-22 05:00:00,0.097745833
2024-03-22 06:00:00,0.097519444
2024-03-22 07:00:00,0.0973125
2024-03-22 08:00:00,0.097126389
2024-03-22 09:00:00,0.096970833
2024-03-22 10:00:00,0.096840278
2024-03-22 11:00:00,0.096740278
2024-03-22 12:00:00,0.096670833
2024-03-22 13:00:00,0.096623611
2024-03-22 14:00:00,0.096597222
2024-03-22 15:00:00,0.096602778
2024-03-22 16:00:00,0.0965875
2024-03-22 17:00:00,0.096556944
2024-03-22 18:00:00,0.096516667
2024-03-22 19:00:00,0.096469444
2024-03-22 20:00:00,0.096390278
2024-03-22 21:00:00,0.096275
2024-03-22 22:00:00,0.096101389
2024-03-22 23:00:00,0.095881944
2024-03-23 00:00:00,0.095644444
2024-03-23 01:00:00,0.095368056
2024-03-23 02:00:00,0.095093056
2024-03-23 03:00:00,0.094826389
2024-03-23 04:00:00,0.094569444
2024-03-23 05:00:00,0.094361111
2024-03-23 06:00:00,0.0942125
2024-03-23 07:00:00,0.094118056
2024-03-23 08:00:00,0.0940625
2024-03-23 09:00:00,0.09405
2024-03-23 10:00:00,0.094101389
2024-03-23 11:00:00,0.094193056
2024-03-23 12:00:00,0.094309722
2024-03-23 13:00:00,0.094481944
2024-03-23 14:00:00,0.094711111
2024-03-23 15:00:00,0.094951389
2024-03-23 16:00:00,0.095194444
2024-03-23 17:00:00,0.095401389
2024-03-23 18:00:00,0.095580556
2024-03-23 19:00:00,0.095684722
2024-03-23 20:00:00,0.095704167
2024-03-23 21:00:00,0.095594444
2024-03-23 22:00:00,0.095366667
2024-03-23 23:00:00,0.0950125
2024-03-24 00:00:00,0.094558333
2024-03-24 01:00:00,0.094068056
2024-03-24 02:00:00,0.093506944
2024-03-24 03:00:00,0.092929167
2024-03-24 04:00:00,0.092381944
2024-03-24 05:00:00,0.091886111
2024-03-24 06:00:00,0.091429167
2024-03-24 07:00:00,0.091093056
2024-03-24 08:00:00,0.090831944
2024-03-24 09:00:00,0.090586111
2024-03-24 10:00:00,0.090425
2024-03-24 11:00:00,0.090318056
2024-03-24 12:00:00,0.090251389
2024-03-24 13:00:00,0.090261111
2024-03-24 14:00:00,0.090331944
2024-03-24 15:00:00,0.090454167
2024-03-24 16:00:00,0.090677778
2024-03-24 17:00:00,0.090931944
2024-03-24 18:00:00,0.091216667
2024-03-24 19:00:00,0.091494444
2024-03-24 20:00:00,0.0917375
2024-03-24 21:00:00,0.091897222
2024-03-24 22:00:00,0.091977778
2024-03-24 23:00:00,0.091963889
2024-03-25 00:00:00,0.091856944
2024-03-25 01:00:00,0.091652778
2024-03-25 02:00:00,0.0914
2024-03-25 03:00:00,0.091106944
2024-03-25 04:00:00,0.090777778
2024-03-25 05:00:00,0.090475
2024-03-25 06:00:00,0.090227778
2024-03-25 07:00:00,0.090051389
2024-03-25 08:00:00,0.0899875
2024-03-25 09:00:00,0.090027778
2024-03-25 10:00:00,0.090219444
2024-03-25 11:00:00,0.090505556
2024-03-25 12:00:00,0.090936111
2024-03-25 13:00:00,0.091476389
2024-03-25 14:00:00,0.092113889
2024-03-25 15:00:00,0.092834722
2024-03-25 16:00:00,0.093590278
2024-03-25 17:00:00,0.094381944
2024-03-25 18:00:00,0.095168056
2024-03-25 19:00:00,0.095916667
2024-03-25 20:00:00,0.096586111
2024-03-25 21:00:00,0.0972
2024-03-25 22:00:00,0.097723611
2024-03-25 23:00:00,0.098151389
2024-03-26 00:00:00,0.098481944
2024-03-26 01:00:00,0.098730556
2024-03-26 02:00:00,0.098908333
2024-03-26 03:00:00,0.099047222
2024-03-26 04:00:00,0.099172222
2024-03-26 05:00:00,0.099275
2024-03-26 06:00:00,0.099394444
2024-03-26 07:00:00,0.099545833
2024-03-26 08:00:00,0.099761111
2024-03-26 09:00:00,0.100086111
2024-03-26 10:00:00,0.100504167
2024-03-26 11:00:00,0.101031944
2024-03-26 12:00:00,0.101686111
2024-03-26 13:00:00,0.102426389
2024-03-26 14:00:00,0.103230556
2024-03-26 15:00:00,0.104119444
2024-03-26 16:00:00,0.105059722
2024-03-26 17:00:00,0.1060375
2024-03-26 18:00:00,0.107047222
2024-03-26 19:00:00,0.108061111
2024-03-26 20:00:00,0.109102778
2024-03-26 21:00:00,0.110056944
2024-03-26 22:00:00,0.110898611
2024-03-26 23:00:00,0.111831944
2024-03-27 00:00:00,0.112786111
2024-03-27 01:00:00,0.113594444
2024-03-27 02:00:00,0.11425
2024-03-27 03:00:00,0.114808333
2024-03-27 04:00:00,0.1152875
2024-03-27 05:00:00,0.115638889
2024-03-27 06:00:00,0.115994444
2024-03-27 07:00:00,0.116305556
2024-03-27 08:00:00,0.116586111
2024-03-27 09:00:00,0.116905556
2024-03-27 10:00:00,0.117286111
2024-03-27 11:00:00,0.117719444
2024-03-27 12:00:00,0.118256944
2024-03-27 13:00:00,0.118786111
2024-03-27 14:00:00,0.119390278
2024-03-27 15:00:00,0.120134722
2024-03-27 16:00:00,0.120870833
2024-03-27 17:00:00,0.121619444
2024-03-27 18:00:00,0.122408333
2024-03-27 19:00:00,0.123169444
2024-03-27 20:00:00,0.123880556
2024-03-27 21:00:00,0.124529167
2024-03-27 22:00:00,0.125158333
2024-03-27 23:00:00,0.125729167
2024-03-28 00:00:00,0.126298611
2024-03-28 01:00:00,0.126768056
2024-03-28 02:00:00,0.127175
2024-03-28 03:00:00,0.127543056
2024-03-28 04:00:00,0.127818056
2024-03-28 05:00:00,0.128005556
2024-03-28 06:00:00,0.128101389
2024-03-28 07:00:00,0.128134722
2024-03-28 08:00:00,0.128077778
2024-03-28 09:00:00,0.127976389
2024-03-28 10:00:00,0.127879167
2024-03-28 11:00:00,0.127775
2024-03-28 12:00:00,0.127676389
2024-03-28 13:00:00,0.1276125
2024-03-28 14:00:00,0.127579167
2024-03-28 15:00:00,0.127568056
2024-03-28 16:00:00,0.127595833
2024-03-28 17:00:00,0.127647222
2024-03-28 18:00:00,0.127711111
2024-03-28 19:00:00,0.127786111
2024-03-28 20:00:00,0.127847222
2024-03-28 21:00:00,0.127913889
2024-03-28 22:00:00,0.127955556
2024-03-28 23:00:00,0.127998611
2024-03-29 00:00:00,0.128031944
2024-03-29 01:00:00,0.128011111
2024-03-29 02:00:00,0.127961111
2024-03-29 03:00:00,0.127865278
2024-03-29 04:00:00,0.127734722
2024-03-29 05:00:00,0.127555556
2024-03-29 06:00:00,0.127326389
2024-03-29 07:00:00,0.127056944
2024-03-29 08:00:00,0.126729167
2024-03-29 09:00:00,0.126344444
2024-03-29 10:00:00,0.125934722
2024-03-29 11:00:00,0.1255125
2024-03-29 12:00:00,0.125090278
2024-03-29 13:00:00,0.124675
2024-03-29 14:00:00,0.124259722
2024-03-29 15:00:00,0.123843056
2024-03-29 16:00:00,0.123461111
2024-03-29 17:00:00,0.123109722
2024-03-29 18:00:00,0.122801389
2024-03-29 19:00:00,0.122526389
2024-03-29 20:00:00,0.122290278
2024-03-29 21:00:00,0.122086111
2024-03-29 22:00:00,0.121911111
2024-03-29 23:00:00,0.121776389
2024-03-30 00:00:00,0.121641667
2024-03-30 01:00:00,0.1215125
2024-03-30 02:00:00,0.1213875
2024-03-30 03:00:00,0.121243056
2024-03-30 04:00:00,0.1210875
2024-03-30 05:00:00,0.120895833
2024-03-30 06:00:00,0.120676389
2024-03-30 07:00:00,0.120436111
2024-03-30 08:00:00,0.120166667
2024-03-30 09:00:00,0.119868056
2024-03-30 10:00:00,0.119559722
2024-03-30 11:00:00,0.119243056
2024-03-30 12:00:00,0.1189125
2024-03-30 13:00:00,0.118597222
2024-03-30 14:00:00,0.118266667
2024-03-30 15:00:00,0.117938889
2024-03-30 16:00:00,0.117638889
2024-03-30 17:00:00,0.1173625
2024-03-30 18:00:00,0.1170875
2024-03-30 19:00:00,0.116852778
2024-03-30 20:00:00,0.116633333
2024-03-30 21:00:00,0.116445833
2024-03-30 22:00:00,0.116277778
2024-03-30 23:00:00,0.116154167
2024-03-31 00:00:00,0.116058333
2024-03-31 01:00:00,0.115925
2024-03-31 02:00:00,0.115830556
2024-03-31 03:00:00,0.115748611
2024-03-31 04:00:00,0.115645833
2024-03-31 05:00:00,0.115540278
2024-03-31 06:00:00,0.115444444
2024-03-31 07:00:00,0.115347222
2024-03-31 08:00:00,0.115231944
2024-03-31 09:00:00,0.115131944
2024-03-31 10:00:00,0.115094444
2024-03-31 11:00:00,0.114955556
2024-03-31 12:00:00,0.114816667
2024-03-31 13:00:00,0.114754167
2024-03-31 14:00:00,0.114675
2024-03-31 15:00:00,0.114541667
2024-03-31 16:00:00,0.114416667
2024-03-31 17:00:00,0.114315278
2024-03-31 18:00:00,0.114172222
2024-03-31 19:00:00,0.1140625
2024-03-31 20:00:00,0.113975
2024-03-31 21:00:00,0.113897222
2024-03-31 22:00:00,0.113816667
2024-03-31 23:00:00,0.113805556
