time,WL_trend_30d_filled
2020-09-01 00:00:00,0.3346875
2020-09-01 01:00:00,0.336309722
2020-09-01 02:00:00,0.337947222
2020-09-01 03:00:00,0.339579167
2020-09-01 04:00:00,0.341309722
2020-09-01 05:00:00,0.342977778
2020-09-01 06:00:00,0.344670833
2020-09-01 07:00:00,0.346436111
2020-09-01 08:00:00,0.348122222
2020-09-01 09:00:00,0.349790278
2020-09-01 10:00:00,0.351604167
2020-09-01 11:00:00,0.353522222
2020-09-01 12:00:00,0.355558333
2020-09-01 13:00:00,0.357723611
2020-09-01 14:00:00,0.359809722
2020-09-01 15:00:00,0.361784722
2020-09-01 16:00:00,0.363681944
2020-09-01 17:00:00,0.365425
2020-09-01 18:00:00,0.367113889
2020-09-01 19:00:00,0.368806944
2020-09-01 20:00:00,0.370501389
2020-09-01 21:00:00,0.372205556
2020-09-01 22:00:00,0.373876389
2020-09-01 23:00:00,0.375522222
2020-09-02 00:00:00,0.377123611
2020-09-02 01:00:00,0.378673611
2020-09-02 02:00:00,0.380155556
2020-09-02 03:00:00,0.3815375
2020-09-02 04:00:00,0.382809722
2020-09-02 05:00:00,0.383961111
2020-09-02 06:00:00,0.385009722
2020-09-02 07:00:00,0.385947222
2020-09-02 08:00:00,0.386741667
2020-09-02 09:00:00,0.387431944
2020-09-02 10:00:00,0.3880125
2020-09-02 11:00:00,0.388490278
2020-09-02 12:00:00,0.388877778
2020-09-02 13:00:00,0.3891875
2020-09-02 14:00:00,0.3894625
2020-09-02 15:00:00,0.389705556
2020-09-02 16:00:00,0.389936111
2020-09-02 17:00:00,0.390166667
2020-09-02 18:00:00,0.390408333
2020-09-02 19:00:00,0.390675
2020-09-02 20:00:00,0.390986111
2020-09-02 21:00:00,0.391334722
2020-09-02 22:00:00,0.391686111
2020-09-02 23:00:00,0.392084722
2020-09-03 00:00:00,0.392497222
2020-09-03 01:00:00,0.392955556
2020-09-03 02:00:00,0.393444444
2020-09-03 03:00:00,0.393941667
2020-09-03 04:00:00,0.394456944
2020-09-03 05:00:00,0.394966667
2020-09-03 06:00:00,0.395463889
2020-09-03 07:00:00,0.395913889
2020-09-03 08:00:00,0.396290278
2020-09-03 09:00:00,0.396634722
2020-09-03 10:00:00,0.3969125
2020-09-03 11:00:00,0.397026389
2020-09-03 12:00:00,0.397201389
2020-09-03 13:00:00,0.397256944
2020-09-03 14:00:00,0.3972375
2020-09-03 15:00:00,0.397215278
2020-09-03 16:00:00,0.397188889
2020-09-03 17:00:00,0.397141667
2020-09-03 18:00:00,0.397118056
2020-09-03 19:00:00,0.397109722
2020-09-03 20:00:00,0.397173611
2020-09-03 21:00:00,0.397302778
2020-09-03 22:00:00,0.397461111
2020-09-03 23:00:00,0.397669444
2020-09-04 00:00:00,0.397911111
2020-09-04 01:00:00,0.398201389
2020-09-04 02:00:00,0.398536111
2020-09-04 03:00:00,0.398902778
2020-09-04 04:00:00,0.399316667
2020-09-04 05:00:00,0.399784722
2020-09-04 06:00:00,0.400248611
2020-09-04 07:00:00,0.400719444
2020-09-04 08:00:00,0.401145833
2020-09-04 09:00:00,0.401547222
2020-09-04 10:00:00,0.401891667
2020-09-04 11:00:00,0.402136111
2020-09-04 12:00:00,0.402286111
2020-09-04 13:00:00,0.402395833
2020-09-04 14:00:00,0.402411111
2020-09-04 15:00:00,0.402345833
2020-09-04 16:00:00,0.402229167
2020-09-04 17:00:00,0.402040278
2020-09-04 18:00:00,0.4018625
2020-09-04 19:00:00,0.4016875
2020-09-04 20:00:00,0.4016375
2020-09-04 21:00:00,0.401652778
2020-09-04 22:00:00,0.401694444
2020-09-04 23:00:00,0.401833333
2020-09-05 00:00:00,0.402031944
2020-09-05 01:00:00,0.4023125
2020-09-05 02:00:00,0.402656944
2020-09-05 03:00:00,0.403091667
2020-09-05 04:00:00,0.403580556
2020-09-05 05:00:00,0.404065278
2020-09-05 06:00:00,0.404601389
2020-09-05 07:00:00,0.405197222
2020-09-05 08:00:00,0.405795833
2020-09-05 09:00:00,0.406320833
2020-09-05 10:00:00,0.406791667
2020-09-05 11:00:00,0.407190278
2020-09-05 12:00:00,0.407493056
2020-09-05 13:00:00,0.407761111
2020-09-05 14:00:00,0.407934722
2020-09-05 15:00:00,0.408016667
2020-09-05 16:00:00,0.40805
2020-09-05 17:00:00,0.40805
2020-09-05 18:00:00,0.4080125
2020-09-05 19:00:00,0.407934722
2020-09-05 20:00:00,0.407873611
2020-09-05 21:00:00,0.407826389
2020-09-05 22:00:00,0.407827778
2020-09-05 23:00:00,0.4079
2020-09-06 00:00:00,0.408033333
2020-09-06 01:00:00,0.408244444
2020-09-06 02:00:00,0.408494444
2020-09-06 03:00:00,0.408843056
2020-09-06 04:00:00,0.409261111
2020-09-06 05:00:00,0.409727778
2020-09-06 06:00:00,0.410254167
2020-09-06 07:00:00,0.410816667
2020-09-06 08:00:00,0.411398611
2020-09-06 09:00:00,0.41195
2020-09-06 10:00:00,0.412490278
2020-09-06 11:00:00,0.412980556
2020-09-06 12:00:00,0.413395833
2020-09-06 13:00:00,0.413758333
2020-09-06 14:00:00,0.414055556
2020-09-06 15:00:00,0.4142875
2020-09-06 16:00:00,0.414425
2020-09-06 17:00:00,0.414494444
2020-09-06 18:00:00,0.414505556
2020-09-06 19:00:00,0.414448611
2020-09-06 20:00:00,0.414351389
2020-09-06 21:00:00,0.4142375
2020-09-06 22:00:00,0.414109722
2020-09-06 23:00:00,0.414025
2020-09-07 00:00:00,0.414
2020-09-07 01:00:00,0.4140625
2020-09-07 02:00:00,0.414180556
2020-09-07 03:00:00,0.4143875
2020-09-07 04:00:00,0.414658333
2020-09-07 05:00:00,0.414986111
2020-09-07 06:00:00,0.415369444
2020-09-07 07:00:00,0.415784722
2020-09-07 08:00:00,0.416204167
2020-09-07 09:00:00,0.416620833
2020-09-07 10:00:00,0.417030556
2020-09-07 11:00:00,0.4174
2020-09-07 12:00:00,0.417766667
2020-09-07 13:00:00,0.418101389
2020-09-07 14:00:00,0.418411111
2020-09-07 15:00:00,0.418705556
2020-09-07 16:00:00,0.418926389
2020-09-07 17:00:00,0.419097222
2020-09-07 18:00:00,0.419231944
2020-09-07 19:00:00,0.419281944
2020-09-07 20:00:00,0.419318056
2020-09-07 21:00:00,0.419293056
2020-09-07 22:00:00,0.419268056
2020-09-07 23:00:00,0.419215278
2020-09-08 00:00:00,0.419219444
2020-09-08 01:00:00,0.419261111
2020-09-08 02:00:00,0.419355556
2020-09-08 03:00:00,0.4195125
2020-09-08 04:00:00,0.419705556
2020-09-08 05:00:00,0.419930556
2020-09-08 06:00:00,0.4202
2020-09-08 07:00:00,0.420511111
2020-09-08 08:00:00,0.420811111
2020-09-08 09:00:00,0.421116667
2020-09-08 10:00:00,0.421404167
2020-09-08 11:00:00,0.421704167
2020-09-08 12:00:00,0.421991667
2020-09-08 13:00:00,0.422308333
2020-09-08 14:00:00,0.422581944
2020-09-08 15:00:00,0.422861111
2020-09-08 16:00:00,0.423134722
2020-09-08 17:00:00,0.423363889
2020-09-08 18:00:00,0.423534722
2020-09-08 19:00:00,0.423676389
2020-09-08 20:00:00,0.423779167
2020-09-08 21:00:00,0.423876389
2020-09-08 22:00:00,0.4240125
2020-09-08 23:00:00,0.424138889
2020-09-09 00:00:00,0.4242875
2020-09-09 01:00:00,0.424479167
2020-09-09 02:00:00,0.424698611
2020-09-09 03:00:00,0.4249625
2020-09-09 04:00:00,0.425245833
2020-09-09 05:00:00,0.425551389
2020-09-09 06:00:00,0.425884722
2020-09-09 07:00:00,0.426222222
2020-09-09 08:00:00,0.426577778
2020-09-09 09:00:00,0.426961111
2020-09-09 10:00:00,0.427326389
2020-09-09 11:00:00,0.427679167
2020-09-09 12:00:00,0.428097222
2020-09-09 13:00:00,0.428466667
2020-09-09 14:00:00,0.428861111
2020-09-09 15:00:00,0.429218056
2020-09-09 16:00:00,0.429559722
2020-09-09 17:00:00,0.429891667
2020-09-09 18:00:00,0.430195833
2020-09-09 19:00:00,0.430495833
2020-09-09 20:00:00,0.430755556
2020-09-09 21:00:00,0.430990278
2020-09-09 22:00:00,0.431191667
2020-09-09 23:00:00,0.431380556
2020-09-10 00:00:00,0.431527778
2020-09-10 01:00:00,0.431694444
2020-09-10 02:00:00,0.431858333
2020-09-10 03:00:00,0.432
2020-09-10 04:00:00,0.432136111
2020-09-10 05:00:00,0.432269444
2020-09-10 06:00:00,0.432415278
2020-09-10 07:00:00,0.432551389
2020-09-10 08:00:00,0.432697222
2020-09-10 09:00:00,0.432829167
2020-09-10 10:00:00,0.432954167
2020-09-10 11:00:00,0.433081944
2020-09-10 12:00:00,0.433222222
2020-09-10 13:00:00,0.433333333
2020-09-10 14:00:00,0.433419444
2020-09-10 15:00:00,0.4335
2020-09-10 16:00:00,0.433551389
2020-09-10 17:00:00,0.433586111
2020-09-10 18:00:00,0.433615278
2020-09-10 19:00:00,0.433626389
2020-09-10 20:00:00,0.433619444
2020-09-10 21:00:00,0.433634722
2020-09-10 22:00:00,0.433631944
2020-09-10 23:00:00,0.433644444
2020-09-11 00:00:00,0.433645833
2020-09-11 01:00:00,0.433651389
2020-09-11 02:00:00,0.433669444
2020-09-11 03:00:00,0.433684722
2020-09-11 04:00:00,0.433690278
2020-09-11 05:00:00,0.433686111
2020-09-11 06:00:00,0.433670833
2020-09-11 07:00:00,0.433654167
2020-09-11 08:00:00,0.433613889
2020-09-11 09:00:00,0.4335625
2020-09-11 10:00:00,0.433502778
2020-09-11 11:00:00,0.433430556
2020-09-11 12:00:00,0.433370833
2020-09-11 13:00:00,0.433311111
2020-09-11 14:00:00,0.433236111
2020-09-11 15:00:00,0.433177778
2020-09-11 16:00:00,0.433163889
2020-09-11 17:00:00,0.433130556
2020-09-11 18:00:00,0.4331
2020-09-11 19:00:00,0.433084722
2020-09-11 20:00:00,0.433086111
2020-09-11 21:00:00,0.433129167
2020-09-11 22:00:00,0.433173611
2020-09-11 23:00:00,0.433244444
2020-09-12 00:00:00,0.433316667
2020-09-12 01:00:00,0.433422222
2020-09-12 02:00:00,0.433551389
2020-09-12 03:00:00,0.433691667
2020-09-12 04:00:00,0.433854167
2020-09-12 05:00:00,0.4339875
2020-09-12 06:00:00,0.434126389
2020-09-12 07:00:00,0.434259722
2020-09-12 08:00:00,0.434375
2020-09-12 09:00:00,0.434470833
2020-09-12 10:00:00,0.434580556
2020-09-12 11:00:00,0.434659722
2020-09-12 12:00:00,0.434716667
2020-09-12 13:00:00,0.434773611
2020-09-12 14:00:00,0.4348375
2020-09-12 15:00:00,0.434936111
2020-09-12 16:00:00,0.435009722
2020-09-12 17:00:00,0.435111111
2020-09-12 18:00:00,0.435227778
2020-09-12 19:00:00,0.435345833
2020-09-12 20:00:00,0.435501389
2020-09-12 21:00:00,0.435676389
2020-09-12 22:00:00,0.435805556
2020-09-12 23:00:00,0.436016667
2020-09-13 00:00:00,0.436263889
2020-09-13 01:00:00,0.4365125
2020-09-13 02:00:00,0.436808333
2020-09-13 03:00:00,0.437119444
2020-09-13 04:00:00,0.437388889
2020-09-13 05:00:00,0.437647222
2020-09-13 06:00:00,0.437926389
2020-09-13 07:00:00,0.438172222
2020-09-13 08:00:00,0.438416667
2020-09-13 09:00:00,0.438643056
2020-09-13 10:00:00,0.438838889
2020-09-13 11:00:00,0.439009722
2020-09-13 12:00:00,0.439198611
2020-09-13 13:00:00,0.439365278
2020-09-13 14:00:00,0.4395
2020-09-13 15:00:00,0.439605556
2020-09-13 16:00:00,0.439733333
2020-09-13 17:00:00,0.439894444
2020-09-13 18:00:00,0.440059722
2020-09-13 19:00:00,0.440218056
2020-09-13 20:00:00,0.440391667
2020-09-13 21:00:00,0.440556944
2020-09-13 22:00:00,0.440763889
2020-09-13 23:00:00,0.441018056
2020-09-14 00:00:00,0.441284722
2020-09-14 01:00:00,0.441586111
2020-09-14 02:00:00,0.441918056
2020-09-14 03:00:00,0.442258333
2020-09-14 04:00:00,0.442622222
2020-09-14 05:00:00,0.442958333
2020-09-14 06:00:00,0.443219444
2020-09-14 07:00:00,0.443455556
2020-09-14 08:00:00,0.443626389
2020-09-14 09:00:00,0.443747222
2020-09-14 10:00:00,0.443802778
2020-09-14 11:00:00,0.443802778
2020-09-14 12:00:00,0.443776389
2020-09-14 13:00:00,0.443754167
2020-09-14 14:00:00,0.443719444
2020-09-14 15:00:00,0.443669444
2020-09-14 16:00:00,0.443630556
2020-09-14 17:00:00,0.443588889
2020-09-14 18:00:00,0.443597222
2020-09-14 19:00:00,0.443647222
2020-09-14 20:00:00,0.443706944
2020-09-14 21:00:00,0.4438
2020-09-14 22:00:00,0.443945833
2020-09-14 23:00:00,0.444111111
2020-09-15 00:00:00,0.444313889
2020-09-15 01:00:00,0.444559722
2020-09-15 02:00:00,0.444815278
2020-09-15 03:00:00,0.445138889
2020-09-15 04:00:00,0.445463889
2020-09-15 05:00:00,0.445775
2020-09-15 06:00:00,0.4460625
2020-09-15 07:00:00,0.446288889
2020-09-15 08:00:00,0.446456944
2020-09-15 09:00:00,0.4465625
2020-09-15 10:00:00,0.446618056
2020-09-15 11:00:00,0.446625
2020-09-15 12:00:00,0.446575
2020-09-15 13:00:00,0.446483333
2020-09-15 14:00:00,0.446379167
2020-09-15 15:00:00,0.446252778
2020-09-15 16:00:00,0.446126389
2020-09-15 17:00:00,0.446002778
2020-09-15 18:00:00,0.445919444
2020-09-15 19:00:00,0.445852778
2020-09-15 20:00:00,0.445816667
2020-09-15 21:00:00,0.445802778
2020-09-15 22:00:00,0.445777778
2020-09-15 23:00:00,0.445811111
2020-09-16 00:00:00,0.445905556
2020-09-16 01:00:00,0.446051389
2020-09-16 02:00:00,0.446222222
2020-09-16 03:00:00,0.446445833
2020-09-16 04:00:00,0.446668056
2020-09-16 05:00:00,0.446913889
2020-09-16 06:00:00,0.447165278
2020-09-16 07:00:00,0.447373611
2020-09-16 08:00:00,0.447531944
2020-09-16 09:00:00,0.447619444
2020-09-16 10:00:00,0.447627778
2020-09-16 11:00:00,0.447575
2020-09-16 12:00:00,0.447468056
2020-09-16 13:00:00,0.447316667
2020-09-16 14:00:00,0.44715
2020-09-16 15:00:00,0.446973611
2020-09-16 16:00:00,0.446809722
2020-09-16 17:00:00,0.446666667
2020-09-16 18:00:00,0.446561111
2020-09-16 19:00:00,0.446486111
2020-09-16 20:00:00,0.446479167
2020-09-16 21:00:00,0.446511111
2020-09-16 22:00:00,0.446573611
2020-09-16 23:00:00,0.446683333
2020-09-17 00:00:00,0.446826389
2020-09-17 01:00:00,0.447018056
2020-09-17 02:00:00,0.447256944
2020-09-17 03:00:00,0.447522222
2020-09-17 04:00:00,0.447820833
2020-09-17 05:00:00,0.448159722
2020-09-17 06:00:00,0.448477778
2020-09-17 07:00:00,0.448705556
2020-09-17 08:00:00,0.448880556
2020-09-17 09:00:00,0.448977778
2020-09-17 10:00:00,0.448988889
2020-09-17 11:00:00,0.448926389
2020-09-17 12:00:00,0.448811111
2020-09-17 13:00:00,0.448676389
2020-09-17 14:00:00,0.448530556
2020-09-17 15:00:00,0.448365278
2020-09-17 16:00:00,0.448208333
2020-09-17 17:00:00,0.448045833
2020-09-17 18:00:00,0.447925
2020-09-17 19:00:00,0.447859722
2020-09-17 20:00:00,0.447833333
2020-09-17 21:00:00,0.447872222
2020-09-17 22:00:00,0.447969444
2020-09-17 23:00:00,0.448122222
2020-09-18 00:00:00,0.448329167
2020-09-18 01:00:00,0.448579167
2020-09-18 02:00:00,0.44885
2020-09-18 03:00:00,0.449143056
2020-09-18 04:00:00,0.449477778
2020-09-18 05:00:00,0.449788889
2020-09-18 06:00:00,0.450098611
2020-09-18 07:00:00,0.450384722
2020-09-18 08:00:00,0.450640278
2020-09-18 09:00:00,0.450847222
2020-09-18 10:00:00,0.450986111
2020-09-18 11:00:00,0.451084722
2020-09-18 12:00:00,0.451123611
2020-09-18 13:00:00,0.451102778
2020-09-18 14:00:00,0.451040278
2020-09-18 15:00:00,0.450952778
2020-09-18 16:00:00,0.450833333
2020-09-18 17:00:00,0.450711111
2020-09-18 18:00:00,0.450595833
2020-09-18 19:00:00,0.450472222
2020-09-18 20:00:00,0.450390278
2020-09-18 21:00:00,0.450369444
2020-09-18 22:00:00,0.450408333
2020-09-18 23:00:00,0.450506944
2020-09-19 00:00:00,0.450629167
2020-09-19 01:00:00,0.450805556
2020-09-19 02:00:00,0.451038889
2020-09-19 03:00:00,0.451293056
2020-09-19 04:00:00,0.451552778
2020-09-19 05:00:00,0.451831944
2020-09-19 06:00:00,0.452104167
2020-09-19 07:00:00,0.452369444
2020-09-19 08:00:00,0.452591667
2020-09-19 09:00:00,0.452773611
2020-09-19 10:00:00,0.452915278
2020-09-19 11:00:00,0.453025
2020-09-19 12:00:00,0.453094444
2020-09-19 13:00:00,0.453106944
2020-09-19 14:00:00,0.453080556
2020-09-19 15:00:00,0.453040278
2020-09-19 16:00:00,0.452958333
2020-09-19 17:00:00,0.452840278
2020-09-19 18:00:00,0.452711111
2020-09-19 19:00:00,0.452591667
2020-09-19 20:00:00,0.452513889
2020-09-19 21:00:00,0.4524625
2020-09-19 22:00:00,0.452438889
2020-09-19 23:00:00,0.452484722
2020-09-20 00:00:00,0.452576389
2020-09-20 01:00:00,0.452708333
2020-09-20 02:00:00,0.452897222
2020-09-20 03:00:00,0.453118056
2020-09-20 04:00:00,0.453377778
2020-09-20 05:00:00,0.453654167
2020-09-20 06:00:00,0.453945833
2020-09-20 07:00:00,0.454222222
2020-09-20 08:00:00,0.4544875
2020-09-20 09:00:00,0.454715278
2020-09-20 10:00:00,0.454916667
2020-09-20 11:00:00,0.455094444
2020-09-20 12:00:00,0.455241667
2020-09-20 13:00:00,0.455361111
2020-09-20 14:00:00,0.45545
2020-09-20 15:00:00,0.455494444
2020-09-20 16:00:00,0.4555125
2020-09-20 17:00:00,0.455490278
2020-09-20 18:00:00,0.455468056
2020-09-20 19:00:00,0.455440278
2020-09-20 20:00:00,0.4553875
2020-09-20 21:00:00,0.455390278
2020-09-20 22:00:00,0.455398611
2020-09-20 23:00:00,0.455475
2020-09-21 00:00:00,0.455608333
2020-09-21 01:00:00,0.455770833
2020-09-21 02:00:00,0.456013889
2020-09-21 03:00:00,0.456293056
2020-09-21 04:00:00,0.456625
2020-09-21 05:00:00,0.457004167
2020-09-21 06:00:00,0.457359722
2020-09-21 07:00:00,0.457730556
2020-09-21 08:00:00,0.458084722
2020-09-21 09:00:00,0.458402778
2020-09-21 10:00:00,0.458697222
2020-09-21 11:00:00,0.458951389
2020-09-21 12:00:00,0.459143056
2020-09-21 13:00:00,0.459313889
2020-09-21 14:00:00,0.459427778
2020-09-21 15:00:00,0.459506944
2020-09-21 16:00:00,0.459545833
2020-09-21 17:00:00,0.4595375
2020-09-21 18:00:00,0.459502778
2020-09-21 19:00:00,0.459466667
2020-09-21 20:00:00,0.459405556
2020-09-21 21:00:00,0.4593375
2020-09-21 22:00:00,0.459336111
2020-09-21 23:00:00,0.459359722
2020-09-22 00:00:00,0.459404167
2020-09-22 01:00:00,0.459506944
2020-09-22 02:00:00,0.4596625
2020-09-22 03:00:00,0.459840278
2020-09-22 04:00:00,0.460055556
2020-09-22 05:00:00,0.460297222
2020-09-22 06:00:00,0.460545833
2020-09-22 07:00:00,0.460806944
2020-09-22 08:00:00,0.461070833
2020-09-22 09:00:00,0.461288889
2020-09-22 10:00:00,0.4614875
2020-09-22 11:00:00,0.461645833
2020-09-22 12:00:00,0.4618125
2020-09-22 13:00:00,0.461945833
2020-09-22 14:00:00,0.4620375
2020-09-22 15:00:00,0.462129167
2020-09-22 16:00:00,0.462168056
2020-09-22 17:00:00,0.462175
2020-09-22 18:00:00,0.462155556
2020-09-22 19:00:00,0.462097222
2020-09-22 20:00:00,0.462052778
2020-09-22 21:00:00,0.462022222
2020-09-22 22:00:00,0.462025
2020-09-22 23:00:00,0.462055556
2020-09-23 00:00:00,0.462119444
2020-09-23 01:00:00,0.462223611
2020-09-23 02:00:00,0.462372222
2020-09-23 03:00:00,0.462559722
2020-09-23 04:00:00,0.462776389
2020-09-23 05:00:00,0.462993056
2020-09-23 06:00:00,0.463215278
2020-09-23 07:00:00,0.463433333
2020-09-23 08:00:00,0.463629167
2020-09-23 09:00:00,0.463816667
2020-09-23 10:00:00,0.463984722
2020-09-23 11:00:00,0.464134722
2020-09-23 12:00:00,0.464270833
2020-09-23 13:00:00,0.464383333
2020-09-23 14:00:00,0.464483333
2020-09-23 15:00:00,0.4645625
2020-09-23 16:00:00,0.464619444
2020-09-23 17:00:00,0.4646375
2020-09-23 18:00:00,0.464647222
2020-09-23 19:00:00,0.464638889
2020-09-23 20:00:00,0.464618056
2020-09-23 21:00:00,0.464573611
2020-09-23 22:00:00,0.464544444
2020-09-23 23:00:00,0.464534722
2020-09-24 00:00:00,0.4645375
2020-09-24 01:00:00,0.464555556
2020-09-24 02:00:00,0.464618056
2020-09-24 03:00:00,0.4647125
2020-09-24 04:00:00,0.464831944
2020-09-24 05:00:00,0.464955556
2020-09-24 06:00:00,0.465083333
2020-09-24 07:00:00,0.46525
2020-09-24 08:00:00,0.465440278
2020-09-24 09:00:00,0.465647222
2020-09-24 10:00:00,0.465879167
2020-09-24 11:00:00,0.466125
2020-09-24 12:00:00,0.466380556
2020-09-24 13:00:00,0.4666375
2020-09-24 14:00:00,0.466872222
2020-09-24 15:00:00,0.467105556
2020-09-24 16:00:00,0.467331944
2020-09-24 17:00:00,0.467522222
2020-09-24 18:00:00,0.467690278
2020-09-24 19:00:00,0.467819444
2020-09-24 20:00:00,0.467925
2020-09-24 21:00:00,0.468001389
2020-09-24 22:00:00,0.468058333
2020-09-24 23:00:00,0.468118056
2020-09-25 00:00:00,0.468186111
2020-09-25 01:00:00,0.468254167
2020-09-25 02:00:00,0.468384722
2020-09-25 03:00:00,0.468536111
2020-09-25 04:00:00,0.468718056
2020-09-25 05:00:00,0.468933333
2020-09-25 06:00:00,0.469172222
2020-09-25 07:00:00,0.469436111
2020-09-25 08:00:00,0.469698611
2020-09-25 09:00:00,0.470013889
2020-09-25 10:00:00,0.470372222
2020-09-25 11:00:00,0.470755556
2020-09-25 12:00:00,0.471188889
2020-09-25 13:00:00,0.471661111
2020-09-25 14:00:00,0.472127778
2020-09-25 15:00:00,0.472641667
2020-09-25 16:00:00,0.473113889
2020-09-25 17:00:00,0.473656944
2020-09-25 18:00:00,0.474183333
2020-09-25 19:00:00,0.474705556
2020-09-25 20:00:00,0.475233333
2020-09-25 21:00:00,0.475752778
2020-09-25 22:00:00,0.476234722
2020-09-25 23:00:00,0.476672222
2020-09-26 00:00:00,0.477081944
2020-09-26 01:00:00,0.477465278
2020-09-26 02:00:00,0.477834722
2020-09-26 03:00:00,0.478155556
2020-09-26 04:00:00,0.478493056
2020-09-26 05:00:00,0.478831944
2020-09-26 06:00:00,0.479138889
2020-09-26 07:00:00,0.479490278
2020-09-26 08:00:00,0.479815278
2020-09-26 09:00:00,0.480134722
2020-09-26 10:00:00,0.480481944
2020-09-26 11:00:00,0.480811111
2020-09-26 12:00:00,0.4811375
2020-09-26 13:00:00,0.481459722
2020-09-26 14:00:00,0.481777778
2020-09-26 15:00:00,0.482073611
2020-09-26 16:00:00,0.482370833
2020-09-26 17:00:00,0.482694444
2020-09-26 18:00:00,0.483022222
2020-09-26 19:00:00,0.483306944
2020-09-26 20:00:00,0.483604167
2020-09-26 21:00:00,0.483888889
2020-09-26 22:00:00,0.484143056
2020-09-26 23:00:00,0.484386111
2020-09-27 00:00:00,0.484609722
2020-09-27 01:00:00,0.484797222
2020-09-27 02:00:00,0.484933333
2020-09-27 03:00:00,0.485111111
2020-09-27 04:00:00,0.485273611
2020-09-27 05:00:00,0.485409722
2020-09-27 06:00:00,0.485565278
2020-09-27 07:00:00,0.485694444
2020-09-27 08:00:00,0.485822222
2020-09-27 09:00:00,0.485938889
2020-09-27 10:00:00,0.486025
2020-09-27 11:00:00,0.486122222
2020-09-27 12:00:00,0.486215278
2020-09-27 13:00:00,0.486279167
2020-09-27 14:00:00,0.486316667
2020-09-27 15:00:00,0.486322222
2020-09-27 16:00:00,0.486347222
2020-09-27 17:00:00,0.486384722
2020-09-27 18:00:00,0.486391667
2020-09-27 19:00:00,0.486388889
2020-09-27 20:00:00,0.486372222
2020-09-27 21:00:00,0.486373611
2020-09-27 22:00:00,0.486384722
2020-09-27 23:00:00,0.486373611
2020-09-28 00:00:00,0.486358333
2020-09-28 01:00:00,0.486344444
2020-09-28 02:00:00,0.486275
2020-09-28 03:00:00,0.486270833
2020-09-28 04:00:00,0.486220833
2020-09-28 05:00:00,0.486152778
2020-09-28 06:00:00,0.486081944
2020-09-28 07:00:00,0.486
2020-09-28 08:00:00,0.485866667
2020-09-28 09:00:00,0.485711111
2020-09-28 10:00:00,0.485523611
2020-09-28 11:00:00,0.485308333
2020-09-28 12:00:00,0.485088889
2020-09-28 13:00:00,0.484840278
2020-09-28 14:00:00,0.484573611
2020-09-28 15:00:00,0.484311111
2020-09-28 16:00:00,0.484065278
2020-09-28 17:00:00,0.483801389
2020-09-28 18:00:00,0.4835375
2020-09-28 19:00:00,0.483273611
2020-09-28 20:00:00,0.483026389
2020-09-28 21:00:00,0.482769444
2020-09-28 22:00:00,0.482497222
2020-09-28 23:00:00,0.482248611
2020-09-29 00:00:00,0.482013889
2020-09-29 01:00:00,0.481765278
2020-09-29 02:00:00,0.481516667
2020-09-29 03:00:00,0.481245833
2020-09-29 04:00:00,0.480994444
2020-09-29 05:00:00,0.480673611
2020-09-29 06:00:00,0.48035
2020-09-29 07:00:00,0.479981944
2020-09-29 08:00:00,0.479543056
2020-09-29 09:00:00,0.479018056
2020-09-29 10:00:00,0.478423611
2020-09-29 11:00:00,0.477780556
2020-09-29 12:00:00,0.477069444
2020-09-29 13:00:00,0.476308333
2020-09-29 14:00:00,0.475541667
2020-09-29 15:00:00,0.474704167
2020-09-29 16:00:00,0.473891667
2020-09-29 17:00:00,0.473075
2020-09-29 18:00:00,0.4722375
2020-09-29 19:00:00,0.471415278
2020-09-29 20:00:00,0.470602778
2020-09-29 21:00:00,0.469813889
2020-09-29 22:00:00,0.469018056
2020-09-29 23:00:00,0.468252778
2020-09-30 00:00:00,0.467493056
2020-09-30 01:00:00,0.466733333
2020-09-30 02:00:00,0.465990278
2020-09-30 03:00:00,0.4653
2020-09-30 04:00:00,0.464606944
2020-09-30 05:00:00,0.463902778
2020-09-30 06:00:00,0.463194444
2020-09-30 07:00:00,0.462438889
2020-09-30 08:00:00,0.461583333
2020-09-30 09:00:00,0.460647222
2020-09-30 10:00:00,0.459643056
2020-09-30 11:00:00,0.458605556
2020-09-30 12:00:00,0.457516667
2020-09-30 13:00:00,0.456408333
2020-09-30 14:00:00,0.455293056
2020-09-30 15:00:00,0.4541125
2020-09-30 16:00:00,0.452927778
2020-09-30 17:00:00,0.451756944
2020-09-30 18:00:00,0.450648611
2020-09-30 19:00:00,0.449563889
2020-09-30 20:00:00,0.448469444
2020-09-30 21:00:00,0.447431944
2020-09-30 22:00:00,0.446377778
2020-09-30 23:00:00,0.445297222
2021-09-01 00:00:00,0.314740278
2021-09-01 01:00:00,0.314513889
2021-09-01 02:00:00,0.314341667
2021-09-01 03:00:00,0.314195833
2021-09-01 04:00:00,0.314052778
2021-09-01 05:00:00,0.313902778
2021-09-01 06:00:00,0.313776389
2021-09-01 07:00:00,0.313690278
2021-09-01 08:00:00,0.313643056
2021-09-01 09:00:00,0.313626389
2021-09-01 10:00:00,0.313633333
2021-09-01 11:00:00,0.313672222
2021-09-01 12:00:00,0.313743056
2021-09-01 13:00:00,0.313855556
2021-09-01 14:00:00,0.314020833
2021-09-01 15:00:00,0.314254167
2021-09-01 16:00:00,0.314484722
2021-09-01 17:00:00,0.314736111
2021-09-01 18:00:00,0.315
2021-09-01 19:00:00,0.315266667
2021-09-01 20:00:00,0.315541667
2021-09-01 21:00:00,0.315780556
2021-09-01 22:00:00,0.316009722
2021-09-01 23:00:00,0.316220833
2021-09-02 00:00:00,0.316413889
2021-09-02 01:00:00,0.316552778
2021-09-02 02:00:00,0.316625
2021-09-02 03:00:00,0.316658333
2021-09-02 04:00:00,0.316652778
2021-09-02 05:00:00,0.316616667
2021-09-02 06:00:00,0.316593056
2021-09-02 07:00:00,0.316530556
2021-09-02 08:00:00,0.316459722
2021-09-02 09:00:00,0.316406944
2021-09-02 10:00:00,0.316355556
2021-09-02 11:00:00,0.316301389
2021-09-02 12:00:00,0.316270833
2021-09-02 13:00:00,0.316229167
2021-09-02 14:00:00,0.31625
2021-09-02 15:00:00,0.316275
2021-09-02 16:00:00,0.316323611
2021-09-02 17:00:00,0.316413889
2021-09-02 18:00:00,0.316498611
2021-09-02 19:00:00,0.316594444
2021-09-02 20:00:00,0.3166875
2021-09-02 21:00:00,0.316798611
2021-09-02 22:00:00,0.316915278
2021-09-02 23:00:00,0.317022222
2021-09-03 00:00:00,0.317144444
2021-09-03 01:00:00,0.31725
2021-09-03 02:00:00,0.317334722
2021-09-03 03:00:00,0.317402778
2021-09-03 04:00:00,0.317480556
2021-09-03 05:00:00,0.317548611
2021-09-03 06:00:00,0.317573611
2021-09-03 07:00:00,0.317597222
2021-09-03 08:00:00,0.317594444
2021-09-03 09:00:00,0.317580556
2021-09-03 10:00:00,0.317558333
2021-09-03 11:00:00,0.317527778
2021-09-03 12:00:00,0.317490278
2021-09-03 13:00:00,0.317456944
2021-09-03 14:00:00,0.317411111
2021-09-03 15:00:00,0.317381944
2021-09-03 16:00:00,0.317391667
2021-09-03 17:00:00,0.317413889
2021-09-03 18:00:00,0.317472222
2021-09-03 19:00:00,0.317554167
2021-09-03 20:00:00,0.317625
2021-09-03 21:00:00,0.317719444
2021-09-03 22:00:00,0.317827778
2021-09-03 23:00:00,0.317947222
2021-09-04 00:00:00,0.318063889
2021-09-04 01:00:00,0.318213889
2021-09-04 02:00:00,0.318376389
2021-09-04 03:00:00,0.3185375
2021-09-04 04:00:00,0.318718056
2021-09-04 05:00:00,0.318884722
2021-09-04 06:00:00,0.319019444
2021-09-04 07:00:00,0.319133333
2021-09-04 08:00:00,0.319223611
2021-09-04 09:00:00,0.319270833
2021-09-04 10:00:00,0.319295833
2021-09-04 11:00:00,0.319295833
2021-09-04 12:00:00,0.319276389
2021-09-04 13:00:00,0.319233333
2021-09-04 14:00:00,0.319197222
2021-09-04 15:00:00,0.319144444
2021-09-04 16:00:00,0.319111111
2021-09-04 17:00:00,0.319088889
2021-09-04 18:00:00,0.319081944
2021-09-04 19:00:00,0.319125
2021-09-04 20:00:00,0.319163889
2021-09-04 21:00:00,0.3192125
2021-09-04 22:00:00,0.319276389
2021-09-04 23:00:00,0.319377778
2021-09-05 00:00:00,0.319520833
2021-09-05 01:00:00,0.319716667
2021-09-05 02:00:00,0.319951389
2021-09-05 03:00:00,0.320225
2021-09-05 04:00:00,0.320518056
2021-09-05 05:00:00,0.320801389
2021-09-05 06:00:00,0.321077778
2021-09-05 07:00:00,0.321336111
2021-09-05 08:00:00,0.321559722
2021-09-05 09:00:00,0.321722222
2021-09-05 10:00:00,0.3218375
2021-09-05 11:00:00,0.321893056
2021-09-05 12:00:00,0.321904167
2021-09-05 13:00:00,0.321876389
2021-09-05 14:00:00,0.321823611
2021-09-05 15:00:00,0.32175
2021-09-05 16:00:00,0.321663889
2021-09-05 17:00:00,0.321591667
2021-09-05 18:00:00,0.321523611
2021-09-05 19:00:00,0.3215
2021-09-05 20:00:00,0.321518056
2021-09-05 21:00:00,0.321534722
2021-09-05 22:00:00,0.321601389
2021-09-05 23:00:00,0.321726389
2021-09-06 00:00:00,0.321866667
2021-09-06 01:00:00,0.322044444
2021-09-06 02:00:00,0.322252778
2021-09-06 03:00:00,0.322486111
2021-09-06 04:00:00,0.322752778
2021-09-06 05:00:00,0.323019444
2021-09-06 06:00:00,0.323293056
2021-09-06 07:00:00,0.323529167
2021-09-06 08:00:00,0.323708333
2021-09-06 09:00:00,0.323831944
2021-09-06 10:00:00,0.323880556
2021-09-06 11:00:00,0.32385
2021-09-06 12:00:00,0.3237375
2021-09-06 13:00:00,0.323566667
2021-09-06 14:00:00,0.323375
2021-09-06 15:00:00,0.323151389
2021-09-06 16:00:00,0.322936111
2021-09-06 17:00:00,0.322744444
2021-09-06 18:00:00,0.322577778
2021-09-06 19:00:00,0.322441667
2021-09-06 20:00:00,0.322405556
2021-09-06 21:00:00,0.322397222
2021-09-06 22:00:00,0.3224625
2021-09-06 23:00:00,0.322584722
2021-09-07 00:00:00,0.322770833
2021-09-07 01:00:00,0.323013889
2021-09-07 02:00:00,0.323302778
2021-09-07 03:00:00,0.323626389
2021-09-07 04:00:00,0.324006944
2021-09-07 05:00:00,0.324401389
2021-09-07 06:00:00,0.324791667
2021-09-07 07:00:00,0.325143056
2021-09-07 08:00:00,0.325455556
2021-09-07 09:00:00,0.325740278
2021-09-07 10:00:00,0.325893056
2021-09-07 11:00:00,0.325955556
2021-09-07 12:00:00,0.325940278
2021-09-07 13:00:00,0.325826389
2021-09-07 14:00:00,0.325656944
2021-09-07 15:00:00,0.325431944
2021-09-07 16:00:00,0.325179167
2021-09-07 17:00:00,0.3249
2021-09-07 18:00:00,0.324595833
2021-09-07 19:00:00,0.324298611
2021-09-07 20:00:00,0.324036111
2021-09-07 21:00:00,0.323831944
2021-09-07 22:00:00,0.323705556
2021-09-07 23:00:00,0.323641667
2021-09-08 00:00:00,0.323638889
2021-09-08 01:00:00,0.323672222
2021-09-08 02:00:00,0.323768056
2021-09-08 03:00:00,0.323925
2021-09-08 04:00:00,0.324120833
2021-09-08 05:00:00,0.324290278
2021-09-08 06:00:00,0.324511111
2021-09-08 07:00:00,0.324727778
2021-09-08 08:00:00,0.324943056
2021-09-08 09:00:00,0.325129167
2021-09-08 10:00:00,0.325283333
2021-09-08 11:00:00,0.325395833
2021-09-08 12:00:00,0.325434722
2021-09-08 13:00:00,0.325420833
2021-09-08 14:00:00,0.325340278
2021-09-08 15:00:00,0.3252
2021-09-08 16:00:00,0.325026389
2021-09-08 17:00:00,0.324834722
2021-09-08 18:00:00,0.324619444
2021-09-08 19:00:00,0.324388889
2021-09-08 20:00:00,0.324183333
2021-09-08 21:00:00,0.324004167
2021-09-08 22:00:00,0.323876389
2021-09-08 23:00:00,0.323826389
2021-09-09 00:00:00,0.323805556
2021-09-09 01:00:00,0.323875
2021-09-09 02:00:00,0.323970833
2021-09-09 03:00:00,0.3240875
2021-09-09 04:00:00,0.324276389
2021-09-09 05:00:00,0.324461111
2021-09-09 06:00:00,0.324638889
2021-09-09 07:00:00,0.324802778
2021-09-09 08:00:00,0.324915278
2021-09-09 09:00:00,0.324991667
2021-09-09 10:00:00,0.325027778
2021-09-09 11:00:00,0.325018056
2021-09-09 12:00:00,0.324948611
2021-09-09 13:00:00,0.324854167
2021-09-09 14:00:00,0.324705556
2021-09-09 15:00:00,0.324493056
2021-09-09 16:00:00,0.324251389
2021-09-09 17:00:00,0.323986111
2021-09-09 18:00:00,0.323705556
2021-09-09 19:00:00,0.323406944
2021-09-09 20:00:00,0.323134722
2021-09-09 21:00:00,0.322909722
2021-09-09 22:00:00,0.322725
2021-09-09 23:00:00,0.322565278
2021-09-10 00:00:00,0.322509722
2021-09-10 01:00:00,0.322530556
2021-09-10 02:00:00,0.322602778
2021-09-10 03:00:00,0.322744444
2021-09-10 04:00:00,0.322920833
2021-09-10 05:00:00,0.323122222
2021-09-10 06:00:00,0.323338889
2021-09-10 07:00:00,0.323552778
2021-09-10 08:00:00,0.323786111
2021-09-10 09:00:00,0.3239375
2021-09-10 10:00:00,0.324075
2021-09-10 11:00:00,0.324188889
2021-09-10 12:00:00,0.324227778
2021-09-10 13:00:00,0.324230556
2021-09-10 14:00:00,0.324198611
2021-09-10 15:00:00,0.324101389
2021-09-10 16:00:00,0.323954167
2021-09-10 17:00:00,0.323780556
2021-09-10 18:00:00,0.323547222
2021-09-10 19:00:00,0.323288889
2021-09-10 20:00:00,0.3230125
2021-09-10 21:00:00,0.322711111
2021-09-10 22:00:00,0.322422222
2021-09-10 23:00:00,0.322155556
2021-09-11 00:00:00,0.321930556
2021-09-11 01:00:00,0.321751389
2021-09-11 02:00:00,0.321511111
2021-09-11 03:00:00,0.321393056
2021-09-11 04:00:00,0.321319444
2021-09-11 05:00:00,0.321315278
2021-09-11 06:00:00,0.3213125
2021-09-11 07:00:00,0.321331944
2021-09-11 08:00:00,0.321351389
2021-09-11 09:00:00,0.321320833
2021-09-11 10:00:00,0.321313889
2021-09-11 11:00:00,0.321231944
2021-09-11 12:00:00,0.321123611
2021-09-11 13:00:00,0.320973611
2021-09-11 14:00:00,0.3207875
2021-09-11 15:00:00,0.320556944
2021-09-11 16:00:00,0.320305556
2021-09-11 17:00:00,0.319995833
2021-09-11 18:00:00,0.319658333
2021-09-11 19:00:00,0.319341667
2021-09-11 20:00:00,0.319030556
2021-09-11 21:00:00,0.318747222
2021-09-11 22:00:00,0.318454167
2021-09-11 23:00:00,0.3182125
2021-09-12 00:00:00,0.318001389
2021-09-12 01:00:00,0.317816667
2021-09-12 02:00:00,0.317670833
2021-09-12 03:00:00,0.317541667
2021-09-12 04:00:00,0.317456944
2021-09-12 05:00:00,0.317405556
2021-09-12 06:00:00,0.317358333
2021-09-12 07:00:00,0.317294444
2021-09-12 08:00:00,0.3172125
2021-09-12 09:00:00,0.317122222
2021-09-12 10:00:00,0.317033333
2021-09-12 11:00:00,0.316904167
2021-09-12 12:00:00,0.316748611
2021-09-12 13:00:00,0.316566667
2021-09-12 14:00:00,0.316369444
2021-09-12 15:00:00,0.316129167
2021-09-12 16:00:00,0.315854167
2021-09-12 17:00:00,0.315531944
2021-09-12 18:00:00,0.315177778
2021-09-12 19:00:00,0.314793056
2021-09-12 20:00:00,0.314384722
2021-09-12 21:00:00,0.313984722
2021-09-12 22:00:00,0.313577778
2021-09-12 23:00:00,0.313205556
2021-09-13 00:00:00,0.31285
2021-09-13 01:00:00,0.312526389
2021-09-13 02:00:00,0.312208333
2021-09-13 03:00:00,0.3118875
2021-09-13 04:00:00,0.311615278
2021-09-13 05:00:00,0.311301389
2021-09-13 06:00:00,0.310988889
2021-09-13 07:00:00,0.310634722
2021-09-13 08:00:00,0.310227778
2021-09-13 09:00:00,0.309805556
2021-09-13 10:00:00,0.309322222
2021-09-13 11:00:00,0.308758333
2021-09-13 12:00:00,0.308118056
2021-09-13 13:00:00,0.307466667
2021-09-13 14:00:00,0.306725
2021-09-13 15:00:00,0.305852778
2021-09-13 16:00:00,0.304901389
2021-09-13 17:00:00,0.304004167
2021-09-13 18:00:00,0.303047222
2021-09-13 19:00:00,0.302086111
2021-09-13 20:00:00,0.301104167
2021-09-13 21:00:00,0.300209722
2021-09-13 22:00:00,0.299297222
2021-09-13 23:00:00,0.298383333
2021-09-14 00:00:00,0.297588889
2021-09-14 01:00:00,0.296848611
2021-09-14 02:00:00,0.296143056
2021-09-14 03:00:00,0.295484722
2021-09-14 04:00:00,0.294890278
2021-09-14 05:00:00,0.294359722
2021-09-14 06:00:00,0.293833333
2021-09-14 07:00:00,0.293343056
2021-09-14 08:00:00,0.292883333
2021-09-14 09:00:00,0.292430556
2021-09-14 10:00:00,0.291991667
2021-09-14 11:00:00,0.2915625
2021-09-14 12:00:00,0.291156944
2021-09-14 13:00:00,0.290693056
2021-09-14 14:00:00,0.290316667
2021-09-14 15:00:00,0.289876389
2021-09-14 16:00:00,0.289401389
2021-09-14 17:00:00,0.288961111
2021-09-14 18:00:00,0.288469444
2021-09-14 19:00:00,0.287970833
2021-09-14 20:00:00,0.287493056
2021-09-14 21:00:00,0.287019444
2021-09-14 22:00:00,0.286486111
2021-09-14 23:00:00,0.286115278
2021-09-15 00:00:00,0.285661111
2021-09-15 01:00:00,0.285219444
2021-09-15 02:00:00,0.284804167
2021-09-15 03:00:00,0.284356944
2021-09-15 04:00:00,0.283981944
2021-09-15 05:00:00,0.283638889
2021-09-15 06:00:00,0.283286111
2021-09-15 07:00:00,0.282959722
2021-09-15 08:00:00,0.2826125
2021-09-15 09:00:00,0.282297222
2021-09-15 10:00:00,0.281973611
2021-09-15 11:00:00,0.28165
2021-09-15 12:00:00,0.281375
2021-09-15 13:00:00,0.281065278
2021-09-15 14:00:00,0.2807375
2021-09-15 15:00:00,0.280366667
2021-09-15 16:00:00,0.280038889
2021-09-15 17:00:00,0.279676389
2021-09-15 18:00:00,0.279375
2021-09-15 19:00:00,0.279097222
2021-09-15 20:00:00,0.278829167
2021-09-15 21:00:00,0.278570833
2021-09-15 22:00:00,0.278347222
2021-09-15 23:00:00,0.278125
2021-09-16 00:00:00,0.277941667
2021-09-16 01:00:00,0.277793056
2021-09-16 02:00:00,0.277679167
2021-09-16 03:00:00,0.277580556
2021-09-16 04:00:00,0.277527778
2021-09-16 05:00:00,0.277481944
2021-09-16 06:00:00,0.277441667
2021-09-16 07:00:00,0.277408333
2021-09-16 08:00:00,0.277369444
2021-09-16 09:00:00,0.277340278
2021-09-16 10:00:00,0.277301389
2021-09-16 11:00:00,0.2772625
2021-09-16 12:00:00,0.277233333
2021-09-16 13:00:00,0.2772
2021-09-16 14:00:00,0.277194444
2021-09-16 15:00:00,0.277202778
2021-09-16 16:00:00,0.277202778
2021-09-16 17:00:00,0.277205556
2021-09-16 18:00:00,0.277205556
2021-09-16 19:00:00,0.277205556
2021-09-16 20:00:00,0.277243056
2021-09-16 21:00:00,0.277295833
2021-09-16 22:00:00,0.277345833
2021-09-16 23:00:00,0.277398611
2021-09-17 00:00:00,0.277481944
2021-09-17 01:00:00,0.277580556
2021-09-17 02:00:00,0.277672222
2021-09-17 03:00:00,0.277770833
2021-09-17 04:00:00,0.277848611
2021-09-17 05:00:00,0.277925
2021-09-17 06:00:00,0.278097222
2021-09-17 07:00:00,0.2782625
2021-09-17 08:00:00,0.278409722
2021-09-17 09:00:00,0.278543056
2021-09-17 10:00:00,0.278666667
2021-09-17 11:00:00,0.278755556
2021-09-17 12:00:00,0.278856944
2021-09-17 13:00:00,0.278958333
2021-09-17 14:00:00,0.279077778
2021-09-17 15:00:00,0.279215278
2021-09-17 16:00:00,0.279377778
2021-09-17 17:00:00,0.279541667
2021-09-17 18:00:00,0.279743056
2021-09-17 19:00:00,0.279930556
2021-09-17 20:00:00,0.280151389
2021-09-17 21:00:00,0.280383333
2021-09-17 22:00:00,0.280609722
2021-09-17 23:00:00,0.280858333
2021-09-18 00:00:00,0.281094444
2021-09-18 01:00:00,0.281295833
2021-09-18 02:00:00,0.281541667
2021-09-18 03:00:00,0.281790278
2021-09-18 04:00:00,0.282018056
2021-09-18 05:00:00,0.282230556
2021-09-18 06:00:00,0.282447222
2021-09-18 07:00:00,0.282625
2021-09-18 08:00:00,0.282795833
2021-09-18 09:00:00,0.282941667
2021-09-18 10:00:00,0.283058333
2021-09-18 11:00:00,0.283158333
2021-09-18 12:00:00,0.283256944
2021-09-18 13:00:00,0.283340278
2021-09-18 14:00:00,0.283438889
2021-09-18 15:00:00,0.283602778
2021-09-18 16:00:00,0.283797222
2021-09-18 17:00:00,0.284006944
2021-09-18 18:00:00,0.284227778
2021-09-18 19:00:00,0.284468056
2021-09-18 20:00:00,0.284747222
2021-09-18 21:00:00,0.285077778
2021-09-18 22:00:00,0.285415278
2021-09-18 23:00:00,0.285752778
2021-09-19 00:00:00,0.286116667
2021-09-19 01:00:00,0.286491667
2021-09-19 02:00:00,0.286869444
2021-09-19 03:00:00,0.287259722
2021-09-19 04:00:00,0.287656944
2021-09-19 05:00:00,0.288044444
2021-09-19 06:00:00,0.288401389
2021-09-19 07:00:00,0.288747222
2021-09-19 08:00:00,0.289066667
2021-09-19 09:00:00,0.289340278
2021-09-19 10:00:00,0.289573611
2021-09-19 11:00:00,0.289781944
2021-09-19 12:00:00,0.289969444
2021-09-19 13:00:00,0.290122222
2021-09-19 14:00:00,0.290345833
2021-09-19 15:00:00,0.290656944
2021-09-19 16:00:00,0.290845833
2021-09-19 17:00:00,0.2910125
2021-09-19 18:00:00,0.291170833
2021-09-19 19:00:00,0.291331944
2021-09-19 20:00:00,0.291511111
2021-09-19 21:00:00,0.291676389
2021-09-19 22:00:00,0.291868056
2021-09-19 23:00:00,0.292094444
2021-09-20 00:00:00,0.292356944
2021-09-20 01:00:00,0.292651389
2021-09-20 02:00:00,0.292970833
2021-09-20 03:00:00,0.293297222
2021-09-20 04:00:00,0.293638889
2021-09-20 05:00:00,0.293984722
2021-09-20 06:00:00,0.294319444
2021-09-20 07:00:00,0.294618056
2021-09-20 08:00:00,0.294801389
2021-09-20 09:00:00,0.295026389
2021-09-20 10:00:00,0.295129167
2021-09-20 11:00:00,0.295165278
2021-09-20 12:00:00,0.295168056
2021-09-20 13:00:00,0.295143056
2021-09-20 14:00:00,0.295098611
2021-09-20 15:00:00,0.295076389
2021-09-20 16:00:00,0.295090278
2021-09-20 17:00:00,0.295158333
2021-09-20 18:00:00,0.295286111
2021-09-20 19:00:00,0.295495833
2021-09-20 20:00:00,0.295765278
2021-09-20 21:00:00,0.296084722
2021-09-20 22:00:00,0.296433333
2021-09-20 23:00:00,0.296830556
2021-09-21 00:00:00,0.297261111
2021-09-21 01:00:00,0.297715278
2021-09-21 02:00:00,0.298186111
2021-09-21 03:00:00,0.298658333
2021-09-21 04:00:00,0.299147222
2021-09-21 05:00:00,0.299648611
2021-09-21 06:00:00,0.300104167
2021-09-21 07:00:00,0.300536111
2021-09-21 08:00:00,0.300883333
2021-09-21 09:00:00,0.301155556
2021-09-21 10:00:00,0.301344444
2021-09-21 11:00:00,0.301456944
2021-09-21 12:00:00,0.301490278
2021-09-21 13:00:00,0.301477778
2021-09-21 14:00:00,0.301426389
2021-09-21 15:00:00,0.301384722
2021-09-21 16:00:00,0.301323611
2021-09-21 17:00:00,0.301281944
2021-09-21 18:00:00,0.301297222
2021-09-21 19:00:00,0.301372222
2021-09-21 20:00:00,0.301515278
2021-09-21 21:00:00,0.301726389
2021-09-21 22:00:00,0.301995833
2021-09-21 23:00:00,0.302329167
2021-09-22 00:00:00,0.302708333
2021-09-22 01:00:00,0.303154167
2021-09-22 02:00:00,0.303648611
2021-09-22 03:00:00,0.304161111
2021-09-22 04:00:00,0.304706944
2021-09-22 05:00:00,0.305254167
2021-09-22 06:00:00,0.305768056
2021-09-22 07:00:00,0.306238889
2021-09-22 08:00:00,0.306629167
2021-09-22 09:00:00,0.306929167
2021-09-22 10:00:00,0.307134722
2021-09-22 11:00:00,0.307238889
2021-09-22 12:00:00,0.307265278
2021-09-22 13:00:00,0.307205556
2021-09-22 14:00:00,0.307104167
2021-09-22 15:00:00,0.3069375
2021-09-22 16:00:00,0.30675
2021-09-22 17:00:00,0.306540278
2021-09-22 18:00:00,0.3063375
2021-09-22 19:00:00,0.306193056
2021-09-22 20:00:00,0.306090278
2021-09-22 21:00:00,0.306086111
2021-09-22 22:00:00,0.306130556
2021-09-22 23:00:00,0.306251389
2021-09-23 00:00:00,0.306456944
2021-09-23 01:00:00,0.306740278
2021-09-23 02:00:00,0.307105556
2021-09-23 03:00:00,0.307525
2021-09-23 04:00:00,0.307969444
2021-09-23 05:00:00,0.308422222
2021-09-23 06:00:00,0.30885
2021-09-23 07:00:00,0.309263889
2021-09-23 08:00:00,0.3096375
2021-09-23 09:00:00,0.309925
2021-09-23 10:00:00,0.310131944
2021-09-23 11:00:00,0.310294444
2021-09-23 12:00:00,0.310370833
2021-09-23 13:00:00,0.3103875
2021-09-23 14:00:00,0.310365278
2021-09-23 15:00:00,0.310225
2021-09-23 16:00:00,0.3100125
2021-09-23 17:00:00,0.309766667
2021-09-23 18:00:00,0.309498611
2021-09-23 19:00:00,0.309231944
2021-09-23 20:00:00,0.308994444
2021-09-23 21:00:00,0.308836111
2021-09-23 22:00:00,0.308747222
2021-09-23 23:00:00,0.308763889
2021-09-24 00:00:00,0.308869444
2021-09-24 01:00:00,0.309055556
2021-09-24 02:00:00,0.309315278
2021-09-24 03:00:00,0.309641667
2021-09-24 04:00:00,0.309991667
2021-09-24 05:00:00,0.310356944
2021-09-24 06:00:00,0.310726389
2021-09-24 07:00:00,0.311056944
2021-09-24 08:00:00,0.311347222
2021-09-24 09:00:00,0.311591667
2021-09-24 10:00:00,0.311769444
2021-09-24 11:00:00,0.311893056
2021-09-24 12:00:00,0.312
2021-09-24 13:00:00,0.312031944
2021-09-24 14:00:00,0.312022222
2021-09-24 15:00:00,0.311941667
2021-09-24 16:00:00,0.311795833
2021-09-24 17:00:00,0.311611111
2021-09-24 18:00:00,0.311376389
2021-09-24 19:00:00,0.311105556
2021-09-24 20:00:00,0.3108625
2021-09-24 21:00:00,0.310666667
2021-09-24 22:00:00,0.310531944
2021-09-24 23:00:00,0.310506944
2021-09-25 00:00:00,0.3105875
2021-09-25 01:00:00,0.310763889
2021-09-25 02:00:00,0.311031944
2021-09-25 03:00:00,0.311361111
2021-09-25 04:00:00,0.311738889
2021-09-25 05:00:00,0.31215
2021-09-25 06:00:00,0.312591667
2021-09-25 07:00:00,0.313036111
2021-09-25 08:00:00,0.3134625
2021-09-25 09:00:00,0.313852778
2021-09-25 10:00:00,0.314216667
2021-09-25 11:00:00,0.314544444
2021-09-25 12:00:00,0.314844444
2021-09-25 13:00:00,0.315106944
2021-09-25 14:00:00,0.315329167
2021-09-25 15:00:00,0.315483333
2021-09-25 16:00:00,0.315593056
2021-09-25 17:00:00,0.3156375
2021-09-25 18:00:00,0.315611111
2021-09-25 19:00:00,0.315526389
2021-09-25 20:00:00,0.315397222
2021-09-25 21:00:00,0.315265278
2021-09-25 22:00:00,0.315158333
2021-09-25 23:00:00,0.315084722
2021-09-26 00:00:00,0.315051389
2021-09-26 01:00:00,0.315079167
2021-09-26 02:00:00,0.315180556
2021-09-26 03:00:00,0.315330556
2021-09-26 04:00:00,0.315529167
2021-09-26 05:00:00,0.3157625
2021-09-26 06:00:00,0.3160375
2021-09-26 07:00:00,0.316358333
2021-09-26 08:00:00,0.316713889
2021-09-26 09:00:00,0.317072222
2021-09-26 10:00:00,0.317434722
2021-09-26 11:00:00,0.317791667
2021-09-26 12:00:00,0.318144444
2021-09-26 13:00:00,0.318490278
2021-09-26 14:00:00,0.318818056
2021-09-26 15:00:00,0.319131944
2021-09-26 16:00:00,0.319420833
2021-09-26 17:00:00,0.319691667
2021-09-26 18:00:00,0.319895833
2021-09-26 19:00:00,0.320051389
2021-09-26 20:00:00,0.320183333
2021-09-26 21:00:00,0.320276389
2021-09-26 22:00:00,0.320341667
2021-09-26 23:00:00,0.320419444
2021-09-27 00:00:00,0.3204875
2021-09-27 01:00:00,0.320597222
2021-09-27 02:00:00,0.320752778
2021-09-27 03:00:00,0.3209125
2021-09-27 04:00:00,0.321120833
2021-09-27 05:00:00,0.321354167
2021-09-27 06:00:00,0.321613889
2021-09-27 07:00:00,0.321897222
2021-09-27 08:00:00,0.322209722
2021-09-27 09:00:00,0.322545833
2021-09-27 10:00:00,0.322883333
2021-09-27 11:00:00,0.323213889
2021-09-27 12:00:00,0.323544444
2021-09-27 13:00:00,0.323869444
2021-09-27 14:00:00,0.324193056
2021-09-27 15:00:00,0.324491667
2021-09-27 16:00:00,0.324759722
2021-09-27 17:00:00,0.324979167
2021-09-27 18:00:00,0.325151389
2021-09-27 19:00:00,0.325273611
2021-09-27 20:00:00,0.325334722
2021-09-27 21:00:00,0.325361111
2021-09-27 22:00:00,0.325354167
2021-09-27 23:00:00,0.325290278
2021-09-28 00:00:00,0.325248611
2021-09-28 01:00:00,0.325222222
2021-09-28 02:00:00,0.325168056
2021-09-28 03:00:00,0.325133333
2021-09-28 04:00:00,0.325125
2021-09-28 05:00:00,0.3251375
2021-09-28 06:00:00,0.325193056
2021-09-28 07:00:00,0.325255556
2021-09-28 08:00:00,0.3253375
2021-09-28 09:00:00,0.325466667
2021-09-28 10:00:00,0.325631944
2021-09-28 11:00:00,0.325811111
2021-09-28 12:00:00,0.326034722
2021-09-28 13:00:00,0.326275
2021-09-28 14:00:00,0.326533333
2021-09-28 15:00:00,0.326809722
2021-09-28 16:00:00,0.327065278
2021-09-28 17:00:00,0.327311111
2021-09-28 18:00:00,0.327598611
2021-09-28 19:00:00,0.327790278
2021-09-28 20:00:00,0.327997222
2021-09-28 21:00:00,0.328223611
2021-09-28 22:00:00,0.328425
2021-09-28 23:00:00,0.328636111
2021-09-29 00:00:00,0.328829167
2021-09-29 01:00:00,0.329013889
2021-09-29 02:00:00,0.329204167
2021-09-29 03:00:00,0.329384722
2021-09-29 04:00:00,0.329552778
2021-09-29 05:00:00,0.329713889
2021-09-29 06:00:00,0.329856944
2021-09-29 07:00:00,0.330013889
2021-09-29 08:00:00,0.330154167
2021-09-29 09:00:00,0.330276389
2021-09-29 10:00:00,0.330376389
2021-09-29 11:00:00,0.330477778
2021-09-29 12:00:00,0.330570833
2021-09-29 13:00:00,0.330661111
2021-09-29 14:00:00,0.3307625
2021-09-29 15:00:00,0.3308625
2021-09-29 16:00:00,0.331
2021-09-29 17:00:00,0.3311125
2021-09-29 18:00:00,0.331225
2021-09-29 19:00:00,0.331341667
2021-09-29 20:00:00,0.3314625
2021-09-29 21:00:00,0.331590278
2021-09-29 22:00:00,0.331715278
2021-09-29 23:00:00,0.331843056
2021-09-30 00:00:00,0.3319625
2021-09-30 01:00:00,0.332043056
2021-09-30 02:00:00,0.332118056
2021-09-30 03:00:00,0.332161111
2021-09-30 04:00:00,0.332198611
2021-09-30 05:00:00,0.332206944
2021-09-30 06:00:00,0.332202778
2021-09-30 07:00:00,0.332179167
2021-09-30 08:00:00,0.332111111
2021-09-30 09:00:00,0.332063889
2021-09-30 10:00:00,0.3319875
2021-09-30 11:00:00,0.331880556
2021-09-30 12:00:00,0.331788889
2021-09-30 13:00:00,0.331654167
2021-09-30 14:00:00,0.331526389
2021-09-30 15:00:00,0.331386111
2021-09-30 16:00:00,0.331251389
2021-09-30 17:00:00,0.331130556
2021-09-30 18:00:00,0.331002778
2021-09-30 19:00:00,0.330856944
2021-09-30 20:00:00,0.330758333
2021-09-30 21:00:00,0.3306
2021-09-30 22:00:00,0.3305375
2021-09-30 23:00:00,0.330508333
2022-09-01 00:00:00,0.291425
2022-09-01 01:00:00,0.291619444
2022-09-01 02:00:00,0.291763889
2022-09-01 03:00:00,0.292019444
2022-09-01 04:00:00,0.292315278
2022-09-01 05:00:00,0.292640278
2022-09-01 06:00:00,0.293009722
2022-09-01 07:00:00,0.293368056
2022-09-01 08:00:00,0.293675
2022-09-01 09:00:00,0.293956944
2022-09-01 10:00:00,0.294198611
2022-09-01 11:00:00,0.294413889
2022-09-01 12:00:00,0.294597222
2022-09-01 13:00:00,0.294780556
2022-09-01 14:00:00,0.294959722
2022-09-01 15:00:00,0.295111111
2022-09-01 16:00:00,0.295244444
2022-09-01 17:00:00,0.295375
2022-09-01 18:00:00,0.295465278
2022-09-01 19:00:00,0.295536111
2022-09-01 20:00:00,0.295608333
2022-09-01 21:00:00,0.295659722
2022-09-01 22:00:00,0.295706944
2022-09-01 23:00:00,0.295783333
2022-09-02 00:00:00,0.295909722
2022-09-02 01:00:00,0.296008333
2022-09-02 02:00:00,0.296155556
2022-09-02 03:00:00,0.296343056
2022-09-02 04:00:00,0.296565278
2022-09-02 05:00:00,0.296829167
2022-09-02 06:00:00,0.297101389
2022-09-02 07:00:00,0.297358333
2022-09-02 08:00:00,0.297631944
2022-09-02 09:00:00,0.297902778
2022-09-02 10:00:00,0.298131944
2022-09-02 11:00:00,0.298345833
2022-09-02 12:00:00,0.298590278
2022-09-02 13:00:00,0.298848611
2022-09-02 14:00:00,0.2991
2022-09-02 15:00:00,0.299345833
2022-09-02 16:00:00,0.299572222
2022-09-02 17:00:00,0.299797222
2022-09-02 18:00:00,0.300033333
2022-09-02 19:00:00,0.300252778
2022-09-02 20:00:00,0.300411111
2022-09-02 21:00:00,0.300588889
2022-09-02 22:00:00,0.300747222
2022-09-02 23:00:00,0.300875
2022-09-03 00:00:00,0.301023611
2022-09-03 01:00:00,0.301163889
2022-09-03 02:00:00,0.301323611
2022-09-03 03:00:00,0.301459722
2022-09-03 04:00:00,0.301643056
2022-09-03 05:00:00,0.301829167
2022-09-03 06:00:00,0.302019444
2022-09-03 07:00:00,0.302211111
2022-09-03 08:00:00,0.302391667
2022-09-03 09:00:00,0.302569444
2022-09-03 10:00:00,0.302733333
2022-09-03 11:00:00,0.302888889
2022-09-03 12:00:00,0.303051389
2022-09-03 13:00:00,0.303204167
2022-09-03 14:00:00,0.303359722
2022-09-03 15:00:00,0.303515278
2022-09-03 16:00:00,0.303663889
2022-09-03 17:00:00,0.303820833
2022-09-03 18:00:00,0.303975
2022-09-03 19:00:00,0.304126389
2022-09-03 20:00:00,0.304273611
2022-09-03 21:00:00,0.304433333
2022-09-03 22:00:00,0.304581944
2022-09-03 23:00:00,0.304754167
2022-09-04 00:00:00,0.304922222
2022-09-04 01:00:00,0.305059722
2022-09-04 02:00:00,0.305229167
2022-09-04 03:00:00,0.305388889
2022-09-04 04:00:00,0.305555556
2022-09-04 05:00:00,0.305725
2022-09-04 06:00:00,0.305886111
2022-09-04 07:00:00,0.3060375
2022-09-04 08:00:00,0.306173611
2022-09-04 09:00:00,0.306304167
2022-09-04 10:00:00,0.306423611
2022-09-04 11:00:00,0.306533333
2022-09-04 12:00:00,0.306630556
2022-09-04 13:00:00,0.306706944
2022-09-04 14:00:00,0.3067875
2022-09-04 15:00:00,0.306852778
2022-09-04 16:00:00,0.3069125
2022-09-04 17:00:00,0.306969444
2022-09-04 18:00:00,0.306998611
2022-09-04 19:00:00,0.307047222
2022-09-04 20:00:00,0.307106944
2022-09-04 21:00:00,0.307159722
2022-09-04 22:00:00,0.307216667
2022-09-04 23:00:00,0.3072625
2022-09-05 00:00:00,0.307313889
2022-09-05 01:00:00,0.307361111
2022-09-05 02:00:00,0.307425
2022-09-05 03:00:00,0.307476389
2022-09-05 04:00:00,0.307541667
2022-09-05 05:00:00,0.307608333
2022-09-05 06:00:00,0.307666667
2022-09-05 07:00:00,0.307722222
2022-09-05 08:00:00,0.307791667
2022-09-05 09:00:00,0.3078375
2022-09-05 10:00:00,0.307872222
2022-09-05 11:00:00,0.307906944
2022-09-05 12:00:00,0.307941667
2022-09-05 13:00:00,0.3079875
2022-09-05 14:00:00,0.308043056
2022-09-05 15:00:00,0.308093056
2022-09-05 16:00:00,0.308163889
2022-09-05 17:00:00,0.308240278
2022-09-05 18:00:00,0.308320833
2022-09-05 19:00:00,0.308411111
2022-09-05 20:00:00,0.308506944
2022-09-05 21:00:00,0.308593056
2022-09-05 22:00:00,0.308695833
2022-09-05 23:00:00,0.308797222
2022-09-06 00:00:00,0.308898611
2022-09-06 01:00:00,0.309029167
2022-09-06 02:00:00,0.3091625
2022-09-06 03:00:00,0.3093375
2022-09-06 04:00:00,0.309508333
2022-09-06 05:00:00,0.309656944
2022-09-06 06:00:00,0.309805556
2022-09-06 07:00:00,0.309984722
2022-09-06 08:00:00,0.310122222
2022-09-06 09:00:00,0.310222222
2022-09-06 10:00:00,0.310309722
2022-09-06 11:00:00,0.310393056
2022-09-06 12:00:00,0.310452778
2022-09-06 13:00:00,0.310505556
2022-09-06 14:00:00,0.310558333
2022-09-06 15:00:00,0.310619444
2022-09-06 16:00:00,0.310698611
2022-09-06 17:00:00,0.310806944
2022-09-06 18:00:00,0.310916667
2022-09-06 19:00:00,0.311019444
2022-09-06 20:00:00,0.311145833
2022-09-06 21:00:00,0.311268056
2022-09-06 22:00:00,0.311404167
2022-09-06 23:00:00,0.311563889
2022-09-07 00:00:00,0.311736111
2022-09-07 01:00:00,0.311925
2022-09-07 02:00:00,0.3121125
2022-09-07 03:00:00,0.312320833
2022-09-07 04:00:00,0.312495833
2022-09-07 05:00:00,0.312661111
2022-09-07 06:00:00,0.312836111
2022-09-07 07:00:00,0.3129875
2022-09-07 08:00:00,0.313109722
2022-09-07 09:00:00,0.313198611
2022-09-07 10:00:00,0.313261111
2022-09-07 11:00:00,0.313298611
2022-09-07 12:00:00,0.313313889
2022-09-07 13:00:00,0.313327778
2022-09-07 14:00:00,0.313313889
2022-09-07 15:00:00,0.313291667
2022-09-07 16:00:00,0.313256944
2022-09-07 17:00:00,0.313234722
2022-09-07 18:00:00,0.313209722
2022-09-07 19:00:00,0.313193056
2022-09-07 20:00:00,0.313193056
2022-09-07 21:00:00,0.313183333
2022-09-07 22:00:00,0.313181944
2022-09-07 23:00:00,0.313181944
2022-09-08 00:00:00,0.313229167
2022-09-08 01:00:00,0.313280556
2022-09-08 02:00:00,0.313313889
2022-09-08 03:00:00,0.3134
2022-09-08 04:00:00,0.313488889
2022-09-08 05:00:00,0.313576389
2022-09-08 06:00:00,0.313677778
2022-09-08 07:00:00,0.313716667
2022-09-08 08:00:00,0.313736111
2022-09-08 09:00:00,0.313719444
2022-09-08 10:00:00,0.313665278
2022-09-08 11:00:00,0.313590278
2022-09-08 12:00:00,0.313470833
2022-09-08 13:00:00,0.313325
2022-09-08 14:00:00,0.313143056
2022-09-08 15:00:00,0.312959722
2022-09-08 16:00:00,0.31275
2022-09-08 17:00:00,0.312566667
2022-09-08 18:00:00,0.312415278
2022-09-08 19:00:00,0.312281944
2022-09-08 20:00:00,0.312163889
2022-09-08 21:00:00,0.3120875
2022-09-08 22:00:00,0.312030556
2022-09-08 23:00:00,0.311979167
2022-09-09 00:00:00,0.311916667
2022-09-09 01:00:00,0.311908333
2022-09-09 02:00:00,0.311901389
2022-09-09 03:00:00,0.3119625
2022-09-09 04:00:00,0.312033333
2022-09-09 05:00:00,0.312101389
2022-09-09 06:00:00,0.312159722
2022-09-09 07:00:00,0.312198611
2022-09-09 08:00:00,0.312198611
2022-09-09 09:00:00,0.312154167
2022-09-09 10:00:00,0.312095833
2022-09-09 11:00:00,0.311994444
2022-09-09 12:00:00,0.311856944
2022-09-09 13:00:00,0.311697222
2022-09-09 14:00:00,0.3115625
2022-09-09 15:00:00,0.311376389
2022-09-09 16:00:00,0.311197222
2022-09-09 17:00:00,0.31105
2022-09-09 18:00:00,0.310922222
2022-09-09 19:00:00,0.310831944
2022-09-09 20:00:00,0.310777778
2022-09-09 21:00:00,0.310761111
2022-09-09 22:00:00,0.310761111
2022-09-09 23:00:00,0.310773611
2022-09-10 00:00:00,0.310861111
2022-09-10 01:00:00,0.310988889
2022-09-10 02:00:00,0.311144444
2022-09-10 03:00:00,0.311361111
2022-09-10 04:00:00,0.311630556
2022-09-10 05:00:00,0.311915278
2022-09-10 06:00:00,0.312191667
2022-09-10 07:00:00,0.312477778
2022-09-10 08:00:00,0.312713889
2022-09-10 09:00:00,0.312913889
2022-09-10 10:00:00,0.313040278
2022-09-10 11:00:00,0.313073611
2022-09-10 12:00:00,0.313030556
2022-09-10 13:00:00,0.312933333
2022-09-10 14:00:00,0.312820833
2022-09-10 15:00:00,0.312648611
2022-09-10 16:00:00,0.312472222
2022-09-10 17:00:00,0.312301389
2022-09-10 18:00:00,0.312161111
2022-09-10 19:00:00,0.312056944
2022-09-10 20:00:00,0.311994444
2022-09-10 21:00:00,0.311969444
2022-09-10 22:00:00,0.311972222
2022-09-10 23:00:00,0.311997222
2022-09-11 00:00:00,0.312066667
2022-09-11 01:00:00,0.312194444
2022-09-11 02:00:00,0.312373611
2022-09-11 03:00:00,0.312606944
2022-09-11 04:00:00,0.312876389
2022-09-11 05:00:00,0.313180556
2022-09-11 06:00:00,0.313484722
2022-09-11 07:00:00,0.313770833
2022-09-11 08:00:00,0.314040278
2022-09-11 09:00:00,0.314248611
2022-09-11 10:00:00,0.314395833
2022-09-11 11:00:00,0.314481944
2022-09-11 12:00:00,0.314515278
2022-09-11 13:00:00,0.314480556
2022-09-11 14:00:00,0.314434722
2022-09-11 15:00:00,0.314375
2022-09-11 16:00:00,0.314309722
2022-09-11 17:00:00,0.314261111
2022-09-11 18:00:00,0.31425
2022-09-11 19:00:00,0.314277778
2022-09-11 20:00:00,0.314356944
2022-09-11 21:00:00,0.314476389
2022-09-11 22:00:00,0.314629167
2022-09-11 23:00:00,0.314783333
2022-09-12 00:00:00,0.314997222
2022-09-12 01:00:00,0.315254167
2022-09-12 02:00:00,0.315552778
2022-09-12 03:00:00,0.315881944
2022-09-12 04:00:00,0.316225
2022-09-12 05:00:00,0.316575
2022-09-12 06:00:00,0.316883333
2022-09-12 07:00:00,0.317106944
2022-09-12 08:00:00,0.317231944
2022-09-12 09:00:00,0.3172875
2022-09-12 10:00:00,0.317248611
2022-09-12 11:00:00,0.317123611
2022-09-12 12:00:00,0.3169375
2022-09-12 13:00:00,0.3166625
2022-09-12 14:00:00,0.316372222
2022-09-12 15:00:00,0.316059722
2022-09-12 16:00:00,0.315748611
2022-09-12 17:00:00,0.315438889
2022-09-12 18:00:00,0.315154167
2022-09-12 19:00:00,0.314894444
2022-09-12 20:00:00,0.314695833
2022-09-12 21:00:00,0.314551389
2022-09-12 22:00:00,0.314456944
2022-09-12 23:00:00,0.314415278
2022-09-13 00:00:00,0.314434722
2022-09-13 01:00:00,0.314497222
2022-09-13 02:00:00,0.314615278
2022-09-13 03:00:00,0.3148
2022-09-13 04:00:00,0.315031944
2022-09-13 05:00:00,0.315298611
2022-09-13 06:00:00,0.315583333
2022-09-13 07:00:00,0.3158375
2022-09-13 08:00:00,0.316036111
2022-09-13 09:00:00,0.3161625
2022-09-13 10:00:00,0.316220833
2022-09-13 11:00:00,0.3162
2022-09-13 12:00:00,0.316101389
2022-09-13 13:00:00,0.315922222
2022-09-13 14:00:00,0.315647222
2022-09-13 15:00:00,0.315305556
2022-09-13 16:00:00,0.314893056
2022-09-13 17:00:00,0.314434722
2022-09-13 18:00:00,0.313934722
2022-09-13 19:00:00,0.313411111
2022-09-13 20:00:00,0.312905556
2022-09-13 21:00:00,0.312445833
2022-09-13 22:00:00,0.312019444
2022-09-13 23:00:00,0.311609722
2022-09-14 00:00:00,0.311248611
2022-09-14 01:00:00,0.310929167
2022-09-14 02:00:00,0.310655556
2022-09-14 03:00:00,0.310408333
2022-09-14 04:00:00,0.310194444
2022-09-14 05:00:00,0.31
2022-09-14 06:00:00,0.309780556
2022-09-14 07:00:00,0.309508333
2022-09-14 08:00:00,0.309184722
2022-09-14 09:00:00,0.308793056
2022-09-14 10:00:00,0.308316667
2022-09-14 11:00:00,0.3078
2022-09-14 12:00:00,0.307245833
2022-09-14 13:00:00,0.306616667
2022-09-14 14:00:00,0.305922222
2022-09-14 15:00:00,0.3052
2022-09-14 16:00:00,0.304405556
2022-09-14 17:00:00,0.303559722
2022-09-14 18:00:00,0.3026625
2022-09-14 19:00:00,0.301756944
2022-09-14 20:00:00,0.300856944
2022-09-14 21:00:00,0.299998611
2022-09-14 22:00:00,0.299198611
2022-09-14 23:00:00,0.29845
2022-09-15 00:00:00,0.297794444
2022-09-15 01:00:00,0.297156944
2022-09-15 02:00:00,0.296665278
2022-09-15 03:00:00,0.296236111
2022-09-15 04:00:00,0.295872222
2022-09-15 05:00:00,0.295540278
2022-09-15 06:00:00,0.295259722
2022-09-15 07:00:00,0.295002778
2022-09-15 08:00:00,0.294758333
2022-09-15 09:00:00,0.294533333
2022-09-15 10:00:00,0.294302778
2022-09-15 11:00:00,0.294054167
2022-09-15 12:00:00,0.293772222
2022-09-15 13:00:00,0.293466667
2022-09-15 14:00:00,0.293127778
2022-09-15 15:00:00,0.292725
2022-09-15 16:00:00,0.292272222
2022-09-15 17:00:00,0.291752778
2022-09-15 18:00:00,0.2911625
2022-09-15 19:00:00,0.290551389
2022-09-15 20:00:00,0.289936111
2022-09-15 21:00:00,0.289365278
2022-09-15 22:00:00,0.288804167
2022-09-15 23:00:00,0.288280556
2022-09-16 00:00:00,0.287826389
2022-09-16 01:00:00,0.287430556
2022-09-16 02:00:00,0.287084722
2022-09-16 03:00:00,0.286791667
2022-09-16 04:00:00,0.286518056
2022-09-16 05:00:00,0.2862875
2022-09-16 06:00:00,0.286125
2022-09-16 07:00:00,0.285976389
2022-09-16 08:00:00,0.285833333
2022-09-16 09:00:00,0.285695833
2022-09-16 10:00:00,0.285545833
2022-09-16 11:00:00,0.285380556
2022-09-16 12:00:00,0.285193056
2022-09-16 13:00:00,0.284988889
2022-09-16 14:00:00,0.284773611
2022-09-16 15:00:00,0.284515278
2022-09-16 16:00:00,0.284213889
2022-09-16 17:00:00,0.283880556
2022-09-16 18:00:00,0.283502778
2022-09-16 19:00:00,0.283056944
2022-09-16 20:00:00,0.2825875
2022-09-16 21:00:00,0.282076389
2022-09-16 22:00:00,0.281590278
2022-09-16 23:00:00,0.281145833
2022-09-17 00:00:00,0.280730556
2022-09-17 01:00:00,0.280338889
2022-09-17 02:00:00,0.279981944
2022-09-17 03:00:00,0.279666667
2022-09-17 04:00:00,0.279379167
2022-09-17 05:00:00,0.279104167
2022-09-17 06:00:00,0.278851389
2022-09-17 07:00:00,0.278640278
2022-09-17 08:00:00,0.278434722
2022-09-17 09:00:00,0.278234722
2022-09-17 10:00:00,0.278048611
2022-09-17 11:00:00,0.277863889
2022-09-17 12:00:00,0.277684722
2022-09-17 13:00:00,0.277484722
2022-09-17 14:00:00,0.277297222
2022-09-17 15:00:00,0.277094444
2022-09-17 16:00:00,0.276856944
2022-09-17 17:00:00,0.276613889
2022-09-17 18:00:00,0.276334722
2022-09-17 19:00:00,0.276020833
2022-09-17 20:00:00,0.275684722
2022-09-17 21:00:00,0.275323611
2022-09-17 22:00:00,0.274944444
2022-09-17 23:00:00,0.274541667
2022-09-18 00:00:00,0.274144444
2022-09-18 01:00:00,0.273772222
2022-09-18 02:00:00,0.273394444
2022-09-18 03:00:00,0.2730625
2022-09-18 04:00:00,0.272734722
2022-09-18 05:00:00,0.272431944
2022-09-18 06:00:00,0.272161111
2022-09-18 07:00:00,0.271911111
2022-09-18 08:00:00,0.271697222
2022-09-18 09:00:00,0.271504167
2022-09-18 10:00:00,0.271354167
2022-09-18 11:00:00,0.271247222
2022-09-18 12:00:00,0.271151389
2022-09-18 13:00:00,0.271095833
2022-09-18 14:00:00,0.271034722
2022-09-18 15:00:00,0.270979167
2022-09-18 16:00:00,0.270922222
2022-09-18 17:00:00,0.270840278
2022-09-18 18:00:00,0.270743056
2022-09-18 19:00:00,0.270629167
2022-09-18 20:00:00,0.270505556
2022-09-18 21:00:00,0.270352778
2022-09-18 22:00:00,0.270172222
2022-09-18 23:00:00,0.269984722
2022-09-19 00:00:00,0.269773611
2022-09-19 01:00:00,0.269569444
2022-09-19 02:00:00,0.269388889
2022-09-19 03:00:00,0.269186111
2022-09-19 04:00:00,0.268976389
2022-09-19 05:00:00,0.268780556
2022-09-19 06:00:00,0.268580556
2022-09-19 07:00:00,0.268423611
2022-09-19 08:00:00,0.268284722
2022-09-19 09:00:00,0.268134722
2022-09-19 10:00:00,0.268008333
2022-09-19 11:00:00,0.267911111
2022-09-19 12:00:00,0.2678375
2022-09-19 13:00:00,0.267776389
2022-09-19 14:00:00,0.267723611
2022-09-19 15:00:00,0.267705556
2022-09-19 16:00:00,0.267677778
2022-09-19 17:00:00,0.267648611
2022-09-19 18:00:00,0.267615278
2022-09-19 19:00:00,0.267568056
2022-09-19 20:00:00,0.267505556
2022-09-19 21:00:00,0.267430556
2022-09-19 22:00:00,0.267359722
2022-09-19 23:00:00,0.267275
2022-09-20 00:00:00,0.267163889
2022-09-20 01:00:00,0.267041667
2022-09-20 02:00:00,0.266922222
2022-09-20 03:00:00,0.266793056
2022-09-20 04:00:00,0.266643056
2022-09-20 05:00:00,0.266488889
2022-09-20 06:00:00,0.266344444
2022-09-20 07:00:00,0.266204167
2022-09-20 08:00:00,0.266075
2022-09-20 09:00:00,0.265941667
2022-09-20 10:00:00,0.265820833
2022-09-20 11:00:00,0.265723611
2022-09-20 12:00:00,0.265627778
2022-09-20 13:00:00,0.265559722
2022-09-20 14:00:00,0.265534722
2022-09-20 15:00:00,0.265561111
2022-09-20 16:00:00,0.265601389
2022-09-20 17:00:00,0.265640278
2022-09-20 18:00:00,0.265695833
2022-09-20 19:00:00,0.265773611
2022-09-20 20:00:00,0.265845833
2022-09-20 21:00:00,0.265904167
2022-09-20 22:00:00,0.2659875
2022-09-20 23:00:00,0.266065278
2022-09-21 00:00:00,0.2661375
2022-09-21 01:00:00,0.266206944
2022-09-21 02:00:00,0.266286111
2022-09-21 03:00:00,0.266366667
2022-09-21 04:00:00,0.266406944
2022-09-21 05:00:00,0.266440278
2022-09-21 06:00:00,0.266448611
2022-09-21 07:00:00,0.266440278
2022-09-21 08:00:00,0.266394444
2022-09-21 09:00:00,0.266329167
2022-09-21 10:00:00,0.266243056
2022-09-21 11:00:00,0.266144444
2022-09-21 12:00:00,0.266051389
2022-09-21 13:00:00,0.265952778
2022-09-21 14:00:00,0.265865278
2022-09-21 15:00:00,0.265820833
2022-09-21 16:00:00,0.265819444
2022-09-21 17:00:00,0.265841667
2022-09-21 18:00:00,0.265870833
2022-09-21 19:00:00,0.265938889
2022-09-21 20:00:00,0.266034722
2022-09-21 21:00:00,0.266130556
2022-09-21 22:00:00,0.266240278
2022-09-21 23:00:00,0.266381944
2022-09-22 00:00:00,0.266544444
2022-09-22 01:00:00,0.266718056
2022-09-22 02:00:00,0.266905556
2022-09-22 03:00:00,0.267075
2022-09-22 04:00:00,0.267227778
2022-09-22 05:00:00,0.267363889
2022-09-22 06:00:00,0.267461111
2022-09-22 07:00:00,0.267509722
2022-09-22 08:00:00,0.267501389
2022-09-22 09:00:00,0.267454167
2022-09-22 10:00:00,0.26735
2022-09-22 11:00:00,0.267225
2022-09-22 12:00:00,0.267077778
2022-09-22 13:00:00,0.266906944
2022-09-22 14:00:00,0.266729167
2022-09-22 15:00:00,0.266545833
2022-09-22 16:00:00,0.266393056
2022-09-22 17:00:00,0.266301389
2022-09-22 18:00:00,0.26625
2022-09-22 19:00:00,0.266243056
2022-09-22 20:00:00,0.266248611
2022-09-22 21:00:00,0.266294444
2022-09-22 22:00:00,0.266369444
2022-09-22 23:00:00,0.266461111
2022-09-23 00:00:00,0.266609722
2022-09-23 01:00:00,0.266804167
2022-09-23 02:00:00,0.267026389
2022-09-23 03:00:00,0.267236111
2022-09-23 04:00:00,0.267455556
2022-09-23 05:00:00,0.26765
2022-09-23 06:00:00,0.267793056
2022-09-23 07:00:00,0.267890278
2022-09-23 08:00:00,0.267906944
2022-09-23 09:00:00,0.267833333
2022-09-23 10:00:00,0.267684722
2022-09-23 11:00:00,0.267475
2022-09-23 12:00:00,0.267222222
2022-09-23 13:00:00,0.2669375
2022-09-23 14:00:00,0.266622222
2022-09-23 15:00:00,0.266281944
2022-09-23 16:00:00,0.265981944
2022-09-23 17:00:00,0.265681944
2022-09-23 18:00:00,0.265431944
2022-09-23 19:00:00,0.265255556
2022-09-23 20:00:00,0.265123611
2022-09-23 21:00:00,0.264984722
2022-09-23 22:00:00,0.264891667
2022-09-23 23:00:00,0.264870833
2022-09-24 00:00:00,0.264869444
2022-09-24 01:00:00,0.264911111
2022-09-24 02:00:00,0.264997222
2022-09-24 03:00:00,0.265065278
2022-09-24 04:00:00,0.265101389
2022-09-24 05:00:00,0.265133333
2022-09-24 06:00:00,0.265129167
2022-09-24 07:00:00,0.265034722
2022-09-24 08:00:00,0.264855556
2022-09-24 09:00:00,0.264584722
2022-09-24 10:00:00,0.264205556
2022-09-24 11:00:00,0.263729167
2022-09-24 12:00:00,0.263205556
2022-09-24 13:00:00,0.262630556
2022-09-24 14:00:00,0.261994444
2022-09-24 15:00:00,0.261361111
2022-09-24 16:00:00,0.260702778
2022-09-24 17:00:00,0.260068056
2022-09-24 18:00:00,0.259501389
2022-09-24 19:00:00,0.259016667
2022-09-24 20:00:00,0.258659722
2022-09-24 21:00:00,0.258304167
2022-09-24 22:00:00,0.258036111
2022-09-24 23:00:00,0.257848611
2022-09-25 00:00:00,0.257708333
2022-09-25 01:00:00,0.257625
2022-09-25 02:00:00,0.257575
2022-09-25 03:00:00,0.257556944
2022-09-25 04:00:00,0.257552778
2022-09-25 05:00:00,0.257568056
2022-09-25 06:00:00,0.25755
2022-09-25 07:00:00,0.257516667
2022-09-25 08:00:00,0.257397222
2022-09-25 09:00:00,0.257213889
2022-09-25 10:00:00,0.256936111
2022-09-25 11:00:00,0.256576389
2022-09-25 12:00:00,0.256131944
2022-09-25 13:00:00,0.255626389
2022-09-25 14:00:00,0.2550625
2022-09-25 15:00:00,0.254481944
2022-09-25 16:00:00,0.253894444
2022-09-25 17:00:00,0.253306944
2022-09-25 18:00:00,0.252768056
2022-09-25 19:00:00,0.252316667
2022-09-25 20:00:00,0.2519
2022-09-25 21:00:00,0.251556944
2022-09-25 22:00:00,0.251306944
2022-09-25 23:00:00,0.251088889
2022-09-26 00:00:00,0.250975
2022-09-26 01:00:00,0.2509375
2022-09-26 02:00:00,0.250943056
2022-09-26 03:00:00,0.251006944
2022-09-26 04:00:00,0.251102778
2022-09-26 05:00:00,0.251186111
2022-09-26 06:00:00,0.251245833
2022-09-26 07:00:00,0.251261111
2022-09-26 08:00:00,0.251208333
2022-09-26 09:00:00,0.251073611
2022-09-26 10:00:00,0.250895833
2022-09-26 11:00:00,0.250665278
2022-09-26 12:00:00,0.250377778
2022-09-26 13:00:00,0.250018056
2022-09-26 14:00:00,0.249618056
2022-09-26 15:00:00,0.249161111
2022-09-26 16:00:00,0.248654167
2022-09-26 17:00:00,0.248133333
2022-09-26 18:00:00,0.247613889
2022-09-26 19:00:00,0.247095833
2022-09-26 20:00:00,0.2466125
2022-09-26 21:00:00,0.246204167
2022-09-26 22:00:00,0.245872222
2022-09-26 23:00:00,0.245638889
2022-09-27 00:00:00,0.245488889
2022-09-27 01:00:00,0.245420833
2022-09-27 02:00:00,0.245425
2022-09-27 03:00:00,0.245483333
2022-09-27 04:00:00,0.245598611
2022-09-27 05:00:00,0.245725
2022-09-27 06:00:00,0.245865278
2022-09-27 07:00:00,0.246011111
2022-09-27 08:00:00,0.246144444
2022-09-27 09:00:00,0.246220833
2022-09-27 10:00:00,0.246258333
2022-09-27 11:00:00,0.246279167
2022-09-27 12:00:00,0.246275
2022-09-27 13:00:00,0.246202778
2022-09-27 14:00:00,0.2460875
2022-09-27 15:00:00,0.2459125
2022-09-27 16:00:00,0.245652778
2022-09-27 17:00:00,0.245340278
2022-09-27 18:00:00,0.2450125
2022-09-27 19:00:00,0.244690278
2022-09-27 20:00:00,0.244366667
2022-09-27 21:00:00,0.244094444
2022-09-27 22:00:00,0.24385
2022-09-27 23:00:00,0.243683333
2022-09-28 00:00:00,0.243577778
2022-09-28 01:00:00,0.243545833
2022-09-28 02:00:00,0.243594444
2022-09-28 03:00:00,0.243683333
2022-09-28 04:00:00,0.243798611
2022-09-28 05:00:00,0.243958333
2022-09-28 06:00:00,0.24415
2022-09-28 07:00:00,0.244334722
2022-09-28 08:00:00,0.2445
2022-09-28 09:00:00,0.244652778
2022-09-28 10:00:00,0.244773611
2022-09-28 11:00:00,0.244876389
2022-09-28 12:00:00,0.244973611
2022-09-28 13:00:00,0.2450875
2022-09-28 14:00:00,0.245097222
2022-09-28 15:00:00,0.245052778
2022-09-28 16:00:00,0.244972222
2022-09-28 17:00:00,0.244809722
2022-09-28 18:00:00,0.244643056
2022-09-28 19:00:00,0.244458333
2022-09-28 20:00:00,0.244272222
2022-09-28 21:00:00,0.244081944
2022-09-28 22:00:00,0.243909722
2022-09-28 23:00:00,0.243769444
2022-09-29 00:00:00,0.243631944
2022-09-29 01:00:00,0.243575
2022-09-29 02:00:00,0.243569444
2022-09-29 03:00:00,0.243595833
2022-09-29 04:00:00,0.243654167
2022-09-29 05:00:00,0.243759722
2022-09-29 06:00:00,0.243890278
2022-09-29 07:00:00,0.244030556
2022-09-29 08:00:00,0.244151389
2022-09-29 09:00:00,0.244290278
2022-09-29 10:00:00,0.2444125
2022-09-29 11:00:00,0.2445
2022-09-29 12:00:00,0.244576389
2022-09-29 13:00:00,0.244609722
2022-09-29 14:00:00,0.244620833
2022-09-29 15:00:00,0.244601389
2022-09-29 16:00:00,0.244551389
2022-09-29 17:00:00,0.244440278
2022-09-29 18:00:00,0.244273611
2022-09-29 19:00:00,0.244088889
2022-09-29 20:00:00,0.243893056
2022-09-29 21:00:00,0.243683333
2022-09-29 22:00:00,0.243480556
2022-09-29 23:00:00,0.243305556
2022-09-30 00:00:00,0.243129167
2022-09-30 01:00:00,0.242963889
2022-09-30 02:00:00,0.242834722
2022-09-30 03:00:00,0.242743056
2022-09-30 04:00:00,0.242668056
2022-09-30 05:00:00,0.242588889
2022-09-30 06:00:00,0.242538889
2022-09-30 07:00:00,0.242501389
2022-09-30 08:00:00,0.242490278
2022-09-30 09:00:00,0.242472222
2022-09-30 10:00:00,0.242445833
2022-09-30 11:00:00,0.2424125
2022-09-30 12:00:00,0.242366667
2022-09-30 13:00:00,0.242315278
2022-09-30 14:00:00,0.2422625
2022-09-30 15:00:00,0.242186111
2022-09-30 16:00:00,0.242091667
2022-09-30 17:00:00,0.241980556
2022-09-30 18:00:00,0.241830556
2022-09-30 19:00:00,0.241655556
2022-09-30 20:00:00,0.241459722
2022-09-30 21:00:00,0.241245833
2022-09-30 22:00:00,0.241022222
2022-09-30 23:00:00,0.240795833
2023-09-01 00:00:00,0.267020833
2023-09-01 01:00:00,0.267230556
2023-09-01 02:00:00,0.267443056
2023-09-01 03:00:00,0.267751389
2023-09-01 04:00:00,0.268090278
2023-09-01 05:00:00,0.268440278
2023-09-01 06:00:00,0.268804167
2023-09-01 07:00:00,0.269138889
2023-09-01 08:00:00,0.26945
2023-09-01 09:00:00,0.269701389
2023-09-01 10:00:00,0.269876389
2023-09-01 11:00:00,0.269993056
2023-09-01 12:00:00,0.270030556
2023-09-01 13:00:00,0.270015278
2023-09-01 14:00:00,0.269931944
2023-09-01 15:00:00,0.269841667
2023-09-01 16:00:00,0.269731944
2023-09-01 17:00:00,0.269601389
2023-09-01 18:00:00,0.269480556
2023-09-01 19:00:00,0.269359722
2023-09-01 20:00:00,0.269295833
2023-09-01 21:00:00,0.269245833
2023-09-01 22:00:00,0.269241667
2023-09-01 23:00:00,0.269263889
2023-09-02 00:00:00,0.269327778
2023-09-02 01:00:00,0.269486111
2023-09-02 02:00:00,0.269629167
2023-09-02 03:00:00,0.269863889
2023-09-02 04:00:00,0.270159722
2023-09-02 05:00:00,0.270479167
2023-09-02 06:00:00,0.270844444
2023-09-02 07:00:00,0.271216667
2023-09-02 08:00:00,0.271555556
2023-09-02 09:00:00,0.271868056
2023-09-02 10:00:00,0.272108333
2023-09-02 11:00:00,0.2723125
2023-09-02 12:00:00,0.272425
2023-09-02 13:00:00,0.272469444
2023-09-02 14:00:00,0.272451389
2023-09-02 15:00:00,0.272381944
2023-09-02 16:00:00,0.272277778
2023-09-02 17:00:00,0.272179167
2023-09-02 18:00:00,0.272106944
2023-09-02 19:00:00,0.2720625
2023-09-02 20:00:00,0.272031944
2023-09-02 21:00:00,0.272069444
2023-09-02 22:00:00,0.272147222
2023-09-02 23:00:00,0.272255556
2023-09-03 00:00:00,0.272409722
2023-09-03 01:00:00,0.272620833
2023-09-03 02:00:00,0.272902778
2023-09-03 03:00:00,0.273213889
2023-09-03 04:00:00,0.273548611
2023-09-03 05:00:00,0.2739
2023-09-03 06:00:00,0.274252778
2023-09-03 07:00:00,0.274583333
2023-09-03 08:00:00,0.274883333
2023-09-03 09:00:00,0.275148611
2023-09-03 10:00:00,0.275341667
2023-09-03 11:00:00,0.275463889
2023-09-03 12:00:00,0.275508333
2023-09-03 13:00:00,0.275480556
2023-09-03 14:00:00,0.275391667
2023-09-03 15:00:00,0.275259722
2023-09-03 16:00:00,0.2750875
2023-09-03 17:00:00,0.274869444
2023-09-03 18:00:00,0.27465
2023-09-03 19:00:00,0.274436111
2023-09-03 20:00:00,0.2742375
2023-09-03 21:00:00,0.274069444
2023-09-03 22:00:00,0.273938889
2023-09-03 23:00:00,0.273856944
2023-09-04 00:00:00,0.273875
2023-09-04 01:00:00,0.273969444
2023-09-04 02:00:00,0.274131944
2023-09-04 03:00:00,0.274366667
2023-09-04 04:00:00,0.27465
2023-09-04 05:00:00,0.274968056
2023-09-04 06:00:00,0.275315278
2023-09-04 07:00:00,0.275656944
2023-09-04 08:00:00,0.275966667
2023-09-04 09:00:00,0.276236111
2023-09-04 10:00:00,0.276472222
2023-09-04 11:00:00,0.276658333
2023-09-04 12:00:00,0.276805556
2023-09-04 13:00:00,0.276884722
2023-09-04 14:00:00,0.276923611
2023-09-04 15:00:00,0.276915278
2023-09-04 16:00:00,0.276841667
2023-09-04 17:00:00,0.276725
2023-09-04 18:00:00,0.276577778
2023-09-04 19:00:00,0.276404167
2023-09-04 20:00:00,0.276222222
2023-09-04 21:00:00,0.27605
2023-09-04 22:00:00,0.2759125
2023-09-04 23:00:00,0.275819444
2023-09-05 00:00:00,0.275808333
2023-09-05 01:00:00,0.275848611
2023-09-05 02:00:00,0.275943056
2023-09-05 03:00:00,0.276104167
2023-09-05 04:00:00,0.276305556
2023-09-05 05:00:00,0.276555556
2023-09-05 06:00:00,0.276801389
2023-09-05 07:00:00,0.277041667
2023-09-05 08:00:00,0.277301389
2023-09-05 09:00:00,0.277529167
2023-09-05 10:00:00,0.277730556
2023-09-05 11:00:00,0.277897222
2023-09-05 12:00:00,0.278006944
2023-09-05 13:00:00,0.278091667
2023-09-05 14:00:00,0.278141667
2023-09-05 15:00:00,0.278116667
2023-09-05 16:00:00,0.278029167
2023-09-05 17:00:00,0.277883333
2023-09-05 18:00:00,0.277740278
2023-09-05 19:00:00,0.277622222
2023-09-05 20:00:00,0.277481944
2023-09-05 21:00:00,0.277352778
2023-09-05 22:00:00,0.277255556
2023-09-05 23:00:00,0.277156944
2023-09-06 00:00:00,0.277122222
2023-09-06 01:00:00,0.2771625
2023-09-06 02:00:00,0.2772125
2023-09-06 03:00:00,0.277323611
2023-09-06 04:00:00,0.277486111
2023-09-06 05:00:00,0.277688889
2023-09-06 06:00:00,0.277902778
2023-09-06 07:00:00,0.278138889
2023-09-06 08:00:00,0.278368056
2023-09-06 09:00:00,0.278627778
2023-09-06 10:00:00,0.278898611
2023-09-06 11:00:00,0.2791625
2023-09-06 12:00:00,0.279395833
2023-09-06 13:00:00,0.279618056
2023-09-06 14:00:00,0.279815278
2023-09-06 15:00:00,0.279997222
2023-09-06 16:00:00,0.280165278
2023-09-06 17:00:00,0.280276389
2023-09-06 18:00:00,0.280345833
2023-09-06 19:00:00,0.280370833
2023-09-06 20:00:00,0.280375
2023-09-06 21:00:00,0.280315278
2023-09-06 22:00:00,0.280247222
2023-09-06 23:00:00,0.280193056
2023-09-07 00:00:00,0.280158333
2023-09-07 01:00:00,0.280141667
2023-09-07 02:00:00,0.280163889
2023-09-07 03:00:00,0.2802
2023-09-07 04:00:00,0.280277778
2023-09-07 05:00:00,0.280394444
2023-09-07 06:00:00,0.280540278
2023-09-07 07:00:00,0.280694444
2023-09-07 08:00:00,0.280875
2023-09-07 09:00:00,0.281045833
2023-09-07 10:00:00,0.281259722
2023-09-07 11:00:00,0.281448611
2023-09-07 12:00:00,0.281638889
2023-09-07 13:00:00,0.281816667
2023-09-07 14:00:00,0.281969444
2023-09-07 15:00:00,0.282122222
2023-09-07 16:00:00,0.282255556
2023-09-07 17:00:00,0.282368056
2023-09-07 18:00:00,0.282451389
2023-09-07 19:00:00,0.2824875
2023-09-07 20:00:00,0.282490278
2023-09-07 21:00:00,0.282480556
2023-09-07 22:00:00,0.282416667
2023-09-07 23:00:00,0.282368056
2023-09-08 00:00:00,0.282334722
2023-09-08 01:00:00,0.282319444
2023-09-08 02:00:00,0.282322222
2023-09-08 03:00:00,0.282330556
2023-09-08 04:00:00,0.2823625
2023-09-08 05:00:00,0.282404167
2023-09-08 06:00:00,0.282469444
2023-09-08 07:00:00,0.282526389
2023-09-08 08:00:00,0.282643056
2023-09-08 09:00:00,0.282736111
2023-09-08 10:00:00,0.282833333
2023-09-08 11:00:00,0.282948611
2023-09-08 12:00:00,0.283036111
2023-09-08 13:00:00,0.283136111
2023-09-08 14:00:00,0.283238889
2023-09-08 15:00:00,0.283331944
2023-09-08 16:00:00,0.283388889
2023-09-08 17:00:00,0.283440278
2023-09-08 18:00:00,0.283480556
2023-09-08 19:00:00,0.2835
2023-09-08 20:00:00,0.283491667
2023-09-08 21:00:00,0.283447222
2023-09-08 22:00:00,0.283381944
2023-09-08 23:00:00,0.2832875
2023-09-09 00:00:00,0.283183333
2023-09-09 01:00:00,0.283084722
2023-09-09 02:00:00,0.282980556
2023-09-09 03:00:00,0.282886111
2023-09-09 04:00:00,0.282794444
2023-09-09 05:00:00,0.282723611
2023-09-09 06:00:00,0.282669444
2023-09-09 07:00:00,0.282611111
2023-09-09 08:00:00,0.282566667
2023-09-09 09:00:00,0.282531944
2023-09-09 10:00:00,0.282516667
2023-09-09 11:00:00,0.282504167
2023-09-09 12:00:00,0.2825125
2023-09-09 13:00:00,0.282572222
2023-09-09 14:00:00,0.28265
2023-09-09 15:00:00,0.282729167
2023-09-09 16:00:00,0.282804167
2023-09-09 17:00:00,0.282894444
2023-09-09 18:00:00,0.282984722
2023-09-09 19:00:00,0.2830625
2023-09-09 20:00:00,0.283122222
2023-09-09 21:00:00,0.2831625
2023-09-09 22:00:00,0.283190278
2023-09-09 23:00:00,0.283179167
2023-09-10 00:00:00,0.283144444
2023-09-10 01:00:00,0.283095833
2023-09-10 02:00:00,0.283036111
2023-09-10 03:00:00,0.282975
2023-09-10 04:00:00,0.282901389
2023-09-10 05:00:00,0.282802778
2023-09-10 06:00:00,0.282719444
2023-09-10 07:00:00,0.282641667
2023-09-10 08:00:00,0.282570833
2023-09-10 09:00:00,0.282501389
2023-09-10 10:00:00,0.2824375
2023-09-10 11:00:00,0.282398611
2023-09-10 12:00:00,0.282361111
2023-09-10 13:00:00,0.282391667
2023-09-10 14:00:00,0.282393056
2023-09-10 15:00:00,0.282495833
2023-09-10 16:00:00,0.282605556
2023-09-10 17:00:00,0.282702778
2023-09-10 18:00:00,0.282829167
2023-09-10 19:00:00,0.28295
2023-09-10 20:00:00,0.283080556
2023-09-10 21:00:00,0.283195833
2023-09-10 22:00:00,0.283330556
2023-09-10 23:00:00,0.283461111
2023-09-11 00:00:00,0.2835625
2023-09-11 01:00:00,0.283658333
2023-09-11 02:00:00,0.283733333
2023-09-11 03:00:00,0.283805556
2023-09-11 04:00:00,0.283856944
2023-09-11 05:00:00,0.283909722
2023-09-11 06:00:00,0.283938889
2023-09-11 07:00:00,0.283941667
2023-09-11 08:00:00,0.283936111
2023-09-11 09:00:00,0.283916667
2023-09-11 10:00:00,0.283894444
2023-09-11 11:00:00,0.283876389
2023-09-11 12:00:00,0.283861111
2023-09-11 13:00:00,0.283840278
2023-09-11 14:00:00,0.283819444
2023-09-11 15:00:00,0.283825
2023-09-11 16:00:00,0.283886111
2023-09-11 17:00:00,0.283955556
2023-09-11 18:00:00,0.284020833
2023-09-11 19:00:00,0.284108333
2023-09-11 20:00:00,0.284227778
2023-09-11 21:00:00,0.284361111
2023-09-11 22:00:00,0.284511111
2023-09-11 23:00:00,0.284708333
2023-09-12 00:00:00,0.284894444
2023-09-12 01:00:00,0.285102778
2023-09-12 02:00:00,0.285323611
2023-09-12 03:00:00,0.285538889
2023-09-12 04:00:00,0.285713889
2023-09-12 05:00:00,0.285891667
2023-09-12 06:00:00,0.286066667
2023-09-12 07:00:00,0.286205556
2023-09-12 08:00:00,0.286288889
2023-09-12 09:00:00,0.286327778
2023-09-12 10:00:00,0.286366667
2023-09-12 11:00:00,0.286370833
2023-09-12 12:00:00,0.286356944
2023-09-12 13:00:00,0.286331944
2023-09-12 14:00:00,0.286288889
2023-09-12 15:00:00,0.286226389
2023-09-12 16:00:00,0.286184722
2023-09-12 17:00:00,0.286184722
2023-09-12 18:00:00,0.286181944
2023-09-12 19:00:00,0.286188889
2023-09-12 20:00:00,0.286247222
2023-09-12 21:00:00,0.286325
2023-09-12 22:00:00,0.286433333
2023-09-12 23:00:00,0.286555556
2023-09-13 00:00:00,0.286711111
2023-09-13 01:00:00,0.286873611
2023-09-13 02:00:00,0.287055556
2023-09-13 03:00:00,0.287248611
2023-09-13 04:00:00,0.287394444
2023-09-13 05:00:00,0.287541667
2023-09-13 06:00:00,0.287643056
2023-09-13 07:00:00,0.287730556
2023-09-13 08:00:00,0.287758333
2023-09-13 09:00:00,0.287731944
2023-09-13 10:00:00,0.287691667
2023-09-13 11:00:00,0.287575
2023-09-13 12:00:00,0.287444444
2023-09-13 13:00:00,0.287280556
2023-09-13 14:00:00,0.287129167
2023-09-13 15:00:00,0.286979167
2023-09-13 16:00:00,0.286795833
2023-09-13 17:00:00,0.286633333
2023-09-13 18:00:00,0.286502778
2023-09-13 19:00:00,0.286408333
2023-09-13 20:00:00,0.286352778
2023-09-13 21:00:00,0.286325
2023-09-13 22:00:00,0.286352778
2023-09-13 23:00:00,0.286391667
2023-09-14 00:00:00,0.286480556
2023-09-14 01:00:00,0.286548611
2023-09-14 02:00:00,0.286676389
2023-09-14 03:00:00,0.286861111
2023-09-14 04:00:00,0.286991667
2023-09-14 05:00:00,0.287161111
2023-09-14 06:00:00,0.287308333
2023-09-14 07:00:00,0.287406944
2023-09-14 08:00:00,0.287436111
2023-09-14 09:00:00,0.287375
2023-09-14 10:00:00,0.287216667
2023-09-14 11:00:00,0.286983333
2023-09-14 12:00:00,0.286640278
2023-09-14 13:00:00,0.286231944
2023-09-14 14:00:00,0.285790278
2023-09-14 15:00:00,0.285305556
2023-09-14 16:00:00,0.2848
2023-09-14 17:00:00,0.284258333
2023-09-14 18:00:00,0.283761111
2023-09-14 19:00:00,0.283280556
2023-09-14 20:00:00,0.282873611
2023-09-14 21:00:00,0.282529167
2023-09-14 22:00:00,0.282245833
2023-09-14 23:00:00,0.282019444
2023-09-15 00:00:00,0.281869444
2023-09-15 01:00:00,0.281783333
2023-09-15 02:00:00,0.281806944
2023-09-15 03:00:00,0.281915278
2023-09-15 04:00:00,0.282070833
2023-09-15 05:00:00,0.282255556
2023-09-15 06:00:00,0.282473611
2023-09-15 07:00:00,0.282697222
2023-09-15 08:00:00,0.282868056
2023-09-15 09:00:00,0.282958333
2023-09-15 10:00:00,0.282973611
2023-09-15 11:00:00,0.282905556
2023-09-15 12:00:00,0.282740278
2023-09-15 13:00:00,0.2825
2023-09-15 14:00:00,0.282202778
2023-09-15 15:00:00,0.281863889
2023-09-15 16:00:00,0.281501389
2023-09-15 17:00:00,0.281141667
2023-09-15 18:00:00,0.280780556
2023-09-15 19:00:00,0.280458333
2023-09-15 20:00:00,0.280197222
2023-09-15 21:00:00,0.280052778
2023-09-15 22:00:00,0.279993056
2023-09-15 23:00:00,0.280005556
2023-09-16 00:00:00,0.280098611
2023-09-16 01:00:00,0.280283333
2023-09-16 02:00:00,0.280566667
2023-09-16 03:00:00,0.280909722
2023-09-16 04:00:00,0.281311111
2023-09-16 05:00:00,0.281734722
2023-09-16 06:00:00,0.282173611
2023-09-16 07:00:00,0.282573611
2023-09-16 08:00:00,0.2829125
2023-09-16 09:00:00,0.283173611
2023-09-16 10:00:00,0.283370833
2023-09-16 11:00:00,0.283497222
2023-09-16 12:00:00,0.283522222
2023-09-16 13:00:00,0.283468056
2023-09-16 14:00:00,0.283325
2023-09-16 15:00:00,0.2831
2023-09-16 16:00:00,0.282808333
2023-09-16 17:00:00,0.2824875
2023-09-16 18:00:00,0.282186111
2023-09-16 19:00:00,0.281869444
2023-09-16 20:00:00,0.281652778
2023-09-16 21:00:00,0.281459722
2023-09-16 22:00:00,0.28135
2023-09-16 23:00:00,0.281330556
2023-09-17 00:00:00,0.281436111
2023-09-17 01:00:00,0.2816375
2023-09-17 02:00:00,0.281913889
2023-09-17 03:00:00,0.282236111
2023-09-17 04:00:00,0.282633333
2023-09-17 05:00:00,0.283068056
2023-09-17 06:00:00,0.283461111
2023-09-17 07:00:00,0.283865278
2023-09-17 08:00:00,0.2841875
2023-09-17 09:00:00,0.284444444
2023-09-17 10:00:00,0.284670833
2023-09-17 11:00:00,0.284830556
2023-09-17 12:00:00,0.284943056
2023-09-17 13:00:00,0.285002778
2023-09-17 14:00:00,0.285030556
2023-09-17 15:00:00,0.284979167
2023-09-17 16:00:00,0.284879167
2023-09-17 17:00:00,0.284729167
2023-09-17 18:00:00,0.284531944
2023-09-17 19:00:00,0.284308333
2023-09-17 20:00:00,0.284073611
2023-09-17 21:00:00,0.283881944
2023-09-17 22:00:00,0.28375
2023-09-17 23:00:00,0.283693056
2023-09-18 00:00:00,0.283745833
2023-09-18 01:00:00,0.2838625
2023-09-18 02:00:00,0.284070833
2023-09-18 03:00:00,0.284331944
2023-09-18 04:00:00,0.284638889
2023-09-18 05:00:00,0.284988889
2023-09-18 06:00:00,0.285381944
2023-09-18 07:00:00,0.285755556
2023-09-18 08:00:00,0.286130556
2023-09-18 09:00:00,0.286475
2023-09-18 10:00:00,0.286775
2023-09-18 11:00:00,0.287073611
2023-09-18 12:00:00,0.287348611
2023-09-18 13:00:00,0.2876125
2023-09-18 14:00:00,0.287843056
2023-09-18 15:00:00,0.2879875
2023-09-18 16:00:00,0.288086111
2023-09-18 17:00:00,0.288152778
2023-09-18 18:00:00,0.2881625
2023-09-18 19:00:00,0.288080556
2023-09-18 20:00:00,0.287933333
2023-09-18 21:00:00,0.287766667
2023-09-18 22:00:00,0.287644444
2023-09-18 23:00:00,0.287530556
2023-09-19 00:00:00,0.287427778
2023-09-19 01:00:00,0.287398611
2023-09-19 02:00:00,0.2874
2023-09-19 03:00:00,0.287443056
2023-09-19 04:00:00,0.287526389
2023-09-19 05:00:00,0.287644444
2023-09-19 06:00:00,0.287805556
2023-09-19 07:00:00,0.287981944
2023-09-19 08:00:00,0.288165278
2023-09-19 09:00:00,0.288356944
2023-09-19 10:00:00,0.288547222
2023-09-19 11:00:00,0.288755556
2023-09-19 12:00:00,0.288951389
2023-09-19 13:00:00,0.289131944
2023-09-19 14:00:00,0.289293056
2023-09-19 15:00:00,0.28945
2023-09-19 16:00:00,0.289575
2023-09-19 17:00:00,0.289676389
2023-09-19 18:00:00,0.28975
2023-09-19 19:00:00,0.289790278
2023-09-19 20:00:00,0.2897875
2023-09-19 21:00:00,0.289763889
2023-09-19 22:00:00,0.289740278
2023-09-19 23:00:00,0.2897125
2023-09-20 00:00:00,0.289679167
2023-09-20 01:00:00,0.289654167
2023-09-20 02:00:00,0.289654167
2023-09-20 03:00:00,0.2896625
2023-09-20 04:00:00,0.289681944
2023-09-20 05:00:00,0.289718056
2023-09-20 06:00:00,0.289775
2023-09-20 07:00:00,0.289834722
2023-09-20 08:00:00,0.289901389
2023-09-20 09:00:00,0.289975
2023-09-20 10:00:00,0.290038889
2023-09-20 11:00:00,0.290125
2023-09-20 12:00:00,0.290206944
2023-09-20 13:00:00,0.290301389
2023-09-20 14:00:00,0.290386111
2023-09-20 15:00:00,0.290473611
2023-09-20 16:00:00,0.290581944
2023-09-20 17:00:00,0.290673611
2023-09-20 18:00:00,0.290741667
2023-09-20 19:00:00,0.290827778
2023-09-20 20:00:00,0.290902778
2023-09-20 21:00:00,0.290961111
2023-09-20 22:00:00,0.291033333
2023-09-20 23:00:00,0.291083333
2023-09-21 00:00:00,0.291126389
2023-09-21 01:00:00,0.291180556
2023-09-21 02:00:00,0.291247222
2023-09-21 03:00:00,0.291322222
2023-09-21 04:00:00,0.291388889
2023-09-21 05:00:00,0.291465278
2023-09-21 06:00:00,0.291548611
2023-09-21 07:00:00,0.291638889
2023-09-21 08:00:00,0.291729167
2023-09-21 09:00:00,0.2918375
2023-09-21 10:00:00,0.291941667
2023-09-21 11:00:00,0.292038889
2023-09-21 12:00:00,0.292141667
2023-09-21 13:00:00,0.292252778
2023-09-21 14:00:00,0.292370833
2023-09-21 15:00:00,0.292501389
2023-09-21 16:00:00,0.292644444
2023-09-21 17:00:00,0.292786111
2023-09-21 18:00:00,0.292922222
2023-09-21 19:00:00,0.293047222
2023-09-21 20:00:00,0.293159722
2023-09-21 21:00:00,0.293273611
2023-09-21 22:00:00,0.293380556
2023-09-21 23:00:00,0.293461111
2023-09-22 00:00:00,0.293531944
2023-09-22 01:00:00,0.2936
2023-09-22 02:00:00,0.293673611
2023-09-22 03:00:00,0.293751389
2023-09-22 04:00:00,0.293845833
2023-09-22 05:00:00,0.293947222
2023-09-22 06:00:00,0.294008333
2023-09-22 07:00:00,0.2940625
2023-09-22 08:00:00,0.2941125
2023-09-22 09:00:00,0.294165278
2023-09-22 10:00:00,0.2942125
2023-09-22 11:00:00,0.294265278
2023-09-22 12:00:00,0.294322222
2023-09-22 13:00:00,0.294376389
2023-09-22 14:00:00,0.294441667
2023-09-22 15:00:00,0.294511111
2023-09-22 16:00:00,0.294591667
2023-09-22 17:00:00,0.294666667
2023-09-22 18:00:00,0.2947375
2023-09-22 19:00:00,0.294816667
2023-09-22 20:00:00,0.294883333
2023-09-22 21:00:00,0.294951389
2023-09-22 22:00:00,0.295026389
2023-09-22 23:00:00,0.295072222
2023-09-23 00:00:00,0.295122222
2023-09-23 01:00:00,0.295145833
2023-09-23 02:00:00,0.295136111
2023-09-23 03:00:00,0.295070833
2023-09-23 04:00:00,0.295043056
2023-09-23 05:00:00,0.294995833
2023-09-23 06:00:00,0.294920833
2023-09-23 07:00:00,0.294826389
2023-09-23 08:00:00,0.294743056
2023-09-23 09:00:00,0.294644444
2023-09-23 10:00:00,0.294518056
2023-09-23 11:00:00,0.294430556
2023-09-23 12:00:00,0.294345833
2023-09-23 13:00:00,0.294236111
2023-09-23 14:00:00,0.294151389
2023-09-23 15:00:00,0.294115278
2023-09-23 16:00:00,0.294077778
2023-09-23 17:00:00,0.294048611
2023-09-23 18:00:00,0.294029167
2023-09-23 19:00:00,0.294033333
2023-09-23 20:00:00,0.294056944
2023-09-23 21:00:00,0.2941
2023-09-23 22:00:00,0.294175
2023-09-23 23:00:00,0.294222222
2023-09-24 00:00:00,0.294318056
2023-09-24 01:00:00,0.29445
2023-09-24 02:00:00,0.294573611
2023-09-24 03:00:00,0.294722222
2023-09-24 04:00:00,0.294877778
2023-09-24 05:00:00,0.294973611
2023-09-24 06:00:00,0.295066667
2023-09-24 07:00:00,0.2951625
2023-09-24 08:00:00,0.295225
2023-09-24 09:00:00,0.295259722
2023-09-24 10:00:00,0.295305556
2023-09-24 11:00:00,0.295329167
2023-09-24 12:00:00,0.295333333
2023-09-24 13:00:00,0.295351389
2023-09-24 14:00:00,0.29535
2023-09-24 15:00:00,0.295325
2023-09-24 16:00:00,0.295306944
2023-09-24 17:00:00,0.295291667
2023-09-24 18:00:00,0.295269444
2023-09-24 19:00:00,0.295263889
2023-09-24 20:00:00,0.295241667
2023-09-24 21:00:00,0.295231944
2023-09-24 22:00:00,0.295248611
2023-09-24 23:00:00,0.295275
2023-09-25 00:00:00,0.295281944
2023-09-25 01:00:00,0.2953125
2023-09-25 02:00:00,0.2953625
2023-09-25 03:00:00,0.295409722
2023-09-25 04:00:00,0.295461111
2023-09-25 05:00:00,0.295486111
2023-09-25 06:00:00,0.295479167
2023-09-25 07:00:00,0.295469444
2023-09-25 08:00:00,0.2954375
2023-09-25 09:00:00,0.295401389
2023-09-25 10:00:00,0.295341667
2023-09-25 11:00:00,0.295266667
2023-09-25 12:00:00,0.295191667
2023-09-25 13:00:00,0.2951
2023-09-25 14:00:00,0.295023611
2023-09-25 15:00:00,0.294947222
2023-09-25 16:00:00,0.294897222
2023-09-25 17:00:00,0.294847222
2023-09-25 18:00:00,0.294831944
2023-09-25 19:00:00,0.294844444
2023-09-25 20:00:00,0.294872222
2023-09-25 21:00:00,0.294931944
2023-09-25 22:00:00,0.295015278
2023-09-25 23:00:00,0.295123611
2023-09-26 00:00:00,0.295270833
2023-09-26 01:00:00,0.295448611
2023-09-26 02:00:00,0.2956625
2023-09-26 03:00:00,0.295897222
2023-09-26 04:00:00,0.296130556
2023-09-26 05:00:00,0.296366667
2023-09-26 06:00:00,0.296575
2023-09-26 07:00:00,0.296756944
2023-09-26 08:00:00,0.296879167
2023-09-26 09:00:00,0.296941667
2023-09-26 10:00:00,0.296972222
2023-09-26 11:00:00,0.2969375
2023-09-26 12:00:00,0.296884722
2023-09-26 13:00:00,0.296834722
2023-09-26 14:00:00,0.296795833
2023-09-26 15:00:00,0.2967625
2023-09-26 16:00:00,0.29675
2023-09-26 17:00:00,0.296773611
2023-09-26 18:00:00,0.296855556
2023-09-26 19:00:00,0.297008333
2023-09-26 20:00:00,0.297104167
2023-09-26 21:00:00,0.297266667
2023-09-26 22:00:00,0.297515278
2023-09-26 23:00:00,0.297809722
2023-09-27 00:00:00,0.298197222
2023-09-27 01:00:00,0.298623611
2023-09-27 02:00:00,0.299077778
2023-09-27 03:00:00,0.299623611
2023-09-27 04:00:00,0.300222222
2023-09-27 05:00:00,0.300745833
2023-09-27 06:00:00,0.301266667
2023-09-27 07:00:00,0.301784722
2023-09-27 08:00:00,0.302244444
2023-09-27 09:00:00,0.302676389
2023-09-27 10:00:00,0.303065278
2023-09-27 11:00:00,0.303397222
2023-09-27 12:00:00,0.303718056
2023-09-27 13:00:00,0.303986111
2023-09-27 14:00:00,0.304254167
2023-09-27 15:00:00,0.304493056
2023-09-27 16:00:00,0.304709722
2023-09-27 17:00:00,0.304938889
2023-09-27 18:00:00,0.305202778
2023-09-27 19:00:00,0.305452778
2023-09-27 20:00:00,0.305763889
2023-09-27 21:00:00,0.306072222
2023-09-27 22:00:00,0.306440278
2023-09-27 23:00:00,0.306829167
2023-09-28 00:00:00,0.307245833
2023-09-28 01:00:00,0.307680556
2023-09-28 02:00:00,0.3081625
2023-09-28 03:00:00,0.308694444
2023-09-28 04:00:00,0.309229167
2023-09-28 05:00:00,0.3097125
2023-09-28 06:00:00,0.310180556
2023-09-28 07:00:00,0.310604167
2023-09-28 08:00:00,0.310973611
2023-09-28 09:00:00,0.311275
2023-09-28 10:00:00,0.311501389
2023-09-28 11:00:00,0.311680556
2023-09-28 12:00:00,0.311811111
2023-09-28 13:00:00,0.311909722
2023-09-28 14:00:00,0.311997222
2023-09-28 15:00:00,0.312069444
2023-09-28 16:00:00,0.312156944
2023-09-28 17:00:00,0.312245833
2023-09-28 18:00:00,0.312366667
2023-09-28 19:00:00,0.312515278
2023-09-28 20:00:00,0.312708333
2023-09-28 21:00:00,0.312890278
2023-09-28 22:00:00,0.313140278
2023-09-28 23:00:00,0.313463889
2023-09-29 00:00:00,0.313806944
2023-09-29 01:00:00,0.314180556
2023-09-29 02:00:00,0.314563889
2023-09-29 03:00:00,0.315013889
2023-09-29 04:00:00,0.315479167
2023-09-29 05:00:00,0.315925
2023-09-29 06:00:00,0.316363889
2023-09-29 07:00:00,0.316731944
2023-09-29 08:00:00,0.317036111
2023-09-29 09:00:00,0.317261111
2023-09-29 10:00:00,0.317401389
2023-09-29 11:00:00,0.317463889
2023-09-29 12:00:00,0.317433333
2023-09-29 13:00:00,0.317341667
2023-09-29 14:00:00,0.317208333
2023-09-29 15:00:00,0.317058333
2023-09-29 16:00:00,0.316904167
2023-09-29 17:00:00,0.316759722
2023-09-29 18:00:00,0.316659722
2023-09-29 19:00:00,0.3166125
2023-09-29 20:00:00,0.316633333
2023-09-29 21:00:00,0.316713889
2023-09-29 22:00:00,0.316852778
2023-09-29 23:00:00,0.317072222
2023-09-30 00:00:00,0.317331944
2023-09-30 01:00:00,0.317645833
2023-09-30 02:00:00,0.318013889
2023-09-30 03:00:00,0.318395833
2023-09-30 04:00:00,0.318783333
2023-09-30 05:00:00,0.319158333
2023-09-30 06:00:00,0.319486111
2023-09-30 07:00:00,0.31975
2023-09-30 08:00:00,0.319961111
2023-09-30 09:00:00,0.320102778
2023-09-30 10:00:00,0.320184722
2023-09-30 11:00:00,0.320184722
2023-09-30 12:00:00,0.320118056
2023-09-30 13:00:00,0.319998611
2023-09-30 14:00:00,0.319802778
2023-09-30 15:00:00,0.319575
2023-09-30 16:00:00,0.319333333
2023-09-30 17:00:00,0.319068056
2023-09-30 18:00:00,0.318808333
2023-09-30 19:00:00,0.318575
2023-09-30 20:00:00,0.318372222
2023-09-30 21:00:00,0.318241667
2023-09-30 22:00:00,0.318148611
2023-09-30 23:00:00,0.318122222
2024-09-01 00:00:00,0.282276389
2024-09-01 01:00:00,0.282513889
2024-09-01 02:00:00,0.282736111
2024-09-01 03:00:00,0.282954167
2024-09-01 04:00:00,0.283188889
2024-09-01 05:00:00,0.283419444
2024-09-01 06:00:00,0.283661111
2024-09-01 07:00:00,0.283883333
2024-09-01 08:00:00,0.284075
2024-09-01 09:00:00,0.284255556
2024-09-01 10:00:00,0.284411111
2024-09-01 11:00:00,0.284577778
2024-09-01 12:00:00,0.28475
2024-09-01 13:00:00,0.284881944
2024-09-01 14:00:00,0.285011111
2024-09-01 15:00:00,0.285144444
2024-09-01 16:00:00,0.285311111
2024-09-01 17:00:00,0.285522222
2024-09-01 18:00:00,0.285763889
2024-09-01 19:00:00,0.2860125
2024-09-01 20:00:00,0.286265278
2024-09-01 21:00:00,0.286555556
2024-09-01 22:00:00,0.286866667
2024-09-01 23:00:00,0.287165278
2024-09-02 00:00:00,0.287504167
2024-09-02 01:00:00,0.287865278
2024-09-02 02:00:00,0.288241667
2024-09-02 03:00:00,0.288623611
2024-09-02 04:00:00,0.289008333
2024-09-02 05:00:00,0.289377778
2024-09-02 06:00:00,0.289768056
2024-09-02 07:00:00,0.290109722
2024-09-02 08:00:00,0.2903875
2024-09-02 09:00:00,0.290623611
2024-09-02 10:00:00,0.290765278
2024-09-02 11:00:00,0.290870833
2024-09-02 12:00:00,0.290973611
2024-09-02 13:00:00,0.291033333
2024-09-02 14:00:00,0.291097222
2024-09-02 15:00:00,0.291163889
2024-09-02 16:00:00,0.291206944
2024-09-02 17:00:00,0.291270833
2024-09-02 18:00:00,0.291366667
2024-09-02 19:00:00,0.291508333
2024-09-02 20:00:00,0.291677778
2024-09-02 21:00:00,0.291873611
2024-09-02 22:00:00,0.292113889
2024-09-02 23:00:00,0.292370833
2024-09-03 00:00:00,0.292677778
2024-09-03 01:00:00,0.293019444
2024-09-03 02:00:00,0.2933875
2024-09-03 03:00:00,0.293794444
2024-09-03 04:00:00,0.294245833
2024-09-03 05:00:00,0.294684722
2024-09-03 06:00:00,0.295106944
2024-09-03 07:00:00,0.295529167
2024-09-03 08:00:00,0.295923611
2024-09-03 09:00:00,0.296258333
2024-09-03 10:00:00,0.296508333
2024-09-03 11:00:00,0.296663889
2024-09-03 12:00:00,0.296729167
2024-09-03 13:00:00,0.296713889
2024-09-03 14:00:00,0.296673611
2024-09-03 15:00:00,0.296623611
2024-09-03 16:00:00,0.296584722
2024-09-03 17:00:00,0.296591667
2024-09-03 18:00:00,0.296643056
2024-09-03 19:00:00,0.296736111
2024-09-03 20:00:00,0.296931944
2024-09-03 21:00:00,0.297168056
2024-09-03 22:00:00,0.297447222
2024-09-03 23:00:00,0.297772222
2024-09-04 00:00:00,0.298176389
2024-09-04 01:00:00,0.298648611
2024-09-04 02:00:00,0.299166667
2024-09-04 03:00:00,0.299741667
2024-09-04 04:00:00,0.300343056
2024-09-04 05:00:00,0.301005556
2024-09-04 06:00:00,0.301676389
2024-09-04 07:00:00,0.302297222
2024-09-04 08:00:00,0.302855556
2024-09-04 09:00:00,0.303319444
2024-09-04 10:00:00,0.303683333
2024-09-04 11:00:00,0.303936111
2024-09-04 12:00:00,0.304063889
2024-09-04 13:00:00,0.304094444
2024-09-04 14:00:00,0.304038889
2024-09-04 15:00:00,0.303940278
2024-09-04 16:00:00,0.303831944
2024-09-04 17:00:00,0.303718056
2024-09-04 18:00:00,0.303609722
2024-09-04 19:00:00,0.303544444
2024-09-04 20:00:00,0.30355
2024-09-04 21:00:00,0.303633333
2024-09-04 22:00:00,0.303805556
2024-09-04 23:00:00,0.304045833
2024-09-05 00:00:00,0.304391667
2024-09-05 01:00:00,0.304811111
2024-09-05 02:00:00,0.305329167
2024-09-05 03:00:00,0.305920833
2024-09-05 04:00:00,0.306584722
2024-09-05 05:00:00,0.307277778
2024-09-05 06:00:00,0.307988889
2024-09-05 07:00:00,0.308670833
2024-09-05 08:00:00,0.309302778
2024-09-05 09:00:00,0.309877778
2024-09-05 10:00:00,0.310368056
2024-09-05 11:00:00,0.310769444
2024-09-05 12:00:00,0.311084722
2024-09-05 13:00:00,0.311279167
2024-09-05 14:00:00,0.311383333
2024-09-05 15:00:00,0.311393056
2024-09-05 16:00:00,0.311333333
2024-09-05 17:00:00,0.311238889
2024-09-05 18:00:00,0.311105556
2024-09-05 19:00:00,0.310973611
2024-09-05 20:00:00,0.310868056
2024-09-05 21:00:00,0.310820833
2024-09-05 22:00:00,0.310852778
2024-09-05 23:00:00,0.310986111
2024-09-06 00:00:00,0.311240278
2024-09-06 01:00:00,0.311588889
2024-09-06 02:00:00,0.312025
2024-09-06 03:00:00,0.312547222
2024-09-06 04:00:00,0.313120833
2024-09-06 05:00:00,0.313730556
2024-09-06 06:00:00,0.31435
2024-09-06 07:00:00,0.314944444
2024-09-06 08:00:00,0.315498611
2024-09-06 09:00:00,0.316004167
2024-09-06 10:00:00,0.316459722
2024-09-06 11:00:00,0.316863889
2024-09-06 12:00:00,0.317209722
2024-09-06 13:00:00,0.317477778
2024-09-06 14:00:00,0.317668056
2024-09-06 15:00:00,0.317756944
2024-09-06 16:00:00,0.317751389
2024-09-06 17:00:00,0.317684722
2024-09-06 18:00:00,0.317556944
2024-09-06 19:00:00,0.317376389
2024-09-06 20:00:00,0.317194444
2024-09-06 21:00:00,0.317005556
2024-09-06 22:00:00,0.316941667
2024-09-06 23:00:00,0.316933333
2024-09-07 00:00:00,0.317041667
2024-09-07 01:00:00,0.317209722
2024-09-07 02:00:00,0.317516667
2024-09-07 03:00:00,0.317943056
2024-09-07 04:00:00,0.318418056
2024-09-07 05:00:00,0.318926389
2024-09-07 06:00:00,0.319448611
2024-09-07 07:00:00,0.319990278
2024-09-07 08:00:00,0.320504167
2024-09-07 09:00:00,0.3209875
2024-09-07 10:00:00,0.321438889
2024-09-07 11:00:00,0.321831944
2024-09-07 12:00:00,0.322208333
2024-09-07 13:00:00,0.322541667
2024-09-07 14:00:00,0.322818056
2024-09-07 15:00:00,0.323036111
2024-09-07 16:00:00,0.323180556
2024-09-07 17:00:00,0.323265278
2024-09-07 18:00:00,0.323261111
2024-09-07 19:00:00,0.323204167
2024-09-07 20:00:00,0.323108333
2024-09-07 21:00:00,0.322968056
2024-09-07 22:00:00,0.322855556
2024-09-07 23:00:00,0.322751389
2024-09-08 00:00:00,0.322697222
2024-09-08 01:00:00,0.322697222
2024-09-08 02:00:00,0.322775
2024-09-08 03:00:00,0.322927778
2024-09-08 04:00:00,0.323129167
2024-09-08 05:00:00,0.323394444
2024-09-08 06:00:00,0.323680556
2024-09-08 07:00:00,0.3239875
2024-09-08 08:00:00,0.324316667
2024-09-08 09:00:00,0.324652778
2024-09-08 10:00:00,0.324968056
2024-09-08 11:00:00,0.325244444
2024-09-08 12:00:00,0.325548611
2024-09-08 13:00:00,0.325834722
2024-09-08 14:00:00,0.326095833
2024-09-08 15:00:00,0.326330556
2024-09-08 16:00:00,0.326522222
2024-09-08 17:00:00,0.326693056
2024-09-08 18:00:00,0.326813889
2024-09-08 19:00:00,0.326879167
2024-09-08 20:00:00,0.326883333
2024-09-08 21:00:00,0.326848611
2024-09-08 22:00:00,0.326802778
2024-09-08 23:00:00,0.3267375
2024-09-09 00:00:00,0.326718056
2024-09-09 01:00:00,0.326733333
2024-09-09 02:00:00,0.326768056
2024-09-09 03:00:00,0.326838889
2024-09-09 04:00:00,0.326941667
2024-09-09 05:00:00,0.327063889
2024-09-09 06:00:00,0.327219444
2024-09-09 07:00:00,0.327409722
2024-09-09 08:00:00,0.3276
2024-09-09 09:00:00,0.327808333
2024-09-09 10:00:00,0.328015278
2024-09-09 11:00:00,0.328261111
2024-09-09 12:00:00,0.328530556
2024-09-09 13:00:00,0.328780556
2024-09-09 14:00:00,0.329052778
2024-09-09 15:00:00,0.329330556
2024-09-09 16:00:00,0.3295875
2024-09-09 17:00:00,0.329830556
2024-09-09 18:00:00,0.330065278
2024-09-09 19:00:00,0.330265278
2024-09-09 20:00:00,0.330433333
2024-09-09 21:00:00,0.330573611
2024-09-09 22:00:00,0.330708333
2024-09-09 23:00:00,0.330797222
2024-09-10 00:00:00,0.330926389
2024-09-10 01:00:00,0.331072222
2024-09-10 02:00:00,0.331219444
2024-09-10 03:00:00,0.331379167
2024-09-10 04:00:00,0.331566667
2024-09-10 05:00:00,0.331777778
2024-09-10 06:00:00,0.332004167
2024-09-10 07:00:00,0.332251389
2024-09-10 08:00:00,0.332533333
2024-09-10 09:00:00,0.332844444
2024-09-10 10:00:00,0.333186111
2024-09-10 11:00:00,0.333566667
2024-09-10 12:00:00,0.333988889
2024-09-10 13:00:00,0.334430556
2024-09-10 14:00:00,0.334904167
2024-09-10 15:00:00,0.335406944
2024-09-10 16:00:00,0.335893056
2024-09-10 17:00:00,0.336383333
2024-09-10 18:00:00,0.336847222
2024-09-10 19:00:00,0.3373125
2024-09-10 20:00:00,0.337770833
2024-09-10 21:00:00,0.3382125
2024-09-10 22:00:00,0.338655556
2024-09-10 23:00:00,0.339081944
2024-09-11 00:00:00,0.339476389
2024-09-11 01:00:00,0.339869444
2024-09-11 02:00:00,0.340240278
2024-09-11 03:00:00,0.340619444
2024-09-11 04:00:00,0.340975
2024-09-11 05:00:00,0.341327778
2024-09-11 06:00:00,0.341669444
2024-09-11 07:00:00,0.342002778
2024-09-11 08:00:00,0.342380556
2024-09-11 09:00:00,0.342716667
2024-09-11 10:00:00,0.3430625
2024-09-11 11:00:00,0.343427778
2024-09-11 12:00:00,0.343805556
2024-09-11 13:00:00,0.344223611
2024-09-11 14:00:00,0.344715278
2024-09-11 15:00:00,0.345251389
2024-09-11 16:00:00,0.345856944
2024-09-11 17:00:00,0.346445833
2024-09-11 18:00:00,0.347058333
2024-09-11 19:00:00,0.347675
2024-09-11 20:00:00,0.348297222
2024-09-11 21:00:00,0.348934722
2024-09-11 22:00:00,0.349572222
2024-09-11 23:00:00,0.350229167
2024-09-12 00:00:00,0.350895833
2024-09-12 01:00:00,0.351518056
2024-09-12 02:00:00,0.352144444
2024-09-12 03:00:00,0.352709722
2024-09-12 04:00:00,0.353308333
2024-09-12 05:00:00,0.353893056
2024-09-12 06:00:00,0.354455556
2024-09-12 07:00:00,0.354991667
2024-09-12 08:00:00,0.355497222
2024-09-12 09:00:00,0.356036111
2024-09-12 10:00:00,0.356577778
2024-09-12 11:00:00,0.357127778
2024-09-12 12:00:00,0.357702778
2024-09-12 13:00:00,0.358243056
2024-09-12 14:00:00,0.358854167
2024-09-12 15:00:00,0.359488889
2024-09-12 16:00:00,0.3601125
2024-09-12 17:00:00,0.360765278
2024-09-12 18:00:00,0.361418056
2024-09-12 19:00:00,0.362076389
2024-09-12 20:00:00,0.362711111
2024-09-12 21:00:00,0.363338889
2024-09-12 22:00:00,0.363973611
2024-09-12 23:00:00,0.364609722
2024-09-13 00:00:00,0.36525
2024-09-13 01:00:00,0.365873611
2024-09-13 02:00:00,0.36645
2024-09-13 03:00:00,0.366956944
2024-09-13 04:00:00,0.367391667
2024-09-13 05:00:00,0.367765278
2024-09-13 06:00:00,0.368041667
2024-09-13 07:00:00,0.368269444
2024-09-13 08:00:00,0.368444444
2024-09-13 09:00:00,0.368577778
2024-09-13 10:00:00,0.36865
2024-09-13 11:00:00,0.368745833
2024-09-13 12:00:00,0.368811111
2024-09-13 13:00:00,0.368820833
2024-09-13 14:00:00,0.368827778
2024-09-13 15:00:00,0.368826389
2024-09-13 16:00:00,0.368822222
2024-09-13 17:00:00,0.368830556
2024-09-13 18:00:00,0.368843056
2024-09-13 19:00:00,0.368893056
2024-09-13 20:00:00,0.368951389
2024-09-13 21:00:00,0.369033333
2024-09-13 22:00:00,0.369151389
2024-09-13 23:00:00,0.369308333
2024-09-14 00:00:00,0.369501389
2024-09-14 01:00:00,0.369706944
2024-09-14 02:00:00,0.369948611
2024-09-14 03:00:00,0.370211111
2024-09-14 04:00:00,0.3704875
2024-09-14 05:00:00,0.370751389
2024-09-14 06:00:00,0.370981944
2024-09-14 07:00:00,0.371180556
2024-09-14 08:00:00,0.371352778
2024-09-14 09:00:00,0.371497222
2024-09-14 10:00:00,0.371588889
2024-09-14 11:00:00,0.371651389
2024-09-14 12:00:00,0.371661111
2024-09-14 13:00:00,0.371697222
2024-09-14 14:00:00,0.371709722
2024-09-14 15:00:00,0.371733333
2024-09-14 16:00:00,0.371747222
2024-09-14 17:00:00,0.371768056
2024-09-14 18:00:00,0.371819444
2024-09-14 19:00:00,0.371880556
2024-09-14 20:00:00,0.371948611
2024-09-14 21:00:00,0.372043056
2024-09-14 22:00:00,0.372166667
2024-09-14 23:00:00,0.372327778
2024-09-15 00:00:00,0.372522222
2024-09-15 01:00:00,0.372723611
2024-09-15 02:00:00,0.372961111
2024-09-15 03:00:00,0.373209722
2024-09-15 04:00:00,0.373448611
2024-09-15 05:00:00,0.373665278
2024-09-15 06:00:00,0.373838889
2024-09-15 07:00:00,0.373966667
2024-09-15 08:00:00,0.374015278
2024-09-15 09:00:00,0.373995833
2024-09-15 10:00:00,0.373945833
2024-09-15 11:00:00,0.373829167
2024-09-15 12:00:00,0.373658333
2024-09-15 13:00:00,0.373472222
2024-09-15 14:00:00,0.373272222
2024-09-15 15:00:00,0.3730625
2024-09-15 16:00:00,0.372866667
2024-09-15 17:00:00,0.372706944
2024-09-15 18:00:00,0.372555556
2024-09-15 19:00:00,0.372444444
2024-09-15 20:00:00,0.372341667
2024-09-15 21:00:00,0.372290278
2024-09-15 22:00:00,0.372266667
2024-09-15 23:00:00,0.372279167
2024-09-16 00:00:00,0.372358333
2024-09-16 01:00:00,0.3725
2024-09-16 02:00:00,0.372709722
2024-09-16 03:00:00,0.372981944
2024-09-16 04:00:00,0.373283333
2024-09-16 05:00:00,0.373598611
2024-09-16 06:00:00,0.373879167
2024-09-16 07:00:00,0.374111111
2024-09-16 08:00:00,0.374295833
2024-09-16 09:00:00,0.374411111
2024-09-16 10:00:00,0.374445833
2024-09-16 11:00:00,0.3744125
2024-09-16 12:00:00,0.374326389
2024-09-16 13:00:00,0.374191667
2024-09-16 14:00:00,0.374033333
2024-09-16 15:00:00,0.373856944
2024-09-16 16:00:00,0.373673611
2024-09-16 17:00:00,0.373495833
2024-09-16 18:00:00,0.373318056
2024-09-16 19:00:00,0.3731625
2024-09-16 20:00:00,0.373044444
2024-09-16 21:00:00,0.372956944
2024-09-16 22:00:00,0.372904167
2024-09-16 23:00:00,0.372873611
2024-09-17 00:00:00,0.372881944
2024-09-17 01:00:00,0.372966667
2024-09-17 02:00:00,0.373118056
2024-09-17 03:00:00,0.373334722
2024-09-17 04:00:00,0.373597222
2024-09-17 05:00:00,0.373880556
2024-09-17 06:00:00,0.374165278
2024-09-17 07:00:00,0.374404167
2024-09-17 08:00:00,0.374575
2024-09-17 09:00:00,0.374668056
2024-09-17 10:00:00,0.374688889
2024-09-17 11:00:00,0.374636111
2024-09-17 12:00:00,0.374518056
2024-09-17 13:00:00,0.374359722
2024-09-17 14:00:00,0.374186111
2024-09-17 15:00:00,0.374013889
2024-09-17 16:00:00,0.373843056
2024-09-17 17:00:00,0.373672222
2024-09-17 18:00:00,0.373548611
2024-09-17 19:00:00,0.373470833
2024-09-17 20:00:00,0.373456944
2024-09-17 21:00:00,0.373493056
2024-09-17 22:00:00,0.373593056
2024-09-17 23:00:00,0.373761111
2024-09-18 00:00:00,0.373986111
2024-09-18 01:00:00,0.374266667
2024-09-18 02:00:00,0.374581944
2024-09-18 03:00:00,0.374955556
2024-09-18 04:00:00,0.375348611
2024-09-18 05:00:00,0.375723611
2024-09-18 06:00:00,0.376086111
2024-09-18 07:00:00,0.376395833
2024-09-18 08:00:00,0.376648611
2024-09-18 09:00:00,0.376815278
2024-09-18 10:00:00,0.376898611
2024-09-18 11:00:00,0.376908333
2024-09-18 12:00:00,0.376830556
2024-09-18 13:00:00,0.376698611
2024-09-18 14:00:00,0.376533333
2024-09-18 15:00:00,0.376334722
2024-09-18 16:00:00,0.376125
2024-09-18 17:00:00,0.375906944
2024-09-18 18:00:00,0.375731944
2024-09-18 19:00:00,0.375568056
2024-09-18 20:00:00,0.375443056
2024-09-18 21:00:00,0.375413889
2024-09-18 22:00:00,0.375438889
2024-09-18 23:00:00,0.375530556
2024-09-19 00:00:00,0.375655556
2024-09-19 01:00:00,0.375893056
2024-09-19 02:00:00,0.376116667
2024-09-19 03:00:00,0.376433333
2024-09-19 04:00:00,0.376727778
2024-09-19 05:00:00,0.377
2024-09-19 06:00:00,0.377219444
2024-09-19 07:00:00,0.377411111
2024-09-19 08:00:00,0.377495833
2024-09-19 09:00:00,0.3775375
2024-09-19 10:00:00,0.377520833
2024-09-19 11:00:00,0.377447222
2024-09-19 12:00:00,0.3773
2024-09-19 13:00:00,0.377102778
2024-09-19 14:00:00,0.376838889
2024-09-19 15:00:00,0.3765375
2024-09-19 16:00:00,0.376213889
2024-09-19 17:00:00,0.375870833
2024-09-19 18:00:00,0.375531944
2024-09-19 19:00:00,0.375191667
2024-09-19 20:00:00,0.374927778
2024-09-19 21:00:00,0.374698611
2024-09-19 22:00:00,0.374540278
2024-09-19 23:00:00,0.374443056
2024-09-20 00:00:00,0.374369444
2024-09-20 01:00:00,0.374380556
2024-09-20 02:00:00,0.374441667
2024-09-20 03:00:00,0.374547222
2024-09-20 04:00:00,0.374688889
2024-09-20 05:00:00,0.374845833
2024-09-20 06:00:00,0.375008333
2024-09-20 07:00:00,0.375184722
2024-09-20 08:00:00,0.375331944
2024-09-20 09:00:00,0.375451389
2024-09-20 10:00:00,0.375523611
2024-09-20 11:00:00,0.375569444
2024-09-20 12:00:00,0.375586111
2024-09-20 13:00:00,0.375538889
2024-09-20 14:00:00,0.375452778
2024-09-20 15:00:00,0.375336111
2024-09-20 16:00:00,0.375184722
2024-09-20 17:00:00,0.375030556
2024-09-20 18:00:00,0.374866667
2024-09-20 19:00:00,0.374719444
2024-09-20 20:00:00,0.374619444
2024-09-20 21:00:00,0.374547222
2024-09-20 22:00:00,0.374543056
2024-09-20 23:00:00,0.374613889
2024-09-21 00:00:00,0.374744444
2024-09-21 01:00:00,0.374930556
2024-09-21 02:00:00,0.375148611
2024-09-21 03:00:00,0.375398611
2024-09-21 04:00:00,0.375690278
2024-09-21 05:00:00,0.375959722
2024-09-21 06:00:00,0.376194444
2024-09-21 07:00:00,0.376406944
2024-09-21 08:00:00,0.376616667
2024-09-21 09:00:00,0.376755556
2024-09-21 10:00:00,0.376856944
2024-09-21 11:00:00,0.376902778
2024-09-21 12:00:00,0.376919444
2024-09-21 13:00:00,0.3769
2024-09-21 14:00:00,0.376836111
2024-09-21 15:00:00,0.376725
2024-09-21 16:00:00,0.376580556
2024-09-21 17:00:00,0.376388889
2024-09-21 18:00:00,0.376180556
2024-09-21 19:00:00,0.375951389
2024-09-21 20:00:00,0.375718056
2024-09-21 21:00:00,0.375494444
2024-09-21 22:00:00,0.375331944
2024-09-21 23:00:00,0.375186111
2024-09-22 00:00:00,0.375131944
2024-09-22 01:00:00,0.375143056
2024-09-22 02:00:00,0.375211111
2024-09-22 03:00:00,0.375329167
2024-09-22 04:00:00,0.375468056
2024-09-22 05:00:00,0.3756375
2024-09-22 06:00:00,0.375819444
2024-09-22 07:00:00,0.376001389
2024-09-22 08:00:00,0.376181944
2024-09-22 09:00:00,0.376343056
2024-09-22 10:00:00,0.376476389
2024-09-22 11:00:00,0.376615278
2024-09-22 12:00:00,0.376745833
2024-09-22 13:00:00,0.376852778
2024-09-22 14:00:00,0.376930556
2024-09-22 15:00:00,0.376973611
2024-09-22 16:00:00,0.377004167
2024-09-22 17:00:00,0.3769875
2024-09-22 18:00:00,0.376956944
2024-09-22 19:00:00,0.376926389
2024-09-22 20:00:00,0.376883333
2024-09-22 21:00:00,0.376865278
2024-09-22 22:00:00,0.376888889
2024-09-22 23:00:00,0.376936111
2024-09-23 00:00:00,0.377006944
2024-09-23 01:00:00,0.377119444
2024-09-23 02:00:00,0.377276389
2024-09-23 03:00:00,0.377444444
2024-09-23 04:00:00,0.377626389
2024-09-23 05:00:00,0.377848611
2024-09-23 06:00:00,0.378077778
2024-09-23 07:00:00,0.378313889
2024-09-23 08:00:00,0.378552778
2024-09-23 09:00:00,0.378755556
2024-09-23 10:00:00,0.378930556
2024-09-23 11:00:00,0.379083333
2024-09-23 12:00:00,0.379238889
2024-09-23 13:00:00,0.379361111
2024-09-23 14:00:00,0.379447222
2024-09-23 15:00:00,0.379508333
2024-09-23 16:00:00,0.379555556
2024-09-23 17:00:00,0.379570833
2024-09-23 18:00:00,0.37955
2024-09-23 19:00:00,0.379508333
2024-09-23 20:00:00,0.379463889
2024-09-23 21:00:00,0.379433333
2024-09-23 22:00:00,0.379409722
2024-09-23 23:00:00,0.3794
2024-09-24 00:00:00,0.379426389
2024-09-24 01:00:00,0.379473611
2024-09-24 02:00:00,0.379555556
2024-09-24 03:00:00,0.379658333
2024-09-24 04:00:00,0.379769444
2024-09-24 05:00:00,0.379883333
2024-09-24 06:00:00,0.379994444
2024-09-24 07:00:00,0.380119444
2024-09-24 08:00:00,0.380234722
2024-09-24 09:00:00,0.380369444
2024-09-24 10:00:00,0.380497222
2024-09-24 11:00:00,0.380627778
2024-09-24 12:00:00,0.380751389
2024-09-24 13:00:00,0.380870833
2024-09-24 14:00:00,0.380970833
2024-09-24 15:00:00,0.381066667
2024-09-24 16:00:00,0.38115
2024-09-24 17:00:00,0.381194444
2024-09-24 18:00:00,0.381225
2024-09-24 19:00:00,0.381244444
2024-09-24 20:00:00,0.381216667
2024-09-24 21:00:00,0.381179167
2024-09-24 22:00:00,0.381129167
2024-09-24 23:00:00,0.381083333
2024-09-25 00:00:00,0.381051389
2024-09-25 01:00:00,0.381018056
2024-09-25 02:00:00,0.380979167
2024-09-25 03:00:00,0.380952778
2024-09-25 04:00:00,0.380940278
2024-09-25 05:00:00,0.380945833
2024-09-25 06:00:00,0.380947222
2024-09-25 07:00:00,0.38095
2024-09-25 08:00:00,0.3809375
2024-09-25 09:00:00,0.380958333
2024-09-25 10:00:00,0.380990278
2024-09-25 11:00:00,0.380990278
2024-09-25 12:00:00,0.3809875
2024-09-25 13:00:00,0.380945833
2024-09-25 14:00:00,0.380898611
2024-09-25 15:00:00,0.380831944
2024-09-25 16:00:00,0.380769444
2024-09-25 17:00:00,0.380655556
2024-09-25 18:00:00,0.380515278
2024-09-25 19:00:00,0.38035
2024-09-25 20:00:00,0.380158333
2024-09-25 21:00:00,0.379948611
2024-09-25 22:00:00,0.3797125
2024-09-25 23:00:00,0.379456944
2024-09-26 00:00:00,0.379168056
2024-09-26 01:00:00,0.378838889
2024-09-26 02:00:00,0.378516667
2024-09-26 03:00:00,0.378177778
2024-09-26 04:00:00,0.377819444
2024-09-26 05:00:00,0.377468056
2024-09-26 06:00:00,0.377090278
2024-09-26 07:00:00,0.376716667
2024-09-26 08:00:00,0.376352778
2024-09-26 09:00:00,0.376004167
2024-09-26 10:00:00,0.375644444
2024-09-26 11:00:00,0.375286111
2024-09-26 12:00:00,0.374933333
2024-09-26 13:00:00,0.374584722
2024-09-26 14:00:00,0.374230556
2024-09-26 15:00:00,0.373855556
2024-09-26 16:00:00,0.373493056
2024-09-26 17:00:00,0.373115278
2024-09-26 18:00:00,0.372726389
2024-09-26 19:00:00,0.372329167
2024-09-26 20:00:00,0.371940278
2024-09-26 21:00:00,0.371551389
2024-09-26 22:00:00,0.371176389
2024-09-26 23:00:00,0.370825
2024-09-27 00:00:00,0.370490278
2024-09-27 01:00:00,0.370179167
2024-09-27 02:00:00,0.369922222
2024-09-27 03:00:00,0.369694444
2024-09-27 04:00:00,0.369408333
2024-09-27 05:00:00,0.369136111
2024-09-27 06:00:00,0.368819444
2024-09-27 07:00:00,0.368431944
2024-09-27 08:00:00,0.368019444
2024-09-27 09:00:00,0.367576389
2024-09-27 10:00:00,0.367130556
2024-09-27 11:00:00,0.366722222
2024-09-27 12:00:00,0.366270833
2024-09-27 13:00:00,0.365847222
2024-09-27 14:00:00,0.365445833
2024-09-27 15:00:00,0.365072222
2024-09-27 16:00:00,0.3647
2024-09-27 17:00:00,0.364343056
2024-09-27 18:00:00,0.364015278
2024-09-27 19:00:00,0.363680556
2024-09-27 20:00:00,0.363365278
2024-09-27 21:00:00,0.363054167
2024-09-27 22:00:00,0.362745833
2024-09-27 23:00:00,0.362431944
2024-09-28 00:00:00,0.362143056
2024-09-28 01:00:00,0.361915278
2024-09-28 02:00:00,0.361711111
2024-09-28 03:00:00,0.361515278
2024-09-28 04:00:00,0.361319444
2024-09-28 05:00:00,0.361118056
2024-09-28 06:00:00,0.360913889
2024-09-28 07:00:00,0.360698611
2024-09-28 08:00:00,0.360447222
2024-09-28 09:00:00,0.360181944
2024-09-28 10:00:00,0.359920833
2024-09-28 11:00:00,0.359651389
2024-09-28 12:00:00,0.359373611
2024-09-28 13:00:00,0.3591125
2024-09-28 14:00:00,0.358870833
2024-09-28 15:00:00,0.358644444
2024-09-28 16:00:00,0.358477778
2024-09-28 17:00:00,0.358298611
2024-09-28 18:00:00,0.358138889
2024-09-28 19:00:00,0.357995833
2024-09-28 20:00:00,0.357869444
2024-09-28 21:00:00,0.357751389
2024-09-28 22:00:00,0.357666667
2024-09-28 23:00:00,0.357629167
2024-09-29 00:00:00,0.357580556
2024-09-29 01:00:00,0.357579167
2024-09-29 02:00:00,0.357609722
2024-09-29 03:00:00,0.357648611
2024-09-29 04:00:00,0.357670833
2024-09-29 05:00:00,0.357681944
2024-09-29 06:00:00,0.357643056
2024-09-29 07:00:00,0.357565278
2024-09-29 08:00:00,0.357433333
2024-09-29 09:00:00,0.357256944
2024-09-29 10:00:00,0.357045833
2024-09-29 11:00:00,0.356809722
2024-09-29 12:00:00,0.356570833
2024-09-29 13:00:00,0.356320833
2024-09-29 14:00:00,0.356069444
2024-09-29 15:00:00,0.355858333
2024-09-29 16:00:00,0.355690278
2024-09-29 17:00:00,0.3555625
2024-09-29 18:00:00,0.355454167
2024-09-29 19:00:00,0.355379167
2024-09-29 20:00:00,0.3553375
2024-09-29 21:00:00,0.355323611
2024-09-29 22:00:00,0.355322222
2024-09-29 23:00:00,0.355348611
2024-09-30 00:00:00,0.355411111
2024-09-30 01:00:00,0.355526389
2024-09-30 02:00:00,0.355672222
2024-09-30 03:00:00,0.355854167
2024-09-30 04:00:00,0.356015278
2024-09-30 05:00:00,0.356152778
2024-09-30 06:00:00,0.356256944
2024-09-30 07:00:00,0.356304167
2024-09-30 08:00:00,0.356259722
2024-09-30 09:00:00,0.356156944
2024-09-30 10:00:00,0.355979167
2024-09-30 11:00:00,0.355754167
2024-09-30 12:00:00,0.355520833
2024-09-30 13:00:00,0.355269444
2024-09-30 14:00:00,0.355019444
2024-09-30 15:00:00,0.3547625
2024-09-30 16:00:00,0.354555556
2024-09-30 17:00:00,0.354405556
2024-09-30 18:00:00,0.354316667
2024-09-30 19:00:00,0.354256944
2024-09-30 20:00:00,0.354241667
2024-09-30 21:00:00,0.354259722
2024-09-30 22:00:00,0.3543125
2024-09-30 23:00:00,0.354451389
