time,WL_trend_30d_filled
2020-11-01 00:00:00,0.328797222
2020-11-01 01:00:00,0.328888889
2020-11-01 02:00:00,0.329041667
2020-11-01 03:00:00,0.329222222
2020-11-01 04:00:00,0.329429167
2020-11-01 05:00:00,0.329604167
2020-11-01 06:00:00,0.3297375
2020-11-01 07:00:00,0.329838889
2020-11-01 08:00:00,0.329901389
2020-11-01 09:00:00,0.329898611
2020-11-01 10:00:00,0.329870833
2020-11-01 11:00:00,0.329808333
2020-11-01 12:00:00,0.329718056
2020-11-01 13:00:00,0.329579167
2020-11-01 14:00:00,0.329377778
2020-11-01 15:00:00,0.329129167
2020-11-01 16:00:00,0.328816667
2020-11-01 17:00:00,0.328465278
2020-11-01 18:00:00,0.328080556
2020-11-01 19:00:00,0.3277
2020-11-01 20:00:00,0.327343056
2020-11-01 21:00:00,0.326988889
2020-11-01 22:00:00,0.326679167
2020-11-01 23:00:00,0.326426389
2020-11-02 00:00:00,0.326223611
2020-11-02 01:00:00,0.326052778
2020-11-02 02:00:00,0.325906944
2020-11-02 03:00:00,0.325801389
2020-11-02 04:00:00,0.325725
2020-11-02 05:00:00,0.325652778
2020-11-02 06:00:00,0.325569444
2020-11-02 07:00:00,0.325477778
2020-11-02 08:00:00,0.325372222
2020-11-02 09:00:00,0.325270833
2020-11-02 10:00:00,0.325176389
2020-11-02 11:00:00,0.325038889
2020-11-02 12:00:00,0.324868056
2020-11-02 13:00:00,0.32465
2020-11-02 14:00:00,0.324394444
2020-11-02 15:00:00,0.324097222
2020-11-02 16:00:00,0.3237625
2020-11-02 17:00:00,0.323375
2020-11-02 18:00:00,0.322929167
2020-11-02 19:00:00,0.322441667
2020-11-02 20:00:00,0.3219125
2020-11-02 21:00:00,0.321390278
2020-11-02 22:00:00,0.320877778
2020-11-02 23:00:00,0.320373611
2020-11-03 00:00:00,0.319881944
2020-11-03 01:00:00,0.319409722
2020-11-03 02:00:00,0.318986111
2020-11-03 03:00:00,0.318586111
2020-11-03 04:00:00,0.318206944
2020-11-03 05:00:00,0.317845833
2020-11-03 06:00:00,0.317508333
2020-11-03 07:00:00,0.317206944
2020-11-03 08:00:00,0.316926389
2020-11-03 09:00:00,0.316658333
2020-11-03 10:00:00,0.316384722
2020-11-03 11:00:00,0.316104167
2020-11-03 12:00:00,0.315819444
2020-11-03 13:00:00,0.3155375
2020-11-03 14:00:00,0.315205556
2020-11-03 15:00:00,0.314859722
2020-11-03 16:00:00,0.314479167
2020-11-03 17:00:00,0.314022222
2020-11-03 18:00:00,0.313523611
2020-11-03 19:00:00,0.312979167
2020-11-03 20:00:00,0.312427778
2020-11-03 21:00:00,0.311880556
2020-11-03 22:00:00,0.311345833
2020-11-03 23:00:00,0.310811111
2020-11-04 00:00:00,0.310273611
2020-11-04 01:00:00,0.309752778
2020-11-04 02:00:00,0.309261111
2020-11-04 03:00:00,0.308818056
2020-11-04 04:00:00,0.308411111
2020-11-04 05:00:00,0.3080375
2020-11-04 06:00:00,0.307676389
2020-11-04 07:00:00,0.307380556
2020-11-04 08:00:00,0.307154167
2020-11-04 09:00:00,0.306959722
2020-11-04 10:00:00,0.306806944
2020-11-04 11:00:00,0.306669444
2020-11-04 12:00:00,0.306513889
2020-11-04 13:00:00,0.306401389
2020-11-04 14:00:00,0.306272222
2020-11-04 15:00:00,0.306138889
2020-11-04 16:00:00,0.305988889
2020-11-04 17:00:00,0.305819444
2020-11-04 18:00:00,0.305604167
2020-11-04 19:00:00,0.305348611
2020-11-04 20:00:00,0.305059722
2020-11-04 21:00:00,0.304777778
2020-11-04 22:00:00,0.304476389
2020-11-04 23:00:00,0.304147222
2020-11-05 00:00:00,0.303805556
2020-11-05 01:00:00,0.303445833
2020-11-05 02:00:00,0.303079167
2020-11-05 03:00:00,0.302701389
2020-11-05 04:00:00,0.302331944
2020-11-05 05:00:00,0.301954167
2020-11-05 06:00:00,0.301608333
2020-11-05 07:00:00,0.301261111
2020-11-05 08:00:00,0.300897222
2020-11-05 09:00:00,0.300520833
2020-11-05 10:00:00,0.300131944
2020-11-05 11:00:00,0.299763889
2020-11-05 12:00:00,0.299406944
2020-11-05 13:00:00,0.299054167
2020-11-05 14:00:00,0.298718056
2020-11-05 15:00:00,0.298375
2020-11-05 16:00:00,0.2980375
2020-11-05 17:00:00,0.2977125
2020-11-05 18:00:00,0.297383333
2020-11-05 19:00:00,0.297045833
2020-11-05 20:00:00,0.2967125
2020-11-05 21:00:00,0.2963875
2020-11-05 22:00:00,0.296030556
2020-11-05 23:00:00,0.295673611
2020-11-06 00:00:00,0.295322222
2020-11-06 01:00:00,0.294955556
2020-11-06 02:00:00,0.294588889
2020-11-06 03:00:00,0.294208333
2020-11-06 04:00:00,0.293844444
2020-11-06 05:00:00,0.293455556
2020-11-06 06:00:00,0.2930625
2020-11-06 07:00:00,0.292654167
2020-11-06 08:00:00,0.292248611
2020-11-06 09:00:00,0.291833333
2020-11-06 10:00:00,0.291422222
2020-11-06 11:00:00,0.291015278
2020-11-06 12:00:00,0.290615278
2020-11-06 13:00:00,0.290227778
2020-11-06 14:00:00,0.28985
2020-11-06 15:00:00,0.289469444
2020-11-06 16:00:00,0.289081944
2020-11-06 17:00:00,0.2887125
2020-11-06 18:00:00,0.288356944
2020-11-06 19:00:00,0.288022222
2020-11-06 20:00:00,0.287723611
2020-11-06 21:00:00,0.287425
2020-11-06 22:00:00,0.287123611
2020-11-06 23:00:00,0.286856944
2020-11-07 00:00:00,0.2866
2020-11-07 01:00:00,0.2863125
2020-11-07 02:00:00,0.286022222
2020-11-07 03:00:00,0.285723611
2020-11-07 04:00:00,0.285411111
2020-11-07 05:00:00,0.285081944
2020-11-07 06:00:00,0.284730556
2020-11-07 07:00:00,0.284365278
2020-11-07 08:00:00,0.283979167
2020-11-07 09:00:00,0.283586111
2020-11-07 10:00:00,0.2832125
2020-11-07 11:00:00,0.282822222
2020-11-07 12:00:00,0.282473611
2020-11-07 13:00:00,0.282168056
2020-11-07 14:00:00,0.281876389
2020-11-07 15:00:00,0.281595833
2020-11-07 16:00:00,0.281347222
2020-11-07 17:00:00,0.281118056
2020-11-07 18:00:00,0.280902778
2020-11-07 19:00:00,0.280719444
2020-11-07 20:00:00,0.280565278
2020-11-07 21:00:00,0.280438889
2020-11-07 22:00:00,0.280318056
2020-11-07 23:00:00,0.280209722
2020-11-08 00:00:00,0.280109722
2020-11-08 01:00:00,0.279979167
2020-11-08 02:00:00,0.279813889
2020-11-08 03:00:00,0.279618056
2020-11-08 04:00:00,0.279383333
2020-11-08 05:00:00,0.279091667
2020-11-08 06:00:00,0.278758333
2020-11-08 07:00:00,0.278355556
2020-11-08 08:00:00,0.277913889
2020-11-08 09:00:00,0.277427778
2020-11-08 10:00:00,0.276895833
2020-11-08 11:00:00,0.276354167
2020-11-08 12:00:00,0.275794444
2020-11-08 13:00:00,0.275223611
2020-11-08 14:00:00,0.274611111
2020-11-08 15:00:00,0.2741625
2020-11-08 16:00:00,0.273625
2020-11-08 17:00:00,0.273080556
2020-11-08 18:00:00,0.272602778
2020-11-08 19:00:00,0.272138889
2020-11-08 20:00:00,0.271736111
2020-11-08 21:00:00,0.271402778
2020-11-08 22:00:00,0.271138889
2020-11-08 23:00:00,0.270940278
2020-11-09 00:00:00,0.270768056
2020-11-09 01:00:00,0.270595833
2020-11-09 02:00:00,0.270436111
2020-11-09 03:00:00,0.270255556
2020-11-09 04:00:00,0.270054167
2020-11-09 05:00:00,0.269811111
2020-11-09 06:00:00,0.269505556
2020-11-09 07:00:00,0.269147222
2020-11-09 08:00:00,0.268743056
2020-11-09 09:00:00,0.268318056
2020-11-09 10:00:00,0.267838889
2020-11-09 11:00:00,0.267345833
2020-11-09 12:00:00,0.266848611
2020-11-09 13:00:00,0.266344444
2020-11-09 14:00:00,0.265865278
2020-11-09 15:00:00,0.265405556
2020-11-09 16:00:00,0.264980556
2020-11-09 17:00:00,0.264588889
2020-11-09 18:00:00,0.264255556
2020-11-09 19:00:00,0.263963889
2020-11-09 20:00:00,0.263725
2020-11-09 21:00:00,0.263541667
2020-11-09 22:00:00,0.263391667
2020-11-09 23:00:00,0.2632625
2020-11-10 00:00:00,0.263165278
2020-11-10 01:00:00,0.263102778
2020-11-10 02:00:00,0.263066667
2020-11-10 03:00:00,0.263022222
2020-11-10 04:00:00,0.262981944
2020-11-10 05:00:00,0.262904167
2020-11-10 06:00:00,0.262793056
2020-11-10 07:00:00,0.262638889
2020-11-10 08:00:00,0.262448611
2020-11-10 09:00:00,0.262211111
2020-11-10 10:00:00,0.261954167
2020-11-10 11:00:00,0.261688889
2020-11-10 12:00:00,0.261404167
2020-11-10 13:00:00,0.261105556
2020-11-10 14:00:00,0.260829167
2020-11-10 15:00:00,0.260577778
2020-11-10 16:00:00,0.260368056
2020-11-10 17:00:00,0.260222222
2020-11-10 18:00:00,0.260148611
2020-11-10 19:00:00,0.260115278
2020-11-10 20:00:00,0.260125
2020-11-10 21:00:00,0.260152778
2020-11-10 22:00:00,0.260202778
2020-11-10 23:00:00,0.260290278
2020-11-11 00:00:00,0.260398611
2020-11-11 01:00:00,0.260522222
2020-11-11 02:00:00,0.260643056
2020-11-11 03:00:00,0.260747222
2020-11-11 04:00:00,0.260825
2020-11-11 05:00:00,0.260855556
2020-11-11 06:00:00,0.260833333
2020-11-11 07:00:00,0.260743056
2020-11-11 08:00:00,0.260594444
2020-11-11 09:00:00,0.260394444
2020-11-11 10:00:00,0.2601375
2020-11-11 11:00:00,0.25985
2020-11-11 12:00:00,0.259530556
2020-11-11 13:00:00,0.259201389
2020-11-11 14:00:00,0.258872222
2020-11-11 15:00:00,0.258556944
2020-11-11 16:00:00,0.258272222
2020-11-11 17:00:00,0.258015278
2020-11-11 18:00:00,0.257806944
2020-11-11 19:00:00,0.257656944
2020-11-11 20:00:00,0.257576389
2020-11-11 21:00:00,0.257538889
2020-11-11 22:00:00,0.257547222
2020-11-11 23:00:00,0.257601389
2020-11-12 00:00:00,0.257677778
2020-11-12 01:00:00,0.257743056
2020-11-12 02:00:00,0.257833333
2020-11-12 03:00:00,0.257901389
2020-11-12 04:00:00,0.257904167
2020-11-12 05:00:00,0.257856944
2020-11-12 06:00:00,0.257734722
2020-11-12 07:00:00,0.257543056
2020-11-12 08:00:00,0.257286111
2020-11-12 09:00:00,0.256969444
2020-11-12 10:00:00,0.256591667
2020-11-12 11:00:00,0.256156944
2020-11-12 12:00:00,0.25565
2020-11-12 13:00:00,0.255120833
2020-11-12 14:00:00,0.254565278
2020-11-12 15:00:00,0.253988889
2020-11-12 16:00:00,0.253423611
2020-11-12 17:00:00,0.252876389
2020-11-12 18:00:00,0.252351389
2020-11-12 19:00:00,0.251872222
2020-11-12 20:00:00,0.251444444
2020-11-12 21:00:00,0.251065278
2020-11-12 22:00:00,0.2507125
2020-11-12 23:00:00,0.250419444
2020-11-13 00:00:00,0.250133333
2020-11-13 01:00:00,0.249833333
2020-11-13 02:00:00,0.249465278
2020-11-13 03:00:00,0.249044444
2020-11-13 04:00:00,0.248604167
2020-11-13 05:00:00,0.248102778
2020-11-13 06:00:00,0.247511111
2020-11-13 07:00:00,0.246847222
2020-11-13 08:00:00,0.246168056
2020-11-13 09:00:00,0.245363889
2020-11-13 10:00:00,0.2445625
2020-11-13 11:00:00,0.243744444
2020-11-13 12:00:00,0.24295
2020-11-13 13:00:00,0.242169444
2020-11-13 14:00:00,0.241420833
2020-11-13 15:00:00,0.240684722
2020-11-13 16:00:00,0.239976389
2020-11-13 17:00:00,0.239368056
2020-11-13 18:00:00,0.238773611
2020-11-13 19:00:00,0.238229167
2020-11-13 20:00:00,0.237811111
2020-11-13 21:00:00,0.237468056
2020-11-13 22:00:00,0.237197222
2020-11-13 23:00:00,0.236994444
2020-11-14 00:00:00,0.236901389
2020-11-14 01:00:00,0.236861111
2020-11-14 02:00:00,0.236908333
2020-11-14 03:00:00,0.237015278
2020-11-14 04:00:00,0.237168056
2020-11-14 05:00:00,0.237331944
2020-11-14 06:00:00,0.237480556
2020-11-14 07:00:00,0.237631944
2020-11-14 08:00:00,0.237758333
2020-11-14 09:00:00,0.237869444
2020-11-14 10:00:00,0.237981944
2020-11-14 11:00:00,0.238038889
2020-11-14 12:00:00,0.238051389
2020-11-14 13:00:00,0.238056944
2020-11-14 14:00:00,0.238058333
2020-11-14 15:00:00,0.2380375
2020-11-14 16:00:00,0.238027778
2020-11-14 17:00:00,0.238052778
2020-11-14 18:00:00,0.238105556
2020-11-14 19:00:00,0.238209722
2020-11-14 20:00:00,0.238356944
2020-11-14 21:00:00,0.238518056
2020-11-14 22:00:00,0.238690278
2020-11-14 23:00:00,0.238898611
2020-11-15 00:00:00,0.239138889
2020-11-15 01:00:00,0.239470833
2020-11-15 02:00:00,0.239854167
2020-11-15 03:00:00,0.2402375
2020-11-15 04:00:00,0.240651389
2020-11-15 05:00:00,0.241031944
2020-11-15 06:00:00,0.241308333
2020-11-15 07:00:00,0.2416375
2020-11-15 08:00:00,0.241936111
2020-11-15 09:00:00,0.242197222
2020-11-15 10:00:00,0.2424125
2020-11-15 11:00:00,0.242548611
2020-11-15 12:00:00,0.242661111
2020-11-15 13:00:00,0.242684722
2020-11-15 14:00:00,0.242651389
2020-11-15 15:00:00,0.242522222
2020-11-15 16:00:00,0.242318056
2020-11-15 17:00:00,0.242056944
2020-11-15 18:00:00,0.241744444
2020-11-15 19:00:00,0.241397222
2020-11-15 20:00:00,0.241038889
2020-11-15 21:00:00,0.240686111
2020-11-15 22:00:00,0.240352778
2020-11-15 23:00:00,0.24005
2020-11-16 00:00:00,0.239779167
2020-11-16 01:00:00,0.239513889
2020-11-16 02:00:00,0.239270833
2020-11-16 03:00:00,0.239031944
2020-11-16 04:00:00,0.238765278
2020-11-16 05:00:00,0.238461111
2020-11-16 06:00:00,0.238144444
2020-11-16 07:00:00,0.237808333
2020-11-16 08:00:00,0.237443056
2020-11-16 09:00:00,0.237056944
2020-11-16 10:00:00,0.236673611
2020-11-16 11:00:00,0.2363
2020-11-16 12:00:00,0.235894444
2020-11-16 13:00:00,0.235488889
2020-11-16 14:00:00,0.235058333
2020-11-16 15:00:00,0.234618056
2020-11-16 16:00:00,0.234161111
2020-11-16 17:00:00,0.233679167
2020-11-16 18:00:00,0.233216667
2020-11-16 19:00:00,0.232765278
2020-11-16 20:00:00,0.232315278
2020-11-16 21:00:00,0.231870833
2020-11-16 22:00:00,0.231444444
2020-11-16 23:00:00,0.231029167
2020-11-17 00:00:00,0.230661111
2020-11-17 01:00:00,0.230329167
2020-11-17 02:00:00,0.2300375
2020-11-17 03:00:00,0.229793056
2020-11-17 04:00:00,0.229575
2020-11-17 05:00:00,0.229383333
2020-11-17 06:00:00,0.229241667
2020-11-17 07:00:00,0.229119444
2020-11-17 08:00:00,0.229011111
2020-11-17 09:00:00,0.228922222
2020-11-17 10:00:00,0.228827778
2020-11-17 11:00:00,0.228743056
2020-11-17 12:00:00,0.22865
2020-11-17 13:00:00,0.228536111
2020-11-17 14:00:00,0.228388889
2020-11-17 15:00:00,0.2282125
2020-11-17 16:00:00,0.228020833
2020-11-17 17:00:00,0.227836111
2020-11-17 18:00:00,0.227626389
2020-11-17 19:00:00,0.227415278
2020-11-17 20:00:00,0.227176389
2020-11-17 21:00:00,0.226976389
2020-11-17 22:00:00,0.226779167
2020-11-17 23:00:00,0.226605556
2020-11-18 00:00:00,0.226483333
2020-11-18 01:00:00,0.226380556
2020-11-18 02:00:00,0.226293056
2020-11-18 03:00:00,0.226248611
2020-11-18 04:00:00,0.226241667
2020-11-18 05:00:00,0.226258333
2020-11-18 06:00:00,0.226318056
2020-11-18 07:00:00,0.226409722
2020-11-18 08:00:00,0.226533333
2020-11-18 09:00:00,0.226690278
2020-11-18 10:00:00,0.226831944
2020-11-18 11:00:00,0.226963889
2020-11-18 12:00:00,0.227104167
2020-11-18 13:00:00,0.227247222
2020-11-18 14:00:00,0.227351389
2020-11-18 15:00:00,0.227427778
2020-11-18 16:00:00,0.227488889
2020-11-18 17:00:00,0.227501389
2020-11-18 18:00:00,0.227480556
2020-11-18 19:00:00,0.227468056
2020-11-18 20:00:00,0.2274375
2020-11-18 21:00:00,0.227394444
2020-11-18 22:00:00,0.227363889
2020-11-18 23:00:00,0.227315278
2020-11-19 00:00:00,0.227288889
2020-11-19 01:00:00,0.227283333
2020-11-19 02:00:00,0.227313889
2020-11-19 03:00:00,0.227373611
2020-11-19 04:00:00,0.227454167
2020-11-19 05:00:00,0.227540278
2020-11-19 06:00:00,0.227655556
2020-11-19 07:00:00,0.227784722
2020-11-19 08:00:00,0.227933333
2020-11-19 09:00:00,0.228106944
2020-11-19 10:00:00,0.228309722
2020-11-19 11:00:00,0.228509722
2020-11-19 12:00:00,0.228727778
2020-11-19 13:00:00,0.228943056
2020-11-19 14:00:00,0.229155556
2020-11-19 15:00:00,0.229329167
2020-11-19 16:00:00,0.229522222
2020-11-19 17:00:00,0.229652778
2020-11-19 18:00:00,0.229765278
2020-11-19 19:00:00,0.229845833
2020-11-19 20:00:00,0.229861111
2020-11-19 21:00:00,0.229830556
2020-11-19 22:00:00,0.229783333
2020-11-19 23:00:00,0.229709722
2020-11-20 00:00:00,0.229633333
2020-11-20 01:00:00,0.229533333
2020-11-20 02:00:00,0.229427778
2020-11-20 03:00:00,0.229308333
2020-11-20 04:00:00,0.229195833
2020-11-20 05:00:00,0.229090278
2020-11-20 06:00:00,0.2289625
2020-11-20 07:00:00,0.228854167
2020-11-20 08:00:00,0.228763889
2020-11-20 09:00:00,0.2286875
2020-11-20 10:00:00,0.228640278
2020-11-20 11:00:00,0.228579167
2020-11-20 12:00:00,0.228522222
2020-11-20 13:00:00,0.228479167
2020-11-20 14:00:00,0.228419444
2020-11-20 15:00:00,0.228345833
2020-11-20 16:00:00,0.228269444
2020-11-20 17:00:00,0.228195833
2020-11-20 18:00:00,0.228094444
2020-11-20 19:00:00,0.227951389
2020-11-20 20:00:00,0.2278
2020-11-20 21:00:00,0.227627778
2020-11-20 22:00:00,0.2274125
2020-11-20 23:00:00,0.227181944
2020-11-21 00:00:00,0.226943056
2020-11-21 01:00:00,0.226679167
2020-11-21 02:00:00,0.226377778
2020-11-21 03:00:00,0.226070833
2020-11-21 04:00:00,0.225745833
2020-11-21 05:00:00,0.225395833
2020-11-21 06:00:00,0.225059722
2020-11-21 07:00:00,0.224702778
2020-11-21 08:00:00,0.224331944
2020-11-21 09:00:00,0.223951389
2020-11-21 10:00:00,0.223568056
2020-11-21 11:00:00,0.223209722
2020-11-21 12:00:00,0.22285
2020-11-21 13:00:00,0.222473611
2020-11-21 14:00:00,0.2221125
2020-11-21 15:00:00,0.221773611
2020-11-21 16:00:00,0.221415278
2020-11-21 17:00:00,0.221083333
2020-11-21 18:00:00,0.220758333
2020-11-21 19:00:00,0.220427778
2020-11-21 20:00:00,0.220120833
2020-11-21 21:00:00,0.219831944
2020-11-21 22:00:00,0.219526389
2020-11-21 23:00:00,0.219229167
2020-11-22 00:00:00,0.218916667
2020-11-22 01:00:00,0.218609722
2020-11-22 02:00:00,0.218301389
2020-11-22 03:00:00,0.217998611
2020-11-22 04:00:00,0.217641667
2020-11-22 05:00:00,0.2172625
2020-11-22 06:00:00,0.216870833
2020-11-22 07:00:00,0.216465278
2020-11-22 08:00:00,0.216051389
2020-11-22 09:00:00,0.215604167
2020-11-22 10:00:00,0.215147222
2020-11-22 11:00:00,0.214691667
2020-11-22 12:00:00,0.214220833
2020-11-22 13:00:00,0.213744444
2020-11-22 14:00:00,0.213276389
2020-11-22 15:00:00,0.212788889
2020-11-22 16:00:00,0.212294444
2020-11-22 17:00:00,0.211805556
2020-11-22 18:00:00,0.211318056
2020-11-22 19:00:00,0.210804167
2020-11-22 20:00:00,0.210269444
2020-11-22 21:00:00,0.209773611
2020-11-22 22:00:00,0.209244444
2020-11-22 23:00:00,0.208697222
2020-11-23 00:00:00,0.208161111
2020-11-23 01:00:00,0.207565278
2020-11-23 02:00:00,0.206934722
2020-11-23 03:00:00,0.206291667
2020-11-23 04:00:00,0.205604167
2020-11-23 05:00:00,0.204855556
2020-11-23 06:00:00,0.204061111
2020-11-23 07:00:00,0.203213889
2020-11-23 08:00:00,0.2023625
2020-11-23 09:00:00,0.201477778
2020-11-23 10:00:00,0.2005875
2020-11-23 11:00:00,0.199736111
2020-11-23 12:00:00,0.1988875
2020-11-23 13:00:00,0.198065278
2020-11-23 14:00:00,0.197293056
2020-11-23 15:00:00,0.196533333
2020-11-23 16:00:00,0.195779167
2020-11-23 17:00:00,0.195045833
2020-11-23 18:00:00,0.194345833
2020-11-23 19:00:00,0.193673611
2020-11-23 20:00:00,0.193052778
2020-11-23 21:00:00,0.192461111
2020-11-23 22:00:00,0.191891667
2020-11-23 23:00:00,0.191334722
2020-11-24 00:00:00,0.190786111
2020-11-24 01:00:00,0.190223611
2020-11-24 02:00:00,0.189633333
2020-11-24 03:00:00,0.189020833
2020-11-24 04:00:00,0.188355556
2020-11-24 05:00:00,0.187638889
2020-11-24 06:00:00,0.186856944
2020-11-24 07:00:00,0.1860125
2020-11-24 08:00:00,0.185145833
2020-11-24 09:00:00,0.184244444
2020-11-24 10:00:00,0.183320833
2020-11-24 11:00:00,0.182402778
2020-11-24 12:00:00,0.181494444
2020-11-24 13:00:00,0.180618056
2020-11-24 14:00:00,0.179788889
2020-11-24 15:00:00,0.179026389
2020-11-24 16:00:00,0.1782875
2020-11-24 17:00:00,0.177591667
2020-11-24 18:00:00,0.176933333
2020-11-24 19:00:00,0.176334722
2020-11-24 20:00:00,0.175797222
2020-11-24 21:00:00,0.17535
2020-11-24 22:00:00,0.174966667
2020-11-24 23:00:00,0.174616667
2020-11-25 00:00:00,0.1743375
2020-11-25 01:00:00,0.174097222
2020-11-25 02:00:00,0.173856944
2020-11-25 03:00:00,0.1735875
2020-11-25 04:00:00,0.173252778
2020-11-25 05:00:00,0.172844444
2020-11-25 06:00:00,0.172375
2020-11-25 07:00:00,0.171825
2020-11-25 08:00:00,0.171168056
2020-11-25 09:00:00,0.170422222
2020-11-25 10:00:00,0.169616667
2020-11-25 11:00:00,0.168763889
2020-11-25 12:00:00,0.167870833
2020-11-25 13:00:00,0.166981944
2020-11-25 14:00:00,0.166115278
2020-11-25 15:00:00,0.165255556
2020-11-25 16:00:00,0.164445833
2020-11-25 17:00:00,0.163705556
2020-11-25 18:00:00,0.163020833
2020-11-25 19:00:00,0.162393056
2020-11-25 20:00:00,0.161833333
2020-11-25 21:00:00,0.161365278
2020-11-25 22:00:00,0.160955556
2020-11-25 23:00:00,0.160577778
2020-11-26 00:00:00,0.160231944
2020-11-26 01:00:00,0.159902778
2020-11-26 02:00:00,0.159579167
2020-11-26 03:00:00,0.159234722
2020-11-26 04:00:00,0.158872222
2020-11-26 05:00:00,0.158433333
2020-11-26 06:00:00,0.157926389
2020-11-26 07:00:00,0.1573625
2020-11-26 08:00:00,0.156731944
2020-11-26 09:00:00,0.156030556
2020-11-26 10:00:00,0.155259722
2020-11-26 11:00:00,0.154430556
2020-11-26 12:00:00,0.1535375
2020-11-26 13:00:00,0.152619444
2020-11-26 14:00:00,0.151709722
2020-11-26 15:00:00,0.150805556
2020-11-26 16:00:00,0.149956944
2020-11-26 17:00:00,0.149169444
2020-11-26 18:00:00,0.148447222
2020-11-26 19:00:00,0.147819444
2020-11-26 20:00:00,0.147270833
2020-11-26 21:00:00,0.146819444
2020-11-26 22:00:00,0.146426389
2020-11-26 23:00:00,0.146113889
2020-11-27 00:00:00,0.145798611
2020-11-27 01:00:00,0.145508333
2020-11-27 02:00:00,0.145225
2020-11-27 03:00:00,0.1449375
2020-11-27 04:00:00,0.144625
2020-11-27 05:00:00,0.144279167
2020-11-27 06:00:00,0.143890278
2020-11-27 07:00:00,0.143466667
2020-11-27 08:00:00,0.143001389
2020-11-27 09:00:00,0.1425
2020-11-27 10:00:00,0.141954167
2020-11-27 11:00:00,0.141361111
2020-11-27 12:00:00,0.140733333
2020-11-27 13:00:00,0.140070833
2020-11-27 14:00:00,0.139386111
2020-11-27 15:00:00,0.138713889
2020-11-27 16:00:00,0.138056944
2020-11-27 17:00:00,0.137456944
2020-11-27 18:00:00,0.136915278
2020-11-27 19:00:00,0.136448611
2020-11-27 20:00:00,0.136095833
2020-11-27 21:00:00,0.135825
2020-11-27 22:00:00,0.135644444
2020-11-27 23:00:00,0.135540278
2020-11-28 00:00:00,0.135501389
2020-11-28 01:00:00,0.135509722
2020-11-28 02:00:00,0.135547222
2020-11-28 03:00:00,0.135590278
2020-11-28 04:00:00,0.135668056
2020-11-28 05:00:00,0.135726389
2020-11-28 06:00:00,0.135754167
2020-11-28 07:00:00,0.135756944
2020-11-28 08:00:00,0.135743056
2020-11-28 09:00:00,0.135701389
2020-11-28 10:00:00,0.135609722
2020-11-28 11:00:00,0.135486111
2020-11-28 12:00:00,0.135313889
2020-11-28 13:00:00,0.135101389
2020-11-28 14:00:00,0.134834722
2020-11-28 15:00:00,0.134501389
2020-11-28 16:00:00,0.134141667
2020-11-28 17:00:00,0.133798611
2020-11-28 18:00:00,0.133444444
2020-11-28 19:00:00,0.133116667
2020-11-28 20:00:00,0.132825
2020-11-28 21:00:00,0.132570833
2020-11-28 22:00:00,0.132380556
2020-11-28 23:00:00,0.132241667
2020-11-29 00:00:00,0.132173611
2020-11-29 01:00:00,0.132155556
2020-11-29 02:00:00,0.132170833
2020-11-29 03:00:00,0.132219444
2020-11-29 04:00:00,0.132304167
2020-11-29 05:00:00,0.132426389
2020-11-29 06:00:00,0.132573611
2020-11-29 07:00:00,0.132740278
2020-11-29 08:00:00,0.132890278
2020-11-29 09:00:00,0.133030556
2020-11-29 10:00:00,0.133152778
2020-11-29 11:00:00,0.133255556
2020-11-29 12:00:00,0.133308333
2020-11-29 13:00:00,0.133270833
2020-11-29 14:00:00,0.133181944
2020-11-29 15:00:00,0.133023611
2020-11-29 16:00:00,0.132755556
2020-11-29 17:00:00,0.1324
2020-11-29 18:00:00,0.131972222
2020-11-29 19:00:00,0.131479167
2020-11-29 20:00:00,0.13095
2020-11-29 21:00:00,0.130416667
2020-11-29 22:00:00,0.129875
2020-11-29 23:00:00,0.129345833
2020-11-30 00:00:00,0.128847222
2020-11-30 01:00:00,0.128366667
2020-11-30 02:00:00,0.127898611
2020-11-30 03:00:00,0.127465278
2020-11-30 04:00:00,0.127063889
2020-11-30 05:00:00,0.126645833
2020-11-30 06:00:00,0.126240278
2020-11-30 07:00:00,0.125859722
2020-11-30 08:00:00,0.125480556
2020-11-30 09:00:00,0.1250875
2020-11-30 10:00:00,0.124697222
2020-11-30 11:00:00,0.124302778
2020-11-30 12:00:00,0.123891667
2020-11-30 13:00:00,0.123452778
2020-11-30 14:00:00,0.123004167
2020-11-30 15:00:00,0.1225625
2020-11-30 16:00:00,0.122108333
2020-11-30 17:00:00,0.121651389
2020-11-30 18:00:00,0.121195833
2020-11-30 19:00:00,0.120747222
2020-11-30 20:00:00,0.120298611
2020-11-30 21:00:00,0.119869444
2020-11-30 22:00:00,0.119470833
2020-11-30 23:00:00,0.119075
2021-11-01 00:00:00,0.26255
2021-11-01 01:00:00,0.262756944
2021-11-01 02:00:00,0.263015278
2021-11-01 03:00:00,0.263268056
2021-11-01 04:00:00,0.263519444
2021-11-01 05:00:00,0.263747222
2021-11-01 06:00:00,0.263913889
2021-11-01 07:00:00,0.264002778
2021-11-01 08:00:00,0.264038889
2021-11-01 09:00:00,0.263997222
2021-11-01 10:00:00,0.263883333
2021-11-01 11:00:00,0.263713889
2021-11-01 12:00:00,0.263497222
2021-11-01 13:00:00,0.26325
2021-11-01 14:00:00,0.262975
2021-11-01 15:00:00,0.262698611
2021-11-01 16:00:00,0.262420833
2021-11-01 17:00:00,0.262166667
2021-11-01 18:00:00,0.261983333
2021-11-01 19:00:00,0.261873611
2021-11-01 20:00:00,0.261833333
2021-11-01 21:00:00,0.261877778
2021-11-01 22:00:00,0.261976389
2021-11-01 23:00:00,0.262130556
2021-11-02 00:00:00,0.262329167
2021-11-02 01:00:00,0.262575
2021-11-02 02:00:00,0.262859722
2021-11-02 03:00:00,0.263156944
2021-11-02 04:00:00,0.263458333
2021-11-02 05:00:00,0.263745833
2021-11-02 06:00:00,0.263976389
2021-11-02 07:00:00,0.264154167
2021-11-02 08:00:00,0.264265278
2021-11-02 09:00:00,0.264301389
2021-11-02 10:00:00,0.264279167
2021-11-02 11:00:00,0.264173611
2021-11-02 12:00:00,0.263998611
2021-11-02 13:00:00,0.263751389
2021-11-02 14:00:00,0.263458333
2021-11-02 15:00:00,0.263158333
2021-11-02 16:00:00,0.2628625
2021-11-02 17:00:00,0.262563889
2021-11-02 18:00:00,0.262277778
2021-11-02 19:00:00,0.262052778
2021-11-02 20:00:00,0.261908333
2021-11-02 21:00:00,0.261845833
2021-11-02 22:00:00,0.261861111
2021-11-02 23:00:00,0.26195
2021-11-03 00:00:00,0.262097222
2021-11-03 01:00:00,0.262294444
2021-11-03 02:00:00,0.262529167
2021-11-03 03:00:00,0.262763889
2021-11-03 04:00:00,0.263011111
2021-11-03 05:00:00,0.26325
2021-11-03 06:00:00,0.263451389
2021-11-03 07:00:00,0.263613889
2021-11-03 08:00:00,0.263744444
2021-11-03 09:00:00,0.263836111
2021-11-03 10:00:00,0.263895833
2021-11-03 11:00:00,0.263919444
2021-11-03 12:00:00,0.263872222
2021-11-03 13:00:00,0.263743056
2021-11-03 14:00:00,0.263554167
2021-11-03 15:00:00,0.263343056
2021-11-03 16:00:00,0.263088889
2021-11-03 17:00:00,0.262791667
2021-11-03 18:00:00,0.262495833
2021-11-03 19:00:00,0.262202778
2021-11-03 20:00:00,0.261929167
2021-11-03 21:00:00,0.261679167
2021-11-03 22:00:00,0.261468056
2021-11-03 23:00:00,0.261304167
2021-11-04 00:00:00,0.261195833
2021-11-04 01:00:00,0.261111111
2021-11-04 02:00:00,0.261043056
2021-11-04 03:00:00,0.261
2021-11-04 04:00:00,0.260965278
2021-11-04 05:00:00,0.260902778
2021-11-04 06:00:00,0.260795833
2021-11-04 07:00:00,0.260616667
2021-11-04 08:00:00,0.260406944
2021-11-04 09:00:00,0.26015
2021-11-04 10:00:00,0.259848611
2021-11-04 11:00:00,0.259515278
2021-11-04 12:00:00,0.259145833
2021-11-04 13:00:00,0.258731944
2021-11-04 14:00:00,0.2582625
2021-11-04 15:00:00,0.257756944
2021-11-04 16:00:00,0.257205556
2021-11-04 17:00:00,0.256613889
2021-11-04 18:00:00,0.256040278
2021-11-04 19:00:00,0.255466667
2021-11-04 20:00:00,0.2549125
2021-11-04 21:00:00,0.254406944
2021-11-04 22:00:00,0.25395
2021-11-04 23:00:00,0.253525
2021-11-05 00:00:00,0.253143056
2021-11-05 01:00:00,0.252808333
2021-11-05 02:00:00,0.252502778
2021-11-05 03:00:00,0.252211111
2021-11-05 04:00:00,0.251936111
2021-11-05 05:00:00,0.251672222
2021-11-05 06:00:00,0.251411111
2021-11-05 07:00:00,0.251154167
2021-11-05 08:00:00,0.250894444
2021-11-05 09:00:00,0.250636111
2021-11-05 10:00:00,0.250376389
2021-11-05 11:00:00,0.250116667
2021-11-05 12:00:00,0.249823611
2021-11-05 13:00:00,0.249519444
2021-11-05 14:00:00,0.249191667
2021-11-05 15:00:00,0.248834722
2021-11-05 16:00:00,0.248451389
2021-11-05 17:00:00,0.248033333
2021-11-05 18:00:00,0.247608333
2021-11-05 19:00:00,0.247193056
2021-11-05 20:00:00,0.246772222
2021-11-05 21:00:00,0.246388889
2021-11-05 22:00:00,0.2460375
2021-11-05 23:00:00,0.2457125
2021-11-06 00:00:00,0.245429167
2021-11-06 01:00:00,0.245183333
2021-11-06 02:00:00,0.24495
2021-11-06 03:00:00,0.244758333
2021-11-06 04:00:00,0.244561111
2021-11-06 05:00:00,0.244381944
2021-11-06 06:00:00,0.244216667
2021-11-06 07:00:00,0.244052778
2021-11-06 08:00:00,0.243876389
2021-11-06 09:00:00,0.243686111
2021-11-06 10:00:00,0.2435
2021-11-06 11:00:00,0.243308333
2021-11-06 12:00:00,0.243108333
2021-11-06 13:00:00,0.242886111
2021-11-06 14:00:00,0.242655556
2021-11-06 15:00:00,0.242415278
2021-11-06 16:00:00,0.242138889
2021-11-06 17:00:00,0.241845833
2021-11-06 18:00:00,0.241540278
2021-11-06 19:00:00,0.241225
2021-11-06 20:00:00,0.2409
2021-11-06 21:00:00,0.240581944
2021-11-06 22:00:00,0.240276389
2021-11-06 23:00:00,0.239984722
2021-11-07 00:00:00,0.239718056
2021-11-07 01:00:00,0.239472222
2021-11-07 02:00:00,0.239231944
2021-11-07 03:00:00,0.239026389
2021-11-07 04:00:00,0.238848611
2021-11-07 05:00:00,0.238684722
2021-11-07 06:00:00,0.238544444
2021-11-07 07:00:00,0.238419444
2021-11-07 08:00:00,0.238293056
2021-11-07 09:00:00,0.2381625
2021-11-07 10:00:00,0.238036111
2021-11-07 11:00:00,0.2379
2021-11-07 12:00:00,0.237776389
2021-11-07 13:00:00,0.237606944
2021-11-07 14:00:00,0.237425
2021-11-07 15:00:00,0.237230556
2021-11-07 16:00:00,0.237005556
2021-11-07 17:00:00,0.236747222
2021-11-07 18:00:00,0.236455556
2021-11-07 19:00:00,0.236147222
2021-11-07 20:00:00,0.235833333
2021-11-07 21:00:00,0.235502778
2021-11-07 22:00:00,0.235209722
2021-11-07 23:00:00,0.234884722
2021-11-08 00:00:00,0.234559722
2021-11-08 01:00:00,0.2342625
2021-11-08 02:00:00,0.233980556
2021-11-08 03:00:00,0.233715278
2021-11-08 04:00:00,0.23345
2021-11-08 05:00:00,0.233202778
2021-11-08 06:00:00,0.232959722
2021-11-08 07:00:00,0.232698611
2021-11-08 08:00:00,0.232416667
2021-11-08 09:00:00,0.232109722
2021-11-08 10:00:00,0.231794444
2021-11-08 11:00:00,0.231463889
2021-11-08 12:00:00,0.231097222
2021-11-08 13:00:00,0.230729167
2021-11-08 14:00:00,0.230345833
2021-11-08 15:00:00,0.229941667
2021-11-08 16:00:00,0.229491667
2021-11-08 17:00:00,0.229023611
2021-11-08 18:00:00,0.228518056
2021-11-08 19:00:00,0.227969444
2021-11-08 20:00:00,0.227397222
2021-11-08 21:00:00,0.226854167
2021-11-08 22:00:00,0.226293056
2021-11-08 23:00:00,0.225718056
2021-11-09 00:00:00,0.225144444
2021-11-09 01:00:00,0.22455
2021-11-09 02:00:00,0.223977778
2021-11-09 03:00:00,0.223394444
2021-11-09 04:00:00,0.222847222
2021-11-09 05:00:00,0.222302778
2021-11-09 06:00:00,0.2217875
2021-11-09 07:00:00,0.221297222
2021-11-09 08:00:00,0.22085
2021-11-09 09:00:00,0.220409722
2021-11-09 10:00:00,0.219988889
2021-11-09 11:00:00,0.219586111
2021-11-09 12:00:00,0.219181944
2021-11-09 13:00:00,0.2188
2021-11-09 14:00:00,0.218413889
2021-11-09 15:00:00,0.218047222
2021-11-09 16:00:00,0.217695833
2021-11-09 17:00:00,0.217356944
2021-11-09 18:00:00,0.217025
2021-11-09 19:00:00,0.216684722
2021-11-09 20:00:00,0.216384722
2021-11-09 21:00:00,0.216095833
2021-11-09 22:00:00,0.215793056
2021-11-09 23:00:00,0.215504167
2021-11-10 00:00:00,0.215219444
2021-11-10 01:00:00,0.214947222
2021-11-10 02:00:00,0.214681944
2021-11-10 03:00:00,0.214419444
2021-11-10 04:00:00,0.2141875
2021-11-10 05:00:00,0.213956944
2021-11-10 06:00:00,0.213736111
2021-11-10 07:00:00,0.213533333
2021-11-10 08:00:00,0.2133375
2021-11-10 09:00:00,0.213155556
2021-11-10 10:00:00,0.212983333
2021-11-10 11:00:00,0.212831944
2021-11-10 12:00:00,0.212673611
2021-11-10 13:00:00,0.212527778
2021-11-10 14:00:00,0.212368056
2021-11-10 15:00:00,0.212231944
2021-11-10 16:00:00,0.212077778
2021-11-10 17:00:00,0.211944444
2021-11-10 18:00:00,0.211808333
2021-11-10 19:00:00,0.211658333
2021-11-10 20:00:00,0.2115
2021-11-10 21:00:00,0.211352778
2021-11-10 22:00:00,0.211204167
2021-11-10 23:00:00,0.211055556
2021-11-11 00:00:00,0.210920833
2021-11-11 01:00:00,0.210780556
2021-11-11 02:00:00,0.210644444
2021-11-11 03:00:00,0.210515278
2021-11-11 04:00:00,0.210391667
2021-11-11 05:00:00,0.210291667
2021-11-11 06:00:00,0.210202778
2021-11-11 07:00:00,0.210126389
2021-11-11 08:00:00,0.210073611
2021-11-11 09:00:00,0.210051389
2021-11-11 10:00:00,0.210054167
2021-11-11 11:00:00,0.21005
2021-11-11 12:00:00,0.210075
2021-11-11 13:00:00,0.210091667
2021-11-11 14:00:00,0.210106944
2021-11-11 15:00:00,0.210097222
2021-11-11 16:00:00,0.2100875
2021-11-11 17:00:00,0.210025
2021-11-11 18:00:00,0.209938889
2021-11-11 19:00:00,0.209841667
2021-11-11 20:00:00,0.2097375
2021-11-11 21:00:00,0.209568056
2021-11-11 22:00:00,0.209376389
2021-11-11 23:00:00,0.209161111
2021-11-12 00:00:00,0.2088625
2021-11-12 01:00:00,0.208554167
2021-11-12 02:00:00,0.208191667
2021-11-12 03:00:00,0.207818056
2021-11-12 04:00:00,0.207434722
2021-11-12 05:00:00,0.206941667
2021-11-12 06:00:00,0.206481944
2021-11-12 07:00:00,0.206006944
2021-11-12 08:00:00,0.205406944
2021-11-12 09:00:00,0.204869444
2021-11-12 10:00:00,0.204344444
2021-11-12 11:00:00,0.2037625
2021-11-12 12:00:00,0.203293056
2021-11-12 13:00:00,0.202761111
2021-11-12 14:00:00,0.202186111
2021-11-12 15:00:00,0.201622222
2021-11-12 16:00:00,0.201130556
2021-11-12 17:00:00,0.2007
2021-11-12 18:00:00,0.200329167
2021-11-12 19:00:00,0.199983333
2021-11-12 20:00:00,0.199677778
2021-11-12 21:00:00,0.199397222
2021-11-12 22:00:00,0.199101389
2021-11-12 23:00:00,0.198805556
2021-11-13 00:00:00,0.198651389
2021-11-13 01:00:00,0.198511111
2021-11-13 02:00:00,0.198395833
2021-11-13 03:00:00,0.198352778
2021-11-13 04:00:00,0.198333333
2021-11-13 05:00:00,0.1983125
2021-11-13 06:00:00,0.198254167
2021-11-13 07:00:00,0.198276389
2021-11-13 08:00:00,0.198281944
2021-11-13 09:00:00,0.198243056
2021-11-13 10:00:00,0.198208333
2021-11-13 11:00:00,0.198125
2021-11-13 12:00:00,0.198118056
2021-11-13 13:00:00,0.198058333
2021-11-13 14:00:00,0.198008333
2021-11-13 15:00:00,0.197984722
2021-11-13 16:00:00,0.198008333
2021-11-13 17:00:00,0.198086111
2021-11-13 18:00:00,0.198156944
2021-11-13 19:00:00,0.198261111
2021-11-13 20:00:00,0.198397222
2021-11-13 21:00:00,0.198570833
2021-11-13 22:00:00,0.198794444
2021-11-13 23:00:00,0.199091667
2021-11-14 00:00:00,0.199380556
2021-11-14 01:00:00,0.199693056
2021-11-14 02:00:00,0.200018056
2021-11-14 03:00:00,0.200291667
2021-11-14 04:00:00,0.2005125
2021-11-14 05:00:00,0.200694444
2021-11-14 06:00:00,0.200802778
2021-11-14 07:00:00,0.200819444
2021-11-14 08:00:00,0.200775
2021-11-14 09:00:00,0.200676389
2021-11-14 10:00:00,0.200526389
2021-11-14 11:00:00,0.200351389
2021-11-14 12:00:00,0.200166667
2021-11-14 13:00:00,0.200009722
2021-11-14 14:00:00,0.199884722
2021-11-14 15:00:00,0.199819444
2021-11-14 16:00:00,0.199763889
2021-11-14 17:00:00,0.199748611
2021-11-14 18:00:00,0.199765278
2021-11-14 19:00:00,0.199840278
2021-11-14 20:00:00,0.199947222
2021-11-14 21:00:00,0.200115278
2021-11-14 22:00:00,0.2003375
2021-11-14 23:00:00,0.2005875
2021-11-15 00:00:00,0.200844444
2021-11-15 01:00:00,0.201102778
2021-11-15 02:00:00,0.201358333
2021-11-15 03:00:00,0.201601389
2021-11-15 04:00:00,0.2018
2021-11-15 05:00:00,0.201940278
2021-11-15 06:00:00,0.201995833
2021-11-15 07:00:00,0.201991667
2021-11-15 08:00:00,0.201901389
2021-11-15 09:00:00,0.201748611
2021-11-15 10:00:00,0.201531944
2021-11-15 11:00:00,0.201275
2021-11-15 12:00:00,0.201015278
2021-11-15 13:00:00,0.200740278
2021-11-15 14:00:00,0.200484722
2021-11-15 15:00:00,0.200263889
2021-11-15 16:00:00,0.200068056
2021-11-15 17:00:00,0.199943056
2021-11-15 18:00:00,0.199844444
2021-11-15 19:00:00,0.199791667
2021-11-15 20:00:00,0.199811111
2021-11-15 21:00:00,0.1998625
2021-11-15 22:00:00,0.199954167
2021-11-15 23:00:00,0.2000875
2021-11-16 00:00:00,0.200252778
2021-11-16 01:00:00,0.200444444
2021-11-16 02:00:00,0.200640278
2021-11-16 03:00:00,0.200818056
2021-11-16 04:00:00,0.200977778
2021-11-16 05:00:00,0.2010875
2021-11-16 06:00:00,0.201155556
2021-11-16 07:00:00,0.201175
2021-11-16 08:00:00,0.201141667
2021-11-16 09:00:00,0.201047222
2021-11-16 10:00:00,0.200897222
2021-11-16 11:00:00,0.200705556
2021-11-16 12:00:00,0.200469444
2021-11-16 13:00:00,0.200216667
2021-11-16 14:00:00,0.1999625
2021-11-16 15:00:00,0.199719444
2021-11-16 16:00:00,0.199505556
2021-11-16 17:00:00,0.1993375
2021-11-16 18:00:00,0.1992375
2021-11-16 19:00:00,0.199209722
2021-11-16 20:00:00,0.199265278
2021-11-16 21:00:00,0.199388889
2021-11-16 22:00:00,0.199579167
2021-11-16 23:00:00,0.1998125
2021-11-17 00:00:00,0.200104167
2021-11-17 01:00:00,0.2004125
2021-11-17 02:00:00,0.200715278
2021-11-17 03:00:00,0.201008333
2021-11-17 04:00:00,0.201265278
2021-11-17 05:00:00,0.201452778
2021-11-17 06:00:00,0.2016
2021-11-17 07:00:00,0.201698611
2021-11-17 08:00:00,0.2017375
2021-11-17 09:00:00,0.201745833
2021-11-17 10:00:00,0.201695833
2021-11-17 11:00:00,0.201569444
2021-11-17 12:00:00,0.201388889
2021-11-17 13:00:00,0.201155556
2021-11-17 14:00:00,0.200879167
2021-11-17 15:00:00,0.200575
2021-11-17 16:00:00,0.200295833
2021-11-17 17:00:00,0.200047222
2021-11-17 18:00:00,0.1998375
2021-11-17 19:00:00,0.199695833
2021-11-17 20:00:00,0.199643056
2021-11-17 21:00:00,0.199658333
2021-11-17 22:00:00,0.199734722
2021-11-17 23:00:00,0.199884722
2021-11-18 00:00:00,0.200079167
2021-11-18 01:00:00,0.200311111
2021-11-18 02:00:00,0.200558333
2021-11-18 03:00:00,0.200781944
2021-11-18 04:00:00,0.200997222
2021-11-18 05:00:00,0.201175
2021-11-18 06:00:00,0.201320833
2021-11-18 07:00:00,0.201427778
2021-11-18 08:00:00,0.201495833
2021-11-18 09:00:00,0.201515278
2021-11-18 10:00:00,0.201473611
2021-11-18 11:00:00,0.2013625
2021-11-18 12:00:00,0.201169444
2021-11-18 13:00:00,0.200897222
2021-11-18 14:00:00,0.200568056
2021-11-18 15:00:00,0.200155556
2021-11-18 16:00:00,0.1997
2021-11-18 17:00:00,0.199243056
2021-11-18 18:00:00,0.198794444
2021-11-18 19:00:00,0.198354167
2021-11-18 20:00:00,0.197959722
2021-11-18 21:00:00,0.197634722
2021-11-18 22:00:00,0.197376389
2021-11-18 23:00:00,0.197183333
2021-11-19 00:00:00,0.197076389
2021-11-19 01:00:00,0.197030556
2021-11-19 02:00:00,0.197036111
2021-11-19 03:00:00,0.197083333
2021-11-19 04:00:00,0.197165278
2021-11-19 05:00:00,0.197265278
2021-11-19 06:00:00,0.197386111
2021-11-19 07:00:00,0.197504167
2021-11-19 08:00:00,0.197601389
2021-11-19 09:00:00,0.197697222
2021-11-19 10:00:00,0.197766667
2021-11-19 11:00:00,0.197795833
2021-11-19 12:00:00,0.197784722
2021-11-19 13:00:00,0.1977
2021-11-19 14:00:00,0.1975625
2021-11-19 15:00:00,0.197348611
2021-11-19 16:00:00,0.197077778
2021-11-19 17:00:00,0.196769444
2021-11-19 18:00:00,0.196422222
2021-11-19 19:00:00,0.196061111
2021-11-19 20:00:00,0.195716667
2021-11-19 21:00:00,0.195397222
2021-11-19 22:00:00,0.195125
2021-11-19 23:00:00,0.194904167
2021-11-20 00:00:00,0.194729167
2021-11-20 01:00:00,0.194629167
2021-11-20 02:00:00,0.194569444
2021-11-20 03:00:00,0.194552778
2021-11-20 04:00:00,0.194559722
2021-11-20 05:00:00,0.194588889
2021-11-20 06:00:00,0.194618056
2021-11-20 07:00:00,0.194655556
2021-11-20 08:00:00,0.194697222
2021-11-20 09:00:00,0.194727778
2021-11-20 10:00:00,0.194752778
2021-11-20 11:00:00,0.1947375
2021-11-20 12:00:00,0.194691667
2021-11-20 13:00:00,0.194619444
2021-11-20 14:00:00,0.194506944
2021-11-20 15:00:00,0.194352778
2021-11-20 16:00:00,0.194147222
2021-11-20 17:00:00,0.193876389
2021-11-20 18:00:00,0.193534722
2021-11-20 19:00:00,0.193183333
2021-11-20 20:00:00,0.1928375
2021-11-20 21:00:00,0.192513889
2021-11-20 22:00:00,0.192215278
2021-11-20 23:00:00,0.191919444
2021-11-21 00:00:00,0.191677778
2021-11-21 01:00:00,0.191501389
2021-11-21 02:00:00,0.191366667
2021-11-21 03:00:00,0.191286111
2021-11-21 04:00:00,0.19125
2021-11-21 05:00:00,0.191261111
2021-11-21 06:00:00,0.191333333
2021-11-21 07:00:00,0.191458333
2021-11-21 08:00:00,0.191620833
2021-11-21 09:00:00,0.1918
2021-11-21 10:00:00,0.191981944
2021-11-21 11:00:00,0.192158333
2021-11-21 12:00:00,0.192331944
2021-11-21 13:00:00,0.192476389
2021-11-21 14:00:00,0.192604167
2021-11-21 15:00:00,0.192725
2021-11-21 16:00:00,0.1928
2021-11-21 17:00:00,0.1928375
2021-11-21 18:00:00,0.192823611
2021-11-21 19:00:00,0.192754167
2021-11-21 20:00:00,0.192648611
2021-11-21 21:00:00,0.19255
2021-11-21 22:00:00,0.192433333
2021-11-21 23:00:00,0.192313889
2021-11-22 00:00:00,0.192258333
2021-11-22 01:00:00,0.192201389
2021-11-22 02:00:00,0.192180556
2021-11-22 03:00:00,0.192193056
2021-11-22 04:00:00,0.192218056
2021-11-22 05:00:00,0.192263889
2021-11-22 06:00:00,0.192365278
2021-11-22 07:00:00,0.192505556
2021-11-22 08:00:00,0.192679167
2021-11-22 09:00:00,0.1929
2021-11-22 10:00:00,0.193145833
2021-11-22 11:00:00,0.193398611
2021-11-22 12:00:00,0.193675
2021-11-22 13:00:00,0.193961111
2021-11-22 14:00:00,0.1942375
2021-11-22 15:00:00,0.1945125
2021-11-22 16:00:00,0.194777778
2021-11-22 17:00:00,0.195023611
2021-11-22 18:00:00,0.195243056
2021-11-22 19:00:00,0.195420833
2021-11-22 20:00:00,0.195558333
2021-11-22 21:00:00,0.195677778
2021-11-22 22:00:00,0.195784722
2021-11-22 23:00:00,0.195890278
2021-11-23 00:00:00,0.195981944
2021-11-23 01:00:00,0.196063889
2021-11-23 02:00:00,0.19615
2021-11-23 03:00:00,0.196222222
2021-11-23 04:00:00,0.196308333
2021-11-23 05:00:00,0.196383333
2021-11-23 06:00:00,0.196465278
2021-11-23 07:00:00,0.196540278
2021-11-23 08:00:00,0.196636111
2021-11-23 09:00:00,0.196763889
2021-11-23 10:00:00,0.196926389
2021-11-23 11:00:00,0.197104167
2021-11-23 12:00:00,0.197288889
2021-11-23 13:00:00,0.197481944
2021-11-23 14:00:00,0.197684722
2021-11-23 15:00:00,0.197919444
2021-11-23 16:00:00,0.1981625
2021-11-23 17:00:00,0.198413889
2021-11-23 18:00:00,0.198663889
2021-11-23 19:00:00,0.198886111
2021-11-23 20:00:00,0.199101389
2021-11-23 21:00:00,0.199261111
2021-11-23 22:00:00,0.199413889
2021-11-23 23:00:00,0.199569444
2021-11-24 00:00:00,0.199698611
2021-11-24 01:00:00,0.199805556
2021-11-24 02:00:00,0.199863889
2021-11-24 03:00:00,0.199936111
2021-11-24 04:00:00,0.200002778
2021-11-24 05:00:00,0.200056944
2021-11-24 06:00:00,0.200120833
2021-11-24 07:00:00,0.200147222
2021-11-24 08:00:00,0.200176389
2021-11-24 09:00:00,0.200251389
2021-11-24 10:00:00,0.200352778
2021-11-24 11:00:00,0.200479167
2021-11-24 12:00:00,0.200611111
2021-11-24 13:00:00,0.200763889
2021-11-24 14:00:00,0.200929167
2021-11-24 15:00:00,0.201120833
2021-11-24 16:00:00,0.201331944
2021-11-24 17:00:00,0.201544444
2021-11-24 18:00:00,0.20175
2021-11-24 19:00:00,0.201963889
2021-11-24 20:00:00,0.202175
2021-11-24 21:00:00,0.202358333
2021-11-24 22:00:00,0.202518056
2021-11-24 23:00:00,0.202665278
2021-11-25 00:00:00,0.202766667
2021-11-25 01:00:00,0.202848611
2021-11-25 02:00:00,0.202890278
2021-11-25 03:00:00,0.202909722
2021-11-25 04:00:00,0.202898611
2021-11-25 05:00:00,0.202859722
2021-11-25 06:00:00,0.202804167
2021-11-25 07:00:00,0.202743056
2021-11-25 08:00:00,0.202663889
2021-11-25 09:00:00,0.202579167
2021-11-25 10:00:00,0.2025125
2021-11-25 11:00:00,0.202443056
2021-11-25 12:00:00,0.202398611
2021-11-25 13:00:00,0.202369444
2021-11-25 14:00:00,0.202363889
2021-11-25 15:00:00,0.202379167
2021-11-25 16:00:00,0.202416667
2021-11-25 17:00:00,0.2024875
2021-11-25 18:00:00,0.202569444
2021-11-25 19:00:00,0.202656944
2021-11-25 20:00:00,0.202763889
2021-11-25 21:00:00,0.202859722
2021-11-25 22:00:00,0.202926389
2021-11-25 23:00:00,0.202991667
2021-11-26 00:00:00,0.203020833
2021-11-26 01:00:00,0.202994444
2021-11-26 02:00:00,0.202938889
2021-11-26 03:00:00,0.202811111
2021-11-26 04:00:00,0.202636111
2021-11-26 05:00:00,0.202418056
2021-11-26 06:00:00,0.202165278
2021-11-26 07:00:00,0.2018625
2021-11-26 08:00:00,0.201520833
2021-11-26 09:00:00,0.201161111
2021-11-26 10:00:00,0.200779167
2021-11-26 11:00:00,0.200413889
2021-11-26 12:00:00,0.200073611
2021-11-26 13:00:00,0.199773611
2021-11-26 14:00:00,0.199529167
2021-11-26 15:00:00,0.199313889
2021-11-26 16:00:00,0.199123611
2021-11-26 17:00:00,0.1989875
2021-11-26 18:00:00,0.198879167
2021-11-26 19:00:00,0.198793056
2021-11-26 20:00:00,0.198733333
2021-11-26 21:00:00,0.198693056
2021-11-26 22:00:00,0.198677778
2021-11-26 23:00:00,0.198690278
2021-11-27 00:00:00,0.198676389
2021-11-27 01:00:00,0.1986375
2021-11-27 02:00:00,0.198526389
2021-11-27 03:00:00,0.198327778
2021-11-27 04:00:00,0.198019444
2021-11-27 05:00:00,0.197580556
2021-11-27 06:00:00,0.197045833
2021-11-27 07:00:00,0.196483333
2021-11-27 08:00:00,0.195854167
2021-11-27 09:00:00,0.195186111
2021-11-27 10:00:00,0.194481944
2021-11-27 11:00:00,0.193808333
2021-11-27 12:00:00,0.193143056
2021-11-27 13:00:00,0.192504167
2021-11-27 14:00:00,0.191906944
2021-11-27 15:00:00,0.191369444
2021-11-27 16:00:00,0.190909722
2021-11-27 17:00:00,0.190494444
2021-11-27 18:00:00,0.1901375
2021-11-27 19:00:00,0.189855556
2021-11-27 20:00:00,0.189636111
2021-11-27 21:00:00,0.189444444
2021-11-27 22:00:00,0.189298611
2021-11-27 23:00:00,0.189176389
2021-11-28 00:00:00,0.189058333
2021-11-28 01:00:00,0.188931944
2021-11-28 02:00:00,0.1887875
2021-11-28 03:00:00,0.188609722
2021-11-28 04:00:00,0.188402778
2021-11-28 05:00:00,0.188130556
2021-11-28 06:00:00,0.187779167
2021-11-28 07:00:00,0.187377778
2021-11-28 08:00:00,0.186908333
2021-11-28 09:00:00,0.186376389
2021-11-28 10:00:00,0.185811111
2021-11-28 11:00:00,0.185222222
2021-11-28 12:00:00,0.184630556
2021-11-28 13:00:00,0.184072222
2021-11-28 14:00:00,0.183538889
2021-11-28 15:00:00,0.183052778
2021-11-28 16:00:00,0.182616667
2021-11-28 17:00:00,0.182244444
2021-11-28 18:00:00,0.181909722
2021-11-28 19:00:00,0.1816375
2021-11-28 20:00:00,0.181429167
2021-11-28 21:00:00,0.18125
2021-11-28 22:00:00,0.181123611
2021-11-28 23:00:00,0.181043056
2021-11-29 00:00:00,0.180959722
2021-11-29 01:00:00,0.180904167
2021-11-29 02:00:00,0.180875
2021-11-29 03:00:00,0.180790278
2021-11-29 04:00:00,0.1807
2021-11-29 05:00:00,0.180593056
2021-11-29 06:00:00,0.180422222
2021-11-29 07:00:00,0.180202778
2021-11-29 08:00:00,0.179936111
2021-11-29 09:00:00,0.179625
2021-11-29 10:00:00,0.179254167
2021-11-29 11:00:00,0.178840278
2021-11-29 12:00:00,0.178402778
2021-11-29 13:00:00,0.177954167
2021-11-29 14:00:00,0.1774875
2021-11-29 15:00:00,0.177045833
2021-11-29 16:00:00,0.176641667
2021-11-29 17:00:00,0.176277778
2021-11-29 18:00:00,0.175970833
2021-11-29 19:00:00,0.175723611
2021-11-29 20:00:00,0.175551389
2021-11-29 21:00:00,0.175429167
2021-11-29 22:00:00,0.175348611
2021-11-29 23:00:00,0.175301389
2021-11-30 00:00:00,0.175266667
2021-11-30 01:00:00,0.175259722
2021-11-30 02:00:00,0.175259722
2021-11-30 03:00:00,0.175227778
2021-11-30 04:00:00,0.175161111
2021-11-30 05:00:00,0.175069444
2021-11-30 06:00:00,0.174956944
2021-11-30 07:00:00,0.174815278
2021-11-30 08:00:00,0.174655556
2021-11-30 09:00:00,0.174475
2021-11-30 10:00:00,0.174259722
2021-11-30 11:00:00,0.174001389
2021-11-30 12:00:00,0.173718056
2021-11-30 13:00:00,0.173393056
2021-11-30 14:00:00,0.173041667
2021-11-30 15:00:00,0.172675
2021-11-30 16:00:00,0.172316667
2021-11-30 17:00:00,0.171980556
2021-11-30 18:00:00,0.171691667
2021-11-30 19:00:00,0.171468056
2021-11-30 20:00:00,0.171291667
2021-11-30 21:00:00,0.171194444
2021-11-30 22:00:00,0.171134722
2021-11-30 23:00:00,0.171125
2022-11-01 00:00:00,0.219790278
2022-11-01 01:00:00,0.219711111
2022-11-01 02:00:00,0.219588889
2022-11-01 03:00:00,0.219444444
2022-11-01 04:00:00,0.219297222
2022-11-01 05:00:00,0.219120833
2022-11-01 06:00:00,0.218922222
2022-11-01 07:00:00,0.218738889
2022-11-01 08:00:00,0.218540278
2022-11-01 09:00:00,0.218322222
2022-11-01 10:00:00,0.218088889
2022-11-01 11:00:00,0.217831944
2022-11-01 12:00:00,0.217581944
2022-11-01 13:00:00,0.217340278
2022-11-01 14:00:00,0.217090278
2022-11-01 15:00:00,0.216868056
2022-11-01 16:00:00,0.216669444
2022-11-01 17:00:00,0.216468056
2022-11-01 18:00:00,0.216273611
2022-11-01 19:00:00,0.216070833
2022-11-01 20:00:00,0.215922222
2022-11-01 21:00:00,0.215758333
2022-11-01 22:00:00,0.215588889
2022-11-01 23:00:00,0.215463889
2022-11-02 00:00:00,0.215315278
2022-11-02 01:00:00,0.215161111
2022-11-02 02:00:00,0.214988889
2022-11-02 03:00:00,0.214822222
2022-11-02 04:00:00,0.214618056
2022-11-02 05:00:00,0.214356944
2022-11-02 06:00:00,0.2140875
2022-11-02 07:00:00,0.213804167
2022-11-02 08:00:00,0.213472222
2022-11-02 09:00:00,0.213118056
2022-11-02 10:00:00,0.212791667
2022-11-02 11:00:00,0.212426389
2022-11-02 12:00:00,0.212055556
2022-11-02 13:00:00,0.211698611
2022-11-02 14:00:00,0.211348611
2022-11-02 15:00:00,0.210997222
2022-11-02 16:00:00,0.210666667
2022-11-02 17:00:00,0.210352778
2022-11-02 18:00:00,0.210083333
2022-11-02 19:00:00,0.209845833
2022-11-02 20:00:00,0.209608333
2022-11-02 21:00:00,0.209395833
2022-11-02 22:00:00,0.209215278
2022-11-02 23:00:00,0.209090278
2022-11-03 00:00:00,0.209005556
2022-11-03 01:00:00,0.208916667
2022-11-03 02:00:00,0.208861111
2022-11-03 03:00:00,0.208851389
2022-11-03 04:00:00,0.208825
2022-11-03 05:00:00,0.208759722
2022-11-03 06:00:00,0.208648611
2022-11-03 07:00:00,0.208515278
2022-11-03 08:00:00,0.208325
2022-11-03 09:00:00,0.208102778
2022-11-03 10:00:00,0.207894444
2022-11-03 11:00:00,0.207683333
2022-11-03 12:00:00,0.207463889
2022-11-03 13:00:00,0.20725
2022-11-03 14:00:00,0.207025
2022-11-03 15:00:00,0.206775
2022-11-03 16:00:00,0.206556944
2022-11-03 17:00:00,0.206343056
2022-11-03 18:00:00,0.2061375
2022-11-03 19:00:00,0.205956944
2022-11-03 20:00:00,0.205829167
2022-11-03 21:00:00,0.205763889
2022-11-03 22:00:00,0.205734722
2022-11-03 23:00:00,0.205745833
2022-11-04 00:00:00,0.205806944
2022-11-04 01:00:00,0.205880556
2022-11-04 02:00:00,0.205965278
2022-11-04 03:00:00,0.206073611
2022-11-04 04:00:00,0.206152778
2022-11-04 05:00:00,0.206229167
2022-11-04 06:00:00,0.206272222
2022-11-04 07:00:00,0.206270833
2022-11-04 08:00:00,0.206236111
2022-11-04 09:00:00,0.206169444
2022-11-04 10:00:00,0.2060875
2022-11-04 11:00:00,0.205975
2022-11-04 12:00:00,0.205848611
2022-11-04 13:00:00,0.205743056
2022-11-04 14:00:00,0.205636111
2022-11-04 15:00:00,0.205545833
2022-11-04 16:00:00,0.205497222
2022-11-04 17:00:00,0.205472222
2022-11-04 18:00:00,0.205483333
2022-11-04 19:00:00,0.205555556
2022-11-04 20:00:00,0.205655556
2022-11-04 21:00:00,0.205806944
2022-11-04 22:00:00,0.205988889
2022-11-04 23:00:00,0.206195833
2022-11-05 00:00:00,0.206416667
2022-11-05 01:00:00,0.206601389
2022-11-05 02:00:00,0.206791667
2022-11-05 03:00:00,0.207005556
2022-11-05 04:00:00,0.207155556
2022-11-05 05:00:00,0.2072875
2022-11-05 06:00:00,0.207351389
2022-11-05 07:00:00,0.207368056
2022-11-05 08:00:00,0.207265278
2022-11-05 09:00:00,0.207104167
2022-11-05 10:00:00,0.206890278
2022-11-05 11:00:00,0.206611111
2022-11-05 12:00:00,0.206343056
2022-11-05 13:00:00,0.206051389
2022-11-05 14:00:00,0.205725
2022-11-05 15:00:00,0.205452778
2022-11-05 16:00:00,0.205209722
2022-11-05 17:00:00,0.205005556
2022-11-05 18:00:00,0.204844444
2022-11-05 19:00:00,0.204773611
2022-11-05 20:00:00,0.204720833
2022-11-05 21:00:00,0.204741667
2022-11-05 22:00:00,0.204854167
2022-11-05 23:00:00,0.204983333
2022-11-06 00:00:00,0.205141667
2022-11-06 01:00:00,0.205316667
2022-11-06 02:00:00,0.205493056
2022-11-06 03:00:00,0.205663889
2022-11-06 04:00:00,0.205834722
2022-11-06 05:00:00,0.205963889
2022-11-06 06:00:00,0.206043056
2022-11-06 07:00:00,0.206058333
2022-11-06 08:00:00,0.206040278
2022-11-06 09:00:00,0.205976389
2022-11-06 10:00:00,0.205866667
2022-11-06 11:00:00,0.205723611
2022-11-06 12:00:00,0.205531944
2022-11-06 13:00:00,0.2053
2022-11-06 14:00:00,0.205054167
2022-11-06 15:00:00,0.204811111
2022-11-06 16:00:00,0.204579167
2022-11-06 17:00:00,0.204341667
2022-11-06 18:00:00,0.204147222
2022-11-06 19:00:00,0.204016667
2022-11-06 20:00:00,0.203958333
2022-11-06 21:00:00,0.203976389
2022-11-06 22:00:00,0.204063889
2022-11-06 23:00:00,0.2042
2022-11-07 00:00:00,0.2043625
2022-11-07 01:00:00,0.204531944
2022-11-07 02:00:00,0.2047125
2022-11-07 03:00:00,0.204876389
2022-11-07 04:00:00,0.205019444
2022-11-07 05:00:00,0.205102778
2022-11-07 06:00:00,0.205148611
2022-11-07 07:00:00,0.205145833
2022-11-07 08:00:00,0.205090278
2022-11-07 09:00:00,0.205005556
2022-11-07 10:00:00,0.204876389
2022-11-07 11:00:00,0.204706944
2022-11-07 12:00:00,0.204493056
2022-11-07 13:00:00,0.204225
2022-11-07 14:00:00,0.203901389
2022-11-07 15:00:00,0.203570833
2022-11-07 16:00:00,0.203227778
2022-11-07 17:00:00,0.202866667
2022-11-07 18:00:00,0.202547222
2022-11-07 19:00:00,0.202279167
2022-11-07 20:00:00,0.202090278
2022-11-07 21:00:00,0.201984722
2022-11-07 22:00:00,0.201969444
2022-11-07 23:00:00,0.202011111
2022-11-08 00:00:00,0.202098611
2022-11-08 01:00:00,0.202220833
2022-11-08 02:00:00,0.202356944
2022-11-08 03:00:00,0.202502778
2022-11-08 04:00:00,0.202643056
2022-11-08 05:00:00,0.202748611
2022-11-08 06:00:00,0.202822222
2022-11-08 07:00:00,0.2029
2022-11-08 08:00:00,0.202934722
2022-11-08 09:00:00,0.202936111
2022-11-08 10:00:00,0.202895833
2022-11-08 11:00:00,0.2028125
2022-11-08 12:00:00,0.202702778
2022-11-08 13:00:00,0.202526389
2022-11-08 14:00:00,0.202322222
2022-11-08 15:00:00,0.202073611
2022-11-08 16:00:00,0.201761111
2022-11-08 17:00:00,0.201426389
2022-11-08 18:00:00,0.201095833
2022-11-08 19:00:00,0.200784722
2022-11-08 20:00:00,0.200483333
2022-11-08 21:00:00,0.200241667
2022-11-08 22:00:00,0.200054167
2022-11-08 23:00:00,0.199884722
2022-11-09 00:00:00,0.199770833
2022-11-09 01:00:00,0.199679167
2022-11-09 02:00:00,0.199623611
2022-11-09 03:00:00,0.199583333
2022-11-09 04:00:00,0.1995375
2022-11-09 05:00:00,0.199483333
2022-11-09 06:00:00,0.199418056
2022-11-09 07:00:00,0.199325
2022-11-09 08:00:00,0.199213889
2022-11-09 09:00:00,0.199077778
2022-11-09 10:00:00,0.198911111
2022-11-09 11:00:00,0.198718056
2022-11-09 12:00:00,0.198490278
2022-11-09 13:00:00,0.198233333
2022-11-09 14:00:00,0.197923611
2022-11-09 15:00:00,0.197561111
2022-11-09 16:00:00,0.197126389
2022-11-09 17:00:00,0.196681944
2022-11-09 18:00:00,0.1962375
2022-11-09 19:00:00,0.195797222
2022-11-09 20:00:00,0.195375
2022-11-09 21:00:00,0.1949625
2022-11-09 22:00:00,0.194609722
2022-11-09 23:00:00,0.194313889
2022-11-10 00:00:00,0.194059722
2022-11-10 01:00:00,0.193869444
2022-11-10 02:00:00,0.193701389
2022-11-10 03:00:00,0.193580556
2022-11-10 04:00:00,0.193523611
2022-11-10 05:00:00,0.193488889
2022-11-10 06:00:00,0.193529167
2022-11-10 07:00:00,0.193631944
2022-11-10 08:00:00,0.193708333
2022-11-10 09:00:00,0.1938
2022-11-10 10:00:00,0.193901389
2022-11-10 11:00:00,0.194005556
2022-11-10 12:00:00,0.1940875
2022-11-10 13:00:00,0.194172222
2022-11-10 14:00:00,0.194227778
2022-11-10 15:00:00,0.194251389
2022-11-10 16:00:00,0.194215278
2022-11-10 17:00:00,0.1941625
2022-11-10 18:00:00,0.194079167
2022-11-10 19:00:00,0.193933333
2022-11-10 20:00:00,0.193794444
2022-11-10 21:00:00,0.19365
2022-11-10 22:00:00,0.193536111
2022-11-10 23:00:00,0.193441667
2022-11-11 00:00:00,0.193351389
2022-11-11 01:00:00,0.193268056
2022-11-11 02:00:00,0.193213889
2022-11-11 03:00:00,0.19315
2022-11-11 04:00:00,0.1931375
2022-11-11 05:00:00,0.193156944
2022-11-11 06:00:00,0.193191667
2022-11-11 07:00:00,0.193248611
2022-11-11 08:00:00,0.193343056
2022-11-11 09:00:00,0.193455556
2022-11-11 10:00:00,0.193548611
2022-11-11 11:00:00,0.193633333
2022-11-11 12:00:00,0.193718056
2022-11-11 13:00:00,0.193783333
2022-11-11 14:00:00,0.193819444
2022-11-11 15:00:00,0.193843056
2022-11-11 16:00:00,0.193833333
2022-11-11 17:00:00,0.193794444
2022-11-11 18:00:00,0.193701389
2022-11-11 19:00:00,0.193556944
2022-11-11 20:00:00,0.193390278
2022-11-11 21:00:00,0.193255556
2022-11-11 22:00:00,0.193141667
2022-11-11 23:00:00,0.193
2022-11-12 00:00:00,0.192898611
2022-11-12 01:00:00,0.192797222
2022-11-12 02:00:00,0.192730556
2022-11-12 03:00:00,0.192716667
2022-11-12 04:00:00,0.192751389
2022-11-12 05:00:00,0.192758333
2022-11-12 06:00:00,0.192843056
2022-11-12 07:00:00,0.192951389
2022-11-12 08:00:00,0.193147222
2022-11-12 09:00:00,0.193344444
2022-11-12 10:00:00,0.193554167
2022-11-12 11:00:00,0.193781944
2022-11-12 12:00:00,0.194015278
2022-11-12 13:00:00,0.194233333
2022-11-12 14:00:00,0.194443056
2022-11-12 15:00:00,0.19465
2022-11-12 16:00:00,0.194808333
2022-11-12 17:00:00,0.194929167
2022-11-12 18:00:00,0.195022222
2022-11-12 19:00:00,0.195061111
2022-11-12 20:00:00,0.195019444
2022-11-12 21:00:00,0.194916667
2022-11-12 22:00:00,0.194794444
2022-11-12 23:00:00,0.194668056
2022-11-13 00:00:00,0.194551389
2022-11-13 01:00:00,0.194426389
2022-11-13 02:00:00,0.194295833
2022-11-13 03:00:00,0.194141667
2022-11-13 04:00:00,0.194005556
2022-11-13 05:00:00,0.193868056
2022-11-13 06:00:00,0.193723611
2022-11-13 07:00:00,0.193554167
2022-11-13 08:00:00,0.193409722
2022-11-13 09:00:00,0.193279167
2022-11-13 10:00:00,0.193176389
2022-11-13 11:00:00,0.193066667
2022-11-13 12:00:00,0.192934722
2022-11-13 13:00:00,0.192798611
2022-11-13 14:00:00,0.192676389
2022-11-13 15:00:00,0.192538889
2022-11-13 16:00:00,0.192393056
2022-11-13 17:00:00,0.192230556
2022-11-13 18:00:00,0.192052778
2022-11-13 19:00:00,0.191875
2022-11-13 20:00:00,0.191665278
2022-11-13 21:00:00,0.191425
2022-11-13 22:00:00,0.191188889
2022-11-13 23:00:00,0.190923611
2022-11-14 00:00:00,0.190665278
2022-11-14 01:00:00,0.190419444
2022-11-14 02:00:00,0.190163889
2022-11-14 03:00:00,0.189894444
2022-11-14 04:00:00,0.189630556
2022-11-14 05:00:00,0.189351389
2022-11-14 06:00:00,0.1890875
2022-11-14 07:00:00,0.188793056
2022-11-14 08:00:00,0.188554167
2022-11-14 09:00:00,0.188333333
2022-11-14 10:00:00,0.1881125
2022-11-14 11:00:00,0.1879625
2022-11-14 12:00:00,0.187830556
2022-11-14 13:00:00,0.187704167
2022-11-14 14:00:00,0.187595833
2022-11-14 15:00:00,0.187527778
2022-11-14 16:00:00,0.1874375
2022-11-14 17:00:00,0.187361111
2022-11-14 18:00:00,0.187252778
2022-11-14 19:00:00,0.187202778
2022-11-14 20:00:00,0.187197222
2022-11-14 21:00:00,0.187186111
2022-11-14 22:00:00,0.187209722
2022-11-14 23:00:00,0.187268056
2022-11-15 00:00:00,0.187301389
2022-11-15 01:00:00,0.187329167
2022-11-15 02:00:00,0.187359722
2022-11-15 03:00:00,0.187365278
2022-11-15 04:00:00,0.187344444
2022-11-15 05:00:00,0.1873
2022-11-15 06:00:00,0.187238889
2022-11-15 07:00:00,0.187159722
2022-11-15 08:00:00,0.187073611
2022-11-15 09:00:00,0.186991667
2022-11-15 10:00:00,0.186911111
2022-11-15 11:00:00,0.186865278
2022-11-15 12:00:00,0.186831944
2022-11-15 13:00:00,0.186818056
2022-11-15 14:00:00,0.186819444
2022-11-15 15:00:00,0.186856944
2022-11-15 16:00:00,0.187023611
2022-11-15 17:00:00,0.187173611
2022-11-15 18:00:00,0.187358333
2022-11-15 19:00:00,0.1875375
2022-11-15 20:00:00,0.1877
2022-11-15 21:00:00,0.187865278
2022-11-15 22:00:00,0.188029167
2022-11-15 23:00:00,0.188147222
2022-11-16 00:00:00,0.188251389
2022-11-16 01:00:00,0.188327778
2022-11-16 02:00:00,0.188341667
2022-11-16 03:00:00,0.188288889
2022-11-16 04:00:00,0.188184722
2022-11-16 05:00:00,0.188041667
2022-11-16 06:00:00,0.187819444
2022-11-16 07:00:00,0.187544444
2022-11-16 08:00:00,0.187247222
2022-11-16 09:00:00,0.186911111
2022-11-16 10:00:00,0.186554167
2022-11-16 11:00:00,0.186204167
2022-11-16 12:00:00,0.185891667
2022-11-16 13:00:00,0.185604167
2022-11-16 14:00:00,0.185344444
2022-11-16 15:00:00,0.185118056
2022-11-16 16:00:00,0.184919444
2022-11-16 17:00:00,0.184763889
2022-11-16 18:00:00,0.184651389
2022-11-16 19:00:00,0.184590278
2022-11-16 20:00:00,0.184593056
2022-11-16 21:00:00,0.184658333
2022-11-16 22:00:00,0.184766667
2022-11-16 23:00:00,0.1849125
2022-11-17 00:00:00,0.185086111
2022-11-17 01:00:00,0.185238889
2022-11-17 02:00:00,0.185368056
2022-11-17 03:00:00,0.1854625
2022-11-17 04:00:00,0.185513889
2022-11-17 05:00:00,0.185470833
2022-11-17 06:00:00,0.185376389
2022-11-17 07:00:00,0.185238889
2022-11-17 08:00:00,0.185047222
2022-11-17 09:00:00,0.184830556
2022-11-17 10:00:00,0.184581944
2022-11-17 11:00:00,0.184340278
2022-11-17 12:00:00,0.184106944
2022-11-17 13:00:00,0.183915278
2022-11-17 14:00:00,0.183756944
2022-11-17 15:00:00,0.183644444
2022-11-17 16:00:00,0.183601389
2022-11-17 17:00:00,0.183626389
2022-11-17 18:00:00,0.183705556
2022-11-17 19:00:00,0.183845833
2022-11-17 20:00:00,0.184041667
2022-11-17 21:00:00,0.184286111
2022-11-17 22:00:00,0.184577778
2022-11-17 23:00:00,0.184901389
2022-11-18 00:00:00,0.185222222
2022-11-18 01:00:00,0.18555
2022-11-18 02:00:00,0.185868056
2022-11-18 03:00:00,0.186158333
2022-11-18 04:00:00,0.186404167
2022-11-18 05:00:00,0.186595833
2022-11-18 06:00:00,0.186705556
2022-11-18 07:00:00,0.1867375
2022-11-18 08:00:00,0.186693056
2022-11-18 09:00:00,0.186573611
2022-11-18 10:00:00,0.186395833
2022-11-18 11:00:00,0.186172222
2022-11-18 12:00:00,0.185908333
2022-11-18 13:00:00,0.1856375
2022-11-18 14:00:00,0.185379167
2022-11-18 15:00:00,0.185166667
2022-11-18 16:00:00,0.184993056
2022-11-18 17:00:00,0.184908333
2022-11-18 18:00:00,0.184886111
2022-11-18 19:00:00,0.184931944
2022-11-18 20:00:00,0.185048611
2022-11-18 21:00:00,0.185226389
2022-11-18 22:00:00,0.185461111
2022-11-18 23:00:00,0.185741667
2022-11-19 00:00:00,0.186034722
2022-11-19 01:00:00,0.186329167
2022-11-19 02:00:00,0.186597222
2022-11-19 03:00:00,0.186838889
2022-11-19 04:00:00,0.187040278
2022-11-19 05:00:00,0.187140278
2022-11-19 06:00:00,0.187159722
2022-11-19 07:00:00,0.187109722
2022-11-19 08:00:00,0.186981944
2022-11-19 09:00:00,0.186772222
2022-11-19 10:00:00,0.186477778
2022-11-19 11:00:00,0.186136111
2022-11-19 12:00:00,0.185701389
2022-11-19 13:00:00,0.185205556
2022-11-19 14:00:00,0.184686111
2022-11-19 15:00:00,0.184141667
2022-11-19 16:00:00,0.183611111
2022-11-19 17:00:00,0.183113889
2022-11-19 18:00:00,0.182702778
2022-11-19 19:00:00,0.182363889
2022-11-19 20:00:00,0.182118056
2022-11-19 21:00:00,0.181951389
2022-11-19 22:00:00,0.181870833
2022-11-19 23:00:00,0.181840278
2022-11-20 00:00:00,0.181852778
2022-11-20 01:00:00,0.181886111
2022-11-20 02:00:00,0.181923611
2022-11-20 03:00:00,0.181954167
2022-11-20 04:00:00,0.181965278
2022-11-20 05:00:00,0.181927778
2022-11-20 06:00:00,0.181848611
2022-11-20 07:00:00,0.181720833
2022-11-20 08:00:00,0.181579167
2022-11-20 09:00:00,0.1813875
2022-11-20 10:00:00,0.181133333
2022-11-20 11:00:00,0.180844444
2022-11-20 12:00:00,0.180523611
2022-11-20 13:00:00,0.180168056
2022-11-20 14:00:00,0.179818056
2022-11-20 15:00:00,0.179455556
2022-11-20 16:00:00,0.179098611
2022-11-20 17:00:00,0.178779167
2022-11-20 18:00:00,0.178497222
2022-11-20 19:00:00,0.1783
2022-11-20 20:00:00,0.178173611
2022-11-20 21:00:00,0.178140278
2022-11-20 22:00:00,0.178180556
2022-11-20 23:00:00,0.178316667
2022-11-21 00:00:00,0.178484722
2022-11-21 01:00:00,0.178701389
2022-11-21 02:00:00,0.178959722
2022-11-21 03:00:00,0.179202778
2022-11-21 04:00:00,0.179398611
2022-11-21 05:00:00,0.179540278
2022-11-21 06:00:00,0.179615278
2022-11-21 07:00:00,0.179620833
2022-11-21 08:00:00,0.179581944
2022-11-21 09:00:00,0.179525
2022-11-21 10:00:00,0.179406944
2022-11-21 11:00:00,0.179255556
2022-11-21 12:00:00,0.179059722
2022-11-21 13:00:00,0.178827778
2022-11-21 14:00:00,0.178558333
2022-11-21 15:00:00,0.178213889
2022-11-21 16:00:00,0.177869444
2022-11-21 17:00:00,0.177520833
2022-11-21 18:00:00,0.177163889
2022-11-21 19:00:00,0.176843056
2022-11-21 20:00:00,0.176576389
2022-11-21 21:00:00,0.176358333
2022-11-21 22:00:00,0.176198611
2022-11-21 23:00:00,0.176105556
2022-11-22 00:00:00,0.176051389
2022-11-22 01:00:00,0.176045833
2022-11-22 02:00:00,0.176086111
2022-11-22 03:00:00,0.176152778
2022-11-22 04:00:00,0.176234722
2022-11-22 05:00:00,0.176320833
2022-11-22 06:00:00,0.1764125
2022-11-22 07:00:00,0.176498611
2022-11-22 08:00:00,0.176583333
2022-11-22 09:00:00,0.176652778
2022-11-22 10:00:00,0.176694444
2022-11-22 11:00:00,0.176706944
2022-11-22 12:00:00,0.176694444
2022-11-22 13:00:00,0.176648611
2022-11-22 14:00:00,0.176559722
2022-11-22 15:00:00,0.176416667
2022-11-22 16:00:00,0.176213889
2022-11-22 17:00:00,0.175976389
2022-11-22 18:00:00,0.175723611
2022-11-22 19:00:00,0.175469444
2022-11-22 20:00:00,0.175225
2022-11-22 21:00:00,0.175002778
2022-11-22 22:00:00,0.174808333
2022-11-22 23:00:00,0.174645833
2022-11-23 00:00:00,0.174511111
2022-11-23 01:00:00,0.174409722
2022-11-23 02:00:00,0.174338889
2022-11-23 03:00:00,0.1742875
2022-11-23 04:00:00,0.174254167
2022-11-23 05:00:00,0.17425
2022-11-23 06:00:00,0.17425
2022-11-23 07:00:00,0.174256944
2022-11-23 08:00:00,0.174266667
2022-11-23 09:00:00,0.174275
2022-11-23 10:00:00,0.174279167
2022-11-23 11:00:00,0.174268056
2022-11-23 12:00:00,0.174238889
2022-11-23 13:00:00,0.174186111
2022-11-23 14:00:00,0.174118056
2022-11-23 15:00:00,0.174016667
2022-11-23 16:00:00,0.173869444
2022-11-23 17:00:00,0.173686111
2022-11-23 18:00:00,0.173456944
2022-11-23 19:00:00,0.173218056
2022-11-23 20:00:00,0.172995833
2022-11-23 21:00:00,0.172755556
2022-11-23 22:00:00,0.172527778
2022-11-23 23:00:00,0.172315278
2022-11-24 00:00:00,0.172127778
2022-11-24 01:00:00,0.171959722
2022-11-24 02:00:00,0.171829167
2022-11-24 03:00:00,0.171725
2022-11-24 04:00:00,0.171636111
2022-11-24 05:00:00,0.1715625
2022-11-24 06:00:00,0.171531944
2022-11-24 07:00:00,0.171527778
2022-11-24 08:00:00,0.171527778
2022-11-24 09:00:00,0.171543056
2022-11-24 10:00:00,0.171580556
2022-11-24 11:00:00,0.1716125
2022-11-24 12:00:00,0.1716375
2022-11-24 13:00:00,0.171636111
2022-11-24 14:00:00,0.171609722
2022-11-24 15:00:00,0.171580556
2022-11-24 16:00:00,0.171534722
2022-11-24 17:00:00,0.171475
2022-11-24 18:00:00,0.171365278
2022-11-24 19:00:00,0.171240278
2022-11-24 20:00:00,0.171106944
2022-11-24 21:00:00,0.170969444
2022-11-24 22:00:00,0.170820833
2022-11-24 23:00:00,0.170675
2022-11-25 00:00:00,0.170558333
2022-11-25 01:00:00,0.170473611
2022-11-25 02:00:00,0.170393056
2022-11-25 03:00:00,0.170298611
2022-11-25 04:00:00,0.170226389
2022-11-25 05:00:00,0.170179167
2022-11-25 06:00:00,0.170119444
2022-11-25 07:00:00,0.170113889
2022-11-25 08:00:00,0.170097222
2022-11-25 09:00:00,0.170073611
2022-11-25 10:00:00,0.17005
2022-11-25 11:00:00,0.170020833
2022-11-25 12:00:00,0.169994444
2022-11-25 13:00:00,0.169941667
2022-11-25 14:00:00,0.169894444
2022-11-25 15:00:00,0.169844444
2022-11-25 16:00:00,0.169784722
2022-11-25 17:00:00,0.169713889
2022-11-25 18:00:00,0.1696375
2022-11-25 19:00:00,0.169545833
2022-11-25 20:00:00,0.169480556
2022-11-25 21:00:00,0.169418056
2022-11-25 22:00:00,0.169355556
2022-11-25 23:00:00,0.169322222
2022-11-26 00:00:00,0.169336111
2022-11-26 01:00:00,0.169386111
2022-11-26 02:00:00,0.169470833
2022-11-26 03:00:00,0.169565278
2022-11-26 04:00:00,0.169679167
2022-11-26 05:00:00,0.169791667
2022-11-26 06:00:00,0.169913889
2022-11-26 07:00:00,0.170034722
2022-11-26 08:00:00,0.170147222
2022-11-26 09:00:00,0.170241667
2022-11-26 10:00:00,0.170340278
2022-11-26 11:00:00,0.170438889
2022-11-26 12:00:00,0.170518056
2022-11-26 13:00:00,0.170573611
2022-11-26 14:00:00,0.170631944
2022-11-26 15:00:00,0.170672222
2022-11-26 16:00:00,0.1706875
2022-11-26 17:00:00,0.170694444
2022-11-26 18:00:00,0.170680556
2022-11-26 19:00:00,0.170651389
2022-11-26 20:00:00,0.170620833
2022-11-26 21:00:00,0.170563889
2022-11-26 22:00:00,0.170522222
2022-11-26 23:00:00,0.170454167
2022-11-27 00:00:00,0.170370833
2022-11-27 01:00:00,0.170283333
2022-11-27 02:00:00,0.170216667
2022-11-27 03:00:00,0.170148611
2022-11-27 04:00:00,0.170075
2022-11-27 05:00:00,0.170006944
2022-11-27 06:00:00,0.169934722
2022-11-27 07:00:00,0.169858333
2022-11-27 08:00:00,0.169805556
2022-11-27 09:00:00,0.16975
2022-11-27 10:00:00,0.169684722
2022-11-27 11:00:00,0.169622222
2022-11-27 12:00:00,0.16955
2022-11-27 13:00:00,0.169468056
2022-11-27 14:00:00,0.169391667
2022-11-27 15:00:00,0.169329167
2022-11-27 16:00:00,0.169255556
2022-11-27 17:00:00,0.169180556
2022-11-27 18:00:00,0.169106944
2022-11-27 19:00:00,0.169041667
2022-11-27 20:00:00,0.168988889
2022-11-27 21:00:00,0.168906944
2022-11-27 22:00:00,0.1687875
2022-11-27 23:00:00,0.168694444
2022-11-28 00:00:00,0.168668056
2022-11-28 01:00:00,0.168648611
2022-11-28 02:00:00,0.168631944
2022-11-28 03:00:00,0.168645833
2022-11-28 04:00:00,0.168676389
2022-11-28 05:00:00,0.168713889
2022-11-28 06:00:00,0.168772222
2022-11-28 07:00:00,0.168806944
2022-11-28 08:00:00,0.168890278
2022-11-28 09:00:00,0.169009722
2022-11-28 10:00:00,0.169136111
2022-11-28 11:00:00,0.169288889
2022-11-28 12:00:00,0.169448611
2022-11-28 13:00:00,0.169618056
2022-11-28 14:00:00,0.169813889
2022-11-28 15:00:00,0.170048611
2022-11-28 16:00:00,0.170298611
2022-11-28 17:00:00,0.170563889
2022-11-28 18:00:00,0.170876389
2022-11-28 19:00:00,0.171190278
2022-11-28 20:00:00,0.171505556
2022-11-28 21:00:00,0.171806944
2022-11-28 22:00:00,0.172113889
2022-11-28 23:00:00,0.172406944
2022-11-29 00:00:00,0.172672222
2022-11-29 01:00:00,0.172938889
2022-11-29 02:00:00,0.1732125
2022-11-29 03:00:00,0.173461111
2022-11-29 04:00:00,0.173690278
2022-11-29 05:00:00,0.173927778
2022-11-29 06:00:00,0.174155556
2022-11-29 07:00:00,0.174356944
2022-11-29 08:00:00,0.174566667
2022-11-29 09:00:00,0.1747875
2022-11-29 10:00:00,0.175041667
2022-11-29 11:00:00,0.175301389
2022-11-29 12:00:00,0.175583333
2022-11-29 13:00:00,0.175881944
2022-11-29 14:00:00,0.176159722
2022-11-29 15:00:00,0.176463889
2022-11-29 16:00:00,0.1767625
2022-11-29 17:00:00,0.177101389
2022-11-29 18:00:00,0.177440278
2022-11-29 19:00:00,0.177801389
2022-11-29 20:00:00,0.178222222
2022-11-29 21:00:00,0.178613889
2022-11-29 22:00:00,0.179005556
2022-11-29 23:00:00,0.1794
2022-11-30 00:00:00,0.179772222
2022-11-30 01:00:00,0.18015
2022-11-30 02:00:00,0.180495833
2022-11-30 03:00:00,0.180829167
2022-11-30 04:00:00,0.181155556
2022-11-30 05:00:00,0.181520833
2022-11-30 06:00:00,0.181855556
2022-11-30 07:00:00,0.182183333
2022-11-30 08:00:00,0.182436111
2022-11-30 09:00:00,0.182647222
2022-11-30 10:00:00,0.182770833
2022-11-30 11:00:00,0.182888889
2022-11-30 12:00:00,0.183002778
2022-11-30 13:00:00,0.183026389
2022-11-30 14:00:00,0.183018056
2022-11-30 15:00:00,0.182973611
2022-11-30 16:00:00,0.182977778
2022-11-30 17:00:00,0.182976389
2022-11-30 18:00:00,0.182968056
2022-11-30 19:00:00,0.183019444
2022-11-30 20:00:00,0.183030556
2022-11-30 21:00:00,0.183090278
2022-11-30 22:00:00,0.183229167
2022-11-30 23:00:00,0.183413889
2023-11-01 00:00:00,0.250451389
2023-11-01 01:00:00,0.250834722
2023-11-01 02:00:00,0.251265278
2023-11-01 03:00:00,0.251720833
2023-11-01 04:00:00,0.2522125
2023-11-01 05:00:00,0.252733333
2023-11-01 06:00:00,0.253268056
2023-11-01 07:00:00,0.253827778
2023-11-01 08:00:00,0.254388889
2023-11-01 09:00:00,0.254947222
2023-11-01 10:00:00,0.255497222
2023-11-01 11:00:00,0.256043056
2023-11-01 12:00:00,0.256580556
2023-11-01 13:00:00,0.257106944
2023-11-01 14:00:00,0.257606944
2023-11-01 15:00:00,0.258079167
2023-11-01 16:00:00,0.258490278
2023-11-01 17:00:00,0.258838889
2023-11-01 18:00:00,0.259130556
2023-11-01 19:00:00,0.259356944
2023-11-01 20:00:00,0.259566667
2023-11-01 21:00:00,0.259780556
2023-11-01 22:00:00,0.259993056
2023-11-01 23:00:00,0.260198611
2023-11-02 00:00:00,0.2604
2023-11-02 01:00:00,0.260626389
2023-11-02 02:00:00,0.260895833
2023-11-02 03:00:00,0.261180556
2023-11-02 04:00:00,0.261470833
2023-11-02 05:00:00,0.261776389
2023-11-02 06:00:00,0.262094444
2023-11-02 07:00:00,0.262413889
2023-11-02 08:00:00,0.262752778
2023-11-02 09:00:00,0.2631
2023-11-02 10:00:00,0.263430556
2023-11-02 11:00:00,0.263754167
2023-11-02 12:00:00,0.264080556
2023-11-02 13:00:00,0.264391667
2023-11-02 14:00:00,0.264670833
2023-11-02 15:00:00,0.264933333
2023-11-02 16:00:00,0.265161111
2023-11-02 17:00:00,0.265338889
2023-11-02 18:00:00,0.265477778
2023-11-02 19:00:00,0.265555556
2023-11-02 20:00:00,0.265584722
2023-11-02 21:00:00,0.265583333
2023-11-02 22:00:00,0.265588889
2023-11-02 23:00:00,0.265580556
2023-11-03 00:00:00,0.265559722
2023-11-03 01:00:00,0.265541667
2023-11-03 02:00:00,0.265558333
2023-11-03 03:00:00,0.265597222
2023-11-03 04:00:00,0.265640278
2023-11-03 05:00:00,0.265702778
2023-11-03 06:00:00,0.265781944
2023-11-03 07:00:00,0.265848611
2023-11-03 08:00:00,0.265936111
2023-11-03 09:00:00,0.266066667
2023-11-03 10:00:00,0.266197222
2023-11-03 11:00:00,0.266322222
2023-11-03 12:00:00,0.266452778
2023-11-03 13:00:00,0.266591667
2023-11-03 14:00:00,0.266726389
2023-11-03 15:00:00,0.266845833
2023-11-03 16:00:00,0.266965278
2023-11-03 17:00:00,0.267034722
2023-11-03 18:00:00,0.267068056
2023-11-03 19:00:00,0.267090278
2023-11-03 20:00:00,0.267072222
2023-11-03 21:00:00,0.267004167
2023-11-03 22:00:00,0.266902778
2023-11-03 23:00:00,0.266784722
2023-11-04 00:00:00,0.266644444
2023-11-04 01:00:00,0.266481944
2023-11-04 02:00:00,0.266298611
2023-11-04 03:00:00,0.266113889
2023-11-04 04:00:00,0.265947222
2023-11-04 05:00:00,0.265783333
2023-11-04 06:00:00,0.265620833
2023-11-04 07:00:00,0.265465278
2023-11-04 08:00:00,0.265325
2023-11-04 09:00:00,0.2652
2023-11-04 10:00:00,0.265076389
2023-11-04 11:00:00,0.264980556
2023-11-04 12:00:00,0.264890278
2023-11-04 13:00:00,0.264808333
2023-11-04 14:00:00,0.264740278
2023-11-04 15:00:00,0.264690278
2023-11-04 16:00:00,0.264636111
2023-11-04 17:00:00,0.264559722
2023-11-04 18:00:00,0.264463889
2023-11-04 19:00:00,0.264370833
2023-11-04 20:00:00,0.264261111
2023-11-04 21:00:00,0.264147222
2023-11-04 22:00:00,0.264044444
2023-11-04 23:00:00,0.263925
2023-11-05 00:00:00,0.263802778
2023-11-05 01:00:00,0.263659722
2023-11-05 02:00:00,0.263494444
2023-11-05 03:00:00,0.263325
2023-11-05 04:00:00,0.263165278
2023-11-05 05:00:00,0.263016667
2023-11-05 06:00:00,0.26285
2023-11-05 07:00:00,0.262701389
2023-11-05 08:00:00,0.262554167
2023-11-05 09:00:00,0.262402778
2023-11-05 10:00:00,0.262297222
2023-11-05 11:00:00,0.262241667
2023-11-05 12:00:00,0.262220833
2023-11-05 13:00:00,0.262241667
2023-11-05 14:00:00,0.262280556
2023-11-05 15:00:00,0.262355556
2023-11-05 16:00:00,0.262452778
2023-11-05 17:00:00,0.262577778
2023-11-05 18:00:00,0.262716667
2023-11-05 19:00:00,0.262886111
2023-11-05 20:00:00,0.263077778
2023-11-05 21:00:00,0.263265278
2023-11-05 22:00:00,0.263477778
2023-11-05 23:00:00,0.2636875
2023-11-06 00:00:00,0.2638875
2023-11-06 01:00:00,0.264094444
2023-11-06 02:00:00,0.264304167
2023-11-06 03:00:00,0.264494444
2023-11-06 04:00:00,0.264681944
2023-11-06 05:00:00,0.264840278
2023-11-06 06:00:00,0.264972222
2023-11-06 07:00:00,0.265104167
2023-11-06 08:00:00,0.265220833
2023-11-06 09:00:00,0.26535
2023-11-06 10:00:00,0.265488889
2023-11-06 11:00:00,0.265644444
2023-11-06 12:00:00,0.265806944
2023-11-06 13:00:00,0.266018056
2023-11-06 14:00:00,0.266247222
2023-11-06 15:00:00,0.266497222
2023-11-06 16:00:00,0.266736111
2023-11-06 17:00:00,0.267006944
2023-11-06 18:00:00,0.267341667
2023-11-06 19:00:00,0.267684722
2023-11-06 20:00:00,0.268
2023-11-06 21:00:00,0.2683375
2023-11-06 22:00:00,0.268695833
2023-11-06 23:00:00,0.268998611
2023-11-07 00:00:00,0.269261111
2023-11-07 01:00:00,0.269501389
2023-11-07 02:00:00,0.2697
2023-11-07 03:00:00,0.269804167
2023-11-07 04:00:00,0.269856944
2023-11-07 05:00:00,0.269873611
2023-11-07 06:00:00,0.269826389
2023-11-07 07:00:00,0.269731944
2023-11-07 08:00:00,0.269591667
2023-11-07 09:00:00,0.269420833
2023-11-07 10:00:00,0.269225
2023-11-07 11:00:00,0.268990278
2023-11-07 12:00:00,0.268755556
2023-11-07 13:00:00,0.268530556
2023-11-07 14:00:00,0.268323611
2023-11-07 15:00:00,0.268166667
2023-11-07 16:00:00,0.268034722
2023-11-07 17:00:00,0.267944444
2023-11-07 18:00:00,0.267911111
2023-11-07 19:00:00,0.267915278
2023-11-07 20:00:00,0.267972222
2023-11-07 21:00:00,0.268052778
2023-11-07 22:00:00,0.268215278
2023-11-07 23:00:00,0.268394444
2023-11-08 00:00:00,0.268565278
2023-11-08 01:00:00,0.268726389
2023-11-08 02:00:00,0.268866667
2023-11-08 03:00:00,0.2689625
2023-11-08 04:00:00,0.268997222
2023-11-08 05:00:00,0.26895
2023-11-08 06:00:00,0.268804167
2023-11-08 07:00:00,0.268584722
2023-11-08 08:00:00,0.268280556
2023-11-08 09:00:00,0.267883333
2023-11-08 10:00:00,0.267434722
2023-11-08 11:00:00,0.266926389
2023-11-08 12:00:00,0.266384722
2023-11-08 13:00:00,0.265855556
2023-11-08 14:00:00,0.265358333
2023-11-08 15:00:00,0.264911111
2023-11-08 16:00:00,0.264518056
2023-11-08 17:00:00,0.264197222
2023-11-08 18:00:00,0.263963889
2023-11-08 19:00:00,0.263783333
2023-11-08 20:00:00,0.263690278
2023-11-08 21:00:00,0.263670833
2023-11-08 22:00:00,0.263725
2023-11-08 23:00:00,0.2638375
2023-11-09 00:00:00,0.264027778
2023-11-09 01:00:00,0.264215278
2023-11-09 02:00:00,0.264405556
2023-11-09 03:00:00,0.264576389
2023-11-09 04:00:00,0.264706944
2023-11-09 05:00:00,0.264776389
2023-11-09 06:00:00,0.264722222
2023-11-09 07:00:00,0.264584722
2023-11-09 08:00:00,0.264336111
2023-11-09 09:00:00,0.2640125
2023-11-09 10:00:00,0.263598611
2023-11-09 11:00:00,0.263091667
2023-11-09 12:00:00,0.262544444
2023-11-09 13:00:00,0.261965278
2023-11-09 14:00:00,0.261390278
2023-11-09 15:00:00,0.260840278
2023-11-09 16:00:00,0.260336111
2023-11-09 17:00:00,0.259877778
2023-11-09 18:00:00,0.259501389
2023-11-09 19:00:00,0.259241667
2023-11-09 20:00:00,0.259069444
2023-11-09 21:00:00,0.258984722
2023-11-09 22:00:00,0.258983333
2023-11-09 23:00:00,0.259065278
2023-11-10 00:00:00,0.259225
2023-11-10 01:00:00,0.259411111
2023-11-10 02:00:00,0.259595833
2023-11-10 03:00:00,0.259755556
2023-11-10 04:00:00,0.259876389
2023-11-10 05:00:00,0.259934722
2023-11-10 06:00:00,0.259908333
2023-11-10 07:00:00,0.259819444
2023-11-10 08:00:00,0.259670833
2023-11-10 09:00:00,0.259416667
2023-11-10 10:00:00,0.259101389
2023-11-10 11:00:00,0.258693056
2023-11-10 12:00:00,0.258202778
2023-11-10 13:00:00,0.257658333
2023-11-10 14:00:00,0.257043056
2023-11-10 15:00:00,0.256394444
2023-11-10 16:00:00,0.255744444
2023-11-10 17:00:00,0.255115278
2023-11-10 18:00:00,0.254533333
2023-11-10 19:00:00,0.254022222
2023-11-10 20:00:00,0.253609722
2023-11-10 21:00:00,0.253290278
2023-11-10 22:00:00,0.253068056
2023-11-10 23:00:00,0.25295
2023-11-11 00:00:00,0.252895833
2023-11-11 01:00:00,0.252897222
2023-11-11 02:00:00,0.252920833
2023-11-11 03:00:00,0.252973611
2023-11-11 04:00:00,0.253030556
2023-11-11 05:00:00,0.253073611
2023-11-11 06:00:00,0.2530875
2023-11-11 07:00:00,0.253098611
2023-11-11 08:00:00,0.253075
2023-11-11 09:00:00,0.253030556
2023-11-11 10:00:00,0.252933333
2023-11-11 11:00:00,0.252808333
2023-11-11 12:00:00,0.252627778
2023-11-11 13:00:00,0.2524125
2023-11-11 14:00:00,0.252183333
2023-11-11 15:00:00,0.251894444
2023-11-11 16:00:00,0.251595833
2023-11-11 17:00:00,0.251280556
2023-11-11 18:00:00,0.250998611
2023-11-11 19:00:00,0.250741667
2023-11-11 20:00:00,0.250531944
2023-11-11 21:00:00,0.250375
2023-11-11 22:00:00,0.250280556
2023-11-11 23:00:00,0.250252778
2023-11-12 00:00:00,0.250248611
2023-11-12 01:00:00,0.250261111
2023-11-12 02:00:00,0.250298611
2023-11-12 03:00:00,0.250372222
2023-11-12 04:00:00,0.250454167
2023-11-12 05:00:00,0.250515278
2023-11-12 06:00:00,0.250563889
2023-11-12 07:00:00,0.250580556
2023-11-12 08:00:00,0.250576389
2023-11-12 09:00:00,0.250555556
2023-11-12 10:00:00,0.250506944
2023-11-12 11:00:00,0.250418056
2023-11-12 12:00:00,0.250284722
2023-11-12 13:00:00,0.250109722
2023-11-12 14:00:00,0.249884722
2023-11-12 15:00:00,0.249609722
2023-11-12 16:00:00,0.249269444
2023-11-12 17:00:00,0.248852778
2023-11-12 18:00:00,0.248409722
2023-11-12 19:00:00,0.247975
2023-11-12 20:00:00,0.247529167
2023-11-12 21:00:00,0.247098611
2023-11-12 22:00:00,0.246709722
2023-11-12 23:00:00,0.24635
2023-11-13 00:00:00,0.246029167
2023-11-13 01:00:00,0.245741667
2023-11-13 02:00:00,0.245473611
2023-11-13 03:00:00,0.245230556
2023-11-13 04:00:00,0.245029167
2023-11-13 05:00:00,0.244843056
2023-11-13 06:00:00,0.2446625
2023-11-13 07:00:00,0.244501389
2023-11-13 08:00:00,0.244326389
2023-11-13 09:00:00,0.244152778
2023-11-13 10:00:00,0.243958333
2023-11-13 11:00:00,0.243736111
2023-11-13 12:00:00,0.243476389
2023-11-13 13:00:00,0.243183333
2023-11-13 14:00:00,0.242848611
2023-11-13 15:00:00,0.242473611
2023-11-13 16:00:00,0.242043056
2023-11-13 17:00:00,0.241576389
2023-11-13 18:00:00,0.241018056
2023-11-13 19:00:00,0.240443056
2023-11-13 20:00:00,0.239870833
2023-11-13 21:00:00,0.239265278
2023-11-13 22:00:00,0.238669444
2023-11-13 23:00:00,0.2380875
2023-11-14 00:00:00,0.237525
2023-11-14 01:00:00,0.236977778
2023-11-14 02:00:00,0.236463889
2023-11-14 03:00:00,0.235983333
2023-11-14 04:00:00,0.235518056
2023-11-14 05:00:00,0.2350875
2023-11-14 06:00:00,0.234684722
2023-11-14 07:00:00,0.234302778
2023-11-14 08:00:00,0.233927778
2023-11-14 09:00:00,0.233555556
2023-11-14 10:00:00,0.233181944
2023-11-14 11:00:00,0.232802778
2023-11-14 12:00:00,0.232413889
2023-11-14 13:00:00,0.232008333
2023-11-14 14:00:00,0.231597222
2023-11-14 15:00:00,0.231170833
2023-11-14 16:00:00,0.230720833
2023-11-14 17:00:00,0.230252778
2023-11-14 18:00:00,0.2297625
2023-11-14 19:00:00,0.229265278
2023-11-14 20:00:00,0.228776389
2023-11-14 21:00:00,0.228281944
2023-11-14 22:00:00,0.227777778
2023-11-14 23:00:00,0.227295833
2023-11-15 00:00:00,0.226816667
2023-11-15 01:00:00,0.226336111
2023-11-15 02:00:00,0.225870833
2023-11-15 03:00:00,0.225470833
2023-11-15 04:00:00,0.225077778
2023-11-15 05:00:00,0.224729167
2023-11-15 06:00:00,0.224425
2023-11-15 07:00:00,0.224175
2023-11-15 08:00:00,0.223975
2023-11-15 09:00:00,0.2238125
2023-11-15 10:00:00,0.2236875
2023-11-15 11:00:00,0.223576389
2023-11-15 12:00:00,0.223473611
2023-11-15 13:00:00,0.223395833
2023-11-15 14:00:00,0.2233125
2023-11-15 15:00:00,0.223244444
2023-11-15 16:00:00,0.223166667
2023-11-15 17:00:00,0.223077778
2023-11-15 18:00:00,0.222988889
2023-11-15 19:00:00,0.222888889
2023-11-15 20:00:00,0.222780556
2023-11-15 21:00:00,0.222663889
2023-11-15 22:00:00,0.222575
2023-11-15 23:00:00,0.222475
2023-11-16 00:00:00,0.222376389
2023-11-16 01:00:00,0.222302778
2023-11-16 02:00:00,0.222247222
2023-11-16 03:00:00,0.222193056
2023-11-16 04:00:00,0.222145833
2023-11-16 05:00:00,0.222161111
2023-11-16 06:00:00,0.222188889
2023-11-16 07:00:00,0.222263889
2023-11-16 08:00:00,0.222465278
2023-11-16 09:00:00,0.222726389
2023-11-16 10:00:00,0.223038889
2023-11-16 11:00:00,0.223373611
2023-11-16 12:00:00,0.223736111
2023-11-16 13:00:00,0.224133333
2023-11-16 14:00:00,0.224551389
2023-11-16 15:00:00,0.224972222
2023-11-16 16:00:00,0.225398611
2023-11-16 17:00:00,0.225830556
2023-11-16 18:00:00,0.226277778
2023-11-16 19:00:00,0.226813889
2023-11-16 20:00:00,0.227240278
2023-11-16 21:00:00,0.227627778
2023-11-16 22:00:00,0.228047222
2023-11-16 23:00:00,0.228441667
2023-11-17 00:00:00,0.2288125
2023-11-17 01:00:00,0.229195833
2023-11-17 02:00:00,0.229561111
2023-11-17 03:00:00,0.229908333
2023-11-17 04:00:00,0.230273611
2023-11-17 05:00:00,0.230631944
2023-11-17 06:00:00,0.231008333
2023-11-17 07:00:00,0.231365278
2023-11-17 08:00:00,0.231718056
2023-11-17 09:00:00,0.232080556
2023-11-17 10:00:00,0.232479167
2023-11-17 11:00:00,0.232888889
2023-11-17 12:00:00,0.233326389
2023-11-17 13:00:00,0.233766667
2023-11-17 14:00:00,0.234172222
2023-11-17 15:00:00,0.234630556
2023-11-17 16:00:00,0.235075
2023-11-17 17:00:00,0.235526389
2023-11-17 18:00:00,0.235952778
2023-11-17 19:00:00,0.2364125
2023-11-17 20:00:00,0.236845833
2023-11-17 21:00:00,0.237280556
2023-11-17 22:00:00,0.237684722
2023-11-17 23:00:00,0.238047222
2023-11-18 00:00:00,0.238418056
2023-11-18 01:00:00,0.238761111
2023-11-18 02:00:00,0.239075
2023-11-18 03:00:00,0.239365278
2023-11-18 04:00:00,0.239633333
2023-11-18 05:00:00,0.239886111
2023-11-18 06:00:00,0.240093056
2023-11-18 07:00:00,0.240304167
2023-11-18 08:00:00,0.240516667
2023-11-18 09:00:00,0.240676389
2023-11-18 10:00:00,0.240822222
2023-11-18 11:00:00,0.240943056
2023-11-18 12:00:00,0.241065278
2023-11-18 13:00:00,0.241197222
2023-11-18 14:00:00,0.241334722
2023-11-18 15:00:00,0.241479167
2023-11-18 16:00:00,0.241640278
2023-11-18 17:00:00,0.2418
2023-11-18 18:00:00,0.241941667
2023-11-18 19:00:00,0.242080556
2023-11-18 20:00:00,0.242220833
2023-11-18 21:00:00,0.242351389
2023-11-18 22:00:00,0.242436111
2023-11-18 23:00:00,0.242502778
2023-11-19 00:00:00,0.242548611
2023-11-19 01:00:00,0.242565278
2023-11-19 02:00:00,0.242552778
2023-11-19 03:00:00,0.242530556
2023-11-19 04:00:00,0.242490278
2023-11-19 05:00:00,0.242418056
2023-11-19 06:00:00,0.242306944
2023-11-19 07:00:00,0.242184722
2023-11-19 08:00:00,0.242018056
2023-11-19 09:00:00,0.241830556
2023-11-19 10:00:00,0.2416375
2023-11-19 11:00:00,0.241397222
2023-11-19 12:00:00,0.241151389
2023-11-19 13:00:00,0.240913889
2023-11-19 14:00:00,0.240680556
2023-11-19 15:00:00,0.2404625
2023-11-19 16:00:00,0.240270833
2023-11-19 17:00:00,0.240104167
2023-11-19 18:00:00,0.239986111
2023-11-19 19:00:00,0.239913889
2023-11-19 20:00:00,0.239869444
2023-11-19 21:00:00,0.239875
2023-11-19 22:00:00,0.239926389
2023-11-19 23:00:00,0.239983333
2023-11-20 00:00:00,0.240038889
2023-11-20 01:00:00,0.240075
2023-11-20 02:00:00,0.240070833
2023-11-20 03:00:00,0.240048611
2023-11-20 04:00:00,0.239973611
2023-11-20 05:00:00,0.23985
2023-11-20 06:00:00,0.239658333
2023-11-20 07:00:00,0.239418056
2023-11-20 08:00:00,0.2391375
2023-11-20 09:00:00,0.238802778
2023-11-20 10:00:00,0.238408333
2023-11-20 11:00:00,0.237963889
2023-11-20 12:00:00,0.2375
2023-11-20 13:00:00,0.237031944
2023-11-20 14:00:00,0.236563889
2023-11-20 15:00:00,0.236125
2023-11-20 16:00:00,0.235719444
2023-11-20 17:00:00,0.235340278
2023-11-20 18:00:00,0.235011111
2023-11-20 19:00:00,0.2347375
2023-11-20 20:00:00,0.234504167
2023-11-20 21:00:00,0.234319444
2023-11-20 22:00:00,0.234163889
2023-11-20 23:00:00,0.234018056
2023-11-21 00:00:00,0.233875
2023-11-21 01:00:00,0.233718056
2023-11-21 02:00:00,0.233540278
2023-11-21 03:00:00,0.23335
2023-11-21 04:00:00,0.233116667
2023-11-21 05:00:00,0.232841667
2023-11-21 06:00:00,0.232519444
2023-11-21 07:00:00,0.232130556
2023-11-21 08:00:00,0.2316875
2023-11-21 09:00:00,0.231202778
2023-11-21 10:00:00,0.230686111
2023-11-21 11:00:00,0.230122222
2023-11-21 12:00:00,0.229508333
2023-11-21 13:00:00,0.2288875
2023-11-21 14:00:00,0.228283333
2023-11-21 15:00:00,0.227694444
2023-11-21 16:00:00,0.227170833
2023-11-21 17:00:00,0.226677778
2023-11-21 18:00:00,0.226209722
2023-11-21 19:00:00,0.225808333
2023-11-21 20:00:00,0.225451389
2023-11-21 21:00:00,0.225115278
2023-11-21 22:00:00,0.224813889
2023-11-21 23:00:00,0.224520833
2023-11-22 00:00:00,0.224222222
2023-11-22 01:00:00,0.223915278
2023-11-22 02:00:00,0.223577778
2023-11-22 03:00:00,0.223206944
2023-11-22 04:00:00,0.2228125
2023-11-22 05:00:00,0.222373611
2023-11-22 06:00:00,0.221883333
2023-11-22 07:00:00,0.221338889
2023-11-22 08:00:00,0.220754167
2023-11-22 09:00:00,0.220147222
2023-11-22 10:00:00,0.219509722
2023-11-22 11:00:00,0.218873611
2023-11-22 12:00:00,0.218227778
2023-11-22 13:00:00,0.217605556
2023-11-22 14:00:00,0.217026389
2023-11-22 15:00:00,0.216494444
2023-11-22 16:00:00,0.216015278
2023-11-22 17:00:00,0.215601389
2023-11-22 18:00:00,0.215248611
2023-11-22 19:00:00,0.214952778
2023-11-22 20:00:00,0.214719444
2023-11-22 21:00:00,0.214533333
2023-11-22 22:00:00,0.214361111
2023-11-22 23:00:00,0.214202778
2023-11-23 00:00:00,0.2140625
2023-11-23 01:00:00,0.213909722
2023-11-23 02:00:00,0.213748611
2023-11-23 03:00:00,0.213573611
2023-11-23 04:00:00,0.213376389
2023-11-23 05:00:00,0.213119444
2023-11-23 06:00:00,0.212831944
2023-11-23 07:00:00,0.212509722
2023-11-23 08:00:00,0.212131944
2023-11-23 09:00:00,0.211725
2023-11-23 10:00:00,0.211290278
2023-11-23 11:00:00,0.210826389
2023-11-23 12:00:00,0.210351389
2023-11-23 13:00:00,0.209894444
2023-11-23 14:00:00,0.209455556
2023-11-23 15:00:00,0.209026389
2023-11-23 16:00:00,0.208661111
2023-11-23 17:00:00,0.208351389
2023-11-23 18:00:00,0.208102778
2023-11-23 19:00:00,0.207909722
2023-11-23 20:00:00,0.207794444
2023-11-23 21:00:00,0.207747222
2023-11-23 22:00:00,0.207752778
2023-11-23 23:00:00,0.207794444
2023-11-24 00:00:00,0.207841667
2023-11-24 01:00:00,0.207891667
2023-11-24 02:00:00,0.207956944
2023-11-24 03:00:00,0.207991667
2023-11-24 04:00:00,0.207995833
2023-11-24 05:00:00,0.207984722
2023-11-24 06:00:00,0.207941667
2023-11-24 07:00:00,0.207856944
2023-11-24 08:00:00,0.207741667
2023-11-24 09:00:00,0.207595833
2023-11-24 10:00:00,0.207413889
2023-11-24 11:00:00,0.207194444
2023-11-24 12:00:00,0.20695
2023-11-24 13:00:00,0.206680556
2023-11-24 14:00:00,0.206406944
2023-11-24 15:00:00,0.206144444
2023-11-24 16:00:00,0.205891667
2023-11-24 17:00:00,0.205677778
2023-11-24 18:00:00,0.205493056
2023-11-24 19:00:00,0.205330556
2023-11-24 20:00:00,0.205220833
2023-11-24 21:00:00,0.205180556
2023-11-24 22:00:00,0.205170833
2023-11-24 23:00:00,0.205193056
2023-11-25 00:00:00,0.205218056
2023-11-25 01:00:00,0.205265278
2023-11-25 02:00:00,0.205318056
2023-11-25 03:00:00,0.205366667
2023-11-25 04:00:00,0.205413889
2023-11-25 05:00:00,0.205433333
2023-11-25 06:00:00,0.2054125
2023-11-25 07:00:00,0.205365278
2023-11-25 08:00:00,0.205294444
2023-11-25 09:00:00,0.205190278
2023-11-25 10:00:00,0.205066667
2023-11-25 11:00:00,0.204931944
2023-11-25 12:00:00,0.204761111
2023-11-25 13:00:00,0.204569444
2023-11-25 14:00:00,0.204344444
2023-11-25 15:00:00,0.204061111
2023-11-25 16:00:00,0.203804167
2023-11-25 17:00:00,0.203501389
2023-11-25 18:00:00,0.203233333
2023-11-25 19:00:00,0.203005556
2023-11-25 20:00:00,0.202822222
2023-11-25 21:00:00,0.202638889
2023-11-25 22:00:00,0.202479167
2023-11-25 23:00:00,0.202358333
2023-11-26 00:00:00,0.202261111
2023-11-26 01:00:00,0.202126389
2023-11-26 02:00:00,0.201983333
2023-11-26 03:00:00,0.201861111
2023-11-26 04:00:00,0.201709722
2023-11-26 05:00:00,0.201511111
2023-11-26 06:00:00,0.20125
2023-11-26 07:00:00,0.200963889
2023-11-26 08:00:00,0.200643056
2023-11-26 09:00:00,0.200290278
2023-11-26 10:00:00,0.199909722
2023-11-26 11:00:00,0.199481944
2023-11-26 12:00:00,0.199020833
2023-11-26 13:00:00,0.198518056
2023-11-26 14:00:00,0.197945833
2023-11-26 15:00:00,0.197294444
2023-11-26 16:00:00,0.196634722
2023-11-26 17:00:00,0.195930556
2023-11-26 18:00:00,0.195216667
2023-11-26 19:00:00,0.194543056
2023-11-26 20:00:00,0.193884722
2023-11-26 21:00:00,0.193284722
2023-11-26 22:00:00,0.192761111
2023-11-26 23:00:00,0.192277778
2023-11-27 00:00:00,0.191858333
2023-11-27 01:00:00,0.191472222
2023-11-27 02:00:00,0.191138889
2023-11-27 03:00:00,0.190848611
2023-11-27 04:00:00,0.190605556
2023-11-27 05:00:00,0.190384722
2023-11-27 06:00:00,0.190152778
2023-11-27 07:00:00,0.189883333
2023-11-27 08:00:00,0.189648611
2023-11-27 09:00:00,0.189398611
2023-11-27 10:00:00,0.189127778
2023-11-27 11:00:00,0.188822222
2023-11-27 12:00:00,0.1885125
2023-11-27 13:00:00,0.188134722
2023-11-27 14:00:00,0.187716667
2023-11-27 15:00:00,0.187280556
2023-11-27 16:00:00,0.186795833
2023-11-27 17:00:00,0.186277778
2023-11-27 18:00:00,0.185773611
2023-11-27 19:00:00,0.185286111
2023-11-27 20:00:00,0.184809722
2023-11-27 21:00:00,0.184327778
2023-11-27 22:00:00,0.1839
2023-11-27 23:00:00,0.183484722
2023-11-28 00:00:00,0.183094444
2023-11-28 01:00:00,0.182731944
2023-11-28 02:00:00,0.182433333
2023-11-28 03:00:00,0.182184722
2023-11-28 04:00:00,0.181952778
2023-11-28 05:00:00,0.181744444
2023-11-28 06:00:00,0.181552778
2023-11-28 07:00:00,0.181370833
2023-11-28 08:00:00,0.181191667
2023-11-28 09:00:00,0.181008333
2023-11-28 10:00:00,0.180808333
2023-11-28 11:00:00,0.180591667
2023-11-28 12:00:00,0.180344444
2023-11-28 13:00:00,0.180098611
2023-11-28 14:00:00,0.179830556
2023-11-28 15:00:00,0.179529167
2023-11-28 16:00:00,0.179216667
2023-11-28 17:00:00,0.178861111
2023-11-28 18:00:00,0.178469444
2023-11-28 19:00:00,0.178075
2023-11-28 20:00:00,0.177709722
2023-11-28 21:00:00,0.177355556
2023-11-28 22:00:00,0.177027778
2023-11-28 23:00:00,0.176720833
2023-11-29 00:00:00,0.176438889
2023-11-29 01:00:00,0.176170833
2023-11-29 02:00:00,0.175943056
2023-11-29 03:00:00,0.175734722
2023-11-29 04:00:00,0.175568056
2023-11-29 05:00:00,0.175425
2023-11-29 06:00:00,0.175286111
2023-11-29 07:00:00,0.175186111
2023-11-29 08:00:00,0.175113889
2023-11-29 09:00:00,0.175022222
2023-11-29 10:00:00,0.174933333
2023-11-29 11:00:00,0.174847222
2023-11-29 12:00:00,0.174730556
2023-11-29 13:00:00,0.174584722
2023-11-29 14:00:00,0.174440278
2023-11-29 15:00:00,0.174272222
2023-11-29 16:00:00,0.174040278
2023-11-29 17:00:00,0.173751389
2023-11-29 18:00:00,0.173419444
2023-11-29 19:00:00,0.17305
2023-11-29 20:00:00,0.172683333
2023-11-29 21:00:00,0.172322222
2023-11-29 22:00:00,0.171916667
2023-11-29 23:00:00,0.1715125
2023-11-30 00:00:00,0.171136111
2023-11-30 01:00:00,0.170786111
2023-11-30 02:00:00,0.1704375
2023-11-30 03:00:00,0.170115278
2023-11-30 04:00:00,0.169811111
2023-11-30 05:00:00,0.169544444
2023-11-30 06:00:00,0.169252778
2023-11-30 07:00:00,0.169030556
2023-11-30 08:00:00,0.16885
2023-11-30 09:00:00,0.16865
2023-11-30 10:00:00,0.168445833
2023-11-30 11:00:00,0.168245833
2023-11-30 12:00:00,0.168054167
2023-11-30 13:00:00,0.167858333
2023-11-30 14:00:00,0.167665278
2023-11-30 15:00:00,0.167451389
2023-11-30 16:00:00,0.167193056
2023-11-30 17:00:00,0.166897222
2023-11-30 18:00:00,0.166548611
2023-11-30 19:00:00,0.166172222
2023-11-30 20:00:00,0.165801389
2023-11-30 21:00:00,0.165426389
2023-11-30 22:00:00,0.165040278
2023-11-30 23:00:00,0.164638889
2024-11-01 00:00:00,0.306304167
2024-11-01 01:00:00,0.306626389
2024-11-01 02:00:00,0.307033333
2024-11-01 03:00:00,0.307484722
2024-11-01 04:00:00,0.307965278
2024-11-01 05:00:00,0.308458333
2024-11-01 06:00:00,0.308952778
2024-11-01 07:00:00,0.309448611
2024-11-01 08:00:00,0.309934722
2024-11-01 09:00:00,0.310397222
2024-11-01 10:00:00,0.310833333
2024-11-01 11:00:00,0.3112125
2024-11-01 12:00:00,0.311534722
2024-11-01 13:00:00,0.311809722
2024-11-01 14:00:00,0.312022222
2024-11-01 15:00:00,0.312126389
2024-11-01 16:00:00,0.312170833
2024-11-01 17:00:00,0.312156944
2024-11-01 18:00:00,0.312109722
2024-11-01 19:00:00,0.312052778
2024-11-01 20:00:00,0.312020833
2024-11-01 21:00:00,0.311994444
2024-11-01 22:00:00,0.312004167
2024-11-01 23:00:00,0.312080556
2024-11-02 00:00:00,0.312211111
2024-11-02 01:00:00,0.312390278
2024-11-02 02:00:00,0.312615278
2024-11-02 03:00:00,0.312875
2024-11-02 04:00:00,0.313172222
2024-11-02 05:00:00,0.313501389
2024-11-02 06:00:00,0.313865278
2024-11-02 07:00:00,0.314273611
2024-11-02 08:00:00,0.314666667
2024-11-02 09:00:00,0.315058333
2024-11-02 10:00:00,0.315456944
2024-11-02 11:00:00,0.315827778
2024-11-02 12:00:00,0.316184722
2024-11-02 13:00:00,0.316509722
2024-11-02 14:00:00,0.316801389
2024-11-02 15:00:00,0.317052778
2024-11-02 16:00:00,0.317227778
2024-11-02 17:00:00,0.317308333
2024-11-02 18:00:00,0.317327778
2024-11-02 19:00:00,0.317318056
2024-11-02 20:00:00,0.317327778
2024-11-02 21:00:00,0.317327778
2024-11-02 22:00:00,0.317325
2024-11-02 23:00:00,0.317326389
2024-11-03 00:00:00,0.317345833
2024-11-03 01:00:00,0.317411111
2024-11-03 02:00:00,0.3175125
2024-11-03 03:00:00,0.317630556
2024-11-03 04:00:00,0.317779167
2024-11-03 05:00:00,0.317979167
2024-11-03 06:00:00,0.318243056
2024-11-03 07:00:00,0.318575
2024-11-03 08:00:00,0.3189625
2024-11-03 09:00:00,0.319351389
2024-11-03 10:00:00,0.3197375
2024-11-03 11:00:00,0.320147222
2024-11-03 12:00:00,0.320568056
2024-11-03 13:00:00,0.320976389
2024-11-03 14:00:00,0.321372222
2024-11-03 15:00:00,0.321754167
2024-11-03 16:00:00,0.322104167
2024-11-03 17:00:00,0.322419444
2024-11-03 18:00:00,0.322693056
2024-11-03 19:00:00,0.3229375
2024-11-03 20:00:00,0.323111111
2024-11-03 21:00:00,0.323283333
2024-11-03 22:00:00,0.323459722
2024-11-03 23:00:00,0.323616667
2024-11-04 00:00:00,0.323770833
2024-11-04 01:00:00,0.323919444
2024-11-04 02:00:00,0.324094444
2024-11-04 03:00:00,0.324291667
2024-11-04 04:00:00,0.324511111
2024-11-04 05:00:00,0.324758333
2024-11-04 06:00:00,0.325036111
2024-11-04 07:00:00,0.325359722
2024-11-04 08:00:00,0.325729167
2024-11-04 09:00:00,0.32615
2024-11-04 10:00:00,0.326597222
2024-11-04 11:00:00,0.327044444
2024-11-04 12:00:00,0.327515278
2024-11-04 13:00:00,0.327997222
2024-11-04 14:00:00,0.328505556
2024-11-04 15:00:00,0.329023611
2024-11-04 16:00:00,0.329554167
2024-11-04 17:00:00,0.3301
2024-11-04 18:00:00,0.330676389
2024-11-04 19:00:00,0.331284722
2024-11-04 20:00:00,0.331786111
2024-11-04 21:00:00,0.332291667
2024-11-04 22:00:00,0.332763889
2024-11-04 23:00:00,0.333158333
2024-11-05 00:00:00,0.3336
2024-11-05 01:00:00,0.333993056
2024-11-05 02:00:00,0.334358333
2024-11-05 03:00:00,0.334736111
2024-11-05 04:00:00,0.335109722
2024-11-05 05:00:00,0.335479167
2024-11-05 06:00:00,0.335851389
2024-11-05 07:00:00,0.336256944
2024-11-05 08:00:00,0.336670833
2024-11-05 09:00:00,0.337056944
2024-11-05 10:00:00,0.337469444
2024-11-05 11:00:00,0.337872222
2024-11-05 12:00:00,0.3382875
2024-11-05 13:00:00,0.338705556
2024-11-05 14:00:00,0.339119444
2024-11-05 15:00:00,0.339527778
2024-11-05 16:00:00,0.339943056
2024-11-05 17:00:00,0.340369444
2024-11-05 18:00:00,0.340763889
2024-11-05 19:00:00,0.341138889
2024-11-05 20:00:00,0.341481944
2024-11-05 21:00:00,0.341755556
2024-11-05 22:00:00,0.341947222
2024-11-05 23:00:00,0.342079167
2024-11-06 00:00:00,0.342163889
2024-11-06 01:00:00,0.342193056
2024-11-06 02:00:00,0.342151389
2024-11-06 03:00:00,0.342090278
2024-11-06 04:00:00,0.341998611
2024-11-06 05:00:00,0.341888889
2024-11-06 06:00:00,0.341756944
2024-11-06 07:00:00,0.341601389
2024-11-06 08:00:00,0.341413889
2024-11-06 09:00:00,0.341205556
2024-11-06 10:00:00,0.341001389
2024-11-06 11:00:00,0.340773611
2024-11-06 12:00:00,0.340552778
2024-11-06 13:00:00,0.340334722
2024-11-06 14:00:00,0.340116667
2024-11-06 15:00:00,0.339902778
2024-11-06 16:00:00,0.339705556
2024-11-06 17:00:00,0.339534722
2024-11-06 18:00:00,0.339372222
2024-11-06 19:00:00,0.339219444
2024-11-06 20:00:00,0.339079167
2024-11-06 21:00:00,0.338940278
2024-11-06 22:00:00,0.338781944
2024-11-06 23:00:00,0.338616667
2024-11-07 00:00:00,0.338431944
2024-11-07 01:00:00,0.338229167
2024-11-07 02:00:00,0.338002778
2024-11-07 03:00:00,0.337747222
2024-11-07 04:00:00,0.337468056
2024-11-07 05:00:00,0.33715
2024-11-07 06:00:00,0.336808333
2024-11-07 07:00:00,0.336444444
2024-11-07 08:00:00,0.336034722
2024-11-07 09:00:00,0.335604167
2024-11-07 10:00:00,0.335172222
2024-11-07 11:00:00,0.334741667
2024-11-07 12:00:00,0.334318056
2024-11-07 13:00:00,0.333908333
2024-11-07 14:00:00,0.333505556
2024-11-07 15:00:00,0.333127778
2024-11-07 16:00:00,0.332761111
2024-11-07 17:00:00,0.332426389
2024-11-07 18:00:00,0.332118056
2024-11-07 19:00:00,0.331834722
2024-11-07 20:00:00,0.331583333
2024-11-07 21:00:00,0.331376389
2024-11-07 22:00:00,0.3311875
2024-11-07 23:00:00,0.331011111
2024-11-08 00:00:00,0.330840278
2024-11-08 01:00:00,0.330643056
2024-11-08 02:00:00,0.330426389
2024-11-08 03:00:00,0.3302
2024-11-08 04:00:00,0.329944444
2024-11-08 05:00:00,0.329651389
2024-11-08 06:00:00,0.329340278
2024-11-08 07:00:00,0.328994444
2024-11-08 08:00:00,0.328623611
2024-11-08 09:00:00,0.328240278
2024-11-08 10:00:00,0.327840278
2024-11-08 11:00:00,0.327434722
2024-11-08 12:00:00,0.3270375
2024-11-08 13:00:00,0.326654167
2024-11-08 14:00:00,0.326283333
2024-11-08 15:00:00,0.325941667
2024-11-08 16:00:00,0.325629167
2024-11-08 17:00:00,0.325361111
2024-11-08 18:00:00,0.325151389
2024-11-08 19:00:00,0.324972222
2024-11-08 20:00:00,0.324841667
2024-11-08 21:00:00,0.324748611
2024-11-08 22:00:00,0.324665278
2024-11-08 23:00:00,0.324609722
2024-11-09 00:00:00,0.324538889
2024-11-09 01:00:00,0.324448611
2024-11-09 02:00:00,0.324343056
2024-11-09 03:00:00,0.324195833
2024-11-09 04:00:00,0.323993056
2024-11-09 05:00:00,0.323744444
2024-11-09 06:00:00,0.323431944
2024-11-09 07:00:00,0.323069444
2024-11-09 08:00:00,0.3226625
2024-11-09 09:00:00,0.322205556
2024-11-09 10:00:00,0.321723611
2024-11-09 11:00:00,0.3212125
2024-11-09 12:00:00,0.320680556
2024-11-09 13:00:00,0.320161111
2024-11-09 14:00:00,0.319675
2024-11-09 15:00:00,0.319230556
2024-11-09 16:00:00,0.318834722
2024-11-09 17:00:00,0.318502778
2024-11-09 18:00:00,0.318233333
2024-11-09 19:00:00,0.318023611
2024-11-09 20:00:00,0.317877778
2024-11-09 21:00:00,0.317801389
2024-11-09 22:00:00,0.317794444
2024-11-09 23:00:00,0.317825
2024-11-10 00:00:00,0.317897222
2024-11-10 01:00:00,0.317995833
2024-11-10 02:00:00,0.318091667
2024-11-10 03:00:00,0.318180556
2024-11-10 04:00:00,0.318234722
2024-11-10 05:00:00,0.318231944
2024-11-10 06:00:00,0.318159722
2024-11-10 07:00:00,0.3180375
2024-11-10 08:00:00,0.317841667
2024-11-10 09:00:00,0.3175875
2024-11-10 10:00:00,0.317280556
2024-11-10 11:00:00,0.316938889
2024-11-10 12:00:00,0.316576389
2024-11-10 13:00:00,0.316225
2024-11-10 14:00:00,0.315893056
2024-11-10 15:00:00,0.315602778
2024-11-10 16:00:00,0.315361111
2024-11-10 17:00:00,0.315180556
2024-11-10 18:00:00,0.315066667
2024-11-10 19:00:00,0.315002778
2024-11-10 20:00:00,0.315011111
2024-11-10 21:00:00,0.315081944
2024-11-10 22:00:00,0.3151875
2024-11-10 23:00:00,0.315316667
2024-11-11 00:00:00,0.315461111
2024-11-11 01:00:00,0.3156
2024-11-11 02:00:00,0.315725
2024-11-11 03:00:00,0.315831944
2024-11-11 04:00:00,0.315893056
2024-11-11 05:00:00,0.315897222
2024-11-11 06:00:00,0.315831944
2024-11-11 07:00:00,0.315705556
2024-11-11 08:00:00,0.315523611
2024-11-11 09:00:00,0.315290278
2024-11-11 10:00:00,0.315002778
2024-11-11 11:00:00,0.314675
2024-11-11 12:00:00,0.314326389
2024-11-11 13:00:00,0.313968056
2024-11-11 14:00:00,0.313618056
2024-11-11 15:00:00,0.313293056
2024-11-11 16:00:00,0.312991667
2024-11-11 17:00:00,0.312723611
2024-11-11 18:00:00,0.3125125
2024-11-11 19:00:00,0.312351389
2024-11-11 20:00:00,0.312236111
2024-11-11 21:00:00,0.312179167
2024-11-11 22:00:00,0.312169444
2024-11-11 23:00:00,0.312156944
2024-11-12 00:00:00,0.312165278
2024-11-12 01:00:00,0.3122125
2024-11-12 02:00:00,0.312218056
2024-11-12 03:00:00,0.312194444
2024-11-12 04:00:00,0.312156944
2024-11-12 05:00:00,0.312068056
2024-11-12 06:00:00,0.311922222
2024-11-12 07:00:00,0.311745833
2024-11-12 08:00:00,0.311525
2024-11-12 09:00:00,0.311275
2024-11-12 10:00:00,0.3109875
2024-11-12 11:00:00,0.310673611
2024-11-12 12:00:00,0.310326389
2024-11-12 13:00:00,0.309975
2024-11-12 14:00:00,0.3096125
2024-11-12 15:00:00,0.309255556
2024-11-12 16:00:00,0.308929167
2024-11-12 17:00:00,0.308634722
2024-11-12 18:00:00,0.308413889
2024-11-12 19:00:00,0.308252778
2024-11-12 20:00:00,0.308168056
2024-11-12 21:00:00,0.308126389
2024-11-12 22:00:00,0.308144444
2024-11-12 23:00:00,0.308201389
2024-11-13 00:00:00,0.308263889
2024-11-13 01:00:00,0.308340278
2024-11-13 02:00:00,0.308416667
2024-11-13 03:00:00,0.308479167
2024-11-13 04:00:00,0.308516667
2024-11-13 05:00:00,0.308522222
2024-11-13 06:00:00,0.308493056
2024-11-13 07:00:00,0.308423611
2024-11-13 08:00:00,0.3083375
2024-11-13 09:00:00,0.3082125
2024-11-13 10:00:00,0.308059722
2024-11-13 11:00:00,0.307873611
2024-11-13 12:00:00,0.307645833
2024-11-13 13:00:00,0.307377778
2024-11-13 14:00:00,0.307073611
2024-11-13 15:00:00,0.306759722
2024-11-13 16:00:00,0.306461111
2024-11-13 17:00:00,0.306165278
2024-11-13 18:00:00,0.305926389
2024-11-13 19:00:00,0.305751389
2024-11-13 20:00:00,0.305636111
2024-11-13 21:00:00,0.305552778
2024-11-13 22:00:00,0.305497222
2024-11-13 23:00:00,0.305473611
2024-11-14 00:00:00,0.305433333
2024-11-14 01:00:00,0.305391667
2024-11-14 02:00:00,0.305348611
2024-11-14 03:00:00,0.305297222
2024-11-14 04:00:00,0.305186111
2024-11-14 05:00:00,0.305030556
2024-11-14 06:00:00,0.304848611
2024-11-14 07:00:00,0.304626389
2024-11-14 08:00:00,0.304386111
2024-11-14 09:00:00,0.304122222
2024-11-14 10:00:00,0.303786111
2024-11-14 11:00:00,0.303416667
2024-11-14 12:00:00,0.303034722
2024-11-14 13:00:00,0.302625
2024-11-14 14:00:00,0.302120833
2024-11-14 15:00:00,0.301594444
2024-11-14 16:00:00,0.300991667
2024-11-14 17:00:00,0.300445833
2024-11-14 18:00:00,0.299858333
2024-11-14 19:00:00,0.299336111
2024-11-14 20:00:00,0.298884722
2024-11-14 21:00:00,0.298420833
2024-11-14 22:00:00,0.298041667
2024-11-14 23:00:00,0.2977
2024-11-15 00:00:00,0.297345833
2024-11-15 01:00:00,0.297008333
2024-11-15 02:00:00,0.296722222
2024-11-15 03:00:00,0.296409722
2024-11-15 04:00:00,0.296104167
2024-11-15 05:00:00,0.295793056
2024-11-15 06:00:00,0.295418056
2024-11-15 07:00:00,0.295020833
2024-11-15 08:00:00,0.294595833
2024-11-15 09:00:00,0.294145833
2024-11-15 10:00:00,0.293676389
2024-11-15 11:00:00,0.293156944
2024-11-15 12:00:00,0.292609722
2024-11-15 13:00:00,0.292018056
2024-11-15 14:00:00,0.291369444
2024-11-15 15:00:00,0.290715278
2024-11-15 16:00:00,0.290036111
2024-11-15 17:00:00,0.289320833
2024-11-15 18:00:00,0.288597222
2024-11-15 19:00:00,0.287901389
2024-11-15 20:00:00,0.287223611
2024-11-15 21:00:00,0.286572222
2024-11-15 22:00:00,0.2859875
2024-11-15 23:00:00,0.285415278
2024-11-16 00:00:00,0.284890278
2024-11-16 01:00:00,0.284384722
2024-11-16 02:00:00,0.283908333
2024-11-16 03:00:00,0.283459722
2024-11-16 04:00:00,0.283027778
2024-11-16 05:00:00,0.282606944
2024-11-16 06:00:00,0.282202778
2024-11-16 07:00:00,0.281776389
2024-11-16 08:00:00,0.281336111
2024-11-16 09:00:00,0.280894444
2024-11-16 10:00:00,0.280430556
2024-11-16 11:00:00,0.279959722
2024-11-16 12:00:00,0.279456944
2024-11-16 13:00:00,0.278943056
2024-11-16 14:00:00,0.278418056
2024-11-16 15:00:00,0.277876389
2024-11-16 16:00:00,0.277313889
2024-11-16 17:00:00,0.276748611
2024-11-16 18:00:00,0.276186111
2024-11-16 19:00:00,0.275626389
2024-11-16 20:00:00,0.275070833
2024-11-16 21:00:00,0.274533333
2024-11-16 22:00:00,0.274009722
2024-11-16 23:00:00,0.273523611
2024-11-17 00:00:00,0.273072222
2024-11-17 01:00:00,0.272654167
2024-11-17 02:00:00,0.272254167
2024-11-17 03:00:00,0.271873611
2024-11-17 04:00:00,0.271508333
2024-11-17 05:00:00,0.271155556
2024-11-17 06:00:00,0.270816667
2024-11-17 07:00:00,0.270465278
2024-11-17 08:00:00,0.270106944
2024-11-17 09:00:00,0.269736111
2024-11-17 10:00:00,0.269361111
2024-11-17 11:00:00,0.268972222
2024-11-17 12:00:00,0.268558333
2024-11-17 13:00:00,0.268120833
2024-11-17 14:00:00,0.267675
2024-11-17 15:00:00,0.267216667
2024-11-17 16:00:00,0.266723611
2024-11-17 17:00:00,0.266197222
2024-11-17 18:00:00,0.265633333
2024-11-17 19:00:00,0.265052778
2024-11-17 20:00:00,0.264468056
2024-11-17 21:00:00,0.263884722
2024-11-17 22:00:00,0.263304167
2024-11-17 23:00:00,0.262729167
2024-11-18 00:00:00,0.262158333
2024-11-18 01:00:00,0.261608333
2024-11-18 02:00:00,0.261084722
2024-11-18 03:00:00,0.260575
2024-11-18 04:00:00,0.2600875
2024-11-18 05:00:00,0.259619444
2024-11-18 06:00:00,0.259172222
2024-11-18 07:00:00,0.25875
2024-11-18 08:00:00,0.258341667
2024-11-18 09:00:00,0.257922222
2024-11-18 10:00:00,0.257493056
2024-11-18 11:00:00,0.257043056
2024-11-18 12:00:00,0.256588889
2024-11-18 13:00:00,0.256104167
2024-11-18 14:00:00,0.255591667
2024-11-18 15:00:00,0.255047222
2024-11-18 16:00:00,0.254473611
2024-11-18 17:00:00,0.25385
2024-11-18 18:00:00,0.253165278
2024-11-18 19:00:00,0.252419444
2024-11-18 20:00:00,0.251656944
2024-11-18 21:00:00,0.250886111
2024-11-18 22:00:00,0.250104167
2024-11-18 23:00:00,0.249329167
2024-11-19 00:00:00,0.248544444
2024-11-19 01:00:00,0.247770833
2024-11-19 02:00:00,0.247013889
2024-11-19 03:00:00,0.246275
2024-11-19 04:00:00,0.245555556
2024-11-19 05:00:00,0.244866667
2024-11-19 06:00:00,0.244188889
2024-11-19 07:00:00,0.243519444
2024-11-19 08:00:00,0.242881944
2024-11-19 09:00:00,0.242269444
2024-11-19 10:00:00,0.241656944
2024-11-19 11:00:00,0.241040278
2024-11-19 12:00:00,0.240422222
2024-11-19 13:00:00,0.239805556
2024-11-19 14:00:00,0.239179167
2024-11-19 15:00:00,0.2385375
2024-11-19 16:00:00,0.237890278
2024-11-19 17:00:00,0.237216667
2024-11-19 18:00:00,0.236545833
2024-11-19 19:00:00,0.235870833
2024-11-19 20:00:00,0.235195833
2024-11-19 21:00:00,0.234534722
2024-11-19 22:00:00,0.233879167
2024-11-19 23:00:00,0.233215278
2024-11-20 00:00:00,0.232554167
2024-11-20 01:00:00,0.2319125
2024-11-20 02:00:00,0.231273611
2024-11-20 03:00:00,0.230631944
2024-11-20 04:00:00,0.230033333
2024-11-20 05:00:00,0.229433333
2024-11-20 06:00:00,0.2288375
2024-11-20 07:00:00,0.22825
2024-11-20 08:00:00,0.227736111
2024-11-20 09:00:00,0.227272222
2024-11-20 10:00:00,0.226818056
2024-11-20 11:00:00,0.226348611
2024-11-20 12:00:00,0.225905556
2024-11-20 13:00:00,0.225444444
2024-11-20 14:00:00,0.224981944
2024-11-20 15:00:00,0.224502778
2024-11-20 16:00:00,0.224
2024-11-20 17:00:00,0.2234875
2024-11-20 18:00:00,0.222973611
2024-11-20 19:00:00,0.222390278
2024-11-20 20:00:00,0.221820833
2024-11-20 21:00:00,0.221245833
2024-11-20 22:00:00,0.220625
2024-11-20 23:00:00,0.220019444
2024-11-21 00:00:00,0.219422222
2024-11-21 01:00:00,0.218816667
2024-11-21 02:00:00,0.218202778
2024-11-21 03:00:00,0.217619444
2024-11-21 04:00:00,0.217047222
2024-11-21 05:00:00,0.2164875
2024-11-21 06:00:00,0.215948611
2024-11-21 07:00:00,0.215408333
2024-11-21 08:00:00,0.214872222
2024-11-21 09:00:00,0.21435
2024-11-21 10:00:00,0.213836111
2024-11-21 11:00:00,0.213319444
2024-11-21 12:00:00,0.212791667
2024-11-21 13:00:00,0.212273611
2024-11-21 14:00:00,0.211761111
2024-11-21 15:00:00,0.211233333
2024-11-21 16:00:00,0.210701389
2024-11-21 17:00:00,0.210152778
2024-11-21 18:00:00,0.209611111
2024-11-21 19:00:00,0.209093056
2024-11-21 20:00:00,0.208575
2024-11-21 21:00:00,0.208044444
2024-11-21 22:00:00,0.207530556
2024-11-21 23:00:00,0.207027778
2024-11-22 00:00:00,0.206505556
2024-11-22 01:00:00,0.205955556
2024-11-22 02:00:00,0.205409722
2024-11-22 03:00:00,0.204841667
2024-11-22 04:00:00,0.204266667
2024-11-22 05:00:00,0.203680556
2024-11-22 06:00:00,0.203097222
2024-11-22 07:00:00,0.202484722
2024-11-22 08:00:00,0.201894444
2024-11-22 09:00:00,0.201283333
2024-11-22 10:00:00,0.200684722
2024-11-22 11:00:00,0.2001125
2024-11-22 12:00:00,0.199559722
2024-11-22 13:00:00,0.199008333
2024-11-22 14:00:00,0.198425
2024-11-22 15:00:00,0.197888889
2024-11-22 16:00:00,0.197359722
2024-11-22 17:00:00,0.196845833
2024-11-22 18:00:00,0.196366667
2024-11-22 19:00:00,0.195870833
2024-11-22 20:00:00,0.195409722
2024-11-22 21:00:00,0.194977778
2024-11-22 22:00:00,0.194566667
2024-11-22 23:00:00,0.194193056
2024-11-23 00:00:00,0.1938
2024-11-23 01:00:00,0.193418056
2024-11-23 02:00:00,0.193061111
2024-11-23 03:00:00,0.192690278
2024-11-23 04:00:00,0.192290278
2024-11-23 05:00:00,0.191881944
2024-11-23 06:00:00,0.191461111
2024-11-23 07:00:00,0.191009722
2024-11-23 08:00:00,0.190540278
2024-11-23 09:00:00,0.190091667
2024-11-23 10:00:00,0.189626389
2024-11-23 11:00:00,0.189145833
2024-11-23 12:00:00,0.188648611
2024-11-23 13:00:00,0.188155556
2024-11-23 14:00:00,0.187658333
2024-11-23 15:00:00,0.187136111
2024-11-23 16:00:00,0.186625
2024-11-23 17:00:00,0.186120833
2024-11-23 18:00:00,0.185601389
2024-11-23 19:00:00,0.185098611
2024-11-23 20:00:00,0.184598611
2024-11-23 21:00:00,0.184126389
2024-11-23 22:00:00,0.183638889
2024-11-23 23:00:00,0.183154167
2024-11-24 00:00:00,0.182668056
2024-11-24 01:00:00,0.182152778
2024-11-24 02:00:00,0.1816375
2024-11-24 03:00:00,0.181093056
2024-11-24 04:00:00,0.180530556
2024-11-24 05:00:00,0.179926389
2024-11-24 06:00:00,0.179305556
2024-11-24 07:00:00,0.178680556
2024-11-24 08:00:00,0.1780375
2024-11-24 09:00:00,0.177390278
2024-11-24 10:00:00,0.1767625
2024-11-24 11:00:00,0.176169444
2024-11-24 12:00:00,0.175604167
2024-11-24 13:00:00,0.175069444
2024-11-24 14:00:00,0.174583333
2024-11-24 15:00:00,0.174148611
2024-11-24 16:00:00,0.173747222
2024-11-24 17:00:00,0.173402778
2024-11-24 18:00:00,0.173125
2024-11-24 19:00:00,0.172901389
2024-11-24 20:00:00,0.172738889
2024-11-24 21:00:00,0.1726375
2024-11-24 22:00:00,0.172595833
2024-11-24 23:00:00,0.172586111
2024-11-25 00:00:00,0.172583333
2024-11-25 01:00:00,0.172583333
2024-11-25 02:00:00,0.17255
2024-11-25 03:00:00,0.172479167
2024-11-25 04:00:00,0.172345833
2024-11-25 05:00:00,0.172113889
2024-11-25 06:00:00,0.171811111
2024-11-25 07:00:00,0.171425
2024-11-25 08:00:00,0.17095
2024-11-25 09:00:00,0.170401389
2024-11-25 10:00:00,0.169797222
2024-11-25 11:00:00,0.169156944
2024-11-25 12:00:00,0.168518056
2024-11-25 13:00:00,0.167895833
2024-11-25 14:00:00,0.167326389
2024-11-25 15:00:00,0.166783333
2024-11-25 16:00:00,0.166340278
2024-11-25 17:00:00,0.165988889
2024-11-25 18:00:00,0.165715278
2024-11-25 19:00:00,0.165529167
2024-11-25 20:00:00,0.165415278
2024-11-25 21:00:00,0.165380556
2024-11-25 22:00:00,0.1654
2024-11-25 23:00:00,0.16545
2024-11-26 00:00:00,0.165523611
2024-11-26 01:00:00,0.165570833
2024-11-26 02:00:00,0.165611111
2024-11-26 03:00:00,0.165648611
2024-11-26 04:00:00,0.165613889
2024-11-26 05:00:00,0.165469444
2024-11-26 06:00:00,0.165294444
2024-11-26 07:00:00,0.165045833
2024-11-26 08:00:00,0.164698611
2024-11-26 09:00:00,0.164229167
2024-11-26 10:00:00,0.163691667
2024-11-26 11:00:00,0.163066667
2024-11-26 12:00:00,0.162366667
2024-11-26 13:00:00,0.161616667
2024-11-26 14:00:00,0.160854167
2024-11-26 15:00:00,0.160118056
2024-11-26 16:00:00,0.159356944
2024-11-26 17:00:00,0.158669444
2024-11-26 18:00:00,0.158036111
2024-11-26 19:00:00,0.157425
2024-11-26 20:00:00,0.156936111
2024-11-26 21:00:00,0.156501389
2024-11-26 22:00:00,0.156113889
2024-11-26 23:00:00,0.155768056
2024-11-27 00:00:00,0.155423611
2024-11-27 01:00:00,0.155073611
2024-11-27 02:00:00,0.154706944
2024-11-27 03:00:00,0.154280556
2024-11-27 04:00:00,0.153784722
2024-11-27 05:00:00,0.153216667
2024-11-27 06:00:00,0.152572222
2024-11-27 07:00:00,0.151863889
2024-11-27 08:00:00,0.151108333
2024-11-27 09:00:00,0.150298611
2024-11-27 10:00:00,0.149423611
2024-11-27 11:00:00,0.148494444
2024-11-27 12:00:00,0.1475125
2024-11-27 13:00:00,0.146486111
2024-11-27 14:00:00,0.145443056
2024-11-27 15:00:00,0.144422222
2024-11-27 16:00:00,0.143441667
2024-11-27 17:00:00,0.142506944
2024-11-27 18:00:00,0.141676389
2024-11-27 19:00:00,0.140923611
2024-11-27 20:00:00,0.140245833
2024-11-27 21:00:00,0.1396625
2024-11-27 22:00:00,0.139161111
2024-11-27 23:00:00,0.138715278
2024-11-28 00:00:00,0.138331944
2024-11-28 01:00:00,0.138001389
2024-11-28 02:00:00,0.137694444
2024-11-28 03:00:00,0.137409722
2024-11-28 04:00:00,0.137115278
2024-11-28 05:00:00,0.136772222
2024-11-28 06:00:00,0.136393056
2024-11-28 07:00:00,0.1359625
2024-11-28 08:00:00,0.135483333
2024-11-28 09:00:00,0.134954167
2024-11-28 10:00:00,0.134359722
2024-11-28 11:00:00,0.133698611
2024-11-28 12:00:00,0.132958333
2024-11-28 13:00:00,0.132147222
2024-11-28 14:00:00,0.131227778
2024-11-28 15:00:00,0.130241667
2024-11-28 16:00:00,0.129229167
2024-11-28 17:00:00,0.128215278
2024-11-28 18:00:00,0.127230556
2024-11-28 19:00:00,0.126256944
2024-11-28 20:00:00,0.125347222
2024-11-28 21:00:00,0.124486111
2024-11-28 22:00:00,0.123676389
2024-11-28 23:00:00,0.122888889
2024-11-29 00:00:00,0.122169444
2024-11-29 01:00:00,0.121511111
2024-11-29 02:00:00,0.120920833
2024-11-29 03:00:00,0.120327778
2024-11-29 04:00:00,0.119766667
2024-11-29 05:00:00,0.119205556
2024-11-29 06:00:00,0.118643056
2024-11-29 07:00:00,0.118111111
2024-11-29 08:00:00,0.1175375
2024-11-29 09:00:00,0.1169625
2024-11-29 10:00:00,0.116325
2024-11-29 11:00:00,0.115688889
2024-11-29 12:00:00,0.114981944
2024-11-29 13:00:00,0.114240278
2024-11-29 14:00:00,0.113486111
2024-11-29 15:00:00,0.112725
2024-11-29 16:00:00,0.111958333
2024-11-29 17:00:00,0.111215278
2024-11-29 18:00:00,0.110495833
2024-11-29 19:00:00,0.109795833
2024-11-29 20:00:00,0.1091
2024-11-29 21:00:00,0.108447222
2024-11-29 22:00:00,0.107815278
2024-11-29 23:00:00,0.107234722
2024-11-30 00:00:00,0.106701389
2024-11-30 01:00:00,0.106229167
2024-11-30 02:00:00,0.1057875
2024-11-30 03:00:00,0.105397222
2024-11-30 04:00:00,0.105065278
2024-11-30 05:00:00,0.104780556
2024-11-30 06:00:00,0.1045375
2024-11-30 07:00:00,0.104323611
2024-11-30 08:00:00,0.104118056
2024-11-30 09:00:00,0.103908333
2024-11-30 10:00:00,0.103694444
2024-11-30 11:00:00,0.103480556
2024-11-30 12:00:00,0.103245833
2024-11-30 13:00:00,0.103
2024-11-30 14:00:00,0.102733333
2024-11-30 15:00:00,0.102454167
2024-11-30 16:00:00,0.102127778
2024-11-30 17:00:00,0.101773611
2024-11-30 18:00:00,0.101375
2024-11-30 19:00:00,0.100951389
2024-11-30 20:00:00,0.100541667
2024-11-30 21:00:00,0.100098611
2024-11-30 22:00:00,0.099643056
2024-11-30 23:00:00,0.099193056
