time,WL_trend_30d_filled
2020-01-01 00:00:00,0.091980556
2020-01-01 01:00:00,0.092019444
2020-01-01 02:00:00,0.092001389
2020-01-01 03:00:00,0.091927778
2020-01-01 04:00:00,0.091798611
2020-01-01 05:00:00,0.0916125
2020-01-01 06:00:00,0.091380556
2020-01-01 07:00:00,0.091125
2020-01-01 08:00:00,0.0908125
2020-01-01 09:00:00,0.090491667
2020-01-01 10:00:00,0.090129167
2020-01-01 11:00:00,0.0897875
2020-01-01 12:00:00,0.089475
2020-01-01 13:00:00,0.089179167
2020-01-01 14:00:00,0.088926389
2020-01-01 15:00:00,0.088716667
2020-01-01 16:00:00,0.08855
2020-01-01 17:00:00,0.088438889
2020-01-01 18:00:00,0.088393056
2020-01-01 19:00:00,0.0884625
2020-01-01 20:00:00,0.088616667
2020-01-01 21:00:00,0.088820833
2020-01-01 22:00:00,0.089069444
2020-01-01 23:00:00,0.089343056
2020-01-02 00:00:00,0.089631944
2020-01-02 01:00:00,0.089933333
2020-01-02 02:00:00,0.090198611
2020-01-02 03:00:00,0.090411111
2020-01-02 04:00:00,0.090573611
2020-01-02 05:00:00,0.090641667
2020-01-02 06:00:00,0.090669444
2020-01-02 07:00:00,0.090670833
2020-01-02 08:00:00,0.090651389
2020-01-02 09:00:00,0.090630556
2020-01-02 10:00:00,0.090616667
2020-01-02 11:00:00,0.090658333
2020-01-02 12:00:00,0.090744444
2020-01-02 13:00:00,0.090901389
2020-01-02 14:00:00,0.091113889
2020-01-02 15:00:00,0.091381944
2020-01-02 16:00:00,0.091716667
2020-01-02 17:00:00,0.092131944
2020-01-02 18:00:00,0.092625
2020-01-02 19:00:00,0.093154167
2020-01-02 20:00:00,0.093729167
2020-01-02 21:00:00,0.094330556
2020-01-02 22:00:00,0.094944444
2020-01-02 23:00:00,0.095547222
2020-01-03 00:00:00,0.096133333
2020-01-03 01:00:00,0.096708333
2020-01-03 02:00:00,0.097247222
2020-01-03 03:00:00,0.097740278
2020-01-03 04:00:00,0.098205556
2020-01-03 05:00:00,0.098656944
2020-01-03 06:00:00,0.099072222
2020-01-03 07:00:00,0.099430556
2020-01-03 08:00:00,0.099772222
2020-01-03 09:00:00,0.100125
2020-01-03 10:00:00,0.100501389
2020-01-03 11:00:00,0.100890278
2020-01-03 12:00:00,0.1013125
2020-01-03 13:00:00,0.101763889
2020-01-03 14:00:00,0.102268056
2020-01-03 15:00:00,0.102847222
2020-01-03 16:00:00,0.103520833
2020-01-03 17:00:00,0.1042625
2020-01-03 18:00:00,0.105052778
2020-01-03 19:00:00,0.1059
2020-01-03 20:00:00,0.106745833
2020-01-03 21:00:00,0.107615278
2020-01-03 22:00:00,0.108509722
2020-01-03 23:00:00,0.109356944
2020-01-04 00:00:00,0.110193056
2020-01-04 01:00:00,0.111027778
2020-01-04 02:00:00,0.111808333
2020-01-04 03:00:00,0.112520833
2020-01-04 04:00:00,0.113166667
2020-01-04 05:00:00,0.113755556
2020-01-04 06:00:00,0.114309722
2020-01-04 07:00:00,0.114816667
2020-01-04 08:00:00,0.115258333
2020-01-04 09:00:00,0.115645833
2020-01-04 10:00:00,0.116009722
2020-01-04 11:00:00,0.116334722
2020-01-04 12:00:00,0.116627778
2020-01-04 13:00:00,0.116877778
2020-01-04 14:00:00,0.117144444
2020-01-04 15:00:00,0.117398611
2020-01-04 16:00:00,0.117654167
2020-01-04 17:00:00,0.117941667
2020-01-04 18:00:00,0.1182875
2020-01-04 19:00:00,0.118668056
2020-01-04 20:00:00,0.119090278
2020-01-04 21:00:00,0.119536111
2020-01-04 22:00:00,0.120008333
2020-01-04 23:00:00,0.120488889
2020-01-05 00:00:00,0.120927778
2020-01-05 01:00:00,0.121330556
2020-01-05 02:00:00,0.121684722
2020-01-05 03:00:00,0.121966667
2020-01-05 04:00:00,0.122186111
2020-01-05 05:00:00,0.122340278
2020-01-05 06:00:00,0.122455556
2020-01-05 07:00:00,0.122519444
2020-01-05 08:00:00,0.122508333
2020-01-05 09:00:00,0.1224
2020-01-05 10:00:00,0.122248611
2020-01-05 11:00:00,0.122025
2020-01-05 12:00:00,0.121740278
2020-01-05 13:00:00,0.121398611
2020-01-05 14:00:00,0.121052778
2020-01-05 15:00:00,0.120693056
2020-01-05 16:00:00,0.120351389
2020-01-05 17:00:00,0.120027778
2020-01-05 18:00:00,0.119727778
2020-01-05 19:00:00,0.119469444
2020-01-05 20:00:00,0.119283333
2020-01-05 21:00:00,0.119113889
2020-01-05 22:00:00,0.118995833
2020-01-05 23:00:00,0.118875
2020-01-06 00:00:00,0.118752778
2020-01-06 01:00:00,0.118638889
2020-01-06 02:00:00,0.118511111
2020-01-06 03:00:00,0.1183875
2020-01-06 04:00:00,0.118175
2020-01-06 05:00:00,0.117970833
2020-01-06 06:00:00,0.117733333
2020-01-06 07:00:00,0.117476389
2020-01-06 08:00:00,0.117165278
2020-01-06 09:00:00,0.116818056
2020-01-06 10:00:00,0.116386111
2020-01-06 11:00:00,0.115877778
2020-01-06 12:00:00,0.115309722
2020-01-06 13:00:00,0.114697222
2020-01-06 14:00:00,0.114004167
2020-01-06 15:00:00,0.113202778
2020-01-06 16:00:00,0.112430556
2020-01-06 17:00:00,0.111572222
2020-01-06 18:00:00,0.110697222
2020-01-06 19:00:00,0.109898611
2020-01-06 20:00:00,0.109118056
2020-01-06 21:00:00,0.108381944
2020-01-06 22:00:00,0.107681944
2020-01-06 23:00:00,0.107015278
2020-01-07 00:00:00,0.106406944
2020-01-07 01:00:00,0.105818056
2020-01-07 02:00:00,0.105258333
2020-01-07 03:00:00,0.104744444
2020-01-07 04:00:00,0.104247222
2020-01-07 05:00:00,0.103797222
2020-01-07 06:00:00,0.103344444
2020-01-07 07:00:00,0.102872222
2020-01-07 08:00:00,0.102411111
2020-01-07 09:00:00,0.101955556
2020-01-07 10:00:00,0.101481944
2020-01-07 11:00:00,0.101006944
2020-01-07 12:00:00,0.100538889
2020-01-07 13:00:00,0.100070833
2020-01-07 14:00:00,0.0996125
2020-01-07 15:00:00,0.099172222
2020-01-07 16:00:00,0.098727778
2020-01-07 17:00:00,0.098268056
2020-01-07 18:00:00,0.097818056
2020-01-07 19:00:00,0.0974125
2020-01-07 20:00:00,0.096993056
2020-01-07 21:00:00,0.096563889
2020-01-07 22:00:00,0.096177778
2020-01-07 23:00:00,0.095836111
2020-01-08 00:00:00,0.095490278
2020-01-08 01:00:00,0.095201389
2020-01-08 02:00:00,0.094940278
2020-01-08 03:00:00,0.094723611
2020-01-08 04:00:00,0.094568056
2020-01-08 05:00:00,0.094431944
2020-01-08 06:00:00,0.094369444
2020-01-08 07:00:00,0.094341667
2020-01-08 08:00:00,0.094330556
2020-01-08 09:00:00,0.094322222
2020-01-08 10:00:00,0.094333333
2020-01-08 11:00:00,0.0943625
2020-01-08 12:00:00,0.094401389
2020-01-08 13:00:00,0.094458333
2020-01-08 14:00:00,0.094504167
2020-01-08 15:00:00,0.094543056
2020-01-08 16:00:00,0.094568056
2020-01-08 17:00:00,0.094615278
2020-01-08 18:00:00,0.094677778
2020-01-08 19:00:00,0.094747222
2020-01-08 20:00:00,0.094805556
2020-01-08 21:00:00,0.094881944
2020-01-08 22:00:00,0.094991667
2020-01-08 23:00:00,0.095086111
2020-01-09 00:00:00,0.095191667
2020-01-09 01:00:00,0.095306944
2020-01-09 02:00:00,0.0954125
2020-01-09 03:00:00,0.095533333
2020-01-09 04:00:00,0.095683333
2020-01-09 05:00:00,0.095858333
2020-01-09 06:00:00,0.096061111
2020-01-09 07:00:00,0.096319444
2020-01-09 08:00:00,0.096591667
2020-01-09 09:00:00,0.096866667
2020-01-09 10:00:00,0.097151389
2020-01-09 11:00:00,0.09745
2020-01-09 12:00:00,0.097743056
2020-01-09 13:00:00,0.098030556
2020-01-09 14:00:00,0.098306944
2020-01-09 15:00:00,0.098569444
2020-01-09 16:00:00,0.098826389
2020-01-09 17:00:00,0.09905
2020-01-09 18:00:00,0.099293056
2020-01-09 19:00:00,0.099515278
2020-01-09 20:00:00,0.099713889
2020-01-09 21:00:00,0.0999125
2020-01-09 22:00:00,0.100098611
2020-01-09 23:00:00,0.100277778
2020-01-10 00:00:00,0.100436111
2020-01-10 01:00:00,0.100568056
2020-01-10 02:00:00,0.1007
2020-01-10 03:00:00,0.100838889
2020-01-10 04:00:00,0.100955556
2020-01-10 05:00:00,0.101073611
2020-01-10 06:00:00,0.101202778
2020-01-10 07:00:00,0.101325
2020-01-10 08:00:00,0.101466667
2020-01-10 09:00:00,0.101604167
2020-01-10 10:00:00,0.101736111
2020-01-10 11:00:00,0.101852778
2020-01-10 12:00:00,0.101955556
2020-01-10 13:00:00,0.102055556
2020-01-10 14:00:00,0.102138889
2020-01-10 15:00:00,0.102193056
2020-01-10 16:00:00,0.102236111
2020-01-10 17:00:00,0.102259722
2020-01-10 18:00:00,0.102225
2020-01-10 19:00:00,0.102159722
2020-01-10 20:00:00,0.102059722
2020-01-10 21:00:00,0.101952778
2020-01-10 22:00:00,0.101813889
2020-01-10 23:00:00,0.101655556
2020-01-11 00:00:00,0.101488889
2020-01-11 01:00:00,0.101316667
2020-01-11 02:00:00,0.101141667
2020-01-11 03:00:00,0.1009625
2020-01-11 04:00:00,0.100791667
2020-01-11 05:00:00,0.100620833
2020-01-11 06:00:00,0.1004625
2020-01-11 07:00:00,0.100323611
2020-01-11 08:00:00,0.100233333
2020-01-11 09:00:00,0.100163889
2020-01-11 10:00:00,0.100101389
2020-01-11 11:00:00,0.100070833
2020-01-11 12:00:00,0.100036111
2020-01-11 13:00:00,0.100008333
2020-01-11 14:00:00,0.099981944
2020-01-11 15:00:00,0.099970833
2020-01-11 16:00:00,0.0999625
2020-01-11 17:00:00,0.099968056
2020-01-11 18:00:00,0.099983333
2020-01-11 19:00:00,0.0999875
2020-01-11 20:00:00,0.100002778
2020-01-11 21:00:00,0.099997222
2020-01-11 22:00:00,0.099954167
2020-01-11 23:00:00,0.099913889
2020-01-12 00:00:00,0.099866667
2020-01-12 01:00:00,0.099801389
2020-01-12 02:00:00,0.099754167
2020-01-12 03:00:00,0.099672222
2020-01-12 04:00:00,0.099594444
2020-01-12 05:00:00,0.099493056
2020-01-12 06:00:00,0.099415278
2020-01-12 07:00:00,0.099325
2020-01-12 08:00:00,0.099211111
2020-01-12 09:00:00,0.099125
2020-01-12 10:00:00,0.099038889
2020-01-12 11:00:00,0.098958333
2020-01-12 12:00:00,0.098880556
2020-01-12 13:00:00,0.098805556
2020-01-12 14:00:00,0.098743056
2020-01-12 15:00:00,0.098698611
2020-01-12 16:00:00,0.09865
2020-01-12 17:00:00,0.098627778
2020-01-12 18:00:00,0.098606944
2020-01-12 19:00:00,0.098580556
2020-01-12 20:00:00,0.098568056
2020-01-12 21:00:00,0.098554167
2020-01-12 22:00:00,0.098509722
2020-01-12 23:00:00,0.098440278
2020-01-13 00:00:00,0.098338889
2020-01-13 01:00:00,0.098176389
2020-01-13 02:00:00,0.097988889
2020-01-13 03:00:00,0.097775
2020-01-13 04:00:00,0.097563889
2020-01-13 05:00:00,0.097344444
2020-01-13 06:00:00,0.097097222
2020-01-13 07:00:00,0.09685
2020-01-13 08:00:00,0.096606944
2020-01-13 09:00:00,0.096390278
2020-01-13 10:00:00,0.096190278
2020-01-13 11:00:00,0.095998611
2020-01-13 12:00:00,0.095820833
2020-01-13 13:00:00,0.0956625
2020-01-13 14:00:00,0.095520833
2020-01-13 15:00:00,0.095390278
2020-01-13 16:00:00,0.0952875
2020-01-13 17:00:00,0.095231944
2020-01-13 18:00:00,0.0952
2020-01-13 19:00:00,0.095206944
2020-01-13 20:00:00,0.095193056
2020-01-13 21:00:00,0.095158333
2020-01-13 22:00:00,0.095120833
2020-01-13 23:00:00,0.095033333
2020-01-14 00:00:00,0.094915278
2020-01-14 01:00:00,0.094755556
2020-01-14 02:00:00,0.094547222
2020-01-14 03:00:00,0.094308333
2020-01-14 04:00:00,0.094045833
2020-01-14 05:00:00,0.093752778
2020-01-14 06:00:00,0.093420833
2020-01-14 07:00:00,0.093111111
2020-01-14 08:00:00,0.092793056
2020-01-14 09:00:00,0.092502778
2020-01-14 10:00:00,0.0922625
2020-01-14 11:00:00,0.092029167
2020-01-14 12:00:00,0.091819444
2020-01-14 13:00:00,0.091655556
2020-01-14 14:00:00,0.091544444
2020-01-14 15:00:00,0.091477778
2020-01-14 16:00:00,0.091519444
2020-01-14 17:00:00,0.091634722
2020-01-14 18:00:00,0.091845833
2020-01-14 19:00:00,0.092083333
2020-01-14 20:00:00,0.092294444
2020-01-14 21:00:00,0.092456944
2020-01-14 22:00:00,0.092655556
2020-01-14 23:00:00,0.092865278
2020-01-15 00:00:00,0.093025
2020-01-15 01:00:00,0.093097222
2020-01-15 02:00:00,0.0931125
2020-01-15 03:00:00,0.0930875
2020-01-15 04:00:00,0.093059722
2020-01-15 05:00:00,0.093023611
2020-01-15 06:00:00,0.092972222
2020-01-15 07:00:00,0.092920833
2020-01-15 08:00:00,0.092881944
2020-01-15 09:00:00,0.092875
2020-01-15 10:00:00,0.092890278
2020-01-15 11:00:00,0.092926389
2020-01-15 12:00:00,0.0930125
2020-01-15 13:00:00,0.093148611
2020-01-15 14:00:00,0.093297222
2020-01-15 15:00:00,0.093472222
2020-01-15 16:00:00,0.093676389
2020-01-15 17:00:00,0.093925
2020-01-15 18:00:00,0.094219444
2020-01-15 19:00:00,0.0945
2020-01-15 20:00:00,0.094795833
2020-01-15 21:00:00,0.095116667
2020-01-15 22:00:00,0.095429167
2020-01-15 23:00:00,0.095730556
2020-01-16 00:00:00,0.095997222
2020-01-16 01:00:00,0.096219444
2020-01-16 02:00:00,0.096395833
2020-01-16 03:00:00,0.096529167
2020-01-16 04:00:00,0.096618056
2020-01-16 05:00:00,0.096663889
2020-01-16 06:00:00,0.096695833
2020-01-16 07:00:00,0.096731944
2020-01-16 08:00:00,0.096758333
2020-01-16 09:00:00,0.096790278
2020-01-16 10:00:00,0.096843056
2020-01-16 11:00:00,0.096931944
2020-01-16 12:00:00,0.097031944
2020-01-16 13:00:00,0.097166667
2020-01-16 14:00:00,0.097345833
2020-01-16 15:00:00,0.097577778
2020-01-16 16:00:00,0.097848611
2020-01-16 17:00:00,0.098179167
2020-01-16 18:00:00,0.098545833
2020-01-16 19:00:00,0.098954167
2020-01-16 20:00:00,0.099372222
2020-01-16 21:00:00,0.099741667
2020-01-16 22:00:00,0.100113889
2020-01-16 23:00:00,0.100443056
2020-01-17 00:00:00,0.100720833
2020-01-17 01:00:00,0.100930556
2020-01-17 02:00:00,0.101095833
2020-01-17 03:00:00,0.101198611
2020-01-17 04:00:00,0.101206944
2020-01-17 05:00:00,0.101169444
2020-01-17 06:00:00,0.101073611
2020-01-17 07:00:00,0.100920833
2020-01-17 08:00:00,0.100718056
2020-01-17 09:00:00,0.100506944
2020-01-17 10:00:00,0.100263889
2020-01-17 11:00:00,0.1000125
2020-01-17 12:00:00,0.099773611
2020-01-17 13:00:00,0.099548611
2020-01-17 14:00:00,0.099365278
2020-01-17 15:00:00,0.099204167
2020-01-17 16:00:00,0.099086111
2020-01-17 17:00:00,0.098990278
2020-01-17 18:00:00,0.098879167
2020-01-17 19:00:00,0.098806944
2020-01-17 20:00:00,0.098733333
2020-01-17 21:00:00,0.098676389
2020-01-17 22:00:00,0.098584722
2020-01-17 23:00:00,0.098426389
2020-01-18 00:00:00,0.098248611
2020-01-18 01:00:00,0.098022222
2020-01-18 02:00:00,0.097695833
2020-01-18 03:00:00,0.097333333
2020-01-18 04:00:00,0.096908333
2020-01-18 05:00:00,0.096433333
2020-01-18 06:00:00,0.095916667
2020-01-18 07:00:00,0.095363889
2020-01-18 08:00:00,0.094783333
2020-01-18 09:00:00,0.094161111
2020-01-18 10:00:00,0.093506944
2020-01-18 11:00:00,0.092826389
2020-01-18 12:00:00,0.092145833
2020-01-18 13:00:00,0.091469444
2020-01-18 14:00:00,0.090793056
2020-01-18 15:00:00,0.090134722
2020-01-18 16:00:00,0.0895
2020-01-18 17:00:00,0.088919444
2020-01-18 18:00:00,0.088375
2020-01-18 19:00:00,0.087855556
2020-01-18 20:00:00,0.087331944
2020-01-18 21:00:00,0.0868375
2020-01-18 22:00:00,0.086343056
2020-01-18 23:00:00,0.085868056
2020-01-19 00:00:00,0.085430556
2020-01-19 01:00:00,0.084997222
2020-01-19 02:00:00,0.084572222
2020-01-19 03:00:00,0.084134722
2020-01-19 04:00:00,0.083672222
2020-01-19 05:00:00,0.083141667
2020-01-19 06:00:00,0.082569444
2020-01-19 07:00:00,0.081969444
2020-01-19 08:00:00,0.081377778
2020-01-19 09:00:00,0.080773611
2020-01-19 10:00:00,0.080177778
2020-01-19 11:00:00,0.079569444
2020-01-19 12:00:00,0.078976389
2020-01-19 13:00:00,0.078443056
2020-01-19 14:00:00,0.077956944
2020-01-19 15:00:00,0.077531944
2020-01-19 16:00:00,0.077176389
2020-01-19 17:00:00,0.0768875
2020-01-19 18:00:00,0.076647222
2020-01-19 19:00:00,0.076491667
2020-01-19 20:00:00,0.076434722
2020-01-19 21:00:00,0.076431944
2020-01-19 22:00:00,0.076479167
2020-01-19 23:00:00,0.076594444
2020-01-20 00:00:00,0.076781944
2020-01-20 01:00:00,0.076988889
2020-01-20 02:00:00,0.077195833
2020-01-20 03:00:00,0.077384722
2020-01-20 04:00:00,0.077558333
2020-01-20 05:00:00,0.077744444
2020-01-20 06:00:00,0.077901389
2020-01-20 07:00:00,0.078054167
2020-01-20 08:00:00,0.0781875
2020-01-20 09:00:00,0.078308333
2020-01-20 10:00:00,0.078436111
2020-01-20 11:00:00,0.078565278
2020-01-20 12:00:00,0.0787125
2020-01-20 13:00:00,0.078904167
2020-01-20 14:00:00,0.079109722
2020-01-20 15:00:00,0.079368056
2020-01-20 16:00:00,0.079638889
2020-01-20 17:00:00,0.079951389
2020-01-20 18:00:00,0.080330556
2020-01-20 19:00:00,0.080755556
2020-01-20 20:00:00,0.081198611
2020-01-20 21:00:00,0.0816625
2020-01-20 22:00:00,0.082156944
2020-01-20 23:00:00,0.082643056
2020-01-21 00:00:00,0.083131944
2020-01-21 01:00:00,0.083604167
2020-01-21 02:00:00,0.084061111
2020-01-21 03:00:00,0.084483333
2020-01-21 04:00:00,0.084875
2020-01-21 05:00:00,0.085243056
2020-01-21 06:00:00,0.085594444
2020-01-21 07:00:00,0.085926389
2020-01-21 08:00:00,0.086231944
2020-01-21 09:00:00,0.086504167
2020-01-21 10:00:00,0.086756944
2020-01-21 11:00:00,0.086993056
2020-01-21 12:00:00,0.087195833
2020-01-21 13:00:00,0.0873875
2020-01-21 14:00:00,0.087558333
2020-01-21 15:00:00,0.087715278
2020-01-21 16:00:00,0.087895833
2020-01-21 17:00:00,0.088108333
2020-01-21 18:00:00,0.088319444
2020-01-21 19:00:00,0.088590278
2020-01-21 20:00:00,0.088888889
2020-01-21 21:00:00,0.089218056
2020-01-21 22:00:00,0.089556944
2020-01-21 23:00:00,0.089929167
2020-01-22 00:00:00,0.090283333
2020-01-22 01:00:00,0.090641667
2020-01-22 02:00:00,0.091045833
2020-01-22 03:00:00,0.091444444
2020-01-22 04:00:00,0.091868056
2020-01-22 05:00:00,0.092284722
2020-01-22 06:00:00,0.092706944
2020-01-22 07:00:00,0.093122222
2020-01-22 08:00:00,0.093527778
2020-01-22 09:00:00,0.093951389
2020-01-22 10:00:00,0.094377778
2020-01-22 11:00:00,0.094808333
2020-01-22 12:00:00,0.095255556
2020-01-22 13:00:00,0.095727778
2020-01-22 14:00:00,0.096194444
2020-01-22 15:00:00,0.096644444
2020-01-22 16:00:00,0.097129167
2020-01-22 17:00:00,0.097658333
2020-01-22 18:00:00,0.098138889
2020-01-22 19:00:00,0.098669444
2020-01-22 20:00:00,0.099222222
2020-01-22 21:00:00,0.09975
2020-01-22 22:00:00,0.100226389
2020-01-22 23:00:00,0.100726389
2020-01-23 00:00:00,0.101168056
2020-01-23 01:00:00,0.101594444
2020-01-23 02:00:00,0.101998611
2020-01-23 03:00:00,0.102423611
2020-01-23 04:00:00,0.102845833
2020-01-23 05:00:00,0.1032375
2020-01-23 06:00:00,0.103631944
2020-01-23 07:00:00,0.103965278
2020-01-23 08:00:00,0.104244444
2020-01-23 09:00:00,0.104566667
2020-01-23 10:00:00,0.104859722
2020-01-23 11:00:00,0.105169444
2020-01-23 12:00:00,0.105476389
2020-01-23 13:00:00,0.105763889
2020-01-23 14:00:00,0.106041667
2020-01-23 15:00:00,0.106268056
2020-01-23 16:00:00,0.106451389
2020-01-23 17:00:00,0.106634722
2020-01-23 18:00:00,0.106772222
2020-01-23 19:00:00,0.106884722
2020-01-23 20:00:00,0.106981944
2020-01-23 21:00:00,0.107072222
2020-01-23 22:00:00,0.107120833
2020-01-23 23:00:00,0.107119444
2020-01-24 00:00:00,0.107119444
2020-01-24 01:00:00,0.107075
2020-01-24 02:00:00,0.107023611
2020-01-24 03:00:00,0.106958333
2020-01-24 04:00:00,0.106869444
2020-01-24 05:00:00,0.106755556
2020-01-24 06:00:00,0.106622222
2020-01-24 07:00:00,0.106483333
2020-01-24 08:00:00,0.106327778
2020-01-24 09:00:00,0.106151389
2020-01-24 10:00:00,0.105956944
2020-01-24 11:00:00,0.105741667
2020-01-24 12:00:00,0.105502778
2020-01-24 13:00:00,0.105261111
2020-01-24 14:00:00,0.104993056
2020-01-24 15:00:00,0.104684722
2020-01-24 16:00:00,0.104365278
2020-01-24 17:00:00,0.104055556
2020-01-24 18:00:00,0.103758333
2020-01-24 19:00:00,0.103472222
2020-01-24 20:00:00,0.103197222
2020-01-24 21:00:00,0.102943056
2020-01-24 22:00:00,0.102684722
2020-01-24 23:00:00,0.102430556
2020-01-25 00:00:00,0.102179167
2020-01-25 01:00:00,0.101919444
2020-01-25 02:00:00,0.101668056
2020-01-25 03:00:00,0.101398611
2020-01-25 04:00:00,0.101152778
2020-01-25 05:00:00,0.100915278
2020-01-25 06:00:00,0.100686111
2020-01-25 07:00:00,0.10045
2020-01-25 08:00:00,0.100195833
2020-01-25 09:00:00,0.099972222
2020-01-25 10:00:00,0.099740278
2020-01-25 11:00:00,0.099511111
2020-01-25 12:00:00,0.099290278
2020-01-25 13:00:00,0.0990625
2020-01-25 14:00:00,0.098830556
2020-01-25 15:00:00,0.098584722
2020-01-25 16:00:00,0.098311111
2020-01-25 17:00:00,0.098002778
2020-01-25 18:00:00,0.097684722
2020-01-25 19:00:00,0.097365278
2020-01-25 20:00:00,0.097
2020-01-25 21:00:00,0.096618056
2020-01-25 22:00:00,0.096204167
2020-01-25 23:00:00,0.095770833
2020-01-26 00:00:00,0.095323611
2020-01-26 01:00:00,0.094866667
2020-01-26 02:00:00,0.094384722
2020-01-26 03:00:00,0.093922222
2020-01-26 04:00:00,0.093469444
2020-01-26 05:00:00,0.093027778
2020-01-26 06:00:00,0.092597222
2020-01-26 07:00:00,0.092209722
2020-01-26 08:00:00,0.091856944
2020-01-26 09:00:00,0.091525
2020-01-26 10:00:00,0.091216667
2020-01-26 11:00:00,0.090883333
2020-01-26 12:00:00,0.090531944
2020-01-26 13:00:00,0.090201389
2020-01-26 14:00:00,0.089877778
2020-01-26 15:00:00,0.089540278
2020-01-26 16:00:00,0.089216667
2020-01-26 17:00:00,0.088933333
2020-01-26 18:00:00,0.088641667
2020-01-26 19:00:00,0.088401389
2020-01-26 20:00:00,0.088180556
2020-01-26 21:00:00,0.087911111
2020-01-26 22:00:00,0.087651389
2020-01-26 23:00:00,0.087404167
2020-01-27 00:00:00,0.087043056
2020-01-27 01:00:00,0.086627778
2020-01-27 02:00:00,0.086263889
2020-01-27 03:00:00,0.085913889
2020-01-27 04:00:00,0.085543056
2020-01-27 05:00:00,0.085180556
2020-01-27 06:00:00,0.08485
2020-01-27 07:00:00,0.084575
2020-01-27 08:00:00,0.084351389
2020-01-27 09:00:00,0.0841875
2020-01-27 10:00:00,0.084055556
2020-01-27 11:00:00,0.083958333
2020-01-27 12:00:00,0.083908333
2020-01-27 13:00:00,0.083869444
2020-01-27 14:00:00,0.083858333
2020-01-27 15:00:00,0.083869444
2020-01-27 16:00:00,0.083904167
2020-01-27 17:00:00,0.083966667
2020-01-27 18:00:00,0.084056944
2020-01-27 19:00:00,0.084166667
2020-01-27 20:00:00,0.084272222
2020-01-27 21:00:00,0.084377778
2020-01-27 22:00:00,0.084444444
2020-01-27 23:00:00,0.084465278
2020-01-28 00:00:00,0.084434722
2020-01-28 01:00:00,0.084338889
2020-01-28 02:00:00,0.084172222
2020-01-28 03:00:00,0.083966667
2020-01-28 04:00:00,0.083722222
2020-01-28 05:00:00,0.083451389
2020-01-28 06:00:00,0.083173611
2020-01-28 07:00:00,0.082898611
2020-01-28 08:00:00,0.082656944
2020-01-28 09:00:00,0.082466667
2020-01-28 10:00:00,0.082306944
2020-01-28 11:00:00,0.082170833
2020-01-28 12:00:00,0.082066667
2020-01-28 13:00:00,0.082005556
2020-01-28 14:00:00,0.081983333
2020-01-28 15:00:00,0.082006944
2020-01-28 16:00:00,0.082072222
2020-01-28 17:00:00,0.082183333
2020-01-28 18:00:00,0.082334722
2020-01-28 19:00:00,0.082486111
2020-01-28 20:00:00,0.082663889
2020-01-28 21:00:00,0.082840278
2020-01-28 22:00:00,0.082988889
2020-01-28 23:00:00,0.083105556
2020-01-29 00:00:00,0.083169444
2020-01-29 01:00:00,0.083198611
2020-01-29 02:00:00,0.083183333
2020-01-29 03:00:00,0.083115278
2020-01-29 04:00:00,0.083011111
2020-01-29 05:00:00,0.082898611
2020-01-29 06:00:00,0.082794444
2020-01-29 07:00:00,0.082708333
2020-01-29 08:00:00,0.082622222
2020-01-29 09:00:00,0.082576389
2020-01-29 10:00:00,0.082602778
2020-01-29 11:00:00,0.082680556
2020-01-29 12:00:00,0.082813889
2020-01-29 13:00:00,0.082970833
2020-01-29 14:00:00,0.083213889
2020-01-29 15:00:00,0.083447222
2020-01-29 16:00:00,0.083723611
2020-01-29 17:00:00,0.084072222
2020-01-29 18:00:00,0.0844125
2020-01-29 19:00:00,0.084718056
2020-01-29 20:00:00,0.085048611
2020-01-29 21:00:00,0.085343056
2020-01-29 22:00:00,0.085580556
2020-01-29 23:00:00,0.085734722
2020-01-30 00:00:00,0.085802778
2020-01-30 01:00:00,0.085722222
2020-01-30 02:00:00,0.085534722
2020-01-30 03:00:00,0.085248611
2020-01-30 04:00:00,0.084911111
2020-01-30 05:00:00,0.084543056
2020-01-30 06:00:00,0.084151389
2020-01-30 07:00:00,0.083722222
2020-01-30 08:00:00,0.083269444
2020-01-30 09:00:00,0.082780556
2020-01-30 10:00:00,0.082361111
2020-01-30 11:00:00,0.081983333
2020-01-30 12:00:00,0.081615278
2020-01-30 13:00:00,0.081313889
2020-01-30 14:00:00,0.081101389
2020-01-30 15:00:00,0.080970833
2020-01-30 16:00:00,0.080918056
2020-01-30 17:00:00,0.080930556
2020-01-30 18:00:00,0.080995833
2020-01-30 19:00:00,0.081080556
2020-01-30 20:00:00,0.081169444
2020-01-30 21:00:00,0.081255556
2020-01-30 22:00:00,0.081295833
2020-01-30 23:00:00,0.081290278
2020-01-31 00:00:00,0.081219444
2020-01-31 01:00:00,0.081051389
2020-01-31 02:00:00,0.080795833
2020-01-31 03:00:00,0.080469444
2020-01-31 04:00:00,0.080063889
2020-01-31 05:00:00,0.079597222
2020-01-31 06:00:00,0.079079167
2020-01-31 07:00:00,0.0785125
2020-01-31 08:00:00,0.077923611
2020-01-31 09:00:00,0.077347222
2020-01-31 10:00:00,0.076772222
2020-01-31 11:00:00,0.076219444
2020-01-31 12:00:00,0.075731944
2020-01-31 13:00:00,0.075316667
2020-01-31 14:00:00,0.074993056
2020-01-31 15:00:00,0.074772222
2020-01-31 16:00:00,0.0746375
2020-01-31 17:00:00,0.074541667
2020-01-31 18:00:00,0.074505556
2020-01-31 19:00:00,0.074509722
2020-01-31 20:00:00,0.074563889
2020-01-31 21:00:00,0.074634722
2020-01-31 22:00:00,0.074695833
2020-01-31 23:00:00,0.074779167
2021-01-01 00:00:00,0.019801389
2021-01-01 01:00:00,0.019713889
2021-01-01 02:00:00,0.019623611
2021-01-01 03:00:00,0.019491667
2021-01-01 04:00:00,0.019329167
2021-01-01 05:00:00,0.019156944
2021-01-01 06:00:00,0.018923611
2021-01-01 07:00:00,0.018684722
2021-01-01 08:00:00,0.018438889
2021-01-01 09:00:00,0.018198611
2021-01-01 10:00:00,0.017944444
2021-01-01 11:00:00,0.017701389
2021-01-01 12:00:00,0.017473611
2021-01-01 13:00:00,0.017269444
2021-01-01 14:00:00,0.017102778
2021-01-01 15:00:00,0.016961111
2021-01-01 16:00:00,0.016815278
2021-01-01 17:00:00,0.016727778
2021-01-01 18:00:00,0.016644444
2021-01-01 19:00:00,0.016572222
2021-01-01 20:00:00,0.016509722
2021-01-01 21:00:00,0.016426389
2021-01-01 22:00:00,0.016330556
2021-01-01 23:00:00,0.016234722
2021-01-02 00:00:00,0.016111111
2021-01-02 01:00:00,0.015955556
2021-01-02 02:00:00,0.015786111
2021-01-02 03:00:00,0.015586111
2021-01-02 04:00:00,0.015368056
2021-01-02 05:00:00,0.015161111
2021-01-02 06:00:00,0.014959722
2021-01-02 07:00:00,0.014748611
2021-01-02 08:00:00,0.014566667
2021-01-02 09:00:00,0.014427778
2021-01-02 10:00:00,0.014315278
2021-01-02 11:00:00,0.014236111
2021-01-02 12:00:00,0.014191667
2021-01-02 13:00:00,0.014170833
2021-01-02 14:00:00,0.014176389
2021-01-02 15:00:00,0.014244444
2021-01-02 16:00:00,0.014345833
2021-01-02 17:00:00,0.014498611
2021-01-02 18:00:00,0.0147125
2021-01-02 19:00:00,0.014988889
2021-01-02 20:00:00,0.015283333
2021-01-02 21:00:00,0.015573611
2021-01-02 22:00:00,0.015861111
2021-01-02 23:00:00,0.016120833
2021-01-03 00:00:00,0.016355556
2021-01-03 01:00:00,0.016555556
2021-01-03 02:00:00,0.016708333
2021-01-03 03:00:00,0.016809722
2021-01-03 04:00:00,0.016865278
2021-01-03 05:00:00,0.016866667
2021-01-03 06:00:00,0.016829167
2021-01-03 07:00:00,0.016745833
2021-01-03 08:00:00,0.016623611
2021-01-03 09:00:00,0.016454167
2021-01-03 10:00:00,0.016263889
2021-01-03 11:00:00,0.016066667
2021-01-03 12:00:00,0.015895833
2021-01-03 13:00:00,0.015752778
2021-01-03 14:00:00,0.015629167
2021-01-03 15:00:00,0.015527778
2021-01-03 16:00:00,0.015481944
2021-01-03 17:00:00,0.015454167
2021-01-03 18:00:00,0.015468056
2021-01-03 19:00:00,0.015519444
2021-01-03 20:00:00,0.015536111
2021-01-03 21:00:00,0.015575
2021-01-03 22:00:00,0.015605556
2021-01-03 23:00:00,0.015583333
2021-01-04 00:00:00,0.015538889
2021-01-04 01:00:00,0.015461111
2021-01-04 02:00:00,0.015330556
2021-01-04 03:00:00,0.015080556
2021-01-04 04:00:00,0.0148
2021-01-04 05:00:00,0.014472222
2021-01-04 06:00:00,0.014098611
2021-01-04 07:00:00,0.013695833
2021-01-04 08:00:00,0.013297222
2021-01-04 09:00:00,0.012901389
2021-01-04 10:00:00,0.01245
2021-01-04 11:00:00,0.012020833
2021-01-04 12:00:00,0.011686111
2021-01-04 13:00:00,0.0113
2021-01-04 14:00:00,0.010951389
2021-01-04 15:00:00,0.010668056
2021-01-04 16:00:00,0.010395833
2021-01-04 17:00:00,0.010170833
2021-01-04 18:00:00,0.010001389
2021-01-04 19:00:00,0.009879167
2021-01-04 20:00:00,0.009766667
2021-01-04 21:00:00,0.009672222
2021-01-04 22:00:00,0.009605556
2021-01-04 23:00:00,0.009504167
2021-01-05 00:00:00,0.009333333
2021-01-05 01:00:00,0.009152778
2021-01-05 02:00:00,0.008933333
2021-01-05 03:00:00,0.008625
2021-01-05 04:00:00,0.0082625
2021-01-05 05:00:00,0.007870833
2021-01-05 06:00:00,0.007426389
2021-01-05 07:00:00,0.006934722
2021-01-05 08:00:00,0.006458333
2021-01-05 09:00:00,0.006013889
2021-01-05 10:00:00,0.005541667
2021-01-05 11:00:00,0.005111111
2021-01-05 12:00:00,0.004713889
2021-01-05 13:00:00,0.004330556
2021-01-05 14:00:00,0.004009722
2021-01-05 15:00:00,0.003733333
2021-01-05 16:00:00,0.003506944
2021-01-05 17:00:00,0.003333333
2021-01-05 18:00:00,0.003204167
2021-01-05 19:00:00,0.003105556
2021-01-05 20:00:00,0.003048611
2021-01-05 21:00:00,0.003023611
2021-01-05 22:00:00,0.003022222
2021-01-05 23:00:00,0.003029167
2021-01-06 00:00:00,0.003040278
2021-01-06 01:00:00,0.003040278
2021-01-06 02:00:00,0.0030125
2021-01-06 03:00:00,0.002975
2021-01-06 04:00:00,0.002898611
2021-01-06 05:00:00,0.002811111
2021-01-06 06:00:00,0.0027125
2021-01-06 07:00:00,0.002580556
2021-01-06 08:00:00,0.002422222
2021-01-06 09:00:00,0.0022875
2021-01-06 10:00:00,0.002151389
2021-01-06 11:00:00,0.002011111
2021-01-06 12:00:00,0.001908333
2021-01-06 13:00:00,0.00185
2021-01-06 14:00:00,0.001827778
2021-01-06 15:00:00,0.001880556
2021-01-06 16:00:00,0.001998611
2021-01-06 17:00:00,0.00215
2021-01-06 18:00:00,0.0023625
2021-01-06 19:00:00,0.002613889
2021-01-06 20:00:00,0.002876389
2021-01-06 21:00:00,0.003138889
2021-01-06 22:00:00,0.003409722
2021-01-06 23:00:00,0.003656944
2021-01-07 00:00:00,0.003861111
2021-01-07 01:00:00,0.004034722
2021-01-07 02:00:00,0.004159722
2021-01-07 03:00:00,0.0042375
2021-01-07 04:00:00,0.004277778
2021-01-07 05:00:00,0.004275
2021-01-07 06:00:00,0.004238889
2021-01-07 07:00:00,0.004177778
2021-01-07 08:00:00,0.004083333
2021-01-07 09:00:00,0.003976389
2021-01-07 10:00:00,0.003866667
2021-01-07 11:00:00,0.003740278
2021-01-07 12:00:00,0.003616667
2021-01-07 13:00:00,0.003494444
2021-01-07 14:00:00,0.003375
2021-01-07 15:00:00,0.0032875
2021-01-07 16:00:00,0.003238889
2021-01-07 17:00:00,0.003238889
2021-01-07 18:00:00,0.003286111
2021-01-07 19:00:00,0.0033625
2021-01-07 20:00:00,0.003475
2021-01-07 21:00:00,0.003602778
2021-01-07 22:00:00,0.003745833
2021-01-07 23:00:00,0.003873611
2021-01-08 00:00:00,0.003995833
2021-01-08 01:00:00,0.004097222
2021-01-08 02:00:00,0.004140278
2021-01-08 03:00:00,0.004115278
2021-01-08 04:00:00,0.00405
2021-01-08 05:00:00,0.003879167
2021-01-08 06:00:00,0.0036375
2021-01-08 07:00:00,0.003334722
2021-01-08 08:00:00,0.00295
2021-01-08 09:00:00,0.002491667
2021-01-08 10:00:00,0.002
2021-01-08 11:00:00,0.001468056
2021-01-08 12:00:00,0.000873611
2021-01-08 13:00:00,0.000233333
2021-01-08 14:00:00,-0.000472222
2021-01-08 15:00:00,-0.001148611
2021-01-08 16:00:00,-0.001775
2021-01-08 17:00:00,-0.002429167
2021-01-08 18:00:00,-0.002943056
2021-01-08 19:00:00,-0.003375
2021-01-08 20:00:00,-0.003693056
2021-01-08 21:00:00,-0.003854167
2021-01-08 22:00:00,-0.003959722
2021-01-08 23:00:00,-0.0039375
2021-01-09 00:00:00,-0.003908333
2021-01-09 01:00:00,-0.003884722
2021-01-09 02:00:00,-0.003770833
2021-01-09 03:00:00,-0.003645833
2021-01-09 04:00:00,-0.0034875
2021-01-09 05:00:00,-0.003333333
2021-01-09 06:00:00,-0.003161111
2021-01-09 07:00:00,-0.002994444
2021-01-09 08:00:00,-0.002838889
2021-01-09 09:00:00,-0.002672222
2021-01-09 10:00:00,-0.0025125
2021-01-09 11:00:00,-0.002361111
2021-01-09 12:00:00,-0.0022
2021-01-09 13:00:00,-0.002040278
2021-01-09 14:00:00,-0.001927778
2021-01-09 15:00:00,-0.001808333
2021-01-09 16:00:00,-0.001641667
2021-01-09 17:00:00,-0.001418056
2021-01-09 18:00:00,-0.001193056
2021-01-09 19:00:00,-0.000936111
2021-01-09 20:00:00,-0.000668056
2021-01-09 21:00:00,-0.000395833
2021-01-09 22:00:00,-0.000120833
2021-01-09 23:00:00,0.000180556
2021-01-10 00:00:00,0.000491667
2021-01-10 01:00:00,0.000820833
2021-01-10 02:00:00,0.001155556
2021-01-10 03:00:00,0.001511111
2021-01-10 04:00:00,0.001880556
2021-01-10 05:00:00,0.002236111
2021-01-10 06:00:00,0.002598611
2021-01-10 07:00:00,0.002954167
2021-01-10 08:00:00,0.003311111
2021-01-10 09:00:00,0.003647222
2021-01-10 10:00:00,0.003970833
2021-01-10 11:00:00,0.004281944
2021-01-10 12:00:00,0.004586111
2021-01-10 13:00:00,0.004876389
2021-01-10 14:00:00,0.005154167
2021-01-10 15:00:00,0.005438889
2021-01-10 16:00:00,0.005752778
2021-01-10 17:00:00,0.006059722
2021-01-10 18:00:00,0.0063875
2021-01-10 19:00:00,0.006752778
2021-01-10 20:00:00,0.007130556
2021-01-10 21:00:00,0.007501389
2021-01-10 22:00:00,0.007881944
2021-01-10 23:00:00,0.008276389
2021-01-11 00:00:00,0.008661111
2021-01-11 01:00:00,0.00905
2021-01-11 02:00:00,0.009430556
2021-01-11 03:00:00,0.009808333
2021-01-11 04:00:00,0.010188889
2021-01-11 05:00:00,0.010573611
2021-01-11 06:00:00,0.010952778
2021-01-11 07:00:00,0.011327778
2021-01-11 08:00:00,0.011702778
2021-01-11 09:00:00,0.012075
2021-01-11 10:00:00,0.012418056
2021-01-11 11:00:00,0.012758333
2021-01-11 12:00:00,0.013072222
2021-01-11 13:00:00,0.013363889
2021-01-11 14:00:00,0.013627778
2021-01-11 15:00:00,0.013855556
2021-01-11 16:00:00,0.014034722
2021-01-11 17:00:00,0.014209722
2021-01-11 18:00:00,0.014355556
2021-01-11 19:00:00,0.014522222
2021-01-11 20:00:00,0.014679167
2021-01-11 21:00:00,0.014795833
2021-01-11 22:00:00,0.014934722
2021-01-11 23:00:00,0.015058333
2021-01-12 00:00:00,0.015172222
2021-01-12 01:00:00,0.0153
2021-01-12 02:00:00,0.015441667
2021-01-12 03:00:00,0.015569444
2021-01-12 04:00:00,0.015691667
2021-01-12 05:00:00,0.015838889
2021-01-12 06:00:00,0.016001389
2021-01-12 07:00:00,0.016163889
2021-01-12 08:00:00,0.016344444
2021-01-12 09:00:00,0.016525
2021-01-12 10:00:00,0.016701389
2021-01-12 11:00:00,0.016875
2021-01-12 12:00:00,0.017055556
2021-01-12 13:00:00,0.017233333
2021-01-12 14:00:00,0.017423611
2021-01-12 15:00:00,0.017604167
2021-01-12 16:00:00,0.017770833
2021-01-12 17:00:00,0.017941667
2021-01-12 18:00:00,0.018111111
2021-01-12 19:00:00,0.018279167
2021-01-12 20:00:00,0.018459722
2021-01-12 21:00:00,0.018618056
2021-01-12 22:00:00,0.018769444
2021-01-12 23:00:00,0.018911111
2021-01-13 00:00:00,0.0190375
2021-01-13 01:00:00,0.019147222
2021-01-13 02:00:00,0.019226389
2021-01-13 03:00:00,0.0192875
2021-01-13 04:00:00,0.019333333
2021-01-13 05:00:00,0.019347222
2021-01-13 06:00:00,0.0193125
2021-01-13 07:00:00,0.019251389
2021-01-13 08:00:00,0.019195833
2021-01-13 09:00:00,0.01915
2021-01-13 10:00:00,0.019075
2021-01-13 11:00:00,0.019004167
2021-01-13 12:00:00,0.018908333
2021-01-13 13:00:00,0.018788889
2021-01-13 14:00:00,0.018644444
2021-01-13 15:00:00,0.018491667
2021-01-13 16:00:00,0.018330556
2021-01-13 17:00:00,0.018105556
2021-01-13 18:00:00,0.017833333
2021-01-13 19:00:00,0.017558333
2021-01-13 20:00:00,0.017283333
2021-01-13 21:00:00,0.016963889
2021-01-13 22:00:00,0.016622222
2021-01-13 23:00:00,0.016276389
2021-01-14 00:00:00,0.015916667
2021-01-14 01:00:00,0.015551389
2021-01-14 02:00:00,0.0151625
2021-01-14 03:00:00,0.014761111
2021-01-14 04:00:00,0.014372222
2021-01-14 05:00:00,0.013991667
2021-01-14 06:00:00,0.013613889
2021-01-14 07:00:00,0.013265278
2021-01-14 08:00:00,0.012930556
2021-01-14 09:00:00,0.012590278
2021-01-14 10:00:00,0.012247222
2021-01-14 11:00:00,0.011902778
2021-01-14 12:00:00,0.011555556
2021-01-14 13:00:00,0.011205556
2021-01-14 14:00:00,0.010883333
2021-01-14 15:00:00,0.010544444
2021-01-14 16:00:00,0.010188889
2021-01-14 17:00:00,0.009848611
2021-01-14 18:00:00,0.009508333
2021-01-14 19:00:00,0.009144444
2021-01-14 20:00:00,0.008781944
2021-01-14 21:00:00,0.008408333
2021-01-14 22:00:00,0.008020833
2021-01-14 23:00:00,0.007626389
2021-01-15 00:00:00,0.007231944
2021-01-15 01:00:00,0.006820833
2021-01-15 02:00:00,0.006405556
2021-01-15 03:00:00,0.005981944
2021-01-15 04:00:00,0.005551389
2021-01-15 05:00:00,0.005136111
2021-01-15 06:00:00,0.004740278
2021-01-15 07:00:00,0.004366667
2021-01-15 08:00:00,0.004034722
2021-01-15 09:00:00,0.0037125
2021-01-15 10:00:00,0.003394444
2021-01-15 11:00:00,0.003088889
2021-01-15 12:00:00,0.002793056
2021-01-15 13:00:00,0.002495833
2021-01-15 14:00:00,0.0022125
2021-01-15 15:00:00,0.001927778
2021-01-15 16:00:00,0.001645833
2021-01-15 17:00:00,0.001380556
2021-01-15 18:00:00,0.001136111
2021-01-15 19:00:00,0.000904167
2021-01-15 20:00:00,0.000672222
2021-01-15 21:00:00,0.000429167
2021-01-15 22:00:00,0.000176389
2021-01-15 23:00:00,-0.000108333
2021-01-16 00:00:00,-0.000419444
2021-01-16 01:00:00,-0.000743056
2021-01-16 02:00:00,-0.001098611
2021-01-16 03:00:00,-0.001455556
2021-01-16 04:00:00,-0.001819444
2021-01-16 05:00:00,-0.002195833
2021-01-16 06:00:00,-0.002559722
2021-01-16 07:00:00,-0.002934722
2021-01-16 08:00:00,-0.003297222
2021-01-16 09:00:00,-0.0035875
2021-01-16 10:00:00,-0.003845833
2021-01-16 11:00:00,-0.004080556
2021-01-16 12:00:00,-0.004247222
2021-01-16 13:00:00,-0.004395833
2021-01-16 14:00:00,-0.004536111
2021-01-16 15:00:00,-0.0047125
2021-01-16 16:00:00,-0.004894444
2021-01-16 17:00:00,-0.005009722
2021-01-16 18:00:00,-0.005097222
2021-01-16 19:00:00,-0.005141667
2021-01-16 20:00:00,-0.005131944
2021-01-16 21:00:00,-0.005123611
2021-01-16 22:00:00,-0.005125
2021-01-16 23:00:00,-0.005109722
2021-01-17 00:00:00,-0.005119444
2021-01-17 01:00:00,-0.005205556
2021-01-17 02:00:00,-0.005344444
2021-01-17 03:00:00,-0.005502778
2021-01-17 04:00:00,-0.005743056
2021-01-17 05:00:00,-0.006044444
2021-01-17 06:00:00,-0.006429167
2021-01-17 07:00:00,-0.006838889
2021-01-17 08:00:00,-0.007254167
2021-01-17 09:00:00,-0.007665278
2021-01-17 10:00:00,-0.008070833
2021-01-17 11:00:00,-0.008406944
2021-01-17 12:00:00,-0.008791667
2021-01-17 13:00:00,-0.009144444
2021-01-17 14:00:00,-0.009493056
2021-01-17 15:00:00,-0.009802778
2021-01-17 16:00:00,-0.010081944
2021-01-17 17:00:00,-0.010334722
2021-01-17 18:00:00,-0.010570833
2021-01-17 19:00:00,-0.010773611
2021-01-17 20:00:00,-0.010981944
2021-01-17 21:00:00,-0.011238889
2021-01-17 22:00:00,-0.011526389
2021-01-17 23:00:00,-0.0118375
2021-01-18 00:00:00,-0.012218056
2021-01-18 01:00:00,-0.012644444
2021-01-18 02:00:00,-0.013188889
2021-01-18 03:00:00,-0.013752778
2021-01-18 04:00:00,-0.014404167
2021-01-18 05:00:00,-0.015086111
2021-01-18 06:00:00,-0.015811111
2021-01-18 07:00:00,-0.016511111
2021-01-18 08:00:00,-0.017169444
2021-01-18 09:00:00,-0.0178
2021-01-18 10:00:00,-0.018354167
2021-01-18 11:00:00,-0.018872222
2021-01-18 12:00:00,-0.019333333
2021-01-18 13:00:00,-0.019763889
2021-01-18 14:00:00,-0.020155556
2021-01-18 15:00:00,-0.0204875
2021-01-18 16:00:00,-0.020758333
2021-01-18 17:00:00,-0.020951389
2021-01-18 18:00:00,-0.021095833
2021-01-18 19:00:00,-0.021170833
2021-01-18 20:00:00,-0.021215278
2021-01-18 21:00:00,-0.021233333
2021-01-18 22:00:00,-0.021275
2021-01-18 23:00:00,-0.021327778
2021-01-19 00:00:00,-0.0214
2021-01-19 01:00:00,-0.021554167
2021-01-19 02:00:00,-0.021794444
2021-01-19 03:00:00,-0.022090278
2021-01-19 04:00:00,-0.022451389
2021-01-19 05:00:00,-0.022876389
2021-01-19 06:00:00,-0.023327778
2021-01-19 07:00:00,-0.023811111
2021-01-19 08:00:00,-0.024316667
2021-01-19 09:00:00,-0.024811111
2021-01-19 10:00:00,-0.025254167
2021-01-19 11:00:00,-0.0256375
2021-01-19 12:00:00,-0.025959722
2021-01-19 13:00:00,-0.026209722
2021-01-19 14:00:00,-0.026393056
2021-01-19 15:00:00,-0.026502778
2021-01-19 16:00:00,-0.026529167
2021-01-19 17:00:00,-0.026495833
2021-01-19 18:00:00,-0.026401389
2021-01-19 19:00:00,-0.026269444
2021-01-19 20:00:00,-0.026118056
2021-01-19 21:00:00,-0.025965278
2021-01-19 22:00:00,-0.025805556
2021-01-19 23:00:00,-0.025655556
2021-01-20 00:00:00,-0.025552778
2021-01-20 01:00:00,-0.025504167
2021-01-20 02:00:00,-0.025529167
2021-01-20 03:00:00,-0.025634722
2021-01-20 04:00:00,-0.0258125
2021-01-20 05:00:00,-0.02605
2021-01-20 06:00:00,-0.026341667
2021-01-20 07:00:00,-0.026676389
2021-01-20 08:00:00,-0.027027778
2021-01-20 09:00:00,-0.027348611
2021-01-20 10:00:00,-0.027638889
2021-01-20 11:00:00,-0.027858333
2021-01-20 12:00:00,-0.027991667
2021-01-20 13:00:00,-0.028041667
2021-01-20 14:00:00,-0.028008333
2021-01-20 15:00:00,-0.027886111
2021-01-20 16:00:00,-0.027676389
2021-01-20 17:00:00,-0.027380556
2021-01-20 18:00:00,-0.027036111
2021-01-20 19:00:00,-0.026656944
2021-01-20 20:00:00,-0.026247222
2021-01-20 21:00:00,-0.025830556
2021-01-20 22:00:00,-0.025416667
2021-01-20 23:00:00,-0.024997222
2021-01-21 00:00:00,-0.024611111
2021-01-21 01:00:00,-0.024268056
2021-01-21 02:00:00,-0.023956944
2021-01-21 03:00:00,-0.023697222
2021-01-21 04:00:00,-0.023490278
2021-01-21 05:00:00,-0.0233
2021-01-21 06:00:00,-0.023166667
2021-01-21 07:00:00,-0.023088889
2021-01-21 08:00:00,-0.023026389
2021-01-21 09:00:00,-0.022977778
2021-01-21 10:00:00,-0.022933333
2021-01-21 11:00:00,-0.022886111
2021-01-21 12:00:00,-0.022802778
2021-01-21 13:00:00,-0.022668056
2021-01-21 14:00:00,-0.022522222
2021-01-21 15:00:00,-0.022348611
2021-01-21 16:00:00,-0.022088889
2021-01-21 17:00:00,-0.021756944
2021-01-21 18:00:00,-0.021390278
2021-01-21 19:00:00,-0.020993056
2021-01-21 20:00:00,-0.020569444
2021-01-21 21:00:00,-0.020177778
2021-01-21 22:00:00,-0.019752778
2021-01-21 23:00:00,-0.019354167
2021-01-22 00:00:00,-0.0190125
2021-01-22 01:00:00,-0.018695833
2021-01-22 02:00:00,-0.018436111
2021-01-22 03:00:00,-0.018184722
2021-01-22 04:00:00,-0.017998611
2021-01-22 05:00:00,-0.017877778
2021-01-22 06:00:00,-0.017797222
2021-01-22 07:00:00,-0.017795833
2021-01-22 08:00:00,-0.017830556
2021-01-22 09:00:00,-0.0179125
2021-01-22 10:00:00,-0.018048611
2021-01-22 11:00:00,-0.018238889
2021-01-22 12:00:00,-0.018479167
2021-01-22 13:00:00,-0.018738889
2021-01-22 14:00:00,-0.019070833
2021-01-22 15:00:00,-0.019380556
2021-01-22 16:00:00,-0.019584722
2021-01-22 17:00:00,-0.019747222
2021-01-22 18:00:00,-0.01985
2021-01-22 19:00:00,-0.019883333
2021-01-22 20:00:00,-0.019843056
2021-01-22 21:00:00,-0.019784722
2021-01-22 22:00:00,-0.019690278
2021-01-22 23:00:00,-0.0195625
2021-01-23 00:00:00,-0.019380556
2021-01-23 01:00:00,-0.019183333
2021-01-23 02:00:00,-0.018980556
2021-01-23 03:00:00,-0.018766667
2021-01-23 04:00:00,-0.018520833
2021-01-23 05:00:00,-0.018280556
2021-01-23 06:00:00,-0.018051389
2021-01-23 07:00:00,-0.017823611
2021-01-23 08:00:00,-0.017631944
2021-01-23 09:00:00,-0.017452778
2021-01-23 10:00:00,-0.017293056
2021-01-23 11:00:00,-0.017155556
2021-01-23 12:00:00,-0.017040278
2021-01-23 13:00:00,-0.016943056
2021-01-23 14:00:00,-0.016855556
2021-01-23 15:00:00,-0.016756944
2021-01-23 16:00:00,-0.016647222
2021-01-23 17:00:00,-0.016495833
2021-01-23 18:00:00,-0.016327778
2021-01-23 19:00:00,-0.016133333
2021-01-23 20:00:00,-0.015927778
2021-01-23 21:00:00,-0.015670833
2021-01-23 22:00:00,-0.015394444
2021-01-23 23:00:00,-0.015072222
2021-01-24 00:00:00,-0.014722222
2021-01-24 01:00:00,-0.014354167
2021-01-24 02:00:00,-0.013973611
2021-01-24 03:00:00,-0.013591667
2021-01-24 04:00:00,-0.013202778
2021-01-24 05:00:00,-0.012804167
2021-01-24 06:00:00,-0.012425
2021-01-24 07:00:00,-0.012065278
2021-01-24 08:00:00,-0.011718056
2021-01-24 09:00:00,-0.011379167
2021-01-24 10:00:00,-0.0110625
2021-01-24 11:00:00,-0.010776389
2021-01-24 12:00:00,-0.010531944
2021-01-24 13:00:00,-0.010327778
2021-01-24 14:00:00,-0.0101625
2021-01-24 15:00:00,-0.010025
2021-01-24 16:00:00,-0.009902778
2021-01-24 17:00:00,-0.009765278
2021-01-24 18:00:00,-0.009622222
2021-01-24 19:00:00,-0.009495833
2021-01-24 20:00:00,-0.009369444
2021-01-24 21:00:00,-0.009205556
2021-01-24 22:00:00,-0.009008333
2021-01-24 23:00:00,-0.008797222
2021-01-25 00:00:00,-0.008548611
2021-01-25 01:00:00,-0.008298611
2021-01-25 02:00:00,-0.008015278
2021-01-25 03:00:00,-0.007647222
2021-01-25 04:00:00,-0.00725
2021-01-25 05:00:00,-0.006822222
2021-01-25 06:00:00,-0.006379167
2021-01-25 07:00:00,-0.005925
2021-01-25 08:00:00,-0.005476389
2021-01-25 09:00:00,-0.005018056
2021-01-25 10:00:00,-0.004581944
2021-01-25 11:00:00,-0.004158333
2021-01-25 12:00:00,-0.003744444
2021-01-25 13:00:00,-0.003333333
2021-01-25 14:00:00,-0.002965278
2021-01-25 15:00:00,-0.002626389
2021-01-25 16:00:00,-0.002311111
2021-01-25 17:00:00,-0.002026389
2021-01-25 18:00:00,-0.001745833
2021-01-25 19:00:00,-0.001465278
2021-01-25 20:00:00,-0.001265278
2021-01-25 21:00:00,-0.001065278
2021-01-25 22:00:00,-0.000851389
2021-01-25 23:00:00,-0.000698611
2021-01-26 00:00:00,-0.000575
2021-01-26 01:00:00,-0.0004
2021-01-26 02:00:00,-0.000215278
2021-01-26 03:00:00,-6.25e-05
2021-01-26 04:00:00,7.36e-05
2021-01-26 05:00:00,0.000227778
2021-01-26 06:00:00,0.000391667
2021-01-26 07:00:00,0.000594444
2021-01-26 08:00:00,0.000784722
2021-01-26 09:00:00,0.000955556
2021-01-26 10:00:00,0.001127778
2021-01-26 11:00:00,0.001308333
2021-01-26 12:00:00,0.001473611
2021-01-26 13:00:00,0.001605556
2021-01-26 14:00:00,0.001729167
2021-01-26 15:00:00,0.001805556
2021-01-26 16:00:00,0.0019
2021-01-26 17:00:00,0.001965278
2021-01-26 18:00:00,0.001988889
2021-01-26 19:00:00,0.002016667
2021-01-26 20:00:00,0.002051389
2021-01-26 21:00:00,0.002118056
2021-01-26 22:00:00,0.002131944
2021-01-26 23:00:00,0.002158333
2021-01-27 00:00:00,0.002219444
2021-01-27 01:00:00,0.002273611
2021-01-27 02:00:00,0.002330556
2021-01-27 03:00:00,0.0024
2021-01-27 04:00:00,0.0024875
2021-01-27 05:00:00,0.002598611
2021-01-27 06:00:00,0.0027625
2021-01-27 07:00:00,0.002931944
2021-01-27 08:00:00,0.0031
2021-01-27 09:00:00,0.003306944
2021-01-27 10:00:00,0.003519444
2021-01-27 11:00:00,0.003747222
2021-01-27 12:00:00,0.003983333
2021-01-27 13:00:00,0.004220833
2021-01-27 14:00:00,0.004476389
2021-01-27 15:00:00,0.004730556
2021-01-27 16:00:00,0.004994444
2021-01-27 17:00:00,0.005236111
2021-01-27 18:00:00,0.005458333
2021-01-27 19:00:00,0.005677778
2021-01-27 20:00:00,0.005901389
2021-01-27 21:00:00,0.006075
2021-01-27 22:00:00,0.006244444
2021-01-27 23:00:00,0.006422222
2021-01-28 00:00:00,0.006593056
2021-01-28 01:00:00,0.006781944
2021-01-28 02:00:00,0.006918056
2021-01-28 03:00:00,0.007095833
2021-01-28 04:00:00,0.007288889
2021-01-28 05:00:00,0.00745
2021-01-28 06:00:00,0.007655556
2021-01-28 07:00:00,0.007933333
2021-01-28 08:00:00,0.008279167
2021-01-28 09:00:00,0.008605556
2021-01-28 10:00:00,0.008963889
2021-01-28 11:00:00,0.009356944
2021-01-28 12:00:00,0.009743056
2021-01-28 13:00:00,0.0101875
2021-01-28 14:00:00,0.010633333
2021-01-28 15:00:00,0.0110625
2021-01-28 16:00:00,0.011506944
2021-01-28 17:00:00,0.011929167
2021-01-28 18:00:00,0.012336111
2021-01-28 19:00:00,0.012747222
2021-01-28 20:00:00,0.013120833
2021-01-28 21:00:00,0.013415278
2021-01-28 22:00:00,0.013705556
2021-01-28 23:00:00,0.013930556
2021-01-29 00:00:00,0.014108333
2021-01-29 01:00:00,0.014281944
2021-01-29 02:00:00,0.0144125
2021-01-29 03:00:00,0.014505556
2021-01-29 04:00:00,0.014588889
2021-01-29 05:00:00,0.014677778
2021-01-29 06:00:00,0.014744444
2021-01-29 07:00:00,0.014772222
2021-01-29 08:00:00,0.014843056
2021-01-29 09:00:00,0.014936111
2021-01-29 10:00:00,0.015004167
2021-01-29 11:00:00,0.015118056
2021-01-29 12:00:00,0.015302778
2021-01-29 13:00:00,0.015516667
2021-01-29 14:00:00,0.015723611
2021-01-29 15:00:00,0.015983333
2021-01-29 16:00:00,0.016288889
2021-01-29 17:00:00,0.016652778
2021-01-29 18:00:00,0.017056944
2021-01-29 19:00:00,0.017473611
2021-01-29 20:00:00,0.017854167
2021-01-29 21:00:00,0.018211111
2021-01-29 22:00:00,0.018534722
2021-01-29 23:00:00,0.018788889
2021-01-30 00:00:00,0.018965278
2021-01-30 01:00:00,0.019098611
2021-01-30 02:00:00,0.019138889
2021-01-30 03:00:00,0.019145833
2021-01-30 04:00:00,0.019122222
2021-01-30 05:00:00,0.019052778
2021-01-30 06:00:00,0.018963889
2021-01-30 07:00:00,0.018844444
2021-01-30 08:00:00,0.018741667
2021-01-30 09:00:00,0.01865
2021-01-30 10:00:00,0.018547222
2021-01-30 11:00:00,0.018522222
2021-01-30 12:00:00,0.018491667
2021-01-30 13:00:00,0.0184875
2021-01-30 14:00:00,0.018525
2021-01-30 15:00:00,0.018601389
2021-01-30 16:00:00,0.018713889
2021-01-30 17:00:00,0.018884722
2021-01-30 18:00:00,0.019123611
2021-01-30 19:00:00,0.019386111
2021-01-30 20:00:00,0.019634722
2021-01-30 21:00:00,0.019856944
2021-01-30 22:00:00,0.020040278
2021-01-30 23:00:00,0.020188889
2021-01-31 00:00:00,0.020319444
2021-01-31 01:00:00,0.020370833
2021-01-31 02:00:00,0.020326389
2021-01-31 03:00:00,0.020291667
2021-01-31 04:00:00,0.020219444
2021-01-31 05:00:00,0.020131944
2021-01-31 06:00:00,0.020106944
2021-01-31 07:00:00,0.020075
2021-01-31 08:00:00,0.020070833
2021-01-31 09:00:00,0.020148611
2021-01-31 10:00:00,0.020286111
2021-01-31 11:00:00,0.020486111
2021-01-31 12:00:00,0.020751389
2021-01-31 13:00:00,0.021043056
2021-01-31 14:00:00,0.021384722
2021-01-31 15:00:00,0.021808333
2021-01-31 16:00:00,0.022334722
2021-01-31 17:00:00,0.022908333
2021-01-31 18:00:00,0.023561111
2021-01-31 19:00:00,0.0242875
2021-01-31 20:00:00,0.025090278
2021-01-31 21:00:00,0.025623611
2021-01-31 22:00:00,0.026208333
2021-01-31 23:00:00,0.026948611
2022-01-01 00:00:00,0.1282
2022-01-01 01:00:00,0.1283125
2022-01-01 02:00:00,0.128431944
2022-01-01 03:00:00,0.128584722
2022-01-01 04:00:00,0.128773611
2022-01-01 05:00:00,0.129077778
2022-01-01 06:00:00,0.129359722
2022-01-01 07:00:00,0.129627778
2022-01-01 08:00:00,0.129868056
2022-01-01 09:00:00,0.130055556
2022-01-01 10:00:00,0.1302625
2022-01-01 11:00:00,0.130491667
2022-01-01 12:00:00,0.130688889
2022-01-01 13:00:00,0.130869444
2022-01-01 14:00:00,0.131002778
2022-01-01 15:00:00,0.131079167
2022-01-01 16:00:00,0.131094444
2022-01-01 17:00:00,0.131088889
2022-01-01 18:00:00,0.131111111
2022-01-01 19:00:00,0.131052778
2022-01-01 20:00:00,0.130951389
2022-01-01 21:00:00,0.130813889
2022-01-01 22:00:00,0.130670833
2022-01-01 23:00:00,0.1305125
2022-01-02 00:00:00,0.130315278
2022-01-02 01:00:00,0.130091667
2022-01-02 02:00:00,0.129858333
2022-01-02 03:00:00,0.129633333
2022-01-02 04:00:00,0.129386111
2022-01-02 05:00:00,0.129116667
2022-01-02 06:00:00,0.128825
2022-01-02 07:00:00,0.128523611
2022-01-02 08:00:00,0.128213889
2022-01-02 09:00:00,0.127904167
2022-01-02 10:00:00,0.127584722
2022-01-02 11:00:00,0.1272375
2022-01-02 12:00:00,0.126877778
2022-01-02 13:00:00,0.126526389
2022-01-02 14:00:00,0.126170833
2022-01-02 15:00:00,0.125798611
2022-01-02 16:00:00,0.125395833
2022-01-02 17:00:00,0.124995833
2022-01-02 18:00:00,0.124569444
2022-01-02 19:00:00,0.124123611
2022-01-02 20:00:00,0.123676389
2022-01-02 21:00:00,0.123219444
2022-01-02 22:00:00,0.122741667
2022-01-02 23:00:00,0.122254167
2022-01-03 00:00:00,0.121751389
2022-01-03 01:00:00,0.121252778
2022-01-03 02:00:00,0.120736111
2022-01-03 03:00:00,0.120230556
2022-01-03 04:00:00,0.119727778
2022-01-03 05:00:00,0.1192375
2022-01-03 06:00:00,0.118759722
2022-01-03 07:00:00,0.118283333
2022-01-03 08:00:00,0.117838889
2022-01-03 09:00:00,0.117386111
2022-01-03 10:00:00,0.116941667
2022-01-03 11:00:00,0.116483333
2022-01-03 12:00:00,0.116036111
2022-01-03 13:00:00,0.115570833
2022-01-03 14:00:00,0.115141667
2022-01-03 15:00:00,0.114711111
2022-01-03 16:00:00,0.114268056
2022-01-03 17:00:00,0.113859722
2022-01-03 18:00:00,0.113490278
2022-01-03 19:00:00,0.113133333
2022-01-03 20:00:00,0.112769444
2022-01-03 21:00:00,0.1124375
2022-01-03 22:00:00,0.112093056
2022-01-03 23:00:00,0.111745833
2022-01-04 00:00:00,0.111443056
2022-01-04 01:00:00,0.111154167
2022-01-04 02:00:00,0.110872222
2022-01-04 03:00:00,0.110618056
2022-01-04 04:00:00,0.110443056
2022-01-04 05:00:00,0.110305556
2022-01-04 06:00:00,0.110177778
2022-01-04 07:00:00,0.110134722
2022-01-04 08:00:00,0.110147222
2022-01-04 09:00:00,0.110180556
2022-01-04 10:00:00,0.110223611
2022-01-04 11:00:00,0.110288889
2022-01-04 12:00:00,0.1103875
2022-01-04 13:00:00,0.110481944
2022-01-04 14:00:00,0.110598611
2022-01-04 15:00:00,0.110693056
2022-01-04 16:00:00,0.110780556
2022-01-04 17:00:00,0.110883333
2022-01-04 18:00:00,0.110972222
2022-01-04 19:00:00,0.111026389
2022-01-04 20:00:00,0.111044444
2022-01-04 21:00:00,0.111066667
2022-01-04 22:00:00,0.111079167
2022-01-04 23:00:00,0.1110625
2022-01-05 00:00:00,0.111030556
2022-01-05 01:00:00,0.110986111
2022-01-05 02:00:00,0.11095
2022-01-05 03:00:00,0.110905556
2022-01-05 04:00:00,0.110854167
2022-01-05 05:00:00,0.110794444
2022-01-05 06:00:00,0.110758333
2022-01-05 07:00:00,0.110740278
2022-01-05 08:00:00,0.110722222
2022-01-05 09:00:00,0.110716667
2022-01-05 10:00:00,0.110743056
2022-01-05 11:00:00,0.110761111
2022-01-05 12:00:00,0.1107875
2022-01-05 13:00:00,0.110843056
2022-01-05 14:00:00,0.110905556
2022-01-05 15:00:00,0.110977778
2022-01-05 16:00:00,0.111111111
2022-01-05 17:00:00,0.111219444
2022-01-05 18:00:00,0.111320833
2022-01-05 19:00:00,0.111406944
2022-01-05 20:00:00,0.111494444
2022-01-05 21:00:00,0.111601389
2022-01-05 22:00:00,0.111715278
2022-01-05 23:00:00,0.111768056
2022-01-06 00:00:00,0.111808333
2022-01-06 01:00:00,0.111851389
2022-01-06 02:00:00,0.111831944
2022-01-06 03:00:00,0.111831944
2022-01-06 04:00:00,0.111755556
2022-01-06 05:00:00,0.111651389
2022-01-06 06:00:00,0.111556944
2022-01-06 07:00:00,0.111470833
2022-01-06 08:00:00,0.111395833
2022-01-06 09:00:00,0.111323611
2022-01-06 10:00:00,0.111259722
2022-01-06 11:00:00,0.111225
2022-01-06 12:00:00,0.111231944
2022-01-06 13:00:00,0.111240278
2022-01-06 14:00:00,0.111258333
2022-01-06 15:00:00,0.111283333
2022-01-06 16:00:00,0.111319444
2022-01-06 17:00:00,0.111380556
2022-01-06 18:00:00,0.11145
2022-01-06 19:00:00,0.111554167
2022-01-06 20:00:00,0.111673611
2022-01-06 21:00:00,0.111719444
2022-01-06 22:00:00,0.1118125
2022-01-06 23:00:00,0.111898611
2022-01-07 00:00:00,0.111923611
2022-01-07 01:00:00,0.111940278
2022-01-07 02:00:00,0.111925
2022-01-07 03:00:00,0.1118875
2022-01-07 04:00:00,0.111825
2022-01-07 05:00:00,0.111744444
2022-01-07 06:00:00,0.111630556
2022-01-07 07:00:00,0.111541667
2022-01-07 08:00:00,0.111477778
2022-01-07 09:00:00,0.111448611
2022-01-07 10:00:00,0.111444444
2022-01-07 11:00:00,0.111445833
2022-01-07 12:00:00,0.111470833
2022-01-07 13:00:00,0.111498611
2022-01-07 14:00:00,0.111555556
2022-01-07 15:00:00,0.111611111
2022-01-07 16:00:00,0.111680556
2022-01-07 17:00:00,0.111752778
2022-01-07 18:00:00,0.111888889
2022-01-07 19:00:00,0.112043056
2022-01-07 20:00:00,0.112172222
2022-01-07 21:00:00,0.112305556
2022-01-07 22:00:00,0.112440278
2022-01-07 23:00:00,0.112541667
2022-01-08 00:00:00,0.112615278
2022-01-08 01:00:00,0.112643056
2022-01-08 02:00:00,0.112588889
2022-01-08 03:00:00,0.112490278
2022-01-08 04:00:00,0.112330556
2022-01-08 05:00:00,0.112141667
2022-01-08 06:00:00,0.111926389
2022-01-08 07:00:00,0.1116625
2022-01-08 08:00:00,0.111394444
2022-01-08 09:00:00,0.111130556
2022-01-08 10:00:00,0.110897222
2022-01-08 11:00:00,0.1107
2022-01-08 12:00:00,0.110544444
2022-01-08 13:00:00,0.110420833
2022-01-08 14:00:00,0.110341667
2022-01-08 15:00:00,0.110295833
2022-01-08 16:00:00,0.1103125
2022-01-08 17:00:00,0.110370833
2022-01-08 18:00:00,0.110498611
2022-01-08 19:00:00,0.110676389
2022-01-08 20:00:00,0.110879167
2022-01-08 21:00:00,0.111098611
2022-01-08 22:00:00,0.111322222
2022-01-08 23:00:00,0.111490278
2022-01-09 00:00:00,0.1116125
2022-01-09 01:00:00,0.111680556
2022-01-09 02:00:00,0.111663889
2022-01-09 03:00:00,0.111573611
2022-01-09 04:00:00,0.111398611
2022-01-09 05:00:00,0.111147222
2022-01-09 06:00:00,0.110834722
2022-01-09 07:00:00,0.110465278
2022-01-09 08:00:00,0.1100875
2022-01-09 09:00:00,0.109705556
2022-01-09 10:00:00,0.1093375
2022-01-09 11:00:00,0.108998611
2022-01-09 12:00:00,0.108677778
2022-01-09 13:00:00,0.108398611
2022-01-09 14:00:00,0.108173611
2022-01-09 15:00:00,0.107994444
2022-01-09 16:00:00,0.107873611
2022-01-09 17:00:00,0.107822222
2022-01-09 18:00:00,0.107836111
2022-01-09 19:00:00,0.107894444
2022-01-09 20:00:00,0.107997222
2022-01-09 21:00:00,0.108122222
2022-01-09 22:00:00,0.108275
2022-01-09 23:00:00,0.108395833
2022-01-10 00:00:00,0.108511111
2022-01-10 01:00:00,0.108559722
2022-01-10 02:00:00,0.108572222
2022-01-10 03:00:00,0.108548611
2022-01-10 04:00:00,0.108470833
2022-01-10 05:00:00,0.108338889
2022-01-10 06:00:00,0.108166667
2022-01-10 07:00:00,0.1079625
2022-01-10 08:00:00,0.107727778
2022-01-10 09:00:00,0.107515278
2022-01-10 10:00:00,0.107330556
2022-01-10 11:00:00,0.107190278
2022-01-10 12:00:00,0.1071
2022-01-10 13:00:00,0.107027778
2022-01-10 14:00:00,0.107008333
2022-01-10 15:00:00,0.107047222
2022-01-10 16:00:00,0.107119444
2022-01-10 17:00:00,0.1072625
2022-01-10 18:00:00,0.107472222
2022-01-10 19:00:00,0.107706944
2022-01-10 20:00:00,0.107968056
2022-01-10 21:00:00,0.108279167
2022-01-10 22:00:00,0.108575
2022-01-10 23:00:00,0.108831944
2022-01-11 00:00:00,0.109070833
2022-01-11 01:00:00,0.109245833
2022-01-11 02:00:00,0.109340278
2022-01-11 03:00:00,0.109383333
2022-01-11 04:00:00,0.109370833
2022-01-11 05:00:00,0.109288889
2022-01-11 06:00:00,0.109138889
2022-01-11 07:00:00,0.108963889
2022-01-11 08:00:00,0.108758333
2022-01-11 09:00:00,0.108519444
2022-01-11 10:00:00,0.108270833
2022-01-11 11:00:00,0.108013889
2022-01-11 12:00:00,0.107744444
2022-01-11 13:00:00,0.107481944
2022-01-11 14:00:00,0.107269444
2022-01-11 15:00:00,0.107086111
2022-01-11 16:00:00,0.106965278
2022-01-11 17:00:00,0.106909722
2022-01-11 18:00:00,0.106922222
2022-01-11 19:00:00,0.106980556
2022-01-11 20:00:00,0.107109722
2022-01-11 21:00:00,0.107256944
2022-01-11 22:00:00,0.1074375
2022-01-11 23:00:00,0.107634722
2022-01-12 00:00:00,0.107806944
2022-01-12 01:00:00,0.10795
2022-01-12 02:00:00,0.108054167
2022-01-12 03:00:00,0.108119444
2022-01-12 04:00:00,0.108134722
2022-01-12 05:00:00,0.108104167
2022-01-12 06:00:00,0.108011111
2022-01-12 07:00:00,0.107847222
2022-01-12 08:00:00,0.107620833
2022-01-12 09:00:00,0.107345833
2022-01-12 10:00:00,0.107025
2022-01-12 11:00:00,0.106648611
2022-01-12 12:00:00,0.106216667
2022-01-12 13:00:00,0.105755556
2022-01-12 14:00:00,0.105279167
2022-01-12 15:00:00,0.104809722
2022-01-12 16:00:00,0.104359722
2022-01-12 17:00:00,0.103929167
2022-01-12 18:00:00,0.103534722
2022-01-12 19:00:00,0.103180556
2022-01-12 20:00:00,0.102873611
2022-01-12 21:00:00,0.102601389
2022-01-12 22:00:00,0.102359722
2022-01-12 23:00:00,0.102144444
2022-01-13 00:00:00,0.101947222
2022-01-13 01:00:00,0.101761111
2022-01-13 02:00:00,0.101580556
2022-01-13 03:00:00,0.101384722
2022-01-13 04:00:00,0.101177778
2022-01-13 05:00:00,0.100922222
2022-01-13 06:00:00,0.100645833
2022-01-13 07:00:00,0.100341667
2022-01-13 08:00:00,0.100002778
2022-01-13 09:00:00,0.099631944
2022-01-13 10:00:00,0.099240278
2022-01-13 11:00:00,0.098816667
2022-01-13 12:00:00,0.098363889
2022-01-13 13:00:00,0.097904167
2022-01-13 14:00:00,0.097429167
2022-01-13 15:00:00,0.096988889
2022-01-13 16:00:00,0.0965625
2022-01-13 17:00:00,0.09615
2022-01-13 18:00:00,0.095756944
2022-01-13 19:00:00,0.095394444
2022-01-13 20:00:00,0.095051389
2022-01-13 21:00:00,0.094686111
2022-01-13 22:00:00,0.094329167
2022-01-13 23:00:00,0.093986111
2022-01-14 00:00:00,0.093673611
2022-01-14 01:00:00,0.09335
2022-01-14 02:00:00,0.093029167
2022-01-14 03:00:00,0.092693056
2022-01-14 04:00:00,0.092304167
2022-01-14 05:00:00,0.091879167
2022-01-14 06:00:00,0.091441667
2022-01-14 07:00:00,0.090961111
2022-01-14 08:00:00,0.090443056
2022-01-14 09:00:00,0.089895833
2022-01-14 10:00:00,0.089319444
2022-01-14 11:00:00,0.088708333
2022-01-14 12:00:00,0.088066667
2022-01-14 13:00:00,0.087390278
2022-01-14 14:00:00,0.086686111
2022-01-14 15:00:00,0.085976389
2022-01-14 16:00:00,0.085268056
2022-01-14 17:00:00,0.084556944
2022-01-14 18:00:00,0.083859722
2022-01-14 19:00:00,0.083154167
2022-01-14 20:00:00,0.082445833
2022-01-14 21:00:00,0.081776389
2022-01-14 22:00:00,0.081143056
2022-01-14 23:00:00,0.080516667
2022-01-15 00:00:00,0.079926389
2022-01-15 01:00:00,0.079361111
2022-01-15 02:00:00,0.078825
2022-01-15 03:00:00,0.078345833
2022-01-15 04:00:00,0.077938889
2022-01-15 05:00:00,0.077575
2022-01-15 06:00:00,0.077220833
2022-01-15 07:00:00,0.076870833
2022-01-15 08:00:00,0.076530556
2022-01-15 09:00:00,0.0761875
2022-01-15 10:00:00,0.075826389
2022-01-15 11:00:00,0.075455556
2022-01-15 12:00:00,0.0750625
2022-01-15 13:00:00,0.074655556
2022-01-15 14:00:00,0.074227778
2022-01-15 15:00:00,0.073784722
2022-01-15 16:00:00,0.073315278
2022-01-15 17:00:00,0.072820833
2022-01-15 18:00:00,0.072320833
2022-01-15 19:00:00,0.071802778
2022-01-15 20:00:00,0.0712625
2022-01-15 21:00:00,0.070719444
2022-01-15 22:00:00,0.070175
2022-01-15 23:00:00,0.069631944
2022-01-16 00:00:00,0.069122222
2022-01-16 01:00:00,0.068645833
2022-01-16 02:00:00,0.068194444
2022-01-16 03:00:00,0.067755556
2022-01-16 04:00:00,0.0673625
2022-01-16 05:00:00,0.067023611
2022-01-16 06:00:00,0.066709722
2022-01-16 07:00:00,0.066408333
2022-01-16 08:00:00,0.066125
2022-01-16 09:00:00,0.065859722
2022-01-16 10:00:00,0.065597222
2022-01-16 11:00:00,0.065323611
2022-01-16 12:00:00,0.065041667
2022-01-16 13:00:00,0.064752778
2022-01-16 14:00:00,0.064454167
2022-01-16 15:00:00,0.064131944
2022-01-16 16:00:00,0.063772222
2022-01-16 17:00:00,0.063390278
2022-01-16 18:00:00,0.062994444
2022-01-16 19:00:00,0.062583333
2022-01-16 20:00:00,0.062151389
2022-01-16 21:00:00,0.061706944
2022-01-16 22:00:00,0.061254167
2022-01-16 23:00:00,0.060815278
2022-01-17 00:00:00,0.060395833
2022-01-17 01:00:00,0.060002778
2022-01-17 02:00:00,0.059647222
2022-01-17 03:00:00,0.059327778
2022-01-17 04:00:00,0.059015278
2022-01-17 05:00:00,0.058754167
2022-01-17 06:00:00,0.058547222
2022-01-17 07:00:00,0.058393056
2022-01-17 08:00:00,0.058263889
2022-01-17 09:00:00,0.058140278
2022-01-17 10:00:00,0.058016667
2022-01-17 11:00:00,0.057902778
2022-01-17 12:00:00,0.057775
2022-01-17 13:00:00,0.057644444
2022-01-17 14:00:00,0.0575
2022-01-17 15:00:00,0.057336111
2022-01-17 16:00:00,0.057165278
2022-01-17 17:00:00,0.056969444
2022-01-17 18:00:00,0.056722222
2022-01-17 19:00:00,0.056477778
2022-01-17 20:00:00,0.056204167
2022-01-17 21:00:00,0.055880556
2022-01-17 22:00:00,0.055533333
2022-01-17 23:00:00,0.055125
2022-01-18 00:00:00,0.054738889
2022-01-18 01:00:00,0.054383333
2022-01-18 02:00:00,0.054105556
2022-01-18 03:00:00,0.053970833
2022-01-18 04:00:00,0.053811111
2022-01-18 05:00:00,0.053786111
2022-01-18 06:00:00,0.053861111
2022-01-18 07:00:00,0.054036111
2022-01-18 08:00:00,0.054297222
2022-01-18 09:00:00,0.054658333
2022-01-18 10:00:00,0.055080556
2022-01-18 11:00:00,0.055520833
2022-01-18 12:00:00,0.056036111
2022-01-18 13:00:00,0.056615278
2022-01-18 14:00:00,0.057208333
2022-01-18 15:00:00,0.057851389
2022-01-18 16:00:00,0.058519444
2022-01-18 17:00:00,0.059220833
2022-01-18 18:00:00,0.059943056
2022-01-18 19:00:00,0.060641667
2022-01-18 20:00:00,0.061338889
2022-01-18 21:00:00,0.062006944
2022-01-18 22:00:00,0.062647222
2022-01-18 23:00:00,0.063238889
2022-01-19 00:00:00,0.063816667
2022-01-19 01:00:00,0.064344444
2022-01-19 02:00:00,0.064840278
2022-01-19 03:00:00,0.065333333
2022-01-19 04:00:00,0.065813889
2022-01-19 05:00:00,0.066284722
2022-01-19 06:00:00,0.066755556
2022-01-19 07:00:00,0.067269444
2022-01-19 08:00:00,0.067804167
2022-01-19 09:00:00,0.068366667
2022-01-19 10:00:00,0.068961111
2022-01-19 11:00:00,0.069577778
2022-01-19 12:00:00,0.070226389
2022-01-19 13:00:00,0.070936111
2022-01-19 14:00:00,0.071655556
2022-01-19 15:00:00,0.072448611
2022-01-19 16:00:00,0.073258333
2022-01-19 17:00:00,0.074072222
2022-01-19 18:00:00,0.0749125
2022-01-19 19:00:00,0.075738889
2022-01-19 20:00:00,0.076522222
2022-01-19 21:00:00,0.077294444
2022-01-19 22:00:00,0.078056944
2022-01-19 23:00:00,0.078791667
2022-01-20 00:00:00,0.079466667
2022-01-20 01:00:00,0.080056944
2022-01-20 02:00:00,0.080583333
2022-01-20 03:00:00,0.081065278
2022-01-20 04:00:00,0.081497222
2022-01-20 05:00:00,0.081894444
2022-01-20 06:00:00,0.08225
2022-01-20 07:00:00,0.082579167
2022-01-20 08:00:00,0.082906944
2022-01-20 09:00:00,0.083204167
2022-01-20 10:00:00,0.083548611
2022-01-20 11:00:00,0.083918056
2022-01-20 12:00:00,0.084294444
2022-01-20 13:00:00,0.084676389
2022-01-20 14:00:00,0.085080556
2022-01-20 15:00:00,0.085516667
2022-01-20 16:00:00,0.085954167
2022-01-20 17:00:00,0.086388889
2022-01-20 18:00:00,0.086823611
2022-01-20 19:00:00,0.087251389
2022-01-20 20:00:00,0.087645833
2022-01-20 21:00:00,0.087965278
2022-01-20 22:00:00,0.088245833
2022-01-20 23:00:00,0.088476389
2022-01-21 00:00:00,0.088619444
2022-01-21 01:00:00,0.088708333
2022-01-21 02:00:00,0.088715278
2022-01-21 03:00:00,0.088655556
2022-01-21 04:00:00,0.088541667
2022-01-21 05:00:00,0.088359722
2022-01-21 06:00:00,0.088126389
2022-01-21 07:00:00,0.087845833
2022-01-21 08:00:00,0.0875375
2022-01-21 09:00:00,0.087184722
2022-01-21 10:00:00,0.086836111
2022-01-21 11:00:00,0.086520833
2022-01-21 12:00:00,0.086238889
2022-01-21 13:00:00,0.0859625
2022-01-21 14:00:00,0.085677778
2022-01-21 15:00:00,0.085436111
2022-01-21 16:00:00,0.085258333
2022-01-21 17:00:00,0.085119444
2022-01-21 18:00:00,0.085009722
2022-01-21 19:00:00,0.084977778
2022-01-21 20:00:00,0.084930556
2022-01-21 21:00:00,0.084880556
2022-01-21 22:00:00,0.08485
2022-01-21 23:00:00,0.084776389
2022-01-22 00:00:00,0.0846375
2022-01-22 01:00:00,0.084441667
2022-01-22 02:00:00,0.084155556
2022-01-22 03:00:00,0.083801389
2022-01-22 04:00:00,0.083391667
2022-01-22 05:00:00,0.082908333
2022-01-22 06:00:00,0.082477778
2022-01-22 07:00:00,0.082113889
2022-01-22 08:00:00,0.081768056
2022-01-22 09:00:00,0.081479167
2022-01-22 10:00:00,0.081241667
2022-01-22 11:00:00,0.081047222
2022-01-22 12:00:00,0.080902778
2022-01-22 13:00:00,0.080823611
2022-01-22 14:00:00,0.080768056
2022-01-22 15:00:00,0.080752778
2022-01-22 16:00:00,0.080809722
2022-01-22 17:00:00,0.080906944
2022-01-22 18:00:00,0.081055556
2022-01-22 19:00:00,0.081245833
2022-01-22 20:00:00,0.081440278
2022-01-22 21:00:00,0.081626389
2022-01-22 22:00:00,0.081802778
2022-01-22 23:00:00,0.08195
2022-01-23 00:00:00,0.082048611
2022-01-23 01:00:00,0.082095833
2022-01-23 02:00:00,0.0820875
2022-01-23 03:00:00,0.082005556
2022-01-23 04:00:00,0.081859722
2022-01-23 05:00:00,0.081645833
2022-01-23 06:00:00,0.081373611
2022-01-23 07:00:00,0.081072222
2022-01-23 08:00:00,0.080722222
2022-01-23 09:00:00,0.080341667
2022-01-23 10:00:00,0.079969444
2022-01-23 11:00:00,0.079602778
2022-01-23 12:00:00,0.079283333
2022-01-23 13:00:00,0.078981944
2022-01-23 14:00:00,0.078698611
2022-01-23 15:00:00,0.078484722
2022-01-23 16:00:00,0.078351389
2022-01-23 17:00:00,0.078251389
2022-01-23 18:00:00,0.078223611
2022-01-23 19:00:00,0.078284722
2022-01-23 20:00:00,0.078348611
2022-01-23 21:00:00,0.078402778
2022-01-23 22:00:00,0.078465278
2022-01-23 23:00:00,0.078515278
2022-01-24 00:00:00,0.078501389
2022-01-24 01:00:00,0.0784625
2022-01-24 02:00:00,0.078377778
2022-01-24 03:00:00,0.078184722
2022-01-24 04:00:00,0.077933333
2022-01-24 05:00:00,0.077648611
2022-01-24 06:00:00,0.077284722
2022-01-24 07:00:00,0.076845833
2022-01-24 08:00:00,0.0763875
2022-01-24 09:00:00,0.075886111
2022-01-24 10:00:00,0.075363889
2022-01-24 11:00:00,0.074845833
2022-01-24 12:00:00,0.074330556
2022-01-24 13:00:00,0.073840278
2022-01-24 14:00:00,0.0733875
2022-01-24 15:00:00,0.072966667
2022-01-24 16:00:00,0.072579167
2022-01-24 17:00:00,0.072256944
2022-01-24 18:00:00,0.072005556
2022-01-24 19:00:00,0.071783333
2022-01-24 20:00:00,0.071588889
2022-01-24 21:00:00,0.071415278
2022-01-24 22:00:00,0.071273611
2022-01-24 23:00:00,0.071115278
2022-01-25 00:00:00,0.0709625
2022-01-25 01:00:00,0.070779167
2022-01-25 02:00:00,0.070580556
2022-01-25 03:00:00,0.070333333
2022-01-25 04:00:00,0.070051389
2022-01-25 05:00:00,0.069758333
2022-01-25 06:00:00,0.069390278
2022-01-25 07:00:00,0.068994444
2022-01-25 08:00:00,0.0685875
2022-01-25 09:00:00,0.068148611
2022-01-25 10:00:00,0.067705556
2022-01-25 11:00:00,0.067234722
2022-01-25 12:00:00,0.066798611
2022-01-25 13:00:00,0.066377778
2022-01-25 14:00:00,0.066009722
2022-01-25 15:00:00,0.065733333
2022-01-25 16:00:00,0.065480556
2022-01-25 17:00:00,0.0652875
2022-01-25 18:00:00,0.065175
2022-01-25 19:00:00,0.065123611
2022-01-25 20:00:00,0.065134722
2022-01-25 21:00:00,0.065188889
2022-01-25 22:00:00,0.065284722
2022-01-25 23:00:00,0.065425
2022-01-26 00:00:00,0.065590278
2022-01-26 01:00:00,0.065788889
2022-01-26 02:00:00,0.065979167
2022-01-26 03:00:00,0.0661625
2022-01-26 04:00:00,0.066318056
2022-01-26 05:00:00,0.066472222
2022-01-26 06:00:00,0.066602778
2022-01-26 07:00:00,0.066747222
2022-01-26 08:00:00,0.066880556
2022-01-26 09:00:00,0.066958333
2022-01-26 10:00:00,0.067011111
2022-01-26 11:00:00,0.067038889
2022-01-26 12:00:00,0.067045833
2022-01-26 13:00:00,0.067026389
2022-01-26 14:00:00,0.066981944
2022-01-26 15:00:00,0.066934722
2022-01-26 16:00:00,0.066938889
2022-01-26 17:00:00,0.066948611
2022-01-26 18:00:00,0.066951389
2022-01-26 19:00:00,0.066988889
2022-01-26 20:00:00,0.0670375
2022-01-26 21:00:00,0.067076389
2022-01-26 22:00:00,0.067129167
2022-01-26 23:00:00,0.067186111
2022-01-27 00:00:00,0.067244444
2022-01-27 01:00:00,0.067309722
2022-01-27 02:00:00,0.067368056
2022-01-27 03:00:00,0.0674125
2022-01-27 04:00:00,0.067445833
2022-01-27 05:00:00,0.067466667
2022-01-27 06:00:00,0.067472222
2022-01-27 07:00:00,0.067477778
2022-01-27 08:00:00,0.067483333
2022-01-27 09:00:00,0.067476389
2022-01-27 10:00:00,0.067447222
2022-01-27 11:00:00,0.067406944
2022-01-27 12:00:00,0.06735
2022-01-27 13:00:00,0.067280556
2022-01-27 14:00:00,0.067222222
2022-01-27 15:00:00,0.0672
2022-01-27 16:00:00,0.067188889
2022-01-27 17:00:00,0.067195833
2022-01-27 18:00:00,0.067222222
2022-01-27 19:00:00,0.067277778
2022-01-27 20:00:00,0.067344444
2022-01-27 21:00:00,0.0674125
2022-01-27 22:00:00,0.067479167
2022-01-27 23:00:00,0.067541667
2022-01-28 00:00:00,0.067619444
2022-01-28 01:00:00,0.067693056
2022-01-28 02:00:00,0.067786111
2022-01-28 03:00:00,0.067858333
2022-01-28 04:00:00,0.067922222
2022-01-28 05:00:00,0.067993056
2022-01-28 06:00:00,0.068051389
2022-01-28 07:00:00,0.068097222
2022-01-28 08:00:00,0.068145833
2022-01-28 09:00:00,0.068180556
2022-01-28 10:00:00,0.068219444
2022-01-28 11:00:00,0.06825
2022-01-28 12:00:00,0.068270833
2022-01-28 13:00:00,0.068268056
2022-01-28 14:00:00,0.06825
2022-01-28 15:00:00,0.068227778
2022-01-28 16:00:00,0.068209722
2022-01-28 17:00:00,0.068181944
2022-01-28 18:00:00,0.068134722
2022-01-28 19:00:00,0.068079167
2022-01-28 20:00:00,0.068036111
2022-01-28 21:00:00,0.067986111
2022-01-28 22:00:00,0.067963889
2022-01-28 23:00:00,0.06795
2022-01-29 00:00:00,0.067931944
2022-01-29 01:00:00,0.067916667
2022-01-29 02:00:00,0.067913889
2022-01-29 03:00:00,0.067938889
2022-01-29 04:00:00,0.067983333
2022-01-29 05:00:00,0.068036111
2022-01-29 06:00:00,0.0681
2022-01-29 07:00:00,0.068158333
2022-01-29 08:00:00,0.0682375
2022-01-29 09:00:00,0.068318056
2022-01-29 10:00:00,0.068377778
2022-01-29 11:00:00,0.068427778
2022-01-29 12:00:00,0.068466667
2022-01-29 13:00:00,0.068452778
2022-01-29 14:00:00,0.068398611
2022-01-29 15:00:00,0.068325
2022-01-29 16:00:00,0.068169444
2022-01-29 17:00:00,0.068091667
2022-01-29 18:00:00,0.067966667
2022-01-29 19:00:00,0.067766667
2022-01-29 20:00:00,0.067591667
2022-01-29 21:00:00,0.067430556
2022-01-29 22:00:00,0.067231944
2022-01-29 23:00:00,0.067005556
2022-01-30 00:00:00,0.066793056
2022-01-30 01:00:00,0.066529167
2022-01-30 02:00:00,0.066248611
2022-01-30 03:00:00,0.065972222
2022-01-30 04:00:00,0.065684722
2022-01-30 05:00:00,0.065408333
2022-01-30 06:00:00,0.065143056
2022-01-30 07:00:00,0.064876389
2022-01-30 08:00:00,0.064598611
2022-01-30 09:00:00,0.064327778
2022-01-30 10:00:00,0.064063889
2022-01-30 11:00:00,0.063794444
2022-01-30 12:00:00,0.063519444
2022-01-30 13:00:00,0.063248611
2022-01-30 14:00:00,0.062958333
2022-01-30 15:00:00,0.062648611
2022-01-30 16:00:00,0.062329167
2022-01-30 17:00:00,0.061986111
2022-01-30 18:00:00,0.061598611
2022-01-30 19:00:00,0.061191667
2022-01-30 20:00:00,0.060768056
2022-01-30 21:00:00,0.060305556
2022-01-30 22:00:00,0.0598
2022-01-30 23:00:00,0.059286111
2022-01-31 00:00:00,0.058790278
2022-01-31 01:00:00,0.058259722
2022-01-31 02:00:00,0.057738889
2022-01-31 03:00:00,0.057216667
2022-01-31 04:00:00,0.056661111
2022-01-31 05:00:00,0.056005556
2022-01-31 06:00:00,0.055401389
2022-01-31 07:00:00,0.054820833
2022-01-31 08:00:00,0.054263889
2022-01-31 09:00:00,0.053763889
2022-01-31 10:00:00,0.053244444
2022-01-31 11:00:00,0.052701389
2022-01-31 12:00:00,0.052175
2022-01-31 13:00:00,0.05165
2022-01-31 14:00:00,0.051155556
2022-01-31 15:00:00,0.050695833
2022-01-31 16:00:00,0.050286111
2022-01-31 17:00:00,0.049883333
2022-01-31 18:00:00,0.049451389
2022-01-31 19:00:00,0.049106944
2022-01-31 20:00:00,0.048813889
2022-01-31 21:00:00,0.048568056
2022-01-31 22:00:00,0.048295833
2022-01-31 23:00:00,0.048056944
2023-01-01 00:00:00,0.129972222
2023-01-01 01:00:00,0.129781944
2023-01-01 02:00:00,0.129551389
2023-01-01 03:00:00,0.129306944
2023-01-01 04:00:00,0.129045833
2023-01-01 05:00:00,0.128754167
2023-01-01 06:00:00,0.128448611
2023-01-01 07:00:00,0.128111111
2023-01-01 08:00:00,0.127770833
2023-01-01 09:00:00,0.127426389
2023-01-01 10:00:00,0.127058333
2023-01-01 11:00:00,0.126720833
2023-01-01 12:00:00,0.126411111
2023-01-01 13:00:00,0.126141667
2023-01-01 14:00:00,0.125922222
2023-01-01 15:00:00,0.125743056
2023-01-01 16:00:00,0.125623611
2023-01-01 17:00:00,0.125536111
2023-01-01 18:00:00,0.125491667
2023-01-01 19:00:00,0.125527778
2023-01-01 20:00:00,0.125581944
2023-01-01 21:00:00,0.125663889
2023-01-01 22:00:00,0.125763889
2023-01-01 23:00:00,0.125873611
2023-01-02 00:00:00,0.1259875
2023-01-02 01:00:00,0.126073611
2023-01-02 02:00:00,0.126111111
2023-01-02 03:00:00,0.126161111
2023-01-02 04:00:00,0.126129167
2023-01-02 05:00:00,0.126056944
2023-01-02 06:00:00,0.126005556
2023-01-02 07:00:00,0.125916667
2023-01-02 08:00:00,0.125793056
2023-01-02 09:00:00,0.125676389
2023-01-02 10:00:00,0.125559722
2023-01-02 11:00:00,0.125415278
2023-01-02 12:00:00,0.125306944
2023-01-02 13:00:00,0.125225
2023-01-02 14:00:00,0.125136111
2023-01-02 15:00:00,0.125094444
2023-01-02 16:00:00,0.125097222
2023-01-02 17:00:00,0.1251125
2023-01-02 18:00:00,0.125179167
2023-01-02 19:00:00,0.125329167
2023-01-02 20:00:00,0.125519444
2023-01-02 21:00:00,0.125725
2023-01-02 22:00:00,0.125968056
2023-01-02 23:00:00,0.1262375
2023-01-03 00:00:00,0.126511111
2023-01-03 01:00:00,0.126795833
2023-01-03 02:00:00,0.127077778
2023-01-03 03:00:00,0.12735
2023-01-03 04:00:00,0.127590278
2023-01-03 05:00:00,0.127804167
2023-01-03 06:00:00,0.128016667
2023-01-03 07:00:00,0.128215278
2023-01-03 08:00:00,0.128379167
2023-01-03 09:00:00,0.128508333
2023-01-03 10:00:00,0.128618056
2023-01-03 11:00:00,0.128708333
2023-01-03 12:00:00,0.128744444
2023-01-03 13:00:00,0.128751389
2023-01-03 14:00:00,0.128725
2023-01-03 15:00:00,0.128686111
2023-01-03 16:00:00,0.128663889
2023-01-03 17:00:00,0.128718056
2023-01-03 18:00:00,0.128791667
2023-01-03 19:00:00,0.128865278
2023-01-03 20:00:00,0.128965278
2023-01-03 21:00:00,0.129079167
2023-01-03 22:00:00,0.129233333
2023-01-03 23:00:00,0.129404167
2023-01-04 00:00:00,0.129594444
2023-01-04 01:00:00,0.129779167
2023-01-04 02:00:00,0.129995833
2023-01-04 03:00:00,0.130261111
2023-01-04 04:00:00,0.130548611
2023-01-04 05:00:00,0.130811111
2023-01-04 06:00:00,0.131123611
2023-01-04 07:00:00,0.131427778
2023-01-04 08:00:00,0.131677778
2023-01-04 09:00:00,0.131927778
2023-01-04 10:00:00,0.132109722
2023-01-04 11:00:00,0.132236111
2023-01-04 12:00:00,0.132301389
2023-01-04 13:00:00,0.132316667
2023-01-04 14:00:00,0.132315278
2023-01-04 15:00:00,0.132208333
2023-01-04 16:00:00,0.132009722
2023-01-04 17:00:00,0.131890278
2023-01-04 18:00:00,0.131741667
2023-01-04 19:00:00,0.131563889
2023-01-04 20:00:00,0.131447222
2023-01-04 21:00:00,0.131329167
2023-01-04 22:00:00,0.131180556
2023-01-04 23:00:00,0.131086111
2023-01-05 00:00:00,0.131084722
2023-01-05 01:00:00,0.131034722
2023-01-05 02:00:00,0.130977778
2023-01-05 03:00:00,0.131045833
2023-01-05 04:00:00,0.131084722
2023-01-05 05:00:00,0.131094444
2023-01-05 06:00:00,0.131120833
2023-01-05 07:00:00,0.131154167
2023-01-05 08:00:00,0.131173611
2023-01-05 09:00:00,0.131173611
2023-01-05 10:00:00,0.131166667
2023-01-05 11:00:00,0.131106944
2023-01-05 12:00:00,0.1310375
2023-01-05 13:00:00,0.130941667
2023-01-05 14:00:00,0.130811111
2023-01-05 15:00:00,0.130622222
2023-01-05 16:00:00,0.130379167
2023-01-05 17:00:00,0.130129167
2023-01-05 18:00:00,0.129811111
2023-01-05 19:00:00,0.129458333
2023-01-05 20:00:00,0.129105556
2023-01-05 21:00:00,0.128725
2023-01-05 22:00:00,0.128356944
2023-01-05 23:00:00,0.128043056
2023-01-06 00:00:00,0.127731944
2023-01-06 01:00:00,0.127423611
2023-01-06 02:00:00,0.1271125
2023-01-06 03:00:00,0.126831944
2023-01-06 04:00:00,0.12655
2023-01-06 05:00:00,0.126306944
2023-01-06 06:00:00,0.126094444
2023-01-06 07:00:00,0.125865278
2023-01-06 08:00:00,0.125633333
2023-01-06 09:00:00,0.125415278
2023-01-06 10:00:00,0.125201389
2023-01-06 11:00:00,0.124970833
2023-01-06 12:00:00,0.124730556
2023-01-06 13:00:00,0.124473611
2023-01-06 14:00:00,0.124220833
2023-01-06 15:00:00,0.123933333
2023-01-06 16:00:00,0.123602778
2023-01-06 17:00:00,0.123291667
2023-01-06 18:00:00,0.122977778
2023-01-06 19:00:00,0.122629167
2023-01-06 20:00:00,0.122281944
2023-01-06 21:00:00,0.121951389
2023-01-06 22:00:00,0.121625
2023-01-06 23:00:00,0.121334722
2023-01-07 00:00:00,0.121055556
2023-01-07 01:00:00,0.120804167
2023-01-07 02:00:00,0.120561111
2023-01-07 03:00:00,0.120384722
2023-01-07 04:00:00,0.120202778
2023-01-07 05:00:00,0.120106944
2023-01-07 06:00:00,0.120093056
2023-01-07 07:00:00,0.120177778
2023-01-07 08:00:00,0.120297222
2023-01-07 09:00:00,0.120401389
2023-01-07 10:00:00,0.120536111
2023-01-07 11:00:00,0.120781944
2023-01-07 12:00:00,0.120994444
2023-01-07 13:00:00,0.121266667
2023-01-07 14:00:00,0.121569444
2023-01-07 15:00:00,0.121959722
2023-01-07 16:00:00,0.122302778
2023-01-07 17:00:00,0.122588889
2023-01-07 18:00:00,0.122918056
2023-01-07 19:00:00,0.123255556
2023-01-07 20:00:00,0.123529167
2023-01-07 21:00:00,0.123808333
2023-01-07 22:00:00,0.124013889
2023-01-07 23:00:00,0.124266667
2023-01-08 00:00:00,0.1244875
2023-01-08 01:00:00,0.124708333
2023-01-08 02:00:00,0.124908333
2023-01-08 03:00:00,0.125111111
2023-01-08 04:00:00,0.125345833
2023-01-08 05:00:00,0.125577778
2023-01-08 06:00:00,0.125845833
2023-01-08 07:00:00,0.126173611
2023-01-08 08:00:00,0.126538889
2023-01-08 09:00:00,0.126876389
2023-01-08 10:00:00,0.1272625
2023-01-08 11:00:00,0.127656944
2023-01-08 12:00:00,0.128066667
2023-01-08 13:00:00,0.128479167
2023-01-08 14:00:00,0.128893056
2023-01-08 15:00:00,0.129293056
2023-01-08 16:00:00,0.129669444
2023-01-08 17:00:00,0.130030556
2023-01-08 18:00:00,0.130383333
2023-01-08 19:00:00,0.130654167
2023-01-08 20:00:00,0.130893056
2023-01-08 21:00:00,0.131104167
2023-01-08 22:00:00,0.131290278
2023-01-08 23:00:00,0.131447222
2023-01-09 00:00:00,0.131577778
2023-01-09 01:00:00,0.131697222
2023-01-09 02:00:00,0.131773611
2023-01-09 03:00:00,0.131854167
2023-01-09 04:00:00,0.131916667
2023-01-09 05:00:00,0.131969444
2023-01-09 06:00:00,0.132025
2023-01-09 07:00:00,0.132083333
2023-01-09 08:00:00,0.132180556
2023-01-09 09:00:00,0.132281944
2023-01-09 10:00:00,0.132377778
2023-01-09 11:00:00,0.132486111
2023-01-09 12:00:00,0.132636111
2023-01-09 13:00:00,0.132804167
2023-01-09 14:00:00,0.132997222
2023-01-09 15:00:00,0.133201389
2023-01-09 16:00:00,0.133436111
2023-01-09 17:00:00,0.133677778
2023-01-09 18:00:00,0.133995833
2023-01-09 19:00:00,0.134354167
2023-01-09 20:00:00,0.1346875
2023-01-09 21:00:00,0.135022222
2023-01-09 22:00:00,0.135372222
2023-01-09 23:00:00,0.135697222
2023-01-10 00:00:00,0.135983333
2023-01-10 01:00:00,0.136280556
2023-01-10 02:00:00,0.136581944
2023-01-10 03:00:00,0.136875
2023-01-10 04:00:00,0.137183333
2023-01-10 05:00:00,0.1374875
2023-01-10 06:00:00,0.137788889
2023-01-10 07:00:00,0.138083333
2023-01-10 08:00:00,0.1384625
2023-01-10 09:00:00,0.138901389
2023-01-10 10:00:00,0.139456944
2023-01-10 11:00:00,0.139998611
2023-01-10 12:00:00,0.140466667
2023-01-10 13:00:00,0.141118056
2023-01-10 14:00:00,0.141801389
2023-01-10 15:00:00,0.142461111
2023-01-10 16:00:00,0.143120833
2023-01-10 17:00:00,0.143788889
2023-01-10 18:00:00,0.144465278
2023-01-10 19:00:00,0.145106944
2023-01-10 20:00:00,0.145727778
2023-01-10 21:00:00,0.146293056
2023-01-10 22:00:00,0.146769444
2023-01-10 23:00:00,0.147201389
2023-01-11 00:00:00,0.147573611
2023-01-11 01:00:00,0.147844444
2023-01-11 02:00:00,0.147983333
2023-01-11 03:00:00,0.148061111
2023-01-11 04:00:00,0.148048611
2023-01-11 05:00:00,0.147956944
2023-01-11 06:00:00,0.14785
2023-01-11 07:00:00,0.147698611
2023-01-11 08:00:00,0.147533333
2023-01-11 09:00:00,0.147401389
2023-01-11 10:00:00,0.147302778
2023-01-11 11:00:00,0.147231944
2023-01-11 12:00:00,0.1472125
2023-01-11 13:00:00,0.147208333
2023-01-11 14:00:00,0.147234722
2023-01-11 15:00:00,0.147316667
2023-01-11 16:00:00,0.147455556
2023-01-11 17:00:00,0.147648611
2023-01-11 18:00:00,0.147879167
2023-01-11 19:00:00,0.1481375
2023-01-11 20:00:00,0.148441667
2023-01-11 21:00:00,0.148744444
2023-01-11 22:00:00,0.149001389
2023-01-11 23:00:00,0.149205556
2023-01-12 00:00:00,0.149340278
2023-01-12 01:00:00,0.149373611
2023-01-12 02:00:00,0.149270833
2023-01-12 03:00:00,0.149059722
2023-01-12 04:00:00,0.148747222
2023-01-12 05:00:00,0.148347222
2023-01-12 06:00:00,0.1478625
2023-01-12 07:00:00,0.147302778
2023-01-12 08:00:00,0.146684722
2023-01-12 09:00:00,0.146048611
2023-01-12 10:00:00,0.145408333
2023-01-12 11:00:00,0.144777778
2023-01-12 12:00:00,0.144179167
2023-01-12 13:00:00,0.143638889
2023-01-12 14:00:00,0.143148611
2023-01-12 15:00:00,0.142740278
2023-01-12 16:00:00,0.1424125
2023-01-12 17:00:00,0.1421625
2023-01-12 18:00:00,0.141993056
2023-01-12 19:00:00,0.141851389
2023-01-12 20:00:00,0.141740278
2023-01-12 21:00:00,0.141645833
2023-01-12 22:00:00,0.14155
2023-01-12 23:00:00,0.141434722
2023-01-13 00:00:00,0.141304167
2023-01-13 01:00:00,0.141118056
2023-01-13 02:00:00,0.140872222
2023-01-13 03:00:00,0.140543056
2023-01-13 04:00:00,0.140129167
2023-01-13 05:00:00,0.139647222
2023-01-13 06:00:00,0.139130556
2023-01-13 07:00:00,0.138568056
2023-01-13 08:00:00,0.137983333
2023-01-13 09:00:00,0.137404167
2023-01-13 10:00:00,0.136823611
2023-01-13 11:00:00,0.136268056
2023-01-13 12:00:00,0.135748611
2023-01-13 13:00:00,0.1352875
2023-01-13 14:00:00,0.134890278
2023-01-13 15:00:00,0.134569444
2023-01-13 16:00:00,0.134311111
2023-01-13 17:00:00,0.134131944
2023-01-13 18:00:00,0.134027778
2023-01-13 19:00:00,0.1339625
2023-01-13 20:00:00,0.133929167
2023-01-13 21:00:00,0.1339375
2023-01-13 22:00:00,0.13395
2023-01-13 23:00:00,0.133945833
2023-01-14 00:00:00,0.133925
2023-01-14 01:00:00,0.133888889
2023-01-14 02:00:00,0.1337875
2023-01-14 03:00:00,0.133626389
2023-01-14 04:00:00,0.133402778
2023-01-14 05:00:00,0.133118056
2023-01-14 06:00:00,0.132780556
2023-01-14 07:00:00,0.132413889
2023-01-14 08:00:00,0.131990278
2023-01-14 09:00:00,0.131530556
2023-01-14 10:00:00,0.131045833
2023-01-14 11:00:00,0.130543056
2023-01-14 12:00:00,0.130077778
2023-01-14 13:00:00,0.129618056
2023-01-14 14:00:00,0.129177778
2023-01-14 15:00:00,0.128801389
2023-01-14 16:00:00,0.128440278
2023-01-14 17:00:00,0.128136111
2023-01-14 18:00:00,0.127891667
2023-01-14 19:00:00,0.1276625
2023-01-14 20:00:00,0.127468056
2023-01-14 21:00:00,0.127268056
2023-01-14 22:00:00,0.127038889
2023-01-14 23:00:00,0.1269
2023-01-15 00:00:00,0.1267625
2023-01-15 01:00:00,0.126679167
2023-01-15 02:00:00,0.126611111
2023-01-15 03:00:00,0.126531944
2023-01-15 04:00:00,0.126340278
2023-01-15 05:00:00,0.126129167
2023-01-15 06:00:00,0.126025
2023-01-15 07:00:00,0.125729167
2023-01-15 08:00:00,0.125418056
2023-01-15 09:00:00,0.125018056
2023-01-15 10:00:00,0.124590278
2023-01-15 11:00:00,0.124136111
2023-01-15 12:00:00,0.123658333
2023-01-15 13:00:00,0.1232375
2023-01-15 14:00:00,0.122795833
2023-01-15 15:00:00,0.122434722
2023-01-15 16:00:00,0.122102778
2023-01-15 17:00:00,0.121865278
2023-01-15 18:00:00,0.121702778
2023-01-15 19:00:00,0.121566667
2023-01-15 20:00:00,0.121522222
2023-01-15 21:00:00,0.121519444
2023-01-15 22:00:00,0.121509722
2023-01-15 23:00:00,0.121531944
2023-01-16 00:00:00,0.121575
2023-01-16 01:00:00,0.121623611
2023-01-16 02:00:00,0.121673611
2023-01-16 03:00:00,0.121708333
2023-01-16 04:00:00,0.121740278
2023-01-16 05:00:00,0.121763889
2023-01-16 06:00:00,0.121783333
2023-01-16 07:00:00,0.121770833
2023-01-16 08:00:00,0.121752778
2023-01-16 09:00:00,0.121719444
2023-01-16 10:00:00,0.1216625
2023-01-16 11:00:00,0.121593056
2023-01-16 12:00:00,0.121481944
2023-01-16 13:00:00,0.121333333
2023-01-16 14:00:00,0.121151389
2023-01-16 15:00:00,0.120951389
2023-01-16 16:00:00,0.120748611
2023-01-16 17:00:00,0.120547222
2023-01-16 18:00:00,0.120333333
2023-01-16 19:00:00,0.120131944
2023-01-16 20:00:00,0.119933333
2023-01-16 21:00:00,0.119761111
2023-01-16 22:00:00,0.119616667
2023-01-16 23:00:00,0.119493056
2023-01-17 00:00:00,0.1193875
2023-01-17 01:00:00,0.119283333
2023-01-17 02:00:00,0.119188889
2023-01-17 03:00:00,0.1191
2023-01-17 04:00:00,0.119023611
2023-01-17 05:00:00,0.118947222
2023-01-17 06:00:00,0.118868056
2023-01-17 07:00:00,0.118780556
2023-01-17 08:00:00,0.118688889
2023-01-17 09:00:00,0.118597222
2023-01-17 10:00:00,0.118494444
2023-01-17 11:00:00,0.118377778
2023-01-17 12:00:00,0.1182625
2023-01-17 13:00:00,0.118136111
2023-01-17 14:00:00,0.117997222
2023-01-17 15:00:00,0.117851389
2023-01-17 16:00:00,0.117706944
2023-01-17 17:00:00,0.117555556
2023-01-17 18:00:00,0.117406944
2023-01-17 19:00:00,0.117248611
2023-01-17 20:00:00,0.117098611
2023-01-17 21:00:00,0.116977778
2023-01-17 22:00:00,0.116847222
2023-01-17 23:00:00,0.116727778
2023-01-18 00:00:00,0.116623611
2023-01-18 01:00:00,0.116543056
2023-01-18 02:00:00,0.116458333
2023-01-18 03:00:00,0.116375
2023-01-18 04:00:00,0.1162875
2023-01-18 05:00:00,0.116201389
2023-01-18 06:00:00,0.116098611
2023-01-18 07:00:00,0.115988889
2023-01-18 08:00:00,0.115876389
2023-01-18 09:00:00,0.115734722
2023-01-18 10:00:00,0.115586111
2023-01-18 11:00:00,0.115422222
2023-01-18 12:00:00,0.115236111
2023-01-18 13:00:00,0.115045833
2023-01-18 14:00:00,0.114851389
2023-01-18 15:00:00,0.114636111
2023-01-18 16:00:00,0.114406944
2023-01-18 17:00:00,0.114168056
2023-01-18 18:00:00,0.113905556
2023-01-18 19:00:00,0.113643056
2023-01-18 20:00:00,0.113372222
2023-01-18 21:00:00,0.113072222
2023-01-18 22:00:00,0.112797222
2023-01-18 23:00:00,0.112533333
2023-01-19 00:00:00,0.112254167
2023-01-19 01:00:00,0.111980556
2023-01-19 02:00:00,0.111716667
2023-01-19 03:00:00,0.111483333
2023-01-19 04:00:00,0.111283333
2023-01-19 05:00:00,0.111044444
2023-01-19 06:00:00,0.110806944
2023-01-19 07:00:00,0.110527778
2023-01-19 08:00:00,0.110268056
2023-01-19 09:00:00,0.1100125
2023-01-19 10:00:00,0.109706944
2023-01-19 11:00:00,0.1093875
2023-01-19 12:00:00,0.109052778
2023-01-19 13:00:00,0.108719444
2023-01-19 14:00:00,0.108308333
2023-01-19 15:00:00,0.107897222
2023-01-19 16:00:00,0.10745
2023-01-19 17:00:00,0.107065278
2023-01-19 18:00:00,0.106686111
2023-01-19 19:00:00,0.106284722
2023-01-19 20:00:00,0.1059
2023-01-19 21:00:00,0.105556944
2023-01-19 22:00:00,0.105186111
2023-01-19 23:00:00,0.104765278
2023-01-20 00:00:00,0.104375
2023-01-20 01:00:00,0.103947222
2023-01-20 02:00:00,0.103508333
2023-01-20 03:00:00,0.103080556
2023-01-20 04:00:00,0.102680556
2023-01-20 05:00:00,0.102301389
2023-01-20 06:00:00,0.101929167
2023-01-20 07:00:00,0.101556944
2023-01-20 08:00:00,0.101183333
2023-01-20 09:00:00,0.100819444
2023-01-20 10:00:00,0.100465278
2023-01-20 11:00:00,0.100123611
2023-01-20 12:00:00,0.099791667
2023-01-20 13:00:00,0.099490278
2023-01-20 14:00:00,0.099197222
2023-01-20 15:00:00,0.098897222
2023-01-20 16:00:00,0.098641667
2023-01-20 17:00:00,0.098402778
2023-01-20 18:00:00,0.098172222
2023-01-20 19:00:00,0.0979625
2023-01-20 20:00:00,0.097754167
2023-01-20 21:00:00,0.0975625
2023-01-20 22:00:00,0.097341667
2023-01-20 23:00:00,0.097109722
2023-01-21 00:00:00,0.096866667
2023-01-21 01:00:00,0.096604167
2023-01-21 02:00:00,0.0963375
2023-01-21 03:00:00,0.096083333
2023-01-21 04:00:00,0.095841667
2023-01-21 05:00:00,0.095618056
2023-01-21 06:00:00,0.095431944
2023-01-21 07:00:00,0.095280556
2023-01-21 08:00:00,0.095163889
2023-01-21 09:00:00,0.095036111
2023-01-21 10:00:00,0.094933333
2023-01-21 11:00:00,0.094858333
2023-01-21 12:00:00,0.094794444
2023-01-21 13:00:00,0.094763889
2023-01-21 14:00:00,0.094765278
2023-01-21 15:00:00,0.094806944
2023-01-21 16:00:00,0.094905556
2023-01-21 17:00:00,0.095041667
2023-01-21 18:00:00,0.095183333
2023-01-21 19:00:00,0.095333333
2023-01-21 20:00:00,0.095476389
2023-01-21 21:00:00,0.0956125
2023-01-21 22:00:00,0.095756944
2023-01-21 23:00:00,0.095880556
2023-01-22 00:00:00,0.095965278
2023-01-22 01:00:00,0.096047222
2023-01-22 02:00:00,0.096094444
2023-01-22 03:00:00,0.096122222
2023-01-22 04:00:00,0.096127778
2023-01-22 05:00:00,0.096105556
2023-01-22 06:00:00,0.096063889
2023-01-22 07:00:00,0.096005556
2023-01-22 08:00:00,0.095959722
2023-01-22 09:00:00,0.095906944
2023-01-22 10:00:00,0.095861111
2023-01-22 11:00:00,0.095820833
2023-01-22 12:00:00,0.095781944
2023-01-22 13:00:00,0.095765278
2023-01-22 14:00:00,0.095773611
2023-01-22 15:00:00,0.095777778
2023-01-22 16:00:00,0.095815278
2023-01-22 17:00:00,0.095883333
2023-01-22 18:00:00,0.095968056
2023-01-22 19:00:00,0.096054167
2023-01-22 20:00:00,0.096129167
2023-01-22 21:00:00,0.096215278
2023-01-22 22:00:00,0.096291667
2023-01-22 23:00:00,0.096341667
2023-01-23 00:00:00,0.096376389
2023-01-23 01:00:00,0.096394444
2023-01-23 02:00:00,0.096386111
2023-01-23 03:00:00,0.096352778
2023-01-23 04:00:00,0.096315278
2023-01-23 05:00:00,0.096275
2023-01-23 06:00:00,0.096219444
2023-01-23 07:00:00,0.096176389
2023-01-23 08:00:00,0.096140278
2023-01-23 09:00:00,0.096113889
2023-01-23 10:00:00,0.096106944
2023-01-23 11:00:00,0.096108333
2023-01-23 12:00:00,0.096113889
2023-01-23 13:00:00,0.096130556
2023-01-23 14:00:00,0.096181944
2023-01-23 15:00:00,0.096233333
2023-01-23 16:00:00,0.096313889
2023-01-23 17:00:00,0.096402778
2023-01-23 18:00:00,0.096529167
2023-01-23 19:00:00,0.096670833
2023-01-23 20:00:00,0.096819444
2023-01-23 21:00:00,0.096941667
2023-01-23 22:00:00,0.097058333
2023-01-23 23:00:00,0.097127778
2023-01-24 00:00:00,0.097163889
2023-01-24 01:00:00,0.097170833
2023-01-24 02:00:00,0.097168056
2023-01-24 03:00:00,0.097123611
2023-01-24 04:00:00,0.097068056
2023-01-24 05:00:00,0.097025
2023-01-24 06:00:00,0.096966667
2023-01-24 07:00:00,0.096905556
2023-01-24 08:00:00,0.096884722
2023-01-24 09:00:00,0.096870833
2023-01-24 10:00:00,0.0968625
2023-01-24 11:00:00,0.096875
2023-01-24 12:00:00,0.096893056
2023-01-24 13:00:00,0.096933333
2023-01-24 14:00:00,0.096997222
2023-01-24 15:00:00,0.097095833
2023-01-24 16:00:00,0.097215278
2023-01-24 17:00:00,0.097361111
2023-01-24 18:00:00,0.097554167
2023-01-24 19:00:00,0.097781944
2023-01-24 20:00:00,0.097988889
2023-01-24 21:00:00,0.098194444
2023-01-24 22:00:00,0.098375
2023-01-24 23:00:00,0.098511111
2023-01-25 00:00:00,0.098623611
2023-01-25 01:00:00,0.098711111
2023-01-25 02:00:00,0.098756944
2023-01-25 03:00:00,0.0987625
2023-01-25 04:00:00,0.098763889
2023-01-25 05:00:00,0.098751389
2023-01-25 06:00:00,0.098745833
2023-01-25 07:00:00,0.098745833
2023-01-25 08:00:00,0.098761111
2023-01-25 09:00:00,0.098830556
2023-01-25 10:00:00,0.098916667
2023-01-25 11:00:00,0.0990125
2023-01-25 12:00:00,0.099159722
2023-01-25 13:00:00,0.099248611
2023-01-25 14:00:00,0.099420833
2023-01-25 15:00:00,0.099652778
2023-01-25 16:00:00,0.099873611
2023-01-25 17:00:00,0.100141667
2023-01-25 18:00:00,0.100456944
2023-01-25 19:00:00,0.100736111
2023-01-25 20:00:00,0.1010375
2023-01-25 21:00:00,0.101329167
2023-01-25 22:00:00,0.101590278
2023-01-25 23:00:00,0.101808333
2023-01-26 00:00:00,0.101986111
2023-01-26 01:00:00,0.102116667
2023-01-26 02:00:00,0.102177778
2023-01-26 03:00:00,0.102193056
2023-01-26 04:00:00,0.102163889
2023-01-26 05:00:00,0.102105556
2023-01-26 06:00:00,0.102038889
2023-01-26 07:00:00,0.101947222
2023-01-26 08:00:00,0.101865278
2023-01-26 09:00:00,0.101791667
2023-01-26 10:00:00,0.101741667
2023-01-26 11:00:00,0.101705556
2023-01-26 12:00:00,0.101684722
2023-01-26 13:00:00,0.101693056
2023-01-26 14:00:00,0.101752778
2023-01-26 15:00:00,0.101854167
2023-01-26 16:00:00,0.102005556
2023-01-26 17:00:00,0.102186111
2023-01-26 18:00:00,0.102384722
2023-01-26 19:00:00,0.102580556
2023-01-26 20:00:00,0.102806944
2023-01-26 21:00:00,0.103030556
2023-01-26 22:00:00,0.103151389
2023-01-26 23:00:00,0.103223611
2023-01-27 00:00:00,0.103226389
2023-01-27 01:00:00,0.103126389
2023-01-27 02:00:00,0.102947222
2023-01-27 03:00:00,0.102719444
2023-01-27 04:00:00,0.102480556
2023-01-27 05:00:00,0.102176389
2023-01-27 06:00:00,0.1018625
2023-01-27 07:00:00,0.101493056
2023-01-27 08:00:00,0.1011625
2023-01-27 09:00:00,0.100866667
2023-01-27 10:00:00,0.100605556
2023-01-27 11:00:00,0.100422222
2023-01-27 12:00:00,0.100298611
2023-01-27 13:00:00,0.100159722
2023-01-27 14:00:00,0.100116667
2023-01-27 15:00:00,0.100179167
2023-01-27 16:00:00,0.100245833
2023-01-27 17:00:00,0.1003375
2023-01-27 18:00:00,0.100526389
2023-01-27 19:00:00,0.100720833
2023-01-27 20:00:00,0.100883333
2023-01-27 21:00:00,0.101006944
2023-01-27 22:00:00,0.101076389
2023-01-27 23:00:00,0.101172222
2023-01-28 00:00:00,0.101243056
2023-01-28 01:00:00,0.1011875
2023-01-28 02:00:00,0.101030556
2023-01-28 03:00:00,0.100820833
2023-01-28 04:00:00,0.100604167
2023-01-28 05:00:00,0.100363889
2023-01-28 06:00:00,0.100108333
2023-01-28 07:00:00,0.099843056
2023-01-28 08:00:00,0.099594444
2023-01-28 09:00:00,0.099372222
2023-01-28 10:00:00,0.099151389
2023-01-28 11:00:00,0.098877778
2023-01-28 12:00:00,0.098695833
2023-01-28 13:00:00,0.0985375
2023-01-28 14:00:00,0.098388889
2023-01-28 15:00:00,0.098279167
2023-01-28 16:00:00,0.098181944
2023-01-28 17:00:00,0.098104167
2023-01-28 18:00:00,0.098104167
2023-01-28 19:00:00,0.09815
2023-01-28 20:00:00,0.098190278
2023-01-28 21:00:00,0.098236111
2023-01-28 22:00:00,0.098318056
2023-01-28 23:00:00,0.098406944
2023-01-29 00:00:00,0.098458333
2023-01-29 01:00:00,0.098468056
2023-01-29 02:00:00,0.098426389
2023-01-29 03:00:00,0.098323611
2023-01-29 04:00:00,0.098188889
2023-01-29 05:00:00,0.098034722
2023-01-29 06:00:00,0.097820833
2023-01-29 07:00:00,0.097634722
2023-01-29 08:00:00,0.097431944
2023-01-29 09:00:00,0.097211111
2023-01-29 10:00:00,0.0969875
2023-01-29 11:00:00,0.096801389
2023-01-29 12:00:00,0.096647222
2023-01-29 13:00:00,0.096561111
2023-01-29 14:00:00,0.0965125
2023-01-29 15:00:00,0.096511111
2023-01-29 16:00:00,0.096584722
2023-01-29 17:00:00,0.096686111
2023-01-29 18:00:00,0.096841667
2023-01-29 19:00:00,0.097052778
2023-01-29 20:00:00,0.097251389
2023-01-29 21:00:00,0.097469444
2023-01-29 22:00:00,0.097675
2023-01-29 23:00:00,0.097854167
2023-01-30 00:00:00,0.098025
2023-01-30 01:00:00,0.098168056
2023-01-30 02:00:00,0.098290278
2023-01-30 03:00:00,0.098381944
2023-01-30 04:00:00,0.098429167
2023-01-30 05:00:00,0.098445833
2023-01-30 06:00:00,0.098413889
2023-01-30 07:00:00,0.098322222
2023-01-30 08:00:00,0.0982125
2023-01-30 09:00:00,0.098081944
2023-01-30 10:00:00,0.097933333
2023-01-30 11:00:00,0.097791667
2023-01-30 12:00:00,0.097665278
2023-01-30 13:00:00,0.097580556
2023-01-30 14:00:00,0.097556944
2023-01-30 15:00:00,0.097586111
2023-01-30 16:00:00,0.097656944
2023-01-30 17:00:00,0.097816667
2023-01-30 18:00:00,0.098004167
2023-01-30 19:00:00,0.098236111
2023-01-30 20:00:00,0.098486111
2023-01-30 21:00:00,0.098776389
2023-01-30 22:00:00,0.099077778
2023-01-30 23:00:00,0.099373611
2023-01-31 00:00:00,0.099643056
2023-01-31 01:00:00,0.099876389
2023-01-31 02:00:00,0.1000875
2023-01-31 03:00:00,0.100255556
2023-01-31 04:00:00,0.100380556
2023-01-31 05:00:00,0.100463889
2023-01-31 06:00:00,0.100511111
2023-01-31 07:00:00,0.100543056
2023-01-31 08:00:00,0.100518056
2023-01-31 09:00:00,0.100454167
2023-01-31 10:00:00,0.100384722
2023-01-31 11:00:00,0.100283333
2023-01-31 12:00:00,0.100138889
2023-01-31 13:00:00,0.099968056
2023-01-31 14:00:00,0.099791667
2023-01-31 15:00:00,0.099629167
2023-01-31 16:00:00,0.099461111
2023-01-31 17:00:00,0.099330556
2023-01-31 18:00:00,0.099220833
2023-01-31 19:00:00,0.099115278
2023-01-31 20:00:00,0.099033333
2023-01-31 21:00:00,0.098980556
2023-01-31 22:00:00,0.098943056
2023-01-31 23:00:00,0.098920833
2024-01-01 00:00:00,0.109852778
2024-01-01 01:00:00,0.109608333
2024-01-01 02:00:00,0.109326389
2024-01-01 03:00:00,0.108997222
2024-01-01 04:00:00,0.108613889
2024-01-01 05:00:00,0.108206944
2024-01-01 06:00:00,0.107759722
2024-01-01 07:00:00,0.107258333
2024-01-01 08:00:00,0.106801389
2024-01-01 09:00:00,0.106316667
2024-01-01 10:00:00,0.10575
2024-01-01 11:00:00,0.105204167
2024-01-01 12:00:00,0.104698611
2024-01-01 13:00:00,0.104195833
2024-01-01 14:00:00,0.103694444
2024-01-01 15:00:00,0.103188889
2024-01-01 16:00:00,0.102748611
2024-01-01 17:00:00,0.102369444
2024-01-01 18:00:00,0.102043056
2024-01-01 19:00:00,0.101777778
2024-01-01 20:00:00,0.1016125
2024-01-01 21:00:00,0.101422222
2024-01-01 22:00:00,0.101263889
2024-01-01 23:00:00,0.101095833
2024-01-02 00:00:00,0.100902778
2024-01-02 01:00:00,0.100666667
2024-01-02 02:00:00,0.100384722
2024-01-02 03:00:00,0.100011111
2024-01-02 04:00:00,0.099529167
2024-01-02 05:00:00,0.098958333
2024-01-02 06:00:00,0.098355556
2024-01-02 07:00:00,0.097733333
2024-01-02 08:00:00,0.097093056
2024-01-02 09:00:00,0.096497222
2024-01-02 10:00:00,0.095926389
2024-01-02 11:00:00,0.095398611
2024-01-02 12:00:00,0.094916667
2024-01-02 13:00:00,0.094508333
2024-01-02 14:00:00,0.094155556
2024-01-02 15:00:00,0.093854167
2024-01-02 16:00:00,0.093643056
2024-01-02 17:00:00,0.093475
2024-01-02 18:00:00,0.093373611
2024-01-02 19:00:00,0.093355556
2024-01-02 20:00:00,0.093366667
2024-01-02 21:00:00,0.093393056
2024-01-02 22:00:00,0.093438889
2024-01-02 23:00:00,0.093480556
2024-01-03 00:00:00,0.093491667
2024-01-03 01:00:00,0.093445833
2024-01-03 02:00:00,0.093306944
2024-01-03 03:00:00,0.093086111
2024-01-03 04:00:00,0.092823611
2024-01-03 05:00:00,0.0924875
2024-01-03 06:00:00,0.092081944
2024-01-03 07:00:00,0.091643056
2024-01-03 08:00:00,0.091198611
2024-01-03 09:00:00,0.090741667
2024-01-03 10:00:00,0.090320833
2024-01-03 11:00:00,0.089963889
2024-01-03 12:00:00,0.089698611
2024-01-03 13:00:00,0.089505556
2024-01-03 14:00:00,0.089380556
2024-01-03 15:00:00,0.089311111
2024-01-03 16:00:00,0.089327778
2024-01-03 17:00:00,0.089425
2024-01-03 18:00:00,0.089595833
2024-01-03 19:00:00,0.089823611
2024-01-03 20:00:00,0.090084722
2024-01-03 21:00:00,0.090375
2024-01-03 22:00:00,0.090665278
2024-01-03 23:00:00,0.090938889
2024-01-04 00:00:00,0.091201389
2024-01-04 01:00:00,0.091431944
2024-01-04 02:00:00,0.0916375
2024-01-04 03:00:00,0.091775
2024-01-04 04:00:00,0.091829167
2024-01-04 05:00:00,0.091830556
2024-01-04 06:00:00,0.091766667
2024-01-04 07:00:00,0.091641667
2024-01-04 08:00:00,0.091436111
2024-01-04 09:00:00,0.0912
2024-01-04 10:00:00,0.090934722
2024-01-04 11:00:00,0.090631944
2024-01-04 12:00:00,0.090301389
2024-01-04 13:00:00,0.089922222
2024-01-04 14:00:00,0.089561111
2024-01-04 15:00:00,0.089204167
2024-01-04 16:00:00,0.088923611
2024-01-04 17:00:00,0.088744444
2024-01-04 18:00:00,0.088579167
2024-01-04 19:00:00,0.088468056
2024-01-04 20:00:00,0.088455556
2024-01-04 21:00:00,0.088440278
2024-01-04 22:00:00,0.088401389
2024-01-04 23:00:00,0.088384722
2024-01-05 00:00:00,0.088408333
2024-01-05 01:00:00,0.088408333
2024-01-05 02:00:00,0.088344444
2024-01-05 03:00:00,0.088218056
2024-01-05 04:00:00,0.088011111
2024-01-05 05:00:00,0.087743056
2024-01-05 06:00:00,0.087452778
2024-01-05 07:00:00,0.0871
2024-01-05 08:00:00,0.086730556
2024-01-05 09:00:00,0.086268056
2024-01-05 10:00:00,0.085727778
2024-01-05 11:00:00,0.085197222
2024-01-05 12:00:00,0.084647222
2024-01-05 13:00:00,0.084030556
2024-01-05 14:00:00,0.083441667
2024-01-05 15:00:00,0.082915278
2024-01-05 16:00:00,0.082380556
2024-01-05 17:00:00,0.081877778
2024-01-05 18:00:00,0.081416667
2024-01-05 19:00:00,0.080966667
2024-01-05 20:00:00,0.080552778
2024-01-05 21:00:00,0.080144444
2024-01-05 22:00:00,0.079751389
2024-01-05 23:00:00,0.079373611
2024-01-06 00:00:00,0.078981944
2024-01-06 01:00:00,0.078576389
2024-01-06 02:00:00,0.078163889
2024-01-06 03:00:00,0.0777125
2024-01-06 04:00:00,0.0772375
2024-01-06 05:00:00,0.076727778
2024-01-06 06:00:00,0.076209722
2024-01-06 07:00:00,0.0756375
2024-01-06 08:00:00,0.075076389
2024-01-06 09:00:00,0.074497222
2024-01-06 10:00:00,0.073881944
2024-01-06 11:00:00,0.073273611
2024-01-06 12:00:00,0.072644444
2024-01-06 13:00:00,0.0719625
2024-01-06 14:00:00,0.0712875
2024-01-06 15:00:00,0.070630556
2024-01-06 16:00:00,0.0699875
2024-01-06 17:00:00,0.069354167
2024-01-06 18:00:00,0.068736111
2024-01-06 19:00:00,0.068129167
2024-01-06 20:00:00,0.06755
2024-01-06 21:00:00,0.067009722
2024-01-06 22:00:00,0.066491667
2024-01-06 23:00:00,0.066023611
2024-01-07 00:00:00,0.065572222
2024-01-07 01:00:00,0.065125
2024-01-07 02:00:00,0.064730556
2024-01-07 03:00:00,0.064365278
2024-01-07 04:00:00,0.064008333
2024-01-07 05:00:00,0.063659722
2024-01-07 06:00:00,0.063293056
2024-01-07 07:00:00,0.06295
2024-01-07 08:00:00,0.0626
2024-01-07 09:00:00,0.062255556
2024-01-07 10:00:00,0.061894444
2024-01-07 11:00:00,0.061523611
2024-01-07 12:00:00,0.06115
2024-01-07 13:00:00,0.060776389
2024-01-07 14:00:00,0.060390278
2024-01-07 15:00:00,0.059984722
2024-01-07 16:00:00,0.059590278
2024-01-07 17:00:00,0.059209722
2024-01-07 18:00:00,0.058838889
2024-01-07 19:00:00,0.058480556
2024-01-07 20:00:00,0.0581375
2024-01-07 21:00:00,0.057829167
2024-01-07 22:00:00,0.057561111
2024-01-07 23:00:00,0.0572875
2024-01-08 00:00:00,0.057047222
2024-01-08 01:00:00,0.056826389
2024-01-08 02:00:00,0.056629167
2024-01-08 03:00:00,0.056468056
2024-01-08 04:00:00,0.056340278
2024-01-08 05:00:00,0.056230556
2024-01-08 06:00:00,0.056170833
2024-01-08 07:00:00,0.056123611
2024-01-08 08:00:00,0.056072222
2024-01-08 09:00:00,0.056034722
2024-01-08 10:00:00,0.056009722
2024-01-08 11:00:00,0.055951389
2024-01-08 12:00:00,0.055869444
2024-01-08 13:00:00,0.055744444
2024-01-08 14:00:00,0.055586111
2024-01-08 15:00:00,0.055391667
2024-01-08 16:00:00,0.055147222
2024-01-08 17:00:00,0.054845833
2024-01-08 18:00:00,0.05455
2024-01-08 19:00:00,0.054244444
2024-01-08 20:00:00,0.053915278
2024-01-08 21:00:00,0.053559722
2024-01-08 22:00:00,0.053238889
2024-01-08 23:00:00,0.052906944
2024-01-09 00:00:00,0.052568056
2024-01-09 01:00:00,0.052211111
2024-01-09 02:00:00,0.051884722
2024-01-09 03:00:00,0.051518056
2024-01-09 04:00:00,0.051143056
2024-01-09 05:00:00,0.050780556
2024-01-09 06:00:00,0.050420833
2024-01-09 07:00:00,0.050033333
2024-01-09 08:00:00,0.049654167
2024-01-09 09:00:00,0.049230556
2024-01-09 10:00:00,0.0487875
2024-01-09 11:00:00,0.0483125
2024-01-09 12:00:00,0.047802778
2024-01-09 13:00:00,0.047316667
2024-01-09 14:00:00,0.046784722
2024-01-09 15:00:00,0.046277778
2024-01-09 16:00:00,0.045744444
2024-01-09 17:00:00,0.045201389
2024-01-09 18:00:00,0.044705556
2024-01-09 19:00:00,0.044248611
2024-01-09 20:00:00,0.043801389
2024-01-09 21:00:00,0.043368056
2024-01-09 22:00:00,0.042922222
2024-01-09 23:00:00,0.042436111
2024-01-10 00:00:00,0.041983333
2024-01-10 01:00:00,0.041515278
2024-01-10 02:00:00,0.041070833
2024-01-10 03:00:00,0.040629167
2024-01-10 04:00:00,0.040208333
2024-01-10 05:00:00,0.039834722
2024-01-10 06:00:00,0.039515278
2024-01-10 07:00:00,0.039241667
2024-01-10 08:00:00,0.038988889
2024-01-10 09:00:00,0.038734722
2024-01-10 10:00:00,0.038506944
2024-01-10 11:00:00,0.038294444
2024-01-10 12:00:00,0.038084722
2024-01-10 13:00:00,0.037877778
2024-01-10 14:00:00,0.037677778
2024-01-10 15:00:00,0.037491667
2024-01-10 16:00:00,0.037316667
2024-01-10 17:00:00,0.037140278
2024-01-10 18:00:00,0.036948611
2024-01-10 19:00:00,0.036761111
2024-01-10 20:00:00,0.036566667
2024-01-10 21:00:00,0.036356944
2024-01-10 22:00:00,0.036119444
2024-01-10 23:00:00,0.035895833
2024-01-11 00:00:00,0.035629167
2024-01-11 01:00:00,0.035384722
2024-01-11 02:00:00,0.035130556
2024-01-11 03:00:00,0.034863889
2024-01-11 04:00:00,0.034618056
2024-01-11 05:00:00,0.034390278
2024-01-11 06:00:00,0.034202778
2024-01-11 07:00:00,0.034022222
2024-01-11 08:00:00,0.033929167
2024-01-11 09:00:00,0.033854167
2024-01-11 10:00:00,0.033779167
2024-01-11 11:00:00,0.033726389
2024-01-11 12:00:00,0.033691667
2024-01-11 13:00:00,0.033665278
2024-01-11 14:00:00,0.033636111
2024-01-11 15:00:00,0.033604167
2024-01-11 16:00:00,0.033540278
2024-01-11 17:00:00,0.033509722
2024-01-11 18:00:00,0.033458333
2024-01-11 19:00:00,0.033398611
2024-01-11 20:00:00,0.033306944
2024-01-11 21:00:00,0.033181944
2024-01-11 22:00:00,0.033068056
2024-01-11 23:00:00,0.032898611
2024-01-12 00:00:00,0.032704167
2024-01-12 01:00:00,0.032483333
2024-01-12 02:00:00,0.032294444
2024-01-12 03:00:00,0.032080556
2024-01-12 04:00:00,0.031868056
2024-01-12 05:00:00,0.031693056
2024-01-12 06:00:00,0.031501389
2024-01-12 07:00:00,0.031370833
2024-01-12 08:00:00,0.031234722
2024-01-12 09:00:00,0.031101389
2024-01-12 10:00:00,0.030984722
2024-01-12 11:00:00,0.030886111
2024-01-12 12:00:00,0.030795833
2024-01-12 13:00:00,0.030706944
2024-01-12 14:00:00,0.030645833
2024-01-12 15:00:00,0.030591667
2024-01-12 16:00:00,0.030573611
2024-01-12 17:00:00,0.030579167
2024-01-12 18:00:00,0.030640278
2024-01-12 19:00:00,0.030688889
2024-01-12 20:00:00,0.030759722
2024-01-12 21:00:00,0.030845833
2024-01-12 22:00:00,0.030902778
2024-01-12 23:00:00,0.030876389
2024-01-13 00:00:00,0.030798611
2024-01-13 01:00:00,0.0307125
2024-01-13 02:00:00,0.030568056
2024-01-13 03:00:00,0.030419444
2024-01-13 04:00:00,0.0302625
2024-01-13 05:00:00,0.030068056
2024-01-13 06:00:00,0.029843056
2024-01-13 07:00:00,0.029634722
2024-01-13 08:00:00,0.0294125
2024-01-13 09:00:00,0.029158333
2024-01-13 10:00:00,0.028952778
2024-01-13 11:00:00,0.028747222
2024-01-13 12:00:00,0.028572222
2024-01-13 13:00:00,0.028454167
2024-01-13 14:00:00,0.028333333
2024-01-13 15:00:00,0.0282125
2024-01-13 16:00:00,0.028108333
2024-01-13 17:00:00,0.028043056
2024-01-13 18:00:00,0.028001389
2024-01-13 19:00:00,0.027993056
2024-01-13 20:00:00,0.027986111
2024-01-13 21:00:00,0.027963889
2024-01-13 22:00:00,0.027895833
2024-01-13 23:00:00,0.027804167
2024-01-14 00:00:00,0.027679167
2024-01-14 01:00:00,0.0275
2024-01-14 02:00:00,0.027251389
2024-01-14 03:00:00,0.026965278
2024-01-14 04:00:00,0.026652778
2024-01-14 05:00:00,0.026297222
2024-01-14 06:00:00,0.025902778
2024-01-14 07:00:00,0.0255
2024-01-14 08:00:00,0.0251
2024-01-14 09:00:00,0.024711111
2024-01-14 10:00:00,0.024331944
2024-01-14 11:00:00,0.023968056
2024-01-14 12:00:00,0.023638889
2024-01-14 13:00:00,0.0233375
2024-01-14 14:00:00,0.023073611
2024-01-14 15:00:00,0.022818056
2024-01-14 16:00:00,0.022586111
2024-01-14 17:00:00,0.022419444
2024-01-14 18:00:00,0.022295833
2024-01-14 19:00:00,0.022208333
2024-01-14 20:00:00,0.022144444
2024-01-14 21:00:00,0.022056944
2024-01-14 22:00:00,0.021963889
2024-01-14 23:00:00,0.021858333
2024-01-15 00:00:00,0.021718056
2024-01-15 01:00:00,0.021520833
2024-01-15 02:00:00,0.021277778
2024-01-15 03:00:00,0.021002778
2024-01-15 04:00:00,0.020683333
2024-01-15 05:00:00,0.020348611
2024-01-15 06:00:00,0.019965278
2024-01-15 07:00:00,0.019566667
2024-01-15 08:00:00,0.019179167
2024-01-15 09:00:00,0.018790278
2024-01-15 10:00:00,0.018425
2024-01-15 11:00:00,0.018091667
2024-01-15 12:00:00,0.017786111
2024-01-15 13:00:00,0.017515278
2024-01-15 14:00:00,0.017293056
2024-01-15 15:00:00,0.017102778
2024-01-15 16:00:00,0.016970833
2024-01-15 17:00:00,0.016905556
2024-01-15 18:00:00,0.016895833
2024-01-15 19:00:00,0.016913889
2024-01-15 20:00:00,0.016948611
2024-01-15 21:00:00,0.016998611
2024-01-15 22:00:00,0.017031944
2024-01-15 23:00:00,0.017045833
2024-01-16 00:00:00,0.017015278
2024-01-16 01:00:00,0.016918056
2024-01-16 02:00:00,0.016777778
2024-01-16 03:00:00,0.016594444
2024-01-16 04:00:00,0.016351389
2024-01-16 05:00:00,0.016055556
2024-01-16 06:00:00,0.015705556
2024-01-16 07:00:00,0.015323611
2024-01-16 08:00:00,0.014936111
2024-01-16 09:00:00,0.014568056
2024-01-16 10:00:00,0.014236111
2024-01-16 11:00:00,0.013916667
2024-01-16 12:00:00,0.013629167
2024-01-16 13:00:00,0.013386111
2024-01-16 14:00:00,0.013193056
2024-01-16 15:00:00,0.013045833
2024-01-16 16:00:00,0.012958333
2024-01-16 17:00:00,0.012930556
2024-01-16 18:00:00,0.012951389
2024-01-16 19:00:00,0.0130375
2024-01-16 20:00:00,0.013156944
2024-01-16 21:00:00,0.013255556
2024-01-16 22:00:00,0.013348611
2024-01-16 23:00:00,0.013418056
2024-01-17 00:00:00,0.013415278
2024-01-17 01:00:00,0.013338889
2024-01-17 02:00:00,0.013216667
2024-01-17 03:00:00,0.013026389
2024-01-17 04:00:00,0.012773611
2024-01-17 05:00:00,0.012469444
2024-01-17 06:00:00,0.012166667
2024-01-17 07:00:00,0.011856944
2024-01-17 08:00:00,0.011558333
2024-01-17 09:00:00,0.011273611
2024-01-17 10:00:00,0.011029167
2024-01-17 11:00:00,0.01085
2024-01-17 12:00:00,0.0107375
2024-01-17 13:00:00,0.010658333
2024-01-17 14:00:00,0.010633333
2024-01-17 15:00:00,0.010652778
2024-01-17 16:00:00,0.010709722
2024-01-17 17:00:00,0.0108125
2024-01-17 18:00:00,0.010966667
2024-01-17 19:00:00,0.011136111
2024-01-17 20:00:00,0.011309722
2024-01-17 21:00:00,0.011486111
2024-01-17 22:00:00,0.011666667
2024-01-17 23:00:00,0.011822222
2024-01-18 00:00:00,0.011938889
2024-01-18 01:00:00,0.012011111
2024-01-18 02:00:00,0.012036111
2024-01-18 03:00:00,0.012008333
2024-01-18 04:00:00,0.011940278
2024-01-18 05:00:00,0.011819444
2024-01-18 06:00:00,0.011654167
2024-01-18 07:00:00,0.011452778
2024-01-18 08:00:00,0.011254167
2024-01-18 09:00:00,0.011025
2024-01-18 10:00:00,0.010768056
2024-01-18 11:00:00,0.010556944
2024-01-18 12:00:00,0.010373611
2024-01-18 13:00:00,0.0102
2024-01-18 14:00:00,0.010066667
2024-01-18 15:00:00,0.009980556
2024-01-18 16:00:00,0.009873611
2024-01-18 17:00:00,0.009808333
2024-01-18 18:00:00,0.009794444
2024-01-18 19:00:00,0.009804167
2024-01-18 20:00:00,0.009829167
2024-01-18 21:00:00,0.009868056
2024-01-18 22:00:00,0.009918056
2024-01-18 23:00:00,0.009870833
2024-01-19 00:00:00,0.0099125
2024-01-19 01:00:00,0.009898611
2024-01-19 02:00:00,0.009845833
2024-01-19 03:00:00,0.009755556
2024-01-19 04:00:00,0.00965
2024-01-19 05:00:00,0.009522222
2024-01-19 06:00:00,0.009345833
2024-01-19 07:00:00,0.009144444
2024-01-19 08:00:00,0.008902778
2024-01-19 09:00:00,0.008618056
2024-01-19 10:00:00,0.0083375
2024-01-19 11:00:00,0.008066667
2024-01-19 12:00:00,0.007826389
2024-01-19 13:00:00,0.00765
2024-01-19 14:00:00,0.00755
2024-01-19 15:00:00,0.007523611
2024-01-19 16:00:00,0.007556944
2024-01-19 17:00:00,0.007661111
2024-01-19 18:00:00,0.007829167
2024-01-19 19:00:00,0.008030556
2024-01-19 20:00:00,0.008252778
2024-01-19 21:00:00,0.008544444
2024-01-19 22:00:00,0.008840278
2024-01-19 23:00:00,0.009144444
2024-01-20 00:00:00,0.009422222
2024-01-20 01:00:00,0.009694444
2024-01-20 02:00:00,0.010011111
2024-01-20 03:00:00,0.010326389
2024-01-20 04:00:00,0.010618056
2024-01-20 05:00:00,0.010891667
2024-01-20 06:00:00,0.011194444
2024-01-20 07:00:00,0.011456944
2024-01-20 08:00:00,0.011708333
2024-01-20 09:00:00,0.011941667
2024-01-20 10:00:00,0.012155556
2024-01-20 11:00:00,0.012369444
2024-01-20 12:00:00,0.012616667
2024-01-20 13:00:00,0.012894444
2024-01-20 14:00:00,0.013097222
2024-01-20 15:00:00,0.013341667
2024-01-20 16:00:00,0.013544444
2024-01-20 17:00:00,0.013740278
2024-01-20 18:00:00,0.013970833
2024-01-20 19:00:00,0.014225
2024-01-20 20:00:00,0.014486111
2024-01-20 21:00:00,0.014761111
2024-01-20 22:00:00,0.015038889
2024-01-20 23:00:00,0.015320833
2024-01-21 00:00:00,0.015551389
2024-01-21 01:00:00,0.015731944
2024-01-21 02:00:00,0.015831944
2024-01-21 03:00:00,0.015881944
2024-01-21 04:00:00,0.015888889
2024-01-21 05:00:00,0.015738889
2024-01-21 06:00:00,0.015590278
2024-01-21 07:00:00,0.015372222
2024-01-21 08:00:00,0.015222222
2024-01-21 09:00:00,0.015069444
2024-01-21 10:00:00,0.014891667
2024-01-21 11:00:00,0.014752778
2024-01-21 12:00:00,0.014552778
2024-01-21 13:00:00,0.014375
2024-01-21 14:00:00,0.014243056
2024-01-21 15:00:00,0.014138889
2024-01-21 16:00:00,0.014063889
2024-01-21 17:00:00,0.014023611
2024-01-21 18:00:00,0.014020833
2024-01-21 19:00:00,0.0140375
2024-01-21 20:00:00,0.014076389
2024-01-21 21:00:00,0.014063889
2024-01-21 22:00:00,0.014038889
2024-01-21 23:00:00,0.014034722
2024-01-22 00:00:00,0.013981944
2024-01-22 01:00:00,0.013897222
2024-01-22 02:00:00,0.013784722
2024-01-22 03:00:00,0.013643056
2024-01-22 04:00:00,0.013473611
2024-01-22 05:00:00,0.013308333
2024-01-22 06:00:00,0.013154167
2024-01-22 07:00:00,0.012988889
2024-01-22 08:00:00,0.012836111
2024-01-22 09:00:00,0.012676389
2024-01-22 10:00:00,0.012516667
2024-01-22 11:00:00,0.012366667
2024-01-22 12:00:00,0.012206944
2024-01-22 13:00:00,0.012073611
2024-01-22 14:00:00,0.011952778
2024-01-22 15:00:00,0.011834722
2024-01-22 16:00:00,0.011740278
2024-01-22 17:00:00,0.011659722
2024-01-22 18:00:00,0.011590278
2024-01-22 19:00:00,0.011529167
2024-01-22 20:00:00,0.011506944
2024-01-22 21:00:00,0.011498611
2024-01-22 22:00:00,0.011494444
2024-01-22 23:00:00,0.011501389
2024-01-23 00:00:00,0.011527778
2024-01-23 01:00:00,0.011576389
2024-01-23 02:00:00,0.011634722
2024-01-23 03:00:00,0.011738889
2024-01-23 04:00:00,0.0118375
2024-01-23 05:00:00,0.011958333
2024-01-23 06:00:00,0.012077778
2024-01-23 07:00:00,0.012175
2024-01-23 08:00:00,0.012266667
2024-01-23 09:00:00,0.012330556
2024-01-23 10:00:00,0.012344444
2024-01-23 11:00:00,0.012341667
2024-01-23 12:00:00,0.012318056
2024-01-23 13:00:00,0.012266667
2024-01-23 14:00:00,0.012170833
2024-01-23 15:00:00,0.0119625
2024-01-23 16:00:00,0.011720833
2024-01-23 17:00:00,0.011401389
2024-01-23 18:00:00,0.011033333
2024-01-23 19:00:00,0.010684722
2024-01-23 20:00:00,0.010322222
2024-01-23 21:00:00,0.0099125
2024-01-23 22:00:00,0.009508333
2024-01-23 23:00:00,0.009119444
2024-01-24 00:00:00,0.0086875
2024-01-24 01:00:00,0.008225
2024-01-24 02:00:00,0.007781944
2024-01-24 03:00:00,0.007301389
2024-01-24 04:00:00,0.006755556
2024-01-24 05:00:00,0.006236111
2024-01-24 06:00:00,0.005694444
2024-01-24 07:00:00,0.005034722
2024-01-24 08:00:00,0.004375
2024-01-24 09:00:00,0.003676389
2024-01-24 10:00:00,0.002895833
2024-01-24 11:00:00,0.0021
2024-01-24 12:00:00,0.001263889
2024-01-24 13:00:00,0.000402778
2024-01-24 14:00:00,-0.000579167
2024-01-24 15:00:00,-0.001265278
2024-01-24 16:00:00,-0.002116667
2024-01-24 17:00:00,-0.002901389
2024-01-24 18:00:00,-0.003470833
2024-01-24 19:00:00,-0.004019444
2024-01-24 20:00:00,-0.004572222
2024-01-24 21:00:00,-0.005159722
2024-01-24 22:00:00,-0.005591667
2024-01-24 23:00:00,-0.0061
2024-01-25 00:00:00,-0.006520833
2024-01-25 01:00:00,-0.006897222
2024-01-25 02:00:00,-0.007247222
2024-01-25 03:00:00,-0.007543056
2024-01-25 04:00:00,-0.007669444
2024-01-25 05:00:00,-0.007709722
2024-01-25 06:00:00,-0.007701389
2024-01-25 07:00:00,-0.007608333
2024-01-25 08:00:00,-0.007468056
2024-01-25 09:00:00,-0.007318056
2024-01-25 10:00:00,-0.007156944
2024-01-25 11:00:00,-0.006988889
2024-01-25 12:00:00,-0.006844444
2024-01-25 13:00:00,-0.006693056
2024-01-25 14:00:00,-0.006534722
2024-01-25 15:00:00,-0.006394444
2024-01-25 16:00:00,-0.006258333
2024-01-25 17:00:00,-0.006118056
2024-01-25 18:00:00,-0.005984722
2024-01-25 19:00:00,-0.005870833
2024-01-25 20:00:00,-0.005770833
2024-01-25 21:00:00,-0.005666667
2024-01-25 22:00:00,-0.005543056
2024-01-25 23:00:00,-0.005438889
2024-01-26 00:00:00,-0.005354167
2024-01-26 01:00:00,-0.005304167
2024-01-26 02:00:00,-0.005247222
2024-01-26 03:00:00,-0.005183333
2024-01-26 04:00:00,-0.005131944
2024-01-26 05:00:00,-0.005038889
2024-01-26 06:00:00,-0.004913889
2024-01-26 07:00:00,-0.004759722
2024-01-26 08:00:00,-0.004586111
2024-01-26 09:00:00,-0.004394444
2024-01-26 10:00:00,-0.004170833
2024-01-26 11:00:00,-0.003927778
2024-01-26 12:00:00,-0.003677778
2024-01-26 13:00:00,-0.0034125
2024-01-26 14:00:00,-0.003129167
2024-01-26 15:00:00,-0.002808333
2024-01-26 16:00:00,-0.002504167
2024-01-26 17:00:00,-0.002194444
2024-01-26 18:00:00,-0.0018625
2024-01-26 19:00:00,-0.001544444
2024-01-26 20:00:00,-0.001259722
2024-01-26 21:00:00,-0.001005556
2024-01-26 22:00:00,-0.000776389
2024-01-26 23:00:00,-0.000602778
2024-01-27 00:00:00,-0.000473611
2024-01-27 01:00:00,-0.000384722
2024-01-27 02:00:00,-0.000327778
2024-01-27 03:00:00,-0.000290278
2024-01-27 04:00:00,-0.000288889
2024-01-27 05:00:00,-0.000322222
2024-01-27 06:00:00,-0.000365278
2024-01-27 07:00:00,-0.000398611
2024-01-27 08:00:00,-0.000388889
2024-01-27 09:00:00,-0.000347222
2024-01-27 10:00:00,-0.000290278
2024-01-27 11:00:00,-0.000215278
2024-01-27 12:00:00,-0.000126389
2024-01-27 13:00:00,-2.92e-05
2024-01-27 14:00:00,9.31e-05
2024-01-27 15:00:00,0.000211111
2024-01-27 16:00:00,0.000323611
2024-01-27 17:00:00,0.000425
2024-01-27 18:00:00,0.0005625
2024-01-27 19:00:00,0.000658333
2024-01-27 20:00:00,0.000772222
2024-01-27 21:00:00,0.000826389
2024-01-27 22:00:00,0.000816667
2024-01-27 23:00:00,0.000720833
2024-01-28 00:00:00,0.000631944
2024-01-28 01:00:00,0.000541667
2024-01-28 02:00:00,0.000419444
2024-01-28 03:00:00,0.000290278
2024-01-28 04:00:00,0.000193056
2024-01-28 05:00:00,0.000126389
2024-01-28 06:00:00,7.78e-05
2024-01-28 07:00:00,0.000131944
2024-01-28 08:00:00,0.0003
2024-01-28 09:00:00,0.000540278
2024-01-28 10:00:00,0.000847222
2024-01-28 11:00:00,0.001220833
2024-01-28 12:00:00,0.001630556
2024-01-28 13:00:00,0.002095833
2024-01-28 14:00:00,0.002609722
2024-01-28 15:00:00,0.003158333
2024-01-28 16:00:00,0.003777778
2024-01-28 17:00:00,0.004438889
2024-01-28 18:00:00,0.005109722
2024-01-28 19:00:00,0.005769444
2024-01-28 20:00:00,0.006426389
2024-01-28 21:00:00,0.007065278
2024-01-28 22:00:00,0.007613889
2024-01-28 23:00:00,0.008090278
2024-01-29 00:00:00,0.008498611
2024-01-29 01:00:00,0.008802778
2024-01-29 02:00:00,0.008994444
2024-01-29 03:00:00,0.009104167
2024-01-29 04:00:00,0.009119444
2024-01-29 05:00:00,0.009016667
2024-01-29 06:00:00,0.008820833
2024-01-29 07:00:00,0.008609722
2024-01-29 08:00:00,0.008377778
2024-01-29 09:00:00,0.008145833
2024-01-29 10:00:00,0.007973611
2024-01-29 11:00:00,0.007830556
2024-01-29 12:00:00,0.007758333
2024-01-29 13:00:00,0.007751389
2024-01-29 14:00:00,0.007827778
2024-01-29 15:00:00,0.007970833
2024-01-29 16:00:00,0.008168056
2024-01-29 17:00:00,0.008434722
2024-01-29 18:00:00,0.008748611
2024-01-29 19:00:00,0.009120833
2024-01-29 20:00:00,0.0095125
2024-01-29 21:00:00,0.009901389
2024-01-29 22:00:00,0.010245833
2024-01-29 23:00:00,0.010509722
2024-01-30 00:00:00,0.010688889
2024-01-30 01:00:00,0.010770833
2024-01-30 02:00:00,0.010736111
2024-01-30 03:00:00,0.010579167
2024-01-30 04:00:00,0.010330556
2024-01-30 05:00:00,0.010013889
2024-01-30 06:00:00,0.009616667
2024-01-30 07:00:00,0.009181944
2024-01-30 08:00:00,0.008713889
2024-01-30 09:00:00,0.008240278
2024-01-30 10:00:00,0.007813889
2024-01-30 11:00:00,0.007444444
2024-01-30 12:00:00,0.00715
2024-01-30 13:00:00,0.006947222
2024-01-30 14:00:00,0.006838889
2024-01-30 15:00:00,0.0068125
2024-01-30 16:00:00,0.006858333
2024-01-30 17:00:00,0.006977778
2024-01-30 18:00:00,0.007136111
2024-01-30 19:00:00,0.007323611
2024-01-30 20:00:00,0.007504167
2024-01-30 21:00:00,0.007690278
2024-01-30 22:00:00,0.007804167
2024-01-30 23:00:00,0.007836111
2024-01-31 00:00:00,0.007836111
2024-01-31 01:00:00,0.007715278
2024-01-31 02:00:00,0.0075
2024-01-31 03:00:00,0.007194444
2024-01-31 04:00:00,0.0067875
2024-01-31 05:00:00,0.006295833
2024-01-31 06:00:00,0.0057375
2024-01-31 07:00:00,0.005159722
2024-01-31 08:00:00,0.004527778
2024-01-31 09:00:00,0.003895833
2024-01-31 10:00:00,0.003333333
2024-01-31 11:00:00,0.002833333
2024-01-31 12:00:00,0.002425
2024-01-31 13:00:00,0.002138889
2024-01-31 14:00:00,0.001969444
2024-01-31 15:00:00,0.001969444
2024-01-31 16:00:00,0.002008333
2024-01-31 17:00:00,0.002115278
2024-01-31 18:00:00,0.002311111
2024-01-31 19:00:00,0.002534722
2024-01-31 20:00:00,0.002752778
2024-01-31 21:00:00,0.003045833
2024-01-31 22:00:00,0.003331944
2024-01-31 23:00:00,0.003579167
2025-01-01 00:00:00,0.080182825
