time,WL_trend_30d_filled
2020-10-01 00:00:00,0.444213889
2020-10-01 01:00:00,0.443120833
2020-10-01 02:00:00,0.442073611
2020-10-01 03:00:00,0.441052778
2020-10-01 04:00:00,0.439941667
2020-10-01 05:00:00,0.4388875
2020-10-01 06:00:00,0.437766667
2020-10-01 07:00:00,0.436498611
2020-10-01 08:00:00,0.435186111
2020-10-01 09:00:00,0.433779167
2020-10-01 10:00:00,0.432086111
2020-10-01 11:00:00,0.430147222
2020-10-01 12:00:00,0.42805
2020-10-01 13:00:00,0.425697222
2020-10-01 14:00:00,0.423391667
2020-10-01 15:00:00,0.421216667
2020-10-01 16:00:00,0.419095833
2020-10-01 17:00:00,0.417098611
2020-10-01 18:00:00,0.415245833
2020-10-01 19:00:00,0.413441667
2020-10-01 20:00:00,0.411701389
2020-10-01 21:00:00,0.410015278
2020-10-01 22:00:00,0.4084625
2020-10-01 23:00:00,0.407045833
2020-10-02 00:00:00,0.405754167
2020-10-02 01:00:00,0.404605556
2020-10-02 02:00:00,0.403579167
2020-10-02 03:00:00,0.402706944
2020-10-02 04:00:00,0.401963889
2020-10-02 05:00:00,0.401334722
2020-10-02 06:00:00,0.4007875
2020-10-02 07:00:00,0.400283333
2020-10-02 08:00:00,0.399809722
2020-10-02 09:00:00,0.399340278
2020-10-02 10:00:00,0.398852778
2020-10-02 11:00:00,0.398334722
2020-10-02 12:00:00,0.397770833
2020-10-02 13:00:00,0.397161111
2020-10-02 14:00:00,0.396520833
2020-10-02 15:00:00,0.395851389
2020-10-02 16:00:00,0.395173611
2020-10-02 17:00:00,0.3944875
2020-10-02 18:00:00,0.393833333
2020-10-02 19:00:00,0.393234722
2020-10-02 20:00:00,0.392720833
2020-10-02 21:00:00,0.392316667
2020-10-02 22:00:00,0.392005556
2020-10-02 23:00:00,0.391795833
2020-10-03 00:00:00,0.391666667
2020-10-03 01:00:00,0.391606944
2020-10-03 02:00:00,0.391633333
2020-10-03 03:00:00,0.391711111
2020-10-03 04:00:00,0.391818056
2020-10-03 05:00:00,0.391961111
2020-10-03 06:00:00,0.392104167
2020-10-03 07:00:00,0.392222222
2020-10-03 08:00:00,0.3923
2020-10-03 09:00:00,0.392302778
2020-10-03 10:00:00,0.3922125
2020-10-03 11:00:00,0.392084722
2020-10-03 12:00:00,0.391888889
2020-10-03 13:00:00,0.391613889
2020-10-03 14:00:00,0.391256944
2020-10-03 15:00:00,0.390811111
2020-10-03 16:00:00,0.390284722
2020-10-03 17:00:00,0.389702778
2020-10-03 18:00:00,0.389118056
2020-10-03 19:00:00,0.388531944
2020-10-03 20:00:00,0.387998611
2020-10-03 21:00:00,0.387547222
2020-10-03 22:00:00,0.387181944
2020-10-03 23:00:00,0.386927778
2020-10-04 00:00:00,0.386756944
2020-10-04 01:00:00,0.386694444
2020-10-04 02:00:00,0.386718056
2020-10-04 03:00:00,0.386815278
2020-10-04 04:00:00,0.386941667
2020-10-04 05:00:00,0.387105556
2020-10-04 06:00:00,0.387275
2020-10-04 07:00:00,0.387419444
2020-10-04 08:00:00,0.387541667
2020-10-04 09:00:00,0.387595833
2020-10-04 10:00:00,0.3875875
2020-10-04 11:00:00,0.387534722
2020-10-04 12:00:00,0.387441667
2020-10-04 13:00:00,0.387251389
2020-10-04 14:00:00,0.387034722
2020-10-04 15:00:00,0.386770833
2020-10-04 16:00:00,0.386441667
2020-10-04 17:00:00,0.386094444
2020-10-04 18:00:00,0.385702778
2020-10-04 19:00:00,0.385286111
2020-10-04 20:00:00,0.384883333
2020-10-04 21:00:00,0.384509722
2020-10-04 22:00:00,0.384204167
2020-10-04 23:00:00,0.383941667
2020-10-05 00:00:00,0.383770833
2020-10-05 01:00:00,0.3836625
2020-10-05 02:00:00,0.383613889
2020-10-05 03:00:00,0.383597222
2020-10-05 04:00:00,0.383586111
2020-10-05 05:00:00,0.383641667
2020-10-05 06:00:00,0.383743056
2020-10-05 07:00:00,0.383780556
2020-10-05 08:00:00,0.383738889
2020-10-05 09:00:00,0.383708333
2020-10-05 10:00:00,0.383640278
2020-10-05 11:00:00,0.383523611
2020-10-05 12:00:00,0.383386111
2020-10-05 13:00:00,0.383181944
2020-10-05 14:00:00,0.382938889
2020-10-05 15:00:00,0.382663889
2020-10-05 16:00:00,0.382355556
2020-10-05 17:00:00,0.381991667
2020-10-05 18:00:00,0.381609722
2020-10-05 19:00:00,0.381238889
2020-10-05 20:00:00,0.380865278
2020-10-05 21:00:00,0.380511111
2020-10-05 22:00:00,0.380193056
2020-10-05 23:00:00,0.3799375
2020-10-06 00:00:00,0.3797375
2020-10-06 01:00:00,0.379580556
2020-10-06 02:00:00,0.3795
2020-10-06 03:00:00,0.379458333
2020-10-06 04:00:00,0.379436111
2020-10-06 05:00:00,0.379444444
2020-10-06 06:00:00,0.379444444
2020-10-06 07:00:00,0.37945
2020-10-06 08:00:00,0.379441667
2020-10-06 09:00:00,0.379459722
2020-10-06 10:00:00,0.379481944
2020-10-06 11:00:00,0.379484722
2020-10-06 12:00:00,0.379490278
2020-10-06 13:00:00,0.379488889
2020-10-06 14:00:00,0.379463889
2020-10-06 15:00:00,0.379418056
2020-10-06 16:00:00,0.379372222
2020-10-06 17:00:00,0.379301389
2020-10-06 18:00:00,0.379184722
2020-10-06 19:00:00,0.379061111
2020-10-06 20:00:00,0.378925
2020-10-06 21:00:00,0.378783333
2020-10-06 22:00:00,0.378690278
2020-10-06 23:00:00,0.378606944
2020-10-07 00:00:00,0.378552778
2020-10-07 01:00:00,0.378508333
2020-10-07 02:00:00,0.378475
2020-10-07 03:00:00,0.378459722
2020-10-07 04:00:00,0.378425
2020-10-07 05:00:00,0.378408333
2020-10-07 06:00:00,0.378394444
2020-10-07 07:00:00,0.378375
2020-10-07 08:00:00,0.378352778
2020-10-07 09:00:00,0.378348611
2020-10-07 10:00:00,0.378368056
2020-10-07 11:00:00,0.378376389
2020-10-07 12:00:00,0.378394444
2020-10-07 13:00:00,0.378394444
2020-10-07 14:00:00,0.378402778
2020-10-07 15:00:00,0.3784
2020-10-07 16:00:00,0.378381944
2020-10-07 17:00:00,0.378336111
2020-10-07 18:00:00,0.378273611
2020-10-07 19:00:00,0.378188889
2020-10-07 20:00:00,0.378051389
2020-10-07 21:00:00,0.377926389
2020-10-07 22:00:00,0.377809722
2020-10-07 23:00:00,0.377701389
2020-10-08 00:00:00,0.377584722
2020-10-08 01:00:00,0.377486111
2020-10-08 02:00:00,0.377405556
2020-10-08 03:00:00,0.377311111
2020-10-08 04:00:00,0.377225
2020-10-08 05:00:00,0.377152778
2020-10-08 06:00:00,0.377073611
2020-10-08 07:00:00,0.376990278
2020-10-08 08:00:00,0.376931944
2020-10-08 09:00:00,0.376859722
2020-10-08 10:00:00,0.376777778
2020-10-08 11:00:00,0.3767375
2020-10-08 12:00:00,0.376677778
2020-10-08 13:00:00,0.3766
2020-10-08 14:00:00,0.376518056
2020-10-08 15:00:00,0.376429167
2020-10-08 16:00:00,0.376322222
2020-10-08 17:00:00,0.376191667
2020-10-08 18:00:00,0.376052778
2020-10-08 19:00:00,0.375898611
2020-10-08 20:00:00,0.375716667
2020-10-08 21:00:00,0.375515278
2020-10-08 22:00:00,0.375304167
2020-10-08 23:00:00,0.375088889
2020-10-09 00:00:00,0.374866667
2020-10-09 01:00:00,0.3746375
2020-10-09 02:00:00,0.374425
2020-10-09 03:00:00,0.374191667
2020-10-09 04:00:00,0.373944444
2020-10-09 05:00:00,0.373697222
2020-10-09 06:00:00,0.373427778
2020-10-09 07:00:00,0.373170833
2020-10-09 08:00:00,0.372890278
2020-10-09 09:00:00,0.372566667
2020-10-09 10:00:00,0.372281944
2020-10-09 11:00:00,0.371988889
2020-10-09 12:00:00,0.371668056
2020-10-09 13:00:00,0.371416667
2020-10-09 14:00:00,0.3711875
2020-10-09 15:00:00,0.370866667
2020-10-09 16:00:00,0.370666667
2020-10-09 17:00:00,0.370508333
2020-10-09 18:00:00,0.370313889
2020-10-09 19:00:00,0.370120833
2020-10-09 20:00:00,0.369925
2020-10-09 21:00:00,0.369731944
2020-10-09 22:00:00,0.369529167
2020-10-09 23:00:00,0.369316667
2020-10-10 00:00:00,0.369115278
2020-10-10 01:00:00,0.368884722
2020-10-10 02:00:00,0.368641667
2020-10-10 03:00:00,0.368406944
2020-10-10 04:00:00,0.368143056
2020-10-10 05:00:00,0.367886111
2020-10-10 06:00:00,0.367618056
2020-10-10 07:00:00,0.367340278
2020-10-10 08:00:00,0.367040278
2020-10-10 09:00:00,0.366713889
2020-10-10 10:00:00,0.366411111
2020-10-10 11:00:00,0.366077778
2020-10-10 12:00:00,0.3657375
2020-10-10 13:00:00,0.365422222
2020-10-10 14:00:00,0.365131944
2020-10-10 15:00:00,0.364858333
2020-10-10 16:00:00,0.364608333
2020-10-10 17:00:00,0.364394444
2020-10-10 18:00:00,0.364172222
2020-10-10 19:00:00,0.363969444
2020-10-10 20:00:00,0.363781944
2020-10-10 21:00:00,0.363606944
2020-10-10 22:00:00,0.363458333
2020-10-10 23:00:00,0.363341667
2020-10-11 00:00:00,0.363244444
2020-10-11 01:00:00,0.363143056
2020-10-11 02:00:00,0.363045833
2020-10-11 03:00:00,0.362959722
2020-10-11 04:00:00,0.362856944
2020-10-11 05:00:00,0.36275
2020-10-11 06:00:00,0.362615278
2020-10-11 07:00:00,0.362458333
2020-10-11 08:00:00,0.362280556
2020-10-11 09:00:00,0.362075
2020-10-11 10:00:00,0.361854167
2020-10-11 11:00:00,0.361618056
2020-10-11 12:00:00,0.361366667
2020-10-11 13:00:00,0.361120833
2020-10-11 14:00:00,0.360886111
2020-10-11 15:00:00,0.360681944
2020-10-11 16:00:00,0.360491667
2020-10-11 17:00:00,0.360322222
2020-10-11 18:00:00,0.360165278
2020-10-11 19:00:00,0.360019444
2020-10-11 20:00:00,0.359897222
2020-10-11 21:00:00,0.359804167
2020-10-11 22:00:00,0.359740278
2020-10-11 23:00:00,0.359698611
2020-10-12 00:00:00,0.359695833
2020-10-12 01:00:00,0.3597125
2020-10-12 02:00:00,0.359734722
2020-10-12 03:00:00,0.359768056
2020-10-12 04:00:00,0.359783333
2020-10-12 05:00:00,0.359761111
2020-10-12 06:00:00,0.359695833
2020-10-12 07:00:00,0.359594444
2020-10-12 08:00:00,0.359451389
2020-10-12 09:00:00,0.359254167
2020-10-12 10:00:00,0.3590125
2020-10-12 11:00:00,0.358738889
2020-10-12 12:00:00,0.358458333
2020-10-12 13:00:00,0.358165278
2020-10-12 14:00:00,0.357856944
2020-10-12 15:00:00,0.357563889
2020-10-12 16:00:00,0.357323611
2020-10-12 17:00:00,0.357120833
2020-10-12 18:00:00,0.356936111
2020-10-12 19:00:00,0.356784722
2020-10-12 20:00:00,0.356661111
2020-10-12 21:00:00,0.356561111
2020-10-12 22:00:00,0.356497222
2020-10-12 23:00:00,0.356443056
2020-10-13 00:00:00,0.356429167
2020-10-13 01:00:00,0.356475
2020-10-13 02:00:00,0.3565125
2020-10-13 03:00:00,0.356547222
2020-10-13 04:00:00,0.356623611
2020-10-13 05:00:00,0.356684722
2020-10-13 06:00:00,0.356697222
2020-10-13 07:00:00,0.356661111
2020-10-13 08:00:00,0.356566667
2020-10-13 09:00:00,0.356418056
2020-10-13 10:00:00,0.356208333
2020-10-13 11:00:00,0.355970833
2020-10-13 12:00:00,0.3557125
2020-10-13 13:00:00,0.355436111
2020-10-13 14:00:00,0.355163889
2020-10-13 15:00:00,0.354930556
2020-10-13 16:00:00,0.354736111
2020-10-13 17:00:00,0.354588889
2020-10-13 18:00:00,0.354511111
2020-10-13 19:00:00,0.354495833
2020-10-13 20:00:00,0.35455
2020-10-13 21:00:00,0.354677778
2020-10-13 22:00:00,0.354870833
2020-10-13 23:00:00,0.355102778
2020-10-14 00:00:00,0.355422222
2020-10-14 01:00:00,0.355827778
2020-10-14 02:00:00,0.3563375
2020-10-14 03:00:00,0.356931944
2020-10-14 04:00:00,0.357525
2020-10-14 05:00:00,0.358148611
2020-10-14 06:00:00,0.358822222
2020-10-14 07:00:00,0.359476389
2020-10-14 08:00:00,0.360090278
2020-10-14 09:00:00,0.360731944
2020-10-14 10:00:00,0.3613
2020-10-14 11:00:00,0.361804167
2020-10-14 12:00:00,0.362175
2020-10-14 13:00:00,0.36245
2020-10-14 14:00:00,0.3626625
2020-10-14 15:00:00,0.362813889
2020-10-14 16:00:00,0.362954167
2020-10-14 17:00:00,0.363044444
2020-10-14 18:00:00,0.363131944
2020-10-14 19:00:00,0.363270833
2020-10-14 20:00:00,0.363402778
2020-10-14 21:00:00,0.36355
2020-10-14 22:00:00,0.363705556
2020-10-14 23:00:00,0.3639
2020-10-15 00:00:00,0.364101389
2020-10-15 01:00:00,0.364291667
2020-10-15 02:00:00,0.364456944
2020-10-15 03:00:00,0.364586111
2020-10-15 04:00:00,0.364669444
2020-10-15 05:00:00,0.364697222
2020-10-15 06:00:00,0.364693056
2020-10-15 07:00:00,0.364636111
2020-10-15 08:00:00,0.364516667
2020-10-15 09:00:00,0.364345833
2020-10-15 10:00:00,0.364098611
2020-10-15 11:00:00,0.363781944
2020-10-15 12:00:00,0.363427778
2020-10-15 13:00:00,0.363048611
2020-10-15 14:00:00,0.362613889
2020-10-15 15:00:00,0.362176389
2020-10-15 16:00:00,0.361729167
2020-10-15 17:00:00,0.361305556
2020-10-15 18:00:00,0.360929167
2020-10-15 19:00:00,0.360594444
2020-10-15 20:00:00,0.360341667
2020-10-15 21:00:00,0.360183333
2020-10-15 22:00:00,0.360095833
2020-10-15 23:00:00,0.360088889
2020-10-16 00:00:00,0.360144444
2020-10-16 01:00:00,0.360223611
2020-10-16 02:00:00,0.360341667
2020-10-16 03:00:00,0.360475
2020-10-16 04:00:00,0.360625
2020-10-16 05:00:00,0.360736111
2020-10-16 06:00:00,0.360816667
2020-10-16 07:00:00,0.360852778
2020-10-16 08:00:00,0.360841667
2020-10-16 09:00:00,0.360793056
2020-10-16 10:00:00,0.360695833
2020-10-16 11:00:00,0.360541667
2020-10-16 12:00:00,0.360338889
2020-10-16 13:00:00,0.360091667
2020-10-16 14:00:00,0.3598
2020-10-16 15:00:00,0.359494444
2020-10-16 16:00:00,0.359170833
2020-10-16 17:00:00,0.358820833
2020-10-16 18:00:00,0.358488889
2020-10-16 19:00:00,0.358198611
2020-10-16 20:00:00,0.357936111
2020-10-16 21:00:00,0.357752778
2020-10-16 22:00:00,0.357648611
2020-10-16 23:00:00,0.357594444
2020-10-17 00:00:00,0.357602778
2020-10-17 01:00:00,0.357656944
2020-10-17 02:00:00,0.357748611
2020-10-17 03:00:00,0.357881944
2020-10-17 04:00:00,0.358027778
2020-10-17 05:00:00,0.358165278
2020-10-17 06:00:00,0.358313889
2020-10-17 07:00:00,0.3584875
2020-10-17 08:00:00,0.358643056
2020-10-17 09:00:00,0.358765278
2020-10-17 10:00:00,0.358858333
2020-10-17 11:00:00,0.358902778
2020-10-17 12:00:00,0.358886111
2020-10-17 13:00:00,0.358775
2020-10-17 14:00:00,0.358598611
2020-10-17 15:00:00,0.3583625
2020-10-17 16:00:00,0.358076389
2020-10-17 17:00:00,0.357794444
2020-10-17 18:00:00,0.357466667
2020-10-17 19:00:00,0.3571125
2020-10-17 20:00:00,0.356808333
2020-10-17 21:00:00,0.356556944
2020-10-17 22:00:00,0.356347222
2020-10-17 23:00:00,0.356209722
2020-10-18 00:00:00,0.356113889
2020-10-18 01:00:00,0.356061111
2020-10-18 02:00:00,0.356034722
2020-10-18 03:00:00,0.356023611
2020-10-18 04:00:00,0.356013889
2020-10-18 05:00:00,0.356009722
2020-10-18 06:00:00,0.355973611
2020-10-18 07:00:00,0.355906944
2020-10-18 08:00:00,0.3557875
2020-10-18 09:00:00,0.3556125
2020-10-18 10:00:00,0.355393056
2020-10-18 11:00:00,0.355115278
2020-10-18 12:00:00,0.3547875
2020-10-18 13:00:00,0.3544375
2020-10-18 14:00:00,0.3540375
2020-10-18 15:00:00,0.353577778
2020-10-18 16:00:00,0.353086111
2020-10-18 17:00:00,0.352558333
2020-10-18 18:00:00,0.352009722
2020-10-18 19:00:00,0.351466667
2020-10-18 20:00:00,0.350975
2020-10-18 21:00:00,0.350513889
2020-10-18 22:00:00,0.350108333
2020-10-18 23:00:00,0.349766667
2020-10-19 00:00:00,0.349491667
2020-10-19 01:00:00,0.349256944
2020-10-19 02:00:00,0.349066667
2020-10-19 03:00:00,0.348915278
2020-10-19 04:00:00,0.348797222
2020-10-19 05:00:00,0.348676389
2020-10-19 06:00:00,0.348554167
2020-10-19 07:00:00,0.348422222
2020-10-19 08:00:00,0.348280556
2020-10-19 09:00:00,0.348111111
2020-10-19 10:00:00,0.347920833
2020-10-19 11:00:00,0.347702778
2020-10-19 12:00:00,0.347451389
2020-10-19 13:00:00,0.347177778
2020-10-19 14:00:00,0.346873611
2020-10-19 15:00:00,0.346505556
2020-10-19 16:00:00,0.346111111
2020-10-19 17:00:00,0.345701389
2020-10-19 18:00:00,0.345279167
2020-10-19 19:00:00,0.344861111
2020-10-19 20:00:00,0.344443056
2020-10-19 21:00:00,0.344069444
2020-10-19 22:00:00,0.343751389
2020-10-19 23:00:00,0.343466667
2020-10-20 00:00:00,0.343231944
2020-10-20 01:00:00,0.343066667
2020-10-20 02:00:00,0.342936111
2020-10-20 03:00:00,0.3428375
2020-10-20 04:00:00,0.3427625
2020-10-20 05:00:00,0.342713889
2020-10-20 06:00:00,0.342677778
2020-10-20 07:00:00,0.342652778
2020-10-20 08:00:00,0.3426
2020-10-20 09:00:00,0.342547222
2020-10-20 10:00:00,0.342469444
2020-10-20 11:00:00,0.342369444
2020-10-20 12:00:00,0.342256944
2020-10-20 13:00:00,0.342113889
2020-10-20 14:00:00,0.341930556
2020-10-20 15:00:00,0.341727778
2020-10-20 16:00:00,0.341494444
2020-10-20 17:00:00,0.341234722
2020-10-20 18:00:00,0.340959722
2020-10-20 19:00:00,0.340686111
2020-10-20 20:00:00,0.340413889
2020-10-20 21:00:00,0.340158333
2020-10-20 22:00:00,0.339934722
2020-10-20 23:00:00,0.339736111
2020-10-21 00:00:00,0.339569444
2020-10-21 01:00:00,0.339440278
2020-10-21 02:00:00,0.339340278
2020-10-21 03:00:00,0.339273611
2020-10-21 04:00:00,0.3392125
2020-10-21 05:00:00,0.339156944
2020-10-21 06:00:00,0.339133333
2020-10-21 07:00:00,0.339102778
2020-10-21 08:00:00,0.339069444
2020-10-21 09:00:00,0.339019444
2020-10-21 10:00:00,0.3389375
2020-10-21 11:00:00,0.338838889
2020-10-21 12:00:00,0.338730556
2020-10-21 13:00:00,0.338597222
2020-10-21 14:00:00,0.338419444
2020-10-21 15:00:00,0.3382125
2020-10-21 16:00:00,0.337981944
2020-10-21 17:00:00,0.3377125
2020-10-21 18:00:00,0.337423611
2020-10-21 19:00:00,0.3371
2020-10-21 20:00:00,0.336768056
2020-10-21 21:00:00,0.336504167
2020-10-21 22:00:00,0.336252778
2020-10-21 23:00:00,0.336026389
2020-10-22 00:00:00,0.335865278
2020-10-22 01:00:00,0.335755556
2020-10-22 02:00:00,0.335669444
2020-10-22 03:00:00,0.335629167
2020-10-22 04:00:00,0.335619444
2020-10-22 05:00:00,0.335626389
2020-10-22 06:00:00,0.335663889
2020-10-22 07:00:00,0.335726389
2020-10-22 08:00:00,0.335795833
2020-10-22 09:00:00,0.3358875
2020-10-22 10:00:00,0.335976389
2020-10-22 11:00:00,0.336043056
2020-10-22 12:00:00,0.336097222
2020-10-22 13:00:00,0.336152778
2020-10-22 14:00:00,0.336183333
2020-10-22 15:00:00,0.336186111
2020-10-22 16:00:00,0.336170833
2020-10-22 17:00:00,0.336120833
2020-10-22 18:00:00,0.336041667
2020-10-22 19:00:00,0.335940278
2020-10-22 20:00:00,0.335804167
2020-10-22 21:00:00,0.335640278
2020-10-22 22:00:00,0.335473611
2020-10-22 23:00:00,0.335293056
2020-10-23 00:00:00,0.335138889
2020-10-23 01:00:00,0.334995833
2020-10-23 02:00:00,0.334851389
2020-10-23 03:00:00,0.334719444
2020-10-23 04:00:00,0.334606944
2020-10-23 05:00:00,0.334525
2020-10-23 06:00:00,0.334465278
2020-10-23 07:00:00,0.334427778
2020-10-23 08:00:00,0.334408333
2020-10-23 09:00:00,0.334394444
2020-10-23 10:00:00,0.334425
2020-10-23 11:00:00,0.334473611
2020-10-23 12:00:00,0.334522222
2020-10-23 13:00:00,0.334570833
2020-10-23 14:00:00,0.334619444
2020-10-23 15:00:00,0.334683333
2020-10-23 16:00:00,0.334733333
2020-10-23 17:00:00,0.334766667
2020-10-23 18:00:00,0.334766667
2020-10-23 19:00:00,0.334779167
2020-10-23 20:00:00,0.334765278
2020-10-23 21:00:00,0.334734722
2020-10-23 22:00:00,0.334709722
2020-10-23 23:00:00,0.334677778
2020-10-24 00:00:00,0.334636111
2020-10-24 01:00:00,0.334616667
2020-10-24 02:00:00,0.334597222
2020-10-24 03:00:00,0.334563889
2020-10-24 04:00:00,0.334559722
2020-10-24 05:00:00,0.334568056
2020-10-24 06:00:00,0.334569444
2020-10-24 07:00:00,0.334572222
2020-10-24 08:00:00,0.334544444
2020-10-24 09:00:00,0.334529167
2020-10-24 10:00:00,0.334508333
2020-10-24 11:00:00,0.334468056
2020-10-24 12:00:00,0.334436111
2020-10-24 13:00:00,0.334398611
2020-10-24 14:00:00,0.334354167
2020-10-24 15:00:00,0.334316667
2020-10-24 16:00:00,0.334279167
2020-10-24 17:00:00,0.334243056
2020-10-24 18:00:00,0.334202778
2020-10-24 19:00:00,0.334159722
2020-10-24 20:00:00,0.334088889
2020-10-24 21:00:00,0.334047222
2020-10-24 22:00:00,0.334005556
2020-10-24 23:00:00,0.333951389
2020-10-25 00:00:00,0.333898611
2020-10-25 01:00:00,0.333830556
2020-10-25 02:00:00,0.333740278
2020-10-25 03:00:00,0.333634722
2020-10-25 04:00:00,0.333509722
2020-10-25 05:00:00,0.333354167
2020-10-25 06:00:00,0.333177778
2020-10-25 07:00:00,0.332979167
2020-10-25 08:00:00,0.33275
2020-10-25 09:00:00,0.3324625
2020-10-25 10:00:00,0.332155556
2020-10-25 11:00:00,0.3317875
2020-10-25 12:00:00,0.331394444
2020-10-25 13:00:00,0.330973611
2020-10-25 14:00:00,0.330561111
2020-10-25 15:00:00,0.330108333
2020-10-25 16:00:00,0.329691667
2020-10-25 17:00:00,0.329195833
2020-10-25 18:00:00,0.328726389
2020-10-25 19:00:00,0.328219444
2020-10-25 20:00:00,0.327716667
2020-10-25 21:00:00,0.327205556
2020-10-25 22:00:00,0.326718056
2020-10-25 23:00:00,0.326309722
2020-10-26 00:00:00,0.325888889
2020-10-26 01:00:00,0.325476389
2020-10-26 02:00:00,0.325093056
2020-10-26 03:00:00,0.324716667
2020-10-26 04:00:00,0.324375
2020-10-26 05:00:00,0.3240375
2020-10-26 06:00:00,0.323680556
2020-10-26 07:00:00,0.323298611
2020-10-26 08:00:00,0.322944444
2020-10-26 09:00:00,0.322597222
2020-10-26 10:00:00,0.322247222
2020-10-26 11:00:00,0.321913889
2020-10-26 12:00:00,0.321606944
2020-10-26 13:00:00,0.321330556
2020-10-26 14:00:00,0.321095833
2020-10-26 15:00:00,0.320926389
2020-10-26 16:00:00,0.320788889
2020-10-26 17:00:00,0.32065
2020-10-26 18:00:00,0.320536111
2020-10-26 19:00:00,0.320466667
2020-10-26 20:00:00,0.320422222
2020-10-26 21:00:00,0.3204
2020-10-26 22:00:00,0.320429167
2020-10-26 23:00:00,0.320506944
2020-10-27 00:00:00,0.320629167
2020-10-27 01:00:00,0.320788889
2020-10-27 02:00:00,0.320961111
2020-10-27 03:00:00,0.321144444
2020-10-27 04:00:00,0.321305556
2020-10-27 05:00:00,0.321459722
2020-10-27 06:00:00,0.321579167
2020-10-27 07:00:00,0.321648611
2020-10-27 08:00:00,0.321673611
2020-10-27 09:00:00,0.321647222
2020-10-27 10:00:00,0.321605556
2020-10-27 11:00:00,0.321543056
2020-10-27 12:00:00,0.321470833
2020-10-27 13:00:00,0.321427778
2020-10-27 14:00:00,0.321434722
2020-10-27 15:00:00,0.321497222
2020-10-27 16:00:00,0.321595833
2020-10-27 17:00:00,0.321741667
2020-10-27 18:00:00,0.321936111
2020-10-27 19:00:00,0.322170833
2020-10-27 20:00:00,0.322473611
2020-10-27 21:00:00,0.322802778
2020-10-27 22:00:00,0.323177778
2020-10-27 23:00:00,0.323595833
2020-10-28 00:00:00,0.324079167
2020-10-28 01:00:00,0.324559722
2020-10-28 02:00:00,0.325052778
2020-10-28 03:00:00,0.325534722
2020-10-28 04:00:00,0.326004167
2020-10-28 05:00:00,0.326452778
2020-10-28 06:00:00,0.32685
2020-10-28 07:00:00,0.327170833
2020-10-28 08:00:00,0.327427778
2020-10-28 09:00:00,0.3276125
2020-10-28 10:00:00,0.327729167
2020-10-28 11:00:00,0.327801389
2020-10-28 12:00:00,0.327826389
2020-10-28 13:00:00,0.327831944
2020-10-28 14:00:00,0.327847222
2020-10-28 15:00:00,0.327872222
2020-10-28 16:00:00,0.327947222
2020-10-28 17:00:00,0.328080556
2020-10-28 18:00:00,0.328269444
2020-10-28 19:00:00,0.3285125
2020-10-28 20:00:00,0.328781944
2020-10-28 21:00:00,0.329088889
2020-10-28 22:00:00,0.329429167
2020-10-28 23:00:00,0.329793056
2020-10-29 00:00:00,0.330184722
2020-10-29 01:00:00,0.330586111
2020-10-29 02:00:00,0.330994444
2020-10-29 03:00:00,0.331394444
2020-10-29 04:00:00,0.331766667
2020-10-29 05:00:00,0.332094444
2020-10-29 06:00:00,0.332358333
2020-10-29 07:00:00,0.332544444
2020-10-29 08:00:00,0.332648611
2020-10-29 09:00:00,0.332659722
2020-10-29 10:00:00,0.332598611
2020-10-29 11:00:00,0.332447222
2020-10-29 12:00:00,0.332218056
2020-10-29 13:00:00,0.331936111
2020-10-29 14:00:00,0.331618056
2020-10-29 15:00:00,0.331290278
2020-10-29 16:00:00,0.330972222
2020-10-29 17:00:00,0.330681944
2020-10-29 18:00:00,0.330466667
2020-10-29 19:00:00,0.330340278
2020-10-29 20:00:00,0.330315278
2020-10-29 21:00:00,0.330363889
2020-10-29 22:00:00,0.330488889
2020-10-29 23:00:00,0.3306875
2020-10-30 00:00:00,0.330944444
2020-10-30 01:00:00,0.331236111
2020-10-30 02:00:00,0.331530556
2020-10-30 03:00:00,0.331815278
2020-10-30 04:00:00,0.332081944
2020-10-30 05:00:00,0.332306944
2020-10-30 06:00:00,0.332468056
2020-10-30 07:00:00,0.332555556
2020-10-30 08:00:00,0.332575
2020-10-30 09:00:00,0.332526389
2020-10-30 10:00:00,0.332413889
2020-10-30 11:00:00,0.332208333
2020-10-30 12:00:00,0.331925
2020-10-30 13:00:00,0.331591667
2020-10-30 14:00:00,0.331202778
2020-10-30 15:00:00,0.330797222
2020-10-30 16:00:00,0.330384722
2020-10-30 17:00:00,0.329979167
2020-10-30 18:00:00,0.329626389
2020-10-30 19:00:00,0.329323611
2020-10-30 20:00:00,0.329133333
2020-10-30 21:00:00,0.329044444
2020-10-30 22:00:00,0.329040278
2020-10-30 23:00:00,0.329129167
2020-10-31 00:00:00,0.329288889
2020-10-31 01:00:00,0.329504167
2020-10-31 02:00:00,0.329754167
2020-10-31 03:00:00,0.330027778
2020-10-31 04:00:00,0.3303
2020-10-31 05:00:00,0.330568056
2020-10-31 06:00:00,0.330804167
2020-10-31 07:00:00,0.330998611
2020-10-31 08:00:00,0.331148611
2020-10-31 09:00:00,0.331258333
2020-10-31 10:00:00,0.331340278
2020-10-31 11:00:00,0.331370833
2020-10-31 12:00:00,0.331327778
2020-10-31 13:00:00,0.331229167
2020-10-31 14:00:00,0.331040278
2020-10-31 15:00:00,0.330744444
2020-10-31 16:00:00,0.330393056
2020-10-31 17:00:00,0.330036111
2020-10-31 18:00:00,0.329661111
2020-10-31 19:00:00,0.329338889
2020-10-31 20:00:00,0.329080556
2020-10-31 21:00:00,0.328905556
2020-10-31 22:00:00,0.328798611
2020-10-31 23:00:00,0.32875
2021-10-01 00:00:00,0.330427778
2021-10-01 01:00:00,0.330402778
2021-10-01 02:00:00,0.330404167
2021-10-01 03:00:00,0.330381944
2021-10-01 04:00:00,0.330351389
2021-10-01 05:00:00,0.3303125
2021-10-01 06:00:00,0.330248611
2021-10-01 07:00:00,0.3301375
2021-10-01 08:00:00,0.329966667
2021-10-01 09:00:00,0.329759722
2021-10-01 10:00:00,0.329515278
2021-10-01 11:00:00,0.329236111
2021-10-01 12:00:00,0.3289375
2021-10-01 13:00:00,0.328626389
2021-10-01 14:00:00,0.328340278
2021-10-01 15:00:00,0.327986111
2021-10-01 16:00:00,0.327683333
2021-10-01 17:00:00,0.327384722
2021-10-01 18:00:00,0.327106944
2021-10-01 19:00:00,0.326798611
2021-10-01 20:00:00,0.326481944
2021-10-01 21:00:00,0.326229167
2021-10-01 22:00:00,0.325980556
2021-10-01 23:00:00,0.325755556
2021-10-02 00:00:00,0.325581944
2021-10-02 01:00:00,0.325443056
2021-10-02 02:00:00,0.325309722
2021-10-02 03:00:00,0.325190278
2021-10-02 04:00:00,0.325072222
2021-10-02 05:00:00,0.324926389
2021-10-02 06:00:00,0.324698611
2021-10-02 07:00:00,0.324451389
2021-10-02 08:00:00,0.324138889
2021-10-02 09:00:00,0.323759722
2021-10-02 10:00:00,0.323330556
2021-10-02 11:00:00,0.322858333
2021-10-02 12:00:00,0.322345833
2021-10-02 13:00:00,0.32185
2021-10-02 14:00:00,0.3213125
2021-10-02 15:00:00,0.320818056
2021-10-02 16:00:00,0.320383333
2021-10-02 17:00:00,0.319990278
2021-10-02 18:00:00,0.319633333
2021-10-02 19:00:00,0.319301389
2021-10-02 20:00:00,0.319033333
2021-10-02 21:00:00,0.318804167
2021-10-02 22:00:00,0.318629167
2021-10-02 23:00:00,0.318533333
2021-10-03 00:00:00,0.318480556
2021-10-03 01:00:00,0.318484722
2021-10-03 02:00:00,0.318526389
2021-10-03 03:00:00,0.318601389
2021-10-03 04:00:00,0.3186625
2021-10-03 05:00:00,0.3186875
2021-10-03 06:00:00,0.318706944
2021-10-03 07:00:00,0.318665278
2021-10-03 08:00:00,0.318575
2021-10-03 09:00:00,0.318430556
2021-10-03 10:00:00,0.318209722
2021-10-03 11:00:00,0.317955556
2021-10-03 12:00:00,0.317661111
2021-10-03 13:00:00,0.317363889
2021-10-03 14:00:00,0.317073611
2021-10-03 15:00:00,0.316758333
2021-10-03 16:00:00,0.316436111
2021-10-03 17:00:00,0.316193056
2021-10-03 18:00:00,0.316015278
2021-10-03 19:00:00,0.315873611
2021-10-03 20:00:00,0.3157875
2021-10-03 21:00:00,0.315752778
2021-10-03 22:00:00,0.315769444
2021-10-03 23:00:00,0.315843056
2021-10-04 00:00:00,0.315970833
2021-10-04 01:00:00,0.316136111
2021-10-04 02:00:00,0.316341667
2021-10-04 03:00:00,0.316591667
2021-10-04 04:00:00,0.316841667
2021-10-04 05:00:00,0.317059722
2021-10-04 06:00:00,0.317280556
2021-10-04 07:00:00,0.317443056
2021-10-04 08:00:00,0.317519444
2021-10-04 09:00:00,0.317525
2021-10-04 10:00:00,0.317434722
2021-10-04 11:00:00,0.317244444
2021-10-04 12:00:00,0.3170125
2021-10-04 13:00:00,0.316763889
2021-10-04 14:00:00,0.316479167
2021-10-04 15:00:00,0.316170833
2021-10-04 16:00:00,0.315870833
2021-10-04 17:00:00,0.315605556
2021-10-04 18:00:00,0.315388889
2021-10-04 19:00:00,0.315255556
2021-10-04 20:00:00,0.315215278
2021-10-04 21:00:00,0.315245833
2021-10-04 22:00:00,0.315356944
2021-10-04 23:00:00,0.315533333
2021-10-05 00:00:00,0.315784722
2021-10-05 01:00:00,0.316102778
2021-10-05 02:00:00,0.316465278
2021-10-05 03:00:00,0.3168625
2021-10-05 04:00:00,0.317263889
2021-10-05 05:00:00,0.317675
2021-10-05 06:00:00,0.318051389
2021-10-05 07:00:00,0.318383333
2021-10-05 08:00:00,0.318651389
2021-10-05 09:00:00,0.31885
2021-10-05 10:00:00,0.318968056
2021-10-05 11:00:00,0.319011111
2021-10-05 12:00:00,0.318988889
2021-10-05 13:00:00,0.318891667
2021-10-05 14:00:00,0.31875
2021-10-05 15:00:00,0.318577778
2021-10-05 16:00:00,0.318402778
2021-10-05 17:00:00,0.318247222
2021-10-05 18:00:00,0.318109722
2021-10-05 19:00:00,0.31805
2021-10-05 20:00:00,0.318077778
2021-10-05 21:00:00,0.318163889
2021-10-05 22:00:00,0.318313889
2021-10-05 23:00:00,0.318552778
2021-10-06 00:00:00,0.318879167
2021-10-06 01:00:00,0.319243056
2021-10-06 02:00:00,0.319681944
2021-10-06 03:00:00,0.320165278
2021-10-06 04:00:00,0.320656944
2021-10-06 05:00:00,0.321156944
2021-10-06 06:00:00,0.321644444
2021-10-06 07:00:00,0.322109722
2021-10-06 08:00:00,0.322520833
2021-10-06 09:00:00,0.322868056
2021-10-06 10:00:00,0.323177778
2021-10-06 11:00:00,0.323436111
2021-10-06 12:00:00,0.3236375
2021-10-06 13:00:00,0.323775
2021-10-06 14:00:00,0.323838889
2021-10-06 15:00:00,0.323854167
2021-10-06 16:00:00,0.323823611
2021-10-06 17:00:00,0.323752778
2021-10-06 18:00:00,0.323652778
2021-10-06 19:00:00,0.32355
2021-10-06 20:00:00,0.323490278
2021-10-06 21:00:00,0.323501389
2021-10-06 22:00:00,0.323551389
2021-10-06 23:00:00,0.323668056
2021-10-07 00:00:00,0.323840278
2021-10-07 01:00:00,0.324061111
2021-10-07 02:00:00,0.324331944
2021-10-07 03:00:00,0.324643056
2021-10-07 04:00:00,0.324991667
2021-10-07 05:00:00,0.325354167
2021-10-07 06:00:00,0.325722222
2021-10-07 07:00:00,0.326068056
2021-10-07 08:00:00,0.326391667
2021-10-07 09:00:00,0.326683333
2021-10-07 10:00:00,0.326952778
2021-10-07 11:00:00,0.327201389
2021-10-07 12:00:00,0.327388889
2021-10-07 13:00:00,0.327541667
2021-10-07 14:00:00,0.327644444
2021-10-07 15:00:00,0.327695833
2021-10-07 16:00:00,0.3277
2021-10-07 17:00:00,0.327675
2021-10-07 18:00:00,0.327659722
2021-10-07 19:00:00,0.32765
2021-10-07 20:00:00,0.327666667
2021-10-07 21:00:00,0.327756944
2021-10-07 22:00:00,0.327881944
2021-10-07 23:00:00,0.328056944
2021-10-08 00:00:00,0.328302778
2021-10-08 01:00:00,0.328630556
2021-10-08 02:00:00,0.329015278
2021-10-08 03:00:00,0.329418056
2021-10-08 04:00:00,0.329848611
2021-10-08 05:00:00,0.330319444
2021-10-08 06:00:00,0.3307625
2021-10-08 07:00:00,0.331180556
2021-10-08 08:00:00,0.331558333
2021-10-08 09:00:00,0.331870833
2021-10-08 10:00:00,0.332097222
2021-10-08 11:00:00,0.332290278
2021-10-08 12:00:00,0.3324375
2021-10-08 13:00:00,0.332533333
2021-10-08 14:00:00,0.332586111
2021-10-08 15:00:00,0.332597222
2021-10-08 16:00:00,0.332568056
2021-10-08 17:00:00,0.332504167
2021-10-08 18:00:00,0.332431944
2021-10-08 19:00:00,0.332361111
2021-10-08 20:00:00,0.332297222
2021-10-08 21:00:00,0.332277778
2021-10-08 22:00:00,0.332277778
2021-10-08 23:00:00,0.332336111
2021-10-09 00:00:00,0.332454167
2021-10-09 01:00:00,0.332604167
2021-10-09 02:00:00,0.332813889
2021-10-09 03:00:00,0.333077778
2021-10-09 04:00:00,0.333359722
2021-10-09 05:00:00,0.333652778
2021-10-09 06:00:00,0.333972222
2021-10-09 07:00:00,0.334284722
2021-10-09 08:00:00,0.334622222
2021-10-09 09:00:00,0.334948611
2021-10-09 10:00:00,0.335234722
2021-10-09 11:00:00,0.335515278
2021-10-09 12:00:00,0.335795833
2021-10-09 13:00:00,0.336022222
2021-10-09 14:00:00,0.336216667
2021-10-09 15:00:00,0.336381944
2021-10-09 16:00:00,0.336522222
2021-10-09 17:00:00,0.336615278
2021-10-09 18:00:00,0.336676389
2021-10-09 19:00:00,0.336729167
2021-10-09 20:00:00,0.336777778
2021-10-09 21:00:00,0.336825
2021-10-09 22:00:00,0.336895833
2021-10-09 23:00:00,0.337002778
2021-10-10 00:00:00,0.337148611
2021-10-10 01:00:00,0.337343056
2021-10-10 02:00:00,0.337563889
2021-10-10 03:00:00,0.337834722
2021-10-10 04:00:00,0.338123611
2021-10-10 05:00:00,0.338451389
2021-10-10 06:00:00,0.338775
2021-10-10 07:00:00,0.339098611
2021-10-10 08:00:00,0.339429167
2021-10-10 09:00:00,0.3397875
2021-10-10 10:00:00,0.340130556
2021-10-10 11:00:00,0.340459722
2021-10-10 12:00:00,0.3408
2021-10-10 13:00:00,0.341111111
2021-10-10 14:00:00,0.341413889
2021-10-10 15:00:00,0.341705556
2021-10-10 16:00:00,0.341966667
2021-10-10 17:00:00,0.342188889
2021-10-10 18:00:00,0.342391667
2021-10-10 19:00:00,0.342576389
2021-10-10 20:00:00,0.342720833
2021-10-10 21:00:00,0.342884722
2021-10-10 22:00:00,0.343058333
2021-10-10 23:00:00,0.343230556
2021-10-11 00:00:00,0.343413889
2021-10-11 01:00:00,0.343609722
2021-10-11 02:00:00,0.343834722
2021-10-11 03:00:00,0.344068056
2021-10-11 04:00:00,0.344290278
2021-10-11 05:00:00,0.3445125
2021-10-11 06:00:00,0.344741667
2021-10-11 07:00:00,0.344984722
2021-10-11 08:00:00,0.345233333
2021-10-11 09:00:00,0.345459722
2021-10-11 10:00:00,0.345672222
2021-10-11 11:00:00,0.345868056
2021-10-11 12:00:00,0.346054167
2021-10-11 13:00:00,0.346219444
2021-10-11 14:00:00,0.346380556
2021-10-11 15:00:00,0.346515278
2021-10-11 16:00:00,0.346638889
2021-10-11 17:00:00,0.346734722
2021-10-11 18:00:00,0.346797222
2021-10-11 19:00:00,0.346826389
2021-10-11 20:00:00,0.346834722
2021-10-11 21:00:00,0.346831944
2021-10-11 22:00:00,0.346834722
2021-10-11 23:00:00,0.346831944
2021-10-12 00:00:00,0.346831944
2021-10-12 01:00:00,0.346854167
2021-10-12 02:00:00,0.346891667
2021-10-12 03:00:00,0.346945833
2021-10-12 04:00:00,0.347004167
2021-10-12 05:00:00,0.347048611
2021-10-12 06:00:00,0.347102778
2021-10-12 07:00:00,0.347172222
2021-10-12 08:00:00,0.347220833
2021-10-12 09:00:00,0.347268056
2021-10-12 10:00:00,0.347326389
2021-10-12 11:00:00,0.347384722
2021-10-12 12:00:00,0.3474375
2021-10-12 13:00:00,0.347490278
2021-10-12 14:00:00,0.347554167
2021-10-12 15:00:00,0.347622222
2021-10-12 16:00:00,0.347684722
2021-10-12 17:00:00,0.347766667
2021-10-12 18:00:00,0.347841667
2021-10-12 19:00:00,0.347926389
2021-10-12 20:00:00,0.348015278
2021-10-12 21:00:00,0.348122222
2021-10-12 22:00:00,0.348244444
2021-10-12 23:00:00,0.348372222
2021-10-13 00:00:00,0.348565278
2021-10-13 01:00:00,0.348756944
2021-10-13 02:00:00,0.348981944
2021-10-13 03:00:00,0.349216667
2021-10-13 04:00:00,0.349461111
2021-10-13 05:00:00,0.349811111
2021-10-13 06:00:00,0.350113889
2021-10-13 07:00:00,0.3503875
2021-10-13 08:00:00,0.350790278
2021-10-13 09:00:00,0.351123611
2021-10-13 10:00:00,0.3514375
2021-10-13 11:00:00,0.351813889
2021-10-13 12:00:00,0.352081944
2021-10-13 13:00:00,0.352418056
2021-10-13 14:00:00,0.352813889
2021-10-13 15:00:00,0.353216667
2021-10-13 16:00:00,0.353554167
2021-10-13 17:00:00,0.353840278
2021-10-13 18:00:00,0.354066667
2021-10-13 19:00:00,0.354275
2021-10-13 20:00:00,0.354475
2021-10-13 21:00:00,0.354723611
2021-10-13 22:00:00,0.355020833
2021-10-13 23:00:00,0.355338889
2021-10-14 00:00:00,0.355520833
2021-10-14 01:00:00,0.355680556
2021-10-14 02:00:00,0.355811111
2021-10-14 03:00:00,0.355880556
2021-10-14 04:00:00,0.355884722
2021-10-14 05:00:00,0.355852778
2021-10-14 06:00:00,0.355826389
2021-10-14 07:00:00,0.355690278
2021-10-14 08:00:00,0.355523611
2021-10-14 09:00:00,0.355398611
2021-10-14 10:00:00,0.355225
2021-10-14 11:00:00,0.355095833
2021-10-14 12:00:00,0.354844444
2021-10-14 13:00:00,0.354688889
2021-10-14 14:00:00,0.354501389
2021-10-14 15:00:00,0.354313889
2021-10-14 16:00:00,0.354102778
2021-10-14 17:00:00,0.353845833
2021-10-14 18:00:00,0.3536375
2021-10-14 19:00:00,0.353466667
2021-10-14 20:00:00,0.353272222
2021-10-14 21:00:00,0.353123611
2021-10-14 22:00:00,0.352959722
2021-10-14 23:00:00,0.352745833
2021-10-15 00:00:00,0.352558333
2021-10-15 01:00:00,0.352377778
2021-10-15 02:00:00,0.352175
2021-10-15 03:00:00,0.3519625
2021-10-15 04:00:00,0.351743056
2021-10-15 05:00:00,0.351519444
2021-10-15 06:00:00,0.351276389
2021-10-15 07:00:00,0.3510375
2021-10-15 08:00:00,0.350780556
2021-10-15 09:00:00,0.350497222
2021-10-15 10:00:00,0.3502
2021-10-15 11:00:00,0.349901389
2021-10-15 12:00:00,0.349581944
2021-10-15 13:00:00,0.349245833
2021-10-15 14:00:00,0.348919444
2021-10-15 15:00:00,0.348597222
2021-10-15 16:00:00,0.348291667
2021-10-15 17:00:00,0.347995833
2021-10-15 18:00:00,0.347718056
2021-10-15 19:00:00,0.347431944
2021-10-15 20:00:00,0.347169444
2021-10-15 21:00:00,0.346906944
2021-10-15 22:00:00,0.34665
2021-10-15 23:00:00,0.346406944
2021-10-16 00:00:00,0.346193056
2021-10-16 01:00:00,0.345991667
2021-10-16 02:00:00,0.345784722
2021-10-16 03:00:00,0.345581944
2021-10-16 04:00:00,0.345368056
2021-10-16 05:00:00,0.345134722
2021-10-16 06:00:00,0.344901389
2021-10-16 07:00:00,0.344645833
2021-10-16 08:00:00,0.344390278
2021-10-16 09:00:00,0.344113889
2021-10-16 10:00:00,0.343833333
2021-10-16 11:00:00,0.343540278
2021-10-16 12:00:00,0.343241667
2021-10-16 13:00:00,0.342956944
2021-10-16 14:00:00,0.342670833
2021-10-16 15:00:00,0.342393056
2021-10-16 16:00:00,0.342129167
2021-10-16 17:00:00,0.341872222
2021-10-16 18:00:00,0.341627778
2021-10-16 19:00:00,0.341397222
2021-10-16 20:00:00,0.341159722
2021-10-16 21:00:00,0.34095
2021-10-16 22:00:00,0.340766667
2021-10-16 23:00:00,0.340609722
2021-10-17 00:00:00,0.340466667
2021-10-17 01:00:00,0.340333333
2021-10-17 02:00:00,0.340205556
2021-10-17 03:00:00,0.340086111
2021-10-17 04:00:00,0.339929167
2021-10-17 05:00:00,0.339730556
2021-10-17 06:00:00,0.339479167
2021-10-17 07:00:00,0.339163889
2021-10-17 08:00:00,0.338790278
2021-10-17 09:00:00,0.338359722
2021-10-17 10:00:00,0.337890278
2021-10-17 11:00:00,0.337395833
2021-10-17 12:00:00,0.336884722
2021-10-17 13:00:00,0.336358333
2021-10-17 14:00:00,0.335841667
2021-10-17 15:00:00,0.335359722
2021-10-17 16:00:00,0.3349125
2021-10-17 17:00:00,0.334504167
2021-10-17 18:00:00,0.334095833
2021-10-17 19:00:00,0.333751389
2021-10-17 20:00:00,0.333436111
2021-10-17 21:00:00,0.333151389
2021-10-17 22:00:00,0.332925
2021-10-17 23:00:00,0.332744444
2021-10-18 00:00:00,0.332608333
2021-10-18 01:00:00,0.332518056
2021-10-18 02:00:00,0.332456944
2021-10-18 03:00:00,0.332431944
2021-10-18 04:00:00,0.332401389
2021-10-18 05:00:00,0.332361111
2021-10-18 06:00:00,0.332248611
2021-10-18 07:00:00,0.332075
2021-10-18 08:00:00,0.331826389
2021-10-18 09:00:00,0.331493056
2021-10-18 10:00:00,0.331094444
2021-10-18 11:00:00,0.33065
2021-10-18 12:00:00,0.330161111
2021-10-18 13:00:00,0.329666667
2021-10-18 14:00:00,0.3291625
2021-10-18 15:00:00,0.328625
2021-10-18 16:00:00,0.328113889
2021-10-18 17:00:00,0.327647222
2021-10-18 18:00:00,0.327226389
2021-10-18 19:00:00,0.326848611
2021-10-18 20:00:00,0.326484722
2021-10-18 21:00:00,0.32615
2021-10-18 22:00:00,0.325863889
2021-10-18 23:00:00,0.325643056
2021-10-19 00:00:00,0.325468056
2021-10-19 01:00:00,0.325329167
2021-10-19 02:00:00,0.325236111
2021-10-19 03:00:00,0.325159722
2021-10-19 04:00:00,0.325075
2021-10-19 05:00:00,0.324968056
2021-10-19 06:00:00,0.324801389
2021-10-19 07:00:00,0.324558333
2021-10-19 08:00:00,0.324220833
2021-10-19 09:00:00,0.323822222
2021-10-19 10:00:00,0.323358333
2021-10-19 11:00:00,0.322834722
2021-10-19 12:00:00,0.322268056
2021-10-19 13:00:00,0.321688889
2021-10-19 14:00:00,0.321016667
2021-10-19 15:00:00,0.320269444
2021-10-19 16:00:00,0.319683333
2021-10-19 17:00:00,0.319163889
2021-10-19 18:00:00,0.318741667
2021-10-19 19:00:00,0.318413889
2021-10-19 20:00:00,0.318152778
2021-10-19 21:00:00,0.317998611
2021-10-19 22:00:00,0.317911111
2021-10-19 23:00:00,0.317904167
2021-10-20 00:00:00,0.317934722
2021-10-20 01:00:00,0.318005556
2021-10-20 02:00:00,0.318097222
2021-10-20 03:00:00,0.3181875
2021-10-20 04:00:00,0.318256944
2021-10-20 05:00:00,0.318291667
2021-10-20 06:00:00,0.318248611
2021-10-20 07:00:00,0.318118056
2021-10-20 08:00:00,0.317983333
2021-10-20 09:00:00,0.317670833
2021-10-20 10:00:00,0.31735
2021-10-20 11:00:00,0.316975
2021-10-20 12:00:00,0.3165125
2021-10-20 13:00:00,0.315998611
2021-10-20 14:00:00,0.315447222
2021-10-20 15:00:00,0.314861111
2021-10-20 16:00:00,0.314226389
2021-10-20 17:00:00,0.3135875
2021-10-20 18:00:00,0.312983333
2021-10-20 19:00:00,0.312425
2021-10-20 20:00:00,0.31195
2021-10-20 21:00:00,0.3115375
2021-10-20 22:00:00,0.311208333
2021-10-20 23:00:00,0.310956944
2021-10-21 00:00:00,0.310798611
2021-10-21 01:00:00,0.310697222
2021-10-21 02:00:00,0.3106625
2021-10-21 03:00:00,0.310663889
2021-10-21 04:00:00,0.310680556
2021-10-21 05:00:00,0.310690278
2021-10-21 06:00:00,0.310730556
2021-10-21 07:00:00,0.310713889
2021-10-21 08:00:00,0.310658333
2021-10-21 09:00:00,0.310555556
2021-10-21 10:00:00,0.310415278
2021-10-21 11:00:00,0.310231944
2021-10-21 12:00:00,0.309995833
2021-10-21 13:00:00,0.309688889
2021-10-21 14:00:00,0.309325
2021-10-21 15:00:00,0.308888889
2021-10-21 16:00:00,0.308422222
2021-10-21 17:00:00,0.307936111
2021-10-21 18:00:00,0.307443056
2021-10-21 19:00:00,0.306955556
2021-10-21 20:00:00,0.306530556
2021-10-21 21:00:00,0.306156944
2021-10-21 22:00:00,0.305847222
2021-10-21 23:00:00,0.305633333
2021-10-22 00:00:00,0.305490278
2021-10-22 01:00:00,0.305372222
2021-10-22 02:00:00,0.305298611
2021-10-22 03:00:00,0.305255556
2021-10-22 04:00:00,0.305215278
2021-10-22 05:00:00,0.305170833
2021-10-22 06:00:00,0.3051
2021-10-22 07:00:00,0.305008333
2021-10-22 08:00:00,0.3048875
2021-10-22 09:00:00,0.304736111
2021-10-22 10:00:00,0.304566667
2021-10-22 11:00:00,0.304368056
2021-10-22 12:00:00,0.304119444
2021-10-22 13:00:00,0.303843056
2021-10-22 14:00:00,0.303470833
2021-10-22 15:00:00,0.303033333
2021-10-22 16:00:00,0.302530556
2021-10-22 17:00:00,0.301976389
2021-10-22 18:00:00,0.301393056
2021-10-22 19:00:00,0.300795833
2021-10-22 20:00:00,0.300222222
2021-10-22 21:00:00,0.299676389
2021-10-22 22:00:00,0.299208333
2021-10-22 23:00:00,0.298788889
2021-10-23 00:00:00,0.298394444
2021-10-23 01:00:00,0.298051389
2021-10-23 02:00:00,0.297745833
2021-10-23 03:00:00,0.297476389
2021-10-23 04:00:00,0.297226389
2021-10-23 05:00:00,0.297005556
2021-10-23 06:00:00,0.296795833
2021-10-23 07:00:00,0.296584722
2021-10-23 08:00:00,0.296368056
2021-10-23 09:00:00,0.296138889
2021-10-23 10:00:00,0.2958875
2021-10-23 11:00:00,0.295611111
2021-10-23 12:00:00,0.2952875
2021-10-23 13:00:00,0.294923611
2021-10-23 14:00:00,0.294519444
2021-10-23 15:00:00,0.294058333
2021-10-23 16:00:00,0.293556944
2021-10-23 17:00:00,0.292991667
2021-10-23 18:00:00,0.2923875
2021-10-23 19:00:00,0.291770833
2021-10-23 20:00:00,0.291143056
2021-10-23 21:00:00,0.290523611
2021-10-23 22:00:00,0.289923611
2021-10-23 23:00:00,0.289341667
2021-10-24 00:00:00,0.288790278
2021-10-24 01:00:00,0.288301389
2021-10-24 02:00:00,0.287848611
2021-10-24 03:00:00,0.287443056
2021-10-24 04:00:00,0.287069444
2021-10-24 05:00:00,0.286744444
2021-10-24 06:00:00,0.2864625
2021-10-24 07:00:00,0.286218056
2021-10-24 08:00:00,0.286013889
2021-10-24 09:00:00,0.285840278
2021-10-24 10:00:00,0.285668056
2021-10-24 11:00:00,0.285495833
2021-10-24 12:00:00,0.285313889
2021-10-24 13:00:00,0.285118056
2021-10-24 14:00:00,0.284893056
2021-10-24 15:00:00,0.2846375
2021-10-24 16:00:00,0.284341667
2021-10-24 17:00:00,0.283995833
2021-10-24 18:00:00,0.283611111
2021-10-24 19:00:00,0.283175
2021-10-24 20:00:00,0.282697222
2021-10-24 21:00:00,0.282219444
2021-10-24 22:00:00,0.281729167
2021-10-24 23:00:00,0.281245833
2021-10-25 00:00:00,0.280781944
2021-10-25 01:00:00,0.280344444
2021-10-25 02:00:00,0.279931944
2021-10-25 03:00:00,0.279554167
2021-10-25 04:00:00,0.279198611
2021-10-25 05:00:00,0.278869444
2021-10-25 06:00:00,0.278568056
2021-10-25 07:00:00,0.278294444
2021-10-25 08:00:00,0.278069444
2021-10-25 09:00:00,0.277877778
2021-10-25 10:00:00,0.2777
2021-10-25 11:00:00,0.277533333
2021-10-25 12:00:00,0.277366667
2021-10-25 13:00:00,0.277191667
2021-10-25 14:00:00,0.277008333
2021-10-25 15:00:00,0.276809722
2021-10-25 16:00:00,0.276581944
2021-10-25 17:00:00,0.276331944
2021-10-25 18:00:00,0.276054167
2021-10-25 19:00:00,0.275743056
2021-10-25 20:00:00,0.275411111
2021-10-25 21:00:00,0.275066667
2021-10-25 22:00:00,0.274727778
2021-10-25 23:00:00,0.274375
2021-10-26 00:00:00,0.274029167
2021-10-26 01:00:00,0.273676389
2021-10-26 02:00:00,0.273343056
2021-10-26 03:00:00,0.273013889
2021-10-26 04:00:00,0.2727
2021-10-26 05:00:00,0.2724
2021-10-26 06:00:00,0.272111111
2021-10-26 07:00:00,0.271830556
2021-10-26 08:00:00,0.27155
2021-10-26 09:00:00,0.271311111
2021-10-26 10:00:00,0.271106944
2021-10-26 11:00:00,0.270943056
2021-10-26 12:00:00,0.270790278
2021-10-26 13:00:00,0.270644444
2021-10-26 14:00:00,0.270501389
2021-10-26 15:00:00,0.270370833
2021-10-26 16:00:00,0.270222222
2021-10-26 17:00:00,0.270051389
2021-10-26 18:00:00,0.269884722
2021-10-26 19:00:00,0.269720833
2021-10-26 20:00:00,0.269529167
2021-10-26 21:00:00,0.26935
2021-10-26 22:00:00,0.269181944
2021-10-26 23:00:00,0.269020833
2021-10-27 00:00:00,0.268877778
2021-10-27 01:00:00,0.268734722
2021-10-27 02:00:00,0.2685875
2021-10-27 03:00:00,0.268468056
2021-10-27 04:00:00,0.2683375
2021-10-27 05:00:00,0.268213889
2021-10-27 06:00:00,0.268083333
2021-10-27 07:00:00,0.267955556
2021-10-27 08:00:00,0.267834722
2021-10-27 09:00:00,0.267730556
2021-10-27 10:00:00,0.267691667
2021-10-27 11:00:00,0.267691667
2021-10-27 12:00:00,0.267729167
2021-10-27 13:00:00,0.267797222
2021-10-27 14:00:00,0.267890278
2021-10-27 15:00:00,0.268016667
2021-10-27 16:00:00,0.268154167
2021-10-27 17:00:00,0.268294444
2021-10-27 18:00:00,0.268444444
2021-10-27 19:00:00,0.268606944
2021-10-27 20:00:00,0.268790278
2021-10-27 21:00:00,0.268981944
2021-10-27 22:00:00,0.269170833
2021-10-27 23:00:00,0.269340278
2021-10-28 00:00:00,0.269518056
2021-10-28 01:00:00,0.2696875
2021-10-28 02:00:00,0.2698375
2021-10-28 03:00:00,0.269956944
2021-10-28 04:00:00,0.270072222
2021-10-28 05:00:00,0.270180556
2021-10-28 06:00:00,0.270259722
2021-10-28 07:00:00,0.270293056
2021-10-28 08:00:00,0.270318056
2021-10-28 09:00:00,0.270316667
2021-10-28 10:00:00,0.2703125
2021-10-28 11:00:00,0.270301389
2021-10-28 12:00:00,0.270288889
2021-10-28 13:00:00,0.270273611
2021-10-28 14:00:00,0.270279167
2021-10-28 15:00:00,0.270308333
2021-10-28 16:00:00,0.270323611
2021-10-28 17:00:00,0.270359722
2021-10-28 18:00:00,0.270409722
2021-10-28 19:00:00,0.270472222
2021-10-28 20:00:00,0.270554167
2021-10-28 21:00:00,0.2706625
2021-10-28 22:00:00,0.270777778
2021-10-28 23:00:00,0.270909722
2021-10-29 00:00:00,0.271041667
2021-10-29 01:00:00,0.271156944
2021-10-29 02:00:00,0.271258333
2021-10-29 03:00:00,0.271322222
2021-10-29 04:00:00,0.271355556
2021-10-29 05:00:00,0.271361111
2021-10-29 06:00:00,0.271333333
2021-10-29 07:00:00,0.271259722
2021-10-29 08:00:00,0.271169444
2021-10-29 09:00:00,0.271051389
2021-10-29 10:00:00,0.270926389
2021-10-29 11:00:00,0.270769444
2021-10-29 12:00:00,0.270620833
2021-10-29 13:00:00,0.270456944
2021-10-29 14:00:00,0.270308333
2021-10-29 15:00:00,0.2702
2021-10-29 16:00:00,0.270098611
2021-10-29 17:00:00,0.270029167
2021-10-29 18:00:00,0.269994444
2021-10-29 19:00:00,0.269983333
2021-10-29 20:00:00,0.269998611
2021-10-29 21:00:00,0.270056944
2021-10-29 22:00:00,0.270127778
2021-10-29 23:00:00,0.270204167
2021-10-30 00:00:00,0.270322222
2021-10-30 01:00:00,0.270420833
2021-10-30 02:00:00,0.270468056
2021-10-30 03:00:00,0.270511111
2021-10-30 04:00:00,0.270493056
2021-10-30 05:00:00,0.270394444
2021-10-30 06:00:00,0.27025
2021-10-30 07:00:00,0.270038889
2021-10-30 08:00:00,0.269770833
2021-10-30 09:00:00,0.269455556
2021-10-30 10:00:00,0.269118056
2021-10-30 11:00:00,0.268766667
2021-10-30 12:00:00,0.268397222
2021-10-30 13:00:00,0.268044444
2021-10-30 14:00:00,0.267738889
2021-10-30 15:00:00,0.267479167
2021-10-30 16:00:00,0.267258333
2021-10-30 17:00:00,0.267083333
2021-10-30 18:00:00,0.266938889
2021-10-30 19:00:00,0.266836111
2021-10-30 20:00:00,0.266759722
2021-10-30 21:00:00,0.266716667
2021-10-30 22:00:00,0.266709722
2021-10-30 23:00:00,0.266743056
2021-10-31 00:00:00,0.266820833
2021-10-31 01:00:00,0.266894444
2021-10-31 02:00:00,0.266952778
2021-10-31 03:00:00,0.267011111
2021-10-31 04:00:00,0.267034722
2021-10-31 05:00:00,0.266994444
2021-10-31 06:00:00,0.266869444
2021-10-31 07:00:00,0.266670833
2021-10-31 08:00:00,0.266386111
2021-10-31 09:00:00,0.266020833
2021-10-31 10:00:00,0.265605556
2021-10-31 11:00:00,0.265154167
2021-10-31 12:00:00,0.264669444
2021-10-31 13:00:00,0.264184722
2021-10-31 14:00:00,0.263680556
2021-10-31 15:00:00,0.263279167
2021-10-31 16:00:00,0.262926389
2021-10-31 17:00:00,0.2626375
2021-10-31 18:00:00,0.262397222
2021-10-31 19:00:00,0.2622625
2021-10-31 20:00:00,0.262205556
2021-10-31 21:00:00,0.262198611
2021-10-31 22:00:00,0.262268056
2021-10-31 23:00:00,0.262397222
2022-10-01 00:00:00,0.240568056
2022-10-01 01:00:00,0.240343056
2022-10-01 02:00:00,0.240145833
2022-10-01 03:00:00,0.239969444
2022-10-01 04:00:00,0.239823611
2022-10-01 05:00:00,0.239673611
2022-10-01 06:00:00,0.239530556
2022-10-01 07:00:00,0.2394
2022-10-01 08:00:00,0.239301389
2022-10-01 09:00:00,0.239208333
2022-10-01 10:00:00,0.239148611
2022-10-01 11:00:00,0.239081944
2022-10-01 12:00:00,0.239018056
2022-10-01 13:00:00,0.238970833
2022-10-01 14:00:00,0.238920833
2022-10-01 15:00:00,0.238870833
2022-10-01 16:00:00,0.238805556
2022-10-01 17:00:00,0.238704167
2022-10-01 18:00:00,0.2386125
2022-10-01 19:00:00,0.238509722
2022-10-01 20:00:00,0.238384722
2022-10-01 21:00:00,0.238255556
2022-10-01 22:00:00,0.238144444
2022-10-01 23:00:00,0.23805
2022-10-02 00:00:00,0.237951389
2022-10-02 01:00:00,0.237865278
2022-10-02 02:00:00,0.237791667
2022-10-02 03:00:00,0.2377125
2022-10-02 04:00:00,0.2376375
2022-10-02 05:00:00,0.237555556
2022-10-02 06:00:00,0.237483333
2022-10-02 07:00:00,0.237431944
2022-10-02 08:00:00,0.237370833
2022-10-02 09:00:00,0.2373125
2022-10-02 10:00:00,0.237276389
2022-10-02 11:00:00,0.2372
2022-10-02 12:00:00,0.237123611
2022-10-02 13:00:00,0.237045833
2022-10-02 14:00:00,0.2369625
2022-10-02 15:00:00,0.23685
2022-10-02 16:00:00,0.236751389
2022-10-02 17:00:00,0.236638889
2022-10-02 18:00:00,0.236515278
2022-10-02 19:00:00,0.236397222
2022-10-02 20:00:00,0.236276389
2022-10-02 21:00:00,0.236147222
2022-10-02 22:00:00,0.236020833
2022-10-02 23:00:00,0.235890278
2022-10-03 00:00:00,0.235766667
2022-10-03 01:00:00,0.235644444
2022-10-03 02:00:00,0.235526389
2022-10-03 03:00:00,0.2354125
2022-10-03 04:00:00,0.235319444
2022-10-03 05:00:00,0.235233333
2022-10-03 06:00:00,0.235119444
2022-10-03 07:00:00,0.235009722
2022-10-03 08:00:00,0.2349125
2022-10-03 09:00:00,0.234813889
2022-10-03 10:00:00,0.234663889
2022-10-03 11:00:00,0.234511111
2022-10-03 12:00:00,0.234340278
2022-10-03 13:00:00,0.234165278
2022-10-03 14:00:00,0.233979167
2022-10-03 15:00:00,0.233815278
2022-10-03 16:00:00,0.233661111
2022-10-03 17:00:00,0.233493056
2022-10-03 18:00:00,0.233313889
2022-10-03 19:00:00,0.233125
2022-10-03 20:00:00,0.232951389
2022-10-03 21:00:00,0.232786111
2022-10-03 22:00:00,0.232622222
2022-10-03 23:00:00,0.232433333
2022-10-04 00:00:00,0.232222222
2022-10-04 01:00:00,0.232026389
2022-10-04 02:00:00,0.231797222
2022-10-04 03:00:00,0.231515278
2022-10-04 04:00:00,0.231198611
2022-10-04 05:00:00,0.230886111
2022-10-04 06:00:00,0.230554167
2022-10-04 07:00:00,0.2302125
2022-10-04 08:00:00,0.229888889
2022-10-04 09:00:00,0.229554167
2022-10-04 10:00:00,0.2292
2022-10-04 11:00:00,0.2288125
2022-10-04 12:00:00,0.228451389
2022-10-04 13:00:00,0.228097222
2022-10-04 14:00:00,0.227765278
2022-10-04 15:00:00,0.227472222
2022-10-04 16:00:00,0.227195833
2022-10-04 17:00:00,0.2269375
2022-10-04 18:00:00,0.226695833
2022-10-04 19:00:00,0.226456944
2022-10-04 20:00:00,0.226227778
2022-10-04 21:00:00,0.226011111
2022-10-04 22:00:00,0.225808333
2022-10-04 23:00:00,0.2256375
2022-10-05 00:00:00,0.225480556
2022-10-05 01:00:00,0.225327778
2022-10-05 02:00:00,0.225176389
2022-10-05 03:00:00,0.225016667
2022-10-05 04:00:00,0.224836111
2022-10-05 05:00:00,0.224631944
2022-10-05 06:00:00,0.224398611
2022-10-05 07:00:00,0.224133333
2022-10-05 08:00:00,0.223826389
2022-10-05 09:00:00,0.223486111
2022-10-05 10:00:00,0.223133333
2022-10-05 11:00:00,0.222747222
2022-10-05 12:00:00,0.222344444
2022-10-05 13:00:00,0.221925
2022-10-05 14:00:00,0.221502778
2022-10-05 15:00:00,0.221075
2022-10-05 16:00:00,0.220658333
2022-10-05 17:00:00,0.220233333
2022-10-05 18:00:00,0.219818056
2022-10-05 19:00:00,0.219413889
2022-10-05 20:00:00,0.219025
2022-10-05 21:00:00,0.218670833
2022-10-05 22:00:00,0.218340278
2022-10-05 23:00:00,0.218054167
2022-10-06 00:00:00,0.217805556
2022-10-06 01:00:00,0.217604167
2022-10-06 02:00:00,0.2174375
2022-10-06 03:00:00,0.217275
2022-10-06 04:00:00,0.217118056
2022-10-06 05:00:00,0.216941667
2022-10-06 06:00:00,0.216738889
2022-10-06 07:00:00,0.216493056
2022-10-06 08:00:00,0.216219444
2022-10-06 09:00:00,0.215922222
2022-10-06 10:00:00,0.215586111
2022-10-06 11:00:00,0.215229167
2022-10-06 12:00:00,0.214852778
2022-10-06 13:00:00,0.214466667
2022-10-06 14:00:00,0.214081944
2022-10-06 15:00:00,0.213693056
2022-10-06 16:00:00,0.213319444
2022-10-06 17:00:00,0.212955556
2022-10-06 18:00:00,0.212601389
2022-10-06 19:00:00,0.2122625
2022-10-06 20:00:00,0.211940278
2022-10-06 21:00:00,0.211656944
2022-10-06 22:00:00,0.211395833
2022-10-06 23:00:00,0.211166667
2022-10-07 00:00:00,0.210983333
2022-10-07 01:00:00,0.210836111
2022-10-07 02:00:00,0.210720833
2022-10-07 03:00:00,0.210626389
2022-10-07 04:00:00,0.210525
2022-10-07 05:00:00,0.210391667
2022-10-07 06:00:00,0.210223611
2022-10-07 07:00:00,0.210006944
2022-10-07 08:00:00,0.209718056
2022-10-07 09:00:00,0.209370833
2022-10-07 10:00:00,0.208979167
2022-10-07 11:00:00,0.208544444
2022-10-07 12:00:00,0.2080875
2022-10-07 13:00:00,0.207622222
2022-10-07 14:00:00,0.207156944
2022-10-07 15:00:00,0.206718056
2022-10-07 16:00:00,0.206316667
2022-10-07 17:00:00,0.205947222
2022-10-07 18:00:00,0.205629167
2022-10-07 19:00:00,0.205358333
2022-10-07 20:00:00,0.205118056
2022-10-07 21:00:00,0.204925
2022-10-07 22:00:00,0.204777778
2022-10-07 23:00:00,0.204688889
2022-10-08 00:00:00,0.204644444
2022-10-08 01:00:00,0.204661111
2022-10-08 02:00:00,0.204716667
2022-10-08 03:00:00,0.2047875
2022-10-08 04:00:00,0.204875
2022-10-08 05:00:00,0.204945833
2022-10-08 06:00:00,0.204979167
2022-10-08 07:00:00,0.204963889
2022-10-08 08:00:00,0.204875
2022-10-08 09:00:00,0.204725
2022-10-08 10:00:00,0.204502778
2022-10-08 11:00:00,0.204211111
2022-10-08 12:00:00,0.203883333
2022-10-08 13:00:00,0.203547222
2022-10-08 14:00:00,0.203220833
2022-10-08 15:00:00,0.202919444
2022-10-08 16:00:00,0.202651389
2022-10-08 17:00:00,0.202422222
2022-10-08 18:00:00,0.202225
2022-10-08 19:00:00,0.202091667
2022-10-08 20:00:00,0.201997222
2022-10-08 21:00:00,0.201930556
2022-10-08 22:00:00,0.201897222
2022-10-08 23:00:00,0.201931944
2022-10-09 00:00:00,0.202015278
2022-10-09 01:00:00,0.202148611
2022-10-09 02:00:00,0.202340278
2022-10-09 03:00:00,0.202545833
2022-10-09 04:00:00,0.202763889
2022-10-09 05:00:00,0.202990278
2022-10-09 06:00:00,0.203191667
2022-10-09 07:00:00,0.203333333
2022-10-09 08:00:00,0.203406944
2022-10-09 09:00:00,0.203409722
2022-10-09 10:00:00,0.203320833
2022-10-09 11:00:00,0.203136111
2022-10-09 12:00:00,0.202893056
2022-10-09 13:00:00,0.202591667
2022-10-09 14:00:00,0.202244444
2022-10-09 15:00:00,0.2018875
2022-10-09 16:00:00,0.201529167
2022-10-09 17:00:00,0.201181944
2022-10-09 18:00:00,0.200873611
2022-10-09 19:00:00,0.200618056
2022-10-09 20:00:00,0.200431944
2022-10-09 21:00:00,0.200302778
2022-10-09 22:00:00,0.200238889
2022-10-09 23:00:00,0.200268056
2022-10-10 00:00:00,0.200348611
2022-10-10 01:00:00,0.2005
2022-10-10 02:00:00,0.200691667
2022-10-10 03:00:00,0.200895833
2022-10-10 04:00:00,0.201106944
2022-10-10 05:00:00,0.2013125
2022-10-10 06:00:00,0.201498611
2022-10-10 07:00:00,0.201630556
2022-10-10 08:00:00,0.201701389
2022-10-10 09:00:00,0.201715278
2022-10-10 10:00:00,0.201697222
2022-10-10 11:00:00,0.201633333
2022-10-10 12:00:00,0.201526389
2022-10-10 13:00:00,0.201358333
2022-10-10 14:00:00,0.201152778
2022-10-10 15:00:00,0.200956944
2022-10-10 16:00:00,0.200775
2022-10-10 17:00:00,0.200593056
2022-10-10 18:00:00,0.200409722
2022-10-10 19:00:00,0.200290278
2022-10-10 20:00:00,0.200245833
2022-10-10 21:00:00,0.200263889
2022-10-10 22:00:00,0.200359722
2022-10-10 23:00:00,0.200533333
2022-10-11 00:00:00,0.200781944
2022-10-11 01:00:00,0.201056944
2022-10-11 02:00:00,0.201386111
2022-10-11 03:00:00,0.201730556
2022-10-11 04:00:00,0.202033333
2022-10-11 05:00:00,0.202325
2022-10-11 06:00:00,0.202541667
2022-10-11 07:00:00,0.202677778
2022-10-11 08:00:00,0.2027625
2022-10-11 09:00:00,0.202769444
2022-10-11 10:00:00,0.202715278
2022-10-11 11:00:00,0.202576389
2022-10-11 12:00:00,0.202363889
2022-10-11 13:00:00,0.202065278
2022-10-11 14:00:00,0.201670833
2022-10-11 15:00:00,0.201211111
2022-10-11 16:00:00,0.200697222
2022-10-11 17:00:00,0.200119444
2022-10-11 18:00:00,0.1995375
2022-10-11 19:00:00,0.198977778
2022-10-11 20:00:00,0.198476389
2022-10-11 21:00:00,0.198056944
2022-10-11 22:00:00,0.197729167
2022-10-11 23:00:00,0.197501389
2022-10-12 00:00:00,0.197377778
2022-10-12 01:00:00,0.197340278
2022-10-12 02:00:00,0.197361111
2022-10-12 03:00:00,0.197445833
2022-10-12 04:00:00,0.197565278
2022-10-12 05:00:00,0.197676389
2022-10-12 06:00:00,0.1978125
2022-10-12 07:00:00,0.197990278
2022-10-12 08:00:00,0.198140278
2022-10-12 09:00:00,0.198256944
2022-10-12 10:00:00,0.198363889
2022-10-12 11:00:00,0.198436111
2022-10-12 12:00:00,0.19845
2022-10-12 13:00:00,0.198411111
2022-10-12 14:00:00,0.198281944
2022-10-12 15:00:00,0.198058333
2022-10-12 16:00:00,0.197758333
2022-10-12 17:00:00,0.1974125
2022-10-12 18:00:00,0.197030556
2022-10-12 19:00:00,0.196661111
2022-10-12 20:00:00,0.196301389
2022-10-12 21:00:00,0.195970833
2022-10-12 22:00:00,0.195705556
2022-10-12 23:00:00,0.195519444
2022-10-13 00:00:00,0.195398611
2022-10-13 01:00:00,0.195375
2022-10-13 02:00:00,0.195405556
2022-10-13 03:00:00,0.195483333
2022-10-13 04:00:00,0.195594444
2022-10-13 05:00:00,0.1957125
2022-10-13 06:00:00,0.195834722
2022-10-13 07:00:00,0.195976389
2022-10-13 08:00:00,0.196125
2022-10-13 09:00:00,0.196258333
2022-10-13 10:00:00,0.1963875
2022-10-13 11:00:00,0.1965125
2022-10-13 12:00:00,0.1966
2022-10-13 13:00:00,0.196669444
2022-10-13 14:00:00,0.196719444
2022-10-13 15:00:00,0.196693056
2022-10-13 16:00:00,0.196648611
2022-10-13 17:00:00,0.196565278
2022-10-13 18:00:00,0.196444444
2022-10-13 19:00:00,0.196309722
2022-10-13 20:00:00,0.196186111
2022-10-13 21:00:00,0.196094444
2022-10-13 22:00:00,0.1960375
2022-10-13 23:00:00,0.1960625
2022-10-14 00:00:00,0.196165278
2022-10-14 01:00:00,0.196354167
2022-10-14 02:00:00,0.196626389
2022-10-14 03:00:00,0.196963889
2022-10-14 04:00:00,0.197352778
2022-10-14 05:00:00,0.197783333
2022-10-14 06:00:00,0.198291667
2022-10-14 07:00:00,0.198890278
2022-10-14 08:00:00,0.199515278
2022-10-14 09:00:00,0.200205556
2022-10-14 10:00:00,0.200911111
2022-10-14 11:00:00,0.2016125
2022-10-14 12:00:00,0.202334722
2022-10-14 13:00:00,0.203065278
2022-10-14 14:00:00,0.203761111
2022-10-14 15:00:00,0.204415278
2022-10-14 16:00:00,0.205031944
2022-10-14 17:00:00,0.205615278
2022-10-14 18:00:00,0.206163889
2022-10-14 19:00:00,0.206627778
2022-10-14 20:00:00,0.207045833
2022-10-14 21:00:00,0.207447222
2022-10-14 22:00:00,0.207831944
2022-10-14 23:00:00,0.208229167
2022-10-15 00:00:00,0.208634722
2022-10-15 01:00:00,0.209066667
2022-10-15 02:00:00,0.209533333
2022-10-15 03:00:00,0.210051389
2022-10-15 04:00:00,0.210588889
2022-10-15 05:00:00,0.211130556
2022-10-15 06:00:00,0.211673611
2022-10-15 07:00:00,0.212261111
2022-10-15 08:00:00,0.212802778
2022-10-15 09:00:00,0.213327778
2022-10-15 10:00:00,0.213880556
2022-10-15 11:00:00,0.214394444
2022-10-15 12:00:00,0.2149
2022-10-15 13:00:00,0.215397222
2022-10-15 14:00:00,0.215875
2022-10-15 15:00:00,0.216326389
2022-10-15 16:00:00,0.216779167
2022-10-15 17:00:00,0.217215278
2022-10-15 18:00:00,0.21765
2022-10-15 19:00:00,0.217995833
2022-10-15 20:00:00,0.218244444
2022-10-15 21:00:00,0.21845
2022-10-15 22:00:00,0.2186
2022-10-15 23:00:00,0.218704167
2022-10-16 00:00:00,0.218834722
2022-10-16 01:00:00,0.218959722
2022-10-16 02:00:00,0.2190875
2022-10-16 03:00:00,0.21925
2022-10-16 04:00:00,0.219430556
2022-10-16 05:00:00,0.219625
2022-10-16 06:00:00,0.219841667
2022-10-16 07:00:00,0.220081944
2022-10-16 08:00:00,0.220343056
2022-10-16 09:00:00,0.220615278
2022-10-16 10:00:00,0.220936111
2022-10-16 11:00:00,0.221272222
2022-10-16 12:00:00,0.221615278
2022-10-16 13:00:00,0.221969444
2022-10-16 14:00:00,0.222330556
2022-10-16 15:00:00,0.222675
2022-10-16 16:00:00,0.223013889
2022-10-16 17:00:00,0.223330556
2022-10-16 18:00:00,0.223626389
2022-10-16 19:00:00,0.223891667
2022-10-16 20:00:00,0.224118056
2022-10-16 21:00:00,0.224319444
2022-10-16 22:00:00,0.224477778
2022-10-16 23:00:00,0.224595833
2022-10-17 00:00:00,0.224702778
2022-10-17 01:00:00,0.224813889
2022-10-17 02:00:00,0.224930556
2022-10-17 03:00:00,0.225040278
2022-10-17 04:00:00,0.225155556
2022-10-17 05:00:00,0.225265278
2022-10-17 06:00:00,0.225373611
2022-10-17 07:00:00,0.225490278
2022-10-17 08:00:00,0.225609722
2022-10-17 09:00:00,0.225727778
2022-10-17 10:00:00,0.225848611
2022-10-17 11:00:00,0.225980556
2022-10-17 12:00:00,0.226115278
2022-10-17 13:00:00,0.226259722
2022-10-17 14:00:00,0.226411111
2022-10-17 15:00:00,0.226563889
2022-10-17 16:00:00,0.226716667
2022-10-17 17:00:00,0.226870833
2022-10-17 18:00:00,0.227019444
2022-10-17 19:00:00,0.227155556
2022-10-17 20:00:00,0.227273611
2022-10-17 21:00:00,0.227379167
2022-10-17 22:00:00,0.227476389
2022-10-17 23:00:00,0.227548611
2022-10-18 00:00:00,0.227601389
2022-10-18 01:00:00,0.227665278
2022-10-18 02:00:00,0.227725
2022-10-18 03:00:00,0.227768056
2022-10-18 04:00:00,0.227791667
2022-10-18 05:00:00,0.227818056
2022-10-18 06:00:00,0.227813889
2022-10-18 07:00:00,0.227797222
2022-10-18 08:00:00,0.2277625
2022-10-18 09:00:00,0.227708333
2022-10-18 10:00:00,0.227641667
2022-10-18 11:00:00,0.227575
2022-10-18 12:00:00,0.227519444
2022-10-18 13:00:00,0.227473611
2022-10-18 14:00:00,0.227452778
2022-10-18 15:00:00,0.227461111
2022-10-18 16:00:00,0.227480556
2022-10-18 17:00:00,0.227511111
2022-10-18 18:00:00,0.227568056
2022-10-18 19:00:00,0.227629167
2022-10-18 20:00:00,0.227702778
2022-10-18 21:00:00,0.227794444
2022-10-18 22:00:00,0.227894444
2022-10-18 23:00:00,0.227995833
2022-10-19 00:00:00,0.228106944
2022-10-19 01:00:00,0.228206944
2022-10-19 02:00:00,0.228286111
2022-10-19 03:00:00,0.228363889
2022-10-19 04:00:00,0.228416667
2022-10-19 05:00:00,0.228436111
2022-10-19 06:00:00,0.228429167
2022-10-19 07:00:00,0.228358333
2022-10-19 08:00:00,0.2282625
2022-10-19 09:00:00,0.228152778
2022-10-19 10:00:00,0.228016667
2022-10-19 11:00:00,0.227865278
2022-10-19 12:00:00,0.227716667
2022-10-19 13:00:00,0.227594444
2022-10-19 14:00:00,0.227518056
2022-10-19 15:00:00,0.227480556
2022-10-19 16:00:00,0.227494444
2022-10-19 17:00:00,0.227519444
2022-10-19 18:00:00,0.227579167
2022-10-19 19:00:00,0.227679167
2022-10-19 20:00:00,0.227806944
2022-10-19 21:00:00,0.227965278
2022-10-19 22:00:00,0.228148611
2022-10-19 23:00:00,0.228355556
2022-10-20 00:00:00,0.228580556
2022-10-20 01:00:00,0.228804167
2022-10-20 02:00:00,0.229009722
2022-10-20 03:00:00,0.229201389
2022-10-20 04:00:00,0.229344444
2022-10-20 05:00:00,0.229447222
2022-10-20 06:00:00,0.229501389
2022-10-20 07:00:00,0.229472222
2022-10-20 08:00:00,0.229377778
2022-10-20 09:00:00,0.229226389
2022-10-20 10:00:00,0.229016667
2022-10-20 11:00:00,0.228752778
2022-10-20 12:00:00,0.228495833
2022-10-20 13:00:00,0.228226389
2022-10-20 14:00:00,0.227951389
2022-10-20 15:00:00,0.227726389
2022-10-20 16:00:00,0.2275625
2022-10-20 17:00:00,0.227461111
2022-10-20 18:00:00,0.227379167
2022-10-20 19:00:00,0.227356944
2022-10-20 20:00:00,0.227370833
2022-10-20 21:00:00,0.227440278
2022-10-20 22:00:00,0.22755
2022-10-20 23:00:00,0.227725
2022-10-21 00:00:00,0.227956944
2022-10-21 01:00:00,0.228222222
2022-10-21 02:00:00,0.228497222
2022-10-21 03:00:00,0.228773611
2022-10-21 04:00:00,0.229048611
2022-10-21 05:00:00,0.2293
2022-10-21 06:00:00,0.229483333
2022-10-21 07:00:00,0.229608333
2022-10-21 08:00:00,0.229636111
2022-10-21 09:00:00,0.229588889
2022-10-21 10:00:00,0.229491667
2022-10-21 11:00:00,0.229320833
2022-10-21 12:00:00,0.229098611
2022-10-21 13:00:00,0.228851389
2022-10-21 14:00:00,0.228583333
2022-10-21 15:00:00,0.228344444
2022-10-21 16:00:00,0.228161111
2022-10-21 17:00:00,0.228038889
2022-10-21 18:00:00,0.228002778
2022-10-21 19:00:00,0.227997222
2022-10-21 20:00:00,0.228054167
2022-10-21 21:00:00,0.228158333
2022-10-21 22:00:00,0.228329167
2022-10-21 23:00:00,0.228505556
2022-10-22 00:00:00,0.228738889
2022-10-22 01:00:00,0.228991667
2022-10-22 02:00:00,0.229226389
2022-10-22 03:00:00,0.2294875
2022-10-22 04:00:00,0.229772222
2022-10-22 05:00:00,0.230041667
2022-10-22 06:00:00,0.230272222
2022-10-22 07:00:00,0.230463889
2022-10-22 08:00:00,0.2305875
2022-10-22 09:00:00,0.230615278
2022-10-22 10:00:00,0.230583333
2022-10-22 11:00:00,0.230468056
2022-10-22 12:00:00,0.230281944
2022-10-22 13:00:00,0.230041667
2022-10-22 14:00:00,0.229772222
2022-10-22 15:00:00,0.229520833
2022-10-22 16:00:00,0.2292625
2022-10-22 17:00:00,0.229040278
2022-10-22 18:00:00,0.228901389
2022-10-22 19:00:00,0.2288125
2022-10-22 20:00:00,0.228813889
2022-10-22 21:00:00,0.228890278
2022-10-22 22:00:00,0.22905
2022-10-22 23:00:00,0.229275
2022-10-23 00:00:00,0.229572222
2022-10-23 01:00:00,0.229893056
2022-10-23 02:00:00,0.2302375
2022-10-23 03:00:00,0.230597222
2022-10-23 04:00:00,0.230930556
2022-10-23 05:00:00,0.231227778
2022-10-23 06:00:00,0.231472222
2022-10-23 07:00:00,0.231636111
2022-10-23 08:00:00,0.231736111
2022-10-23 09:00:00,0.231763889
2022-10-23 10:00:00,0.231729167
2022-10-23 11:00:00,0.231638889
2022-10-23 12:00:00,0.231470833
2022-10-23 13:00:00,0.231234722
2022-10-23 14:00:00,0.230963889
2022-10-23 15:00:00,0.230668056
2022-10-23 16:00:00,0.230368056
2022-10-23 17:00:00,0.230090278
2022-10-23 18:00:00,0.229848611
2022-10-23 19:00:00,0.229652778
2022-10-23 20:00:00,0.229541667
2022-10-23 21:00:00,0.229523611
2022-10-23 22:00:00,0.229608333
2022-10-23 23:00:00,0.229770833
2022-10-24 00:00:00,0.230019444
2022-10-24 01:00:00,0.230338889
2022-10-24 02:00:00,0.230709722
2022-10-24 03:00:00,0.231113889
2022-10-24 04:00:00,0.231541667
2022-10-24 05:00:00,0.231933333
2022-10-24 06:00:00,0.232297222
2022-10-24 07:00:00,0.232620833
2022-10-24 08:00:00,0.232883333
2022-10-24 09:00:00,0.2331
2022-10-24 10:00:00,0.233258333
2022-10-24 11:00:00,0.233358333
2022-10-24 12:00:00,0.233376389
2022-10-24 13:00:00,0.233319444
2022-10-24 14:00:00,0.233176389
2022-10-24 15:00:00,0.232952778
2022-10-24 16:00:00,0.232683333
2022-10-24 17:00:00,0.232381944
2022-10-24 18:00:00,0.232075
2022-10-24 19:00:00,0.231779167
2022-10-24 20:00:00,0.2315125
2022-10-24 21:00:00,0.231318056
2022-10-24 22:00:00,0.231181944
2022-10-24 23:00:00,0.231133333
2022-10-25 00:00:00,0.231165278
2022-10-25 01:00:00,0.231252778
2022-10-25 02:00:00,0.231401389
2022-10-25 03:00:00,0.231586111
2022-10-25 04:00:00,0.231795833
2022-10-25 05:00:00,0.232027778
2022-10-25 06:00:00,0.232222222
2022-10-25 07:00:00,0.2324125
2022-10-25 08:00:00,0.232597222
2022-10-25 09:00:00,0.232740278
2022-10-25 10:00:00,0.232856944
2022-10-25 11:00:00,0.232936111
2022-10-25 12:00:00,0.232970833
2022-10-25 13:00:00,0.232959722
2022-10-25 14:00:00,0.2328875
2022-10-25 15:00:00,0.232727778
2022-10-25 16:00:00,0.232505556
2022-10-25 17:00:00,0.232219444
2022-10-25 18:00:00,0.231904167
2022-10-25 19:00:00,0.231568056
2022-10-25 20:00:00,0.231273611
2022-10-25 21:00:00,0.231023611
2022-10-25 22:00:00,0.230818056
2022-10-25 23:00:00,0.2306625
2022-10-26 00:00:00,0.230545833
2022-10-26 01:00:00,0.230448611
2022-10-26 02:00:00,0.230408333
2022-10-26 03:00:00,0.230406944
2022-10-26 04:00:00,0.230429167
2022-10-26 05:00:00,0.230452778
2022-10-26 06:00:00,0.230519444
2022-10-26 07:00:00,0.230548611
2022-10-26 08:00:00,0.230597222
2022-10-26 09:00:00,0.230645833
2022-10-26 10:00:00,0.230676389
2022-10-26 11:00:00,0.2307
2022-10-26 12:00:00,0.230691667
2022-10-26 13:00:00,0.230658333
2022-10-26 14:00:00,0.230572222
2022-10-26 15:00:00,0.230441667
2022-10-26 16:00:00,0.230259722
2022-10-26 17:00:00,0.230020833
2022-10-26 18:00:00,0.229725
2022-10-26 19:00:00,0.229415278
2022-10-26 20:00:00,0.229088889
2022-10-26 21:00:00,0.228765278
2022-10-26 22:00:00,0.228454167
2022-10-26 23:00:00,0.228148611
2022-10-27 00:00:00,0.227833333
2022-10-27 01:00:00,0.227541667
2022-10-27 02:00:00,0.227261111
2022-10-27 03:00:00,0.226995833
2022-10-27 04:00:00,0.226740278
2022-10-27 05:00:00,0.226518056
2022-10-27 06:00:00,0.226322222
2022-10-27 07:00:00,0.226152778
2022-10-27 08:00:00,0.225998611
2022-10-27 09:00:00,0.225881944
2022-10-27 10:00:00,0.225777778
2022-10-27 11:00:00,0.225665278
2022-10-27 12:00:00,0.225551389
2022-10-27 13:00:00,0.225441667
2022-10-27 14:00:00,0.225302778
2022-10-27 15:00:00,0.225151389
2022-10-27 16:00:00,0.225001389
2022-10-27 17:00:00,0.224819444
2022-10-27 18:00:00,0.224609722
2022-10-27 19:00:00,0.224375
2022-10-27 20:00:00,0.224126389
2022-10-27 21:00:00,0.223890278
2022-10-27 22:00:00,0.223647222
2022-10-27 23:00:00,0.223441667
2022-10-28 00:00:00,0.223269444
2022-10-28 01:00:00,0.2231
2022-10-28 02:00:00,0.222954167
2022-10-28 03:00:00,0.2228375
2022-10-28 04:00:00,0.222723611
2022-10-28 05:00:00,0.2226125
2022-10-28 06:00:00,0.222511111
2022-10-28 07:00:00,0.222426389
2022-10-28 08:00:00,0.222361111
2022-10-28 09:00:00,0.222315278
2022-10-28 10:00:00,0.222279167
2022-10-28 11:00:00,0.222251389
2022-10-28 12:00:00,0.222225
2022-10-28 13:00:00,0.222144444
2022-10-28 14:00:00,0.2221
2022-10-28 15:00:00,0.222043056
2022-10-28 16:00:00,0.221968056
2022-10-28 17:00:00,0.221898611
2022-10-28 18:00:00,0.221766667
2022-10-28 19:00:00,0.221618056
2022-10-28 20:00:00,0.221441667
2022-10-28 21:00:00,0.221291667
2022-10-28 22:00:00,0.221163889
2022-10-28 23:00:00,0.221027778
2022-10-29 00:00:00,0.220845833
2022-10-29 01:00:00,0.220654167
2022-10-29 02:00:00,0.220483333
2022-10-29 03:00:00,0.220280556
2022-10-29 04:00:00,0.220090278
2022-10-29 05:00:00,0.2198875
2022-10-29 06:00:00,0.219673611
2022-10-29 07:00:00,0.219502778
2022-10-29 08:00:00,0.219318056
2022-10-29 09:00:00,0.219116667
2022-10-29 10:00:00,0.218929167
2022-10-29 11:00:00,0.218736111
2022-10-29 12:00:00,0.218552778
2022-10-29 13:00:00,0.218394444
2022-10-29 14:00:00,0.218234722
2022-10-29 15:00:00,0.2180875
2022-10-29 16:00:00,0.21795
2022-10-29 17:00:00,0.217818056
2022-10-29 18:00:00,0.217688889
2022-10-29 19:00:00,0.217570833
2022-10-29 20:00:00,0.217463889
2022-10-29 21:00:00,0.217369444
2022-10-29 22:00:00,0.217290278
2022-10-29 23:00:00,0.217209722
2022-10-30 00:00:00,0.217141667
2022-10-30 01:00:00,0.217081944
2022-10-30 02:00:00,0.217001389
2022-10-30 03:00:00,0.216934722
2022-10-30 04:00:00,0.216870833
2022-10-30 05:00:00,0.216802778
2022-10-30 06:00:00,0.216740278
2022-10-30 07:00:00,0.216702778
2022-10-30 08:00:00,0.216647222
2022-10-30 09:00:00,0.216598611
2022-10-30 10:00:00,0.216552778
2022-10-30 11:00:00,0.216525
2022-10-30 12:00:00,0.216494444
2022-10-30 13:00:00,0.216461111
2022-10-30 14:00:00,0.2164375
2022-10-30 15:00:00,0.216418056
2022-10-30 16:00:00,0.216409722
2022-10-30 17:00:00,0.216398611
2022-10-30 18:00:00,0.216405556
2022-10-30 19:00:00,0.216422222
2022-10-30 20:00:00,0.216454167
2022-10-30 21:00:00,0.216527778
2022-10-30 22:00:00,0.216618056
2022-10-30 23:00:00,0.216716667
2022-10-31 00:00:00,0.216836111
2022-10-31 01:00:00,0.21695
2022-10-31 02:00:00,0.217072222
2022-10-31 03:00:00,0.217186111
2022-10-31 04:00:00,0.217293056
2022-10-31 05:00:00,0.217398611
2022-10-31 06:00:00,0.217488889
2022-10-31 07:00:00,0.217583333
2022-10-31 08:00:00,0.217684722
2022-10-31 09:00:00,0.217769444
2022-10-31 10:00:00,0.217841667
2022-10-31 11:00:00,0.217931944
2022-10-31 12:00:00,0.218023611
2022-10-31 13:00:00,0.218161111
2022-10-31 14:00:00,0.218333333
2022-10-31 15:00:00,0.218548611
2022-10-31 16:00:00,0.218740278
2022-10-31 17:00:00,0.218943056
2022-10-31 18:00:00,0.219152778
2022-10-31 19:00:00,0.219315278
2022-10-31 20:00:00,0.219536111
2022-10-31 21:00:00,0.219716667
2022-10-31 22:00:00,0.219808333
2022-10-31 23:00:00,0.219829167
2023-10-01 00:00:00,0.318127778
2023-10-01 01:00:00,0.318220833
2023-10-01 02:00:00,0.318375
2023-10-01 03:00:00,0.318516667
2023-10-01 04:00:00,0.318675
2023-10-01 05:00:00,0.318827778
2023-10-01 06:00:00,0.318941667
2023-10-01 07:00:00,0.319006944
2023-10-01 08:00:00,0.318991667
2023-10-01 09:00:00,0.318930556
2023-10-01 10:00:00,0.318822222
2023-10-01 11:00:00,0.318655556
2023-10-01 12:00:00,0.318448611
2023-10-01 13:00:00,0.318183333
2023-10-01 14:00:00,0.317877778
2023-10-01 15:00:00,0.317516667
2023-10-01 16:00:00,0.317119444
2023-10-01 17:00:00,0.316684722
2023-10-01 18:00:00,0.31625
2023-10-01 19:00:00,0.315851389
2023-10-01 20:00:00,0.315451389
2023-10-01 21:00:00,0.315116667
2023-10-01 22:00:00,0.314848611
2023-10-01 23:00:00,0.314669444
2023-10-02 00:00:00,0.3145625
2023-10-02 01:00:00,0.314479167
2023-10-02 02:00:00,0.314491667
2023-10-02 03:00:00,0.314508333
2023-10-02 04:00:00,0.314530556
2023-10-02 05:00:00,0.314565278
2023-10-02 06:00:00,0.314570833
2023-10-02 07:00:00,0.314529167
2023-10-02 08:00:00,0.314475
2023-10-02 09:00:00,0.314373611
2023-10-02 10:00:00,0.314226389
2023-10-02 11:00:00,0.314023611
2023-10-02 12:00:00,0.313808333
2023-10-02 13:00:00,0.313538889
2023-10-02 14:00:00,0.313233333
2023-10-02 15:00:00,0.312888889
2023-10-02 16:00:00,0.312515278
2023-10-02 17:00:00,0.312088889
2023-10-02 18:00:00,0.311620833
2023-10-02 19:00:00,0.311143056
2023-10-02 20:00:00,0.310695833
2023-10-02 21:00:00,0.310281944
2023-10-02 22:00:00,0.309916667
2023-10-02 23:00:00,0.309616667
2023-10-03 00:00:00,0.309405556
2023-10-03 01:00:00,0.309255556
2023-10-03 02:00:00,0.309155556
2023-10-03 03:00:00,0.309115278
2023-10-03 04:00:00,0.3091125
2023-10-03 05:00:00,0.309141667
2023-10-03 06:00:00,0.309194444
2023-10-03 07:00:00,0.309266667
2023-10-03 08:00:00,0.309323611
2023-10-03 09:00:00,0.309372222
2023-10-03 10:00:00,0.309405556
2023-10-03 11:00:00,0.309419444
2023-10-03 12:00:00,0.309419444
2023-10-03 13:00:00,0.309383333
2023-10-03 14:00:00,0.309313889
2023-10-03 15:00:00,0.309202778
2023-10-03 16:00:00,0.30905
2023-10-03 17:00:00,0.308870833
2023-10-03 18:00:00,0.308659722
2023-10-03 19:00:00,0.308422222
2023-10-03 20:00:00,0.308204167
2023-10-03 21:00:00,0.308013889
2023-10-03 22:00:00,0.3078625
2023-10-03 23:00:00,0.307756944
2023-10-04 00:00:00,0.307695833
2023-10-04 01:00:00,0.307680556
2023-10-04 02:00:00,0.307706944
2023-10-04 03:00:00,0.307747222
2023-10-04 04:00:00,0.3078125
2023-10-04 05:00:00,0.307895833
2023-10-04 06:00:00,0.307975
2023-10-04 07:00:00,0.308081944
2023-10-04 08:00:00,0.308202778
2023-10-04 09:00:00,0.308309722
2023-10-04 10:00:00,0.308401389
2023-10-04 11:00:00,0.308491667
2023-10-04 12:00:00,0.308561111
2023-10-04 13:00:00,0.3086125
2023-10-04 14:00:00,0.308634722
2023-10-04 15:00:00,0.308627778
2023-10-04 16:00:00,0.308586111
2023-10-04 17:00:00,0.308520833
2023-10-04 18:00:00,0.308431944
2023-10-04 19:00:00,0.308295833
2023-10-04 20:00:00,0.308148611
2023-10-04 21:00:00,0.3080125
2023-10-04 22:00:00,0.307894444
2023-10-04 23:00:00,0.307806944
2023-10-05 00:00:00,0.307726389
2023-10-05 01:00:00,0.307681944
2023-10-05 02:00:00,0.307666667
2023-10-05 03:00:00,0.307690278
2023-10-05 04:00:00,0.307729167
2023-10-05 05:00:00,0.307784722
2023-10-05 06:00:00,0.307866667
2023-10-05 07:00:00,0.307956944
2023-10-05 08:00:00,0.3080375
2023-10-05 09:00:00,0.308138889
2023-10-05 10:00:00,0.308255556
2023-10-05 11:00:00,0.308372222
2023-10-05 12:00:00,0.308481944
2023-10-05 13:00:00,0.308576389
2023-10-05 14:00:00,0.308665278
2023-10-05 15:00:00,0.308726389
2023-10-05 16:00:00,0.308756944
2023-10-05 17:00:00,0.308768056
2023-10-05 18:00:00,0.308716667
2023-10-05 19:00:00,0.308561111
2023-10-05 20:00:00,0.308391667
2023-10-05 21:00:00,0.308188889
2023-10-05 22:00:00,0.307936111
2023-10-05 23:00:00,0.307709722
2023-10-06 00:00:00,0.307472222
2023-10-06 01:00:00,0.307238889
2023-10-06 02:00:00,0.307063889
2023-10-06 03:00:00,0.306888889
2023-10-06 04:00:00,0.306711111
2023-10-06 05:00:00,0.306534722
2023-10-06 06:00:00,0.306395833
2023-10-06 07:00:00,0.306255556
2023-10-06 08:00:00,0.306151389
2023-10-06 09:00:00,0.306056944
2023-10-06 10:00:00,0.305944444
2023-10-06 11:00:00,0.3058375
2023-10-06 12:00:00,0.305747222
2023-10-06 13:00:00,0.305651389
2023-10-06 14:00:00,0.305548611
2023-10-06 15:00:00,0.305426389
2023-10-06 16:00:00,0.305286111
2023-10-06 17:00:00,0.305145833
2023-10-06 18:00:00,0.305002778
2023-10-06 19:00:00,0.304841667
2023-10-06 20:00:00,0.304652778
2023-10-06 21:00:00,0.304484722
2023-10-06 22:00:00,0.304295833
2023-10-06 23:00:00,0.304102778
2023-10-07 00:00:00,0.303922222
2023-10-07 01:00:00,0.3037625
2023-10-07 02:00:00,0.3036
2023-10-07 03:00:00,0.303466667
2023-10-07 04:00:00,0.303338889
2023-10-07 05:00:00,0.303204167
2023-10-07 06:00:00,0.303076389
2023-10-07 07:00:00,0.302966667
2023-10-07 08:00:00,0.302863889
2023-10-07 09:00:00,0.302798611
2023-10-07 10:00:00,0.302713889
2023-10-07 11:00:00,0.302684722
2023-10-07 12:00:00,0.302693056
2023-10-07 13:00:00,0.302706944
2023-10-07 14:00:00,0.302741667
2023-10-07 15:00:00,0.302770833
2023-10-07 16:00:00,0.302841667
2023-10-07 17:00:00,0.302891667
2023-10-07 18:00:00,0.302927778
2023-10-07 19:00:00,0.302959722
2023-10-07 20:00:00,0.302990278
2023-10-07 21:00:00,0.302991667
2023-10-07 22:00:00,0.303002778
2023-10-07 23:00:00,0.302995833
2023-10-08 00:00:00,0.302984722
2023-10-08 01:00:00,0.30295
2023-10-08 02:00:00,0.302915278
2023-10-08 03:00:00,0.302881944
2023-10-08 04:00:00,0.302822222
2023-10-08 05:00:00,0.302754167
2023-10-08 06:00:00,0.302670833
2023-10-08 07:00:00,0.302590278
2023-10-08 08:00:00,0.302484722
2023-10-08 09:00:00,0.302380556
2023-10-08 10:00:00,0.302270833
2023-10-08 11:00:00,0.302177778
2023-10-08 12:00:00,0.3021
2023-10-08 13:00:00,0.302022222
2023-10-08 14:00:00,0.301963889
2023-10-08 15:00:00,0.3019125
2023-10-08 16:00:00,0.301894444
2023-10-08 17:00:00,0.301877778
2023-10-08 18:00:00,0.301870833
2023-10-08 19:00:00,0.301865278
2023-10-08 20:00:00,0.301866667
2023-10-08 21:00:00,0.301895833
2023-10-08 22:00:00,0.301925
2023-10-08 23:00:00,0.301972222
2023-10-09 00:00:00,0.302027778
2023-10-09 01:00:00,0.302095833
2023-10-09 02:00:00,0.302179167
2023-10-09 03:00:00,0.302241667
2023-10-09 04:00:00,0.3023
2023-10-09 05:00:00,0.302345833
2023-10-09 06:00:00,0.3023625
2023-10-09 07:00:00,0.302363889
2023-10-09 08:00:00,0.302354167
2023-10-09 09:00:00,0.302340278
2023-10-09 10:00:00,0.3022875
2023-10-09 11:00:00,0.302255556
2023-10-09 12:00:00,0.302230556
2023-10-09 13:00:00,0.302197222
2023-10-09 14:00:00,0.302201389
2023-10-09 15:00:00,0.3022625
2023-10-09 16:00:00,0.302359722
2023-10-09 17:00:00,0.302469444
2023-10-09 18:00:00,0.302605556
2023-10-09 19:00:00,0.302765278
2023-10-09 20:00:00,0.302947222
2023-10-09 21:00:00,0.303151389
2023-10-09 22:00:00,0.303358333
2023-10-09 23:00:00,0.303577778
2023-10-10 00:00:00,0.3038125
2023-10-10 01:00:00,0.304044444
2023-10-10 02:00:00,0.3042625
2023-10-10 03:00:00,0.3044625
2023-10-10 04:00:00,0.304644444
2023-10-10 05:00:00,0.304815278
2023-10-10 06:00:00,0.304930556
2023-10-10 07:00:00,0.305006944
2023-10-10 08:00:00,0.305048611
2023-10-10 09:00:00,0.305045833
2023-10-10 10:00:00,0.305009722
2023-10-10 11:00:00,0.304945833
2023-10-10 12:00:00,0.304848611
2023-10-10 13:00:00,0.304731944
2023-10-10 14:00:00,0.304615278
2023-10-10 15:00:00,0.304533333
2023-10-10 16:00:00,0.304490278
2023-10-10 17:00:00,0.3044875
2023-10-10 18:00:00,0.304518056
2023-10-10 19:00:00,0.304561111
2023-10-10 20:00:00,0.3046375
2023-10-10 21:00:00,0.30475
2023-10-10 22:00:00,0.304877778
2023-10-10 23:00:00,0.305036111
2023-10-11 00:00:00,0.305209722
2023-10-11 01:00:00,0.305411111
2023-10-11 02:00:00,0.305623611
2023-10-11 03:00:00,0.305829167
2023-10-11 04:00:00,0.306025
2023-10-11 05:00:00,0.306176389
2023-10-11 06:00:00,0.306280556
2023-10-11 07:00:00,0.306306944
2023-10-11 08:00:00,0.306252778
2023-10-11 09:00:00,0.306141667
2023-10-11 10:00:00,0.305934722
2023-10-11 11:00:00,0.305698611
2023-10-11 12:00:00,0.305433333
2023-10-11 13:00:00,0.305148611
2023-10-11 14:00:00,0.304869444
2023-10-11 15:00:00,0.304620833
2023-10-11 16:00:00,0.304406944
2023-10-11 17:00:00,0.304281944
2023-10-11 18:00:00,0.304219444
2023-10-11 19:00:00,0.304205556
2023-10-11 20:00:00,0.304236111
2023-10-11 21:00:00,0.304311111
2023-10-11 22:00:00,0.304431944
2023-10-11 23:00:00,0.304584722
2023-10-12 00:00:00,0.304770833
2023-10-12 01:00:00,0.305002778
2023-10-12 02:00:00,0.305275
2023-10-12 03:00:00,0.305561111
2023-10-12 04:00:00,0.305836111
2023-10-12 05:00:00,0.306072222
2023-10-12 06:00:00,0.306230556
2023-10-12 07:00:00,0.306294444
2023-10-12 08:00:00,0.306268056
2023-10-12 09:00:00,0.306141667
2023-10-12 10:00:00,0.305886111
2023-10-12 11:00:00,0.305543056
2023-10-12 12:00:00,0.305123611
2023-10-12 13:00:00,0.304644444
2023-10-12 14:00:00,0.3041375
2023-10-12 15:00:00,0.303648611
2023-10-12 16:00:00,0.303181944
2023-10-12 17:00:00,0.302779167
2023-10-12 18:00:00,0.302444444
2023-10-12 19:00:00,0.302213889
2023-10-12 20:00:00,0.302079167
2023-10-12 21:00:00,0.302025
2023-10-12 22:00:00,0.302059722
2023-10-12 23:00:00,0.3021875
2023-10-13 00:00:00,0.302384722
2023-10-13 01:00:00,0.3026625
2023-10-13 02:00:00,0.302993056
2023-10-13 03:00:00,0.303352778
2023-10-13 04:00:00,0.303740278
2023-10-13 05:00:00,0.304108333
2023-10-13 06:00:00,0.304440278
2023-10-13 07:00:00,0.304670833
2023-10-13 08:00:00,0.304808333
2023-10-13 09:00:00,0.304875
2023-10-13 10:00:00,0.304815278
2023-10-13 11:00:00,0.304647222
2023-10-13 12:00:00,0.304379167
2023-10-13 13:00:00,0.304020833
2023-10-13 14:00:00,0.3035875
2023-10-13 15:00:00,0.303108333
2023-10-13 16:00:00,0.302622222
2023-10-13 17:00:00,0.302161111
2023-10-13 18:00:00,0.301743056
2023-10-13 19:00:00,0.301365278
2023-10-13 20:00:00,0.3011
2023-10-13 21:00:00,0.300940278
2023-10-13 22:00:00,0.300829167
2023-10-13 23:00:00,0.300843056
2023-10-14 00:00:00,0.300969444
2023-10-14 01:00:00,0.301198611
2023-10-14 02:00:00,0.301473611
2023-10-14 03:00:00,0.301775
2023-10-14 04:00:00,0.302108333
2023-10-14 05:00:00,0.302388889
2023-10-14 06:00:00,0.302626389
2023-10-14 07:00:00,0.302819444
2023-10-14 08:00:00,0.302948611
2023-10-14 09:00:00,0.303025
2023-10-14 10:00:00,0.303038889
2023-10-14 11:00:00,0.302975
2023-10-14 12:00:00,0.302844444
2023-10-14 13:00:00,0.30265
2023-10-14 14:00:00,0.302368056
2023-10-14 15:00:00,0.302018056
2023-10-14 16:00:00,0.301623611
2023-10-14 17:00:00,0.301219444
2023-10-14 18:00:00,0.300804167
2023-10-14 19:00:00,0.300416667
2023-10-14 20:00:00,0.300088889
2023-10-14 21:00:00,0.299834722
2023-10-14 22:00:00,0.299665278
2023-10-14 23:00:00,0.299580556
2023-10-15 00:00:00,0.299588889
2023-10-15 01:00:00,0.299669444
2023-10-15 02:00:00,0.299809722
2023-10-15 03:00:00,0.299980556
2023-10-15 04:00:00,0.300198611
2023-10-15 05:00:00,0.300445833
2023-10-15 06:00:00,0.300673611
2023-10-15 07:00:00,0.300886111
2023-10-15 08:00:00,0.301095833
2023-10-15 09:00:00,0.301281944
2023-10-15 10:00:00,0.301443056
2023-10-15 11:00:00,0.301569444
2023-10-15 12:00:00,0.30165
2023-10-15 13:00:00,0.301676389
2023-10-15 14:00:00,0.301640278
2023-10-15 15:00:00,0.301536111
2023-10-15 16:00:00,0.30135
2023-10-15 17:00:00,0.301095833
2023-10-15 18:00:00,0.300816667
2023-10-15 19:00:00,0.300534722
2023-10-15 20:00:00,0.300275
2023-10-15 21:00:00,0.300034722
2023-10-15 22:00:00,0.2998375
2023-10-15 23:00:00,0.299691667
2023-10-16 00:00:00,0.299623611
2023-10-16 01:00:00,0.299611111
2023-10-16 02:00:00,0.299640278
2023-10-16 03:00:00,0.299675
2023-10-16 04:00:00,0.299738889
2023-10-16 05:00:00,0.299790278
2023-10-16 06:00:00,0.299844444
2023-10-16 07:00:00,0.299902778
2023-10-16 08:00:00,0.299936111
2023-10-16 09:00:00,0.2999375
2023-10-16 10:00:00,0.299906944
2023-10-16 11:00:00,0.299844444
2023-10-16 12:00:00,0.299761111
2023-10-16 13:00:00,0.299626389
2023-10-16 14:00:00,0.2994625
2023-10-16 15:00:00,0.299248611
2023-10-16 16:00:00,0.298984722
2023-10-16 17:00:00,0.298686111
2023-10-16 18:00:00,0.298304167
2023-10-16 19:00:00,0.2979
2023-10-16 20:00:00,0.297494444
2023-10-16 21:00:00,0.297120833
2023-10-16 22:00:00,0.296731944
2023-10-16 23:00:00,0.296366667
2023-10-17 00:00:00,0.2960375
2023-10-17 01:00:00,0.295723611
2023-10-17 02:00:00,0.295452778
2023-10-17 03:00:00,0.295197222
2023-10-17 04:00:00,0.294968056
2023-10-17 05:00:00,0.294747222
2023-10-17 06:00:00,0.294541667
2023-10-17 07:00:00,0.294347222
2023-10-17 08:00:00,0.294122222
2023-10-17 09:00:00,0.293905556
2023-10-17 10:00:00,0.293677778
2023-10-17 11:00:00,0.293434722
2023-10-17 12:00:00,0.293173611
2023-10-17 13:00:00,0.292881944
2023-10-17 14:00:00,0.292581944
2023-10-17 15:00:00,0.292263889
2023-10-17 16:00:00,0.291913889
2023-10-17 17:00:00,0.291527778
2023-10-17 18:00:00,0.291116667
2023-10-17 19:00:00,0.290681944
2023-10-17 20:00:00,0.290215278
2023-10-17 21:00:00,0.289729167
2023-10-17 22:00:00,0.289245833
2023-10-17 23:00:00,0.288780556
2023-10-18 00:00:00,0.288306944
2023-10-18 01:00:00,0.287833333
2023-10-18 02:00:00,0.287375
2023-10-18 03:00:00,0.286934722
2023-10-18 04:00:00,0.2864875
2023-10-18 05:00:00,0.286073611
2023-10-18 06:00:00,0.285669444
2023-10-18 07:00:00,0.285295833
2023-10-18 08:00:00,0.284961111
2023-10-18 09:00:00,0.284666667
2023-10-18 10:00:00,0.284402778
2023-10-18 11:00:00,0.284125
2023-10-18 12:00:00,0.2838625
2023-10-18 13:00:00,0.283591667
2023-10-18 14:00:00,0.283301389
2023-10-18 15:00:00,0.2830125
2023-10-18 16:00:00,0.2827125
2023-10-18 17:00:00,0.282405556
2023-10-18 18:00:00,0.282101389
2023-10-18 19:00:00,0.281790278
2023-10-18 20:00:00,0.281479167
2023-10-18 21:00:00,0.281172222
2023-10-18 22:00:00,0.280868056
2023-10-18 23:00:00,0.2805625
2023-10-19 00:00:00,0.280256944
2023-10-19 01:00:00,0.279965278
2023-10-19 02:00:00,0.279681944
2023-10-19 03:00:00,0.279398611
2023-10-19 04:00:00,0.279140278
2023-10-19 05:00:00,0.278897222
2023-10-19 06:00:00,0.278631944
2023-10-19 07:00:00,0.278381944
2023-10-19 08:00:00,0.278145833
2023-10-19 09:00:00,0.277931944
2023-10-19 10:00:00,0.277731944
2023-10-19 11:00:00,0.277530556
2023-10-19 12:00:00,0.277331944
2023-10-19 13:00:00,0.277130556
2023-10-19 14:00:00,0.276938889
2023-10-19 15:00:00,0.276731944
2023-10-19 16:00:00,0.276506944
2023-10-19 17:00:00,0.276284722
2023-10-19 18:00:00,0.276063889
2023-10-19 19:00:00,0.27585
2023-10-19 20:00:00,0.275636111
2023-10-19 21:00:00,0.2754125
2023-10-19 22:00:00,0.275188889
2023-10-19 23:00:00,0.274963889
2023-10-20 00:00:00,0.274756944
2023-10-20 01:00:00,0.274558333
2023-10-20 02:00:00,0.274366667
2023-10-20 03:00:00,0.274183333
2023-10-20 04:00:00,0.274015278
2023-10-20 05:00:00,0.273852778
2023-10-20 06:00:00,0.273701389
2023-10-20 07:00:00,0.273561111
2023-10-20 08:00:00,0.2734375
2023-10-20 09:00:00,0.273316667
2023-10-20 10:00:00,0.273213889
2023-10-20 11:00:00,0.273111111
2023-10-20 12:00:00,0.273026389
2023-10-20 13:00:00,0.272926389
2023-10-20 14:00:00,0.272830556
2023-10-20 15:00:00,0.272731944
2023-10-20 16:00:00,0.272609722
2023-10-20 17:00:00,0.272469444
2023-10-20 18:00:00,0.272325
2023-10-20 19:00:00,0.272151389
2023-10-20 20:00:00,0.271970833
2023-10-20 21:00:00,0.271786111
2023-10-20 22:00:00,0.271580556
2023-10-20 23:00:00,0.271372222
2023-10-21 00:00:00,0.271141667
2023-10-21 01:00:00,0.270920833
2023-10-21 02:00:00,0.270704167
2023-10-21 03:00:00,0.270469444
2023-10-21 04:00:00,0.270245833
2023-10-21 05:00:00,0.270004167
2023-10-21 06:00:00,0.269758333
2023-10-21 07:00:00,0.269504167
2023-10-21 08:00:00,0.269251389
2023-10-21 09:00:00,0.268976389
2023-10-21 10:00:00,0.268709722
2023-10-21 11:00:00,0.268463889
2023-10-21 12:00:00,0.268220833
2023-10-21 13:00:00,0.267983333
2023-10-21 14:00:00,0.267759722
2023-10-21 15:00:00,0.267516667
2023-10-21 16:00:00,0.2672875
2023-10-21 17:00:00,0.267070833
2023-10-21 18:00:00,0.266856944
2023-10-21 19:00:00,0.266681944
2023-10-21 20:00:00,0.266523611
2023-10-21 21:00:00,0.266393056
2023-10-21 22:00:00,0.266305556
2023-10-21 23:00:00,0.26625
2023-10-22 00:00:00,0.266205556
2023-10-22 01:00:00,0.266180556
2023-10-22 02:00:00,0.266161111
2023-10-22 03:00:00,0.266127778
2023-10-22 04:00:00,0.266066667
2023-10-22 05:00:00,0.265958333
2023-10-22 06:00:00,0.265847222
2023-10-22 07:00:00,0.265723611
2023-10-22 08:00:00,0.265583333
2023-10-22 09:00:00,0.265411111
2023-10-22 10:00:00,0.265223611
2023-10-22 11:00:00,0.265015278
2023-10-22 12:00:00,0.264797222
2023-10-22 13:00:00,0.264579167
2023-10-22 14:00:00,0.264358333
2023-10-22 15:00:00,0.264152778
2023-10-22 16:00:00,0.263947222
2023-10-22 17:00:00,0.263752778
2023-10-22 18:00:00,0.263575
2023-10-22 19:00:00,0.263416667
2023-10-22 20:00:00,0.263315278
2023-10-22 21:00:00,0.263254167
2023-10-22 22:00:00,0.263229167
2023-10-22 23:00:00,0.263258333
2023-10-23 00:00:00,0.263338889
2023-10-23 01:00:00,0.263461111
2023-10-23 02:00:00,0.263616667
2023-10-23 03:00:00,0.263784722
2023-10-23 04:00:00,0.263934722
2023-10-23 05:00:00,0.264066667
2023-10-23 06:00:00,0.264165278
2023-10-23 07:00:00,0.264243056
2023-10-23 08:00:00,0.2642875
2023-10-23 09:00:00,0.264294444
2023-10-23 10:00:00,0.264273611
2023-10-23 11:00:00,0.264218056
2023-10-23 12:00:00,0.264144444
2023-10-23 13:00:00,0.264065278
2023-10-23 14:00:00,0.263975
2023-10-23 15:00:00,0.263886111
2023-10-23 16:00:00,0.263804167
2023-10-23 17:00:00,0.263726389
2023-10-23 18:00:00,0.263680556
2023-10-23 19:00:00,0.263638889
2023-10-23 20:00:00,0.263625
2023-10-23 21:00:00,0.263655556
2023-10-23 22:00:00,0.263741667
2023-10-23 23:00:00,0.263875
2023-10-24 00:00:00,0.264018056
2023-10-24 01:00:00,0.264206944
2023-10-24 02:00:00,0.264395833
2023-10-24 03:00:00,0.264575
2023-10-24 04:00:00,0.264738889
2023-10-24 05:00:00,0.264873611
2023-10-24 06:00:00,0.264963889
2023-10-24 07:00:00,0.264993056
2023-10-24 08:00:00,0.264970833
2023-10-24 09:00:00,0.264897222
2023-10-24 10:00:00,0.264776389
2023-10-24 11:00:00,0.264616667
2023-10-24 12:00:00,0.264433333
2023-10-24 13:00:00,0.264226389
2023-10-24 14:00:00,0.264031944
2023-10-24 15:00:00,0.263866667
2023-10-24 16:00:00,0.263740278
2023-10-24 17:00:00,0.263648611
2023-10-24 18:00:00,0.263590278
2023-10-24 19:00:00,0.263577778
2023-10-24 20:00:00,0.263620833
2023-10-24 21:00:00,0.263719444
2023-10-24 22:00:00,0.263879167
2023-10-24 23:00:00,0.264094444
2023-10-25 00:00:00,0.264373611
2023-10-25 01:00:00,0.264690278
2023-10-25 02:00:00,0.265015278
2023-10-25 03:00:00,0.265356944
2023-10-25 04:00:00,0.265676389
2023-10-25 05:00:00,0.2659625
2023-10-25 06:00:00,0.266188889
2023-10-25 07:00:00,0.266338889
2023-10-25 08:00:00,0.266423611
2023-10-25 09:00:00,0.266427778
2023-10-25 10:00:00,0.266366667
2023-10-25 11:00:00,0.266259722
2023-10-25 12:00:00,0.266102778
2023-10-25 13:00:00,0.2659125
2023-10-25 14:00:00,0.265708333
2023-10-25 15:00:00,0.265508333
2023-10-25 16:00:00,0.265329167
2023-10-25 17:00:00,0.265172222
2023-10-25 18:00:00,0.265054167
2023-10-25 19:00:00,0.264991667
2023-10-25 20:00:00,0.264988889
2023-10-25 21:00:00,0.2650375
2023-10-25 22:00:00,0.265141667
2023-10-25 23:00:00,0.265309722
2023-10-26 00:00:00,0.265529167
2023-10-26 01:00:00,0.265775
2023-10-26 02:00:00,0.266040278
2023-10-26 03:00:00,0.266304167
2023-10-26 04:00:00,0.266558333
2023-10-26 05:00:00,0.266770833
2023-10-26 06:00:00,0.266943056
2023-10-26 07:00:00,0.267055556
2023-10-26 08:00:00,0.267123611
2023-10-26 09:00:00,0.267155556
2023-10-26 10:00:00,0.267118056
2023-10-26 11:00:00,0.267041667
2023-10-26 12:00:00,0.266926389
2023-10-26 13:00:00,0.2667625
2023-10-26 14:00:00,0.266576389
2023-10-26 15:00:00,0.266390278
2023-10-26 16:00:00,0.266204167
2023-10-26 17:00:00,0.266047222
2023-10-26 18:00:00,0.265876389
2023-10-26 19:00:00,0.265725
2023-10-26 20:00:00,0.265704167
2023-10-26 21:00:00,0.265691667
2023-10-26 22:00:00,0.265676389
2023-10-26 23:00:00,0.265709722
2023-10-27 00:00:00,0.265713889
2023-10-27 01:00:00,0.265745833
2023-10-27 02:00:00,0.265797222
2023-10-27 03:00:00,0.265786111
2023-10-27 04:00:00,0.265725
2023-10-27 05:00:00,0.265654167
2023-10-27 06:00:00,0.265545833
2023-10-27 07:00:00,0.265340278
2023-10-27 08:00:00,0.265065278
2023-10-27 09:00:00,0.264713889
2023-10-27 10:00:00,0.264272222
2023-10-27 11:00:00,0.263784722
2023-10-27 12:00:00,0.263231944
2023-10-27 13:00:00,0.262626389
2023-10-27 14:00:00,0.262013889
2023-10-27 15:00:00,0.261427778
2023-10-27 16:00:00,0.260826389
2023-10-27 17:00:00,0.260284722
2023-10-27 18:00:00,0.259794444
2023-10-27 19:00:00,0.259376389
2023-10-27 20:00:00,0.259038889
2023-10-27 21:00:00,0.258772222
2023-10-27 22:00:00,0.258575
2023-10-27 23:00:00,0.258455556
2023-10-28 00:00:00,0.258390278
2023-10-28 01:00:00,0.258377778
2023-10-28 02:00:00,0.2583625
2023-10-28 03:00:00,0.258347222
2023-10-28 04:00:00,0.258304167
2023-10-28 05:00:00,0.258233333
2023-10-28 06:00:00,0.258126389
2023-10-28 07:00:00,0.2579875
2023-10-28 08:00:00,0.257761111
2023-10-28 09:00:00,0.257483333
2023-10-28 10:00:00,0.257165278
2023-10-28 11:00:00,0.2568
2023-10-28 12:00:00,0.256361111
2023-10-28 13:00:00,0.255905556
2023-10-28 14:00:00,0.255413889
2023-10-28 15:00:00,0.254868056
2023-10-28 16:00:00,0.254309722
2023-10-28 17:00:00,0.253770833
2023-10-28 18:00:00,0.253238889
2023-10-28 19:00:00,0.252748611
2023-10-28 20:00:00,0.2523125
2023-10-28 21:00:00,0.251990278
2023-10-28 22:00:00,0.251734722
2023-10-28 23:00:00,0.251572222
2023-10-29 00:00:00,0.251497222
2023-10-29 01:00:00,0.251463889
2023-10-29 02:00:00,0.251440278
2023-10-29 03:00:00,0.251418056
2023-10-29 04:00:00,0.251377778
2023-10-29 05:00:00,0.251347222
2023-10-29 06:00:00,0.251294444
2023-10-29 07:00:00,0.251190278
2023-10-29 08:00:00,0.251061111
2023-10-29 09:00:00,0.250894444
2023-10-29 10:00:00,0.250705556
2023-10-29 11:00:00,0.250486111
2023-10-29 12:00:00,0.250238889
2023-10-29 13:00:00,0.249934722
2023-10-29 14:00:00,0.249583333
2023-10-29 15:00:00,0.249191667
2023-10-29 16:00:00,0.248733333
2023-10-29 17:00:00,0.2482625
2023-10-29 18:00:00,0.2477875
2023-10-29 19:00:00,0.247325
2023-10-29 20:00:00,0.246894444
2023-10-29 21:00:00,0.246497222
2023-10-29 22:00:00,0.246159722
2023-10-29 23:00:00,0.245886111
2023-10-30 00:00:00,0.245668056
2023-10-30 01:00:00,0.245498611
2023-10-30 02:00:00,0.245358333
2023-10-30 03:00:00,0.245265278
2023-10-30 04:00:00,0.245204167
2023-10-30 05:00:00,0.245168056
2023-10-30 06:00:00,0.245179167
2023-10-30 07:00:00,0.245205556
2023-10-30 08:00:00,0.245216667
2023-10-30 09:00:00,0.245240278
2023-10-30 10:00:00,0.245258333
2023-10-30 11:00:00,0.245252778
2023-10-30 12:00:00,0.245215278
2023-10-30 13:00:00,0.245152778
2023-10-30 14:00:00,0.245051389
2023-10-30 15:00:00,0.244895833
2023-10-30 16:00:00,0.244716667
2023-10-30 17:00:00,0.244526389
2023-10-30 18:00:00,0.244315278
2023-10-30 19:00:00,0.244120833
2023-10-30 20:00:00,0.243938889
2023-10-30 21:00:00,0.243786111
2023-10-30 22:00:00,0.243734722
2023-10-30 23:00:00,0.243736111
2023-10-31 00:00:00,0.2437875
2023-10-31 01:00:00,0.243880556
2023-10-31 02:00:00,0.244013889
2023-10-31 03:00:00,0.244198611
2023-10-31 04:00:00,0.244431944
2023-10-31 05:00:00,0.244683333
2023-10-31 06:00:00,0.245009722
2023-10-31 07:00:00,0.245334722
2023-10-31 08:00:00,0.245668056
2023-10-31 09:00:00,0.246015278
2023-10-31 10:00:00,0.246386111
2023-10-31 11:00:00,0.246769444
2023-10-31 12:00:00,0.247134722
2023-10-31 13:00:00,0.247476389
2023-10-31 14:00:00,0.247763889
2023-10-31 15:00:00,0.248016667
2023-10-31 16:00:00,0.248270833
2023-10-31 17:00:00,0.248525
2023-10-31 18:00:00,0.248752778
2023-10-31 19:00:00,0.248976389
2023-10-31 20:00:00,0.249208333
2023-10-31 21:00:00,0.249476389
2023-10-31 22:00:00,0.249766667
2023-10-31 23:00:00,0.250095833
2024-10-01 00:00:00,0.354604167
2024-10-01 01:00:00,0.354830556
2024-10-01 02:00:00,0.355094444
2024-10-01 03:00:00,0.355380556
2024-10-01 04:00:00,0.355636111
2024-10-01 05:00:00,0.355843056
2024-10-01 06:00:00,0.355956944
2024-10-01 07:00:00,0.355983333
2024-10-01 08:00:00,0.355923611
2024-10-01 09:00:00,0.355722222
2024-10-01 10:00:00,0.355388889
2024-10-01 11:00:00,0.354923611
2024-10-01 12:00:00,0.354343056
2024-10-01 13:00:00,0.353754167
2024-10-01 14:00:00,0.353154167
2024-10-01 15:00:00,0.352556944
2024-10-01 16:00:00,0.351993056
2024-10-01 17:00:00,0.351465278
2024-10-01 18:00:00,0.3509875
2024-10-01 19:00:00,0.350615278
2024-10-01 20:00:00,0.350326389
2024-10-01 21:00:00,0.350101389
2024-10-01 22:00:00,0.349934722
2024-10-01 23:00:00,0.349840278
2024-10-02 00:00:00,0.349794444
2024-10-02 01:00:00,0.349808333
2024-10-02 02:00:00,0.349861111
2024-10-02 03:00:00,0.349947222
2024-10-02 04:00:00,0.350038889
2024-10-02 05:00:00,0.350126389
2024-10-02 06:00:00,0.3501625
2024-10-02 07:00:00,0.350122222
2024-10-02 08:00:00,0.350008333
2024-10-02 09:00:00,0.349805556
2024-10-02 10:00:00,0.349527778
2024-10-02 11:00:00,0.349145833
2024-10-02 12:00:00,0.348652778
2024-10-02 13:00:00,0.3480875
2024-10-02 14:00:00,0.347448611
2024-10-02 15:00:00,0.346801389
2024-10-02 16:00:00,0.346152778
2024-10-02 17:00:00,0.3455
2024-10-02 18:00:00,0.3448875
2024-10-02 19:00:00,0.344356944
2024-10-02 20:00:00,0.343919444
2024-10-02 21:00:00,0.3435875
2024-10-02 22:00:00,0.343354167
2024-10-02 23:00:00,0.343234722
2024-10-03 00:00:00,0.343206944
2024-10-03 01:00:00,0.343269444
2024-10-03 02:00:00,0.3434125
2024-10-03 03:00:00,0.343598611
2024-10-03 04:00:00,0.343795833
2024-10-03 05:00:00,0.3439875
2024-10-03 06:00:00,0.344129167
2024-10-03 07:00:00,0.344195833
2024-10-03 08:00:00,0.344191667
2024-10-03 09:00:00,0.344104167
2024-10-03 10:00:00,0.343919444
2024-10-03 11:00:00,0.343688889
2024-10-03 12:00:00,0.343363889
2024-10-03 13:00:00,0.342940278
2024-10-03 14:00:00,0.342416667
2024-10-03 15:00:00,0.341802778
2024-10-03 16:00:00,0.341156944
2024-10-03 17:00:00,0.340481944
2024-10-03 18:00:00,0.339795833
2024-10-03 19:00:00,0.339118056
2024-10-03 20:00:00,0.338473611
2024-10-03 21:00:00,0.337940278
2024-10-03 22:00:00,0.337516667
2024-10-03 23:00:00,0.337215278
2024-10-04 00:00:00,0.337011111
2024-10-04 01:00:00,0.336909722
2024-10-04 02:00:00,0.336908333
2024-10-04 03:00:00,0.336980556
2024-10-04 04:00:00,0.337095833
2024-10-04 05:00:00,0.337211111
2024-10-04 06:00:00,0.337302778
2024-10-04 07:00:00,0.337368056
2024-10-04 08:00:00,0.337384722
2024-10-04 09:00:00,0.337386111
2024-10-04 10:00:00,0.337344444
2024-10-04 11:00:00,0.337258333
2024-10-04 12:00:00,0.337125
2024-10-04 13:00:00,0.336941667
2024-10-04 14:00:00,0.336701389
2024-10-04 15:00:00,0.336366667
2024-10-04 16:00:00,0.335954167
2024-10-04 17:00:00,0.335466667
2024-10-04 18:00:00,0.334922222
2024-10-04 19:00:00,0.334363889
2024-10-04 20:00:00,0.333818056
2024-10-04 21:00:00,0.333302778
2024-10-04 22:00:00,0.332843056
2024-10-04 23:00:00,0.3324625
2024-10-05 00:00:00,0.33215
2024-10-05 01:00:00,0.331941667
2024-10-05 02:00:00,0.3318
2024-10-05 03:00:00,0.331722222
2024-10-05 04:00:00,0.331684722
2024-10-05 05:00:00,0.331684722
2024-10-05 06:00:00,0.331691667
2024-10-05 07:00:00,0.331720833
2024-10-05 08:00:00,0.331769444
2024-10-05 09:00:00,0.331808333
2024-10-05 10:00:00,0.331847222
2024-10-05 11:00:00,0.331875
2024-10-05 12:00:00,0.331880556
2024-10-05 13:00:00,0.331866667
2024-10-05 14:00:00,0.331808333
2024-10-05 15:00:00,0.331702778
2024-10-05 16:00:00,0.331552778
2024-10-05 17:00:00,0.331320833
2024-10-05 18:00:00,0.331026389
2024-10-05 19:00:00,0.330683333
2024-10-05 20:00:00,0.330327778
2024-10-05 21:00:00,0.329973611
2024-10-05 22:00:00,0.329633333
2024-10-05 23:00:00,0.329313889
2024-10-06 00:00:00,0.329013889
2024-10-06 01:00:00,0.328772222
2024-10-06 02:00:00,0.328576389
2024-10-06 03:00:00,0.328406944
2024-10-06 04:00:00,0.3282875
2024-10-06 05:00:00,0.328191667
2024-10-06 06:00:00,0.328130556
2024-10-06 07:00:00,0.328094444
2024-10-06 08:00:00,0.328081944
2024-10-06 09:00:00,0.328094444
2024-10-06 10:00:00,0.328105556
2024-10-06 11:00:00,0.328120833
2024-10-06 12:00:00,0.328140278
2024-10-06 13:00:00,0.328148611
2024-10-06 14:00:00,0.328136111
2024-10-06 15:00:00,0.328104167
2024-10-06 16:00:00,0.328038889
2024-10-06 17:00:00,0.327927778
2024-10-06 18:00:00,0.327776389
2024-10-06 19:00:00,0.327566667
2024-10-06 20:00:00,0.327302778
2024-10-06 21:00:00,0.327025
2024-10-06 22:00:00,0.326744444
2024-10-06 23:00:00,0.326463889
2024-10-07 00:00:00,0.326183333
2024-10-07 01:00:00,0.325938889
2024-10-07 02:00:00,0.325722222
2024-10-07 03:00:00,0.325527778
2024-10-07 04:00:00,0.325356944
2024-10-07 05:00:00,0.325208333
2024-10-07 06:00:00,0.325081944
2024-10-07 07:00:00,0.324976389
2024-10-07 08:00:00,0.324884722
2024-10-07 09:00:00,0.324818056
2024-10-07 10:00:00,0.324784722
2024-10-07 11:00:00,0.324780556
2024-10-07 12:00:00,0.324751389
2024-10-07 13:00:00,0.324731944
2024-10-07 14:00:00,0.324718056
2024-10-07 15:00:00,0.324691667
2024-10-07 16:00:00,0.324655556
2024-10-07 17:00:00,0.324593056
2024-10-07 18:00:00,0.324504167
2024-10-07 19:00:00,0.324390278
2024-10-07 20:00:00,0.324241667
2024-10-07 21:00:00,0.324048611
2024-10-07 22:00:00,0.323806944
2024-10-07 23:00:00,0.3235375
2024-10-08 00:00:00,0.323266667
2024-10-08 01:00:00,0.322994444
2024-10-08 02:00:00,0.322723611
2024-10-08 03:00:00,0.32245
2024-10-08 04:00:00,0.3221875
2024-10-08 05:00:00,0.321934722
2024-10-08 06:00:00,0.321688889
2024-10-08 07:00:00,0.321458333
2024-10-08 08:00:00,0.321247222
2024-10-08 09:00:00,0.321061111
2024-10-08 10:00:00,0.320879167
2024-10-08 11:00:00,0.320727778
2024-10-08 12:00:00,0.320604167
2024-10-08 13:00:00,0.320491667
2024-10-08 14:00:00,0.320379167
2024-10-08 15:00:00,0.320275
2024-10-08 16:00:00,0.320176389
2024-10-08 17:00:00,0.320068056
2024-10-08 18:00:00,0.319954167
2024-10-08 19:00:00,0.319833333
2024-10-08 20:00:00,0.3197125
2024-10-08 21:00:00,0.319584722
2024-10-08 22:00:00,0.31945
2024-10-08 23:00:00,0.319293056
2024-10-09 00:00:00,0.319108333
2024-10-09 01:00:00,0.318933333
2024-10-09 02:00:00,0.31875
2024-10-09 03:00:00,0.31855
2024-10-09 04:00:00,0.318341667
2024-10-09 05:00:00,0.318127778
2024-10-09 06:00:00,0.317894444
2024-10-09 07:00:00,0.317652778
2024-10-09 08:00:00,0.317409722
2024-10-09 09:00:00,0.317152778
2024-10-09 10:00:00,0.316902778
2024-10-09 11:00:00,0.316645833
2024-10-09 12:00:00,0.3164
2024-10-09 13:00:00,0.316175
2024-10-09 14:00:00,0.315958333
2024-10-09 15:00:00,0.31575
2024-10-09 16:00:00,0.315548611
2024-10-09 17:00:00,0.315348611
2024-10-09 18:00:00,0.315161111
2024-10-09 19:00:00,0.314977778
2024-10-09 20:00:00,0.314809722
2024-10-09 21:00:00,0.314654167
2024-10-09 22:00:00,0.314506944
2024-10-09 23:00:00,0.314373611
2024-10-10 00:00:00,0.314236111
2024-10-10 01:00:00,0.314098611
2024-10-10 02:00:00,0.31395
2024-10-10 03:00:00,0.313798611
2024-10-10 04:00:00,0.313634722
2024-10-10 05:00:00,0.313448611
2024-10-10 06:00:00,0.31325
2024-10-10 07:00:00,0.313013889
2024-10-10 08:00:00,0.312755556
2024-10-10 09:00:00,0.3125
2024-10-10 10:00:00,0.312222222
2024-10-10 11:00:00,0.311934722
2024-10-10 12:00:00,0.311641667
2024-10-10 13:00:00,0.311370833
2024-10-10 14:00:00,0.311101389
2024-10-10 15:00:00,0.310811111
2024-10-10 16:00:00,0.310544444
2024-10-10 17:00:00,0.310263889
2024-10-10 18:00:00,0.310013889
2024-10-10 19:00:00,0.309754167
2024-10-10 20:00:00,0.3095
2024-10-10 21:00:00,0.309244444
2024-10-10 22:00:00,0.308979167
2024-10-10 23:00:00,0.308720833
2024-10-11 00:00:00,0.308461111
2024-10-11 01:00:00,0.308173611
2024-10-11 02:00:00,0.307891667
2024-10-11 03:00:00,0.307566667
2024-10-11 04:00:00,0.307229167
2024-10-11 05:00:00,0.306856944
2024-10-11 06:00:00,0.306470833
2024-10-11 07:00:00,0.306059722
2024-10-11 08:00:00,0.305586111
2024-10-11 09:00:00,0.305122222
2024-10-11 10:00:00,0.304625
2024-10-11 11:00:00,0.304101389
2024-10-11 12:00:00,0.303538889
2024-10-11 13:00:00,0.302941667
2024-10-11 14:00:00,0.302327778
2024-10-11 15:00:00,0.301718056
2024-10-11 16:00:00,0.301063889
2024-10-11 17:00:00,0.300438889
2024-10-11 18:00:00,0.299802778
2024-10-11 19:00:00,0.299201389
2024-10-11 20:00:00,0.2986375
2024-10-11 21:00:00,0.298076389
2024-10-11 22:00:00,0.297556944
2024-10-11 23:00:00,0.297076389
2024-10-12 00:00:00,0.296654167
2024-10-12 01:00:00,0.296288889
2024-10-12 02:00:00,0.295909722
2024-10-12 03:00:00,0.295555556
2024-10-12 04:00:00,0.295152778
2024-10-12 05:00:00,0.294723611
2024-10-12 06:00:00,0.294251389
2024-10-12 07:00:00,0.293744444
2024-10-12 08:00:00,0.293198611
2024-10-12 09:00:00,0.292561111
2024-10-12 10:00:00,0.291859722
2024-10-12 11:00:00,0.291104167
2024-10-12 12:00:00,0.290293056
2024-10-12 13:00:00,0.289483333
2024-10-12 14:00:00,0.288605556
2024-10-12 15:00:00,0.287751389
2024-10-12 16:00:00,0.286945833
2024-10-12 17:00:00,0.286143056
2024-10-12 18:00:00,0.285368056
2024-10-12 19:00:00,0.284631944
2024-10-12 20:00:00,0.283983333
2024-10-12 21:00:00,0.283408333
2024-10-12 22:00:00,0.282886111
2024-10-12 23:00:00,0.28245
2024-10-13 00:00:00,0.2820625
2024-10-13 01:00:00,0.28175
2024-10-13 02:00:00,0.281511111
2024-10-13 03:00:00,0.281319444
2024-10-13 04:00:00,0.281177778
2024-10-13 05:00:00,0.281058333
2024-10-13 06:00:00,0.280930556
2024-10-13 07:00:00,0.280765278
2024-10-13 08:00:00,0.280561111
2024-10-13 09:00:00,0.280297222
2024-10-13 10:00:00,0.279983333
2024-10-13 11:00:00,0.279622222
2024-10-13 12:00:00,0.279223611
2024-10-13 13:00:00,0.278811111
2024-10-13 14:00:00,0.278409722
2024-10-13 15:00:00,0.278036111
2024-10-13 16:00:00,0.277694444
2024-10-13 17:00:00,0.277409722
2024-10-13 18:00:00,0.277141667
2024-10-13 19:00:00,0.276895833
2024-10-13 20:00:00,0.276698611
2024-10-13 21:00:00,0.276556944
2024-10-13 22:00:00,0.276452778
2024-10-13 23:00:00,0.276390278
2024-10-14 00:00:00,0.276383333
2024-10-14 01:00:00,0.276434722
2024-10-14 02:00:00,0.2765125
2024-10-14 03:00:00,0.276606944
2024-10-14 04:00:00,0.276695833
2024-10-14 05:00:00,0.276751389
2024-10-14 06:00:00,0.276759722
2024-10-14 07:00:00,0.2767
2024-10-14 08:00:00,0.276558333
2024-10-14 09:00:00,0.276343056
2024-10-14 10:00:00,0.276047222
2024-10-14 11:00:00,0.275697222
2024-10-14 12:00:00,0.275295833
2024-10-14 13:00:00,0.274866667
2024-10-14 14:00:00,0.274429167
2024-10-14 15:00:00,0.274004167
2024-10-14 16:00:00,0.273591667
2024-10-14 17:00:00,0.273223611
2024-10-14 18:00:00,0.272897222
2024-10-14 19:00:00,0.272625
2024-10-14 20:00:00,0.272413889
2024-10-14 21:00:00,0.272275
2024-10-14 22:00:00,0.272195833
2024-10-14 23:00:00,0.272175
2024-10-15 00:00:00,0.272230556
2024-10-15 01:00:00,0.272347222
2024-10-15 02:00:00,0.272495833
2024-10-15 03:00:00,0.272665278
2024-10-15 04:00:00,0.272844444
2024-10-15 05:00:00,0.273020833
2024-10-15 06:00:00,0.273152778
2024-10-15 07:00:00,0.273230556
2024-10-15 08:00:00,0.273258333
2024-10-15 09:00:00,0.273211111
2024-10-15 10:00:00,0.273123611
2024-10-15 11:00:00,0.2729875
2024-10-15 12:00:00,0.272815278
2024-10-15 13:00:00,0.272606944
2024-10-15 14:00:00,0.2723875
2024-10-15 15:00:00,0.272172222
2024-10-15 16:00:00,0.271965278
2024-10-15 17:00:00,0.2717875
2024-10-15 18:00:00,0.271656944
2024-10-15 19:00:00,0.271590278
2024-10-15 20:00:00,0.271577778
2024-10-15 21:00:00,0.271626389
2024-10-15 22:00:00,0.271747222
2024-10-15 23:00:00,0.271926389
2024-10-16 00:00:00,0.272152778
2024-10-16 01:00:00,0.272411111
2024-10-16 02:00:00,0.272686111
2024-10-16 03:00:00,0.272963889
2024-10-16 04:00:00,0.273215278
2024-10-16 05:00:00,0.273429167
2024-10-16 06:00:00,0.2736125
2024-10-16 07:00:00,0.273741667
2024-10-16 08:00:00,0.273820833
2024-10-16 09:00:00,0.273861111
2024-10-16 10:00:00,0.273855556
2024-10-16 11:00:00,0.273804167
2024-10-16 12:00:00,0.2737
2024-10-16 13:00:00,0.273561111
2024-10-16 14:00:00,0.273405556
2024-10-16 15:00:00,0.2732375
2024-10-16 16:00:00,0.273066667
2024-10-16 17:00:00,0.272908333
2024-10-16 18:00:00,0.272798611
2024-10-16 19:00:00,0.272733333
2024-10-16 20:00:00,0.272730556
2024-10-16 21:00:00,0.272820833
2024-10-16 22:00:00,0.272959722
2024-10-16 23:00:00,0.273186111
2024-10-17 00:00:00,0.273472222
2024-10-17 01:00:00,0.273795833
2024-10-17 02:00:00,0.274140278
2024-10-17 03:00:00,0.274495833
2024-10-17 04:00:00,0.27485
2024-10-17 05:00:00,0.275183333
2024-10-17 06:00:00,0.275480556
2024-10-17 07:00:00,0.27575
2024-10-17 08:00:00,0.275986111
2024-10-17 09:00:00,0.276188889
2024-10-17 10:00:00,0.276366667
2024-10-17 11:00:00,0.276493056
2024-10-17 12:00:00,0.2765625
2024-10-17 13:00:00,0.2765625
2024-10-17 14:00:00,0.276477778
2024-10-17 15:00:00,0.276326389
2024-10-17 16:00:00,0.276138889
2024-10-17 17:00:00,0.275930556
2024-10-17 18:00:00,0.275709722
2024-10-17 19:00:00,0.275498611
2024-10-17 20:00:00,0.275319444
2024-10-17 21:00:00,0.275186111
2024-10-17 22:00:00,0.275116667
2024-10-17 23:00:00,0.275086111
2024-10-18 00:00:00,0.275113889
2024-10-18 01:00:00,0.275181944
2024-10-18 02:00:00,0.2752875
2024-10-18 03:00:00,0.275420833
2024-10-18 04:00:00,0.275561111
2024-10-18 05:00:00,0.275702778
2024-10-18 06:00:00,0.275836111
2024-10-18 07:00:00,0.275945833
2024-10-18 08:00:00,0.2760125
2024-10-18 09:00:00,0.276052778
2024-10-18 10:00:00,0.276073611
2024-10-18 11:00:00,0.276059722
2024-10-18 12:00:00,0.276013889
2024-10-18 13:00:00,0.275913889
2024-10-18 14:00:00,0.275751389
2024-10-18 15:00:00,0.275509722
2024-10-18 16:00:00,0.275229167
2024-10-18 17:00:00,0.274918056
2024-10-18 18:00:00,0.274584722
2024-10-18 19:00:00,0.2742625
2024-10-18 20:00:00,0.273954167
2024-10-18 21:00:00,0.273698611
2024-10-18 22:00:00,0.273480556
2024-10-18 23:00:00,0.273309722
2024-10-19 00:00:00,0.273219444
2024-10-19 01:00:00,0.273154167
2024-10-19 02:00:00,0.2731375
2024-10-19 03:00:00,0.273177778
2024-10-19 04:00:00,0.273231944
2024-10-19 05:00:00,0.273325
2024-10-19 06:00:00,0.273416667
2024-10-19 07:00:00,0.273493056
2024-10-19 08:00:00,0.273540278
2024-10-19 09:00:00,0.273552778
2024-10-19 10:00:00,0.273556944
2024-10-19 11:00:00,0.273543056
2024-10-19 12:00:00,0.273490278
2024-10-19 13:00:00,0.273398611
2024-10-19 14:00:00,0.273273611
2024-10-19 15:00:00,0.273113889
2024-10-19 16:00:00,0.272898611
2024-10-19 17:00:00,0.272655556
2024-10-19 18:00:00,0.272408333
2024-10-19 19:00:00,0.272170833
2024-10-19 20:00:00,0.271934722
2024-10-19 21:00:00,0.271748611
2024-10-19 22:00:00,0.271608333
2024-10-19 23:00:00,0.271522222
2024-10-20 00:00:00,0.271515278
2024-10-20 01:00:00,0.271556944
2024-10-20 02:00:00,0.271648611
2024-10-20 03:00:00,0.271784722
2024-10-20 04:00:00,0.271973611
2024-10-20 05:00:00,0.272180556
2024-10-20 06:00:00,0.272404167
2024-10-20 07:00:00,0.2726375
2024-10-20 08:00:00,0.272861111
2024-10-20 09:00:00,0.273052778
2024-10-20 10:00:00,0.273241667
2024-10-20 11:00:00,0.273427778
2024-10-20 12:00:00,0.273586111
2024-10-20 13:00:00,0.273713889
2024-10-20 14:00:00,0.273813889
2024-10-20 15:00:00,0.273881944
2024-10-20 16:00:00,0.273888889
2024-10-20 17:00:00,0.273848611
2024-10-20 18:00:00,0.273775
2024-10-20 19:00:00,0.273654167
2024-10-20 20:00:00,0.273504167
2024-10-20 21:00:00,0.273375
2024-10-20 22:00:00,0.273245833
2024-10-20 23:00:00,0.273143056
2024-10-21 00:00:00,0.2730875
2024-10-21 01:00:00,0.273076389
2024-10-21 02:00:00,0.273104167
2024-10-21 03:00:00,0.273176389
2024-10-21 04:00:00,0.273255556
2024-10-21 05:00:00,0.273366667
2024-10-21 06:00:00,0.273518056
2024-10-21 07:00:00,0.273704167
2024-10-21 08:00:00,0.273863889
2024-10-21 09:00:00,0.274031944
2024-10-21 10:00:00,0.274201389
2024-10-21 11:00:00,0.274384722
2024-10-21 12:00:00,0.274543056
2024-10-21 13:00:00,0.274691667
2024-10-21 14:00:00,0.274822222
2024-10-21 15:00:00,0.274943056
2024-10-21 16:00:00,0.275036111
2024-10-21 17:00:00,0.275109722
2024-10-21 18:00:00,0.275133333
2024-10-21 19:00:00,0.275151389
2024-10-21 20:00:00,0.275113889
2024-10-21 21:00:00,0.275068056
2024-10-21 22:00:00,0.275006944
2024-10-21 23:00:00,0.274965278
2024-10-22 00:00:00,0.274927778
2024-10-22 01:00:00,0.2748625
2024-10-22 02:00:00,0.274825
2024-10-22 03:00:00,0.274795833
2024-10-22 04:00:00,0.274780556
2024-10-22 05:00:00,0.274772222
2024-10-22 06:00:00,0.274780556
2024-10-22 07:00:00,0.2748
2024-10-22 08:00:00,0.274823611
2024-10-22 09:00:00,0.274870833
2024-10-22 10:00:00,0.274925
2024-10-22 11:00:00,0.274970833
2024-10-22 12:00:00,0.275001389
2024-10-22 13:00:00,0.275025
2024-10-22 14:00:00,0.275036111
2024-10-22 15:00:00,0.275058333
2024-10-22 16:00:00,0.275047222
2024-10-22 17:00:00,0.275020833
2024-10-22 18:00:00,0.274968056
2024-10-22 19:00:00,0.274875
2024-10-22 20:00:00,0.274770833
2024-10-22 21:00:00,0.274661111
2024-10-22 22:00:00,0.274538889
2024-10-22 23:00:00,0.274394444
2024-10-23 00:00:00,0.274268056
2024-10-23 01:00:00,0.274133333
2024-10-23 02:00:00,0.273990278
2024-10-23 03:00:00,0.273883333
2024-10-23 04:00:00,0.273781944
2024-10-23 05:00:00,0.273677778
2024-10-23 06:00:00,0.273579167
2024-10-23 07:00:00,0.273493056
2024-10-23 08:00:00,0.273398611
2024-10-23 09:00:00,0.27335
2024-10-23 10:00:00,0.273309722
2024-10-23 11:00:00,0.273265278
2024-10-23 12:00:00,0.273225
2024-10-23 13:00:00,0.273181944
2024-10-23 14:00:00,0.273161111
2024-10-23 15:00:00,0.273116667
2024-10-23 16:00:00,0.273054167
2024-10-23 17:00:00,0.272972222
2024-10-23 18:00:00,0.272879167
2024-10-23 19:00:00,0.2727625
2024-10-23 20:00:00,0.272608333
2024-10-23 21:00:00,0.272419444
2024-10-23 22:00:00,0.272206944
2024-10-23 23:00:00,0.271984722
2024-10-24 00:00:00,0.271779167
2024-10-24 01:00:00,0.271561111
2024-10-24 02:00:00,0.271316667
2024-10-24 03:00:00,0.271079167
2024-10-24 04:00:00,0.270854167
2024-10-24 05:00:00,0.2706625
2024-10-24 06:00:00,0.270494444
2024-10-24 07:00:00,0.270344444
2024-10-24 08:00:00,0.270234722
2024-10-24 09:00:00,0.270152778
2024-10-24 10:00:00,0.270101389
2024-10-24 11:00:00,0.270093056
2024-10-24 12:00:00,0.270130556
2024-10-24 13:00:00,0.270184722
2024-10-24 14:00:00,0.270256944
2024-10-24 15:00:00,0.270370833
2024-10-24 16:00:00,0.270515278
2024-10-24 17:00:00,0.270652778
2024-10-24 18:00:00,0.270797222
2024-10-24 19:00:00,0.270955556
2024-10-24 20:00:00,0.271154167
2024-10-24 21:00:00,0.271372222
2024-10-24 22:00:00,0.271581944
2024-10-24 23:00:00,0.271802778
2024-10-25 00:00:00,0.2720375
2024-10-25 01:00:00,0.272277778
2024-10-25 02:00:00,0.272515278
2024-10-25 03:00:00,0.272740278
2024-10-25 04:00:00,0.272933333
2024-10-25 05:00:00,0.273116667
2024-10-25 06:00:00,0.273288889
2024-10-25 07:00:00,0.273455556
2024-10-25 08:00:00,0.273609722
2024-10-25 09:00:00,0.273738889
2024-10-25 10:00:00,0.2738625
2024-10-25 11:00:00,0.273977778
2024-10-25 12:00:00,0.274106944
2024-10-25 13:00:00,0.274268056
2024-10-25 14:00:00,0.274441667
2024-10-25 15:00:00,0.274633333
2024-10-25 16:00:00,0.274848611
2024-10-25 17:00:00,0.2750875
2024-10-25 18:00:00,0.275345833
2024-10-25 19:00:00,0.2756375
2024-10-25 20:00:00,0.275954167
2024-10-25 21:00:00,0.276286111
2024-10-25 22:00:00,0.276633333
2024-10-25 23:00:00,0.277018056
2024-10-26 00:00:00,0.277429167
2024-10-26 01:00:00,0.2778625
2024-10-26 02:00:00,0.278301389
2024-10-26 03:00:00,0.278733333
2024-10-26 04:00:00,0.279156944
2024-10-26 05:00:00,0.279591667
2024-10-26 06:00:00,0.280015278
2024-10-26 07:00:00,0.280444444
2024-10-26 08:00:00,0.280865278
2024-10-26 09:00:00,0.281277778
2024-10-26 10:00:00,0.281690278
2024-10-26 11:00:00,0.282093056
2024-10-26 12:00:00,0.2824875
2024-10-26 13:00:00,0.282901389
2024-10-26 14:00:00,0.283334722
2024-10-26 15:00:00,0.283816667
2024-10-26 16:00:00,0.284298611
2024-10-26 17:00:00,0.2848125
2024-10-26 18:00:00,0.285354167
2024-10-26 19:00:00,0.285905556
2024-10-26 20:00:00,0.2864625
2024-10-26 21:00:00,0.287034722
2024-10-26 22:00:00,0.287605556
2024-10-26 23:00:00,0.288151389
2024-10-27 00:00:00,0.288658333
2024-10-27 01:00:00,0.289144444
2024-10-27 02:00:00,0.2895875
2024-10-27 03:00:00,0.289966667
2024-10-27 04:00:00,0.290330556
2024-10-27 05:00:00,0.290670833
2024-10-27 06:00:00,0.290951389
2024-10-27 07:00:00,0.291179167
2024-10-27 08:00:00,0.291372222
2024-10-27 09:00:00,0.291519444
2024-10-27 10:00:00,0.291640278
2024-10-27 11:00:00,0.291733333
2024-10-27 12:00:00,0.291802778
2024-10-27 13:00:00,0.2918375
2024-10-27 14:00:00,0.291879167
2024-10-27 15:00:00,0.2919625
2024-10-27 16:00:00,0.292076389
2024-10-27 17:00:00,0.292206944
2024-10-27 18:00:00,0.292376389
2024-10-27 19:00:00,0.292597222
2024-10-27 20:00:00,0.292863889
2024-10-27 21:00:00,0.2931875
2024-10-27 22:00:00,0.293541667
2024-10-27 23:00:00,0.293936111
2024-10-28 00:00:00,0.294381944
2024-10-28 01:00:00,0.294819444
2024-10-28 02:00:00,0.29525
2024-10-28 03:00:00,0.295677778
2024-10-28 04:00:00,0.296076389
2024-10-28 05:00:00,0.296413889
2024-10-28 06:00:00,0.296672222
2024-10-28 07:00:00,0.296847222
2024-10-28 08:00:00,0.296943056
2024-10-28 09:00:00,0.296948611
2024-10-28 10:00:00,0.296890278
2024-10-28 11:00:00,0.296773611
2024-10-28 12:00:00,0.296625
2024-10-28 13:00:00,0.296468056
2024-10-28 14:00:00,0.296316667
2024-10-28 15:00:00,0.296205556
2024-10-28 16:00:00,0.296138889
2024-10-28 17:00:00,0.296141667
2024-10-28 18:00:00,0.296168056
2024-10-28 19:00:00,0.296243056
2024-10-28 20:00:00,0.296383333
2024-10-28 21:00:00,0.296579167
2024-10-28 22:00:00,0.296819444
2024-10-28 23:00:00,0.297106944
2024-10-29 00:00:00,0.297426389
2024-10-29 01:00:00,0.297747222
2024-10-29 02:00:00,0.298054167
2024-10-29 03:00:00,0.298325
2024-10-29 04:00:00,0.298568056
2024-10-29 05:00:00,0.298754167
2024-10-29 06:00:00,0.298856944
2024-10-29 07:00:00,0.298897222
2024-10-29 08:00:00,0.298861111
2024-10-29 09:00:00,0.298752778
2024-10-29 10:00:00,0.298572222
2024-10-29 11:00:00,0.298343056
2024-10-29 12:00:00,0.298080556
2024-10-29 13:00:00,0.297794444
2024-10-29 14:00:00,0.297548611
2024-10-29 15:00:00,0.297348611
2024-10-29 16:00:00,0.297206944
2024-10-29 17:00:00,0.297127778
2024-10-29 18:00:00,0.297131944
2024-10-29 19:00:00,0.297220833
2024-10-29 20:00:00,0.297384722
2024-10-29 21:00:00,0.297675
2024-10-29 22:00:00,0.298075
2024-10-29 23:00:00,0.298570833
2024-10-30 00:00:00,0.299116667
2024-10-30 01:00:00,0.2997125
2024-10-30 02:00:00,0.300306944
2024-10-30 03:00:00,0.300918056
2024-10-30 04:00:00,0.301527778
2024-10-30 05:00:00,0.302116667
2024-10-30 06:00:00,0.302648611
2024-10-30 07:00:00,0.303073611
2024-10-30 08:00:00,0.303461111
2024-10-30 09:00:00,0.303772222
2024-10-30 10:00:00,0.304036111
2024-10-30 11:00:00,0.304176389
2024-10-30 12:00:00,0.304254167
2024-10-30 13:00:00,0.304240278
2024-10-30 14:00:00,0.304133333
2024-10-30 15:00:00,0.303965278
2024-10-30 16:00:00,0.303754167
2024-10-30 17:00:00,0.303545833
2024-10-30 18:00:00,0.303358333
2024-10-30 19:00:00,0.303226389
2024-10-30 20:00:00,0.303184722
2024-10-30 21:00:00,0.303251389
2024-10-30 22:00:00,0.303436111
2024-10-30 23:00:00,0.303701389
2024-10-31 00:00:00,0.304045833
2024-10-31 01:00:00,0.304416667
2024-10-31 02:00:00,0.304831944
2024-10-31 03:00:00,0.305240278
2024-10-31 04:00:00,0.305627778
2024-10-31 05:00:00,0.305997222
2024-10-31 06:00:00,0.306322222
2024-10-31 07:00:00,0.306604167
2024-10-31 08:00:00,0.3068375
2024-10-31 09:00:00,0.307054167
2024-10-31 10:00:00,0.307230556
2024-10-31 11:00:00,0.307351389
2024-10-31 12:00:00,0.307436111
2024-10-31 13:00:00,0.307426389
2024-10-31 14:00:00,0.307326389
2024-10-31 15:00:00,0.307134722
2024-10-31 16:00:00,0.306868056
2024-10-31 17:00:00,0.306586111
2024-10-31 18:00:00,0.306347222
2024-10-31 19:00:00,0.306130556
2024-10-31 20:00:00,0.305965278
2024-10-31 21:00:00,0.305890278
2024-10-31 22:00:00,0.305920833
2024-10-31 23:00:00,0.306059722
